step,wall_clock_s,mean_flow_time,makespan,n_completed,n_orders,n_decisions,decision_time_ms,sim_time_per_decision,solve_wall_clock_s,reward_sum,policy_loss,value_loss,entropy,approx_kl,clip_fraction,episode,sps,gpu_mem_gb
1,6.158,2829.353333333333,9228.999999999998,100,100,1088,4.783186581121032,8.48253676470588,5.505350828170776,-2829.353333333333,-0.03259069269851727,2282.2643037683824,1.0724391323678635,0.010200157925924835,0.12683823529411764,1,176.68839560149385,0.3025321960449219
2,11.507,2899.6566666666668,9480.66666666667,100,100,1090,4.11123779608757,8.697859327217127,4.788527727127075,-2899.6566666666668,-0.011492911260575056,2446.865437825521,1.053927527533637,0.022771426127292216,0.24131944444444445,2,189.28401546928302,0.3025321960449219
3,17.254,2835.4066666666668,9210.000000000002,100,100,1084,4.501584132792209,8.496309963099632,5.187053442001343,-2835.4066666666668,-0.03777467793620685,2331.3225277171414,1.0149942916982315,0.020129239282515997,0.1846200988134917,3,189.05619185568023,0.3025321960449219
4,23.302,2877.8300000000013,9252.666666666672,100,100,1085,4.778296681773346,8.527803379416287,5.4892072677612305,-2877.8300000000013,-0.03064950615825022,2363.829507266774,0.9934795954648186,0.015246145502554582,0.2007669350680183,4,186.55282181379195,0.3025932312011719
5,29.343,2810.383333333334,9205.666666666664,100,100,1083,4.790361403098067,8.500153893505692,5.495267391204834,-2810.383333333334,-0.03690475587020902,2244.0070908490347,0.9685703393291024,0.011038194033865105,0.19226694874027195,5,185.05265351193256,0.3025932312011719
6,35.364,2817.546666666667,9155.333333333338,100,100,1086,4.770737383527506,8.43032535297729,5.484154462814331,-2817.546666666667,-0.031018654432366875,2281.6486960018383,0.9400756306508008,0.01266571436323883,0.19261444447671666,6,184.25667369801795,0.3025932312011719
7,41.473,2801.7633333333333,9194.333333333332,100,100,1089,4.794679524606185,8.442913988368533,5.533609867095947,-2801.7633333333333,0.026644106411064666,2279.0552775065103,0.9301103618409898,0.004983129820579456,0.19618055555555555,7,183.37140245080755,0.3025932312011719
8,47.515,2759.1933333333336,9153.0,100,100,1084,4.784987361137704,8.443726937269373,5.489219427108765,-2759.1933333333336,-0.030089483596384525,2149.7623865464157,0.8331339569652781,0.005422724369803772,0.2401960798922707,8,182.86909686760885,0.3025932312011719
9,53.601,2853.370000000001,9250.0,100,100,1088,4.811719300050754,8.501838235294118,5.539896488189697,-2853.370000000001,-0.036178372142946016,2279.014590992647,0.7906388517688302,0.005707179504337118,0.24126838235294118,9,182.40305837219785,0.3025932312011719
10,67.595,2832.283333333334,9323.000000000002,100,100,1092,4.774400274735797,8.53754578754579,5.517268657684326,-2832.283333333334,0.012730756852154931,2291.7070041232637,0.7155396110481687,0.0411223982163291,0.2326388888888889,10,182.09406440103552,0.3025932312011719
11,73.714,2866.1599999999994,9175.666666666666,100,100,1086,4.8234897799031815,8.449048496009821,5.556527376174927,-2866.1599999999994,-0.02186423781163552,2259.100237678079,0.6524338222601834,0.017919721068156994,0.17945030682227192,11,162.18319601636972,0.3025932312011719
12,79.132,2816.8533333333344,9064.666666666673,100,100,1086,4.1906413444040025,8.346838551258447,4.866048574447632,-2816.8533333333344,-0.014757826321703546,2218.0629990521597,0.530794628402766,0.05286233414046686,0.20130158873165355,12,164.8003744069548,0.3025932312011719
13,84.918,2783.313333333332,9091.999999999998,100,100,1087,4.518756943668317,8.364305427782886,5.2190046310424805,-2783.313333333332,-0.016481552492169774,2144.0567591050094,0.5195606990772135,0.09197058810797684,0.17115283669794307,13,166.37485708855186,0.3025932312011719
14,90.953,2812.596666666666,9140.666666666666,100,100,1085,4.783563779598351,8.424577572964669,5.492939710617065,-2812.596666666666,-0.01872052131768535,2214.5330774643844,0.4761950531426598,0.06653557416489896,0.1646727327914799,14,167.2615567437284,0.3025932312011719
15,97.026,2865.2766666666666,9144.0,100,100,1087,4.794301932314351,8.41214351425943,5.521923780441284,-2865.2766666666666,-0.015964902334791774,2245.2750136431528,0.49168624422129464,0.0720834626151961,0.12609418832203922,15,167.99589507789534,0.3025932312011719
16,103.155,2737.796666666666,9090.999999999998,100,100,1089,4.813881176399859,8.348025711662073,5.552127361297607,-2737.796666666666,-0.025832884427573945,1988.2290818956162,0.4461039478580157,0.04761956964567718,0.11588541666666667,16,168.57128307817908,0.3025932312011719
17,109.261,2850.606666666667,9221.666666666666,100,100,1088,4.809478583624963,8.47579656862745,5.545580148696899,-2850.606666666667,-0.010368560824324103,2182.8409675149355,0.48846499446560354,0.08348577123080544,0.13970588235294118,17,169.1085323746867,0.3025932312011719
18,115.305,2808.6766666666663,9187.666666666668,100,100,1088,4.777273161487435,8.444546568627452,5.49942946434021,-2808.6766666666663,-0.009467492701814455,2113.8041202320774,0.470413261476685,0.08287684820756755,0.1332720588235294,18,169.68018712255378,0.3025932312011719
19,121.429,2784.816666666667,9125.000000000004,100,100,1088,4.828875644307118,8.386948529411768,5.576836347579956,-2784.816666666667,-0.01810802220750381,2083.9788818359375,0.45068375678623424,0.07111438318593975,0.1213235294117647,19,170.08223798915012,0.3025932312011719
20,135.514,2827.126666666668,9208.000000000002,100,100,1089,4.810111203249732,8.455463728191003,5.550668001174927,-2827.126666666668,0.024761752639379766,2187.781537373861,0.4741268555323283,0.05827190670728063,0.11414930555555555,20,170.42554893601553,0.3025932312011719
21,141.549,2808.3966666666674,9266.666666666668,100,100,1086,4.752004972867441,8.532842234499695,5.463043212890625,-2808.3966666666674,-0.004761134931708083,2053.8945204790903,0.48113226715256185,0.09000453589867581,0.09217860505861394,21,161.27245396391788,0.3025932312011719
22,146.881,2848.366666666667,9302.999999999998,100,100,1084,4.129809041647584,8.582103321033209,4.776667356491089,-2848.366666666667,-0.00782728847116232,2114.9533978630516,0.4706428173710318,0.30185944756821675,0.14822303985848145,22,162.79825739038867,0.3025932312011719
23,152.643,2827.976666666665,9307.333333333332,100,100,1086,4.521825140072839,8.570288520564763,5.216221570968628,-2827.976666666665,-0.008580346208284883,2068.890416762408,0.4726543584290673,0.09537810461102601,0.12218334920266095,23,163.76817320972012,0.3025932312011719
24,158.75,2855.4933333333333,9405.999999999995,100,100,1087,4.817860071948304,8.653173873045073,5.543548345565796,-2855.4933333333333,-0.007903738166479504,2090.9209092084097,0.4137701045940904,0.0835724820054191,0.09017565386260257,24,164.31582780645613,0.3025932312011719
25,164.823,2747.9566666666656,9090.666666666664,100,100,1087,4.806915550212536,8.363078810180923,5.532184600830078,-2747.9566666666656,-0.012865822871818262,1882.8122522690717,0.44224220777259154,0.09467900036628742,0.09800274297595024,25,164.85639233671947,0.3025932312011719
26,170.895,2735.0533333333333,9039.999999999996,100,100,1085,4.8151894000440425,8.331797235023037,5.524027109146118,-2735.0533333333333,-0.008599878781858613,1900.965971105239,0.4394526315086028,0.10490802600842845,0.06537035896497614,26,165.3472011320321,0.3025932312011719
27,177.004,2798.156666666666,9065.666666666662,100,100,1088,4.830081985132625,8.33241421568627,5.568082809448242,-2798.156666666666,-0.0038276807240703527,1920.8327672621783,0.5196944817024118,0.10581161368035656,0.1130514705882353,27,165.78740616658777,0.3025932312011719
28,183.074,2795.1700000000005,9186.666666666666,100,100,1086,4.802609206083819,8.459177409453652,5.520924091339111,-2795.1700000000005,-0.0015562978737494525,1849.021692612592,0.4437543188824373,0.1978615937234067,0.12720884689513376,28,166.2225370566787,0.3025932312011719
29,189.142,2808.780000000001,9112.333333333334,100,100,1087,4.791030360826162,8.383011346212818,5.515282869338989,-2808.780000000001,0.00033350250519373836,1885.0676090016084,0.4823053575613919,0.6025802838780424,0.19327731211395824,29,166.63655225146454,0.3025932312011719
30,203.211,2930.87,9474.66666666667,100,100,1088,4.809497424289208,8.708333333333336,5.541475296020508,-2930.87,-0.008851517895784448,2061.5404950310203,0.4271296692245147,0.1004572347874808,0.12591911764705882,30,167.00472029854765,0.3025932312011719
31,209.274,2784.876666666666,9158.666666666668,100,100,1088,4.7840293190186935,8.417892156862747,5.515618801116943,-2784.876666666666,-0.012526302981902571,1779.8264483283547,0.4392344741260304,0.0896598277887439,0.09237132352941177,31,161.00391494371084,0.3025932312011719
32,214.655,2845.2866666666673,9272.333333333338,100,100,1088,4.157420310280834,8.522365196078436,4.831115961074829,-2845.2866666666673,-0.013008293093127362,1832.010835535386,0.4144126843003666,0.0910745989120401,0.11994485294117647,32,162.0369407924497,0.3025932312011719
33,220.456,2825.133333333333,9094.666666666666,100,100,1089,4.512547566859039,8.351392715029078,5.218336582183838,-2825.133333333333,0.00612838716349668,1796.6194797092014,0.5336307664401829,0.09444267088029948,0.11458333333333333,33,162.71284356503014,0.3025932312011719
34,226.542,2810.913333333333,9196.66666666666,100,100,1086,4.814465099501442,8.468385512584401,5.532422304153442,-2810.913333333333,-0.005722389392116491,1727.279120950138,0.4383255611447727,0.08514164262177314,0.07978534128736048,34,163.13544086828455,0.3025932312011719
35,232.663,2808.219999999999,9201.999999999996,100,100,1087,4.817728701380887,8.465501379944799,5.556707859039307,-2808.219999999999,-0.0046331359840491235,1688.3114624023438,0.4259699136018753,0.16752781312885312,0.09339986018398229,35,163.51587713431275,0.3025932312011719
36,238.783,2889.5033333333326,9372.333333333334,100,100,1089,4.796264279647444,8.606366697275789,5.529306888580322,-2889.5033333333326,0.021221019482860964,1827.3068271213108,0.4024720177365961,0.09858452117380996,0.0703125,36,163.8853079031732,0.3025932312011719
37,244.868,2730.1600000000008,9107.0,100,100,1088,4.809836947649327,8.370404411764707,5.537063837051392,-2730.1600000000008,-0.01350618088070084,1602.0304996266084,0.43476489887518044,0.06891862453588093,0.0859375,37,164.25665031351718,0.3025932312011719
38,250.888,2837.4933333333333,9308.999999999996,100,100,1088,4.757316268403563,8.556066176470585,5.480456590652466,-2837.4933333333333,-0.011016331174794365,1657.7362168255975,0.4308445295866798,0.09026122725952197,0.08915441176470588,38,164.6510215403387,0.3025932312011719
39,256.959,2804.7733333333335,9211.333333333334,100,100,1086,4.7860296525002815,8.481890730509516,5.519303560256958,-2804.7733333333335,-0.01776768590378411,1607.1197904698988,0.5200426175313837,0.08207391913268058,0.11386681654874016,39,164.98745400055748,0.3025932312011719
40,270.96,2823.353333333334,9277.000000000004,100,100,1085,4.753509123942682,8.550230414746547,5.462877511978149,-2823.353333333334,-0.007647848167621037,1592.9350155101104,0.5204354761277928,0.11047846093253397,0.10920925701365751,40,165.33620885511743,0.3025932312011719
41,276.999,2916.686666666667,9255.666666666666,100,100,1088,4.7575396149434654,8.50704656862745,5.4883317947387695,-2916.686666666667,-0.01007164888741339,1650.419501809513,0.5486209559089997,0.274552870205405,0.13051470588235295,41,160.89599001013306,0.3025932312011719
42,282.339,2859.2500000000014,9206.666666666672,100,100,1087,4.133519962885809,8.469794541551675,4.80030369758606,-2859.2500000000014,-0.013342358938911381,1537.7295065487133,0.53740113623002,0.09687837092753719,0.10266398265957832,42,161.7025048372424,0.3025932312011719
43,288.08,2773.626666666667,9166.33333333333,100,100,1089,4.470066848267434,8.417202326293232,5.170678377151489,-2773.626666666667,-0.09421626690568195,1309.5261802838909,0.4819062467838901,0.09248018647647566,0.0915798611111111,43,162.26069112139297,0.3025932312011719
44,294.191,2893.15,9306.333333333334,100,100,1089,4.774841599793262,8.545760636669728,5.51721978187561,-2893.15,0.04883721884753969,1617.9912482367622,0.5888589256339603,0.09180090284401861,0.15755208333333334,44,162.59190791610555,0.3028988838195801
45,300.226,2812.120000000001,9159.666666666668,100,100,1087,4.749976172756229,8.426556271082491,5.473392009735107,-2812.120000000001,-0.008062482592375839,1389.288039263557,0.5474750005147037,0.1396468897240565,0.11459792317713008,45,162.94405451962368,0.3028988838195801
46,306.313,2814.2766666666666,9178.000000000002,100,100,1088,4.7899578111194865,8.435661764705884,5.522472858428955,-2814.2766666666666,-0.01627367307596347,1373.873395134421,0.5121329821207944,0.08166388833128355,0.10340073529411764,46,163.2579724624406,0.3028988838195801
47,312.376,2814.933333333334,9067.333333333332,100,100,1085,4.786943778833417,8.356989247311827,5.5139031410217285,-2814.933333333334,-0.008552156553110656,1362.9930976418889,0.5358744500314488,0.1348359318011824,0.09560330255943186,47,163.56271461218617,0.3028988838195801
48,318.395,2761.363333333334,9148.0,100,100,1082,4.779963585627291,8.4547134935305,5.476861000061035,-2761.363333333334,-0.01295126021346625,1323.7792466107537,0.5166687641073676,0.12772221323650548,0.10824987292289734,48,163.86856474159995,0.3028988838195801
49,324.455,2794.5100000000007,9180.333333333336,100,100,1088,4.784582995211274,8.437806372549021,5.514407634735107,-2794.5100000000007,-0.0034198940676801346,1274.9553815056297,0.5133240766385022,0.11018544872400954,0.09512867647058823,49,164.1612777440228,0.3028988838195801
50,338.417,2906.7833333333333,9353.999999999996,100,100,1086,4.776072835259853,8.613259668508285,5.494839906692505,-2906.7833333333333,-0.010463035199791193,1388.6028334673713,0.5413231157204684,0.1460577148519566,0.1054761620128856,50,164.4403635064156,0.3028988838195801
51,344.439,2858.6666666666674,9294.0,100,100,1085,4.75407824636982,8.56589861751152,5.463510990142822,-2858.6666666666674,-0.00996097078656449,1307.2289805692785,0.5238956204232048,0.2750458617913811,0.09426982832305572,51,160.94007592253953,0.3028988838195801
52,349.755,2840.62,9295.33333333333,100,100,1085,4.122381381613249,8.56712749615975,4.763549327850342,-2840.62,-0.00968938835841768,1235.4177964154412,0.5435813051812789,0.07449375712723635,0.1180086782311692,52,161.595906636481,0.3028988838195801
53,355.564,2823.653333333333,9255.999999999998,100,100,1088,4.538334469329771,8.50735294117647,5.251813888549805,-2823.653333333333,-0.010392436702900073,1183.3412457634422,0.5132858271107954,0.07414862060207217,0.11167279411764706,53,162.0156824750285,0.3028988838195801
54,361.658,2787.1800000000007,9224.666666666668,100,100,1090,4.780930551324348,8.462996941896025,5.515142440795898,-2787.1800000000007,-0.0219651460647583,1073.7799296908909,0.5122936525278621,0.17674692771914932,0.09635416666666667,54,162.29963432637754,0.3028988838195801
55,367.76,2792.8,9060.000000000002,100,100,1086,4.7991443853130695,8.34254143646409,5.532323837280273,-2792.8,-0.016494272057624423,1118.4232680376838,0.4974166023380616,0.08466709362726439,0.08113436882986742,55,162.55966986925375,0.3028988838195801
56,373.832,2836.313333333333,9335.666666666666,100,100,1087,4.783802761515498,8.58846979454155,5.514300584793091,-2836.313333333333,-0.0144741835863576,1072.0490525189568,0.48873423215220957,0.12637915027067614,0.08467553731273203,56,162.82702799247113,0.3028988838195801
57,379.963,2962.9799999999996,9495.999999999995,100,100,1089,4.804300364531077,8.719926538108352,5.545952320098877,-2962.9799999999996,-0.0107165588479903,1162.619690100352,0.5462520593492728,0.3800947071091893,0.13932291666666666,57,163.06595346567244,0.3028988838195801
58,386.018,2778.563333333333,9151.000000000002,100,100,1088,4.782516448946861,8.410845588235295,5.503054141998291,-2778.563333333333,-0.004718991434749435,934.223586138557,0.4832072740091997,0.1766783954055213,0.07306985294117647,58,163.32667963315814,0.3028988838195801
59,392.113,2734.9000000000005,8983.666666666662,100,100,1085,4.816784883724861,8.279877112135173,5.540618419647217,-2734.9000000000005,-0.0014375612304052886,898.060448141659,0.533415229881511,0.20568155186415157,0.06325337466071634,59,163.55555845684196,0.3028988838195801
60,406.129,2862.796666666667,9348.000000000002,100,100,1089,4.797477776178692,8.584022038567495,5.526576280593872,-2862.796666666667,0.011922426470037963,1024.2412863837349,0.5719910206066238,0.10425797739945766,0.09114583333333333,60,163.78399469241972,0.3028988838195801
61,412.166,2910.2833333333338,9396.666666666662,100,100,1087,4.758326678169273,8.644587549831336,5.469629526138306,-2910.2833333333338,-0.011608103262808393,1036.5976742015166,0.5500065053210539,0.11158815059153472,0.07407650592572548,61,160.8767731407388,0.3028988838195801
62,417.59,2788.1366666666668,9109.0,100,100,1088,4.181780603389865,8.372242647058824,4.845821857452393,-2788.1366666666668,-0.008689458016306162,897.5201056985294,0.5494096664821401,0.200906437520376,0.06939338235294118,62,161.3926546347362,0.3028988838195801
63,423.374,2759.43,9240.66666666667,100,100,1087,4.5239758042048015,8.50107329040172,5.222818613052368,-2759.43,-0.00922701250323478,797.3660080853631,0.498785566757707,0.11637454553890754,0.07362424165886991,63,161.7558764193945,0.3028988838195801
64,429.448,2933.316666666668,9386.333333333341,100,100,1087,4.8111721227697775,8.635081263416136,5.527720212936401,-2933.316666666668,-0.01428973622729673,972.355317957261,0.5312130293425392,0.13822788149392343,0.06900676975355428,64,161.9984865304086,0.3028988838195801
65,435.566,2869.8133333333335,9267.333333333338,100,100,1090,4.797243485825324,8.502140672782879,5.540120840072632,-2869.8133333333335,-0.011266312251488367,871.6574762132433,0.5514691033801477,0.4414019118153697,0.078125,65,162.2256668384894,0.3028988838195801
66,441.629,2832.936666666667,9252.333333333336,100,100,1087,4.7926639390701515,8.511806194418892,5.506509780883789,-2832.936666666667,-0.011261983007630882,837.9906005859375,0.5117110837908352,0.19858070562922342,0.08426704060505419,66,162.4597497767447,0.3028988838195801
67,447.723,2780.146666666666,9224.66666666667,100,100,1088,4.817743016139823,8.478553921568631,5.548803091049194,-2780.146666666666,-0.006102035753428936,775.5938657872817,0.5609676671378753,0.16689987843582296,0.08639705882352941,67,162.67884070521706,0.3028988838195801
68,453.781,2790.58,9121.666666666662,100,100,1086,4.7899022079664615,8.39932473910374,5.504217863082886,-2790.58,-0.013325738008407986,706.262383853688,0.5613681349684211,0.11661375741309979,0.06321157471222036,68,162.9003109495818,0.3028988838195801
69,459.915,2834.5633333333335,9331.0,100,100,1089,4.815986040356177,8.568411386593205,5.5658392906188965,-2834.5633333333335,-0.04921497699494163,677.2738320297665,0.5234031014373434,0.12157865368580031,0.05381944444444445,69,163.09523681442803,0.3028988838195801
70,473.894,2877.2000000000007,9296.333333333332,100,100,1087,4.794344801854997,8.552284575283654,5.520713806152344,-2877.2000000000007,-0.01349820292500012,741.9282621495864,0.5407959652297637,0.06779383436557562,0.06029703577651697,70,163.3020693249311,0.3028988838195801
71,479.89,2864.0933333333337,9268.666666666664,100,100,1079,4.75435263891139,8.59005251776336,5.430646181106567,-2864.0933333333337,-0.009856413611594369,741.6113990334903,0.5316954579423455,0.34678022812723236,0.07696356942110202,71,160.82031831914352,0.3028988838195801
72,485.263,2815.0266666666676,9271.666666666664,100,100,1086,4.163299171913511,8.537446286065068,4.81951117515564,-2815.0266666666676,-0.013819296296466799,646.3084250057445,0.49229352965074424,0.0816778729614966,0.06853356256204493,72,161.27746968201396,0.3028988838195801
73,490.999,2853.5566666666655,9348.333333333332,100,100,1087,4.501761638121585,8.600122661760196,5.193398952484131,-2853.5566666666655,-0.015904329333673504,664.1006505629596,0.5311907214276931,0.07057218204307206,0.0685617998790215,73,161.60745519921863,0.3028988838195801
74,497.042,2837.376666666667,9247.666666666664,100,100,1087,4.783660537120308,8.50751303281202,5.5023415088653564,-2837.376666666667,-0.01409706161083544,634.4683712230009,0.538947813651141,0.10150300268330337,0.05610264952787582,74,161.82942724428804,0.3028988838195801
75,503.117,2868.9033333333336,9222.33333333334,100,100,1088,4.7905049603500895,8.476409313725496,5.527031421661377,-2868.9033333333336,-0.01108129700536237,646.0568766874426,0.5449557856601828,0.07800955339060987,0.05514705882352941,75,162.03800179109632,0.3028988838195801
76,509.195,2843.286666666667,9200.666666666668,100,100,1089,4.781743342012399,8.448729721456996,5.511941432952881,-2843.286666666667,-0.06481827133231693,549.9010337723626,0.5344864328702291,0.17146394022792164,0.04513888888888889,76,162.2423331120049,0.3028988838195801
77,515.266,2894.5200000000013,9309.666666666672,100,100,1088,4.7808936569173754,8.556678921568633,5.516516208648682,-2894.5200000000013,-0.01331619348596124,597.536049337948,0.5723051016821581,0.1545013143297504,0.07766544117647059,77,162.44223422179172,0.3028988838195801
78,521.326,2815.490000000001,9287.333333333336,100,100,1087,4.795987858362461,8.54400490647041,5.516082286834717,-2815.490000000001,-0.016147820005083784,489.05704363654644,0.5384361770223168,0.04682397195274996,0.04516077310066013,78,162.63901310109821,0.3028988838195801
79,527.43,2767.5333333333333,9088.999999999998,100,100,1090,4.786370090345655,8.338532110091741,5.5309739112854,-2767.5333333333333,-0.018093385578443606,438.3368509080675,0.5105131475461854,0.17064032808411866,0.06944444444444445,79,162.82345338425785,0.3028988838195801
80,541.341,2765.836666666666,9123.666666666664,100,100,1084,4.783343083961485,8.416666666666664,5.487471342086792,-2765.836666666666,-0.013684575788348037,410.5011147891774,0.545959902160308,0.5044596288216245,0.07432598072816343,80,163.01312671322802,0.3028988838195801
81,547.397,2674.9699999999993,8897.666666666664,100,100,1085,4.789414470006759,8.200614439324115,5.500162601470947,-2674.9699999999993,-0.0169056510717115,382.7777135512408,0.5302680064650143,0.11538487605010982,0.05491351215716671,81,160.84676995665635,0.3028988838195801
82,552.843,2884.6766666666663,9345.000000000002,100,100,1091,4.184098718248267,8.565536205316226,4.8663201332092285,-2884.6766666666663,-0.005107906647026539,496.852776421441,0.5649745340148608,0.2583409471877126,0.0724826388888889,82,161.23557493695964,0.3028988838195801
83,558.64,2792.7500000000014,9235.666666666666,100,100,1088,4.518278492683106,8.488664215686274,5.224783420562744,-2792.7500000000014,-0.017762282918042997,387.8194975011489,0.5344401440199684,0.12759839403716958,0.06801470588235294,83,161.51002360952324,0.3028988838195801
84,564.737,2869.2433333333324,9255.666666666662,100,100,1082,4.80576506738384,8.554220579174364,5.51424241065979,-2869.2433333333324,-0.01359748889637344,434.65960693359375,0.5329270248903948,0.16948087940759518,0.06891797658275156,84,161.68240281610582,0.3028988838195801
85,570.821,2754.509999999999,9138.999999999989,100,100,1084,4.8162242627704375,8.43081180811807,5.528960943222046,-2754.509999999999,-0.006190570290474331,374.82244334501377,0.504077722044552,0.7813963313408963,0.0977634805638124,85,161.85823316699427,0.3028988838195801
86,576.866,2842.8233333333333,9177.666666666666,100,100,1085,4.775825068075639,8.458678955453149,5.483161211013794,-2842.8233333333333,-0.008266884669223252,409.93897202435664,0.5270948374972624,0.3005629986086312,0.08395612316534799,86,162.0429562915325,0.3028988838195801
87,582.984,2832.319999999999,9261.33333333333,100,100,1086,4.827384808350313,8.527931246163288,5.562121391296387,-2832.319999999999,-0.004194153527564862,377.662634008071,0.5371430560069925,0.16899590242161033,0.07643500934628879,87,162.2051405667847,0.3028988838195801
88,589.021,2734.7933333333335,9093.0,100,100,1085,4.782078893262945,8.380645161290323,5.484531402587891,-2734.7933333333335,-0.005456144041518736,342.7014294792624,0.4840645071338205,0.4066802635651958,0.06091037808972247,88,162.38479795285264,0.3028988838195801
89,595.105,2832.059999999999,9376.333333333327,100,100,1086,4.813240239551912,8.633824432166968,5.5365684032440186,-2832.059999999999,0.014831591068821795,378.36876992618335,0.4766414814135608,0.7906201894614188,0.07551589169922997,89,162.5495000494301,0.3028988838195801
90,609.24,2789.2733333333335,9251.333333333336,100,100,1090,4.810262295212426,8.487461773700309,5.546446084976196,-2789.2733333333335,-0.012845676909718249,289.75494872199164,0.49361077861653435,0.39645763700051856,0.0720486111111111,90,162.70867236978395,0.3028988838195801
91,615.3,2770.7666666666664,9253.666666666672,100,100,1088,4.757708730775287,8.505208333333337,5.4881486892700195,-2770.7666666666664,-0.007208824924686376,290.08061397776885,0.47271385087686424,0.15560272515422718,0.07582720588235294,91,160.75412718488195,0.3028988838195801
92,620.731,2882.16,9381.666666666668,100,100,1089,4.16465518733998,8.614937251300889,4.851194858551025,-2882.16,0.06967190916960438,357.60602527194555,0.5588312091098891,0.2298369071019503,0.04861111111111111,92,161.10211604748872,0.3028988838195801
93,626.51,2836.976666666667,9336.000000000004,100,100,1087,4.5239349549572845,8.588776448942046,5.228653430938721,-2836.976666666667,-0.008688361767460318,314.29010054644414,0.4661671484217924,0.24388417322188616,0.0639735062551849,93,161.35100803487325,0.3028988838195801
94,632.684,2849.836666666666,9312.333333333325,100,100,1088,4.855953399622676,8.559129901960777,5.60878586769104,-2849.836666666666,-0.017588116392931518,316.79505157470703,0.46051712597117705,0.055123519590672326,0.06801470588235294,94,161.4963128835437,0.3028988838195801
95,638.795,2860.370000000001,9379.000000000004,100,100,1088,4.813881895161638,8.62040441176471,5.550944089889526,-2860.370000000001,-0.014563872396726818,318.4948851641487,0.45012495009338155,0.10715867459828801,0.057904411764705885,95,161.65452997533976,0.3028988838195801
96,644.941,2865.606666666666,9314.66666666667,100,100,1090,4.799724586837746,8.545565749235477,5.544038772583008,-2865.606666666666,-0.0022769225761294365,294.07777404785156,0.46098262899494447,1.7918480188042547,0.13020833333333334,96,161.80394341592782,0.3028988838195801
97,651.023,2911.8400000000006,9410.333333333336,100,100,1084,4.798817804222411,8.681119311193115,5.512021780014038,-2911.8400000000006,-0.006860260249060743,326.6746224796071,0.46158213825786815,0.17770427895490737,0.0863051472012611,97,161.95762694628078,0.3028988838195801
98,657.141,2827.42,9362.33333333333,100,100,1088,4.814482445855153,8.605085784313722,5.556129693984985,-2827.42,-0.017545254024512628,278.71415934843174,0.4718327382031609,0.10539980666876278,0.07720588235294118,98,162.1052406653897,0.3029594421386719
99,663.213,2782.49,9108.000000000004,100,100,1088,4.787085111114292,8.371323529411768,5.5172178745269775,-2782.49,-0.011983034694019486,271.9390142104205,0.45309242080239687,0.2032645143883522,0.078125,99,162.26156993549282,0.3029594421386719
100,677.516,2793.4399999999996,9277.999999999998,100,100,1090,4.8017710089521195,8.511926605504586,5.5410473346710205,-2793.4399999999996,-0.0352141339228385,247.2176732752058,0.4843108803033829,0.09334594055932637,0.0837673611111111,100,162.40862548223782,0.3029594421386719
101,683.311,2838.616666666667,9307.666666666666,100,100,1090,4.493012567747111,8.539143730886849,5.197834491729736,-2838.616666666667,-0.04133908010812269,231.1616367896398,0.42774587372938794,0.2917355612799939,0.06901041666666667,101,160.6794150565264,0.3029594421386719
102,688.802,2745.89,9236.33333333333,100,100,1086,4.2495425412359324,8.5049109883364,4.92862606048584,-2745.89,-0.0014913412468398318,185.47589201085708,0.4147983026855132,0.39974993975449574,0.0664136620128856,102,160.97528141302988,0.3029594421386719
103,694.601,2851.9466666666667,9318.33333333333,100,100,1089,4.504792106400275,8.55677992041628,5.211623191833496,-2851.9466666666667,0.12142025255080727,361.9708701239692,0.456113720105754,0.1298008707429593,0.09027777777777778,103,161.19893711049062,0.3029594421386719
104,700.749,2817.0266666666676,9196.0,100,100,1089,4.834191459107073,8.444444444444445,5.56926417350769,-2817.0266666666676,-0.024243256646311946,217.50916327370538,0.4319493803713057,0.20757641231628238,0.0802951388888889,104,161.33884226281845,0.3029594421386719
105,706.848,2875.37,9317.333333333332,100,100,1086,4.814667588195885,8.579496623695517,5.537898302078247,-2875.37,-0.014665633604368743,227.78009796142578,0.4485696790849461,0.14933605074389456,0.07867350560777328,105,161.48313278800373,0.3029594421386719
106,712.993,2784.856666666666,9215.333333333334,100,100,1089,4.821581085476788,8.462197734925008,5.563105344772339,-2784.856666666666,-0.05060941017129355,181.46120736996332,0.42250722445407296,0.057072727345964976,0.05381944444444445,106,161.61862968682485,0.3029594421386719
107,719.092,2843.5200000000004,9374.000000000002,100,100,1087,4.813324470820956,8.623735050597977,5.540825366973877,-2843.5200000000004,-0.014844673795296866,196.88055016012754,0.4455355099018882,0.04595298834336812,0.06624212203656926,107,161.75951858796003,0.3029594421386719
108,725.243,2880.0400000000004,9237.0,100,100,1089,4.8236439836872576,8.482093663911845,5.563536643981934,-2880.0400000000004,-0.011749882509724962,209.71543580293655,0.5088710420661502,0.1987466560417993,0.08506944444444445,108,161.88921158795029,0.3029594421386719
109,731.362,2724.2399999999993,9022.000000000002,100,100,1089,4.801437557509034,8.284664830119377,5.5402960777282715,-2724.2399999999993,-0.005603812583204772,155.99037955453,0.429339903096358,0.4602523789120217,0.05642361111111111,109,162.02365284447387,0.3029594421386719
110,745.584,2954.1700000000005,9413.999999999996,100,100,1087,4.781691169858034,8.66053357865685,5.511303663253784,-2954.1700000000005,-0.00619435660979327,223.30645392922793,0.4614208656198838,0.10750062719864004,0.06532300444429412,110,162.16263611243815,0.3029594421386719
111,751.366,2760.503333333332,9158.666666666659,100,100,1087,4.518449034780888,8.42563630788101,5.220185995101929,-2760.503333333332,0.004266986472751288,135.0302011826459,0.3915670312502805,1.3398064437377102,0.11227824495119207,111,160.6034524156207,0.3029594421386719
112,756.798,2797.039999999998,9171.999999999995,100,100,1089,4.174631769290832,8.422405876951327,4.848648548126221,-2797.039999999998,-0.0636020447127521,137.4227958255344,0.3772760257124901,0.513493992944455,0.10546875,112,160.88967134594654,0.3029594421386719
113,762.616,2910.7566666666667,9332.333333333332,100,100,1091,4.5259431695760215,8.553926061717078,5.237376928329468,-2910.7566666666667,-0.012246543981341852,195.3515576256646,0.4557502178682221,0.11487294864814936,0.08478009286854002,113,161.09292043403562,0.3029594421386719
114,768.684,2798.873333333334,9056.0,100,100,1086,4.7940852664647755,8.338858195211786,5.504568338394165,-2798.873333333334,-0.011424834785215995,126.20064073450425,0.43285364263197956,0.22816194497350165,0.0953510434311979,114,161.2340225308094,0.3029594421386719
115,774.812,2851.5600000000004,9312.66666666667,100,100,1090,4.781900550379768,8.543730886850156,5.512574672698975,-2851.5600000000004,-0.005878574784017271,158.5477809906006,0.4394839298393991,0.17419903197636208,0.08246527777777778,115,161.365496467643,0.3029594421386719
116,780.929,2729.0466666666675,9044.333333333338,100,100,1090,4.7875584410759835,8.297553516819576,5.524442434310913,-2729.0466666666675,-0.0476709026325908,111.6070903937022,0.38730664716826546,2.408595019595749,0.12456597222222222,116,161.49742693575672,0.3029594421386719
117,787.058,2886.436666666667,9301.333333333332,100,100,1088,4.831473530109232,8.549019607843135,5.5657994747161865,-2886.436666666667,-0.015358560335110216,141.47619269875918,0.43369650928413167,0.09675771390389212,0.0739889705882353,117,161.6224298232611,0.3029594421386719
118,793.149,2856.316666666666,9271.999999999996,100,100,1089,4.775366025589427,8.514233241505966,5.5025365352630615,-2856.316666666666,-0.03923923372187548,124.10839756329854,0.3911663509077496,0.3737087854856832,0.06770833333333333,118,161.75396148735268,0.3029594421386719
119,799.292,2835.076666666667,9127.666666666662,100,100,1088,4.819660661322653,8.389399509803917,5.5617663860321045,-2835.076666666667,-0.00591557686600615,130.41845792882583,0.41864504095386057,0.11417092208284885,0.07352941176470588,119,161.87207764449016,0.3029594421386719
120,813.561,2826.1766666666667,9175.333333333338,100,100,1091,4.790529236965749,8.410021387106633,5.527977228164673,-2826.1766666666667,-0.03706723591312766,109.14417054918077,0.43525312344233197,0.1580848702449455,0.0837673611111111,120,161.9991809569975,0.3029594421386719
121,819.258,2803.576666666666,9278.333333333332,100,100,1088,4.438390715971336,8.527879901960784,5.122581720352173,-2803.576666666666,-0.010281960699049866,130.79594219432158,0.3513875704477815,0.219755662851693,0.06939338235294118,121,160.58683432747372,0.3029594421386719
122,824.766,2840.9266666666667,9328.33333333333,100,100,1089,4.232921764165629,8.565962656871745,4.919696569442749,-2840.9266666666667,-0.0035359334821502366,122.65810317214992,0.3450070527485675,0.18724149256013334,0.06987847222222222,122,160.83475252759524,0.3029594421386719
123,830.63,2724.816666666667,9042.000000000002,100,100,1089,4.563998439626322,8.303030303030305,5.271836519241333,-2724.816666666667,-0.01950789067066378,94.17794889873929,0.32130880396749084,0.14752931070203582,0.08333333333333333,123,161.01050799377728,0.3029594421386719
124,836.8,2823.2400000000007,9254.666666666668,100,100,1089,4.8245103775136196,8.4983164983165,5.570584297180176,-2823.2400000000007,-0.028882033191621304,92.63863588704004,0.2842177450656891,0.22812262414825252,0.10069444444444445,124,161.12453540258986,0.3029594421386719
125,842.898,2741.0466666666675,9166.999999999998,100,100,1087,4.8186002763351485,8.433302667893283,5.534952640533447,-2741.0466666666675,-0.013265734428868574,87.14537699082318,0.27165062615976615,0.34578853846965907,0.08743289003477377,125,161.2483880536795,0.3029594421386719
126,848.981,2755.126666666666,9042.333333333334,100,100,1087,4.798340202902941,8.318613922109783,5.523038148880005,-2755.126666666666,-0.0072302109945346325,81.07169106427361,0.31394366919994354,0.15837424899013164,0.08190359525820788,126,161.37342604231324,0.3029594421386719
127,855.087,2792.0000000000005,9120.333333333336,100,100,1087,4.8145712991592085,8.390371051824596,5.548046112060547,-2792.0000000000005,-0.01291848740348702,99.84376851250144,0.30405977894278136,0.21106901789522348,0.08329686106127851,127,161.49239581614742,0.3029594421386719
128,861.165,2846.17,9304.0,100,100,1086,4.797580478709486,8.567219152854513,5.515777587890625,-2846.17,-0.00828221078742953,106.25110379387351,0.27864186947836594,0.3023791528334293,0.09988733381032944,128,161.61371951366718,0.3029594421386719
129,867.293,2833.83,9228.333333333336,100,100,1088,4.824516174053048,8.481924019607845,5.56316876411438,-2833.83,-0.007334972896120127,95.37296923469094,0.2793688804787748,0.16183578131569767,0.058823529411764705,129,161.72619433409338,0.3029594421386719
130,881.663,2742.9966666666655,9166.666666666664,100,100,1089,4.79696767609498,8.417508417508415,5.52999210357666,-2742.9966666666655,0.00015224951008955637,70.90475852228701,0.2548272833228111,0.1667260925945205,0.0802951388888889,130,161.84047367905222,0.3029594421386719
131,887.363,2805.3299999999995,9061.999999999996,100,100,1087,4.444206069333251,8.336706531738727,5.127827167510986,-2805.3299999999995,-0.010086695006226791,95.84252738952637,0.3001088548232527,0.13664122461341321,0.07220179762910395,131,160.52058742364318,0.3029594421386719
132,892.816,2814.9266666666676,9123.000000000002,100,100,1087,4.222566419107139,8.392824287028521,4.892362356185913,-2814.9266666666676,-0.006928123691228821,79.0689868927002,0.29777298560913873,0.3573852184584693,0.06579715243595488,132,160.75762955623082,0.3029594421386719
133,898.773,2839.2466666666664,9241.666666666662,100,100,1082,4.586273015329576,8.541281577325936,5.275112867355347,-2839.2466666666664,-0.012534816311124493,85.1854700200698,0.2972884699702263,0.06861495914841619,0.05083671398460865,133,160.89602674015126,0.3029594421386719
134,904.802,2850.84,9136.33333333333,100,100,1088,4.661336949592463,8.397365196078429,5.373892545700073,-2850.84,-0.010824337327743279,97.82775026209214,0.30876950393704805,0.1615631602540174,0.05652573529411765,134,161.02630772528317,0.3029594421386719
135,910.883,2749.363333333332,9125.666666666664,100,100,1090,4.712557798751348,8.372171253822629,5.452163934707642,-2749.363333333332,0.06601923186745909,73.95960066053603,0.28978989438878167,0.3905991177695493,0.08333333333333333,135,161.1480342234997,0.3029594421386719
136,916.916,2849.16,9342.333333333338,100,100,1089,4.731635079027262,8.5788184879094,5.458183765411377,-2849.16,-0.03129108441579673,71.2764411535528,0.2769632235997253,0.1415732973255217,0.07899305555555555,136,161.27545808762088,0.3029594421386719
137,923.022,2818.5499999999993,9270.333333333332,100,100,1090,4.799996238146319,8.504892966360854,5.537016153335571,-2818.5499999999993,-0.029953041708924703,68.83256022135417,0.27963969993592724,0.21653004365119463,0.06510416666666667,137,161.38946100411732,0.3029594421386719
138,929.09,2653.7199999999993,8901.666666666666,100,100,1086,4.808134436551619,8.196746470227133,5.524428844451904,-2653.7199999999993,-0.009234714047873722,50.71656945172478,0.2881791863371344,0.3190639046815169,0.07001601028091767,138,161.50418768532828,0.3029594421386719
139,935.217,2827.383333333333,9157.333333333328,100,100,1091,4.806124105004681,8.393522761992052,5.549936294555664,-2827.383333333333,0.03550693247881201,73.77510176764594,0.31335637470086414,2.015480361891807,0.08232060240374671,139,161.61274830739646,0.3029594421386719
140,949.451,2698.056666666667,9124.333333333334,100,100,1086,4.827236003734679,8.401780233271946,5.554304599761963,-2698.056666666667,-0.002043470028130447,78.4871431238511,0.27274927716044817,0.47723800008294776,0.05952027965994442,140,161.7179712986901,0.3029594421386719
141,955.198,2751.2766666666666,9096.000000000004,100,100,1089,4.45324848418845,8.35261707988981,5.157236099243164,-2751.2766666666666,-0.0546713695447478,56.82858265770806,0.30035651847720146,0.3970785056266727,0.0798611111111111,141,160.5090466402422,0.3029594421386719
142,960.673,2757.763333333334,9180.333333333332,100,100,1086,4.234233703339922,8.453345610804174,4.894650936126709,-2757.763333333334,0.0036733218413942,62.13423167957979,0.2536099991377662,1.4437347458476912,0.08193489076460109,142,160.7247801104239,0.3029594421386719
143,966.769,2774.9266666666667,9048.666666666668,100,100,1088,4.554989154177533,8.316789215686276,5.268140554428101,-2774.9266666666667,0.007933363318443298,65.75973162931554,0.25393963648992424,0.7390478572958861,0.07123161764705882,143,160.83674194999435,0.3029594421386719
144,972.712,2811.1133333333332,9271.000000000002,100,100,1086,4.563429008146257,8.536832412523022,5.271744728088379,-2811.1133333333332,-0.006614543716697132,65.53298624824075,0.2992985476465786,0.49562400143237456,0.07870315453585457,144,160.97049231031738,0.3029594421386719
145,978.746,2854.6566666666668,9226.0,100,100,1087,4.676352990165751,8.48758049678013,5.421310186386108,-2854.6566666666668,-0.0062926435185705915,69.32742646161248,0.28724604056161995,0.2733146252370823,0.06577526865636601,145,161.0888469837611,0.3029594421386719
146,984.732,2875.316666666667,9363.666666666664,100,100,1086,4.705068417550382,8.622160834868016,5.426133155822754,-2875.316666666667,-0.011384161408333218,77.69452532599954,0.25333794381688624,0.1456915360005737,0.07001601028091767,146,161.21256371488485,0.3029594421386719
147,990.841,2778.710000000001,9154.333333333338,100,100,1087,4.8039830734237015,8.421649800674643,5.544441223144531,-2778.710000000001,-0.007096493644092013,53.64276263293098,0.25951198795262503,0.2928091278710567,0.06625671125948429,147,161.3154902157697,0.3029594421386719
148,996.904,2823.156666666666,9160.333333333327,100,100,1088,4.7674152565912875,8.419424019607836,5.498946189880371,-2823.156666666666,-0.005435832776129246,58.47083546133602,0.24436652222100427,0.5149028136408614,0.05238970588235294,148,161.42572106738095,0.3029594421386719
149,1003.054,2803.106666666666,9199.33333333334,100,100,1088,4.841896323555642,8.455269607843142,5.587535381317139,-2803.106666666666,-0.004173414946040686,59.18386795941521,0.22123422035399606,0.7941793083651539,0.078125,149,161.52073310343582,0.3029594421386719
150,1017.264,2828.9566666666665,9196.666666666666,100,100,1087,4.806030634405107,8.460594909536951,5.531109809875488,-2828.9566666666665,0.005092829082380323,70.82703332340016,0.20887325923232472,0.21778539419585072,0.08051032967427198,150,161.62237844796255,0.3029594421386719
151,1022.933,2720.026666666666,9082.333333333334,100,100,1085,4.434098063620485,8.370814132104455,5.109455108642578,-2720.026666666666,-0.00366264973383616,60.08261024250704,0.20438263083205505,0.40412528006195586,0.053467032116125614,151,160.50515415159265,0.3029594421386719
152,1028.398,2814.8033333333337,9203.666666666672,100,100,1088,4.228949726465919,8.459252450980397,4.908607721328735,-2814.8033333333337,-0.011935930945636594,72.10167043349323,0.23403718432082848,0.27962697928716596,0.04963235294117647,152,160.7101821714147,0.3029594421386719
153,1034.387,2769.126666666667,9211.333333333332,100,100,1086,4.596801657245956,8.481890730509514,5.310584783554077,-2769.126666666667,0.001190864042762448,49.81346859651453,0.2579522207379341,0.5031110683510847,0.06728830626782249,153,160.82952259982804,0.3029594421386719
154,1040.456,2803.6699999999996,9249.333333333334,100,100,1087,4.682363199435085,8.509046304814474,5.390179395675659,-2803.6699999999996,-0.005431312163743903,47.073955199297735,0.23398018365397172,0.33820637404535187,0.05430088729104575,154,160.93628452039692,0.3029594421386719
155,1046.523,2830.843333333334,9317.66666666667,100,100,1088,4.694361488659257,8.5640318627451,5.416829824447632,-2830.843333333334,-0.008531541727921543,55.34879095414106,0.24511970579624176,0.767276672180742,0.05652573529411765,155,161.04278974393512,0.3029594421386719
156,1052.483,2729.6766666666667,9044.000000000002,100,100,1087,4.685339468519316,8.320147194112238,5.391338586807251,-2729.6766666666667,-0.002898993354071589,55.96605996524586,0.21429418268449166,0.5422115935533143,0.04368726668112418,156,161.16369471794815,0.3029594421386719
157,1058.554,2761.153333333333,9221.000000000004,100,100,1086,4.796972190107958,8.490791896869249,5.507281541824341,-2761.153333333333,-0.0071616663104471035,44.121573840870575,0.23172369248726787,0.3200577057843261,0.04791271335938398,157,161.2653396775506,0.3029594421386719
158,1064.646,2828.04,9188.999999999996,100,100,1088,4.7861671876436205,8.445772058823525,5.513030529022217,-2828.04,-0.0024208209532148696,71.06380518744973,0.2806222061900532,0.24549062398043187,0.07582720588235294,158,161.364483837956,0.3029594421386719
159,1070.726,2764.3999999999987,9146.666666666662,100,100,1086,4.797950368348859,8.422344996930628,5.511826276779175,-2764.3999999999987,-0.0043701340499169685,42.993722915649414,0.2699473767596133,0.330578350537347,0.05621442111099467,159,161.4623988209071,0.3029594421386719
160,1084.993,2759.5333333333324,9074.333333333336,100,100,1087,4.792781046779335,8.348052744556886,5.507943630218506,-2759.5333333333324,-0.014994522118393113,46.25944945391487,0.2610454502351144,0.22623816896777818,0.06719041834859286,160,161.56047397395048,0.3029594421386719
161,1090.702,2837.4700000000007,9322.999999999996,100,100,1089,4.426610469112568,8.56106519742883,5.124202013015747,-2837.4700000000007,-0.004651492151121299,63.82434798611535,0.2400729585852888,0.4695121269841265,0.05642361111111111,161,160.50036599909998,0.3029594421386719
162,1096.141,2742.3899999999994,9156.999999999995,100,100,1088,4.211457536097013,8.416360294117641,4.878782272338867,-2742.3899999999994,-0.004952281603918356,58.6749490850112,0.24975620034862966,0.5560203737250584,0.058363970588235295,162,160.6964355563175,0.3029594421386719
163,1102.139,2735.836666666667,9252.666666666666,100,100,1089,4.581464553735911,8.496479951025405,5.290531873703003,-2735.836666666667,0.022502458240422938,50.698313580618965,0.29673832199639744,0.9319439882140917,0.06163194444444445,163,160.81006474462646,0.3029594421386719
164,1108.134,2904.8399999999992,9318.333333333332,100,100,1087,4.678577185105516,8.572523765716037,5.3913185596466064,-2904.8399999999992,-0.007895370342713945,50.93891054041245,0.30305294955477996,0.1990259983645314,0.04923115111887455,164,160.92095415785988,0.3029594421386719
165,1114.174,2728.896666666667,9099.666666666664,100,100,1088,4.744272428604959,8.363664215686272,5.471142530441284,-2728.896666666667,-0.008913896977901459,38.10540418063893,0.30056693361086007,0.5032942830311025,0.03768382352941176,165,161.02518572640793,0.3029594421386719
166,1120.233,2689.0233333333335,9067.000000000004,100,100,1087,4.788367709049847,8.341306347746093,5.496920824050903,-2689.0233333333335,-0.005350949763156036,37.76985353582046,0.26385703332283916,0.41034934139700935,0.043242297080509806,166,161.12452936005084,0.3029594421386719
167,1126.372,2763.7000000000007,9184.333333333338,100,100,1089,4.802725894767466,8.433731251913073,5.5301353931427,-2763.7000000000007,-0.06866762693971395,44.995858404371475,0.2528388947248459,0.27790831914818326,0.05251736111111111,167,161.21314459050362,0.3029594421386719
168,1132.438,2700.876666666666,9127.333333333332,100,100,1085,4.7975959455860515,8.412288786482334,5.505670785903931,-2700.876666666666,-0.012573964893817902,40.89447481491987,0.27596457872320623,0.25364829961429625,0.05716610404060168,168,161.3076852514944,0.3029594421386719
169,1138.492,2849.9700000000007,9402.666666666664,100,100,1088,4.776406064967673,8.642156862745097,5.493699312210083,-2849.9700000000007,-0.013556521057206042,46.95943237753475,0.28994372750029845,0.5588352970285889,0.06985294117647059,169,161.40561406509374,0.3029594421386719
170,1152.865,2771.6266666666656,9178.666666666662,100,100,1083,4.823029548014039,8.475223145583252,5.529059410095215,-2771.6266666666656,-0.009261095293742768,37.47564327015596,0.2721031465951134,0.49609419695950824,0.07315553352236748,170,161.49214291976475,0.3029594421386719
171,1158.541,2744.42,9111.333333333334,100,100,1086,4.436669613832426,8.389809699201965,5.112728595733643,-2744.42,-0.006620563457117361,45.87633037567139,0.32360663177335963,0.23770886418573997,0.062129387960714454,171,160.48472688024023,0.3029594421386719
172,1163.999,2697.183333333333,9095.333333333334,100,100,1086,4.236406445246821,8.375076734192756,4.892095327377319,-2697.183333333333,-0.015447717159986496,41.49410707810346,0.300362229347229,0.18239310354350463,0.06036527498680003,172,160.66503865589206,0.3029594421386719
173,1170.093,2644.3766666666656,8964.333333333336,100,100,1085,4.721922396085642,8.262058371735794,5.4207658767700195,-2644.3766666666656,-0.010523289113360293,34.64521312713623,0.29493676520445766,0.4089247239890563,0.06637988173786331,173,160.75563708016156,0.3029594421386719
174,1176.21,2845.5133333333333,9345.333333333338,100,100,1085,4.760635483040033,8.613210445468514,5.468555212020874,-2845.5133333333333,-0.008330797228743048,74.99002075195312,0.31691819254089804,0.2761655620244496,0.08264525037477999,174,160.84214521050063,0.3029594421386719
175,1182.322,2916.786666666667,9466.666666666668,100,100,1088,4.7822177402849775,8.700980392156865,5.503880023956299,-2916.786666666667,-0.009581897079068072,66.2977954640108,0.38698320222251553,0.15725450173212105,0.09880514705882353,175,160.93078870798,0.3029594421386719
176,1188.452,2782.6733333333336,9262.666666666668,100,100,1088,4.843079596385531,8.513480392156865,5.569512367248535,-2782.6733333333336,-0.020854856955873614,53.47669304118437,0.37255288923487945,0.27894516417291015,0.10248161764705882,176,161.01624487399027,0.3029594421386719
177,1194.569,2805.64,9239.666666666666,100,100,1088,4.806149723663111,8.49234068627451,5.539835691452026,-2805.64,-0.021774988758432513,57.59481317856733,0.3740062292884378,0.12906687264330685,0.10294117647058823,177,161.10242906118998,0.3029594421386719
178,1200.662,2820.88,9161.333333333334,100,100,1085,4.823136497675205,8.44362519201229,5.529183387756348,-2820.88,-0.00894086084821645,58.88642378414379,0.36155546763364005,0.5694144596414202,0.10481708014712614,178,161.1886335919757,0.3029594421386719
179,1206.745,2894.1866666666674,9279.333333333336,100,100,1087,4.798088406950318,8.536645200858635,5.516027212142944,-2894.1866666666674,-0.014926908263827072,62.04563948687385,0.3266645174692659,0.1664458818747388,0.08375641972045689,179,161.27685812759975,0.3029594421386719
180,1220.634,2845.626666666667,9207.333333333338,100,100,1088,4.775287131718976,8.462622549019612,5.500242710113525,-2845.626666666667,-0.01417760326362708,76.15837534736184,0.37079236787908215,0.19044270326712115,0.09420955882352941,180,161.36770243888503,0.3029594421386719
181,1226.31,2937.6233333333344,9340.333333333334,100,100,1085,4.410251706177669,8.608602150537635,5.088095188140869,-2937.6233333333344,-0.013893640107091735,54.00616931915283,0.3459721987738329,0.28916656113613176,0.08625391717342769,181,160.4757642698879,0.3029594421386719
182,1231.717,2641.19,8960.333333333327,100,100,1087,4.183739926361864,8.243176939589077,4.8462584018707275,-2641.19,0.0018450033796184203,49.08016760209028,0.23623991976766026,1.6312034780926563,0.09888538783963989,182,160.65382553829878,0.3029594421386719
183,1237.775,2866.8066666666673,9308.666666666668,100,100,1087,4.772991260724432,8.563630788101811,5.488587856292725,-2866.8066666666673,-0.005872473560670829,53.82892934013815,0.2486208563341814,0.24667986446772427,0.08283000768107526,183,160.74574717240313,0.3029594421386719
184,1243.847,2774.0800000000013,9091.66666666667,100,100,1085,4.793325068068601,8.379416282642092,5.501033306121826,-2774.0800000000013,-0.014937651377883466,54.16839285457836,0.27642088208128424,0.3364064158830682,0.10691146289601046,184,160.83327656324767,0.3029594421386719
185,1249.958,2762.783333333334,9102.000000000004,100,100,1090,4.794452753699804,8.350458715596334,5.524019002914429,-2762.783333333334,-0.014128103697051605,53.85889058642917,0.3013825821948962,0.18719086181631106,0.11762152777777778,185,160.9190631169894,0.3029594421386719
186,1256.062,2814.24,9269.666666666662,100,100,1090,4.774442201676787,8.504281345565746,5.513933420181274,-2814.24,0.07802106313303941,58.14076275295682,0.2969878270394272,0.182889826692796,0.11284722222222222,186,161.00496645831285,0.3029594421386719
187,1262.122,2852.913333333333,9159.999999999998,100,100,1083,4.784900552334328,8.45798707294552,5.489934682846069,-2852.913333333333,-0.005054754205048084,63.07037230098949,0.28153009888003855,0.2753396518665421,0.06246884358937249,187,161.0898475736741,0.3029594421386719
188,1268.202,2835.1499999999987,9211.999999999998,100,100,1088,4.782634283936418,8.46691176470588,5.504119157791138,-2835.1499999999987,-0.012382931952529094,59.4858341217041,0.3027368244879386,0.22027235490489094,0.08042279411764706,188,161.17544720306242,0.3029594421386719
189,1274.336,2840.1033333333344,9268.0,100,100,1087,4.830345351539429,8.526218951241951,5.564378499984741,-2840.1033333333344,-0.011405094033654998,50.61978244781494,0.27734098057536516,0.1032759438487975,0.0768411534235758,189,161.25262489264236,0.3029594421386719
190,1288.334,2848.7466666666664,9443.666666666664,100,100,1085,4.801503776289385,8.703840245775728,5.513012409210205,-2848.7466666666664,-0.01040513367008637,61.42662474688362,0.2867710835793439,0.37502979199566383,0.08338355820845156,190,161.33400922438955,0.3029594421386719
191,1294.017,2816.9866666666658,9183.999999999996,100,100,1088,4.426452941997388,8.441176470588232,5.119718551635742,-2816.9866666666658,-0.008192891419372138,50.35828298680923,0.2298531909199322,0.2646255443105474,0.0896139705882353,191,160.4793545811183,0.3029594421386719
192,1299.458,2915.8466666666664,9405.666666666668,100,100,1088,4.210741820583387,8.644914215686276,4.8856353759765625,-2915.8466666666664,-0.009182955631438424,62.19822805068072,0.2475219364551937,0.16387306712567806,0.09053308823529412,192,160.64468195916166,0.3029594421386719
193,1305.555,2835.4866666666667,9197.666666666668,100,100,1085,4.813572994866816,8.477112135176652,5.528624773025513,-2835.4866666666667,-0.0060420976677799925,51.15384017719942,0.2754632352906115,0.08930557307800935,0.0820500839720754,193,160.7254576065792,0.3029594421386719
194,1311.659,2775.51,9245.66666666667,100,100,1089,4.792498348963244,8.490052035506583,5.511876821517944,-2775.51,0.007417598532305824,52.358078214857315,0.30645526990760646,0.28532209753110593,0.12196180555555555,194,160.8078174456678,0.3029594421386719
195,1317.807,2865.366666666667,9268.333333333325,100,100,1089,4.809964555007798,8.510866238138957,5.546187877655029,-2865.366666666667,0.054710053373128176,67.35288694169786,0.2795330099761486,0.20545942060157862,0.08506944444444445,195,160.88395662789088,0.3029594421386719
196,1323.912,2785.9266666666667,9210.666666666666,100,100,1086,4.803423759695589,8.481276856967463,5.520963191986084,-2785.9266666666667,-0.018875037100823486,61.02433395385742,0.2806777165216558,0.17545635491500006,0.07378142765339683,196,160.96233096911115,0.3029594421386719
197,1329.99,2865.893333333334,9301.000000000005,100,100,1084,4.787353135695221,8.580258302583031,5.513716459274292,-2865.893333333334,-0.004543062902110464,45.212410253636975,0.2484068024684401,0.20704158987192547,0.06498161780045313,197,161.04179063388244,0.3029594421386719
198,1336.109,2780.0099999999993,9322.33333333333,100,100,1088,4.810807076222879,8.568321078431369,5.553309679031372,-2780.0099999999993,-0.004631049931049347,51.17053806080538,0.26929089251686544,0.14703044748645933,0.07628676470588236,198,161.11853686558422,0.3029594421386719
199,1342.215,2923.370000000001,9313.666666666668,100,100,1088,4.803900183640722,8.560355392156865,5.550504446029663,-2923.370000000001,-0.00970874332329806,57.46961475821102,0.2941768498105161,0.44335745133267823,0.08363970588235294,199,161.1961742885049,0.3029594421386719
200,1356.204,2861.9933333333333,9224.666666666664,100,100,1085,4.81447299453108,8.501996927803377,5.548393487930298,-2861.9933333333333,-0.013217370409299345,38.925467883839325,0.2994477069553207,0.06056915806017488,0.06502380627481376,200,161.2689150158439,0.3029594421386719
201,1361.952,2922.3466666666673,9339.333333333332,100,100,1088,4.469456433820168,8.58394607843137,5.1719300746917725,-2922.3466666666673,-0.009277632733916534,57.70779991149902,0.2857277792166261,0.18650743727202473,0.05330882352941176,201,160.45590069778763,0.3029594421386719
202,1367.469,2900.7833333333333,9348.999999999998,100,100,1089,4.212989623010966,8.584940312213037,4.900352954864502,-2900.7833333333333,-0.05491008863060011,47.83504929455618,0.26102638906902736,0.1267789201422905,0.06336805555555555,202,160.60471062437816,0.3029594421386719
203,1373.491,2846.556666666667,9257.33333333333,100,100,1088,4.723846048792064,8.508578431372547,5.450793027877808,-2846.556666666667,-0.010521122911835419,45.87807212156408,0.29669061040177064,0.2016432124963852,0.06709558823529412,203,160.6927335276163,0.3029594421386719
204,1379.592,2852.430000000001,9237.999999999996,100,100,1090,4.763044586614492,8.475229357798161,5.502241134643555,-2852.430000000001,-0.014011816380338537,44.32901709609561,0.3435051317016284,0.22034337082489705,0.09331597222222222,204,160.77211683706747,0.3029594421386719
205,1385.644,2848.6166666666663,9275.33333333333,100,100,1088,4.763008915260263,8.525122549019605,5.486306667327881,-2848.6166666666663,-0.00991185283397927,48.172702621011176,0.35093500333673816,0.33287938854054494,0.10340073529411764,205,160.85529897682446,0.3029594421386719
206,1391.741,2764.029999999999,9137.333333333332,100,100,1087,4.807204325004843,8.406010426249615,5.537439823150635,-2764.029999999999,-0.013064287383766734,42.06174020206227,0.2988263999714571,0.2128279686508262,0.08331144995549146,206,160.9315778295288,0.3029594421386719
207,1397.851,2698.766666666667,9064.666666666666,100,100,1086,4.8136703475356155,8.34683855125844,5.533721685409546,-2698.766666666667,-0.0021868408109773606,53.11947272805607,0.36213576881324544,0.23986503616084948,0.10359345332664602,207,161.00502496385764,0.3029594421386719
208,1403.98,2922.9366666666674,9510.0,100,100,1088,4.820477204060914,8.740808823529411,5.56761360168457,-2922.9366666666674,-0.011496361783322166,60.123096353867474,0.314942907761125,0.1421578850131482,0.10386029411764706,208,161.0771089326068,0.3029594421386719
209,1410.09,2780.5499999999993,9201.666666666666,100,100,1089,4.7941412299929596,8.44964799510254,5.524110555648804,-2780.5499999999993,0.03556515736919311,51.744420846303306,0.3110806975033584,0.4668337724287994,0.0993923611111111,209,161.15141830191303,0.3029594421386719
210,1424.058,2993.2433333333333,9508.333333333332,100,100,1089,4.767938200072227,8.731251913070095,5.503453493118286,-2993.2433333333333,-0.018579616883976593,54.32027386294471,0.3516446244385507,0.10688002728016323,0.14322916666666666,210,161.22841824981933,0.3029594421386719
211,1429.682,2755.113333333333,9055.33333333333,100,100,1082,4.4128303157850794,8.3690696241528,5.06401515007019,-2755.113333333333,-0.010428921429111677,59.9660057741053,0.3357420362093869,0.11763810432132553,0.11786891498109874,211,160.46159115153753,0.3029594421386719
212,1435.252,2751.01,9131.000000000002,100,100,1091,4.242346837274102,8.369385884509626,4.935155868530273,-2751.01,-0.011730177948872248,58.42094477017721,0.4521992968188392,0.07639538921972013,0.17476851907041338,212,160.59901794815917,0.3029594421386719
213,1441.263,2818.849999999999,9151.333333333328,100,100,1087,4.7390475622211214,8.41888991107022,5.447013854980469,-2818.849999999999,-0.01114290245973012,51.23489335004021,0.564465302754851,0.06382968082941849,0.14444736281738563,213,160.68337013477154,0.3029594421386719
214,1447.323,2804.953333333334,9166.666666666673,100,100,1085,4.772245346499856,8.448540706605229,5.483793497085571,-2804.953333333334,-0.014720748589538476,47.809309791116156,0.45467161606339845,0.21704268711961477,0.1337466844741036,214,160.76022797880412,0.3029594421386719
215,1453.441,2746.4666666666667,9180.000000000002,100,100,1091,4.785791107651451,8.414298808432632,5.525678396224976,-2746.4666666666667,-0.07288568016762535,55.05865817599826,0.46530621374646824,0.0773960691747359,0.15263310240374672,215,160.83430500156913,0.3029594421386719
216,1459.465,2767.1899999999996,9119.666666666664,100,100,1086,4.745540330675302,8.397483118477592,5.453613519668579,-2767.1899999999996,-0.010871935526237768,48.94284276401295,0.44345437603838306,0.05248477731091792,0.11880336789523854,216,160.91444363462753,0.3029594421386719
217,1465.588,2764.643333333333,9258.66666666666,100,100,1088,4.805733549373519,8.509803921568622,5.5468926429748535,-2764.643333333333,-0.018997137379996917,48.585187911987305,0.4758538358351764,0.086840539752944,0.109375,217,160.98453863722798,0.3029594421386719
218,1471.605,2769.9400000000005,9165.333333333327,100,100,1088,4.730725095107439,8.424019607843132,5.446545362472534,-2769.9400000000005,-0.013604037463665009,46.34847607332117,0.5203147951294395,0.07057445162825067,0.10983455882352941,218,161.0656021605407,0.3029594421386719
219,1477.719,2856.0533333333333,9254.000000000002,100,100,1091,4.780240328005053,8.482126489459214,5.516017198562622,-2856.0533333333333,-0.007312231697142124,41.6613291170862,0.5254038920005163,0.05634721906648742,0.12803819444444445,219,161.13751021094495,0.3029594421386719
220,1491.58,2748.9566666666656,9214.666666666662,100,100,1085,4.75936792447545,8.492780337941625,5.455211639404297,-2748.9566666666656,-0.015670444569824374,60.54065805322983,0.5483827520819271,0.033158139626988596,0.14219955311102025,220,161.21566623259125,0.3029594421386719
221,1497.262,2729.24,9041.333333333334,100,100,1089,4.398131406441831,8.30241812059994,5.078882694244385,-2729.24,0.034814353152695626,77.733991516961,0.5575408231104828,0.06228046586006207,0.11458333333333333,221,160.4862682137276,0.3029594421386719
222,1502.657,2744.703333333333,9175.333333333334,100,100,1085,4.186687186845334,8.45652841781874,4.832301378250122,-2744.703333333333,-0.01521214667488547,53.89724765104406,0.5698902940048891,0.10504506077781758,0.1323002044330625,222,160.63211818764083,0.3029594421386719
223,1508.772,2859.58,9359.999999999998,100,100,1089,4.761086319208904,8.595041322314048,5.492859601974487,-2859.58,-0.014546618952105442,51.137363304694496,0.596686354941792,0.11852070984120171,0.1328125,223,160.7028392132428,0.3029594421386719
224,1514.781,2752.4766666666674,9013.666666666662,100,100,1087,4.736704234031253,8.292241643667582,5.441486597061157,-2752.4766666666674,-0.019097312088192934,41.215087441837085,0.5652963405146318,0.026213766103062558,0.12929651064469533,224,160.78296236731833,0.3029594421386719
225,1520.917,2744.91,9080.333333333332,100,100,1090,4.801914586745408,8.33058103975535,5.531996011734009,-2744.91,-0.03327816600600878,46.60164419809977,0.619508284661505,0.048911274747095175,0.19053819444444445,225,160.850991166795,0.3029594421386719
226,1526.999,2839.19,9260.999999999998,100,100,1087,4.800434866144726,8.519779208831645,5.519950866699219,-2839.19,-0.020810524549554375,47.76522333481733,0.5983402974465314,0.026095341545228353,0.123293067821685,226,160.92215182921086,0.3029594421386719
227,1533.135,2821.656666666666,9285.999999999998,100,100,1090,4.8026703670834525,8.51926605504587,5.540713548660278,-2821.656666666666,-0.034227555307249226,41.417364882098305,0.5700553349322743,0.055504978239898466,0.13671875,227,160.98906210197387,0.3029594421386719
228,1539.213,2859.1,9280.66666666667,100,100,1083,4.7889579855428455,8.569405971068024,5.499696731567383,-2859.1,-0.015005180995692225,44.408310273114374,0.5350189296638265,0.031784558812539804,0.13477536148446448,228,161.05699974788436,0.3029594421386719
229,1545.338,2649.303333333334,8952.333333333332,100,100,1086,4.83723360857314,8.243400859422957,5.558290719985962,-2649.303333333334,-0.021692686002044118,42.70478276645436,0.5331396600779366,0.02453476216589265,0.1603415551431039,229,161.12134253243136,0.3029594421386719
230,1559.257,2780.7566666666667,9114.666666666666,100,100,1086,4.776022283460698,8.392879066912215,5.49298095703125,-2780.7566666666667,-0.020192179171478048,38.32602506525376,0.501875127939617,0.021379618234384584,0.16207601962720647,230,161.19095505831413,0.3029594421386719
231,1564.982,2846.17,9386.000000000002,100,100,1089,4.438989621816294,8.618916437098257,5.130115270614624,-2846.17,-0.01727403066534963,31.42800263232655,0.5035422609912025,0.03835106088081375,0.15321180555555555,231,160.48872633495566,0.3029594421386719
232,1570.527,2782.313333333333,9237.666666666664,100,100,1086,4.257981215636238,8.506138735420501,4.9401514530181885,-2782.313333333333,-0.01686142532921889,39.507117327521826,0.5138638019561768,0.04395329795764102,0.14874881374485352,232,160.61356501585493,0.3029594421386719
233,1576.533,2762.8099999999995,9111.333333333328,100,100,1087,4.723909843379757,8.382091383011343,5.432377815246582,-2762.8099999999995,-0.017664884874487623,40.06277045081644,0.5078006921445622,0.03639760742867913,0.1288223625982509,233,160.69125468408532,0.3029594421386719
234,1582.646,2861.9399999999996,9374.666666666662,100,100,1089,4.775766852949776,8.60850933578206,5.507945775985718,-2861.9399999999996,0.04281791082272927,44.4078370941182,0.5206861032379998,0.028061548991697945,0.1467013888888889,234,160.7587171839502,0.3029594421386719
235,1588.743,2788.263333333334,9329.333333333338,100,100,1091,4.755746743831302,8.551176290864655,5.491367816925049,-2788.263333333334,-0.0016514912972019778,50.33569071027968,0.5288651999500062,0.045536315185017884,0.1293402777777778,235,160.82849485249693,0.3029594421386719
236,1594.786,2763.953333333333,9278.666666666672,100,100,1085,4.771823685268618,8.55176651305684,5.4740400314331055,-2763.953333333333,-0.01825935302836382,48.56963550343233,0.5015429389827392,0.017404207863899714,0.12345558043350191,236,160.89947711093777,0.3029594421386719
237,1600.886,2724.4666666666676,9081.999999999998,100,100,1087,4.805928426571945,8.355105795768168,5.537189245223999,-2724.4666666666676,-0.017050383612513542,51.673152026008154,0.5332258256042705,0.015947039889664772,0.1072085089981556,237,160.96534145422456,0.3029594421386719
238,1606.955,2759.28,9161.999999999998,100,100,1086,4.796521824571899,8.436464088397788,5.505078554153442,-2759.28,-0.020493810475968263,49.01473471697639,0.5535212527303135,0.03619257335701738,0.14473138004541397,238,161.03316831615712,0.3029594421386719
239,1613.055,2815.413333333334,9213.666666666668,100,100,1085,4.815673176842969,8.491858678955454,5.532684564590454,-2815.413333333334,-0.022451914983856326,63.3946045146269,0.6018647288574892,0.036016543464296884,0.15180508573265636,239,161.0967755923328,0.3029594421386719
240,1626.974,2849.82,9290.333333333336,100,100,1086,4.7873148268421435,8.554634745242483,5.503950595855713,-2849.82,-0.018849255133639362,42.93461025462431,0.5838409907677594,0.034043283879702145,0.13871264150914023,240,161.16367265550477,0.3029594421386719
241,1632.75,2799.3800000000006,9266.0,100,100,1088,4.485879869154066,8.516544117647058,5.188905239105225,-2799.3800000000006,-0.02246947427663733,45.01883035547593,0.5660055323558695,0.02163457156583557,0.11764705882352941,241,160.48503372719688,0.3029594421386719
242,1638.158,2751.1366666666668,9219.0,100,100,1087,4.190431094150939,8.481140754369825,4.846283435821533,-2751.1366666666668,-0.018126979525036672,41.88052261576933,0.5580373388879439,0.016334023597129786,0.14404616066638162,242,160.61882687738557,0.3029594421386719
243,1644.31,2807.29,9328.000000000002,100,100,1090,4.81124211064275,8.557798165137616,5.555811405181885,-2807.29,-0.05366390348515577,38.86252350277371,0.5459291256136365,0.03195394428136448,0.12413194444444445,243,160.6808851548986,0.3029594421386719
244,1650.402,2710.7600000000007,9155.000000000002,100,100,1090,4.769728899668526,8.39908256880734,5.49428129196167,-2710.7600000000007,0.00114975952439838,39.810848547352684,0.5578876468870375,0.02547168405726552,0.10546875,244,160.74814292286314,0.3029594421386719
245,1656.491,2662.7,8894.333333333338,100,100,1087,4.79674415933628,8.182459368291939,5.519899845123291,-2662.7,-0.01904695645412978,35.63687992095947,0.5003577277940863,0.02103417116107748,0.13156512686434915,245,160.81346425540934,0.3029594421386719
246,1662.64,2766.4966666666664,9311.000000000004,100,100,1089,4.800456563755699,8.55004591368228,5.5292651653289795,-2766.4966666666664,-0.029256379852692287,44.174430741204155,0.5066064813484749,0.020870207285042852,0.13541666666666666,246,160.87363375290278,0.3029594421386719
247,1668.714,2813.923333333334,9252.33333333333,100,100,1086,4.771010775155942,8.519643953345607,5.492082595825195,-2813.923333333334,-0.019157437826780713,43.4787259943345,0.48917561068254356,0.011412943418904701,0.11417813073186313,247,160.93893289071252,0.3029594421386719
248,1674.794,2713.56,9140.666666666668,100,100,1085,4.79468792378645,8.42457757296467,5.506608724594116,-2713.56,-0.012051827876883395,40.579367132747876,0.4604605725582908,0.04325199785286232,0.11809908357613227,248,161.00251573886703,0.3029594421386719
249,1680.884,2856.629999999999,9235.999999999998,100,100,1087,4.79247479126793,8.496780128794846,5.52317476272583,-2856.629999999999,-0.010330116321497104,51.775130103616156,0.4642496056416455,0.030871692558695728,0.11780024560935357,249,161.06588166017232,0.3029594421386719
250,1694.927,2914.896666666667,9434.666666666666,100,100,1090,4.7766140350268795,8.65565749235474,5.523787021636963,-2914.896666666667,-0.04310395814374917,61.0329180293613,0.4638943730129136,0.023635368241230026,0.1440972222222222,250,161.1274286589143,0.3029594421386719
251,1700.613,2762.7,9137.666666666668,100,100,1087,4.423636247501593,8.406317080650108,5.115747690200806,-2762.7,-0.015151018085067762,45.24415420083439,0.44757646234596477,0.02365688139380997,0.12010533450280919,251,160.47738368902122,0.3029594421386719
252,1706.198,2813.9666666666662,9356.66666666667,100,100,1087,4.178786936572478,8.607789021772465,4.854841947555542,-2813.9666666666662,-0.0172920657102676,48.65218510347254,0.45854466539971966,0.01965005963917493,0.10489612554802615,252,160.58930010847197,0.3029594421386719
253,1712.267,2896.303333333334,9321.66666666667,100,100,1090,4.627245503857971,8.5519877675841,5.367799520492554,-2896.303333333334,-0.011010299798929028,53.03151188956367,0.438523117866781,0.02455307313680856,0.1271701388888889,253,160.65663280434654,0.3029594421386719
254,1718.173,2858.586666666667,9297.333333333338,100,100,1087,4.62526540921379,8.553204538485131,5.336179971694946,-2858.586666666667,-0.020577722831684,48.1132594276877,0.41549596015144796,0.011691012921373305,0.10585901097339742,254,160.7369840761054,0.3029594421386719
255,1724.261,2892.0633333333335,9311.333333333338,100,100,1090,4.7480079822814725,8.542507645259942,5.489196062088013,-2892.0633333333335,-0.0012298771697613928,46.68871339162191,0.3833752285896076,0.013785818889219727,0.1115451388888889,255,160.8016108581358,0.3029594421386719
256,1730.317,2769.833333333333,9117.666666666666,100,100,1089,4.7457908166664815,8.372513008876645,5.475867748260498,-2769.833333333333,0.003970608943038517,33.79779544141557,0.36290540111561614,0.016392170477451548,0.10633680555555555,256,160.86824060860053,0.3029594421386719
257,1736.347,2814.4300000000007,9276.33333333334,100,100,1087,4.744227785187008,8.533885311254222,5.464430570602417,-2814.4300000000007,-0.009592423078549258,45.9041478213142,0.3435684210237335,0.011837735703653273,0.09748482758946278,257,160.9355336180247,0.3029594421386719
258,1742.462,2744.2466666666664,9188.666666666666,100,100,1088,4.812802296702798,8.44546568627451,5.547199010848999,-2744.2466666666664,-0.008780246545725009,57.15808195226333,0.37992062375825997,0.03671163012383177,0.10845588235294118,258,160.99520250585056,0.3029594421386719
259,1748.513,2797.3300000000013,9275.0,100,100,1087,4.753332289078006,8.532658693652253,5.470941066741943,-2797.3300000000013,-0.015545621404753011,44.48520587472355,0.4160846945117502,0.022508797804167605,0.09338527107063462,259,161.0598163717992,0.3029594421386719
260,1762.569,2734.7833333333333,9175.333333333336,100,100,1088,4.774038418926305,8.433210784313728,5.499981641769409,-2734.7833333333333,-0.011783526689909837,46.63182006162756,0.4242401368477765,0.01744439867530566,0.09650735294117647,260,161.12151228159937,0.3029594421386719
261,1768.242,2687.6399999999994,9209.33333333333,100,100,1088,4.4133334566354545,8.464460784313722,5.096550464630127,-2687.6399999999994,-0.017840170274105144,48.49891157711254,0.4522174447774887,0.026365906869828263,0.11121323529411764,261,160.49326873374477,0.3029594421386719
262,1773.778,2804.6133333333332,9164.333333333332,100,100,1085,4.215207743707375,8.446390168970813,4.876229286193848,-2804.6133333333332,-0.017106893855859253,40.72376402686624,0.46154324798023,0.005199450143503354,0.10514103128191303,262,160.6040513367975,0.3029594421386719
263,1779.766,2737.313333333335,9175.666666666673,100,100,1086,4.680823387867989,8.449048496009828,5.397820949554443,-2737.313333333335,-0.019026569200350958,38.475839390474206,0.4529363618177526,0.007319143199471428,0.10489800747703104,263,160.67401185346696,0.3029594421386719
264,1785.825,2743.129999999999,9312.666666666668,100,100,1089,4.74599393959524,8.55157636975819,5.465240478515625,-2743.129999999999,-0.08540278823218411,43.184652699364555,0.5052095510893397,0.012943908944079239,0.08463541666666667,264,160.7385845460536,0.3029594421386719
265,1791.921,2679.8166666666684,9086.000000000007,100,100,1087,4.7963006425564965,8.358785648574063,5.525974750518799,-2679.8166666666684,-0.015892681227449107,27.640430001651538,0.4537007291527355,0.018577356819364736,0.10537027348490323,265,160.79838644855798,0.3029594421386719
266,1798.02,2775.1900000000005,9174.333333333336,100,100,1089,4.787010561372944,8.424548515457609,5.514925718307495,-2775.1900000000005,-0.031211141134715743,48.56024302376641,0.4401376181178623,0.025756957391018256,0.13671875,266,160.8586674090607,0.3029594421386719
267,1804.092,2723.6966666666676,9231.666666666672,100,100,1088,4.764039798400892,8.484987745098044,5.494009971618652,-2723.6966666666676,-0.015427661347476876,31.089616943808164,0.4729764733244391,0.009357721866656314,0.07306985294117647,267,160.92029993072387,0.3029594421386719
268,1810.196,2662.366666666667,9039.0,100,100,1090,4.782988900348647,8.292660550458715,5.5166826248168945,-2662.366666666667,-0.023638836935990386,35.22696020868089,0.49636077715290916,0.020984592659968056,0.09375,268,160.97976739212442,0.3029594421386719
269,1816.288,2697.2833333333333,9085.999999999995,100,100,1084,4.804455626212968,8.381918819188186,5.514289140701294,-2697.2833333333333,-0.01715901039321633,28.799946588628433,0.4249223882661146,0.006883840987404042,0.08446691190714345,269,161.03671393821122,0.3029594421386719
270,1830.219,2914.45,9405.000000000002,100,100,1086,4.796925687761102,8.66022099447514,5.5221123695373535,-2914.45,-0.016871962846968982,62.98767235699822,0.3912593415554832,0.010777323934770025,0.08017077779068667,270,161.0945489489379,0.3029594421386719
271,1835.927,2691.0933333333332,8993.999999999998,100,100,1086,4.457973296030272,8.281767955801103,5.143075227737427,-2691.0933333333332,-0.010534398641218157,34.54969232222613,0.4240998967605479,0.01847622699022074,0.09578095332664602,271,160.49710189925622,0.3029594421386719
272,1841.413,2741.8466666666673,9058.000000000004,100,100,1089,4.206726171569754,8.317722681359049,4.881150960922241,-2741.8466666666673,-0.04655524824435512,31.32143908076816,0.38023038518925506,0.005018643355773141,0.08637152777777778,272,160.61038942914016,0.3029594421386719
273,1847.466,2768.8800000000006,9108.000000000004,100,100,1083,4.7875126499797895,8.40997229916898,5.490149736404419,-2768.8800000000006,-0.014277559376376517,43.82652709063362,0.3904866295702317,0.015664749244666275,0.08414599956835017,273,160.67034054651083,0.3029594421386719
274,1853.581,2881.046666666667,9295.999999999996,100,100,1088,4.793736117576105,8.54411764705882,5.532897710800171,-2881.046666666667,-0.01975952724323553,48.71681247038,0.36578037370653715,0.011836500461761127,0.08455882352941177,274,160.72726133971526,0.3029594421386719
275,1859.677,2857.296666666666,9339.666666666666,100,100,1088,4.7820930131445705,8.584252450980392,5.509259462356567,-2857.296666666666,-0.015591858091818936,41.98785815519445,0.38472267284112815,0.01628021790426882,0.09558823529411764,275,160.78542738159913,0.3040122985839844
276,1865.787,2728.616666666667,9069.666666666666,100,100,1089,4.78520119339108,8.328435873890419,5.513859510421753,-2728.616666666667,-0.028129375177539058,34.70245644450188,0.3396514405806859,0.004349845396872196,0.12413194444444445,276,160.84264952272875,0.3040122985839844
277,1871.962,2768.626666666666,9198.000000000002,100,100,1089,4.8341796149972645,8.44628099173554,5.581204175949097,-2768.626666666666,-0.07761526767474909,34.053365839852226,0.3549639657139778,0.03449825954804611,0.12890625,277,160.89374574656537,0.3040122985839844
278,1878.078,2924.4333333333343,9381.333333333338,100,100,1087,4.794902482118008,8.630481447408775,5.535090446472168,-2924.4333333333343,-0.016634166131124777,48.17179051567526,0.32185887457693324,0.006230144015075091,0.08691497464828632,278,160.94861615500062,0.3040122985839844
279,1884.214,2691.643333333334,9028.0,100,100,1088,4.807728494330043,8.297794117647058,5.552933931350708,-2691.643333333334,-0.01310767830513856,40.9386625289917,0.30217813437475877,0.02769325042198248,0.0900735294117647,279,161.00188869622195,0.3040122985839844
280,1898.247,2821.376666666666,9365.333333333336,100,100,1089,4.797568871435274,8.599938781756967,5.530504465103149,-2821.376666666666,-0.05465634762206011,38.75820626152886,0.31443866880403626,0.01428116662039732,0.08289930555555555,280,161.05622666153286,0.3040122985839844
281,1904.027,2792.3500000000004,9192.66666666667,100,100,1091,4.469526488496986,8.425908952031778,5.180193662643433,-2792.3500000000004,-0.017445521739621956,41.63499344719781,0.30085524006022346,0.021518945855657674,0.1125578706463178,281,160.47146201791068,0.3040122985839844
282,1909.8,2680.370000000001,9020.333333333336,100,100,1086,4.254248805672555,8.306015960712095,4.91838002204895,-2680.370000000001,-0.015294093309956439,43.19222607332117,0.2546264055897208,0.011686939642566037,0.09388342017636579,282,160.55511037524352,0.3040122985839844
283,1915.857,2717.3566666666675,9044.333333333332,100,100,1086,4.561358287867886,8.328115408225905,5.265359163284302,-2717.3566666666675,-0.015341501135159941,36.79490050147562,0.26548394297852235,0.02343633009449524,0.08012630439856473,283,160.6143061794202,0.3040122985839844
284,1921.862,2836.5299999999993,9243.999999999998,100,100,1088,4.564258457856554,8.496323529411763,5.271885395050049,-2836.5299999999993,-0.014178923769470523,44.08832157359404,0.26713930683977466,0.023527051174931007,0.08042279411764706,284,160.67858075966495,0.3040122985839844
285,1927.845,2819.9633333333327,9370.333333333327,100,100,1088,4.595943195454311,8.61243872549019,5.311250925064087,-2819.9633333333327,-0.011820004814687897,34.89975082173067,0.27209266844917745,0.018886362805086022,0.07904411764705882,285,160.74425545359546,0.3040122985839844
286,1933.763,2792.293333333333,9151.333333333332,100,100,1087,4.633946733664046,8.418889911070222,5.333761215209961,-2792.293333333333,-0.015002257464563145,43.72268042844885,0.2967241112800205,0.019994540143456748,0.08698062598705292,286,160.81439571458773,0.3040122985839844
287,1939.797,2749.2500000000014,9123.666666666673,100,100,1087,4.736000368467566,8.393437595829507,5.458945989608765,-2749.2500000000014,-0.012971801628523013,35.54326719396255,0.33749065723489313,0.007626133599842433,0.07366071509964325,287,160.8745313612051,0.3040122985839844
288,1945.861,2702.9000000000005,9141.000000000004,100,100,1087,4.766384451954241,8.409383624655018,5.4821226596832275,-2702.9000000000005,-0.017785700585912254,39.662657737731934,0.3031412192127284,0.02256103088695775,0.09757236281738561,288,160.93180843746066,0.3040122985839844
289,1951.929,2741.1566666666668,9241.666666666666,100,100,1087,4.764476450346067,8.501993253603189,5.48779034614563,-2741.1566666666668,-0.012627021738273255,43.452350223765656,0.2881140459109755,0.0131174774347421,0.08883345061365296,289,160.98842399246402,0.3040122985839844
290,1965.86,2697.2766666666666,9072.000000000002,100,100,1088,4.764588235475992,8.338235294117649,5.484417915344238,-2697.2766666666666,-0.015561806421507807,44.80417610617245,0.2642480327802546,0.02401861669632661,0.0900735294117647,290,161.04584362369692,0.3040122985839844
291,1971.584,2710.336666666666,9121.666666666668,100,100,1089,4.421159047787347,8.376186103458831,5.113692998886108,-2710.336666666666,-0.00016831513494253159,45.66617553763919,0.2409767191339698,0.01862018322248736,0.07855902777777778,291,160.4877432704671,0.3040122985839844
292,1977.05,2809.2933333333335,9193.333333333334,100,100,1088,4.207588142248021,8.449754901960786,4.893223285675049,-2809.2933333333335,-0.011652668609338649,46.631375425002155,0.28172733766191144,0.019736568587284314,0.07352941176470588,292,160.59429302048403,0.3040122985839844
293,1983.12,2782.403333333333,9246.333333333327,100,100,1087,4.774567709675379,8.506286415210052,5.492909669876099,-2782.403333333333,-0.014479003244024865,38.556457070743335,0.26629341612843904,0.020076952028937417,0.07780403873937972,293,160.65087850508638,0.3040122985839844
294,1989.224,2795.9200000000005,9258.33333333333,100,100,1088,4.786235662001726,8.509497549019605,5.52203893661499,-2795.9200000000005,-0.010761388413169804,36.99835771672866,0.2864638435489991,0.019465648918412626,0.08042279411764706,294,160.70490496526162,0.3040122985839844
295,1995.326,2823.683333333334,9323.333333333332,100,100,1087,4.796555932253948,8.577123581723397,5.523992300033569,-2823.683333333334,-0.008960931507103583,33.74270001579733,0.2533055438714869,0.029759139582679114,0.06946632846751634,295,160.75825449783062,0.3040122985839844
296,2001.422,2758.023333333333,9253.666666666672,100,100,1085,4.793655574600715,8.528725038402463,5.508678436279297,-2758.023333333333,-0.013832526336259702,41.57749574324664,0.3179118234445067,0.0184229125323541,0.08864211619776838,296,160.8106276669333,0.3040122985839844
297,2007.54,2838.8833333333328,9234.333333333332,100,100,1089,4.77984600755599,8.479644934190388,5.50493311882019,-2838.8833333333328,-0.03995046547303597,46.63340589735243,0.2996872112105646,0.01264216669369489,0.08246527777777778,297,160.8630293728945,0.3040122985839844
298,2013.616,2611.4766666666656,9094.999999999996,100,100,1087,4.763149863803843,8.3670653173873,5.480211496353149,-2611.4766666666656,-0.012412926894338691,32.32114337472355,0.3886152216616799,0.04842286170049406,0.08007994918700527,298,160.91745839104192,0.3040122985839844
299,2019.726,2738.583333333333,9253.333333333334,100,100,1090,4.769249726407264,8.489296636085628,5.502716302871704,-2738.583333333333,-0.025948232919391658,36.67986759543419,0.3455922876795133,0.023146837464688968,0.09114583333333333,299,160.97033851181118,0.3040122985839844
300,2033.733,2763.433333333334,9164.66666666667,100,100,1087,4.782994755003139,8.431156087089853,5.499006986618042,-2763.433333333334,-0.012939115328823818,34.648634293500116,0.370343169745277,0.015306835449711583,0.07042921378332026,300,161.02339706881455,0.3040122985839844
301,2039.418,2739.3933333333325,9260.666666666666,100,100,1090,4.406756695804246,8.496024464831804,5.09769606590271,-2739.3933333333325,0.021831414714041684,40.6129535039266,0.3372241287595696,0.02644465993055039,0.09722222222222222,301,160.48349254627442,0.3040122985839844
302,2044.944,2783.683333333333,9250.666666666666,100,100,1089,4.229761245964083,8.494643403734312,4.9255805015563965,-2783.683333333333,-0.033187352690017886,36.438490768273674,0.26124711089424735,0.012935245396672852,0.0759548611111111,302,160.5824240039945,0.3040122985839844
303,2051.055,2682.67,9082.66666666667,100,100,1091,4.766310450145471,8.32508402077605,5.50876259803772,-2682.67,0.015522652667843632,30.936849488152397,0.30655376861492795,0.020624923552127764,0.08116319444444445,303,160.63583904687422,0.3040122985839844
304,2057.125,2707.8533333333326,9171.333333333328,100,100,1087,4.773485831673863,8.437289175099659,5.499133825302124,-2707.8533333333326,-0.014093448188813293,40.56034963271197,0.26350457484231277,0.023100505002356143,0.08651377238771495,304,160.69030859539546,0.3040122985839844
305,2063.265,2828.983333333333,9324.0,100,100,1088,4.8044188415053,8.569852941176471,5.554710388183594,-2828.983333333333,-0.013126073733848683,37.74670886993408,0.2686644244719954,0.011020002290880418,0.0896139705882353,305,160.73938513970688,0.3040122985839844
306,2069.332,2777.6833333333325,9138.0,100,100,1086,4.771133145775378,8.414364640883978,5.49574089050293,-2777.6833333333325,-0.01225644169265733,53.97687048070571,0.25255706205087547,0.016287255018730375,0.07415203969268237,306,160.79298081128283,0.3040122985839844
307,2075.536,2867.11,9238.666666666662,100,100,1090,4.775269909274824,8.475840978593268,5.541381120681763,-2867.11,-0.008813984950797426,42.39056404431661,0.29177109421127373,0.027003714168030355,0.09895833333333333,307,160.83758735013276,0.3040122985839844
308,2081.559,2727.7799999999993,9189.333333333332,100,100,1088,4.721632076860474,8.446078431372548,5.444754362106323,-2727.7799999999993,-0.015633095357128802,45.58042346729952,0.3141533031183131,0.008324628332903719,0.09466911764705882,308,160.89480574622957,0.3040122985839844
309,2087.685,2757.4133333333325,9081.333333333328,100,100,1089,4.788481910465862,8.33914906642179,5.532110691070557,-2757.4133333333325,0.002758056339290407,41.92282689942254,0.3607891442047225,0.030992353477308318,0.11979166666666667,309,160.9443296399443,0.3040122985839844
310,2101.705,2801.22,9145.33333333333,100,100,1086,4.780016851724635,8.421117249846528,5.498815298080444,-2801.22,-0.012685202692142305,41.19074148290298,0.34353698483284784,0.011974115871399751,0.07831771803252838,310,160.99540640272522,0.3040122985839844
311,2107.444,2794.9333333333325,9280.33333333333,100,100,1090,4.446842752871266,8.51406727828746,5.149843692779541,-2794.9333333333325,0.0331406090925965,38.414277447594536,0.35585620833767784,0.01193303012728898,0.07508680555555555,311,160.4678281127649,0.3040122985839844
312,2113.003,2758.153333333333,9143.333333333336,100,100,1087,4.2332938379413605,8.411530205458451,4.9037744998931885,-2758.153333333333,-0.013850392664180082,37.29590214000029,0.3044976210769485,0.020695496004704824,0.08517156935790006,312,160.5601095066398,0.3040122985839844
313,2119.05,2682.1633333333325,9020.000000000004,100,100,1090,4.661607249520309,8.27522935779817,5.38508677482605,-2682.1633333333325,0.004569626051104731,40.51699251598782,0.33298007729980683,0.012110825063751286,0.0802951388888889,313,160.6162862869094,0.3040122985839844
314,2125.071,2729.866666666667,9269.33333333333,100,100,1086,4.70639429083883,8.535297728667892,5.426855087280273,-2729.866666666667,-0.015018330558257945,34.398110053118536,0.38831614220843597,0.02749450200730387,0.08329874277114868,314,160.67224636770257,0.3040122985839844
315,2131.053,2745.3,9127.000000000004,100,100,1086,4.721002853591283,8.40423572744015,5.426016569137573,-2745.3,-0.015305893495678902,46.90113168604233,0.34608152421081767,0.0074805088738417805,0.07044592017636579,315,160.7308649019387,0.3040122985839844
316,2137.13,2789.3699999999994,9101.666666666662,100,100,1086,4.767335821834991,8.38090853284223,5.4749555587768555,-2789.3699999999994,-0.013391294133137254,57.444708207074335,0.35159427278182087,0.018411440507727948,0.09266781281022464,316,160.78196377221758,0.3040122985839844
317,2143.25,2716.9500000000007,9106.333333333338,100,100,1091,4.751871951930839,8.346776657500767,5.491135358810425,-2716.9500000000007,-0.00034203062144418556,47.550346586439346,0.35751909348699784,0.004360486856765217,0.10315393573708004,317,160.83197637469365,0.3040122985839844
318,2149.31,2816.806666666667,9220.66666666667,100,100,1088,4.77261259145641,8.474877450980395,5.495630264282227,-2816.806666666667,-0.01576916254399454,47.1144261079676,0.42525118326439576,0.03817055546952521,0.07582720588235294,318,160.88463768170075,0.3040122985839844
319,2155.42,2746.4199999999996,9256.999999999998,100,100,1087,4.803560809883449,8.516099356025757,5.539515256881714,-2746.4199999999996,-0.01748667679288808,37.20874449786018,0.36104344795731935,0.02017276699103497,0.090686275240253,319,160.93290808099763,0.3040122985839844
320,2169.368,2757.103333333334,9192.333333333334,100,100,1086,4.797455984314399,8.46439533456108,5.521423578262329,-2757.103333333334,-0.009426830500802574,38.878155315623566,0.37204019900630503,0.01790016290375634,0.10639527965994443,320,160.98144487066196,0.3040122985839844
321,2174.989,2759.2733333333326,9126.66666666667,100,100,1086,4.360678913710642,8.403928790669125,5.028591871261597,-2759.2733333333326,-0.013630375759128262,38.40755098006304,0.34792613106615405,0.015523200704003958,0.09715962979723425,321,160.48357827760572,0.3040122985839844
322,2180.414,2764.706666666667,9144.666666666668,100,100,1089,4.16012736295219,8.397306397306398,4.8265440464019775,-2764.706666666667,-0.007467581088551217,36.06021253267924,0.36250559251684283,0.02509084329358302,0.07855902777777778,322,160.5837335580078,0.3040122985839844
323,2186.516,2783.72,9142.333333333338,100,100,1085,4.79747990805072,8.426113671274965,5.522851467132568,-2783.72,-0.01417805511942681,50.69616115794462,0.3490699801374884,0.011221932048690231,0.07053851237630143,323,160.63182590075218,0.3040122985839844
324,2192.615,2711.9599999999996,9098.333333333334,100,100,1089,4.765759043791481,8.354759718396082,5.4926817417144775,-2711.9599999999996,-0.007793755632721716,30.723676782179,0.33080166578292847,0.015891401925020747,0.06901041666666667,324,160.68172298059352,0.3040122985839844
325,2198.762,2734.7433333333333,9246.666666666672,100,100,1089,4.794880993453884,8.490970309152132,5.524860620498657,-2734.7433333333333,-0.019354886116666928,42.74816170003679,0.3251402778356957,0.014126563071234463,0.0998263888888889,325,160.72771221315367,0.3040122985839844
326,2204.837,2692.633333333334,9053.666666666666,100,100,1088,4.77705523981593,8.321384803921568,5.501975774765015,-2692.633333333334,-0.01279330050901455,46.26134283402387,0.3450767660842222,0.020159815979080602,0.07674632352941177,326,160.77830882717717,0.3040122985839844
327,2210.965,2853.7500000000005,9306.333333333332,100,100,1089,4.782913590732644,8.545760636669726,5.5183868408203125,-2853.7500000000005,-0.03856964207564791,63.264073775874245,0.3226725065873729,0.01583434294702278,0.07074652777777778,327,160.8252728041831,0.3040122985839844
328,2216.997,2785.473333333334,9309.999999999998,100,100,1085,4.750787096166734,8.58064516129032,5.454244136810303,-2785.473333333334,-0.013742972850142157,41.3894520927878,0.3446986710324007,0.01859341435278218,0.07749969808056074,328,160.87714247145715,0.3040122985839844
329,2223.128,2760.7166666666667,9222.0,100,100,1089,4.78786648530342,8.46831955922865,5.521284818649292,-2760.7166666666667,-0.06595360539439651,43.027773804134796,0.34393150607744855,0.01812601236290195,0.1111111111111111,329,160.9232785265085,0.3040122985839844
330,2237.102,2776.1600000000008,9081.000000000002,100,100,1088,4.751189429846229,8.346507352941178,5.464470863342285,-2776.1600000000008,-0.016669588108711383,40.959945005529065,0.3745366887134664,0.012315926284132087,0.09053308823529412,330,160.97484847702617,0.3040122985839844
331,2242.801,2668.333333333334,9008.0,100,100,1087,4.425933396507126,8.287028518859247,5.097213506698608,-2668.333333333334,-0.012508474180803579,43.65399203580969,0.3970211034311968,0.007280974755892256,0.10580794885754585,331,160.4814584842875,0.3040122985839844
332,2248.361,2780.046666666666,9207.666666666664,100,100,1085,4.2208860822511225,8.4863287250384,4.881185293197632,-2780.046666666666,-0.017625005258356825,31.19345530341653,0.40427849310285907,0.014574500208254904,0.09820244636605768,332,160.5671806186111,0.3040122985839844
333,2254.376,2766.5066666666667,9254.333333333336,100,100,1089,4.635183654936788,8.498010407101319,5.351562976837158,-2766.5066666666667,-0.06536733928240007,32.99237680435181,0.4192376020881865,0.016109616566811584,0.10850694444444445,333,160.62185128698184,0.3040122985839844
334,2260.328,2775.796666666667,9124.666666666666,100,100,1088,4.6683375000130205,8.386642156862745,5.376846790313721,-2775.796666666667,-0.018962386009447715,34.18748277776382,0.5158985975910636,0.022224838390042457,0.12270220588235294,334,160.68024422894933,0.3040122985839844
335,2266.44,2742.953333333334,9023.000000000002,100,100,1087,4.788736798526358,8.300827966881327,5.533139944076538,-2742.953333333334,-0.015807163408573938,35.099568871890796,0.43336643015637116,0.008635635272024529,0.0856165390680818,335,160.72648665319753,0.3040122985839844
336,2272.413,2736.2466666666664,9223.66666666667,100,100,1085,4.70720562141835,8.501075268817207,5.399978876113892,-2736.2466666666664,-0.011167749105130924,34.109469301560345,0.41876033474417296,0.005626070004997446,0.0830144041820484,336,160.7815134504565,0.3040122985839844
337,2278.583,2838.246666666667,9270.999999999993,100,100,1090,4.81686431181899,8.505504587155956,5.5678675174713135,-2838.246666666667,-0.01233222314880954,42.60119339492586,0.41848740975062054,0.01756727514697963,0.10460069444444445,337,160.82454485833293,0.3040122985839844
338,2284.682,2812.0766666666664,9233.999999999995,100,100,1089,4.763676307832906,8.479338842975201,5.493494749069214,-2812.0766666666664,0.011772214538521238,31.066620018747116,0.35847515530056423,0.007244827579092493,0.08723958333333333,338,160.87181459175116,0.3040122985839844
339,2290.764,2883.286666666667,9375.666666666666,100,100,1088,4.758063605121981,8.61734068627451,5.488917350769043,-2883.286666666667,-0.016384387991445905,43.98352998845718,0.3791918114704244,0.014737700427170186,0.08547794117647059,339,160.91967499055923,0.3040122985839844
340,2304.762,2759.0533333333337,9153.000000000002,100,100,1089,4.770046649385274,8.404958677685952,5.50389552116394,-2759.0533333333337,-0.00591509323567152,40.56720651520623,0.37244556637273896,0.02250891408119868,0.1076388888888889,340,160.9659254952031,0.3040122985839844
341,2310.506,2801.5766666666673,9181.333333333338,100,100,1088,4.4394894305108155,8.438725490196083,5.132110118865967,-2801.5766666666673,-0.015444509739823201,40.22971175698673,0.324491238769363,0.020360463572775617,0.08639705882352941,341,160.4869447883733,0.3040122985839844
342,2316.022,2782.5333333333338,9180.000000000004,100,100,1085,4.197020646000135,8.46082949308756,4.855663776397705,-2782.5333333333338,-0.014044094830751419,44.850717320161706,0.3018767448032604,0.01218417362200425,0.0972607276018928,342,160.57317126949482,0.3040122985839844
343,2322.095,2659.816666666666,8856.0,100,100,1090,4.700075779985978,8.124770642201835,5.431333065032959,-2659.816666666666,-0.055172425953464374,43.25620889663696,0.24948231813808283,0.014881820906238217,0.0759548611111111,343,160.62262820150968,0.3040122985839844
344,2328.295,2795.453333333334,9166.999999999998,100,100,1090,4.727874861585848,8.410091743119265,5.48108983039856,-2795.453333333334,-0.03542217498438226,35.02786302566528,0.2987909443262551,0.015168970237330845,0.08723958333333333,344,160.6631006759795,0.3040122985839844
345,2334.984,2853.133333333333,9203.999999999998,100,100,1086,5.276792632324988,8.47513812154696,6.090700626373291,-2853.133333333333,-0.013158838576226331,37.524641036987305,0.2655450083753642,0.024688950257019743,0.09256404156194013,345,160.66788719616153,0.3040122985839844
346,2341.143,2770.726666666667,9114.0,100,100,1090,4.789451375783105,8.361467889908257,5.549446105957031,-2770.726666666667,-0.011417357820189662,38.77104398939345,0.2891254404352771,0.016231675076091454,0.07074652777777778,346,160.710840628637,0.3040122985839844
347,2347.288,2808.146666666667,9240.666666666659,100,100,1089,4.785964463232812,8.485460667278842,5.526007890701294,-2808.146666666667,0.026894232361680932,35.43712888823615,0.32596765955289203,0.009193757329032652,0.07899305555555555,347,160.75406568026492,0.3040122985839844
348,2353.357,2717.9599999999996,9056.666666666664,100,100,1087,4.775751423987748,8.331800061330878,5.497807025909424,-2717.9599999999996,-0.01756487145800801,40.403194932376636,0.3527127127437031,0.010135546552619952,0.08696603665457052,348,160.80139301667157,0.3040122985839844
349,2359.503,2663.883333333333,8969.999999999998,100,100,1088,4.827204595130752,8.244485294117645,5.568509101867676,-2663.883333333333,-0.010268522152567612,45.73740667455337,0.31157148892388625,0.012395930106696837,0.10018382352941177,349,160.84361903570115,0.3040122985839844
350,2373.522,2785.1366666666663,9109.33333333333,100,100,1084,4.781222139954278,8.403444034440342,5.483401298522949,-2785.1366666666663,-0.015248544623746592,35.3241444756003,0.39319343426648307,0.019942918586928177,0.07432598072816343,350,160.88907594548112,0.3040122985839844
351,2379.199,2843.72,9193.666666666664,100,100,1085,4.412236957046877,8.473425499231949,5.086363077163696,-2843.72,-0.014588191612240146,35.82929027781767,0.3397210972274051,0.012457088132471065,0.08953863250858643,351,160.42372474140674,0.3040122985839844
352,2384.716,2830.9099999999994,9276.666666666664,100,100,1087,4.255347008060359,8.534191965654705,4.935014486312866,-2830.9099999999994,-0.014514241038876422,34.97713655583999,0.3703703836483114,0.00959329928874093,0.06168300680377904,352,160.5085160909821,0.3040122985839844
353,2390.83,2731.54,9064.666666666668,100,100,1091,4.771313751901745,8.308585395661474,5.511752367019653,-2731.54,-0.04836253045747677,33.670162465837265,0.421675819489691,0.009471696930833988,0.07725694444444445,353,160.55427029887906,0.3040122985839844
354,2396.844,2798.42,9272.000000000002,100,100,1084,4.7416573773117605,8.553505535055352,5.440345525741577,-2798.42,-0.01660098655916312,36.31177358066334,0.44693905115127563,0.008565788598977686,0.08462009863818393,354,160.60367234755958,0.3040122985839844
355,2402.96,2702.083333333333,9124.000000000004,100,100,1089,4.7875194672642225,8.37832874196511,5.5149877071380615,-2702.083333333333,0.006918156571272347,37.84148912424118,0.43164733548959094,0.020477997831120674,0.08550347222222222,355,160.6481626667353,0.3040122985839844
356,2409.023,2745.0666666666675,9051.999999999998,100,100,1086,4.765965376700177,8.335174953959482,5.487954616546631,-2745.0666666666675,-0.011287252254345837,41.00483064090504,0.4674837291240692,0.019678781505824777,0.08937677872531555,356,160.69463596636942,0.3040122985839844
357,2415.215,2764.726666666667,9159.0,100,100,1089,4.818295958516923,8.410468319559229,5.580050468444824,-2764.726666666667,-0.0059427479023320805,37.673314978679024,0.5070262692040868,0.008344639969032465,0.07508680555555555,357,160.73348828815182,0.3040122985839844
358,2421.277,2669.753333333332,8942.999999999996,100,100,1088,4.748461117581909,8.219669117647056,5.47847843170166,-2669.753333333332,-0.017835160279098677,41.73105716705322,0.4703964696210973,0.007574588399353053,0.07261029411764706,358,160.78049686540749,0.3040122985839844
359,2427.282,2782.2666666666673,9265.666666666672,100,100,1090,4.685440092612434,8.500611620795112,5.416973829269409,-2782.2666666666673,0.011468898556712601,42.03993202911483,0.45783660043444896,0.017179125955509435,0.06336805555555555,359,160.83174925603512,0.3040122985839844
360,2441.243,2814.48,9251.999999999998,100,100,1084,4.781332654608723,8.535055350553504,5.5038275718688965,-2814.48,-0.012397884117329823,45.589442028718835,0.4529014457674587,0.0026090420672998708,0.06608455902075067,360,160.87561437682484,0.3040122985839844
361,2446.983,2670.203333333333,9085.999999999998,100,100,1088,4.462683273017961,8.35110294117647,5.159199476242065,-2670.203333333333,-0.011143824249944267,43.4790028964772,0.4684407842509887,0.023979990681469002,0.07996323529411764,361,160.42455250275975,0.3040122985839844
362,2452.505,2767.023333333333,9162.666666666666,100,100,1087,4.197795308823076,8.429316160686906,4.863683223724365,-2767.023333333333,-0.013420232188175707,44.63178758060231,0.4502870326533037,0.02426663795760011,0.06715394523652161,362,160.50652738409846,0.3040122985839844
363,2458.475,2708.6933333333327,9111.666666666668,100,100,1087,4.6685955835473765,8.382398037411837,5.381731748580933,-2708.6933333333327,-0.015191329177469015,52.65034103393555,0.4383400494561476,0.016106511135791046,0.0538340339108425,363,160.55887796202128,0.3040122985839844
364,2464.52,2687.65,9063.33333333333,100,100,1087,4.740033209518373,8.33793314934069,5.453886270523071,-2687.65,-0.014143475988770233,42.37500566594741,0.4255458440850763,0.009333665201933506,0.06073471082045751,364,160.60615061198098,0.3040122985839844
365,2470.63,2701.9233333333327,9036.333333333338,100,100,1089,4.769488430968542,8.297826752372211,5.503699779510498,-2701.9233333333327,0.0418206741515961,37.414495123757256,0.4000174692935414,0.018534266215283424,0.0625,365,160.64972342281126,0.3040122985839844
366,2476.646,2656.693333333333,8979.666666666662,100,100,1084,4.71446134643612,8.28382533825338,5.412679672241211,-2656.693333333333,-0.012985582573010641,47.481919905718634,0.37786612352904153,0.02539453236728578,0.06960784342578229,366,160.69717073427802,0.3040122985839844
367,2482.821,2692.3299999999995,9061.000000000002,100,100,1090,4.808838530379527,8.31284403669725,5.554254531860352,-2692.3299999999995,0.03635651359541549,42.15953228208754,0.3680757393853532,0.016331848707826186,0.07161458333333333,367,160.73652764805297,0.3040122985839844
368,2488.962,2742.78,9170.999999999998,100,100,1089,4.761550871824676,8.421487603305783,5.490171909332275,-2742.78,0.026110209835072357,44.27623140791224,0.367116816341877,0.005818484469071134,0.09288194444444445,368,160.77745337999275,0.3040122985839844
369,2494.991,2866.3900000000017,9393.666666666672,100,100,1088,4.729238696788396,8.633884803921573,5.456468820571899,-2866.3900000000017,-0.015078427817891626,42.85687889772303,0.39175457814160514,0.024474628844901043,0.08501838235294118,369,160.82503407300808,0.3040122985839844
370,2508.877,2703.9266666666676,9039.333333333336,100,100,1088,4.747985752414131,8.308210784313728,5.46686053276062,-2703.9266666666676,-0.01267282834605259,53.66199813169592,0.36107873828972087,0.020603814657079056,0.09283088235294118,370,160.87202443705067,0.3040122985839844
371,2514.525,2695.52,9115.666666666668,100,100,1087,4.392362006090877,8.386077890217726,5.0608484745025635,-2695.52,-0.01379281554288943,46.1069959191715,0.3802040087826112,0.01597677871434237,0.10488883077221758,371,160.44062402485102,0.3040122985839844
372,2520.016,2756.4733333333324,9192.333333333334,100,100,1089,4.211074104246104,8.441077441077441,4.894724607467651,-2756.4733333333324,0.013338070673247179,34.85802427927653,0.38949867834647495,0.01545575321910696,0.1328125,372,160.52318001436979,0.3040122985839844
373,2526.098,2699.006666666666,8957.999999999996,100,100,1088,4.779633639640558,8.233455882352938,5.505604028701782,-2699.006666666666,-0.012223601560382283,38.70217065250172,0.4257439234677483,0.014383704329649097,0.08455882352941177,373,160.56742373403776,0.3040122985839844
374,2532.214,2762.889999999999,9051.0,100,100,1088,4.802098989196512,8.318933823529411,5.535368204116821,-2762.889999999999,-0.014217277167036253,47.245788013233856,0.39551109163200154,0.014461116358528243,0.08731617647058823,374,160.60927185406538,0.3040122985839844
375,2538.327,2669.953333333334,8935.999999999998,100,100,1085,4.8103854352016056,8.235944700460827,5.536031007766724,-2669.953333333334,-0.007409043281393892,44.26768493652344,0.3863687576616512,0.021368708406739375,0.10337059944868088,375,160.64993767929548,0.3040122985839844
376,2544.42,2750.7300000000005,9234.0,100,100,1087,4.79764599766901,8.494940202391904,5.517983913421631,-2750.7300000000005,-0.008907262235879898,50.92635238871855,0.3876800870194155,0.012833366406780174,0.10305059569723465,376,160.69241324279383,0.3040122985839844
377,2550.563,2704.599999999999,9045.666666666662,100,100,1087,4.815382152438513,8.321680466114685,5.553592920303345,-2704.599999999999,-0.011899519054328693,50.544288635253906,0.4586021698573056,0.014777909245287232,0.09614991856848493,377,160.73154947434014,0.3040122985839844
378,2556.644,2713.796666666666,8931.666666666668,100,100,1087,4.785679576883354,8.216804661146888,5.5037407875061035,-2713.796666666666,-0.01077610971953939,36.14075049232034,0.470567986369133,0.019235101268243265,0.09293300713248112,378,160.7744408885165,0.3040122985839844
379,2562.784,2782.883333333333,9066.333333333334,100,100,1084,4.813870572101847,8.363776137761379,5.543917894363403,-2782.883333333333,-0.013807163943591364,33.23734300276812,0.48843930574024425,0.013603139230433632,0.08308823560090627,379,160.81223277152557,0.3040122985839844
380,2576.761,2754.190000000001,9173.000000000002,100,100,1086,4.795530754138079,8.446593001841622,5.506255388259888,-2754.190000000001,-0.019251139510957086,43.70817004933077,0.4097723575199352,0.01302962635150727,0.08567065920899897,380,160.85411083085694,0.3040122985839844
381,2582.491,2628.5500000000006,8921.33333333333,100,100,1084,4.469324079019144,8.230012300122999,5.142524480819702,-2628.5500000000006,-0.017916164689642543,50.48539290708654,0.4058942873688305,0.01816746502128594,0.09056372568011284,381,160.42536421495743,0.3040122985839844
382,2587.961,2789.3500000000004,9188.333333333336,100,100,1086,4.210344750286658,8.46071209330878,4.877087831497192,-2789.3500000000004,-0.018190740498111528,40.284565308514765,0.40555572246803956,0.010338877940632622,0.08713828246383105,382,160.50586818890866,0.3040122985839844
383,2594.025,2742.1366666666668,9101.333333333334,100,100,1084,4.794596218331321,8.396063960639607,5.497569561004639,-2742.1366666666668,-0.016777680529391065,47.92433435776655,0.46214185392155366,0.013821261113180834,0.09016544130795143,383,160.54854238263596,0.3040122985839844
384,2600.119,2787.449999999999,9280.666666666664,100,100,1088,4.786010938700843,8.53002450980392,5.507572889328003,-2787.449999999999,-0.013453813214950702,41.14392432044534,0.4791157578720766,0.02170374382609118,0.10294117647058823,384,160.59075686619704,0.3040122985839844
385,2606.207,2766.01,9182.999999999995,100,100,1088,4.764497791791869,8.440257352941172,5.482489109039307,-2766.01,-0.019073604167822528,32.12580456453211,0.4537581503391266,0.008363858207731563,0.09558823529411764,385,160.63304831520057,0.3040122985839844
386,2612.336,2791.646666666668,9203.666666666662,100,100,1089,4.793274930346487,8.45148454239363,5.523735761642456,-2791.646666666668,-0.009099002035024265,35.07749600874053,0.40120261079735225,0.012996147147431556,0.08637152777777778,386,160.67305654805844,0.3040122985839844
387,2618.439,2757.643333333333,9170.333333333332,100,100,1087,4.803651335058869,8.436369211898189,5.5323498249053955,-2757.643333333333,-0.020331723725094515,32.09319479325239,0.4481339726377936,0.009581043842070572,0.11270862576716087,387,160.71369968878568,0.3040122985839844
388,2624.512,2721.7266666666665,9101.0,100,100,1087,4.761348849589994,8.372585096596136,5.486113786697388,-2721.7266666666665,-0.02133204136043787,39.445270874921015,0.49906326129156,0.017042847049785505,0.10030053731273203,388,160.75600062973984,0.3040122985839844
389,2630.624,2787.7200000000007,9194.999999999998,100,100,1087,4.783434590616922,8.459061637534496,5.5138185024261475,-2787.7200000000007,-0.01969024188378278,34.29249224943273,0.485200418268933,0.013568830443546176,0.08972339003401644,389,160.7957401919418,0.3040122985839844
390,2644.713,2701.0233333333326,9150.66666666667,100,100,1090,4.790569998969008,8.395107033639146,5.516850709915161,-2701.0233333333326,-0.026964557719313435,33.65601146221161,0.42716532697280246,0.009304912411607802,0.09895833333333333,390,160.8343872726639,0.3040122985839844
391,2650.412,2716.533333333332,9021.333333333332,100,100,1086,4.421190794880637,8.306936771025168,5.095708131790161,-2716.533333333332,-0.019205112065024236,37.10517395243925,0.44738529447247,0.015728946261600974,0.09452087256838293,391,160.41627268206736,0.3040122985839844
392,2655.909,2691.466666666666,9095.0,100,100,1089,4.217140866602584,8.351698806244261,4.8992908000946045,-2691.466666666666,0.0064543132773704,49.09499345388677,0.4391339545448621,0.008449247579038557,0.11197916666666667,392,160.49422695224797,0.3040122985839844
393,2661.974,2817.0833333333344,9275.000000000002,100,100,1089,4.732583010936099,8.516988062442609,5.456000089645386,-2817.0833333333344,0.0020420271385875014,47.45435005426407,0.4365588393476274,0.02279371912219277,0.07942708333333333,393,160.5376197674565,0.3040122985839844
394,2668.08,2752.2599999999993,9165.33333333333,100,100,1088,4.789279595891404,8.424019607843135,5.524709701538086,-2752.2599999999993,-0.014651053037275286,39.77143455954159,0.39533479511737823,0.0172735862844788,0.09604779411764706,394,160.5780417569041,0.3040122985839844
395,2674.106,2797.4833333333327,9183.000000000002,100,100,1087,4.735056852699937,8.448022079116837,5.448636770248413,-2797.4833333333327,-0.015427367761731148,40.378536729251636,0.41034696996212006,0.014668674509534064,0.10259833143037908,395,160.62265859953794,0.3040122985839844
396,2680.177,2696.259999999999,9036.666666666664,100,100,1088,4.752670679355266,8.305759803921566,5.469602346420288,-2696.259999999999,-0.020180596586535957,33.516153784359204,0.42778580504305225,0.014323456195758326,0.10248161764705882,396,160.6648382404844,0.3040122985839844
397,2686.277,2774.046666666667,9244.999999999998,100,100,1087,4.781362922988976,8.505059797608094,5.512521505355835,-2774.046666666667,-0.018816779531976757,31.67036039689008,0.4166393446571687,0.013317651837817667,0.09800274297595024,397,160.70458896082621,0.3040122985839844
398,2692.334,2737.4,9167.666666666668,100,100,1088,4.748905239252696,8.426164215686276,5.468823432922363,-2737.4,-0.013383620747310273,30.838496432584876,0.4244932514779708,0.010278710961917086,0.07766544117647059,398,160.74717879549837,0.3040122985839844
399,2698.455,2839.6033333333344,9217.333333333338,100,100,1088,4.794204779232935,8.4718137254902,5.530635595321655,-2839.6033333333344,-0.018614508047261658,38.79421340717989,0.4359302266555674,0.006224543136982795,0.07996323529411764,399,160.785689984079,0.3040122985839844
400,2712.594,2712.063333333333,9117.33333333333,100,100,1090,4.7663661476156305,8.36452599388379,5.4979166984558105,-2712.063333333333,-0.005041383775985903,39.12775617175632,0.41138964229159886,0.012716314202407375,0.08246527777777778,400,160.82525560546267,0.3040122985839844
401,2718.354,2825.32,9190.333333333334,100,100,1090,4.438561193192156,8.431498470948013,5.1376588344573975,-2825.32,0.030823651494251356,40.042032135857475,0.4316288274195459,0.022504087964383263,0.1150173611111111,401,160.41065672221447,0.3040122985839844
402,2723.937,2729.1099999999988,9161.666666666668,100,100,1087,4.234066053757164,8.428396197485435,4.9083921909332275,-2729.1099999999988,-0.02088411250973449,43.20466052784639,0.41678958430009727,0.011651719776530038,0.08190359531299156,402,160.48096212466564,0.3040122985839844
403,2730.042,2814.9966666666674,9220.0,100,100,1089,4.682335904346141,8.466483011937557,5.4140753746032715,-2814.9966666666674,-0.072458541745113,40.5833461549547,0.4107521002491315,0.0135838448186405,0.08680555555555555,403,160.5209459521159,0.3040122985839844
404,2736.124,2740.9400000000005,9160.666666666673,100,100,1090,4.701282110688951,8.404281345565755,5.423392057418823,-2740.9400000000005,-0.04240282733614246,38.618847635057236,0.3589161966455221,0.015472609433345497,0.07855902777777778,404,160.56252822342555,0.3040122985839844
405,2742.15,2703.433333333333,9027.666666666668,100,100,1088,4.699577388451229,8.29748774509804,5.424978733062744,-2703.433333333333,-0.012989522752297275,42.56784085666432,0.35699934030280395,0.017414822452016834,0.08639705882352941,405,160.60642956659396,0.3040122985839844
406,2748.21,2818.25,9208.000000000002,100,100,1087,4.728145996989424,8.471021159153636,5.45123815536499,-2818.25,-0.02104284570497625,42.38342094421387,0.3712744739125757,0.021967909398132607,0.09432627260684967,406,160.64786676259948,0.3040122985839844
407,2754.3,2795.583333333332,9142.999999999998,100,100,1087,4.770981048712748,8.411223551057956,5.499429225921631,-2795.583333333332,-0.01568087036995327,46.250228545245,0.4108202676562702,0.009833075292750864,0.08232668091488235,407,160.6872630001614,0.3040122985839844
408,2760.369,2836.2500000000005,9257.666666666666,100,100,1088,4.761183730271809,8.508884803921568,5.485172510147095,-2836.2500000000005,-0.019028712830999318,31.082400714649875,0.4170394075267455,0.024938536609303865,0.10753676470588236,408,160.72822883891627,0.3040122985839844
409,2766.45,2802.5933333333337,9204.000000000002,100,100,1086,4.784702854642634,8.475138121546964,5.507641315460205,-2802.5933333333337,-0.02149018653504112,44.90522177079145,0.4655436724424362,0.017130506622111973,0.09950189730700325,409,160.76743372604042,0.3040122985839844
410,2780.541,2739.81,9050.333333333334,100,100,1088,4.807022888117524,8.318321078431373,5.553412675857544,-2739.81,-0.012546308667344205,36.38813400268555,0.47745368936482596,0.021733776923022505,0.11259191176470588,410,160.8031919254905,0.3040122985839844
411,2786.218,2715.4,9085.333333333328,100,100,1085,4.3994183407469825,8.373579109062975,5.073592901229858,-2715.4,-0.01617386442654499,46.25895359936882,0.488807539729511,0.017804940450279153,0.10734842060243382,411,160.40667163827897,0.3040122985839844
412,2791.666,2590.86,9024.333333333334,100,100,1089,4.174796050765934,8.286807468625652,4.851625442504883,-2590.86,0.013463365327980783,45.3147451877594,0.5679792165756226,0.007795901542219023,0.09635416666666667,412,160.483733600892,0.3040122985839844
413,2797.733,2825.243333333334,9316.333333333332,100,100,1088,4.739061855027959,8.56280637254902,5.466049909591675,-2825.243333333334,-0.017127135713749072,46.02925356696634,0.5292234815218869,0.009501045966959176,0.09191176470588236,413,160.52463437115796,0.3040122985839844
414,2803.839,2799.9566666666674,9206.999999999996,100,100,1088,4.780471231082201,8.462316176470585,5.523846864700317,-2799.9566666666674,-0.014516524313127293,41.67948004778694,0.5104851573705673,0.011085863738759038,0.09558823529411764,414,160.56305782245826,0.3040122985839844
415,2809.932,2805.403333333334,9391.000000000004,100,100,1089,4.751796696909778,8.62350780532599,5.480693101882935,-2805.403333333334,-0.06745193464060624,45.041231367323135,0.5350958803578073,0.0013984687264180845,0.125,415,160.60253193427255,0.3040122985839844
416,2816.033,2752.6866666666665,9126.666666666662,100,100,1086,4.791827164684691,8.403928790669118,5.519319295883179,-2752.6866666666665,-0.014573642655330546,30.724704349742215,0.4949508581091376,0.014793338507468648,0.0981528697644963,416,160.64020375473334,0.3040122985839844
417,2822.159,2736.6300000000006,9042.33333333333,100,100,1086,4.821130202017196,8.326273787599751,5.55367374420166,-2736.6300000000006,-0.01326626051655587,33.549245217267206,0.48969586456523223,0.018382414031828588,0.0801856022547273,417,160.67629119082838,0.3040122985839844
418,2828.282,2875.0599999999995,9228.333333333332,100,100,1091,4.764556095467609,8.458600672166208,5.5095226764678955,-2875.0599999999995,0.00170713657927182,41.14866246117486,0.46274257120158935,0.04221556911296728,0.09432870397965114,418,160.71419806100732,0.3040122985839844
419,2834.412,2757.6600000000008,9090.666666666664,100,100,1089,4.785931315119109,8.347719620446892,5.51977801322937,-2757.6600000000008,-0.006823166377014584,37.33324637677934,0.4270577218906813,0.01593107750522904,0.09461805555555555,419,160.75084641716097,0.3040122985839844
420,2848.43,2716.28,9139.333333333332,100,100,1084,4.7937825627580315,8.431119311193111,5.507552862167358,-2716.28,-0.01706842743955991,41.84349200304817,0.3982935714371064,0.019261322970337728,0.0915747554424931,420,160.7879087280865,0.3040122985839844
421,2854.187,2715.993333333334,9149.666666666662,100,100,1092,4.437765566463286,8.378815628815625,5.147483825683594,-2715.993333333334,-0.04013797635626462,35.01537013053894,0.39059419019354713,0.03256641610641964,0.09331597222222222,421,160.3995050844165,0.3040122985839844
422,2859.788,2836.67,9280.999999999998,100,100,1089,4.261639487225805,8.522497704315885,4.952555894851685,-2836.67,0.0364333710167557,41.61248837576972,0.3727535415026877,0.01357351121906605,0.08506944444444445,422,160.4661171363062,0.3040122985839844
423,2865.801,2744.376666666666,9169.999999999998,100,100,1085,4.721878431758882,8.451612903225804,5.435178518295288,-2744.376666666666,-0.014657410957357463,34.73485194935518,0.34253648098777323,0.014192552627612124,0.08981738173786331,423,160.50802396417654,0.3040122985839844
424,2871.875,2703.556666666667,9057.999999999998,100,100,1086,4.769067495137721,8.340699815837935,5.486753463745117,-2703.556666666667,-0.01276920098975739,34.45982478646671,0.3296563546447193,0.02572655028779991,0.092652988346184,424,160.54669251760416,0.3040122985839844
425,2878.01,2737.9666666666662,9212.333333333334,100,100,1089,4.7893863203623175,8.459442913988369,5.52944278717041,-2737.9666666666662,-0.051181973320328526,40.31456075774299,0.3304076550744186,0.011743070557713509,0.0842013888888889,425,160.58284213743624,0.3040122985839844
426,2884.084,2772.66,9067.333333333336,100,100,1086,4.7803725600268345,8.349294045426644,5.5004754066467285,-2772.66,-0.01620707315776278,43.22246899324305,0.3017789138590588,0.020965351356768653,0.09077027965994443,426,160.62119250197594,0.3040122985839844
427,2890.219,2680.5266666666666,9037.0,100,100,1089,4.784056384358435,8.29843893480257,5.522542238235474,-2680.5266666666666,0.0006818268965515825,36.38318112161424,0.3194435931088972,0.0176999772601347,0.08680555555555555,427,160.65703485297925,0.3040122985839844
428,2896.287,2738.7333333333345,9184.333333333338,100,100,1088,4.757013968521599,8.441482843137258,5.480431079864502,-2738.7333333333345,-0.015504427089848938,35.49486283694996,0.29581103999825087,0.012798538748243386,0.08731617647058823,428,160.6961031323317,0.3040122985839844
429,2902.396,2702.11,9016.333333333332,100,100,1088,4.776295678418726,8.28707107843137,5.520474672317505,-2702.11,-0.0120585037066656,37.35356762829949,0.28433661206680183,0.01665990983190782,0.09466911764705882,429,160.7327383464399,0.3040122985839844
430,2916.405,2711.433333333334,9109.666666666666,100,100,1089,4.7379521563473,8.365166819712273,5.460700273513794,-2711.433333333334,-0.006511391450961431,41.49522349238396,0.2930603308810128,-0.0010379359494739522,0.1072048611111111,430,160.7714320178393,0.3040122985839844
431,2922.145,2787.2199999999993,9176.0,100,100,1089,4.43198980861476,8.426078971533517,5.125146389007568,-2787.2199999999993,-0.010810940009024408,46.310507933298744,0.2551828651792473,0.019853795991770715,0.08550347222222222,431,160.3917409135274,0.3040122985839844
432,2927.82,2738.253333333333,9138.666666666668,100,100,1091,4.203721263196651,8.376413076688054,4.876489162445068,-2738.253333333333,0.002795139327645302,32.505484607484604,0.30979039726985824,0.024672855314242445,0.09114583333333333,432,160.45352434703332,0.3040122985839844
433,2933.763,2655.550000000001,8897.666666666664,100,100,1086,4.569918045887301,8.193063228974829,5.26557469367981,-2655.550000000001,-0.01325974312117871,29.39653200261733,0.2959091027869898,0.015807358763755903,0.1009546960977947,433,160.49867275934673,0.3040122985839844
434,2939.703,2661.246666666667,8839.000000000002,100,100,1088,4.650942463152152,8.124080882352942,5.354645252227783,-2661.246666666667,-0.013804560198503383,29.443977187661563,0.28074800223112106,0.025359031052657348,0.09053308823529412,434,160.5444252971633,0.3040122985839844
435,2945.764,2685.2766666666676,8862.666666666668,100,100,1088,4.7246840059575765,8.145833333333334,5.453966379165649,-2685.2766666666676,-0.015627637724666035,34.76230228648466,0.27843846687499213,0.020690949640565497,0.09558823529411764,435,160.58346842374468,0.3040122985839844
436,2951.851,2732.6833333333343,9182.333333333336,100,100,1089,4.7518819086493105,8.43189470462198,5.469756126403809,-2732.6833333333343,-0.012978177362432083,32.3987726105584,0.3367912918329239,0.027244288674814418,0.08637152777777778,436,160.62124184912392,0.3040122985839844
437,2957.921,2696.786666666667,9049.666666666664,100,100,1085,4.7758711513758465,8.340706605222731,5.484847068786621,-2696.786666666667,-0.012050104765769313,35.900427762199854,0.3305295565549065,0.01851168626864605,0.09914416534935727,437,160.6584359562731,0.3040122985839844
438,2964.027,2690.6166666666672,9110.333333333338,100,100,1088,4.786353862394154,8.373468137254905,5.5242533683776855,-2690.6166666666672,-0.012200343997820336,35.47227887546315,0.3555983116521555,0.02402073616737171,0.10018382352941177,438,160.69453990433252,0.3040122985839844
439,2970.115,2700.84,8990.000000000002,100,100,1088,4.782637588719166,8.262867647058826,5.5102698802948,-2700.84,-0.009656101081739454,35.100209348342,0.3510966949603137,0.03351588641731616,0.1213235294117647,439,160.731476015292,0.3040122985839844
440,2984.171,2662.7433333333324,8915.666666666666,100,100,1085,4.7796107824325285,8.217204301075268,5.488821744918823,-2662.7433333333324,-0.015615332378622363,35.27133565790513,0.37825039642698627,0.025038535145166164,0.1180990829187281,440,160.7672941316229,0.3040122985839844
441,2989.862,2699.66,9078.666666666666,100,100,1088,4.410841728659922,8.344362745098039,5.0934131145477295,-2699.66,-0.012931786861051531,40.24056490729837,0.40544873519855384,0.03500628328252146,0.10799632352941177,441,160.39667964622473,0.3040122985839844
442,2995.349,2865.5,9260.999999999998,100,100,1088,4.220977112388081,8.511948529411763,4.909456968307495,-2865.5,-0.0096535092110143,46.20730994729435,0.46610653312767253,0.03850336148239234,0.11994485294117647,442,160.46613142741373,0.3040122985839844
443,3001.476,2680.1699999999996,8956.999999999998,100,100,1089,4.79041138837923,8.22497704315886,5.514114141464233,-2680.1699999999996,0.0006314513480497731,36.26963172935777,0.48120105846060646,0.01732543775708311,0.07769097222222222,443,160.50143121928895,0.3040122985839844
444,3007.593,2771.86,9127.000000000002,100,100,1087,4.770167618981376,8.39650413983441,5.5002171993255615,-2771.86,-0.013326564968070564,43.32510835984174,0.5435909681460437,0.016903687624589485,0.09798085957984715,444,160.5363621764344,0.3040122985839844
445,3013.675,2877.616666666667,9269.66666666667,100,100,1090,4.74320541460648,8.504281345565753,5.4788899421691895,-2877.616666666667,0.0048789482356773484,69.10504754384358,0.5485921935113665,0.016278268135566678,0.0959201388888889,445,160.57405395972216,0.3040122985839844
446,3019.731,2733.7699999999995,9086.0,100,100,1087,4.74910735856937,8.358785648574058,5.465292453765869,-2733.7699999999995,-0.013196084593587062,53.53442910138298,0.5618964433670044,0.01792919158405686,0.10212418327436727,446,160.61199976542227,0.3040122985839844
447,3025.865,2756.3633333333337,9145.666666666666,100,100,1085,4.812447646255111,8.429185867895544,5.5419933795928955,-2756.3633333333337,-0.006748012869673616,41.307709637810206,0.5928199966164196,0.02608698470901479,0.12809637101257548,447,160.6449763787847,0.3040122985839844
448,3031.93,2763.7600000000007,9147.666666666666,100,100,1087,4.757398158879891,8.415516712664827,5.474570035934448,-2763.7600000000007,-0.015978844233733767,37.07335427228142,0.6026061291203779,0.028517617446863475,0.10858718546874382,448,160.68213225020617,0.3040122985839844
449,3038.02,2834.3500000000004,9258.666666666668,100,100,1084,4.788939574646602,8.541205412054122,5.503520727157593,-2834.3500000000004,-0.021057049531544393,51.346154661739575,0.6194001707960578,0.01386602722135756,0.0932598044986234,449,160.71692185588262,0.3040122985839844
450,3052.109,2838.383333333333,9236.666666666666,100,100,1089,4.764641963947766,8.481787572696662,5.500897169113159,-2838.383333333333,-0.017626174337541062,41.786965695778946,0.6081751278705068,0.0361198973065863,0.14973958333333334,450,160.75217195823117,0.3040122985839844
451,3057.82,2734.5566666666673,9132.666666666666,100,100,1088,4.424885845604448,8.393995098039214,5.109682559967041,-2734.5566666666673,-0.0188654197160812,43.35673837100758,0.6011044304160511,0.02186378253185574,0.10340073529411764,451,160.3881232333643,0.3040122985839844
452,3063.37,2680.1033333333344,9088.333333333336,100,100,1089,4.253954546337074,8.34557698194062,4.938989162445068,-2680.1033333333344,-0.04906413248843617,41.810515604085396,0.5590884391632345,0.030520134534324624,0.14322916666666666,452,160.45302090133964,0.3040122985839844
453,3069.481,2829.84,9221.33333333333,100,100,1091,4.756552705564301,8.452184540177205,5.4991230964660645,-2829.84,-0.019350726157426834,44.13603819741143,0.5657766022615962,0.025261730573321175,0.1488715277777778,453,160.48902017430842,0.3040122985839844
454,3075.571,2773.4466666666667,9231.666666666668,100,100,1088,4.760564431040514,8.48498774509804,5.482672214508057,-2773.4466666666667,-0.020716984372805145,41.75043470719282,0.5384163199102178,0.028481380048427072,0.15992647058823528,454,160.52496844173498,0.3040122985839844
455,3081.645,2785.0400000000004,9093.333333333336,100,100,1089,4.726703395349503,8.350168350168353,5.4592554569244385,-2785.0400000000004,-0.011044190679159429,42.154783407847084,0.5320311999983258,0.02055235304416985,0.1501736111111111,455,160.5619609317514,0.3040122985839844
456,3087.723,2756.8133333333312,9113.66666666666,100,100,1088,4.755892828731756,8.376531862745093,5.476370573043823,-2756.8133333333312,-0.01599810486111571,37.9652785132913,0.5127561968915603,0.018157984657377443,0.14292279411764705,456,160.59826543703684,0.3040122985839844
457,3093.848,2747.396666666666,9226.33333333333,100,100,1085,4.802656682821909,8.503533026113669,5.531450271606445,-2747.396666666666,-0.014839573051123059,50.53256893157959,0.5407094315570944,0.02057936105548459,0.12735806361717336,457,160.63103167501993,0.3040122985839844
458,3099.964,2783.6966666666676,9118.333333333332,100,100,1091,4.782146379423322,8.357775740910478,5.520954847335815,-2783.6966666666676,0.009501733041057983,44.179636266496445,0.5336022037598822,0.03140167526887833,0.15002893573708004,458,160.66603582104918,0.3040122985839844
459,3106.094,2906.4566666666665,9303.333333333334,100,100,1087,4.807241950715312,8.55872431769396,5.545287609100342,-2906.4566666666665,-0.021421382751534965,51.996599197387695,0.4904867252882789,0.002705625422737178,0.11456145017462618,459,160.6989485282527,0.3040122985839844
460,3120.044,2768.2600000000007,9038.333333333336,100,100,1086,4.7753664848658826,8.322590546347454,5.493182420730591,-2768.2600000000007,-0.01709186450085219,48.4163854823393,0.4866300891427433,0.009468058079672867,0.12710507564684925,460,160.73440528558555,0.3040122985839844
461,3125.775,2753.016666666667,9133.666666666666,100,100,1091,4.418910629675987,8.371830125267339,5.126233339309692,-2753.016666666667,-0.007919149990710948,53.88880390591092,0.5218878289063772,0.01219262709815262,0.12688078731298447,461,160.38360016987167,0.3040122985839844
462,3131.221,2835.4233333333336,9195.666666666668,100,100,1088,4.174048804784166,8.451899509803923,4.860558986663818,-2835.4233333333336,-0.02342930408742498,44.33246825723087,0.44439401696710024,0.020471101452130824,0.13419117647058823,462,160.45210349318495,0.3040122985839844
463,3137.34,2670.283333333334,8950.000000000005,100,100,1090,4.767827795275888,8.211009174311931,5.512616395950317,-2670.283333333334,0.003067555216451486,45.14973968267441,0.4340315355608861,0.01116132652775074,0.11197916666666667,463,160.48657942067862,0.3040122985839844
464,3143.46,2669.9633333333345,9058.33333333334,100,100,1089,4.76898833907477,8.318028772574232,5.50795841217041,-2669.9633333333345,-0.01616389058633811,54.64794124414524,0.4367337218589253,0.01901081523909751,0.12630208333333334,464,160.5206196091638,0.3040122985839844
465,3149.497,2781.2166666666662,9191.999999999998,100,100,1086,4.725059763010433,8.464088397790054,5.441120386123657,-2781.2166666666662,-0.016987374655025846,41.57907945969526,0.4374925222466974,0.010551455252639511,0.11053130907170913,465,160.5577054131598,0.3040122985839844
466,3155.604,2792.47,9183.666666666666,100,100,1088,4.775308913368088,8.440870098039214,5.513636589050293,-2792.47,-0.016809917383772487,47.69451853808235,0.44521915562012615,0.0048544437364291615,0.10891544117647059,466,160.5917676900069,0.3040122985839844
467,3161.686,2797.726666666668,9145.66666666667,100,100,1091,4.72964289567009,8.382829208677057,5.469896554946899,-2797.726666666668,0.03418883264789151,47.73359579510159,0.466555983449022,0.030355636541369475,0.1274594912926356,467,160.62795409384358,0.3040122985839844
468,3167.75,2675.4199999999996,9033.666666666662,100,100,1087,4.745052251347924,8.310640907697021,5.460077524185181,-2675.4199999999996,-0.020822526229655042,28.729254778693704,0.41449691705843983,0.02161773871835869,0.1122782451703268,468,160.6635437346021,0.3040122985839844
469,3173.876,2778.096666666667,9191.000000000004,100,100,1090,4.770223029414961,8.432110091743123,5.514731168746948,-2778.096666666667,-0.028418292550163135,47.517557899157204,0.3796736056295534,0.013612807773622788,0.10850694444444445,469,160.6968647161087,0.3040122985839844
470,3187.906,2734.0433333333335,9089.000000000004,100,100,1089,4.746312397289286,8.346189164370985,5.4738311767578125,-2734.0433333333335,-0.04127086005691025,37.344245195388794,0.41223641898896957,0.02029854127936738,0.10112847222222222,470,160.7324386639524,0.3040122985839844
471,3193.631,2851.756666666666,9233.66666666666,100,100,1091,4.417052522163384,8.463489153681632,5.118679761886597,-2851.756666666666,-0.0010870985893739595,40.822093910641144,0.3879867150551743,0.014636641788658582,0.1293402777777778,471,160.3854459930502,0.3040122985839844
472,3199.297,2687.2733333333335,8967.333333333328,100,100,1086,4.276353314765052,8.257213014119086,4.963976860046387,-2687.2733333333335,-0.017365462639752555,51.03783259672277,0.4075182229280472,0.029379634936477113,0.1290174332611701,472,160.4408596021666,0.3040122985839844
473,3205.237,2730.22,9014.666666666666,100,100,1086,4.630275232748267,8.300798035604664,5.3365631103515625,-2730.22,-0.016177791526869816,38.437632616828466,0.3859349348965813,0.002238756559296128,0.09772295986904818,473,160.4823755806149,0.3040122985839844
474,3211.22,2766.216666666666,9204.33333333333,100,100,1087,4.686064950919606,8.467647960748234,5.395986557006836,-2766.216666666666,-0.016490410520311666,32.4463524537928,0.4318463583202923,0.01661427340190237,0.09568306507871431,474,160.52186611325237,0.3040122985839844
475,3217.452,2695.756666666666,9079.33333333333,100,100,1091,4.816874151274316,8.3220287198289,5.573548793792725,-2695.756666666666,-0.015249697801967462,35.88861322402954,0.4041480604145262,0.011479131541111402,0.08506944444444445,475,160.5500285522648,0.3040122985839844
476,3223.46,2830.873333333334,9230.666666666668,100,100,1089,4.673321487867813,8.476277930823386,5.386270046234131,-2830.873333333334,0.013847343468417725,47.58494543366962,0.3891663658950064,0.06417458441703477,0.10633680555555555,476,160.58864683186124,0.3040122985839844
477,3229.556,2750.296666666666,9146.33333333333,100,100,1087,4.763277093434351,8.414290095062862,5.491180658340454,-2750.296666666666,-0.018590177135432467,45.21090384090648,0.4041511661866132,0.008671999278971377,0.09202118404209614,477,160.62209408307424,0.3040122985839844
478,3235.633,2682.7166666666667,9100.333333333336,100,100,1088,4.763949078230379,8.364276960784316,5.485300302505493,-2682.7166666666667,-0.0201716171029736,37.8944876053754,0.3816512051750632,0.01305106987060486,0.109375,478,160.65668133820165,0.3040122985839844
479,3241.729,2806.3633333333332,9162.666666666666,100,100,1084,4.781563562788653,8.452644526445264,5.500486850738525,-2806.3633333333332,-0.016742276260629296,35.194164500517005,0.40413477841545553,0.003890372980522978,0.09185049036408172,479,160.68891639604456,0.3040122985839844
480,3255.73,2712.0833333333344,9055.666666666668,100,100,1087,4.799472769977664,8.330880098129409,5.517151832580566,-2712.0833333333344,-0.02141680579413386,33.23960343529196,0.41659236392554116,0.027531235742464882,0.11914974385324646,480,160.72135155955013,0.3040122985839844
481,3261.486,2685.333333333333,8877.999999999996,100,100,1084,4.466447048533598,8.190036900369,5.140828371047974,-2685.333333333333,-0.018612800604280305,34.66748248829561,0.40764132405028625,0.014995781530160457,0.09368872576776673,481,160.38118773488432,0.3040122985839844
482,3267.141,2812.766666666667,9265.0,100,100,1090,4.2153220181567,8.5,4.9054930210113525,-2812.766666666667,-0.025147491031222872,38.92924805544317,0.38019662102063495,0.003099398001924985,0.10677083333333333,482,160.43723495097703,0.3040122985839844
483,3273.154,2792.3100000000018,9111.333333333338,100,100,1089,4.623509183952788,8.366697275788189,5.351589679718018,-2792.3100000000018,-0.014174331393506791,32.47701542907291,0.33690452813688254,0.014431418501771986,0.10069444444444445,483,160.47519239814724,0.3040122985839844
484,3279.171,2752.4433333333327,9001.0,100,100,1089,4.677025988356777,8.265381083562902,5.387565851211548,-2752.4433333333327,-0.026642008167174127,40.489322022224464,0.3436203455138538,0.01576880873957028,0.09331597222222222,484,160.51282038203001,0.3040122985839844
485,3285.232,2734.066666666666,9142.666666666668,100,100,1090,4.711825686609458,8.38776758409786,5.436573266983032,-2734.066666666666,-0.03227519440568156,34.72139694955614,0.32065922050322926,0.024943627721060894,0.10199652777777778,485,160.5484693131832,0.3040122985839844
486,3291.328,2733.346666666667,9106.666666666664,100,100,1091,4.739906415206702,8.347082187595475,5.473280906677246,-2733.346666666667,-0.03594913426786661,27.839894983503555,0.29919300311141545,0.016750239359680563,0.09866898175742891,486,160.5826134444549,0.3040122985839844
487,3297.432,2779.1100000000006,9023.0,100,100,1091,4.7457145732305905,8.270394133822181,5.4842529296875,-2779.1100000000006,0.0005823015235364437,30.3548288875156,0.294847315384282,0.031213763273424573,0.10489004684819116,487,160.61618583234127,0.3040122985839844
488,3303.473,2774.543333333333,9201.0,100,100,1087,4.725603219687171,8.46458141674333,5.44559907913208,-2774.543333333333,-0.014634628067998326,38.771002769470215,0.27484985616277247,0.023049802848083133,0.07359506332260721,488,160.6515519812707,0.3040122985839844
489,3309.599,2735.2566666666667,9109.666666666664,100,100,1089,4.762905416903287,8.365166819712272,5.489046573638916,-2735.2566666666667,-0.04006827948614955,30.438268416457706,0.2670147852558229,0.01310194732569572,0.09288194444444445,489,160.68323602789437,0.3040122985839844
490,3323.558,2701.883333333334,8940.333333333334,100,100,1086,4.737325597440388,8.232351135666054,5.451419830322266,-2701.883333333334,-0.017235228161820593,31.472889002631693,0.32082340778673396,0.016516305667156464,0.09026624744429308,490,160.71779461491056,0.3040122985839844
491,3329.28,2688.306666666665,9041.999999999996,100,100,1087,4.432853174429273,8.318307267709288,5.112169981002808,-2688.306666666665,-0.019504942821667474,36.260904031641346,0.31762751542470036,0.019169603885315797,0.09245156420066077,491,160.38602999891214,0.3040122985839844
492,3334.744,2725.2499999999986,9168.333333333334,100,100,1088,4.203726287147113,8.426776960784315,4.873086452484131,-2725.2499999999986,-0.011427190428709282,38.56130723392262,0.3168644501882441,0.013466576381367357,0.07536764705882353,492,160.4495147636886,0.3040122985839844
493,3340.813,2653.376666666667,9082.000000000002,100,100,1086,4.768388859201291,8.362799263351752,5.476979970932007,-2653.376666666667,-0.012949313009705614,44.93116777083453,0.36175721883773804,0.01523964421101161,0.08712345799979042,493,160.48311043086986,0.3040122985839844
494,3346.934,2709.16,8980.333333333332,100,100,1086,4.75032283546331,8.269183548189073,5.475831031799316,-2709.16,-0.012732300523887663,33.01153037127327,0.3679172953262049,0.020288471396163327,0.0838620728429626,494,160.51404923266836,0.3040122985839844
495,3353.055,2681.826666666667,8948.666666666666,100,100,1089,4.7793486689006155,8.217324762779308,5.509427070617676,-2681.826666666667,-0.12402601778093311,32.96965085135566,0.3596672626833121,0.018483694151250854,0.0876736111111111,495,160.54581842107794,0.3040122985839844
496,3359.139,2830.336666666667,9229.33333333334,100,100,1091,4.749476719382163,8.459517262450357,5.488428115844727,-2830.336666666667,-0.020234477137111954,41.56166826354133,0.3870173713399304,0.023646745345710467,0.0763888888888889,496,160.57985726440603,0.3040122985839844
497,3365.274,2728.9866666666667,9089.666666666668,100,100,1085,4.814625622528661,8.37757296466974,5.535176992416382,-2728.9866666666667,-0.011334798161816947,33.095279188717114,0.3764449927736731,0.01266657720621237,0.08292399927535478,497,160.60948784928382,0.3040122985839844
498,3371.326,2655.706666666667,9139.000000000005,100,100,1085,4.765461384069844,8.423041474654383,5.4664552211761475,-2655.706666666667,-0.015814565834315383,31.906413807588464,0.3597102244110668,0.008704425664344692,0.08995298887876903,498,160.64302673724737,0.3040122985839844
499,3377.365,2750.1700000000005,9100.333333333336,100,100,1085,4.743349768461719,8.387403993855608,5.460585594177246,-2750.1700000000005,-0.015008182757917573,39.99321096083697,0.35432538916082945,0.015925682882559213,0.07881057109026347,499,160.6770430467171,0.3040122985839844
500,3391.384,2711.8500000000013,9025.0,100,100,1086,4.7709069040674255,8.310313075506446,5.484267234802246,-2711.8500000000013,-0.015681882690200034,37.27781234068029,0.3633568532326642,0.014510574884137468,0.07007530813708025,500,160.7099356581916,0.3040122985839844
501,3397.062,2865.2366666666658,9385.666666666666,100,100,1088,4.408680790327387,8.626531862745097,5.09409499168396,-2865.2366666666658,-0.01520579434273874,34.90399046505199,0.3794476170750225,0.014603447346898439,0.07904411764705882,501,160.3853367772667,0.3040122985839844
502,3402.463,2720.8600000000006,9074.000000000004,100,100,1082,4.174603420320912,8.386321626617379,4.811734437942505,-2720.8600000000006,-0.012467315584859428,35.23766843010397,0.35366400462739606,0.011615763548487687,0.07661954861353426,502,160.4487547988761,0.3040122985839844
503,3408.595,2797.4666666666667,9256.333333333336,100,100,1091,4.760730612018307,8.484265200122215,5.507802724838257,-2797.4666666666667,-0.05197974946349859,35.570329348246254,0.3202904082006878,0.022326686076768156,0.0763888888888889,503,160.48019834533375,0.3040122985839844
504,3414.621,2713.5566666666655,8999.999999999995,100,100,1087,4.739388499002845,8.279668813247465,5.450606822967529,-2713.5566666666655,-0.014660024358069195,29.188304284039667,0.3779393180328257,0.022521285277916296,0.07681197519688045,504,160.51533783390042,0.3040122985839844
505,3420.769,2664.2499999999995,8959.999999999995,100,100,1089,4.775608266204342,8.227731864095496,5.518109560012817,-2664.2499999999995,-0.022380075313978724,37.04971056514316,0.37200368630815894,0.01935364022049018,0.062065972222222224,505,160.54519358415928,0.3040122985839844
506,3426.872,2791.783333333334,9256.000000000007,100,100,1085,4.787714561353082,8.530875576036873,5.509514331817627,-2791.783333333334,-0.013078832615386038,30.470669970792883,0.36268239336855274,0.030946506789940244,0.06653809010544244,506,160.575880831359,0.3040122985839844
507,3432.973,2691.5299999999993,8993.666666666664,100,100,1087,4.790204324290026,8.273842379638145,5.521712303161621,-2691.5299999999993,-0.014711427173632033,38.87372662039364,0.3391389303347644,0.01885479423628353,0.07823441944578115,507,160.60718773666954,0.3040122985839844
508,3439.066,2791.493333333334,9123.999999999996,100,100,1087,4.778329254939412,8.393744250229988,5.513258218765259,-2791.493333333334,-0.008523240795030314,31.36942706388586,0.30706700638813134,0.03287848817554357,0.078686683493502,508,160.63868353107105,0.3040122985839844
509,3445.22,2690.6599999999994,8965.666666666668,100,100,1089,4.80597612535268,8.232935414753598,5.5478363037109375,-2690.6599999999994,-0.029729813751247194,28.87495865424474,0.2880258444282744,0.027905671637401812,0.07118055555555555,509,160.6678279158031,0.3040122985839844
510,3459.248,2696.71,9025.000000000004,100,100,1089,4.779543069232327,8.287419651056018,5.5118727684021,-2696.71,-0.006507994865791665,40.93478745222092,0.3452490121126175,0.019898604837686032,0.11848958333333333,510,160.69813307149775,0.3040122985839844
511,3464.966,2643.99,8876.999999999996,100,100,1089,4.416927088503584,8.151515151515149,5.105186700820923,-2643.99,0.004255534615367651,37.70539302296109,0.32517535073889625,0.013982096809842106,0.06336805555555555,511,160.38079695851937,0.3040122985839844
512,3470.497,2678.4733333333334,8800.333333333332,100,100,1090,4.238264403335853,8.073700305810396,4.922581672668457,-2678.4733333333334,0.014155409764498472,43.235874281989204,0.3348544862173084,0.01602318357456372,0.06380208333333333,512,160.4392814595062,0.3040122985839844
513,3476.636,2821.356666666666,9419.999999999995,100,100,1089,4.7732773165306615,8.650137741046827,5.504780054092407,-2821.356666666666,-0.03560671197353966,34.81307295958201,0.2999875202073023,0.03596793922285239,0.0685763888888889,513,160.46920096600047,0.3040122985839844
514,3482.687,2778.496666666667,9111.999999999998,100,100,1086,4.735763716313329,8.390423572744012,5.446888208389282,-2778.496666666667,-0.013612713007365955,34.46471741620232,0.2947840791414766,0.01047341270125745,0.06813330159467809,514,160.50221820689137,0.3040122985839844
515,3488.859,2658.72,8910.999999999998,100,100,1090,4.796666513654241,8.175229357798164,5.545212030410767,-2658.72,0.01958134198664791,41.66880512237549,0.291198805032245,0.029613691433850262,0.0646701388888889,515,160.53071443415834,0.3040122985839844
516,3494.911,2720.186666666667,8989.33333333333,100,100,1088,4.738607904180433,8.262254901960782,5.4732770919799805,-2720.186666666667,-0.007520941250464495,32.91807236390955,0.27505792370613885,0.023905981010209548,0.057904411764705885,516,160.56405349153968,0.3040122985839844
517,3500.999,2664.6766666666663,9021.666666666664,100,100,1089,4.74992029369305,8.28435873890419,5.4832377433776855,-2664.6766666666663,-0.008595460508432653,30.91796581612693,0.29409804691871005,0.025868155075133674,0.0724826388888889,517,160.5958882737454,0.3040122985839844
518,3507.088,2671.1866666666674,9073.333333333334,100,100,1089,4.7321687807406825,8.331802877257424,5.462202548980713,-2671.1866666666674,-0.027874130755662918,31.28750440478325,0.2785232338226504,0.028991209692321718,0.07291666666666667,518,160.62755886764432,0.3040122985839844
519,3513.172,2694.296666666667,8880.666666666668,100,100,1089,4.748870892308249,8.154882154882156,5.48157262802124,-2694.296666666667,-0.021959873899403546,35.78993479410807,0.30767983108267394,0.031280356355839305,0.08984375,519,160.65937197891623,0.3040122985839844
520,3527.25,2808.633333333333,9208.666666666664,100,100,1091,4.821310265524967,8.44057439657806,5.582688570022583,-2808.633333333333,-0.02402817041406201,44.3102847205268,0.2983963166673978,0.02076693333300581,0.0798611111111111,520,160.68600930866924,0.3040122985839844
521,3532.958,2625.24,8913.000000000002,100,100,1088,4.431861305313171,8.192095588235295,5.127167224884033,-2625.24,-0.008811431608217605,32.79585484897389,0.3297717689591296,0.019488350306774545,0.06939338235294118,521,160.37639718612706,0.3040122985839844
522,3538.412,2594.2066666666665,8827.0,100,100,1088,4.207347610110232,8.113051470588236,4.881075620651245,-2594.2066666666665,-0.011486935155356632,39.184201184441065,0.34475881387205687,0.03521136846393347,0.07858455882352941,522,160.4366438629003,0.3040122985839844
523,3544.543,2768.0566666666664,9167.33333333333,100,100,1087,4.799545080813973,8.433609322293773,5.534342527389526,-2768.0566666666664,-0.00828800696934409,32.72923205880558,0.33527254707673015,0.027170973288936213,0.06810224143897786,523,160.4658096779666,0.3040122985839844
524,3550.607,2718.3466666666664,9092.000000000004,100,100,1088,4.752446415081709,8.356617647058826,5.473572254180908,-2718.3466666666664,-0.011941499405485742,35.91442685968735,0.3421414687353022,0.01562270161914913,0.06571691176470588,524,160.49819164359013,0.3040122985839844
525,3556.756,2766.4566666666674,9091.66666666667,100,100,1092,4.769986172035275,8.325702075702079,5.521823883056641,-2766.4566666666674,-0.014083437828554047,34.73183743158976,0.3455839306116104,0.02558839707732356,0.07942708333333333,525,160.52772933429,0.3040122985839844
526,3562.874,2639.826666666667,8871.333333333332,100,100,1086,4.805432044378692,8.168815224063842,5.5230958461761475,-2639.826666666667,-0.0136406232657678,28.166713265811694,0.3136120955733692,0.02288043758530608,0.07419651308480431,526,160.55691770988395,0.3040122985839844
527,3568.96,2676.7199999999993,9006.000000000005,100,100,1087,4.771063293192429,8.285188592456306,5.495651006698608,-2676.7199999999993,-0.013435992795754881,31.906903323005228,0.34015196649467244,0.01517822581809014,0.06716853434986927,527,160.58770926916995,0.3040122985839844
528,3575.051,2676.6766666666667,8978.999999999998,100,100,1087,4.778045630909284,8.260349586016558,5.501754522323608,-2676.6766666666667,-0.016954226474113324,29.195321363561295,0.3580171790193109,0.014366571175153641,0.07131185842787519,528,160.61814025793348,0.3040122985839844
529,3581.123,2676.4266666666667,8939.33333333333,100,100,1083,4.7841850436651185,8.254232071406584,5.4846556186676025,-2676.4266666666667,-0.010903866687679993,32.67624518450569,0.3703157516086803,0.020931973409674624,0.06327112413504545,529,160.64822621619268,0.3040122985839844
530,3595.126,2678.7266666666665,9038.33333333333,100,100,1084,4.792200094170531,8.337945879458792,5.4984517097473145,-2678.7266666666665,-0.011351814986590077,34.49237587872673,0.38882770257837634,0.03611966207459131,0.07061887291424415,530,160.67735032440925,0.3040122985839844
531,3600.959,2642.1300000000006,9065.666666666666,100,100,1089,4.494785951750646,8.324762779308234,5.201537132263184,-2642.1300000000006,-0.008767413027170632,40.32890484068129,0.39759962095154655,0.02018463109723396,0.08203125,531,160.36671836760826,0.3040122985839844
532,3606.434,2675.0699999999993,8916.666666666662,100,100,1089,4.189547475344434,8.18794000612182,4.869892835617065,-2675.0699999999993,-0.02862089577441414,35.439159724447464,0.3583876864156789,0.025614768124392465,0.0859375,532,160.42521114529322,0.3040122985839844
533,3612.508,2647.5100000000007,9100.0,100,100,1089,4.7364674929334445,8.356290174471992,5.453442335128784,-2647.5100000000007,-0.050254905285934605,33.958240588506065,0.4116378894488864,0.03623384431314965,0.0724826388888889,533,160.4569479293248,0.3040122985839844
534,3618.603,2736.4099999999994,9108.999999999998,100,100,1089,4.732896050881283,8.364554637281909,5.468458890914917,-2736.4099999999994,-0.009775738852719465,36.377704703145554,0.40595483945475686,0.01983563265012991,0.06684027777777778,534,160.4876217183878,0.3040122985839844
535,3624.643,2641.51,8956.666666666668,100,100,1089,4.708805236720828,8.224670951943681,5.429130554199219,-2641.51,-0.0752786278931631,40.63440545399984,0.4246605609854062,0.02209560800757673,0.059895833333333336,535,160.520620701275,0.3040122985839844
536,3630.738,2679.856666666666,8998.000000000002,100,100,1084,4.786046864284457,8.300738007380076,5.499614715576172,-2679.856666666666,-0.007600379231221536,29.765167909509994,0.44259560984723706,0.027012784687993938,0.07429534328334472,536,160.54973076998792,0.3040122985839844
537,3636.779,2713.596666666668,9053.333333333336,100,100,1086,4.74158425536264,8.336402701043587,5.445683479309082,-2713.596666666668,-0.011547472848392585,29.352531489203958,0.4572403246865553,0.01740162537487991,0.06171430252930697,537,160.58166560112505,0.3040122985839844
538,3642.876,2780.1133333333332,9130.999999999998,100,100,1087,4.757894204566195,8.400183992640292,5.487321138381958,-2780.1133333333332,-0.00979693272315404,32.6901154237635,0.4190801829099655,0.022112323214327368,0.09021212686510648,538,160.6112881848025,0.3040122985839844
539,3648.915,2807.6733333333327,9184.666666666659,100,100,1088,4.7266208652324755,8.441789215686267,5.444458246231079,-2807.6733333333327,-0.01148577154997517,34.08359852959128,0.3903008594232447,0.0441548370222068,0.08409926470588236,539,160.64365386147907,0.3040122985839844
540,3662.92,2646.1733333333327,8965.333333333334,100,100,1087,4.751462648192587,8.247776755596444,5.456428527832031,-2646.1733333333327,-0.009527732125099967,33.503010132733515,0.4390856983030544,0.04060879902681336,0.06673085930592873,540,160.67483052791175,0.3040122985839844
541,3668.634,2642.5933333333337,8902.000000000004,100,100,1089,4.406685859248849,8.174471992653814,5.09342360496521,-2642.5933333333337,0.027818958171539836,28.737822506162857,0.3995376541926008,0.02834962387310548,0.0915798611111111,541,160.3733217192128,0.3040122985839844
542,3674.2,2714.1933333333327,9137.666666666666,100,100,1086,4.270059209334978,8.414057704112953,4.943274974822998,-2714.1933333333327,-0.01325499392388498,29.422142141005573,0.4657197805011974,0.023922547787044418,0.06451612886260538,542,160.4259513883763,0.3040122985839844
543,3680.38,2677.0533333333324,8999.999999999996,100,100,1089,4.806816894766302,8.264462809917353,5.558530807495117,-2677.0533333333324,0.009973039048620395,37.790959556897484,0.4197935395770603,0.013126963801268075,0.05859375,543,160.45243623809276,0.3040122985839844
544,3686.475,2778.9733333333334,9077.333333333332,100,100,1088,4.767071049012456,8.34313725490196,5.503746747970581,-2778.9733333333334,-0.014368935488164425,36.20039917440975,0.4131655430092531,0.02099847251220661,0.07123161764705882,544,160.4823025737102,0.3040122985839844
545,3692.618,2613.393333333332,8944.666666666659,100,100,1089,4.782629567921107,8.213651668197116,5.518222808837891,-2613.393333333332,0.034531271240363516,37.408721009890236,0.4009181517693732,0.02711145936094302,0.06380208333333333,545,160.51022797902215,0.3040122985839844
546,3698.694,2733.7166666666667,9228.999999999996,100,100,1088,4.75902941017172,8.482536764705879,5.475055932998657,-2733.7166666666667,-0.01199357386897592,35.12630428987391,0.39987480991026936,0.028575672117500183,0.07490808823529412,546,160.54070324517136,0.3040122985839844
547,3704.821,2801.033333333332,9209.666666666662,100,100,1088,4.770037687194417,8.464767156862742,5.5089733600616455,-2801.033333333332,-0.01392119865426246,40.816299101885626,0.3697628790841383,0.03788078490042073,0.0974264705882353,547,160.56887217557033,0.3040122985839844
548,3710.876,2682.3133333333335,8930.000000000002,100,100,1088,4.734661580026595,8.207720588235295,5.451773405075073,-2682.3133333333335,-0.012873373980469564,37.59565768522375,0.3784230653853977,0.030637588892953798,0.07077205882352941,548,160.60009384847163,0.3040122985839844
549,3716.958,2691.2633333333333,8973.999999999998,100,100,1087,4.7634918115889135,8.255749770009198,5.486931324005127,-2691.2633333333333,-0.013314611333258012,38.101289356456085,0.36739667592679753,0.019857671635691077,0.07685574275605819,549,160.62974701810924,0.3040122985839844
550,3730.989,2752.416666666666,9043.333333333334,100,100,1089,4.790489624286049,8.304254667891032,5.526205062866211,-2752.416666666666,-0.014198555481723614,30.062629487779404,0.33153071763323777,0.02400825666781101,0.0915798611111111,550,160.65626400614522,0.3040122985839844
551,3736.715,2716.5933333333323,9149.333333333327,100,100,1087,4.444770653549626,8.417049984667274,5.1276984214782715,-2716.5933333333323,-0.01303763610913473,33.63880634307861,0.36593009925940456,0.019943845468600663,0.068539916209,551,160.3627775991172,0.3040122985839844
552,3742.237,2691.916666666666,8990.666666666664,100,100,1088,4.23957003862169,8.263480392156861,4.914071321487427,-2691.916666666666,-0.010885936208069324,37.66015703537885,0.40949126639786887,0.015512519926928422,0.0661764705882353,552,160.4168942740146,0.3040122985839844
553,3748.29,2726.89,9132.33333333333,100,100,1088,4.740453492238029,8.393688725490193,5.46010422706604,-2726.89,-0.01218245066154529,28.27031702153823,0.35604703075745525,0.029306899160420632,0.08731617647058823,553,160.44811853809793,0.3040122985839844
554,3754.46,2833.74,9260.0,100,100,1091,4.801647480356137,8.48762603116407,5.556396961212158,-2833.74,-0.05420010138510002,48.98149903615316,0.3775903226600753,0.014385765319780653,0.0842013888888889,554,160.47500533120916,0.3040122985839844
555,3760.561,2692.713333333333,8983.666666666666,100,100,1090,4.749450825449558,8.24189602446483,5.480690956115723,-2692.713333333333,0.0002771189384576347,30.715186595916748,0.3392798573865245,0.017547465036235128,0.0646701388888889,555,160.5045193423103,0.3040122985839844
556,3766.643,2759.7633333333324,9126.333333333328,100,100,1088,4.769731158590088,8.388174019607838,5.501358509063721,-2759.7633333333324,-0.012833297471789754,33.38349258198458,0.32585178490947275,0.03690802235402824,0.09375,556,160.5341990335014,0.3040122985839844
557,3772.742,2627.0066666666667,8837.666666666668,100,100,1087,4.77205676098612,8.130328120208526,5.49618935585022,-2627.0066666666667,-0.01353811182300834,42.40289620792164,0.3402712489752209,0.023584847115938935,0.08557277107063462,557,160.56277579059955,0.3040122985839844
558,3778.836,2725.0399999999995,9119.66666666666,100,100,1089,4.731478053679616,8.374349556167733,5.455352306365967,-2725.0399999999995,-0.034668619434038796,33.30210739043024,0.3515288030935658,0.02758118293261052,0.10850694444444445,558,160.5920331764796,0.3040122985839844
559,3784.911,2699.7333333333336,9058.666666666668,100,100,1088,4.742317830759395,8.325980392156865,5.46081805229187,-2699.7333333333336,-0.0218555994112702,31.563538046444165,0.35978564532364116,0.028811060590669513,0.0974264705882353,559,160.62173974013106,0.3040122985839844
560,3798.824,2694.8899999999994,8939.66666666666,100,100,1085,4.74119032089371,8.239324116743466,5.450270891189575,-2694.8899999999994,-0.015187579919310176,25.822573381311752,0.358447225216557,0.024477211258593288,0.08568135210696388,560,160.65212370775515,0.3040122985839844
561,3804.533,2759.3199999999993,9132.999999999996,100,100,1088,4.420960291313617,8.394301470588232,5.112203121185303,-2759.3199999999993,-0.0173397715039113,27.607772378360522,0.3179478356066872,0.02461600909009576,0.09512867647058823,561,160.36450666078525,0.3040122985839844
562,3810.117,2736.4799999999996,9040.66666666666,100,100,1089,4.264544995366514,8.301805938169569,4.9550559520721436,-2736.4799999999996,-0.0346378440865212,40.263036873605515,0.3535930689281991,0.007960717475119358,0.0802951388888889,562,160.41527054045824,0.3040122985839844
563,3816.193,2707.95,9075.666666666666,100,100,1090,4.738476695044291,8.326299694189602,5.461679935455322,-2707.95,-0.04037502366635534,38.736314879523384,0.34320574016601313,0.024529840467342485,0.08940972222222222,563,160.44548544533225,0.3040122985839844
564,3822.292,2689.266666666667,8940.999999999995,100,100,1085,4.788445344963003,8.2405529953917,5.505993366241455,-2689.266666666667,-0.015380717485266574,51.56544662924374,0.40517740565187793,0.01302036113680943,0.0932829072151114,564,160.47334352006789,0.3040122985839844
565,3828.355,2668.06,8943.0,100,100,1087,4.759788225840164,8.22723091076357,5.4698052406311035,-2668.06,-0.01334992256563376,34.885521552141974,0.37681129662429586,0.020478437257492366,0.10626750724280581,565,160.50312887694705,0.3040122985839844
566,3834.547,2647.62,8974.33333333333,100,100,1091,4.817967550759908,8.225786739993886,5.568519830703735,-2647.62,0.02710422770016723,37.72140415509542,0.3457571475042237,0.020236025279801752,0.11067708333333333,566,160.5284791690369,0.3040122985839844
567,3840.605,2690.1633333333343,8968.000000000004,100,100,1086,4.7537004616939935,8.257826887661146,5.462541580200195,-2690.1633333333343,-0.01659640669822693,30.075295223909265,0.38165441330741434,0.01725689442965257,0.09902751401943319,567,160.55801618808184,0.3040122985839844
568,3846.657,2707.616666666667,8968.333333333332,100,100,1088,4.734451010068263,8.242953431372548,5.454843759536743,-2707.616666666667,-0.01652838136343395,39.956043748294604,0.3470160584239399,0.013615405700607774,0.0859375,568,160.58826778854592,0.3040122985839844
569,3852.769,2765.6133333333337,9131.0,100,100,1088,4.7575535843540875,8.392463235294118,5.49427342414856,-2765.6133333333337,-0.015745207393432364,38.814357308780444,0.3626926593920764,0.03760920515667428,0.12316176470588236,569,160.61592725532273,0.3040122985839844
570,3866.746,2704.616666666667,8994.000000000002,100,100,1089,4.738964186596476,8.258953168044078,5.465562582015991,-2704.616666666667,0.01893046244771944,31.275231692526077,0.37787751522329116,0.025095187237537984,0.11979166666666667,570,160.64458737564493,0.3040122985839844
571,3872.402,2744.0066666666658,9001.333333333332,100,100,1087,4.380105334597965,8.280895430849432,5.0575666427612305,-2744.0066666666658,-0.011644708978779176,29.25267236373004,0.37836498197387247,0.024743054966058803,0.0920284784892026,571,160.36349934337218,0.3040122985839844
572,3877.897,2683.2866666666664,9038.666666666666,100,100,1088,4.233448712351246,8.307598039215685,4.9098241329193115,-2683.2866666666664,-0.012364066698971917,32.47673477846033,0.35209131240844727,0.013584635412210928,0.09972426470588236,572,160.41685149011983,0.3040122985839844
573,3883.924,2575.7133333333345,8927.333333333336,100,100,1084,4.73711863334112,8.235547355473557,5.436123609542847,-2575.7133333333345,-0.013755870763869846,33.555468783659094,0.36215876042842865,0.019985843802500954,0.09742647080737002,573,160.44702059139885,0.3040122985839844
574,3890.0,2511.2533333333336,8746.0,100,100,1087,4.764131278167166,8.045998160073598,5.47838020324707,-2511.2533333333336,-0.016354107955361113,37.139495737412396,0.37178074875298667,0.037420122445944476,0.12375262664521441,574,160.47585768432953,0.3040122985839844
575,3896.088,2570.3933333333334,8871.66666666667,100,100,1086,4.788214824261902,8.16912216083487,5.50568413734436,-2570.3933333333334,-0.018528767806642196,28.937612701864804,0.32875970444258523,0.011096822000314099,0.10967148928081288,575,160.5038051920672,0.3040122985839844
576,3902.14,2640.61,9001.33333333333,100,100,1087,4.746718768273731,8.28089543084943,5.4674553871154785,-2640.61,-0.015229429337469971,34.463765649234546,0.34182536777328043,0.017744852209408933,0.08834471312515876,576,160.53346022867132,0.3040122985839844
577,3908.255,2716.56,9091.666666666666,100,100,1088,4.770654317219262,8.356311274509803,5.504643678665161,-2716.56,-0.012349930811016,37.32173975776224,0.30974098338800315,0.029033311841297236,0.09926470588235294,577,160.56065845034203,0.3040122985839844
578,3914.355,2682.383333333333,8973.0,100,100,1087,4.778036706984084,8.254829806807727,5.502928733825684,-2682.383333333333,-0.016982918933910483,41.63747692108154,0.33259622665012584,0.026739498911945915,0.10171568700495888,578,160.5881813722516,0.3040122985839844
579,3920.446,2642.389999999999,8878.999999999993,100,100,1087,4.782182795082141,8.168353265869358,5.506542682647705,-2642.389999999999,-0.018226541523986003,32.6749262529261,0.3824853169567445,0.0224646995706922,0.09480771510040059,579,160.6158950561303,0.3040122985839844
580,3934.412,2600.686666666667,8848.000000000002,100,100,1087,4.744541673238193,8.139834406623736,5.45252251625061,-2600.686666666667,-0.014885168467812678,38.75663611468147,0.31938411339240913,0.024262017875170225,0.09707633077221758,580,160.64465259200762,0.3040122985839844
581,3940.116,2623.02,8999.666666666668,100,100,1087,4.421441306757613,8.27936215884698,5.089279890060425,-2623.02,-0.009015895371489665,37.53235777686624,0.36135752411449656,0.011462615159175852,0.09063521268613198,581,160.36584478815467,0.3040122985839844
582,3945.607,2591.9600000000005,8836.666666666664,100,100,1085,4.228691520783106,8.144393241167432,4.892965078353882,-2591.9600000000005,-0.015233048210468362,34.17206584706026,0.33247292392394123,0.0249168544268126,0.09144467159229167,582,160.41763672260788,0.3040122985839844
583,3951.696,2663.9199999999996,9029.999999999998,100,100,1088,4.763173345803379,8.299632352941174,5.482904672622681,-2663.9199999999996,-0.01557639000170371,29.27211873671588,0.36687371090931054,0.026184904368539506,0.07904411764705882,583,160.44579354228804,0.3040122985839844
584,3957.755,2629.8900000000017,8984.333333333334,100,100,1085,4.753629030329326,8.280491551459294,5.454507827758789,-2629.8900000000017,-0.010395996820400743,32.93715297474581,0.36399687826633453,0.026184636942001387,0.08625391717342769,584,160.4743060946311,0.3040122985839844
585,3963.877,2586.433333333334,8911.999999999998,100,100,1088,4.7813717858790525,8.191176470588234,5.498631477355957,-2586.433333333334,-0.01322311135556768,30.96161376728731,0.35739456380114837,0.027973760569961193,0.08363970588235294,585,160.50095042129,0.3040122985839844
586,3969.929,2610.8300000000004,8962.000000000004,100,100,1088,4.749758362723857,8.23713235294118,5.46295690536499,-2610.8300000000004,-0.014930629883618915,38.45116475049187,0.3404371742816532,0.013513902753509362,0.08501838235294118,586,160.53035993685364,0.3040122985839844
587,3976.021,2615.82,8908.333333333332,100,100,1086,4.7907755079012,8.202885205647636,5.511742830276489,-2615.82,-0.018178882351254717,28.50758373036104,0.3700133097522399,0.028152453295393464,0.09950189730700325,587,160.5575201797535,0.3040122985839844
588,3982.102,2623.06,8948.0,100,100,1088,4.766809192112894,8.224264705882353,5.4857470989227295,-2623.06,-0.015385852469240917,30.030369870802936,0.365015901186887,0.022864673177109045,0.08134191176470588,588,160.5855552380465,0.3040122985839844
589,3988.213,2589.606666666667,8883.333333333336,100,100,1087,4.799826216854827,8.172339773075747,5.5166356563568115,-2589.606666666667,-0.014090362881474635,27.193657622617835,0.35520242505213795,0.022076831179540877,0.07772379806813072,589,160.612016320651,0.3040122985839844
590,4002.15,2585.01,8875.999999999998,100,100,1086,4.784574128132533,8.173112338858193,5.487837076187134,-2585.01,-0.01412424209582455,29.762259034549487,0.34843797543469596,0.010982138097888845,0.07785815920899897,590,160.63945060952332,0.3040122985839844
591,4007.805,2590.960000000001,8960.000000000004,100,100,1088,4.391380607771947,8.235294117647062,5.061222076416016,-2590.960000000001,-0.01949231217012686,32.5294199550853,0.4202847594723982,0.01921713668921524,0.0900735294117647,591,160.36934517053882,0.3040122985839844
592,4013.295,2537.35,8836.000000000002,100,100,1084,4.245625462381313,8.151291512915131,4.899470806121826,-2537.35,-0.016494804774137103,28.756022958194507,0.3819356569472481,0.020594107356908566,0.08915441198384061,592,160.42004454159803,0.3040122985839844
593,4019.332,2731.640000000001,9003.66666666666,100,100,1083,4.7550505074042055,8.313634964604487,5.441012859344482,-2731.640000000001,-0.013115553897531593,42.045343791737274,0.373167625244926,0.006274497588439023,0.08636590224855087,593,160.44854801619937,0.3040122985839844
594,4025.435,2642.5500000000006,9017.66666666667,100,100,1085,4.796996957746931,8.311213517665132,5.504817962646484,-2642.5500000000006,-0.01739265797111918,31.905022565056296,0.3364114590427455,0.014820150209262091,0.10739362316534799,594,160.47481437235442,0.3040122985839844
595,4031.519,2716.4899999999993,9101.666666666664,100,100,1084,4.787859038773725,8.396371463714635,5.489912033081055,-2716.4899999999993,-0.019004441742949626,40.34534959232106,0.3185861062477617,0.013435254948597182,0.08523284326143124,595,160.50153549792512,0.3040122985839844
596,4037.566,2605.936666666667,8879.666666666664,100,100,1087,4.760964946879593,8.168966574670344,5.462852716445923,-2605.936666666667,-0.018005483290728402,36.96031194574692,0.34631360453717847,0.01263655598877984,0.09526727436219945,596,160.5303850609029,0.3040122985839844
597,4043.677,2631.9899999999993,8914.33333333333,100,100,1085,4.788673641739525,8.215975422427032,5.512929916381836,-2631.9899999999993,-0.014039479908259475,39.90620607488296,0.35675614283365364,0.008541924132527235,0.07791405477944542,597,160.55609848962203,0.3040122985839844
598,4049.72,2653.893333333332,8987.999999999993,100,100,1087,4.749222628908488,8.2686292548298,5.454154014587402,-2653.893333333332,-0.013913712628624019,31.109355085036334,0.34955522724810767,0.020948119405040738,0.08188900581615813,598,160.58492695433551,0.3040122985839844
599,4055.839,2700.7733333333335,9180.000000000002,100,100,1087,4.7916766332561815,8.445262189512421,5.516187429428101,-2700.7733333333335,-0.016506220104501527,32.8310245626113,0.3221748642185155,0.013644417761551106,0.09152515210649546,599,160.61066680502674,0.3040122985839844
600,4069.805,2647.0,9018.333333333332,100,100,1089,4.773689806162011,8.281297826752372,5.500030994415283,-2647.0,-0.006139544200980001,35.13427307870653,0.31244704427404535,0.02642356797069725,0.0763888888888889,600,160.6366485308535,0.3040122985839844
601,4075.564,2659.42,8849.000000000004,100,100,1089,4.439539763532559,8.125803489439857,5.132510185241699,-2659.42,0.02984365727752447,43.108554707633125,0.36510977769891423,0.01022015113913868,0.07899305555555555,601,160.3677476907403,0.3040122985839844
602,4081.072,2649.3166666666675,9010.666666666668,100,100,1090,4.213155320644755,8.266666666666667,4.880293846130371,-2649.3166666666675,-0.02121829189774063,33.83595376544528,0.30708630765891737,0.03567194249545638,0.10677083333333333,602,160.4183828808901,0.3040122985839844
603,4087.113,2649.756666666666,8996.333333333336,100,100,1086,4.7072275322184485,8.283916513198283,5.409305572509766,-2649.756666666666,-0.01835435475496685,33.9365286546595,0.3368733349968405,0.01653578339712968,0.07003083474495832,603,160.44700092011678,0.3040122985839844
604,4093.154,2646.9966666666664,8978.999999999998,100,100,1088,4.721295035136897,8.252757352941174,5.433514595031738,-2646.9966666666664,-0.016403938698418,31.952664711896112,0.36188048474928913,0.019882727462305304,0.08869485294117647,604,160.4760087161649,0.3040122985839844
605,4099.225,2742.623333333331,9179.666666666662,100,100,1086,4.755227165026539,8.45273173726212,5.467217445373535,-2742.623333333331,-0.01479126896490069,31.105276612674487,0.3417498355402666,0.016976242433028185,0.07599027498680003,605,160.5032657249364,0.3040122985839844
606,4105.263,2631.8433333333332,8804.333333333334,100,100,1087,4.744979854833366,8.099662680159462,5.4548563957214355,-2631.8433333333332,-0.01734786365619477,28.83689852321849,0.32463572393445406,0.019835935915847692,0.076352416209,606,160.5319702587704,0.3040122985839844
607,4111.378,2658.373333333335,9073.000000000004,100,100,1089,4.772537281433988,8.331496786042244,5.502914190292358,-2658.373333333335,0.08155256007901496,34.79187308417426,0.3281598004202048,0.008301871421281248,0.06987847222222222,607,160.55812501210562,0.3040122985839844
608,4117.417,2759.523333333333,9208.666666666659,100,100,1084,4.749486343681681,8.4950799507995,5.445282936096191,-2759.523333333333,-0.01708768182160223,35.1512295218075,0.34563528351924,0.016648659290855423,0.09093137282659025,608,160.5858816539095,0.3040122985839844
609,4123.493,2589.2366666666676,8790.66666666667,100,100,1086,4.7613712711367775,8.094536525475755,5.469977617263794,-2589.2366666666676,-0.016235968865015927,26.597598412457636,0.3030974268913269,0.016330813468598267,0.09862725305206635,609,160.61266495542168,0.3040122985839844
610,4137.486,2696.213333333333,8994.333333333336,100,100,1087,4.753561268912726,8.274455688439131,5.466871023178101,-2696.213333333333,-0.013804836910875404,33.14922613256118,0.29745064325192394,0.02284149489338126,0.08145133077221758,610,160.63928847152647,0.3040122985839844
611,4143.158,2729.4833333333336,9060.0,100,100,1088,4.392386669732171,8.327205882352942,5.066534519195557,-2729.4833333333336,-0.01707319581114194,33.05374050140381,0.2778555067146526,0.016617876772001824,0.0859375,611,160.37526668568984,0.3040122985839844
612,4148.667,2661.216666666666,8904.66666666667,100,100,1086,4.239452577026262,8.199508901166363,4.906338453292847,-2661.216666666666,-0.017357962534708136,30.72092617259306,0.24742085136034908,0.011506172553601894,0.07914788889534333,612,160.4240684937881,0.3040122985839844
613,4154.791,2701.166666666666,9008.333333333332,100,100,1087,4.782067802340553,8.287335173259736,5.504076957702637,-2701.166666666666,-0.014203814844436505,26.91891299977022,0.24809626139262142,0.02348100169397452,0.07915353687370524,613,160.44923786588072,0.3040122985839844
614,4160.852,2642.0733333333324,9142.333333333332,100,100,1085,4.7680829476762545,8.42611367127496,5.469697952270508,-2642.0733333333324,-0.013450229937648949,33.21789702247171,0.23864583451958263,0.022034460932071155,0.08266785171102076,614,160.47626950573127,0.3040122985839844
615,4166.955,2571.5100000000007,8816.666666666668,100,100,1085,4.780494932767673,8.125960061443934,5.499552488327026,-2571.5100000000007,-0.016483045457040563,36.229343358208155,0.24791949373834274,0.0249063469510635,0.08806955113130457,615,160.5016119505314,0.3040122985839844
616,4172.985,2601.15,9002.333333333328,100,100,1083,4.7449385963375175,8.312403816558938,5.430267333984375,-2601.15,-0.009327119161539218,26.40517801396987,0.20508662742726944,0.02761223233606228,0.07150423734941903,616,160.52922221774864,0.3040122985839844
617,4179.102,2564.5966666666673,8867.333333333338,100,100,1089,4.765856747782324,8.142638506274874,5.4877543449401855,-2564.5966666666673,0.040613028634753495,35.78622192103002,0.2356381439862566,0.029799490510615416,0.10243055555555555,617,160.55481695108531,0.3040122985839844
618,4185.181,2636.5199999999995,8905.666666666664,100,100,1085,4.7608953028325045,8.207987711213516,5.464648723602295,-2636.5199999999995,-0.014438989462659639,39.45602057961857,0.22700968340915792,0.022510854688281304,0.07697233568657846,618,160.5808853228724,0.3040122985839844
619,4191.287,2629.6533333333336,8845.666666666664,100,100,1089,4.7623795217512,8.12274257728803,5.482516527175903,-2629.6533333333336,-0.04844769214590391,32.157482941945396,0.2740664066772701,0.02482206531729187,0.0798611111111111,619,160.60675415776123,0.3040122985839844
620,4205.243,2606.3366666666675,8892.333333333334,100,100,1088,4.775664797681897,8.173100490196079,5.4935102462768555,-2606.3366666666675,-0.01354591756620828,26.490249577690573,0.2108031178221983,0.02186205837642774,0.07628676470588236,620,160.63275912110836,0.3040122985839844
621,4210.943,2661.16,9056.666666666664,100,100,1088,4.415412406802609,8.324142156862743,5.108279466629028,-2661.16,-0.008770738399642356,28.738277435302734,0.2249672294539564,0.031536843264749384,0.07261029411764706,621,160.37380328247266,0.3040122985839844
622,4216.478,2672.596666666667,9008.666666666666,100,100,1088,4.254860846284667,8.280024509803921,4.945074558258057,-2672.596666666667,-0.0141210107899764,34.496385630439306,0.22120844967225017,0.022253030226291978,0.078125,622,160.42134666767566,0.3040122985839844
623,4222.606,2669.2833333333338,8903.333333333334,100,100,1087,4.775897794246345,8.190739037105184,5.517414808273315,-2669.2833333333338,-0.011376328684170456,25.860358238220215,0.24711918524082968,0.024194411793038908,0.07688492142102298,623,160.44594072366144,0.3040122985839844
624,4228.668,2695.896666666667,9186.0,100,100,1086,4.739598067615415,8.458563535911603,5.454551696777344,-2695.896666666667,-0.013729298788615885,30.881272933062384,0.23436205264400034,0.03595177508781061,0.07784333474495832,624,160.4727380815652,0.3040122985839844
625,4234.797,2591.959999999999,8824.999999999996,100,100,1086,4.790320624893233,8.126151012891341,5.51983118057251,-2591.959999999999,-0.010077965171898113,27.499537187464096,0.23584000152700088,0.020408854895161792,0.07327739543774549,625,160.49693272663052,0.3040122985839844
626,4240.841,2595.576666666666,8822.333333333334,100,100,1083,4.757323268468174,8.146198830409357,5.450907468795776,-2595.576666666666,-0.009184735553229557,37.16362683913287,0.19729939541395972,0.018317348039572072,0.06227411516010761,626,160.5235785876727,0.3040122985839844
627,4246.954,2636.1266666666675,8981.333333333334,100,100,1086,4.792746685039678,8.270104358502149,5.5174336433410645,-2636.1266666666675,-0.00830182685133289,31.256209205178653,0.20782168779303045,0.020643211361911037,0.05714836322209414,627,160.54822424237042,0.3040122985839844
628,4253.089,2586.2699999999995,8951.999999999996,100,100,1090,4.781709172989353,8.212844036697245,5.5213587284088135,-2586.2699999999995,-0.03521249805473619,29.423944188488854,0.22740255487668845,0.023182636644277308,0.0646701388888889,628,160.5729387341507,0.3040122985839844
629,4259.181,2609.3066666666664,8970.333333333328,100,100,1088,4.78091856401828,8.244791666666663,5.508138656616211,-2609.3066666666664,-0.011640745434252656,34.55890554540298,0.25008413546225605,0.01732516913976082,0.0661764705882353,629,160.5987169254632,0.3040122985839844
630,4273.069,2585.236666666666,8670.0,100,100,1084,4.765765498219594,7.998154981549815,5.469098329544067,-2585.236666666666,-0.011568849139353809,36.17358000138227,0.2599850073456764,0.03150426448144786,0.0663909316610764,630,160.6246518261227,0.3040122985839844
631,4278.759,2654.5999999999995,9050.333333333328,100,100,1086,4.373874034840634,8.333640270104354,5.044306516647339,-2654.5999999999995,-0.011743634720059001,27.30219605389763,0.32368909348459807,0.021191403374199152,0.07821394678424387,631,160.37104562783796,0.3040122985839844
632,4284.227,2619.136666666666,8806.333333333332,100,100,1089,4.15981946559238,8.08662381389654,4.831644296646118,-2619.136666666666,-0.007807760654638211,29.773033633414244,0.27780796913430095,0.032054728424150705,0.07074652777777778,632,160.42052499594845,0.3040122985839844
633,4290.336,2709.1800000000007,9163.0,100,100,1090,4.760813579249512,8.406422018348623,5.49289345741272,-2709.1800000000007,-0.0019455657651027043,48.50547589196099,0.2680610910885864,0.020852184304708823,0.07682291666666667,633,160.44619576365977,0.3040122985839844
634,4296.412,2599.7233333333343,8855.666666666666,100,100,1085,4.7610233173048995,8.161904761904761,5.469635009765625,-2599.7233333333343,-0.012856462093837121,31.129874734317553,0.2904584990704761,0.020846330855206093,0.061392538249492645,634,160.47180569948276,0.3040122985839844
635,4302.493,2712.663333333333,9164.666666666664,100,100,1087,4.770072766947247,8.431156087089848,5.483533620834351,-2712.663333333333,-0.01274059000698959,32.65951863457175,0.33197197756346536,0.015460840713999727,0.07270512390224372,635,160.4976586280087,0.3040122985839844
636,4308.621,2570.043333333333,8884.999999999998,100,100,1090,4.777681925697166,8.151376146788989,5.499641418457031,-2570.043333333333,-0.028258739401482873,31.53430480427212,0.30631423534618485,0.018368676621725574,0.0759548611111111,636,160.522362633009,0.3040122985839844
637,4314.742,2782.9799999999996,9072.666666666666,100,100,1085,4.7887288481383345,8.36190476190476,5.504414081573486,-2782.9799999999996,-0.009774066343465272,32.07544343611773,0.3547762702493107,0.022287604121683055,0.0686324732925962,637,160.54610861160089,0.3040122985839844
638,4320.893,2661.7033333333316,9053.99999999999,100,100,1089,4.779050504994862,8.314049586776852,5.504487752914429,-2661.7033333333316,-0.07133487177391847,29.175076656871372,0.3616721812221739,-0.014106015535718244,0.09635416666666667,638,160.56958550636762,0.3040122985839844
639,4326.952,2702.2866666666655,9027.333333333327,100,100,1087,4.747315175855308,8.304814474087697,5.46479606628418,-2702.2866666666655,-0.00809872369555866,30.83663760914522,0.33122457739184885,0.023049400345531896,0.06855450537713136,639,160.59594669148998,0.3040122985839844
640,4340.906,2736.3633333333332,9053.666666666659,100,100,1088,4.743071781751282,8.32138480392156,5.45888614654541,-2736.3633333333332,-0.012766006950508146,32.49449915044448,0.3044639505884227,0.016878410955541767,0.0859375,640,160.62218498239866,0.3040122985839844
641,4346.634,2692.35,9131.666666666666,100,100,1090,4.417020550698315,8.377675840978593,5.113631725311279,-2692.35,-0.014507895439035363,31.737272130118477,0.30455447369927746,0.005073990103685194,0.06770833333333333,641,160.36983077941767,0.3040122985839844
642,4352.117,2623.4199999999987,8914.333333333332,100,100,1088,4.213227850842111,8.19332107843137,4.876021146774292,-2623.4199999999987,-0.01080297218526111,34.91799595776726,0.29640112072229385,0.017232200914911705,0.06939338235294118,642,160.41780840999468,0.3040122985839844
643,4358.193,2633.333333333333,8918.66666666667,100,100,1087,4.759533576052139,8.204845139527755,5.472942352294922,-2633.333333333333,-0.011852699222371858,34.15425328647389,0.31395723802201886,0.013657680510625462,0.07409839003401644,643,160.44355246385865,0.3040122985839844
644,4364.285,2752.579999999999,9031.333333333334,100,100,1089,4.7602786037290965,8.293235384144475,5.4803900718688965,-2752.579999999999,-0.010526032730316123,48.788405534707834,0.3424653907616933,0.016117604792169813,0.06901041666666667,644,160.46913684407517,0.3040122985839844
645,4370.297,2662.2266666666656,8927.333333333332,100,100,1083,4.7351768228938305,8.243151738996612,5.4269118309021,-2662.2266666666656,-0.013348320827764623,36.67157481698429,0.30404803463641333,0.02561698335236596,0.07813278892460991,645,160.49617040069305,0.3040122985839844
646,4376.359,2666.589999999999,9095.999999999995,100,100,1088,4.751324447758687,8.360294117647054,5.466231822967529,-2666.589999999999,-0.015988497803097263,46.265776241526886,0.37751683680450215,0.020292418146067682,0.0703125,646,160.52247701636932,0.3040122985839844
647,4382.432,2601.286666666666,8935.666666666659,100,100,1087,4.766578288177387,8.220484513952767,5.479087829589844,-2601.286666666666,-0.004852918118398092,34.56267671024098,0.3073696941137314,0.05022629960577058,0.10994397805017583,647,160.5480698447684,0.3040122985839844
648,4388.526,2603.9000000000005,8897.66666666667,100,100,1088,4.774329870890463,8.178002450980395,5.497077703475952,-2603.9000000000005,-0.012342677068184404,38.23318991941564,0.3484132154022946,0.01526129134821103,0.0859375,648,160.57304684110238,0.3040122985839844
649,4394.591,2581.913333333333,8847.666666666664,100,100,1087,4.757691354027298,8.139527752223243,5.471901893615723,-2581.913333333333,-0.010917122640153942,38.41347026824951,0.4127175632645102,0.01912125988233396,0.07496644512695425,649,160.5987905509176,0.3040122985839844
650,4408.521,2722.8033333333337,9039.333333333341,100,100,1088,4.764095587019898,8.308210784313733,5.477663040161133,-2722.8033333333337,-0.00898580121643403,27.267886442296646,0.4053125065915725,0.02132563227924573,0.08501838235294118,650,160.62392610591976,0.3040122985839844
651,4414.217,2600.0733333333324,8881.666666666668,100,100,1090,4.38436898691238,8.148318042813457,5.06579852104187,-2600.0733333333324,0.018713126217739448,32.04673523373074,0.4008214941455258,0.021511236829812534,0.07682291666666667,651,160.3781752724765,0.3040122985839844
652,4419.662,2686.6933333333327,9026.999999999993,100,100,1087,4.190488961990495,8.304507819687206,4.848225116729736,-2686.6933333333327,-0.014932619352989337,37.74433769899256,0.358616222791812,0.01718090651282931,0.07176412247559603,652,160.4265362520784,0.3040122985839844
653,4425.805,2648.7566666666667,8954.333333333332,100,100,1088,4.7943491705047885,8.230085784313724,5.523597002029419,-2648.7566666666667,-0.01810206297565909,37.3041623620426,0.4219927069018869,0.019140259484736494,0.08639705882352941,653,160.44969027257815,0.3040122985839844
654,4431.86,2668.123333333333,8902.333333333328,100,100,1086,4.760067954656889,8.197360343769178,5.46802830696106,-2668.123333333333,-0.018630610505009398,38.54636837454403,0.3816271038616405,0.008794470104690203,0.09901268955539255,654,160.47552936241158,0.3040122985839844
655,4437.927,2625.623333333334,9060.333333333336,100,100,1086,4.7670617861704105,8.342848373235116,5.4686644077301025,-2625.623333333334,-0.014373082503238144,27.257504238801843,0.3480783547548687,0.017976112331619814,0.08613021803252838,655,160.50084940703047,0.3040122985839844
656,4444.034,2602.656666666666,8865.999999999998,100,100,1088,4.770540441206642,8.148897058823527,5.48980188369751,-2602.656666666666,-0.01317678572719588,28.37318235285142,0.3783944880261141,0.010641470667906106,0.08363970588235294,656,160.52512895760108,0.3040122985839844
657,4450.064,2627.363333333333,8974.999999999998,100,100,1085,4.751170137339199,8.271889400921657,5.451597452163696,-2627.363333333333,-0.01375586271066876,32.80905095268698,0.4126572135616751,0.0065049796009107545,0.07977489130023648,657,160.55141415222647,0.3040122985839844
658,4456.152,2611.7366666666658,8899.33333333333,100,100,1086,4.7717786381839264,8.194597912829954,5.482583045959473,-2611.7366666666658,-0.01581722410286174,23.928753291859348,0.40601712465286255,0.00782936526572003,0.08011147993452408,658,160.5757443032908,0.3040122985839844
659,4462.257,2595.5933333333323,8872.33333333333,100,100,1089,4.743612120381263,8.1472298745026,5.462701082229614,-2595.5933333333323,-0.016886887554493215,31.123377293348312,0.43131974236004883,0.014608155221342005,0.07421875,659,160.60010125560416,0.3040122985839844
660,4476.179,2671.07,8995.0,100,100,1085,4.78675797236182,8.290322580645162,5.497922420501709,-2671.07,-0.019512290135025978,34.77793502807617,0.43091889339334827,0.00988781704868683,0.0834965640131165,660,160.62355017116292,0.3040122985839844
661,4481.954,2726.59,8997.666666666664,100,100,1088,4.4589152564773995,8.269914215686272,5.14764666557312,-2726.59,-0.018228061497211456,28.71059580410228,0.44480766355991364,0.0046669444606831185,0.06755514705882353,661,160.37915280526616,0.3040122985839844
662,4487.417,2691.4633333333336,9101.333333333336,100,100,1087,4.201106716413479,8.37289175099663,4.858769416809082,-2691.4633333333336,-0.017206218805821502,37.69469564101275,0.4406309408300063,0.010216077678384916,0.07406921120470061,662,160.4261294106623,0.3040122985839844
663,4493.497,2741.96,9043.000000000002,100,100,1083,4.766044228523453,8.349953831948293,5.472340106964111,-2741.96,-0.02073505871436175,39.13594240300796,0.3977617787964204,0.017851143852834973,0.0824246013756184,663,160.45013407038488,0.3040122985839844
664,4499.568,2614.333333333333,8883.333333333332,100,100,1085,4.7535867276837545,8.187403993855606,5.460445404052734,-2614.333333333333,-0.017276913215241888,31.81911855585435,0.3811178479124518,0.013266361409264123,0.0880695513504393,664,160.47472954359569,0.3040122985839844
665,4505.711,2677.3066666666673,9044.666666666673,100,100,1087,4.79314470875292,8.320760502913222,5.519197702407837,-2677.3066666666673,-0.014998305397217764,28.647745048298557,0.37432565934517803,0.014901238034808022,0.08050303478889606,665,160.497219736713,0.3040122985839844
666,4511.814,2635.619999999998,8879.33333333333,100,100,1090,4.741595504664466,8.146177370030578,5.46548867225647,-2635.619999999998,-0.03518020496186283,28.173048963149387,0.3209863532748487,0.010142459084616147,0.0859375,666,160.5216790152238,0.3040122985839844
667,4517.93,2635.816666666666,8892.66666666667,100,100,1087,4.782798436681098,8.180926096289484,5.505550861358643,-2635.816666666666,-0.013685040395049489,27.643182474024155,0.3131151094156153,0.022306684349827906,0.06995506562730845,667,160.54500149627327,0.3040122985839844
668,4524.018,2612.07,8826.666666666668,100,100,1087,4.76795814142296,8.120208524992334,5.486269474029541,-2612.07,-0.014461653854917078,34.33162285299862,0.3064141887075761,0.009122404906734386,0.07593662521856673,668,160.56922578598483,0.3040122985839844
669,4530.132,2608.699999999999,8922.999999999996,100,100,1089,4.750123964810763,8.193755739210282,5.461997032165527,-2608.699999999999,-0.03996889324237903,31.31402756108178,0.27251976097209585,0.016993392092343938,0.07421875,669,160.59289234380495,0.3040122985839844
670,4544.168,2562.8999999999996,8786.000000000002,100,100,1085,4.770268663583744,8.097695852534564,5.472853899002075,-2562.8999999999996,-0.011324812329429038,33.74424524868236,0.3132982140078264,0.014135613030863596,0.0688810870051384,670,160.6163297082187,0.3040122985839844
671,4549.878,2641.3133333333326,8919.33333333333,100,100,1086,4.4204896872496136,8.213014119091465,5.096086025238037,-2641.3133333333326,-0.015087319264078842,29.897106563343723,0.2894272278336918,0.00760802482460242,0.06678427405217115,671,160.37309417057202,0.3040122985839844
672,4555.335,2493.256666666666,8736.000000000005,100,100,1086,4.216839782237615,8.044198895027629,4.861907720565796,-2493.256666666666,-0.011258965248570722,43.273980252883014,0.2592319534981952,0.012082279854974546,0.06912654156194013,672,160.41936639204522,0.3040122985839844
673,4561.46,2630.9733333333324,8946.666666666664,100,100,1085,4.803281750697385,8.245775729646695,5.517529487609863,-2630.9733333333324,-0.011208925889257123,38.19091600530288,0.3083493188023567,0.009630820761873004,0.05854478029205518,673,160.441845821105,0.3040122985839844
674,4567.583,2615.0233333333335,8857.666666666664,100,100,1091,4.746169751803676,8.118851206843871,5.4806969165802,-2615.0233333333335,-0.061405925908022456,28.22013192706638,0.3181326786677043,0.0028714938315614644,0.07392939842409557,674,160.46559926164258,0.3040122985839844
675,4573.703,2612.216666666667,8870.333333333336,100,100,1087,4.778304966976275,8.16038025145661,5.517820119857788,-2612.216666666667,-0.014200476710410678,28.759824247921216,0.34049906888428855,0.01568034360260593,0.08694415298454902,675,160.48856045017348,0.3040122985839844
676,4579.878,2622.673333333333,8877.666666666662,100,100,1092,4.764961904757435,8.129731379731377,5.5335693359375,-2622.673333333333,-0.012513091994656457,35.27387150128683,0.356662521759669,0.013831592346024182,0.08072916666666667,676,160.51061015257423,0.3040122985839844
677,4585.952,2610.586666666667,8862.999999999998,100,100,1087,4.737970932226597,8.153633854645813,5.474109649658203,-2610.586666666667,-0.010679707643302047,28.401360455681296,0.3807301740435993,0.020228737924138412,0.09615721334429349,677,160.535035128025,0.3040122985839844
678,4592.009,2639.123333333334,8960.000000000002,100,100,1087,4.732273502760287,8.242870285188594,5.451034307479858,-2639.123333333334,-0.01299935590256663,28.15061372869155,0.39068680125124317,0.014745497394709246,0.07867209405145224,678,160.5600214993468,0.3040122985839844
679,4598.164,2637.753333333333,8907.666666666664,100,100,1092,4.762124817096884,8.157203907203906,5.515827178955078,-2637.753333333333,0.0006413455121219158,39.37508077091641,0.35917645113335717,0.018950027323120996,0.1037326388888889,679,160.58255710520123,0.3040122985839844
680,4612.073,2601.43,8971.33333333333,100,100,1088,4.68134733455372,8.245710784313722,5.387187242507935,-2601.43,-0.01766292761792155,35.27381330377915,0.39830676071784077,0.008352938170633827,0.0859375,680,160.60978554331967,0.3040122985839844
681,4617.782,2571.726666666666,8763.666666666666,100,100,1087,4.399998803651294,8.062250843299601,5.0756165981292725,-2571.726666666666,-0.008521482677144162,31.895661017474005,0.3968968733268626,0.011842470518518788,0.06994047651396078,681,160.3713640759726,0.3040122985839844
682,4623.347,2590.786666666666,8906.999999999996,100,100,1089,4.215299998601613,8.179063360881539,4.883160352706909,-2590.786666666666,0.042465106998052865,33.21159993277656,0.3616602317223523,0.024240804803816393,0.09765625,682,160.41388717781376,0.3040122985839844
683,4629.323,2632.0500000000006,8903.666666666668,100,100,1085,4.673665991666714,8.206144393241168,5.378988981246948,-2632.0500000000006,-0.009868540417622118,41.724375388201544,0.3936973591061199,0.01192741681520334,0.08850650861859322,683,160.44118512371193,0.3040122985839844
684,4635.427,2642.08,8993.999999999996,100,100,1089,4.753451607202045,8.258953168044075,5.478495359420776,-2642.08,-0.02166868472057912,26.086967984835308,0.39860490727571435,0.009476558156570213,0.06553819444444445,684,160.46482779800078,0.3040122985839844
685,4641.494,2573.6899999999996,8759.333333333327,100,100,1085,4.737032810440673,8.073118279569886,5.443785190582275,-2573.6899999999996,-0.012735955362372538,25.91826107922722,0.4526304278303595,0.020694447648779982,0.07237674745128435,685,160.48883376521465,0.3040122985839844
686,4647.523,2672.639999999999,8997.999999999998,100,100,1085,4.719368016995352,8.293087557603686,5.419759750366211,-2672.639999999999,-0.012384814210236073,37.51286142012652,0.455788576427628,0.003554809948100763,0.05983305196551716,686,160.51410073095113,0.3040122985839844
687,4653.623,2713.3899999999994,9047.666666666668,100,100,1087,4.778667065321803,8.323520392517633,5.504841566085815,-2713.3899999999994,-0.011717845576212686,36.325379371643066,0.435656586114098,0.028465961595750686,0.0667162700830137,687,160.5372751589352,0.3040122985839844
688,4659.731,2695.7233333333343,9003.333333333334,100,100,1088,4.762942461478387,8.275122549019608,5.477680683135986,-2695.7233333333343,-0.013443523634444265,38.932376973769244,0.4329855941674289,0.020153277480858378,0.06204044117647059,688,160.56034373479054,0.3040122985839844
689,4665.819,2567.4300000000003,8764.0,100,100,1090,4.743403302497068,8.040366972477065,5.462636470794678,-2567.4300000000003,0.0067383697670367025,26.465852088398403,0.3947646692459885,0.10793529696335706,0.06380208333333333,689,160.58444549364003,0.3040122985839844
690,4679.77,2637.726666666667,8917.333333333334,100,100,1085,4.778583685884656,8.218740399385561,5.497328281402588,-2637.726666666667,-0.00867506516549517,44.64798456079819,0.42517126658383536,0.015382593929055421,0.06697504792143316,690,160.6071069010247,0.3040122985839844
691,4685.559,2616.6133333333332,8839.66666666667,100,100,1087,4.477552895664675,8.132168046611472,5.165804624557495,-2616.6133333333332,-0.014581409228198668,30.9463607563692,0.43778618556611676,0.015807998965850428,0.07406191670281045,691,160.37146125753043,0.3040122985839844
692,4691.222,2616.203333333332,8930.999999999996,100,100,1088,4.257163053540246,8.20863970588235,4.928720951080322,-2616.203333333332,-0.018963077379500166,34.8288828905891,0.4616859195863499,0.019068920899264735,0.08088235294117647,692,160.40979125951065,0.3040122985839844
693,4697.224,2581.873333333333,8872.666666666666,100,100,1090,4.619390641898772,8.14006116207951,5.3386781215667725,-2581.873333333333,-0.005883872560742829,41.29668662283156,0.40124918354882133,0.01569074952405774,0.10069444444444445,693,160.43690272488692,0.3040122985839844
694,4703.219,2582.956666666668,8867.666666666668,100,100,1088,4.692700369560043,8.15042892156863,5.408867359161377,-2582.956666666668,-0.014842427061761128,27.49665849349078,0.4369249808437684,0.01178254489786923,0.08088235294117647,694,160.4637591885811,0.3040122985839844
695,4709.332,2618.6133333333332,8963.0,100,100,1089,4.769714876515081,8.23048668503214,5.498797655105591,-2618.6133333333332,-0.017719671544101503,29.495542181862724,0.4434563531087608,0.01555135802158879,0.07335069444444445,695,160.4866698844794,0.3040122985839844
696,4715.392,2665.403333333333,9041.333333333334,100,100,1086,4.744980479208976,8.325352977286679,5.457169532775879,-2665.403333333333,-0.014060846749035752,37.080901482525995,0.4342396758935031,0.00763488160994123,0.07561966294751447,696,160.51072863262937,0.3040122985839844
697,4721.499,2650.166666666666,8911.333333333332,100,100,1089,4.765317079596584,8.183042546678909,5.488828659057617,-2650.166666666666,-0.048788439120269485,33.573348098331024,0.47689590303020346,0.016856556392869808,0.08680555555555555,697,160.53376793086122,0.3040122985839844
698,4727.578,2562.0033333333336,8843.999999999998,100,100,1089,4.738201562758224,8.12121212121212,5.45163893699646,-2562.0033333333336,-0.01947819482949045,30.780323136183952,0.4000481520662207,0.019317134443554096,0.0837673611111111,698,160.55768984615202,0.3040122985839844
699,4733.674,2641.3633333333332,8963.666666666666,100,100,1087,4.776180862438828,8.24624348359399,5.492759704589844,-2641.3633333333332,-0.016165405950125528,37.08570362539852,0.4494009596460006,0.0197345094227999,0.0809771828353405,699,160.58056667312803,0.3040122985839844
700,4747.582,2674.15,8921.66666666667,100,100,1090,4.738689633940748,8.18501529051988,5.467618703842163,-2674.15,-0.023198498878628016,34.50769506560432,0.3877703537877469,0.004820694787971054,0.0724826388888889,700,160.6037279238677,0.3040122985839844
701,4753.305,2706.356666666666,9073.333333333327,100,100,1091,4.416959578133812,8.31652917812404,5.105751276016235,-2706.356666666666,-0.010043359154628383,36.573129733403526,0.37592605832550263,0.005152298441518926,0.08347800953520669,701,160.37618830266655,0.3040122985839844
702,4758.927,2580.2166666666653,8832.333333333332,100,100,1088,4.215401930196094,8.117953431372548,4.875171899795532,-2580.2166666666653,-0.01690199565799797,26.74137087429271,0.41237881516709046,0.01177836412920014,0.07858455882352941,702,160.41534903548163,0.3040122985839844
703,4764.814,2660.336666666666,8865.999999999995,100,100,1084,4.600358119030823,8.178966789667891,5.289198637008667,-2660.336666666666,-0.016864174648242837,35.45448763230268,0.41904179839526906,0.007427859202246456,0.08128063775160733,703,160.4446828867857,0.3040122985839844
704,4770.844,2600.9866666666658,8852.999999999995,100,100,1088,4.719691270699567,8.13694852941176,5.428394556045532,-2600.9866666666658,-0.0201976842192166,33.0366086398854,0.45346219048780556,0.01314010371810154,0.0978860294117647,704,160.4699689455867,0.3040122985839844
705,4776.93,2590.43,8759.999999999998,100,100,1086,4.780752024987222,8.066298342541435,5.497962951660156,-2590.43,-0.019291346043567446,38.5862242193783,0.4735647518845165,0.01176952536437003,0.092652988346184,705,160.49281345144237,0.3040122985839844
706,4783.006,2606.0200000000004,8768.666666666668,100,100,1087,4.76694986328702,8.066850659306962,5.478819131851196,-2606.0200000000004,-0.01971806213259697,31.502714774187872,0.4862883906154072,0.013560839668464135,0.09245885886690196,706,160.5161996039482,0.3040122985839844
707,4789.137,2620.4033333333327,9002.666666666668,100,100,1090,4.779706788655165,8.259327217125383,5.512924909591675,-2620.4033333333327,-0.012536575396855673,33.852411323123505,0.5765020979775323,0.027580260260341067,0.10243055555555555,707,160.53832977140516,0.3040122985839844
708,4795.253,2698.5000000000014,8950.666666666672,100,100,1089,4.757278421282241,8.219161310070405,5.4800755977630615,-2698.5000000000014,-0.043029296677559614,49.746990574730766,0.5403966245551904,0.009826837676680751,0.08723958333333333,708,160.56065042310706,0.3040122985839844
709,4801.361,2648.606666666666,8828.0,100,100,1086,4.794340607286542,8.128913443830571,5.515065431594849,-2648.606666666666,-0.02157063568558763,41.68024164087632,0.5193099432131824,0.01282293487490867,0.114267077516107,709,160.58257891631274,0.3040122985839844
710,4815.248,2688.1599999999994,8991.666666666666,100,100,1085,4.753252439531347,8.287250384024578,5.456197500228882,-2688.1599999999994,-0.016819920938681152,37.47507493636187,0.4805474333903369,0.004729903087376014,0.09216037808972247,710,160.60633419802124,0.3040122985839844
711,4820.971,2709.1266666666675,8877.000000000004,100,100,1085,4.441057605784781,8.181566820276501,5.108218193054199,-2709.1266666666675,-0.01642670838491005,38.60492156533634,0.489475081948673,0.001635140462038929,0.07410197672160233,711,160.37950221086896,0.3040122985839844
712,4826.414,2612.973333333333,8888.33333333333,100,100,1087,4.199064025597984,8.176939589083101,4.859989881515503,-2612.973333333333,-0.016193561694201303,27.856184005737305,0.49240827297463136,0.014848936896990328,0.08608339244828504,712,160.4238737677567,0.3040122985839844
713,4832.437,2726.1533333333336,9056.333333333336,100,100,1084,4.7251483395642415,8.354551045510457,5.418587923049927,-2726.1533333333336,-0.017431313829386934,33.7773110445808,0.4603082932093564,0.012658760184422135,0.0845281865228625,713,160.44822292216477,0.3040122985839844
714,4838.522,2660.0399999999995,8899.666666666662,100,100,1087,4.759623828770724,8.187365838699781,5.474097728729248,-2660.0399999999995,-0.015102151123916401,35.5985314986285,0.42857127417536345,0.01495768129483194,0.07875233494183596,714,160.47110348949897,0.3040122985839844
715,4844.639,2625.42,8807.66666666667,100,100,1089,4.7427785121669,8.087848178757273,5.4622416496276855,-2625.42,-0.009391716940121518,31.192319333553314,0.39894697484042907,0.03716606901596404,0.13411458333333334,715,160.49327593322823,0.3040122985839844
716,4850.654,2511.1,8687.33333333333,100,100,1087,4.7188427756782945,7.99202698558724,5.419082403182983,-2511.1,-0.01768600118949133,45.31174474603989,0.39471502339138703,0.012723884291892104,0.08648459416101961,716,160.51839219326348,0.3040122985839844
717,4856.755,2596.4799999999996,8908.999999999998,100,100,1086,4.7841961310128465,8.203499079189685,5.496312141418457,-2596.4799999999996,-0.014759653850513347,34.00619400248808,0.3834922261097852,0.013207554697360405,0.08623398884254344,717,160.5403311742558,0.3040122985839844
718,4862.804,2745.5066666666667,9017.66666666667,100,100,1088,4.736599632558543,8.288296568627453,5.45681357383728,-2745.5066666666667,-0.01548203083631747,52.65020505119772,0.34452280051567974,0.008247837242807317,0.09420955882352941,718,160.56435063383006,0.3040122985839844
719,4868.911,2583.6066666666675,8843.333333333343,100,100,1086,4.786935821111258,8.143032535297738,5.50440239906311,-2583.6066666666675,-0.013399224290076424,33.91799208697151,0.29319723564035755,0.02198720643954242,0.09490630907170913,719,160.58601526976477,0.3040122985839844
720,4882.941,2564.109999999999,8715.999999999998,100,100,1088,4.768368841884213,8.011029411764705,5.484792470932007,-2564.109999999999,-0.018454786718768233,30.659535800709445,0.3075735744308023,0.008739639005130705,0.08272058823529412,720,160.6086914818105,0.3040122985839844
721,4888.682,2499.003333333333,8692.33333333333,100,100,1091,4.420888082420507,7.967308279865564,5.106443405151367,-2499.003333333333,-0.009807404751578966,33.70018646452162,0.3560008986128701,0.02316683612944972,0.09649884286854002,721,160.38229246290297,0.3040122985839844
722,4894.155,2537.0366666666673,8702.333333333336,100,100,1087,4.19313293333802,8.005826433609325,4.8527915477752686,-2537.0366666666673,-0.014733737115474307,33.41577299903421,0.34302275408716765,0.0058083614053697705,0.08603962445083786,722,160.4250504860006,0.3040122985839844
723,4900.242,2570.6333333333337,8836.666666666668,100,100,1090,4.71789807309781,8.107033639143731,5.433596611022949,-2570.6333333333337,0.030996377838568553,29.16217369503445,0.3622153239945571,0.03383115790266958,0.09635416666666667,723,160.44820408514107,0.3040122985839844
724,4906.28,2504.1666666666656,8698.999999999996,100,100,1088,4.738542831867509,7.995404411764703,5.444705009460449,-2504.1666666666656,-0.015082535114796722,39.50686774534338,0.38208087051615996,0.01784166657307651,0.08547794117647059,724,160.47250992655313,0.3040122985839844
725,4912.371,2523.4833333333336,8705.33333333333,100,100,1087,4.7743068997282965,8.008586323213736,5.492831230163574,-2523.4833333333336,-0.013213153490248849,24.475602318258847,0.33721176491064186,0.017089211977744365,0.09615721334429349,725,160.49479718944357,0.3040122985839844
726,4918.464,2609.8100000000004,8897.000000000002,100,100,1088,4.787295586592175,8.177389705882355,5.497480869293213,-2609.8100000000004,-0.014157207408810364,32.707846753737506,0.38655493715230155,0.02168396322111435,0.07996323529411764,726,160.5172006295889,0.3040122985839844
727,4924.683,2596.35,8707.666666666666,100,100,1090,4.823135689366609,7.988685015290519,5.575543165206909,-2596.35,-0.015208401768985722,24.318703214327495,0.4261936942736308,0.007838443277351972,0.09809027777777778,727,160.53581054036528,0.3040122985839844
728,4930.768,2595.3933333333334,8821.333333333334,100,100,1087,4.755697605733888,8.115302054584484,5.485326528549194,-2595.3933333333334,-0.01762709640623892,27.53505328122307,0.4042205924496931,0.0032461576458231054,0.08234127019258107,728,160.55814572846046,0.3040122985839844
729,4936.839,2554.103333333333,8823.999999999998,100,100,1089,4.707732691991428,8.102846648301192,5.434322357177734,-2554.103333333333,-0.012502758401549526,37.79657922850715,0.35704688960686326,0.018795431746790808,0.09375,729,160.5812872029503,0.3040122985839844
730,4950.901,2524.6233333333334,8788.33333333333,100,100,1087,4.7861789321062504,8.084943268935907,5.51615571975708,-2524.6233333333334,-0.013641859733444802,32.206927972681385,0.37929437440984387,0.011307702884283465,0.09571953862905502,730,160.6018951500751,0.3040122985839844
731,4956.607,2533.086666666667,8613.666666666672,100,100,1086,4.427570995551399,7.931553100061392,5.098357677459717,-2533.086666666667,-0.013497299637974185,29.770481502308566,0.38806282334467945,0.008788686738732983,0.09444675024817972,731,160.37926316415604,0.3040122985839844
732,4962.089,2559.8433333333332,8727.333333333328,100,100,1086,4.201799266436523,8.036218538980965,4.860631227493286,-2559.8433333333332,-0.013213483787908712,28.886011235854205,0.3848368280074176,0.008048418751808213,0.0760495728429626,732,160.420945113267,0.3040122985839844
733,4968.18,2516.9233333333327,8832.999999999996,100,100,1088,4.738557626671322,8.118566176470585,5.457488059997559,-2516.9233333333327,-0.010606524863225572,34.775958453907684,0.37180038935997906,0.008348121574860723,0.10018382352941177,733,160.44324877583153,0.3040122985839844
734,4974.284,2576.9900000000007,8912.0,100,100,1087,4.78150248225511,8.198712051517939,5.495163440704346,-2576.9900000000007,-0.016703212907647386,37.35789944143856,0.39378856297801523,0.017152962303953245,0.09159809811150327,734,160.4649104910121,0.3040122985839844
735,4980.414,2605.683333333333,8841.999999999998,100,100,1089,4.760662626553775,8.119375573921026,5.497250080108643,-2605.683333333333,0.015933007415797975,29.398789564768474,0.39597991357247037,0.007084273293407427,0.0685763888888889,735,160.48609338428219,0.3040122985839844
736,4986.476,2557.133333333333,8722.999999999998,100,100,1087,4.7442502296755045,8.024839006439741,5.454303026199341,-2557.133333333333,-0.012881486950551762,31.04283388923196,0.346631234183031,0.025846720866598737,0.10718662510899936,736,160.50895766827833,0.3040122985839844
737,4992.593,2554.5033333333336,8824.333333333328,100,100,1089,4.729467125877197,8.103152739516371,5.446852684020996,-2554.5033333333336,0.006362043528093232,30.730665286382038,0.42127326544788146,0.028144840455044888,0.0798611111111111,737,160.53044278407305,0.3040122985839844
738,4998.669,2514.736666666666,8689.666666666664,100,100,1088,4.753519853586433,7.986825980392155,5.470714330673218,-2514.736666666666,-0.017234341241419315,31.928641038782455,0.4300055074341157,0.010027625091264354,0.06020220588235294,738,160.5529314992045,0.3040122985839844
739,5004.787,2583.243333333334,8893.666666666666,100,100,1086,4.793212339788003,8.189379987722528,5.513116836547852,-2583.243333333334,-0.015386278412359603,31.364760567160214,0.39409466701395374,0.011761531672056983,0.06131404156194014,739,160.5736770388598,0.3040122985839844
740,5018.72,2509.5433333333326,8677.999999999998,100,100,1088,4.752063236617901,7.976102941176469,5.472637414932251,-2509.5433333333326,-0.019764437340199947,27.412748168496524,0.37250908858635845,0.014875986031256616,0.08042279411764706,740,160.5955607730444,0.3040122985839844
741,5024.471,2588.676666666667,8869.666666666672,100,100,1089,4.433413497659765,8.144781144781149,5.11489725112915,-2588.676666666667,-0.03941706045427256,26.91384532716539,0.35270095470413154,0.020778831650709942,0.0625,741,160.3778801176653,0.3040122985839844
742,5029.972,2561.1866666666665,8750.333333333336,100,100,1088,4.201206432780429,8.042585784313728,4.858282566070557,-2561.1866666666665,-0.017289672704303965,25.33431796466603,0.3661811535849291,0.02033508454726817,0.08501838235294118,742,160.41882704533825,0.3040122985839844
743,5035.983,2621.116666666667,8833.666666666666,100,100,1088,4.675425647185286,8.119178921568627,5.380055665969849,-2621.116666666667,-0.0074839446255389385,29.525106009315042,0.3848605883472106,0.017196032382986125,0.07858455882352941,743,160.44334464185116,0.3040122985839844
744,5042.05,2573.999999999999,8761.666666666664,100,100,1085,4.752572072017509,8.075268817204298,5.445250511169434,-2573.999999999999,-0.015591430970851113,30.43963841830983,0.3776583671569824,0.03499570241718389,0.0778914533336373,744,160.46548954232497,0.3040122985839844
745,5048.126,2458.563333333333,8690.666666666668,100,100,1084,4.759681737780695,8.017220172201723,5.448368787765503,-2458.563333333333,-0.012468327384661226,34.75629122116987,0.33358388525598187,0.03944720096393105,0.08324142161975889,745,160.48710746587787,0.3040122985839844
746,5054.213,2621.476666666667,8838.666666666666,100,100,1087,4.757814995559805,8.131248083409996,5.468818187713623,-2621.476666666667,-0.018016346401589757,30.08300433439367,0.3656115084886551,0.024267106700469467,0.10216795083354502,746,160.50885088838652,0.3040122985839844
747,5060.272,2719.2900000000013,8953.333333333332,100,100,1086,4.742596502986978,8.244321669736033,5.459294319152832,-2719.2900000000013,-0.016389337642227903,49.029630324419806,0.34091437038253336,0.02921514512341031,0.07747272270567276,747,160.531297193225,0.3040122985839844
748,5066.307,2640.686666666667,8949.33333333333,100,100,1083,4.7405354574577245,8.263465681748228,5.431940317153931,-2640.686666666667,-0.012030995355042465,48.799819721895105,0.30947361711193533,0.04645816610633012,0.08364749480696286,748,160.55383547984513,0.3040122985839844
749,5072.403,2649.0333333333338,8832.000000000007,100,100,1086,4.769337847425806,8.132596685082879,5.491409540176392,-2649.0333333333338,-0.013786707210409291,36.190389184390796,0.28653211803997264,0.03210470160496805,0.07834736696060966,749,160.5749828987973,0.3040122985839844
750,5086.382,2614.9199999999996,8865.33333333333,100,100,1090,4.755212752460374,8.133333333333331,5.474133014678955,-2614.9199999999996,-0.01829879777505994,38.31708319981893,0.2703303688516219,0.050297983870324164,0.09418402777777778,750,160.59654220209836,0.3040122985839844
751,5092.128,2688.7599999999993,8846.0,100,100,1091,4.428957930107035,8.108157653528872,5.124983549118042,-2688.7599999999993,-0.03587881687821613,41.11663903130425,0.24106720545225674,0.06422794984084451,0.08043981509076224,751,160.3812819317748,0.3040122985839844
752,5097.583,2663.64,8983.333333333332,100,100,1086,4.19788434565527,8.271945979128299,4.846444845199585,-2663.64,-0.012700337396167657,31.89924139135024,0.24713439976467805,0.027765318991013747,0.06734760412398506,752,160.42273604818342,0.3040122985839844
753,5103.65,2462.2500000000005,8695.666666666668,100,100,1086,4.740974862530697,8.00705954573358,5.447134733200073,-2462.2500000000005,-0.012863908017821172,36.05176706875072,0.2434103962253122,0.027006325144183767,0.0888727465096642,753,160.44477941367023,0.3040122985839844
754,5109.722,2596.2866666666664,8895.666666666666,100,100,1086,4.76544585392397,8.19122160834868,5.468096017837524,-2596.2866666666664,-0.013657707994913353,29.960482709548053,0.2643913920311367,0.028366777511751828,0.07833254249656901,754,160.46664717977683,0.3040122985839844
755,5115.854,2515.7299999999996,8723.0,100,100,1089,4.778444260500775,8.01010101010101,5.511164426803589,-2515.7299999999996,-0.010014447564673092,36.48758318523566,0.2558950374303903,0.029027909819786955,0.07335069444444445,755,160.48719803662556,0.3040122985839844
756,5121.91,2561.786666666667,8787.333333333332,100,100,1087,4.730142410840281,8.084023305734437,5.435543060302734,-2561.786666666667,-0.00823666516910581,32.06530963673311,0.2894440407262129,0.034080189176807725,0.0653157098328366,756,160.5096442234389,0.3040122985839844
757,5128.011,2577.0966666666664,8810.0,100,100,1086,4.788521915553292,8.112338858195212,5.503617525100708,-2577.0966666666664,-0.012383151087252534,25.669237669776468,0.2614072793546845,0.018547095967840183,0.08472189263385885,757,160.53046340535164,0.3040122985839844
758,5134.077,2655.3033333333333,8831.333333333336,100,100,1085,4.768001197081935,8.139477726574503,5.471895694732666,-2655.3033333333333,-0.00911993779899443,33.273705762975354,0.2613939344882965,0.022959410760770824,0.06373553493005388,758,160.55211514344424,0.3040122985839844
759,5140.164,2503.1466666666674,8676.666666666672,100,100,1086,4.781065929576439,7.989564149785148,5.4932966232299805,-2503.1466666666674,-0.014543112048961441,33.77220254785874,0.33408839474706087,0.033180365777190995,0.08937677872531555,759,160.57328650957334,0.3040122985839844
760,5154.087,2596.9800000000005,8925.666666666672,100,100,1088,4.752302939510521,8.203737745098044,5.466325998306274,-2596.9800000000005,-0.011828770806245944,35.59867152045755,0.3308039921171525,0.025121511145056608,0.07261029411764706,760,160.5956244693954,0.3040122985839844
761,5159.897,2623.796666666667,8905.666666666672,100,100,1089,4.455669606348228,8.177838996020819,5.1461873054504395,-2623.796666666667,0.027786260832928948,33.95157175593906,0.2835849931256639,0.01632170555078321,0.0720486111111111,761,160.38113623665748,0.3040122985839844
762,5165.325,2498.9666666666667,8705.66666666667,100,100,1087,4.185616190925672,8.00889297761423,4.834536552429199,-2498.9666666666667,-0.01212848095661577,35.658768205081714,0.4329669247655308,0.025062131859800395,0.0759439196656732,762,160.42300130515662,0.3040122985839844
763,5171.464,2675.0266666666666,8862.999999999998,100,100,1089,4.785016436716481,8.138659320477501,5.521288871765137,-2675.0266666666666,-0.07802211012070377,38.78233242034912,0.42300719423845595,0.014550874119676236,0.06727430555555555,763,160.44313987848193,0.3040122985839844
764,5177.614,2518.5266666666676,8679.333333333332,100,100,1087,4.7878905233953635,7.984667279975467,5.512709379196167,-2518.5266666666676,-0.010264215881333631,33.70464184704949,0.4234362682875465,0.012120923202019185,0.0570509456207647,764,160.4625245540551,0.3040122985839844
765,5183.631,2679.4199999999996,8928.999999999993,100,100,1087,4.691077550708658,8.214351425942956,5.399760961532593,-2679.4199999999996,-0.01282136803253225,27.59267697614782,0.41532055069418516,0.02581511587692041,0.06719771301483407,765,160.48595610882683,0.3040122985839844
766,5189.666,2556.716666666667,8737.33333333333,100,100,1084,4.737471494517836,8.060270602706025,5.42649245262146,-2556.716666666667,-0.014126450213713242,35.257215443779444,0.42130964293199424,0.017839218332322642,0.060018382637816316,766,160.50820370517857,0.3040122985839844
767,5195.775,2687.5433333333335,8873.33333333333,100,100,1087,4.768028703351996,8.163140141061021,5.486156940460205,-2687.5433333333335,-0.0133568746421267,37.822291149812585,0.41200434986282797,0.012681776253670892,0.066687091746751,767,160.52871167904993,0.3040122985839844
768,5201.926,2572.9433333333327,8671.33333333333,100,100,1090,4.751559450620051,7.9553516819571835,5.483281135559082,-2572.9433333333327,-0.026116322674271133,33.69891239537133,0.44762995425197816,0.011550684103793982,0.04513888888888889,768,160.54842153637003,0.3040122985839844
769,5207.986,2657.2300000000005,8904.666666666666,100,100,1087,4.723136521671944,8.191965654707145,5.436424732208252,-2657.2300000000005,-0.014090183848405586,34.299567334792194,0.4075599961421069,0.008894199594471823,0.05842962203656926,769,160.57033941629373,0.3040122985839844
770,5222.025,2619.853333333333,8888.999999999998,100,100,1089,4.7279423338132744,8.162534435261707,5.44190526008606,-2619.853333333333,-0.014808364781654544,34.16690784858333,0.40462055802345276,0.009411067827992762,0.0759548611111111,770,160.59193022740763,0.3040122985839844
771,5227.765,2623.0566666666664,8857.333333333336,100,100,1089,4.415311387191031,8.133455769819408,5.100358009338379,-2623.0566666666664,-0.011903318162593577,35.33319248093499,0.3366089314222336,0.0129714569904738,0.0763888888888889,771,160.3794552217213,0.3040122985839844
772,5233.359,2611.943333333333,8836.0,100,100,1086,4.228126150783165,8.136279926335176,4.892824649810791,-2611.943333333333,-0.015729550491361058,31.311581275042364,0.332649067920797,0.014494289962492664,0.06727348180378184,772,160.41553041211438,0.3040122985839844
773,5239.345,2711.2066666666674,8989.000000000002,100,100,1088,4.615633361454991,8.261948529411766,5.326665639877319,-2711.2066666666674,-0.011487146949066836,33.17104519114775,0.33877041760612936,0.012873347882893594,0.05193014705882353,773,160.43990332998064,0.3040122985839844
774,5245.358,2415.789999999998,8559.999999999998,100,100,1090,4.6614453209341935,7.85321100917431,5.3766679763793945,-2415.789999999998,0.005760264945112997,38.68858130772909,0.37172972824838424,0.007714744983887713,0.06076388888888889,774,160.46378053411792,0.3040122985839844
775,5251.406,2500.5233333333335,8630.000000000002,100,100,1088,4.722412224616753,7.9319852941176485,5.444196939468384,-2500.5233333333335,-0.013367184547378737,32.97669556561638,0.3962848756243201,0.01676328178933438,0.07077205882352941,775,160.48615710431787,0.3040122985839844
776,5257.471,2564.4200000000005,8853.333333333334,100,100,1087,4.759655565707991,8.144740877031586,5.468552112579346,-2564.4200000000005,-0.013129210592631032,32.96146998685949,0.3731873631477356,0.013281977187622996,0.06165382835794898,776,160.50777810846748,0.3040122985839844
777,5263.614,2672.026666666666,8912.33333333333,100,100,1086,4.782734160923826,8.206568446899936,5.507057428359985,-2672.026666666666,-0.011773058377644596,45.08203422321993,0.39378469481187706,0.007550776340341305,0.057978534084909106,777,160.52677517671404,0.3040122985839844
778,5269.682,2653.353333333333,8938.333333333328,100,100,1086,4.758685545221445,8.230509515039897,5.459742546081543,-2653.353333333333,-0.01796896065420964,36.289044099695545,0.4363197272314745,0.013670776121537475,0.07730965360122569,778,160.54801389530886,0.3040122985839844
779,5275.797,2654.7033333333325,8996.999999999998,100,100,1086,4.779081769128078,8.28453038674033,5.5022923946380615,-2654.7033333333325,-0.01760885103003067,36.54641555337345,0.4864821924882777,0.012320347157690455,0.07204696360756369,779,160.56777836218328,0.3040122985839844
780,5289.847,2533.7966666666675,8764.66666666667,100,100,1089,4.797843526715295,8.048362411998779,5.528138160705566,-2533.7966666666675,-0.016858847449637122,47.304680294460724,0.37970170093790834,0.007055970520013943,0.09765625,780,160.5863549466679,0.3040122985839844
781,5295.589,2583.9066666666668,8864.666666666672,100,100,1086,4.428926428147929,8.162676488643344,5.110652446746826,-2583.9066666666668,-0.016523864448947066,31.816143540775073,0.3883693551315981,0.004808552138616934,0.05665915547048345,781,160.37839612526002,0.3040122985839844
782,5301.091,2645.010000000001,8850.000000000005,100,100,1089,4.177984849338594,8.126721763085405,4.851715087890625,-2645.010000000001,-0.05293938398568167,36.846863985061646,0.4037732382615407,0.02676217133153437,0.08984375,782,160.41735561639834,0.3040122985839844
783,5307.167,2495.7566666666667,8690.333333333334,100,100,1088,4.735817187311648,7.987438725490197,5.457375764846802,-2495.7566666666667,-0.014399848220979465,37.95893977670109,0.41887616760590496,0.014057389919317383,0.06709558823529412,783,160.4387155193999,0.3040122985839844
784,5313.258,2659.626666666667,8932.666666666668,100,100,1086,4.761655614809965,8.225291589932475,5.476985692977905,-2659.626666666667,-0.012762872255681193,37.54382750567268,0.4531668994356604,0.016254302716868764,0.06218868581687703,784,160.45918414279203,0.3040122985839844
785,5319.358,2529.8333333333335,8642.333333333334,100,100,1087,4.762158785362342,7.950628641521006,5.485232830047607,-2529.8333333333335,-0.015002575483830535,30.088534018572638,0.3874674527084126,0.005928949607015752,0.07226744929657263,785,160.47951163512826,0.3040122985839844
786,5325.424,2577.623333333333,8804.333333333334,100,100,1087,4.759797053698625,8.099662680159462,5.475581169128418,-2577.623333333333,-0.01354398819453576,34.86866193659165,0.4062139128937441,0.005824203705689048,0.06717582901611048,786,160.50084202112086,0.3040122985839844
787,5331.49,2581.383333333334,8845.333333333336,100,100,1085,4.742563961713236,8.152380952380955,5.451394557952881,-2581.383333333334,-0.016567717251532218,36.811138545765594,0.4053362976102268,0.010608711266232765,0.0784866196267745,787,160.5217376231498,0.3040122985839844
788,5337.571,2656.8500000000004,8717.666666666668,100,100,1087,4.733099354766892,8.019932536031893,5.455904006958008,-2656.8500000000004,-0.016779227127485415,40.64804795209099,0.417335603167029,0.006243466303738601,0.08047385650741704,788,160.54251053867898,0.3040122985839844
789,5343.59,2737.5366666666664,9082.66666666667,100,100,1087,4.705080589114173,8.355719104569154,5.421421527862549,-2737.5366666666664,-0.014197258655365337,44.599341336418604,0.42223845422267914,0.008855385738356477,0.058889180969666034,789,160.56508294432751,0.3040122985839844
790,5357.675,2581.89,8835.333333333336,100,100,1088,4.77226580690459,8.120710784313728,5.5027525424957275,-2581.89,-0.010967357303289807,30.975607367122876,0.41038280725479126,0.0067081321270533786,0.07352941176470588,790,160.5833505121369,0.3040122985839844
791,5363.437,2645.9699999999993,8703.333333333334,100,100,1089,4.423334801512282,7.992041628405265,5.119891166687012,-2645.9699999999993,0.013926154364728265,42.20190943611993,0.3883279123240047,-0.01343258810811676,0.08854166666666667,791,160.37686119083313,0.3040122985839844
792,5368.894,2516.833333333333,8648.333333333332,100,100,1084,4.195689576281908,7.978167281672816,4.841433525085449,-2516.833333333333,-0.016916496131350014,39.765416874605066,0.3834183330045027,0.009318377846605419,0.06746323560090627,792,160.41572467536358,0.3040122985839844
793,5375.014,2654.126666666669,9008.666666666662,100,100,1090,4.7692660547775825,8.264831804281341,5.512234926223755,-2654.126666666669,0.023521812529199652,35.257056752840676,0.41473040548670626,0.015370777898675038,0.0642361111111111,793,160.4358749410733,0.3040122985839844
794,5381.072,2668.5199999999986,8913.33333333333,100,100,1084,4.764775370013113,8.22263222632226,5.465163946151733,-2668.5199999999986,-0.015687539844828492,34.451148481930005,0.4333429836175021,0.008051787376376417,0.07166053979274105,794,160.4566893642593,0.3040122985839844
795,5387.19,2622.200000000001,8892.666666666664,100,100,1089,4.762241874904439,8.165901438628708,5.496222972869873,-2622.200000000001,-0.022029530968413584,26.679471500217915,0.3860767618392502,0.00991028831857774,0.0959201388888889,795,160.47661041220613,0.3040122985839844
796,5393.284,2568.719999999999,8776.333333333334,100,100,1087,4.773443514115341,8.073903710518247,5.48591423034668,-2568.719999999999,-0.01103410595918403,32.69307843376608,0.4028940007967107,0.018639317628078383,0.062142565901226854,796,160.49683617098407,0.3040122985839844
797,5399.411,2556.646666666666,8622.666666666668,100,100,1089,4.7737425125842865,7.917967554331192,5.516296148300171,-2556.646666666666,-0.036031690788351826,26.727527269472677,0.346167221173851,0.008012245551476048,0.07378472222222222,797,160.5163888369089,0.3040122985839844
798,5405.481,2664.066666666667,9032.66666666666,100,100,1088,4.751958730326699,8.302083333333329,5.469486474990845,-2664.066666666667,-0.013037890634116004,34.09895560320686,0.3784315700040144,0.0051865266535006576,0.0661764705882353,798,160.53745354876378,0.3040122985839844
799,5411.622,2603.8266666666664,8924.333333333332,100,100,1087,4.782475162577655,8.210058264336093,5.507955312728882,-2603.8266666666664,-0.01307316288790282,39.75841802709243,0.3985207562937456,0.004522138579940314,0.07818335689166013,799,160.55611734978075,0.3040122985839844
800,5425.587,2460.1600000000008,8587.000000000002,100,100,1086,4.7398539576044865,7.906998158379375,5.445141792297363,-2460.1600000000008,-0.012863003511858337,37.55866864148308,0.38613250588669495,0.011453739423921113,0.07278818768613479,800,160.57704922756855,0.3040122985839844
801,5431.316,2521.9,8760.333333333334,100,100,1087,4.434781782299095,8.059184299294696,5.1071937084198,-2521.9,-0.011953006251989043,38.73028491525089,0.3613788020961425,0.0028129266318180322,0.054271708790432006,801,160.37405495991027,0.3040122985839844
802,5436.771,2521.3166666666666,8726.333333333334,100,100,1084,4.210712825037484,8.050123001230013,4.85168194770813,-2521.3166666666666,-0.014656734598033568,32.46083781298469,0.3483404999270159,0.006906819861957475,0.054963235524209106,802,160.41249356539723,0.3040122985839844
803,5442.866,2555.110000000001,8740.66666666667,100,100,1088,4.7679738059634795,8.03370098039216,5.5012242794036865,-2555.110000000001,-0.009697279290241353,31.22150942858528,0.37776650576030507,0.008826845767223002,0.0625,803,160.432753683679,0.3040122985839844
804,5448.905,2605.333333333333,8776.999999999998,100,100,1088,4.717015900442836,8.067095588235292,5.426175117492676,-2605.333333333333,-0.011223979787353207,26.137415268841913,0.3838438207612318,0.010384356726289672,0.07261029411764706,804,160.4546148944247,0.3040122985839844
805,5455.021,2618.6966666666667,8848.66666666666,100,100,1089,4.749524976551033,8.125497398224665,5.474550247192383,-2618.6966666666667,-0.007415900006890297,40.35298531585269,0.3406376938025157,0.0074791226717126034,0.07855902777777778,805,160.47437046497262,0.3040122985839844
806,5461.132,2459.8400000000006,8570.333333333334,100,100,1090,4.7546288999301645,7.8626911314984715,5.472408771514893,-2459.8400000000006,-0.028211849172496133,33.73715776867337,0.35290811500615543,0.008286431095459394,0.059895833333333336,806,160.49437259721242,0.3040122985839844
807,5467.241,2610.423333333333,8828.0,100,100,1086,4.776866021621835,8.128913443830571,5.484332084655762,-2610.423333333333,-0.010731783859870014,38.75640358644373,0.33360900423106027,0.005097838741836741,0.06085448273841072,807,160.51368140410372,0.3040122985839844
808,5473.367,2680.233333333333,8915.333333333336,100,100,1089,4.769995866862491,8.186715641261099,5.508126497268677,-2680.233333333333,-0.028816583152446482,31.482085809111595,0.3474051621225145,0.012167240893985663,0.0685763888888889,808,160.5329891440418,0.3040122985839844
809,5479.561,2525.76,8613.333333333332,100,100,1089,4.784397521873815,7.9093970003060905,5.529587507247925,-2525.76,0.007100176790522205,31.255144423908657,0.3196718474694838,0.013233006530855265,0.05859375,809,160.55025984269673,0.3040122985839844
810,5493.532,2628.8433333333337,8977.333333333332,100,100,1088,4.7721391543104,8.251225490196077,5.502565145492554,-2628.8433333333337,-0.01174180510946933,33.15605230892406,0.30451224612839084,0.005951470339342076,0.04641544117647059,810,160.56992359057236,0.3040122985839844
811,5499.343,2582.0633333333326,8745.333333333328,100,100,1089,4.447111110861479,8.030609121518207,5.147939682006836,-2582.0633333333326,0.010970833814806409,23.37708050178157,0.3117118361414113,0.015064041673516234,0.06336805555555555,811,160.3686152490514,0.3040122985839844
812,5504.867,2485.7299999999996,8634.999999999995,100,100,1087,4.196431186211251,7.943882244710206,4.850078582763672,-2485.7299999999996,-0.01592623568413889,23.87587376201854,0.32125691192991596,0.020592839758404913,0.08097718305447522,812,160.40517060254706,0.3040122985839844
813,5510.838,2493.4466666666676,8564.333333333332,100,100,1084,4.658678966888821,7.900676506765066,5.361850023269653,-2493.4466666666676,-0.013270409065572655,25.269984918482162,0.3011275884859702,0.011189529117580284,0.0742034316610764,813,160.4280569631492,0.3040122985839844
814,5516.879,2544.7933333333326,8771.0,100,100,1083,4.728438964415434,8.098799630655586,5.426720857620239,-2544.7933333333326,-0.013777608490165542,32.640298282398895,0.2669253686771673,0.010632646557710627,0.060669553630492264,814,160.44869114150106,0.3040122985839844
815,5522.984,2557.129999999999,8741.66666666666,100,100,1087,4.7662936512161505,8.042011652867213,5.484705686569214,-2557.129999999999,-0.012611061389393666,27.062869240255917,0.3305768212851356,0.01314011194934959,0.08697333153994645,815,160.46813519488828,0.3040122985839844
816,5529.08,2513.183333333333,8710.33333333333,100,100,1091,4.746427220987253,7.9838069049801375,5.475349187850952,-2513.183333333333,-0.049314148568858705,31.18347952100966,0.30027036948336494,0.011210946683099287,0.0703125,816,160.48855479669814,0.3040122985839844
817,5535.109,2499.85,8598.999999999996,100,100,1088,4.732481157535564,7.90349264705882,5.441907167434692,-2499.85,-0.012565390426008141,25.461429820341223,0.27883157922941093,0.01908456434167045,0.07628676470588236,817,160.51029402055426,0.3040122985839844
818,5541.256,2541.8766666666675,8630.999999999998,100,100,1090,4.762454221234443,7.918348623853209,5.497248888015747,-2541.8766666666675,0.03540782407960958,28.31329107284546,0.28002312489681774,0.01552273565903306,0.06640625,818,160.52894987906237,0.3040122985839844
819,5547.335,2475.3000000000006,8564.666666666666,100,100,1085,4.748272260732537,7.893701996927803,5.450841426849365,-2475.3000000000006,-0.013392757460036698,26.148548743304083,0.3138015173813876,0.016195367823135767,0.08473963334279902,819,160.54863343712432,0.3040122985839844
820,5561.356,2577.696666666666,8806.99999999999,100,100,1090,4.757051927533103,8.07981651376146,5.49081826210022,-2577.696666666666,-0.0183163245415522,33.240504317813446,0.3079400451646911,0.017869277766698763,0.0859375,820,160.56819423056385,0.3040122985839844
821,5567.039,2609.613333333333,8822.333333333334,100,100,1087,4.392913065138749,8.116222017785956,5.064679145812988,-2609.613333333333,-0.014906105284086046,33.75755427865421,0.27652568457757726,0.00893786778290044,0.07455065386260257,821,160.37145324440522,0.3040122985839844
822,5572.538,2616.286666666667,8901.666666666666,100,100,1090,4.193666332119375,8.166666666666666,4.871336460113525,-2616.286666666667,-0.01797813901470767,32.404390858279335,0.2785784374508593,0.0030199666960268384,0.08940972222222222,822,160.40876359133233,0.3040122985839844
823,5578.615,2528.9400000000005,8686.33333333333,100,100,1086,4.74067845218429,7.9984653161448716,5.4590723514556885,-2528.9400000000005,-0.012895513983333813,31.59332202462589,0.2853736855527934,0.008995757225955673,0.07698351495406207,823,160.42871701304307,0.3040122985839844
824,5584.674,2500.8,8696.0,100,100,1088,4.719557168487775,7.992647058823529,5.432165622711182,-2500.8,-0.014333965695079635,26.727278288672952,0.2862202354213771,0.013483751859680256,0.08134191176470588,824,160.4494661109375,0.3040122985839844
825,5590.878,2590.880000000001,8821.666666666666,100,100,1089,4.797646372610681,8.100704009794919,5.538770437240601,-2590.880000000001,-0.14090228473974598,31.37425290213691,0.2595189588351382,0.013311143463296402,0.06640625,825,160.46625131382578,0.3040122985839844
826,5596.964,2480.226666666666,8636.333333333332,100,100,1089,4.7253117535504465,7.930517294153657,5.440854072570801,-2480.226666666666,-0.023603490657276578,28.024766206741333,0.3036706052306626,0.007102845031315357,0.07465277777777778,826,160.48629899333903,0.3040122985839844
827,5603.09,2442.710000000001,8589.33333333333,100,100,1089,4.760095318976047,7.8873584328129756,5.484243631362915,-2442.710000000001,-0.0034658326249983576,26.2761332988739,0.287787732668221,0.0008167824578574962,0.06510416666666667,827,160.50517440843467,0.3040122985839844
828,5609.263,2589.703333333333,8695.333333333332,100,100,1090,4.788776786694593,7.977370030581039,5.5333757400512695,-2589.703333333333,-0.05859395959931943,35.27760907014211,0.30573311069100684,0.016558016369041677,0.06597222222222222,828,160.52288122091377,0.3040122985839844
829,5615.313,2448.233333333334,8544.333333333332,100,100,1088,4.740558916904881,7.853247549019606,5.456400156021118,-2448.233333333334,-0.008383997825576979,28.412070919485654,0.2935344725847244,0.016855203803382155,0.06893382352941177,829,160.54368990981,0.3040122985839844
830,5629.268,2576.250000000001,8868.333333333338,100,100,1087,4.787759981336622,8.158540325053668,5.517437934875488,-2576.250000000001,-0.01625578576589332,28.39913048463709,0.3125232997186044,0.02837363659637049,0.06856909481918111,830,160.5620006639143,0.3040122985839844
831,5635.013,2542.226666666667,8789.999999999996,100,100,1090,4.4369596340736255,8.064220183486235,5.124953746795654,-2542.226666666667,-0.017161118590997324,28.642838694155216,0.28262457144834724,0.014800373904613985,0.07291666666666667,831,160.36875591126235,0.3040122985839844
832,5640.485,2510.303333333333,8505.66666666666,100,100,1087,4.2125992655793505,7.824900337319835,4.873514413833618,-2510.303333333333,-0.014710390502039124,28.541003339430866,0.24514484274036744,0.01925737313885132,0.07773109262480456,832,160.40587919320976,0.3040122985839844
833,5646.622,2472.090000000001,8551.666666666668,100,100,1089,4.779096694724742,7.8527701254974,5.514667987823486,-2472.090000000001,-0.0464527750801709,29.222609016630386,0.24183250922134095,0.02141858385099719,0.058159722222222224,833,160.42442333564438,0.3040122985839844
834,5652.812,2542.616666666667,8665.999999999998,100,100,1091,4.786138680373429,7.9431714023831335,5.53600001335144,-2542.616666666667,-0.001374041402919425,28.029374639193218,0.25204887034164536,0.014566913661029603,0.0802951388888889,834,160.44176987151232,0.3040122985839844
835,5658.911,2538.0033333333326,8677.33333333333,100,100,1088,4.75327665288419,7.975490196078429,5.487379789352417,-2538.0033333333326,-0.01519726698889452,26.70438558915082,0.22489691657178543,0.01435140092336737,0.0739889705882353,835,160.46109182568796,0.3040122985839844
836,5664.974,2548.57,8624.66666666667,100,100,1088,4.721947888944722,7.927083333333336,5.446717023849487,-2548.57,-0.012651127215255709,23.271724869223203,0.2535402091110454,0.023546558530891642,0.06801470588235294,836,160.4814140495817,0.3040122985839844
837,5671.124,2518.583333333333,8632.666666666662,100,100,1090,4.758792933943861,7.919877675840975,5.50981879234314,-2518.583333333333,-0.09160052793514398,28.028867191738552,0.20811863957593837,0.030012026849564992,0.09765625,837,160.49957148932,0.3040122985839844
838,5677.247,2505.9366666666665,8573.666666666668,100,100,1091,4.741139046243442,7.858539566147266,5.480003356933594,-2505.9366666666665,0.0005752639845013618,24.112421989440918,0.25342851670251954,0.0230569398134119,0.07494213018152449,838,160.51865464380867,0.3040122985839844
839,5683.319,2523.173333333334,8648.000000000002,100,100,1087,4.740988406123081,7.955841766329349,5.460708141326904,-2523.173333333334,-0.01059697223279406,24.990932015811694,0.21941618161166415,0.023910185163806413,0.058874591746751,839,160.53840952962878,0.3040122985839844
840,5697.284,2562.9900000000002,8674.0,100,100,1088,4.751995313306586,7.9724264705882355,5.471755266189575,-2562.9900000000002,-0.01116119631949593,31.443153437446146,0.1881650929503581,0.02419425720376346,0.06801470588235294,840,160.5573559575678,0.3040122985839844
841,5702.999,2529.7633333333333,8682.66666666667,100,100,1086,4.42764097606012,7.9950890116636,5.104281425476074,-2529.7633333333333,-0.011994806447011582,24.18654464272892,0.1947365543421577,0.028576127936556825,0.06211456349667381,841,160.36563179543134,0.3040122985839844
842,5708.556,2564.4633333333345,8781.333333333336,100,100,1089,4.227044261800411,8.063666972757884,4.89976692199707,-2564.4633333333345,-0.010086862939513393,28.880357285340626,0.1765747219324112,0.023942103260146216,0.058159722222222224,842,160.4002712187527,0.3040122985839844
843,5714.595,2471.366666666667,8592.666666666664,100,100,1089,4.684995133147547,7.890419344964798,5.39978289604187,-2471.366666666667,-0.0008116531858427657,24.136903001202477,0.18886326853599814,0.011411928963045485,0.055989583333333336,843,160.42134873305096,0.3040122985839844
844,5720.693,2435.9,8451.999999999998,100,100,1089,4.7333588610087665,7.761248852157942,5.451872110366821,-2435.9,0.046961745557685695,25.182727191183304,0.16806575577699095,0.023903506882359378,0.054253472222222224,844,160.44070124804273,0.3040122985839844
845,5726.773,2450.0633333333326,8505.999999999998,100,100,1087,4.7518236430022585,7.8252069917203295,5.470015287399292,-2450.0633333333326,-0.0031488417264293224,33.17478533352123,0.1940662483958637,0.025531165818820763,0.06763538767528884,845,160.4601652494427,0.3040122985839844
846,5732.831,2522.539999999999,8628.333333333332,100,100,1086,4.742790608063107,7.9450583179864935,5.446506500244141,-2522.539999999999,-0.012458890238228966,35.96286324893727,0.19417364544728222,0.007033168488894315,0.06395279879079145,846,160.4800489208856,0.3040122985839844
847,5738.979,2515.6233333333334,8609.666666666668,100,100,1088,4.788356523717726,7.913296568627452,5.516083240509033,-2515.6233333333334,-0.012929507366874638,22.90031323713415,0.22090217251988017,0.018625687780406547,0.06433823529411764,847,160.49775176714394,0.3040122985839844
848,5745.047,2529.14,8635.0,100,100,1085,4.7644268191303665,7.95852534562212,5.45149827003479,-2529.14,-0.012253757292295204,27.083984150606042,0.21789074645322912,0.016683344475870186,0.06647028642542221,848,160.51703776561993,0.3040122985839844
849,5751.223,2412.5800000000004,8434.333333333332,100,100,1087,4.811616281600945,7.759276295614841,5.54731011390686,-2412.5800000000004,-0.012244941303780413,26.260475859922522,0.22485646035741358,0.019635602578465992,0.062157155069358205,849,160.53367628496667,0.3040122985839844
850,5765.134,2510.0533333333333,8686.666666666672,100,100,1086,4.773347698577421,7.998772252915904,5.4750752449035645,-2510.0533333333333,-0.011681617237627506,26.351924559649298,0.2325744742856306,0.02488328606191584,0.07182459664695404,850,160.553083855008,0.3040122985839844
851,5770.896,2575.7333333333336,8804.333333333336,100,100,1087,4.456131001069059,8.099662680159463,5.143367528915405,-2575.7333333333336,-0.011788641814799869,33.61539111417883,0.2325779230279081,0.019082781482104433,0.07495915057028041,851,160.36296601031754,0.3040122985839844
852,5776.402,2507.9300000000007,8559.333333333332,100,100,1090,4.190048256060194,7.852599388379204,4.8609864711761475,-2507.9300000000007,0.013763923663645983,31.185645344356697,0.212870319836873,0.011180666197712222,0.06293402777777778,852,160.39880880342335,0.3040122985839844
853,5782.508,2569.2366666666667,8701.999999999998,100,100,1087,4.753102299525113,8.00551977920883,5.485734224319458,-2569.2366666666667,-0.012772012282820308,28.439849068136777,0.1833304802284521,0.026115869141101616,0.059385212686131984,853,160.41741648516685,0.3040122985839844
854,5788.555,2502.6066666666684,8647.333333333336,100,100,1086,4.722692358820368,7.962553713934931,5.42474627494812,-2502.6066666666684,-0.01321658305823803,25.81550676682416,0.18258588541956508,0.02289347513236434,0.05437618581687703,854,160.4374462613614,0.3040122985839844
855,5794.668,2395.0966666666673,8451.0,100,100,1085,4.795029677004309,7.788940092165898,5.50740122795105,-2395.0966666666673,-0.012492049649796066,22.693128445569208,0.22330918820465312,0.023411584477049902,0.051651398158248735,855,160.4554450512574,0.3040122985839844
856,5800.761,2521.609999999999,8650.333333333328,100,100,1090,4.748944951960424,7.936085626911311,5.47497820854187,-2521.609999999999,-0.019716938233209982,22.745952718787724,0.21940898000240042,0.005687994416803122,0.05164930555555555,856,160.47481785621292,0.3040122985839844
857,5806.867,2566.3333333333326,8675.33333333333,100,100,1091,4.745259484503244,7.951726245035133,5.483051776885986,-2566.3333333333326,0.013019979362272553,29.231113301383125,0.23739093417922655,0.025918957981048152,0.0923032412926356,857,160.49394815367788,0.3040122985839844
858,5812.883,2556.683333333334,8846.333333333332,100,100,1084,4.711678782473679,8.160824108241082,5.405418395996094,-2556.683333333334,-0.014235142837552464,32.37276211906882,0.201997990555623,0.003461997942341601,0.05870098061859608,858,160.51431619989572,0.3040122985839844
859,5818.999,2448.040000000001,8592.666666666664,100,100,1088,4.762407719360507,7.897671568627449,5.481710433959961,-2448.040000000001,-0.016602960196049774,38.33207130432129,0.2779804595253047,0.03548285602728891,0.10340073529411764,859,160.53258683985385,0.3040122985839844
860,5832.949,2545.9833333333336,8733.333333333334,100,100,1087,4.754316098255507,8.034345292854953,5.459515333175659,-2545.9833333333336,-0.006584497661713292,36.38841988058651,0.3238977684694178,0.017022961805410245,0.09892186062300906,860,160.55231942289396,0.3040122985839844
861,5838.686,2560.1766666666676,8686.333333333336,100,100,1086,4.435221455467292,7.998465316144876,5.110711097717285,-2560.1766666666676,-0.012091082575566629,30.20060640222886,0.29679516439928727,0.025491568273590767,0.07824359571232516,861,160.36347966216383,0.3040122985839844
862,5844.169,2568.746666666667,8732.333333333328,100,100,1090,4.182075689666383,8.011314984709475,4.8500449657440186,-2568.746666666667,-0.0281053992609183,34.1104076968299,0.3478309315525823,0.006983658984406955,0.08333333333333333,862,160.39954471249385,0.3040122985839844
863,5850.242,2520.5800000000004,8743.666666666668,100,100,1087,4.749848113438969,8.043851579270164,5.462780237197876,-2520.5800000000004,-0.020977371481849867,27.35115048464607,0.3624752036788884,0.009387434658813565,0.07687033192418954,863,160.41882068821508,0.3040122985839844
864,5856.293,2599.2133333333322,8770.666666666662,100,100,1087,4.739916099774332,8.0686905857099,5.455451726913452,-2599.2133333333322,-0.010784834020716302,37.751800649306354,0.34916653571759954,0.017829378731274867,0.07358776865636601,864,160.4387002270075,0.3040122985839844
865,5862.469,2628.1799999999994,8819.333333333332,100,100,1090,4.785639357565125,8.091131498470947,5.528881788253784,-2628.1799999999994,-0.0236744646810823,47.98758954472012,0.33003373361296123,0.052961648519461356,0.13151041666666666,865,160.4555913632689,0.3040122985839844
866,5868.584,2578.2899999999995,8693.0,100,100,1089,4.760232873674041,7.982552800734619,5.480327844619751,-2578.2899999999995,-0.06125913749241994,27.47461959388521,0.3088596930934323,0.015506100595100887,0.0998263888888889,866,160.47397014699354,0.3040122985839844
867,5874.714,2535.2899999999995,8612.000000000002,100,100,1089,4.761087603091379,7.908172635445364,5.493027687072754,-2535.2899999999995,-0.013107891841274168,36.31023253334893,0.31411901323331726,0.02748515843025719,0.0703125,867,160.49190272415876,0.3040122985839844
868,5880.796,2582.893333333334,8766.0,100,100,1089,4.742162627436535,8.049586776859504,5.4623072147369385,-2582.893333333334,0.0080166170373559,30.226044644912083,0.2712097120024908,0.020847314186135515,0.057291666666666664,868,160.5111021975403,0.3040122985839844
869,5886.85,2574.076666666666,8832.333333333332,100,100,1087,4.729073596201501,8.125421649800673,5.44861626625061,-2574.076666666666,-0.003951342502499328,32.59912294500015,0.32048731779350953,0.017262418822878423,0.06903594798024963,869,160.53068707759388,0.3040122985839844
870,5900.795,2525.32,8617.33333333333,100,100,1084,4.7570313651344955,7.949569495694954,5.453714609146118,-2525.32,-0.012435282361419761,29.783807361827176,0.325753366245943,0.020379662222694606,0.05637254922048134,870,160.5495134597581,0.3040122985839844
871,5906.495,2592.5499999999997,8752.333333333336,100,100,1083,4.436148202114688,8.081563558017853,5.09555459022522,-2592.5499999999997,-0.017705812502433273,31.317192470326145,0.32154104683329077,0.028542317795868525,0.0665659273371977,871,160.3636394480298,0.3040122985839844
872,5912.062,2545.6099999999997,8869.333333333336,100,100,1088,4.256926746058846,8.151960784313728,4.930864334106445,-2545.6099999999997,-0.010884712614557323,29.73785619174733,0.3187895886161748,0.028947605520336178,0.07536764705882353,872,160.39666268913444,0.3040122985839844
873,5918.16,2489.3666666666672,8554.000000000002,100,100,1090,4.754238348740469,7.847706422018351,5.472844362258911,-2489.3666666666672,0.04851656140656107,29.064176082611084,0.3132592352728049,0.02855989054983689,0.07552083333333333,873,160.41555768042838,0.3040122985839844
874,5924.306,2610.7433333333324,8833.33333333333,100,100,1089,4.767837741346371,8.11141720232629,5.501268148422241,-2610.7433333333324,0.0053579288845260935,27.434400969081455,0.34561559392346275,0.010525328120113246,0.05555555555555555,874,160.43298065360557,0.3040122985839844
875,5930.401,2534.4600000000005,8821.333333333336,100,100,1089,4.735750780775254,8.10039791857974,5.454210996627808,-2534.4600000000005,0.019764524263640244,26.753439154889847,0.3702631229534745,0.01612187525542039,0.07291666666666667,875,160.45174796946145,0.3040122985839844
876,5936.527,2593.9433333333336,8773.0,100,100,1088,4.768672794050551,8.063419117647058,5.499870777130127,-2593.9433333333336,-0.012691812754115638,31.464130738202265,0.3633804851595093,0.020796661251498497,0.06755514705882353,876,160.46945125638524,0.3040122985839844
877,5942.64,2555.2733333333326,8926.33333333333,100,100,1088,4.766144300875192,8.204350490196076,5.493019104003906,-2555.2733333333326,-0.012631482773405664,29.11713415033677,0.36639391937676596,0.03430293359355453,0.06341911764705882,877,160.48743083917756,0.3040122985839844
878,5948.762,2568.129999999999,8769.666666666666,100,100,1091,4.743777453433295,8.038191261839291,5.482949495315552,-2568.129999999999,-0.008680179404715696,28.823900441328686,0.35512084141373634,0.0205574793378926,0.09563078731298447,878,160.50568810293805,0.3040122985839844
879,5954.88,2573.066666666667,8572.333333333332,100,100,1089,4.742798621550756,7.871747780838689,5.4730064868927,-2573.066666666667,0.06959582839368118,60.591994378301834,0.3420539212723573,0.012187274612693323,0.05685763888888889,879,160.5236592703282,0.3040122985839844
880,5968.786,2564.5933333333332,8704.33333333333,100,100,1088,4.729370127653751,8.000306372549018,5.446330308914185,-2564.5933333333332,-0.010699901948956883,29.730152803308822,0.3654597611988292,0.020588239120757756,0.0625,880,160.54227732120643,0.3040122985839844
881,5974.574,2526.5733333333333,8623.666666666668,100,100,1089,4.452323690279155,7.918885827976738,5.1494574546813965,-2526.5733333333333,0.016623524483293295,33.46706745359633,0.33778112733529675,0.013793465332128108,0.06944444444444445,881,160.3588760466423,0.3040122985839844
882,5980.078,2495.8600000000006,8654.333333333336,100,100,1089,4.210813496628719,7.947046219773495,4.8782267570495605,-2495.8600000000006,-0.032697412056020565,31.655867867999607,0.338706533941958,0.023085266815744236,0.05642361111111111,882,160.3933805760532,0.3040122985839844
883,5986.273,2705.2333333333336,8946.333333333332,100,100,1092,4.768492488511207,8.192612942612941,5.517789363861084,-2705.2333333333336,-0.04296664585773316,37.75401698218452,0.3547042417792707,0.01857187502254318,0.048177083333333336,883,160.40982136299485,0.3040122985839844
884,5992.333,2609.0066666666676,8861.000000000002,100,100,1085,4.729417050021276,8.166820276497697,5.443339824676514,-2609.0066666666676,-0.0149635768166798,32.21130999396829,0.34090530171113853,0.009458499751738547,0.06874547953553059,884,160.42866458869776,0.3040122985839844
885,5998.416,2575.0333333333333,8778.333333333325,100,100,1091,4.731764984581753,8.046135044301856,5.457818508148193,-2575.0333333333333,-0.0006543168177207311,24.876159323586357,0.3667425873378913,0.006109244047871066,0.06047453731298447,885,160.4478520324119,0.3040122985839844
886,6004.604,2470.8466666666664,8591.666666666668,100,100,1090,4.789106513228302,7.882262996941897,5.537782907485962,-2470.8466666666664,-0.0031039495435025957,36.018521477778755,0.35069659021165633,0.018091663518538956,0.0685763888888889,886,160.46402900869225,0.3040122985839844
887,6010.659,2587.6266666666666,8817.666666666666,100,100,1087,4.718655842873024,8.111928856179086,5.435792446136475,-2587.6266666666666,-0.0130329544601195,23.549871192258948,0.35653724784360213,0.02524470170850263,0.07635241637335104,887,160.48324089707077,0.3040122985839844
888,6016.709,2492.7766666666676,8639.66666666667,100,100,1085,4.7253243292548825,7.96282642089094,5.44007682800293,-2492.7766666666676,-0.015235809335375534,30.7668238808127,0.2978282829417902,0.05199678987264633,0.08110836498877581,888,160.50222083969174,0.3040122985839844
889,6022.728,2492.99,8683.999999999996,100,100,1088,4.704424906723195,7.98161764705882,5.415166854858398,-2492.99,-0.016611570355427617,41.44371100033031,0.30773424357175827,0.015134473636862822,0.04825367647058824,889,160.52243753228703,0.3040122985839844
890,6036.673,2465.7166666666662,8710.333333333334,100,100,1091,4.760375709932786,7.983806904980141,5.501482009887695,-2465.7166666666662,-0.04304828939752446,33.04149503178067,0.3474210666285621,0.051679574486721926,0.0656828706463178,890,160.5399643263432,0.3040122985839844
891,6042.41,2626.166666666667,8825.000000000005,100,100,1089,4.410260331627115,8.103764921946745,5.105479001998901,-2626.166666666667,-0.12075991587092479,37.60440233039359,0.29802073910832405,0.0083580571356126,0.09418402777777778,891,160.36036429263135,0.3040122985839844
892,6047.845,2594.64,8742.666666666666,100,100,1087,4.164265041396351,8.04293161606869,4.8241286277771,-2594.64,-0.015215131892439197,32.03839391820571,0.3571087419986725,0.02141773856847602,0.07637430004337255,892,160.39598524060807,0.3040122985839844
893,6053.972,2466.5300000000007,8559.333333333334,100,100,1089,4.754869698583601,7.859810223446588,5.484209060668945,-2466.5300000000007,-0.01492921102585064,28.91777388710115,0.367931024895774,0.03558794900567995,0.05251736111111111,893,160.41353494416387,0.3040122985839844
894,6060.06,2607.186666666668,8713.66666666667,100,100,1090,4.7182021096536735,7.994189602446486,5.446576356887817,-2607.186666666668,-0.012245164666738775,40.816300339168976,0.3518233285232984,0.012649400677118037,0.053385416666666664,894,160.43226590686646,0.3040122985839844
895,6066.185,2532.3233333333333,8744.0,100,100,1089,4.752105693747628,8.029384756657484,5.491268873214722,-2532.3233333333333,-0.033330433898501925,28.877778993712532,0.3607083070609305,0.03750571273849346,0.0763888888888889,895,160.44977852724625,0.3040122985839844
896,6072.269,2560.8933333333334,8703.666666666672,100,100,1086,4.744653314207106,8.014426028238187,5.450953960418701,-2560.8933333333334,-0.010953771826975486,25.11656379699707,0.3865660078385297,0.02855006419464617,0.05152988609145669,896,160.467848463846,0.3040122985839844
897,6078.312,2586.563333333333,8828.66666666667,100,100,1087,4.7151505979884965,8.12204845139528,5.427822589874268,-2586.563333333333,-0.010473999413935578,28.38520117367015,0.39105693776817885,0.03928175873314852,0.04324229702572612,897,160.4871599082022,0.3040122985839844
898,6084.379,2468.7100000000005,8644.666666666666,100,100,1086,4.755184807858394,7.960098219766728,5.463286876678467,-2468.7100000000005,-0.012912817682851763,25.726523792042453,0.3692689397755791,0.05369025138069821,0.04740868114373263,898,160.50561240628895,0.3040122985839844
899,6090.49,2548.2533333333336,8704.0,100,100,1088,4.769459740119226,8.0,5.496036529541016,-2548.2533333333336,-0.014980692909482647,28.11598270079669,0.3683648617828594,0.017411442915224198,0.04503676470588235,899,160.52319993443564,0.3040122985839844
900,6104.42,2561.856666666667,8699.333333333334,100,100,1086,4.73644291085035,8.010435850214856,5.440047025680542,-2561.856666666667,-0.016815617406631216,34.194452454062066,0.3302777878501836,0.024062514168155545,0.07003083474495832,900,160.54142019149836,0.3040122985839844
901,6110.196,2552.4066666666668,8738.999999999998,100,100,1086,4.459432780877284,8.04696132596685,5.1465744972229,-2552.4066666666668,-0.012256997637450695,32.482586299671844,0.33613917888963923,0.024376396925243383,0.046104126993347615,901,160.3609676190707,0.3040122985839844
902,6115.685,2529.823333333334,8753.666666666672,100,100,1086,4.2126000931522505,8.060466543891962,4.86626935005188,-2529.823333333334,-0.011399450876257,26.02153912712546,0.3278732716160662,0.056571577949558985,0.045125711490126216,902,160.39465798361823,0.3040122985839844
903,6121.797,2478.21,8666.000000000004,100,100,1089,4.739903030734034,7.9577594123048705,5.4680845737457275,-2478.21,0.003607481355882353,24.937999924023945,0.3087983368389473,0.0952135180705227,0.047309027777777776,903,160.41236499095822,0.3040122985839844
904,6127.883,2689.2700000000004,9022.0,100,100,1089,4.723655556810077,8.284664830119375,5.442164659500122,-2689.2700000000004,0.002609578013006184,27.209476775593227,0.3366807745778083,0.04768361331177099,0.07465277777777778,904,160.43077563007208,0.3040122985839844
905,6134.025,2499.583333333334,8548.666666666664,100,100,1088,4.777288327686085,7.85723039215686,5.513618469238281,-2499.583333333334,-0.010301078834077892,33.42857192544376,0.3068956526763299,0.05767602997366339,0.04457720588235294,905,160.4474963897356,0.3040122985839844
906,6140.11,2530.1133333333332,8700.999999999998,100,100,1088,4.7663844669681135,7.997242647058822,5.478994131088257,-2530.1133333333332,-0.00872918456683264,29.282152456395767,0.27224262891446843,0.04836749505279038,0.06939338235294118,906,160.46569098852515,0.3040122985839844
907,6146.171,2448.220000000001,8489.333333333336,100,100,1088,4.743028766610865,7.802696078431374,5.459092855453491,-2448.220000000001,-0.007755803163437282,25.75525384790757,0.26046113056295056,0.02164395432919264,0.04503676470588235,907,160.48447242494876,0.3040122985839844
908,6152.288,2614.583333333334,8848.666666666668,100,100,1087,4.780497790503606,8.140447715424717,5.508177757263184,-2614.583333333334,-0.009183796821162105,26.484931553111355,0.2606406608486877,0.05076928592204828,0.04691147305728758,908,160.5015799931472,0.3040122985839844
909,6158.369,2483.6,8631.33333333333,100,100,1087,4.759337623576225,7.940509046304812,5.469174385070801,-2483.6,-0.004620399600004449,24.06608216902789,0.27781092419343834,0.029902315071975702,0.04051412269473076,909,160.51960674635214,0.3040122985839844
910,6172.324,2533.4766666666665,8723.666666666666,100,100,1087,4.790501933580859,8.025452315240724,5.514896631240845,-2533.4766666666665,-0.007780775975655107,27.95753801570219,0.24301826910060995,0.027218581331373358,0.06303979960434578,910,160.5368239853965,0.3040122985839844
911,6178.11,2617.2299999999996,8833.333333333332,100,100,1090,4.444367797947018,8.103975535168194,5.14450216293335,-2617.2299999999996,-0.046742146058628954,28.823926316367256,0.25667052954183117,0.027148448551694553,0.05078125,911,160.359074508831,0.3040122985839844
912,6183.586,2448.0166666666664,8457.333333333332,100,100,1088,4.196506527638549,7.7732843137254894,4.860230922698975,-2448.0166666666664,-0.009803639889201698,31.762779909021713,0.2546376822625889,0.05409443956073921,0.05974264705882353,912,160.39301773645286,0.3040122985839844
913,6189.74,2532.043333333334,8755.000000000002,100,100,1089,4.77617401313259,8.039485766758496,5.504020690917969,-2532.043333333334,-0.013547028777086072,33.163139555189346,0.30990395943323773,0.07327033874268334,0.09375,913,160.4094930344248,0.3040122985839844
914,6195.843,2581.1699999999996,8855.0,100,100,1087,4.761101016363518,8.146274149034038,5.488195896148682,-2581.1699999999996,-0.01022305731278132,31.502973668715534,0.2746039273984292,0.04039083409931182,0.04646650351145688,914,160.42695062753847,0.3040122985839844
915,6201.94,2547.510000000001,8554.33333333334,100,100,1090,4.744977156584655,7.848012232415908,5.4745683670043945,-2547.510000000001,0.016345137937201396,34.24581315782335,0.2879747566249635,0.02818779849460245,0.07725694444444445,915,160.44496659239846,0.3040122985839844
916,6208.025,2585.2133333333336,8680.333333333334,100,100,1086,4.742422743578669,7.992940454266422,5.4490296840667725,-2585.2133333333336,-0.011276420123656006,41.72182414110969,0.24971605442902622,0.06072544563828748,0.0483426232548321,916,160.46263533841892,0.3040122985839844
917,6214.129,2571.633333333333,8770.333333333336,100,100,1088,4.750563234826105,8.060968137254903,5.469066381454468,-2571.633333333333,-0.012108501266030705,27.67455056134392,0.2106673283612027,0.04379433815312736,0.06020220588235294,917,160.48012043360285,0.3040122985839844
918,6220.257,2374.3566666666666,8418.999999999996,100,100,1084,4.783547509910979,7.766605166051657,5.473900079727173,-2374.3566666666666,-0.009075468953918009,44.49792940476362,0.2319483634303598,0.03237088506027837,0.04525122572393978,918,160.49629180412222,0.3040122985839844
919,6226.388,2553.4366666666683,8731.000000000004,100,100,1088,4.78301920927205,8.024816176470592,5.508287191390991,-2553.4366666666683,-0.010203894556445233,31.65677553064683,0.20283932611346245,0.051584528752273935,0.051470588235294115,919,160.51297308814284,0.3040122985839844
920,6240.487,2591.7499999999995,8820.333333333336,100,100,1086,4.789769429752936,8.121853898096994,5.508917331695557,-2591.7499999999995,-0.009219363003092654,30.293968368979062,0.18434596368495157,0.06498587102054015,0.05572521335938398,920,160.529208820379,0.3040122985839844
921,6246.225,2493.503333333333,8663.66666666667,100,100,1088,4.4119899839108045,7.96292892156863,5.095071315765381,-2493.503333333333,-0.006177842671818593,34.28837439593147,0.2009026655817733,0.042300585979212296,0.057904411764705885,921,160.35124632580792,0.3040122985839844
922,6251.811,2525.1699999999996,8770.999999999998,100,100,1089,4.194120477963687,8.054178145087235,4.861317157745361,-2525.1699999999996,0.045101287516040936,27.072166707780625,0.2081462149686154,0.04889032258102412,0.03819444444444445,922,160.38217079186578,0.3040122985839844
923,6257.721,2522.4833333333336,8574.0,100,100,1088,4.599103308518191,7.880514705882353,5.298655986785889,-2522.4833333333336,-0.010584488730220235,21.381436488207648,0.18079043464625583,0.06901106817702599,0.04641544117647059,923,160.4045719466418,0.3040122985839844
924,6263.724,2605.53,8760.333333333332,100,100,1086,4.655434069215984,8.06660527931246,5.358749866485596,-2605.53,-0.010039824499365161,27.36743450164795,0.16833420338876107,0.02980145325144643,0.04838709664695403,924,160.4242211531818,0.3040122985839844
925,6269.756,2540.1733333333336,8625.333333333334,100,100,1087,4.7091444338035275,7.934989267095983,5.418277740478516,-2540.1733333333336,-0.014043708414058475,38.90388219496783,0.21083753336878383,0.0239454981912037,0.053834034020409864,925,160.44327449385204,0.3040122985839844
926,6275.901,2555.803333333333,8709.000000000002,100,100,1090,4.749509908681855,7.989908256880736,5.4803972244262695,-2555.803333333333,-0.013773519882104464,32.0593921078576,0.18598729642811426,0.040249641868285835,0.04861111111111111,926,160.45982522317635,0.3040122985839844
927,6282.034,2507.12,8787.333333333332,100,100,1090,4.743447339209224,8.061773700305809,5.471932411193848,-2507.12,0.019844737835228443,35.840400007035996,0.2132813162687752,0.05563817886609791,0.052083333333333336,927,160.47669471860746,0.3040122985839844
928,6288.146,2512.0566666666655,8658.333333333334,100,100,1091,4.724659394548811,7.936144210204706,5.4510180950164795,-2512.0566666666655,-0.02769187077259024,36.66239908006456,0.31110138901405865,0.04530694540072647,0.09172453731298447,928,160.49419367692343,0.3040122985839844
929,6294.223,2646.7899999999995,8834.333333333334,100,100,1089,4.716240951968434,8.11233547597184,5.439384937286377,-2646.7899999999995,-0.028950087441545393,39.064108192920685,0.252048125113548,0.02270831898204051,0.055121527777777776,929,160.51226643676094,0.3040122985839844
930,6308.164,2741.7933333333335,8894.000000000002,100,100,1090,4.713814677093861,8.159633027522938,5.44265341758728,-2741.7933333333335,-0.03407049965527323,62.78686883714464,0.2517625358887017,0.03506587945675063,0.0703125,930,160.53044541007526,0.3040122985839844
931,6313.925,2603.34,8879.333333333334,100,100,1088,4.437080055782538,8.161151960784315,5.125157594680786,-2603.34,-0.012752601548152812,39.199545972487506,0.27482714284868803,0.027645702388219756,0.06295955882352941,931,160.35636593001004,0.3040122985839844
932,6319.399,2634.7166666666662,8846.999999999996,100,100,1083,4.197209694986907,8.168975069252074,4.851507902145386,-2634.7166666666662,-0.012890594107482363,35.993887172025794,0.26157546744627114,0.03992253435460631,0.06790565797949538,932,160.38883451268998,0.3040122985839844
933,6325.485,2554.3199999999993,8757.999999999995,100,100,1084,4.758576292572956,8.079335793357929,5.457683801651001,-2554.3199999999993,-0.009054087047629496,33.51709433162914,0.2795786498224034,0.03799953388978097,0.05848651971010601,933,160.4058932714783,0.3040122985839844
934,6331.555,2620.3666666666677,8794.666666666673,100,100,1088,4.720820863868164,8.08333333333334,5.437722682952881,-2620.3666666666677,-0.009856197435189696,32.15939190808464,0.27816208583467145,0.01550416202243308,0.04917279411764706,934,160.4239406264917,0.3040122985839844
935,6337.723,2509.703333333333,8694.0,100,100,1088,4.789635568800698,7.990808823529412,5.51523756980896,-2509.703333333333,-0.00672364267794525,35.88818163030288,0.29732628867906685,0.022770184845499256,0.058823529411764705,935,160.43947032004803,0.3040122985839844
936,6343.792,2645.6,8796.33333333333,100,100,1085,4.7411343786642295,8.10721966205837,5.452508211135864,-2645.6,-0.008892902474412146,31.324695587158203,0.330476326539236,0.038981287509052304,0.08025705113130457,936,160.45701522428462,0.3040122985839844
937,6349.921,2650.063333333332,8686.999999999998,100,100,1088,4.789569944477989,7.984374999999998,5.522665500640869,-2650.063333333332,-0.010726805283304523,45.0015349668615,0.3207691092701519,0.014960670295883627,0.0546875,937,160.47349810825375,0.3040122985839844
938,6356.054,2721.5166666666664,9049.000000000002,100,100,1091,4.744941428560664,8.294225481209901,5.490564584732056,-2721.5166666666664,0.013487971698244413,39.49779256184896,0.3154327819744746,0.007256222022179928,0.053385416666666664,938,160.49029652914027,0.3040122985839844
939,6362.096,2550.5433333333335,8808.666666666666,100,100,1084,4.728359040311053,8.126076260762607,5.4280009269714355,-2550.5433333333335,-0.010018935043583898,32.216180745293116,0.35273466346894994,0.024389144402983433,0.07944240223835497,939,160.50828449826042,0.3040122985839844
940,6376.191,2563.916666666666,8892.666666666666,100,100,1087,4.754828333918077,8.18092609628948,5.488583564758301,-2563.916666666666,-0.011900559341644539,37.88830729091869,0.35006824048126445,0.02233222225913778,0.08883345083278768,940,160.52410252095794,0.3040122985839844
941,6381.997,2564.2999999999997,8739.0,100,100,1088,4.446282995773157,8.032169117647058,5.148330450057983,-2564.2999999999997,-0.014127678292639115,45.2809440388399,0.4011492203263676,0.01570757360690657,0.08272058823529412,941,160.34855591347971,0.3040122985839844
942,6387.797,2723.8333333333344,9080.333333333343,100,100,1090,4.284660641633726,8.33058103975536,5.003461122512817,-2723.8333333333344,-0.056777693124281034,38.17111052407159,0.4383866555160946,0.01648059705944939,0.06597222222222222,942,160.3736209095935,0.3040122985839844
943,6393.791,2616.3133333333335,8894.0,100,100,1088,4.571208273880663,8.174632352941176,5.2819437980651855,-2616.3133333333335,-0.016567466670975965,31.730578590841855,0.3979543710456175,0.010120668400572064,0.06709558823529412,943,160.39342017966376,0.3040122985839844
944,6399.722,2669.8000000000006,8957.666666666666,100,100,1086,4.605891253232345,8.24831184775936,5.317986726760864,-2669.8000000000006,-0.015621968996984995,31.44960866254919,0.4456727013868444,0.00874663084943998,0.0667990985162118,944,160.41447459807966,0.3040122985839844
945,6405.763,2561.03,8775.333333333338,100,100,1087,4.706379301094629,8.072983747316778,5.421745538711548,-2561.03,-0.012647515929797116,29.758617401123047,0.408305287361145,0.020149992915856486,0.07455794863841113,945,160.4328894471639,0.3040122985839844
946,6411.865,2581.4166666666656,8956.66666666666,100,100,1090,4.722693943580903,8.217125382262992,5.447705507278442,-2581.4166666666656,-0.015443370987971624,28.53418923748864,0.4381801030702061,0.02273312064870778,0.09288194444444445,946,160.45021587430207,0.3040122985839844
947,6417.939,2562.5166666666655,8770.333333333334,100,100,1084,4.736577029957701,8.090713407134071,5.437411069869995,-2562.5166666666655,-0.014060287407654174,25.573401002322925,0.3833177151048885,0.01524614985785721,0.05772058852016926,947,160.4672480535453,0.3040122985839844
948,6424.054,2569.123333333333,8902.999999999996,100,100,1089,4.739541594085306,8.175390266299354,5.459811210632324,-2569.123333333333,-0.08382200465227167,38.79543288548788,0.34496716983737596,0.019501151374748185,0.06640625,948,160.4840125187392,0.3040122985839844
949,6430.214,2597.376666666667,8815.666666666664,100,100,1091,4.7546658099617884,8.080354414909866,5.506546258926392,-2597.376666666667,-0.0030148146777517265,31.033636271953583,0.34040000413854915,0.01041778899444681,0.0720486111111111,949,160.49994047216407,0.3040122985839844
950,6444.127,2532.406666666667,8789.333333333334,100,100,1087,4.726780866480089,8.085863232137381,5.434671401977539,-2532.406666666667,-0.014695547260891865,31.447135476505053,0.28915319767068415,0.025873260819079244,0.08095529900096796,950,160.51809921340572,0.3040122985839844
951,6449.851,2514.7466666666655,8691.999999999998,100,100,1086,4.420159114794857,8.0036832412523,5.094459295272827,-2514.7466666666655,-0.014355906394912916,28.88872802958769,0.31588972184587927,0.013198382073931177,0.06215903688879574,951,160.34819287499332,0.3040122985839844
952,6455.412,2555.7700000000004,8770.33333333333,100,100,1092,4.228923262963447,8.031440781440779,4.925553321838379,-2555.7700000000004,-0.0014661727990541193,29.84912199444241,0.27114049355602926,0.013630441784496523,0.08637152777777778,952,160.37922352664353,0.3040122985839844
953,6461.411,2583.5633333333335,8801.999999999996,100,100,1086,4.687161971025965,8.104972375690604,5.3878068923950195,-2583.5633333333335,-0.010893772356212139,33.15815336564008,0.3233605649541406,0.013060838107348365,0.0636118356795872,953,160.39839666379456,0.3040122985839844
954,6467.557,2620.0333333333324,8843.33333333333,100,100,1090,4.75617926781399,8.113149847094798,5.4938366413116455,-2620.0333333333324,0.021763646250797644,38.98327610227797,0.2877686479025417,0.017957610773414165,0.0798611111111111,954,160.41454623709203,0.3040122985839844
955,6473.604,2510.5533333333324,8727.0,100,100,1083,4.718442383309997,8.058171745152354,5.40735387802124,-2510.5533333333324,-0.013422070646329838,44.75860556434183,0.3104349922607927,0.010314751637291493,0.057218968156067765,955,160.43197489678715,0.3040122985839844
956,6479.747,2608.543333333333,8818.0,100,100,1089,4.76937970718244,8.097337006427916,5.498887538909912,-2608.543333333333,-0.016089919230176344,31.924659093221027,0.3367597477303611,0.011773759744957916,0.06076388888888889,956,160.44793844892064,0.3040122985839844
957,6485.808,2555.9600000000005,8697.000000000004,100,100,1088,4.738731891527149,7.993566176470591,5.454363107681274,-2555.9600000000005,-0.013406494385836756,35.372662993038404,0.33881211499957475,0.009939942830790053,0.05698529411764706,957,160.4657346421993,0.3040122985839844
958,6491.935,2474.1800000000003,8732.666666666662,100,100,1091,4.761823741646567,8.004277421325996,5.494994640350342,-2474.1800000000003,-0.026428452382485073,26.593375470903183,0.3186868180831273,0.014253088693496667,0.08043981509076224,958,160.48234811556338,0.3040122985839844
959,6497.979,2508.4933333333333,8771.000000000002,100,100,1087,4.714244892567965,8.068997240110397,5.428345203399658,-2508.4933333333333,-0.013863519710652968,27.555808908799115,0.32033369295737324,0.010585327636149219,0.056584092240561455,959,160.50037066297762,0.3040122985839844
960,6511.901,2569.01,8849.33333333333,100,100,1084,4.735685608305064,8.163591635916356,5.437353610992432,-2569.01,-0.012751741143053068,33.57310771942139,0.31373557799002705,0.01029745675430818,0.061060049297178495,960,160.51780438281716,0.3040122985839844
961,6517.609,2421.456666666667,8519.999999999996,100,100,1085,4.413787373835178,7.852534562211979,5.074674844741821,-2421.456666666667,-0.012532929561155684,26.79353941188139,0.2741248905658722,0.01303752966101884,0.06440603897413787,961,160.34974435028371,0.3040122985839844
962,6523.075,2475.3466666666664,8679.33333333333,100,100,1088,4.19265560562695,7.9773284313725465,4.858047723770142,-2475.3466666666664,-0.010746575508485822,30.61757334540872,0.3012520666508114,0.020539335365516737,0.06020220588235294,962,160.3822147181895,0.3040122985839844
963,6529.098,2495.306666666667,8648.666666666668,100,100,1084,4.744101105781094,7.978474784747848,5.431022882461548,-2495.306666666667,-0.012201292659429944,28.394974259769214,0.2538200708873132,0.013672968612381202,0.06547181384966654,963,160.4002640613521,0.3040122985839844
964,6535.179,2616.8533333333335,8757.333333333336,100,100,1087,4.739136339453149,8.056424409690282,5.457121133804321,-2616.8533333333335,-0.011875745018615443,40.44499683380127,0.29032230771639767,0.008262301150620367,0.06672356458490386,964,160.41733642474097,0.3040122985839844
965,6541.219,2523.903333333334,8731.333333333336,100,100,1086,4.713384531057589,8.039901780233274,5.4078004360198975,-2523.903333333334,-0.012463707750772728,26.661917237674487,0.2923596431227291,0.015440146856503013,0.08340251401943319,965,160.4352262096431,0.3040122985839844
966,6547.294,2500.9266666666667,8683.666666666662,100,100,1088,4.744592280022677,7.9813112745098,5.462010622024536,-2500.9266666666667,-0.013171411667238264,36.3034413281609,0.29096899970489387,0.016544522881946144,0.06939338235294118,966,160.45254396707764,0.3040122985839844
967,6553.375,2588.45,8809.666666666664,100,100,1088,4.735518934895106,8.097120098039213,5.456446170806885,-2588.45,-0.011598014601451509,32.97253356260412,0.30010246397817836,0.014519804602434091,0.06939338235294118,967,160.46967389381095,0.3040122985839844
968,6559.472,2519.336666666665,8530.66666666666,100,100,1086,4.747544107105391,7.855125844076115,5.455904960632324,-2519.336666666665,-0.00913504943909014,40.47520328970516,0.28315138422390995,0.023410106358556625,0.06494603875805349,968,160.48608021346166,0.3040122985839844
969,6565.578,2495.3233333333324,8685.333333333334,100,100,1087,4.744938180504303,7.9901870591843,5.462305545806885,-2495.3233333333324,-0.012040004901149693,39.76498385036693,0.3229012195678318,0.01738982681212399,0.053396358757334596,969,160.50239179451543,0.3040122985839844
970,6579.623,2493.6466666666656,8443.33333333333,100,100,1087,4.745668446856766,7.7675559644280865,5.457208633422852,-2493.6466666666656,-0.009777058025493342,33.79593131121467,0.3230443482889849,0.008599773233393481,0.048778886742451615,970,160.5192964450586,0.3040122985839844
971,6585.33,2549.1566666666677,8794.000000000005,100,100,1087,4.399803036454595,8.090156393744255,5.072923898696899,-2549.1566666666677,-0.009343315025462824,33.26468248928295,0.3463813644998214,0.006846683640854762,0.04556926964398693,971,160.35111861286472,0.3040122985839844
972,6590.907,2700.2333333333327,8992.0,100,100,1087,4.23114038860338,8.272309107635694,4.9089648723602295,-2700.2333333333327,-0.009279773899299256,44.735969319063074,0.3422885239124298,0.012815665731014794,0.060712827040868646,972,160.38035887441936,0.3040122985839844
973,6596.881,2552.893333333335,8760.0,100,100,1086,4.636838673493905,8.066298342541437,5.333423376083374,-2552.893333333335,-0.011063580729943864,35.8865696963142,0.42843851622413187,0.017105195438489318,0.05753379972542033,973,160.39974860716282,0.3040122985839844
974,6602.946,2559.836666666666,8685.333333333334,100,100,1085,4.731690319156283,8.004915514592934,5.439231872558594,-2559.836666666666,-0.01114546918474576,26.836762316086713,0.333851018372704,0.014573736944893265,0.06134733579614583,974,160.41672880041764,0.3040122985839844
975,6609.095,2555.5966666666664,8821.333333333332,100,100,1090,4.7570890788663895,8.092966360856268,5.488772630691528,-2555.5966666666664,-0.04417348953170909,32.93638115459018,0.3538931204626958,0.0086160169804417,0.050347222222222224,975,160.43240812088584,0.3040122985839844
976,6615.229,2509.5933333333332,8704.000000000002,100,100,1088,4.788135476487429,8.000000000000002,5.507522344589233,-2509.5933333333332,-0.012758317677413715,35.25658080157112,0.45318008959293365,0.01757764776566011,0.08455882352941177,976,160.4481046396976,0.3040122985839844
977,6621.305,2523.7633333333333,8820.666666666664,100,100,1085,4.752561382408584,8.129646697388631,5.4560627937316895,-2523.7633333333333,-0.008422617252696963,33.0969617507037,0.3782564550638199,0.01633607831728809,0.07010155445074334,977,160.46473084380384,0.3040122985839844
978,6627.371,2522.4966666666664,8767.333333333334,100,100,1085,4.7437707851705255,8.080491551459295,5.446786165237427,-2522.4966666666664,-0.01366111307459719,31.738940856036017,0.3810831711572759,0.002764891293790082,0.053971793393001836,978,160.4815858856862,0.3040122985839844
979,6633.466,2505.4233333333327,8636.999999999996,100,100,1089,4.736033336689594,7.931129476584019,5.459144592285156,-2505.4233333333327,-0.02424251800402999,36.766385873158775,0.34785132778860217,0.008554369825611098,0.04861111111111111,979,160.49828737092417,0.3040122985839844
980,6647.476,2424.6966666666663,8497.333333333336,100,100,1086,4.797847143118827,7.824432166973605,5.514923810958862,-2424.6966666666663,-0.01308269239962101,31.904285430908203,0.35745450240724225,0.006855809376301134,0.044191769379026746,980,160.51288358387347,0.3040122985839844
981,6653.16,2618.7200000000007,8872.000000000004,100,100,1087,4.397273872462345,8.161913523459065,5.0747270584106445,-2618.7200000000007,-0.013149707742473659,36.6971736795762,0.3763377342153998,0.010940759353723158,0.058889180969666034,981,160.349822615114,0.3040122985839844
982,6658.678,2375.603333333333,8482.666666666659,100,100,1085,4.235353640898684,7.818125960061437,4.886354446411133,-2375.603333333333,-0.012681636685395943,36.829224586486816,0.3382270252879928,0.012479285261018531,0.05760306163745768,982,160.3798783220778,0.3040122985839844
983,6664.829,2598.9600000000005,8827.333333333336,100,100,1090,4.770618163416623,8.098470948012235,5.498857498168945,-2598.9600000000005,0.007488257148199611,37.17997660901811,0.33252011777626145,0.01008305399510492,0.05164930555555555,983,160.3954117792771,0.3040122985839844
984,6670.901,2513.523333333332,8635.333333333328,100,100,1086,4.755976244238673,7.9515039901780185,5.460888862609863,-2513.523333333332,-0.012908105163232368,30.528438231524298,0.34319330839549794,0.022695933499455673,0.06819259945084066,984,160.41222324571683,0.3040122985839844
985,6677.039,2571.3066666666664,8715.999999999995,100,100,1089,4.7580881536655175,8.003673094582181,5.482056140899658,-2571.3066666666664,-0.015855378109133907,30.927349779340958,0.38726864713276477,0.012425244430131797,0.04383680555555555,985,160.42785060553598,0.3040122985839844
986,6683.087,2485.08,8615.333333333336,100,100,1087,4.738268906399676,7.925789635081266,5.444677829742432,-2485.08,-0.01059480564778342,28.674809904659497,0.3735450120533214,0.005905385064098108,0.05657679762910394,986,160.44531825993522,0.3040122985839844
987,6689.248,2558.256666666667,8714.666666666668,100,100,1089,4.763984389276448,8.002448729721458,5.493313312530518,-2558.256666666667,0.01671631530755096,32.35047059588962,0.43118685566716725,0.020785567033777222,0.09505208333333333,987,160.46033462508112,0.3040122985839844
988,6695.326,2549.84,8787.333333333334,100,100,1086,4.752074955948877,8.091467157765502,5.458878040313721,-2549.84,-0.011504699065185645,37.047105228199676,0.4223062869380502,0.006486686806002741,0.05705941643785028,988,160.47688012443416,0.3040122985839844
989,6701.432,2419.919999999999,8627.333333333332,100,100,1088,4.770749169598703,7.9295343137254894,5.48987889289856,-2419.919999999999,-0.011673799770719865,31.56265718796674,0.41782547796473785,0.0016129980863565031,0.059283088235294115,989,160.49302627046865,0.3040122985839844
990,6715.374,2557.6899999999996,8702.333333333334,100,100,1088,4.74894145201474,7.9984681372549025,5.468395471572876,-2557.6899999999996,-0.014253159875378889,37.50812642714556,0.3985312414519927,0.010742224198218216,0.05606617647058824,990,160.5085235172256,0.3040122985839844
991,6721.057,2563.0699999999993,8704.666666666662,100,100,1085,4.396755760750188,8.022734254992315,5.056406497955322,-2563.0699999999993,-0.008392552680828991,32.724324731265796,0.42093881526414084,0.018192456240820533,0.07922492746044607,991,160.34770873614661,0.3040122985839844
992,6726.585,2612.7166666666667,8787.666666666664,100,100,1085,4.2369144684356135,8.099231950844851,4.921454668045044,-2612.7166666666667,-0.011293422759455793,35.91266531102798,0.45890822480706606,0.015326543875476894,0.061392538249492645,992,160.3772116850099,0.3040122985839844
993,6732.743,2493.136666666667,8704.333333333336,100,100,1090,4.741066973229204,7.985626911314987,5.478799104690552,-2493.136666666667,-0.012985755585961871,35.98084953096178,0.4354105103347037,0.015233579518583914,0.07118055555555555,993,160.39242271054232,0.3040122985839844
994,6738.871,2630.0300000000007,8795.333333333334,100,100,1088,4.757865993109162,8.083946078431373,5.501068830490112,-2630.0300000000007,-0.008518833557472509,33.50712849112118,0.434690213378738,0.011609163238009548,0.0744485294117647,994,160.40803640565616,0.3040122985839844
995,6744.913,2655.286666666667,8907.333333333338,100,100,1089,4.679407160605164,8.17936945209673,5.3953938484191895,-2655.286666666667,-0.07359466261954771,41.865674866570366,0.4393700121177567,0.010834065742932985,0.07378472222222222,995,160.42580081913195,0.3040122985839844
996,6751.065,2545.7866666666664,8769.666666666664,100,100,1088,4.769955327741199,8.060355392156861,5.514342546463013,-2545.7866666666664,-0.012632029514540644,32.23691441031063,0.4561598108095281,0.005070665734820068,0.05238970588235294,996,160.44076672676584,0.3040122985839844
997,6757.189,2498.8366666666657,8772.999999999996,100,100,1090,4.7217677991384415,8.048623853211005,5.4582359790802,-2498.8366666666657,-0.02135374800612529,29.193223741319443,0.4428366877966457,0.009252986156045355,0.04774305555555555,997,160.45666610533252,0.3040122985839844
998,6763.205,2619.6966666666667,8818.666666666666,100,100,1088,4.6863530351402005,8.105392156862745,5.40220046043396,-2619.6966666666667,-0.007875072660253328,35.10254742117489,0.45202159881591797,0.016243606874280992,0.05238970588235294,998,160.47481419016094,0.3040122985839844
999,6769.313,2654.869999999999,8901.666666666659,100,100,1089,4.734266576181013,8.174165901438622,5.4704155921936035,-2654.869999999999,-0.02532454574894574,36.62574476665921,0.4830646899839242,0.011691906541172001,0.05555555555555555,999,160.49088442370902,0.3040122985839844
1000,6783.241,2662.42,8991.666666666664,100,100,1089,4.731961525549053,8.2568105295378,5.463742733001709,-2662.42,0.05320360242492623,35.547280364566376,0.4574846989578671,0.020265620143618435,0.05381944444444445,1000,160.50655956551702,0.3040122985839844
1001,6788.931,2511.763333333334,8589.333333333336,100,100,1088,4.394518843743272,7.8946078431372575,5.072257041931152,-2511.763333333334,-0.005207024295540417,30.545958378735712,0.4582851213567397,0.029442808316910967,0.10431985294117647,1001,160.34777994790593,0.3040122985839844
1002,6794.463,2541.119999999999,8709.0,100,100,1085,4.239616591552023,8.026728110599079,4.907438516616821,-2541.119999999999,-0.010385527878123172,29.265291550580194,0.391689093235661,0.020813981199513793,0.06176169216632843,1002,160.37690454886467,0.3040122985839844
1003,6800.549,2520.396666666666,8674.333333333328,100,100,1087,4.72679209300825,7.980067463968103,5.442309141159058,-2520.396666666666,-0.011345414280453148,30.918877377229578,0.42182042756501364,0.011392855807892321,0.05707282945513725,1003,160.39323052265163,0.3040122985839844
1004,6806.553,2530.41,8611.666666666668,100,100,1085,4.702512165939238,7.937019969278035,5.397356033325195,-2530.41,-0.009997286121634877,29.684317476609174,0.3966306167490342,0.00921149440246689,0.059441296712440604,1004,160.41115672599602,0.3040122985839844
1005,6812.679,2527.5899999999997,8630.666666666666,100,100,1087,4.777258878600335,7.939895737503833,5.497808933258057,-2527.5899999999997,-0.013313431895392783,43.42185020446777,0.382043694748598,0.01369315932970494,0.05570874237181509,1005,160.4264586569198,0.3040122985839844
1006,6818.77,2556.473333333334,8818.333333333334,100,100,1087,4.751598254371376,8.112542164980068,5.463704586029053,-2556.473333333334,-0.010354010744349045,31.56500743417179,0.35875286775476795,0.005117730511461987,0.05752509361242547,1006,160.44257780041997,0.3040122985839844
1007,6824.827,2521.1266666666666,8610.333333333332,100,100,1084,4.741438192927976,7.94311193111931,5.440698623657227,-2521.1266666666666,-0.014120355823679882,33.40083672018612,0.3824390172958374,0.01773577491985634,0.08314951005227425,1007,160.45901619286184,0.3040122985839844
1008,6830.98,2508.4933333333333,8637.000000000004,100,100,1089,4.763604866240697,7.931129476584025,5.496546506881714,-2508.4933333333333,-0.06207745335996151,39.3360019226869,0.3575781020853255,0.02033915201253775,0.06076388888888889,1008,160.4738895864573,0.3040122985839844
1009,6837.108,2552.9766666666665,8626.66666666666,100,100,1089,4.77000991858737,7.921640648913371,5.493109464645386,-2552.9766666666665,0.034195884958737426,33.18047694365183,0.45272870196236503,0.01937394670757284,0.11762152777777778,1009,160.48935752450058,0.3040122985839844
1010,6851.069,2586.1933333333327,8804.999999999996,100,100,1087,4.743122264379576,8.100275988960439,5.452916860580444,-2586.1933333333327,-0.011656429728164393,35.30472402011647,0.3715137348455541,0.008017794073299122,0.0984477129052667,1010,160.50593246277242,0.3040122985839844
1011,6856.754,2554.703333333333,8794.333333333328,100,100,1086,4.385446407746448,8.097912829957025,5.04915452003479,-2554.703333333333,-0.015129693208591026,47.73649563508875,0.38508525227799134,0.009343738318420947,0.08014112886260538,1011,160.3464379769958,0.3040122985839844
1012,6862.24,2529.9599999999996,8663.999999999998,100,100,1087,4.197863941385026,7.970561177552896,4.867342710494995,-2529.9599999999996,-0.008976159014684312,43.642836178050324,0.35412375935736823,0.008141810683917035,0.08740371180807843,1012,160.37663965426614,0.3040122985839844
1013,6868.303,2500.149999999999,8684.666666666666,100,100,1085,4.755947373223744,8.004301075268817,5.448772192001343,-2500.149999999999,-0.010881418636178268,35.89688368404613,0.36001162450103197,0.02060615344603053,0.08526699595591601,1013,160.39303131077136,0.3040122985839844
1014,6874.468,2613.61,8771.666666666666,100,100,1089,4.770127641203017,8.0547903275176,5.500629663467407,-2613.61,-0.07420830107811424,34.14867074973881,0.3940604874191599,0.02759968678260015,0.1154513888888889,1014,160.40763010273122,0.3040122985839844
1015,6880.547,2534.836666666666,8791.666666666662,100,100,1088,4.723409466511358,8.080575980392153,5.428988933563232,-2534.836666666666,-0.012100177762262961,35.45103869718664,0.3531886028016315,0.01819029186427703,0.08042279411764706,1015,160.42401317310376,0.3040122985839844
1016,6886.666,2568.443333333334,8826.666666666672,100,100,1089,4.745628468605071,8.105295378022655,5.4728498458862305,-2568.443333333334,-0.024763256777077913,27.7765705022547,0.3140708166691992,0.007931215058003241,0.08246527777777778,1016,160.43959849771963,0.3040122985839844
1017,6892.845,2624.2766666666666,8884.666666666664,100,100,1091,4.780378551939442,8.143599144515733,5.520067930221558,-2624.2766666666666,0.008422419480565522,33.18473646375868,0.3752510075767835,0.013830642710672691,0.08478009286854002,1017,160.45407417213232,0.3040122985839844
1018,6898.927,2546.9233333333327,8742.666666666664,100,100,1088,4.75404650772843,8.035539215686272,5.4655842781066895,-2546.9233333333327,-0.020331792971667123,22.129606331095975,0.3736294621930403,0.01515269496902714,0.08134191176470588,1018,160.47031942094208,0.3040122985839844
1019,6905.03,2541.900000000001,8677.333333333334,100,100,1086,4.765678176670944,7.9901780233271955,5.479444980621338,-2541.900000000001,-0.008921779555213801,25.48364081102259,0.33950594242881327,0.00943008580532692,0.09125948741155512,1019,160.48576571380661,0.3040122985839844
1020,6919.014,2665.4500000000007,8770.000000000004,100,100,1089,4.7472026637397,8.053259871441693,5.4679388999938965,-2665.4500000000007,-0.02909555844962597,42.86579240030713,0.3277682761756498,0.00586067562431304,0.07682291666666667,1020,160.50164702514715,0.3040122985839844
1021,6924.706,2571.76,8762.0,100,100,1088,4.398533457039294,8.053308823529411,5.077643871307373,-2571.76,-0.008233285289915168,27.965628231272976,0.3339797464363715,0.026361719814731795,0.1015625,1021,160.34412597612393,0.3040122985839844
1022,6930.237,2476.2133333333336,8536.666666666666,100,100,1091,4.217708157780934,7.824625725633974,4.891143798828125,-2476.2133333333336,-0.017513245344161987,31.081785731845432,0.2860045658631457,0.014153282671435995,0.06163194444444445,1022,160.37359068824085,0.3040122985839844
1023,6936.364,2523.89,8695.000000000002,100,100,1091,4.759476353234239,7.969752520623283,5.488770961761475,-2523.89,-0.018892995237062376,24.898143370946247,0.28351860162284637,0.020251311387659773,0.07465277777777778,1023,160.38923351447826,0.3040122985839844
1024,6942.482,2567.9900000000002,8838.000000000004,100,100,1088,4.750788514202748,8.123161764705886,5.472397089004517,-2567.9900000000002,-0.016663418808842406,23.5624997475568,0.3161114537540604,0.021079642705016714,0.06709558823529412,1024,160.40459942011543,0.3040122985839844
1025,6948.578,2531.8433333333332,8644.66666666667,100,100,1086,4.751309942845152,7.9600982197667305,5.454914569854736,-2531.8433333333332,-0.011561022523571463,36.679026435403266,0.2841932611430393,0.01672098771429292,0.07097960132009842,1025,160.42015479107286,0.3040122985839844
1026,6954.724,2489.8066666666673,8691.000000000004,100,100,1088,4.7859461410553195,7.988051470588239,5.505132436752319,-2489.8066666666673,-0.009467405924463974,28.62076534944422,0.2852359067867784,0.029136196189724347,0.06755514705882353,1026,160.4348350978615,0.3040122985839844
1027,6960.825,2508.07,8624.000000000004,100,100,1088,4.759362591999782,7.926470588235297,5.482106685638428,-2508.07,-0.01060416505617254,26.922014909632065,0.256862849873655,0.01710659227854408,0.06525735294117647,1027,160.45051365376847,0.3040122985839844
1028,6966.934,2507.4166666666665,8609.999999999996,100,100,1090,4.728291925564067,7.899082568807336,5.452126502990723,-2507.4166666666665,0.028538661025878456,23.7796770201789,0.2831733470989598,0.01811216389534012,0.0703125,1028,160.46627281617984,0.3040122985839844
1029,6973.046,2552.9066666666668,8723.333333333334,100,100,1090,4.72640422228382,8.003058103975535,5.447489500045776,-2552.9066666666668,-0.00786657284738289,26.752566311094498,0.2895702239539888,0.013593088799906481,0.07161458333333333,1029,160.48194637205094,0.3040122985839844
1030,6986.937,2441.0566666666664,8542.333333333332,100,100,1086,4.749075230682684,7.865868631062,5.452144145965576,-2441.0566666666664,-0.010640265200944507,26.76824446285472,0.26761480596135645,0.0163324634092586,0.06407139450311661,1030,160.49820152400088,0.3040122985839844
1031,6992.639,2578.0,8728.666666666668,100,100,1089,4.36498411673252,8.015304560759107,5.037952184677124,-2578.0,-0.00861749616968963,33.502991676330566,0.27266418064634007,0.01595167397883617,0.08116319444444445,1031,160.3433222598678,0.3040122985839844
1032,6998.105,2518.840000000001,8665.000000000005,100,100,1085,4.19078359277361,7.986175115207378,4.846327781677246,-2518.840000000001,-0.011689800221253844,29.3537618412691,0.24686817255090265,0.017989377847270054,0.049880966434583944,1032,160.37312770843192,0.3040122985839844
1033,7004.219,2502.436666666667,8676.000000000004,100,100,1089,4.7545080795615595,7.966942148760334,5.474885940551758,-2502.436666666667,-0.0011827616900619534,22.664313916530872,0.24622112181451586,0.02317093055979866,0.055989583333333336,1033,160.38861755052525,0.3040122985839844
1034,7010.325,2446.9433333333336,8579.333333333336,100,100,1089,4.7341414131403745,7.878175696357517,5.446638345718384,-2446.9433333333336,-0.025508944048649736,19.942033615791136,0.22770324146970072,0.026210959056495793,0.0646701388888889,1034,160.40427903402878,0.3040122985839844
1035,7016.387,2511.4100000000008,8676.66666666667,100,100,1087,4.726235235363533,7.9822140447715455,5.430567741394043,-2511.4100000000008,-0.010838513865190394,28.361703816582175,0.2633297035799307,0.017891348627231577,0.0731646828353405,1035,160.42060381126015,0.3040122985839844
1036,7022.564,2437.886666666667,8416.333333333332,100,100,1090,4.769929997524708,7.721406727828745,5.499056100845337,-2437.886666666667,0.009016447545339664,24.941683742735123,0.2682063956227567,0.023840352634174958,0.09809027777777778,1036,160.43470320266607,0.3040122985839844
1037,7028.606,2489.3666666666663,8540.666666666666,100,100,1086,4.71739309692402,7.864333947206875,5.4122254848480225,-2489.3666666666663,-0.018176100162022254,37.05817233814913,0.3441753527697395,0.01803490221979754,0.098642077516107,1037,160.45130431811037,0.3040122985839844
1038,7034.663,2626.873333333333,8772.333333333334,100,100,1084,4.7194150349939745,8.092558425584256,5.417520523071289,-2626.873333333333,-0.010591549031874713,47.688150125391346,0.3492891529903692,0.015462520104312502,0.08370098077199038,1038,160.4672508237617,0.3040122985839844
1039,7040.773,2548.113333333334,8740.33333333334,100,100,1085,4.77603631456756,8.055606758832571,5.483817100524902,-2548.113333333334,-0.014309851890977691,28.818943752962,0.3576187964747934,0.00983430806766538,0.06642508419121013,1039,160.4820881899575,0.3040122985839844
1040,7054.771,2511.046666666668,8581.333333333336,100,100,1089,4.750103123474925,7.8800122436486095,5.468503475189209,-2511.046666666668,0.0018000418009857337,36.312695840994515,0.3067629567037026,0.014491590063294603,0.06336805555555555,1040,160.49720126629515,0.3040122985839844
1041,7060.398,2462.5666666666666,8474.000000000004,100,100,1087,4.343771022292953,7.795768169273233,5.0042946338653564,-2462.5666666666666,-0.011358553762821591,31.89568816914278,0.2758462385219686,0.014931116876301958,0.07039274078081637,1041,160.34422067243932,0.3040122985839844
1042,7065.998,2493.8266666666673,8625.666666666666,100,100,1089,4.255924702479176,7.920722375267829,4.934627294540405,-2493.8266666666673,-0.13397579071008497,32.890284061431885,0.31237887930587427,0.020917559482364192,0.06770833333333333,1042,160.37125388624852,0.3040122985839844
1043,7072.086,2587.26,8694.666666666664,100,100,1088,4.743396230611218,7.991421568627449,5.459558010101318,-2587.26,-0.009459825616110773,32.610101251041186,0.3461072094300214,0.013357608184485477,0.06525735294117647,1043,160.38706589383514,0.3040122985839844
1044,7078.187,2620.223333333333,8744.999999999998,100,100,1087,4.753678566077938,8.045078196872124,5.470291376113892,-2620.223333333333,-0.014848655034952304,47.8737304911894,0.32896557625602274,0.016537292411906972,0.057510504389510435,1044,160.40237482810113,0.3040122985839844
1045,7084.286,2472.2266666666665,8458.666666666668,100,100,1088,4.745581433085403,7.774509803921569,5.462517261505127,-2472.2266666666665,-0.009735997766256332,26.344762802124023,0.34915587130714865,0.03312473127837567,0.0818014705882353,1045,160.41786136337825,0.3040122985839844
1046,7090.438,2495.2066666666665,8663.999999999998,100,100,1087,4.77761103848309,7.970561177552896,5.517144203186035,-2495.2066666666665,-0.012089618098209886,30.877902255338782,0.38221776748404784,0.015584032345727524,0.07268324034178958,1046,160.43197884824812,0.3040122985839844
1047,7096.556,2592.52,8842.333333333338,100,100,1091,4.693772135141086,8.10479682248702,5.434937477111816,-2592.52,0.010623335838317871,34.31181134117974,0.3125585727393627,0.040478612100640826,0.10214120397965114,1047,160.44739975625015,0.3040122985839844
1048,7102.665,2582.916666666666,8786.666666666664,100,100,1085,4.741610506171798,8.098310291858677,5.466912031173706,-2582.916666666666,-0.01093613138586721,36.56966029896456,0.35138077770962434,0.02298713950714206,0.08360957003691617,1048,160.4621681095544,0.3040122985839844
1049,7108.765,2517.6166666666672,8703.999999999996,100,100,1087,4.7325916269583335,8.007359705611773,5.458956718444824,-2517.6166666666672,-0.007536706679007586,25.77506155126235,0.3318362880279036,0.022958550615893566,0.08095529916531899,1049,160.47741474132303,0.3040122985839844
1050,7122.794,2534.346666666666,8627.666666666662,100,100,1090,4.714184039520151,7.915290519877672,5.445157051086426,-2534.346666666666,0.004273152082330651,35.69576433963246,0.35735511634912753,0.01750505038459475,0.06987847222222222,1050,160.49259583393632,0.3040122985839844
1051,7128.463,2633.8866666666663,8842.333333333338,100,100,1088,4.362800550177995,8.12714460784314,5.045697927474976,-2633.8866666666663,-0.010187901173006086,36.56987016341265,0.36244822512654695,0.015293822500526029,0.05744485294117647,1051,160.33947668910562,0.3040122985839844
1052,7134.005,2485.9466666666667,8657.666666666664,100,100,1087,4.224582244115157,7.964734743943573,4.894185781478882,-2485.9466666666667,-0.003938558675787028,34.09810801113353,0.40339023926678824,0.02872342341716456,0.10489612554802615,1052,160.3672810062361,0.3040122985839844
1053,7140.037,2530.8866666666668,8688.666666666664,100,100,1087,4.697271941547568,7.993253603189204,5.414220094680786,-2530.8866666666668,-0.010784605600158958,32.07130033829633,0.39894404832054586,0.018981886736582965,0.09890727172879611,1053,160.38403450130068,0.3040122985839844
1054,7146.135,2648.1900000000005,8888.000000000005,100,100,1088,4.7489366716035875,8.169117647058828,5.4740166664123535,-2648.1900000000005,-0.005285161711713847,32.319779564352594,0.34165360778570175,0.03710753670619691,0.17003676470588236,1054,160.39944104881482,0.3040122985839844
1055,7152.198,2488.806666666667,8643.000000000004,100,100,1088,4.7197088257663005,7.943933823529415,5.438518762588501,-2488.806666666667,-0.005182863432256614,30.432840459487018,0.4256318649824928,0.014529503827147624,0.09466911764705882,1055,160.4155791124609,0.3040122985839844
1056,7158.32,2604.7999999999997,8818.66666666666,100,100,1089,4.7571235087283705,8.097949188858275,5.481412887573242,-2604.7999999999997,-0.025472404538757272,29.63465944925944,0.43523017813762027,0.02190305766675414,0.10460069444444445,1056,160.43054437758974,0.3040122985839844
1057,7164.374,2553.42,8694.333333333334,100,100,1089,4.6910400397834415,7.983777165595348,5.410187005996704,-2553.42,-0.11077578893552224,42.32393686638938,0.48878442230145347,0.00023820222445970608,0.07552083333333333,1057,160.44695549339434,0.3040122985839844
1058,7170.496,2576.466666666667,8752.333333333334,100,100,1086,4.764528174667651,8.059238796807858,5.486265182495117,-2576.466666666667,-0.016677977928124806,34.558918055366064,0.4785089001936071,0.013776113827000646,0.06866698273841072,1058,160.46142452460506,0.3040122985839844
1059,7176.559,2457.6633333333334,8623.0,100,100,1083,4.742425391734307,7.9621421975992615,5.420850515365601,-2457.6633333333334,-0.010543297592769651,47.57197946660659,0.41267383449217854,0.0351034743601785,0.12359016695443321,1059,160.47679488637928,0.3040122985839844
1060,7190.549,2492.6200000000003,8658.333333333336,100,100,1089,4.771158676333657,7.9507193143556805,5.494197130203247,-2492.6200000000003,-0.028508844164510567,38.10097606314553,0.41695153958992,0.01056042068456817,0.055989583333333336,1060,160.4911443966465,0.3040122985839844
1061,7196.28,2578.5299999999993,8798.0,100,100,1086,4.415987661703529,8.101289134438305,5.090237140655518,-2578.5299999999993,-0.014998915495679659,36.82101962145637,0.43697995736318473,0.014103479779270641,0.0691117170978995,1061,160.3392341030605,0.3040122985839844
1062,7201.722,2482.6266666666675,8634.333333333332,100,100,1083,4.189650415049888,7.972606955986456,4.825429439544678,-2482.6266666666675,-0.0142548645791762,25.614139472737033,0.4501153695232728,0.012071740210932843,0.062165067038115335,1062,160.36844992618745,0.3040122985839844
1063,7207.785,2478.3166666666666,8642.333333333338,100,100,1083,4.752815327742967,7.979993844259776,5.443995237350464,-2478.3166666666666,-0.01305000503164004,24.961833280675553,0.47593508836101084,0.0072138607433504046,0.059711490483844984,1063,160.38380684146728,0.3040122985839844
1064,7213.91,2480.123333333334,8582.333333333332,100,100,1084,4.766846495135807,7.917281672816727,5.477886915206909,-2480.123333333334,-0.018716937697985592,25.673662017373477,0.4454399373601465,0.011027215644443297,0.07870710816453486,1064,160.3979082587133,0.3040122985839844
1065,7219.994,2459.9866666666667,8692.666666666664,100,100,1084,4.739658854647481,8.019065190651904,5.431473731994629,-2459.9866666666667,-0.01538080201648614,25.813098655027503,0.4836081389118643,0.007550316814826254,0.07800245131639873,1065,160.41287704637375,0.3040122985839844
1066,7226.093,2519.166666666667,8739.333333333334,100,100,1087,4.7445935566662,8.039865072063785,5.461964130401611,-2519.166666666667,-0.016514596858007068,25.308577200945685,0.4540065956466338,0.01794017163475099,0.07268324023222222,1066,160.42791218498792,0.3040122985839844
1067,7232.171,2568.2400000000002,8676.333333333328,100,100,1088,4.726523346856565,7.974571078431368,5.443014621734619,-2568.2400000000002,-0.017576472285915825,28.372578789206113,0.425959768540719,0.047354574542944596,0.0625,1067,160.4435193090124,0.3040122985839844
1068,7238.255,2558.5866666666675,8710.0,100,100,1089,4.7170822776954955,7.998163452708908,5.434417247772217,-2558.5866666666675,-0.01146709080785513,23.94538156253596,0.4231693089629213,0.005135189023955415,0.06293402777777778,1068,160.45910822507716,0.3040122985839844
1069,7244.389,2636.5099999999993,8739.000000000002,100,100,1089,4.748888155556633,8.024793388429753,5.483978986740112,-2636.5099999999993,-0.05479544499475095,36.741575479507446,0.394550862411658,0.009827062206265206,0.058159722222222224,1069,160.47357405205756,0.3040122985839844
1070,7258.35,2508.14,8486.000000000004,100,100,1092,4.7185268336668225,7.7710622710622745,5.4427666664123535,-2508.14,-0.01856600596672959,24.203220393922592,0.4088585740990109,0.012696084100753069,0.08506944444444445,1070,160.48929174664818,0.3040122985839844
1071,7264.074,2484.1333333333328,8626.0,100,100,1085,4.418870505087146,7.950230414746544,5.089715480804443,-2484.1333333333328,-0.014002789962379372,31.431166704963236,0.4644826466546339,0.03377708759816254,0.12726765871047974,1071,160.33840183870927,0.3040122985839844
1072,7269.663,2519.91,8645.333333333334,100,100,1089,4.230693753751438,7.938781756963576,4.90317177772522,-2519.91,0.055829750943101115,34.22205723656548,0.45776993098358315,0.008194813278451975,0.07508680555555555,1072,160.36494001261215,0.3040122985839844
1073,7275.756,2530.89,8736.33333333333,100,100,1091,4.6918276817120415,8.007638252367855,5.43094539642334,-2530.89,-0.07965695226771964,39.80110634697808,0.4304960055483712,0.01369939356421431,0.09129050953520669,1073,160.38057764623488,0.3040122985839844
1074,7281.898,2581.8599999999988,8840.333333333323,100,100,1089,4.709872359852927,8.117845117845109,5.453761339187622,-2581.8599999999988,-0.020486554596573114,38.52149418203367,0.3961067732519344,0.005321938884056483,0.07552083333333333,1074,160.3948556785437,0.3040122985839844
1075,7287.967,2557.433333333333,8705.33333333334,100,100,1089,4.685298348558918,7.993878175696363,5.408195495605469,-2557.433333333333,-0.019073968856698938,56.57031138737997,0.43680111981100506,0.0017849563737399876,0.0646701388888889,1075,160.41071581774204,0.3040122985839844
1076,7294.066,2532.730000000001,8671.000000000005,100,100,1084,4.74712204708326,7.999077490774913,5.456125497817993,-2532.730000000001,-0.016105950864798883,41.16441423752729,0.38035526433411765,0.011140686524894965,0.07208946095231701,1076,160.42523321439245,0.3040122985839844
1077,7300.143,2625.706666666668,8828.333333333332,100,100,1089,4.717953444977656,8.10682583409856,5.445889949798584,-2625.706666666668,-0.006665505210144652,27.61447172694736,0.3717375265227424,0.018583127556161746,0.0681423611111111,1077,160.44083856293068,0.3040122985839844
1078,7306.229,2663.1799999999994,8827.999999999998,100,100,1088,4.719721322437501,8.113970588235292,5.450775623321533,-2663.1799999999994,-0.008111401830854662,48.93517572739545,0.3894856721162796,0.023309691946076995,0.08318014705882353,1078,160.45609907244216,0.3040122985839844
1079,7312.309,2500.893333333333,8660.333333333334,100,100,1087,4.745199723535911,7.967187979147502,5.459359407424927,-2500.893333333333,-0.009564148371710497,40.57564387601965,0.37307900365661173,0.03846004376571406,0.06206232501084313,1079,160.4713324701057,0.3040122985839844
1080,7326.388,2538.7833333333333,8759.333333333332,100,100,1090,4.751174127759942,8.036085626911314,5.479749441146851,-2538.7833333333333,0.004636683087382052,26.448243892855114,0.3799796468681759,0.025105908532471705,0.07552083333333333,1080,160.48584960361052,0.3040122985839844
1081,7332.133,2518.043333333334,8762.333333333334,100,100,1089,4.392014783905448,8.046219773492501,5.075272083282471,-2518.043333333334,-0.009103695965475507,41.90669971042209,0.3317947569820616,0.012504178024957784,0.059895833333333336,1081,160.3346731581385,0.3040122985839844
1082,7337.645,2549.236666666666,8801.333333333334,100,100,1088,4.191286947389017,8.089460784313726,4.847550392150879,-2549.236666666666,-0.010989508810727036,29.625951374278348,0.3487115822294179,0.02545679232913672,0.0625,1082,160.36248253940792,0.3040122985839844
1083,7343.7,2545.5833333333335,8659.666666666668,100,100,1084,4.720910515561459,7.988622386223863,5.427945137023926,-2545.5833333333335,-0.009358827634166707,37.769587853375604,0.33553861782831307,0.015762255355880102,0.05346200998653384,1083,160.37787071027438,0.3040122985839844
1084,7349.762,2480.14,8580.666666666668,100,100,1085,4.719431426543485,7.9084485407066065,5.413449287414551,-2480.14,-0.004806975293082788,36.55140085781322,0.36307413174825554,0.028563647236510673,0.07899138068451601,1084,160.39322226268683,0.3040122985839844
1085,7355.87,2476.5566666666664,8611.33333333333,100,100,1091,4.739938770983399,7.893064466849982,5.473928451538086,-2476.5566666666664,-0.012002219911664724,56.41043127907647,0.32296951736013096,0.03688751872525447,0.06076388888888889,1085,160.40836815860538,0.3040122985839844
1086,7362.034,2591.5199999999995,8687.000000000002,100,100,1090,4.772812754253285,7.969724770642204,5.518868923187256,-2591.5199999999995,-0.03280981309298012,39.469887574513756,0.3397004194557667,0.031728742075049214,0.049479166666666664,1086,160.42211071057486,0.3040122985839844
1087,7368.12,2575.2433333333333,8735.666666666664,100,100,1086,4.753120165831936,8.043891958256596,5.458712577819824,-2575.2433333333333,-0.005042672540773363,38.16855548409855,0.3529103709494366,0.021925975417937425,0.038247153601225686,1087,160.43698736534736,0.3040122985839844
1088,7374.262,2601.2600000000007,8847.000000000002,100,100,1090,4.751673945729886,8.11651376146789,5.492349147796631,-2601.2600000000007,-0.021796660032123327,35.12057873937819,0.32604899456496067,0.04067138243893472,0.07074652777777778,1088,160.4511807227778,0.3040122985839844
1089,7380.345,2584.65,8773.999999999996,100,100,1088,4.73171764614937,8.064338235294114,5.447484254837036,-2584.65,-0.008412443430108182,38.3369322384105,0.35430289541973786,0.03184212497709429,0.057904411764705885,1089,160.46634164589975,0.3040122985839844
1090,7394.364,2577.649999999999,8824.333333333327,100,100,1088,4.7581894280430035,8.110600490196072,5.4870285987854,-2577.649999999999,-0.005934146232903004,36.66792039310231,0.382409228998072,0.0556289020802497,0.04457720588235294,1090,160.48020067674798,0.3040122985839844
1091,7400.08,2389.206666666666,8462.666666666666,100,100,1089,4.393485671933826,7.771043771043771,5.065872430801392,-2389.206666666666,-0.02006412162962887,42.127626640929115,0.38961475011375213,0.022504657772110984,0.06510416666666667,1091,160.33258935282495,0.3040122985839844
1092,7405.655,2434.1400000000003,8631.000000000004,100,100,1086,4.262102762358109,7.9475138121547,4.940166473388672,-2434.1400000000003,-0.00768632600631784,40.76872780743767,0.4209245618651895,0.05362296519417535,0.060291152666596806,1092,160.35854341411184,0.3040122985839844
1093,7411.73,2512.9833333333336,8609.333333333332,100,100,1087,4.747637533522772,7.920269855872431,5.4557929039001465,-2512.9833333333336,-0.007752915234852801,30.520075966330136,0.3994973854107015,0.0338167313773952,0.06494368656593211,1093,160.3737658622066,0.3040122985839844
1094,7417.851,2610.126666666665,8726.666666666662,100,100,1089,4.762515793528829,8.01346801346801,5.492621660232544,-2610.126666666665,-0.02550425747823384,32.0483787589603,0.39503155648708344,0.028758888262220554,0.05078125,1094,160.38822660915164,0.3040122985839844
1095,7423.942,2580.833333333333,8791.000000000004,100,100,1088,4.7460720577552875,8.079963235294121,5.466428279876709,-2580.833333333333,-0.009380817577681121,26.25270237642176,0.392924229888355,0.03546759348554427,0.08915441176470588,1095,160.4032048044372,0.3040122985839844
1096,7430.043,2654.610000000001,8983.000000000002,100,100,1089,4.717731221384027,8.24885215794307,5.433055877685547,-2654.610000000001,-0.00211490444942481,33.961524813979246,0.5222171677483453,0.03546829674289458,0.12456597222222222,1096,160.4180504185372,0.3040122985839844
1097,7436.213,2469.8866666666668,8656.333333333336,100,100,1089,4.7816648306213905,7.948882767064587,5.518029689788818,-2469.8866666666668,-0.012823733501136303,35.734455678611994,0.5161938203705682,0.011324389443163656,0.0724826388888889,1097,160.4313910668687,0.3040122985839844
1098,7442.29,2566.716666666666,8801.999999999998,100,100,1086,4.742901009236484,8.104972375690606,5.446115732192993,-2566.716666666666,-0.01340739763177493,38.87409883386948,0.5334571766502717,0.017845111320425263,0.10402336322209414,1098,160.4463219501251,0.3040122985839844
1099,7448.393,2501.9233333333327,8621.33333333333,100,100,1083,4.770351616392258,7.9606032625423175,5.483482122421265,-2501.9233333333327,-0.01606730284059749,28.98838166629567,0.5224298484185163,0.011336924665717079,0.08046952898011488,1099,160.46025837328162,0.3040122985839844
1100,7462.382,2528.2,8693.0,100,100,1091,4.745874700958539,7.967919340054995,5.490057706832886,-2528.2,-0.00426718494337466,25.740577558676403,0.5370452751715978,0.011401514089407606,0.07769097222222222,1100,160.47375591946823,0.3040122985839844
1101,7468.124,2458.7866666666673,8668.666666666666,100,100,1087,4.4124104862684845,7.974854339159767,5.091424465179443,-2458.7866666666673,-0.014561190160320085,26.71856762381161,0.5210460888988832,0.015139176154180485,0.07962768481058233,1101,160.32795747791107,0.3040122985839844
1102,7473.803,2613.7266666666665,8804.666666666666,100,100,1087,4.239370194353718,8.099969334559951,4.929331302642822,-2613.7266666666665,-0.01551203487221809,36.8845796585083,0.4985420896726496,0.0034366624827003654,0.07587826821733923,1102,160.35156852231248,0.3040122985839844
1103,7479.725,2542.703333333333,8725.333333333332,100,100,1090,4.565007706095866,8.004892966360854,5.270856142044067,-2542.703333333333,-0.018729370449566178,29.515909406873917,0.5399065083927579,0.0077386695904553765,0.06380208333333333,1103,160.37032632971352,0.3040122985839844
1104,7485.775,2627.756666666666,8803.666666666666,100,100,1088,4.699104594585472,8.091605392156863,5.423238277435303,-2627.756666666666,-0.016384004998733017,36.75259135751163,0.5037901068434996,0.002345342589679229,0.06847426470588236,1104,160.3860747331447,0.3040122985839844
1105,7491.791,2515.3733333333325,8720.666666666662,100,100,1083,4.705642937254315,8.052323791935976,5.396691083908081,-2515.3733333333325,-0.017845244530369255,32.99681742051069,0.5262437348856646,0.012897315688486047,0.05745264208492111,1105,160.40183440362793,0.3040122985839844
1106,7497.845,2571.396666666666,8798.666666666664,100,100,1087,4.709478843187795,8.094449555351117,5.417587995529175,-2571.396666666666,-0.015436657084672548,33.16926647635067,0.5562484641285503,0.009564046083730371,0.0879070384099203,1106,160.4173072372076,0.3040122985839844
1107,7503.935,2598.82,8698.333333333334,100,100,1088,4.719118656473309,7.994791666666667,5.4368298053741455,-2598.82,-0.014662721687380005,28.165052806629856,0.4782092238173765,0.014088630987851717,0.07674632352941177,1107,160.43209703771083,0.3040122985839844
1108,7510.01,2635.5333333333338,8808.333333333332,100,100,1086,4.725050552478867,8.110804174340085,5.430194854736328,-2635.5333333333338,-0.016985394608448532,38.99773889429429,0.48260477623518777,0.016623469757820097,0.08340251401943319,1108,160.44694864866645,0.3040122985839844
1109,7516.112,2493.183333333333,8669.666666666666,100,100,1088,4.746070494708393,7.96844362745098,5.467317819595337,-2493.183333333333,-0.011880038525251782,31.957140193266028,0.47429990856086507,0.009087454133858794,0.07215073529411764,1109,160.46141161199878,0.3040122985839844
1110,7530.056,2594.9800000000014,8939.666666666664,100,100,1086,4.712739225599613,8.231737262124,5.4196693897247314,-2594.9800000000014,-0.013841707752469708,25.112685399896957,0.49282703855458426,0.012785885304979542,0.06404174557503532,1110,160.47655983570166,0.3040122985839844
1111,7535.844,2552.0466666666657,8794.0,100,100,1089,4.4170583096308045,8.075298438934803,5.110105037689209,-2552.0466666666657,-0.01599688817643457,34.47564356194602,0.46122441358036464,0.012885204028053623,0.0920138888888889,1111,160.3298801401578,0.3040122985839844
1112,7541.298,2566.203333333334,8636.000000000002,100,100,1088,4.190149814509342,7.937500000000002,4.849471569061279,-2566.203333333334,-0.017736417131827158,30.71122090956744,0.42689376105280485,0.0029188915402354565,0.0822610294117647,1112,160.35819578844533,0.3040122985839844
1113,7547.416,2563.116666666667,8735.333333333336,100,100,1089,4.734555831695569,8.021426385062751,5.467301368713379,-2563.116666666667,-0.022949915741466813,29.051030039787292,0.4220161514563693,0.0010409455022050275,0.07118055555555555,1113,160.37249488697032,0.3040122985839844
1114,7553.487,2496.7933333333326,8538.333333333332,100,100,1088,4.71191838304923,7.847732843137254,5.418294191360474,-2496.7933333333326,-0.014800674446365413,28.727730358348172,0.39014432447798114,0.009449548094862086,0.06985294117647059,1114,160.38765180481525,0.3040122985839844
1115,7559.59,2488.2866666666673,8699.0,100,100,1086,4.737808010420842,8.01012891344383,5.446500062942505,-2488.2866666666673,-0.0157391548375873,28.9357091959785,0.39524074249407826,0.007355012807666379,0.07092030346393585,1115,160.40181359745904,0.3040122985839844
1116,7565.675,2409.3399999999992,8483.999999999998,100,100,1088,4.759399265929139,7.797794117647057,5.466685771942139,-2409.3399999999992,-0.010561260833021472,33.64435364218319,0.3987330171991797,0.011795889250660205,0.05514705882352941,1116,160.4166133929716,0.3040122985839844
1117,7571.724,2492.1199999999994,8651.666666666664,100,100,1087,4.722859888130211,7.959214964734742,5.422154426574707,-2492.1199999999994,-0.017614403575220528,37.51601297715131,0.4298332605291815,0.0046693421420915164,0.07504668590777061,1117,160.4320209712059,0.3040122985839844
1118,7577.877,2636.4099999999994,8933.666666666666,100,100,1087,4.766153724925814,8.21864458754983,5.492733955383301,-2636.4099999999994,-0.01655948063468232,27.734383022083957,0.4245191645972869,0.004079656668609995,0.0851132122471052,1118,160.4452049170297,0.3040122985839844
1119,7584.01,2528.916666666667,8699.666666666662,100,100,1089,4.749144077590941,7.988674625038257,5.475603818893433,-2528.916666666667,-0.012532471161749627,27.458334260516697,0.34217487937874264,0.018206939482802734,0.10894097222222222,1119,160.4590348111535,0.3040122985839844
1120,7598.002,2545.973333333333,8630.333333333332,100,100,1088,4.707208271664807,7.932291666666665,5.417001008987427,-2545.973333333333,-0.014495391973896939,28.70268670250388,0.3485812115318635,0.0072283689069616444,0.07123161764705882,1120,160.47423947382163,0.3040122985839844
1121,7603.701,2526.7266666666665,8549.0,100,100,1087,4.384856854981838,7.864765409383625,5.0504326820373535,-2526.7266666666665,-0.014448359663433889,30.0792857057908,0.34595469516866345,0.008897589057382634,0.07085959405145224,1121,160.32954688965503,0.3040122985839844
1122,7609.201,2418.5766666666673,8483.999999999998,100,100,1090,4.176099633332342,7.783486238532109,4.837478160858154,-2418.5766666666673,-0.042867911513894796,24.36493812666999,0.32780218455526566,0.020359980585959017,0.09114583333333333,1122,160.35692102970594,0.3040122985839844
1123,7615.309,2574.0033333333317,8806.999999999998,100,100,1088,4.7332979792211995,8.094669117647058,5.452737331390381,-2574.0033333333317,-0.01455542806755094,25.13774007909438,0.3282037912046208,0.011069417493726016,0.06847426470588236,1123,160.37117742318856,0.3040122985839844
1124,7621.429,2384.7100000000005,8434.333333333336,100,100,1092,4.742139743362987,7.723748473748476,5.467605352401733,-2384.7100000000005,0.016054451362126403,27.98162121242947,0.3360411028067271,0.009443840332096443,0.0703125,1124,160.38567441701798,0.3040122985839844
1125,7627.545,2491.3466666666664,8657.333333333334,100,100,1086,4.7583535911119155,7.971761817065685,5.47261381149292,-2491.3466666666664,-0.014033434583860286,24.119284854215735,0.3953089977011961,0.013066669224987408,0.07502668394761927,1125,160.39947828812396,0.3040122985839844
1126,7633.602,2495.7100000000005,8656.333333333332,100,100,1087,4.725304783172837,7.963508126341612,5.426191329956055,-2495.7100000000005,-0.012622651233173469,29.111353229073917,0.3733304826652302,0.01021611959218075,0.05610264952787582,1126,160.41456975791857,0.3040122985839844
1127,7639.72,2445.7366666666667,8677.33333333333,100,100,1086,4.755368232847111,7.990178023327192,5.468344211578369,-2445.7366666666667,-0.013932277667610085,32.364987036761114,0.3433370520086849,0.011502317176885246,0.07096477685605779,1127,160.42826711020533,0.3040122985839844
1128,7645.824,2461.6966666666676,8469.666666666666,100,100,1089,4.740883836448295,7.7774716865625955,5.451923370361328,-2461.6966666666676,0.009197921181718508,28.98623908890618,0.4060252490970824,0.006064712050526093,0.06553819444444445,1128,160.44261745587704,0.3040122985839844
1129,7651.909,2498.356666666667,8607.999999999998,100,100,1088,4.736144578868441,7.9117647058823515,5.450200796127319,-2498.356666666667,-0.013793572399984388,28.05149008246029,0.3651651100200765,0.010903683552682838,0.08088235294117647,1129,160.45720414285535,0.3040122985839844
1130,7665.866,2471.349999999999,8625.999999999998,100,100,1084,4.763717251607282,7.957564575645755,5.470141887664795,-2471.349999999999,-0.012670580955112682,32.053899596719184,0.37000178238924814,0.00791752292870489,0.06280637280467678,1130,160.47075786872074,0.3040122985839844
1131,7671.609,2578.846666666667,8771.333333333336,100,100,1089,4.3968604231908355,8.05448423630242,5.087337255477905,-2578.846666666667,0.0357724419898457,31.879550562964546,0.4090026674999131,0.0018973268031711793,0.059027777777777776,1131,160.32842429845223,0.3040122985839844
1132,7677.129,2455.7800000000007,8669.333333333336,100,100,1083,4.233037211028438,8.004924592182212,4.877475261688232,-2455.7800000000007,-0.013812442145803395,22.66283181134392,0.4107133044916041,0.0055350961903219715,0.07231430687448558,1132,160.35422590425887,0.3040122985839844
1133,7683.313,2542.313333333333,8703.66666666667,100,100,1086,4.805138213607152,8.014426028238185,5.531970262527466,-2542.313333333333,-0.014385710059500793,35.463705006767725,0.3976549392237383,0.005029064918156056,0.06816295052275938,1133,160.3664931744236,0.3040122985839844
1134,7689.427,2425.120000000001,8470.333333333334,100,100,1090,4.725766145953174,7.770948012232417,5.447679281234741,-2425.120000000001,0.0007776673365798262,26.50996536678738,0.41251129284501076,0.006628810779754228,0.0646701388888889,1134,160.38073159912062,0.3040122985839844
1135,7695.515,2526.953333333334,8633.333333333334,100,100,1087,4.732647932026614,7.942348972707759,5.449023962020874,-2526.953333333334,-0.01386640385231551,30.413576013901654,0.4186806310625637,0.01643631945583312,0.06303250488332089,1135,160.39510907120646,0.3040122985839844
1136,7701.569,2366.876666666666,8443.666666666666,100,100,1088,4.722873990805751,7.760723039215685,5.422819137573242,-2366.876666666666,-0.015856730642125887,38.876751338734344,0.3567002998555408,0.012532577480134718,0.07950367647058823,1136,160.41029955862157,0.3040122985839844
1137,7707.658,2558.916666666667,8653.333333333338,100,100,1087,4.713300091840786,7.960748236737201,5.4287004470825195,-2558.916666666667,-0.011114237446557073,28.78101640589097,0.3892513658193981,0.00667904714731883,0.06346288542537128,1137,160.42461050431254,0.3040122985839844
1138,7713.727,2478.3233333333337,8668.333333333336,100,100,1088,4.722718564902179,7.967218137254904,5.430131912231445,-2478.3233333333337,-0.011243658934665076,34.244608879089355,0.35246937327525196,0.01120375414543292,0.0661764705882353,1138,160.4394296421171,0.3040122985839844
1139,7719.832,2553.296666666666,8661.66666666667,100,100,1089,4.713659045283055,7.953780226507502,5.439782381057739,-2553.296666666666,-0.048857014160603285,24.194559142821365,0.38151521649625564,0.008374057651963085,0.06987847222222222,1139,160.45362936733883,0.3040122985839844
1140,7733.683,2570.463333333334,8823.000000000004,100,100,1087,4.7276982525235045,8.11683532658694,5.440358638763428,-2570.463333333334,-0.014143439886324546,26.63695582221536,0.35468117761261325,0.010539932193590658,0.06718312357278432,1140,160.4680763533503,0.3040122985839844
1141,7739.367,2528.846666666666,8513.999999999998,100,100,1086,4.3719075531201375,7.839779005524861,5.034320831298828,-2528.846666666666,-0.01601877890746383,33.17639362110811,0.3687666488044402,0.010649244095582296,0.062144212424755096,1141,160.32940138293947,0.3040122985839844
1142,7744.906,2479.2633333333342,8550.33333333334,100,100,1088,4.222152850107865,7.858762254901967,4.894163370132446,-2479.2633333333342,-0.014174547594259767,25.086348421433392,0.3337231927058276,0.011098460636704284,0.06755514705882353,1142,160.3552009095439,0.3040122985839844
1143,7750.967,2523.823333333334,8567.333333333338,100,100,1087,4.711589142710156,7.881631401410615,5.418773412704468,-2523.823333333334,-0.014912279737045002,26.031226017895868,0.3341064882629058,0.009598505676395315,0.07959121180807843,1143,160.3700608303392,0.3040122985839844
1144,7757.087,2599.423333333333,8673.0,100,100,1088,4.752324725653606,7.971507352941177,5.47487735748291,-2599.423333333333,-0.011489934945369469,31.92261252683752,0.3152934829978382,0.007230934741742471,0.057904411764705885,1144,160.38378524132435,0.3040122985839844
1145,7763.219,2427.25,8522.999999999996,100,100,1088,4.7498738962638205,7.83363970588235,5.4716877937316895,-2427.25,-0.015350175802321994,25.320499364067526,0.32356103202875924,0.013546347203801441,0.07674632352941177,1145,160.39727246906145,0.3040122985839844
1146,7769.334,2477.3799999999997,8589.0,100,100,1085,4.759027833260665,7.916129032258064,5.468698024749756,-2477.3799999999997,-0.013954572434372762,37.22465865752276,0.3308697570772732,0.007546492071603151,0.06182949584634865,1146,160.4106580462679,0.3040122985839844
1147,7775.452,2468.3033333333337,8527.666666666664,100,100,1087,4.756856487383646,7.845139527752221,5.4739696979522705,-2468.3033333333337,-0.014218472766087335,32.37958251728731,0.36352361826335683,0.012531192297020051,0.07042191922664642,1147,160.4242411902542,0.3040122985839844
1148,7781.534,2404.0133333333333,8479.999999999998,100,100,1086,4.735658842080631,7.808471454880293,5.431111097335815,-2404.0133333333333,-0.019302914987373,29.219655513763428,0.33949534156743216,0.016472433501964107,0.0825278697644963,1148,160.43841272931206,0.3040122985839844
1149,7787.628,2551.153333333333,8700.666666666668,100,100,1088,4.733420957670794,7.996936274509805,5.453632116317749,-2551.153333333333,-0.017924352384665432,35.1232063630048,0.3494642683688332,0.013358718482777476,0.0744485294117647,1149,160.45258107366536,0.3040122985839844
1150,7801.549,2536.78,8656.000000000002,100,100,1088,4.738114979237948,7.955882352941178,5.448038578033447,-2536.78,-0.012681900907088728,32.77201175689697,0.3285444190396982,0.005395391839556396,0.06755514705882353,1150,160.46639613132132,0.3040122985839844
1151,7807.269,2421.673333333332,8638.333333333328,100,100,1085,4.406820186134857,7.961597542242699,5.072640895843506,-2421.673333333332,-0.01114638478440397,24.4441260730519,0.3422303449581651,0.01494440424721688,0.07933793348424575,1151,160.32726236021,0.3040122985839844
1152,7812.802,2419.2733333333326,8444.666666666662,100,100,1085,4.224915576193156,7.783102918586786,4.893858432769775,-2419.2733333333326,-0.014155166990616742,25.67628765106201,0.3379918065141229,0.006374208099099205,0.062198649763184434,1152,160.35259018546117,0.3040122985839844
1153,7818.952,2375.0700000000006,8407.66666666667,100,100,1090,4.764078530256525,7.713455657492357,5.49618935585022,-2375.0700000000006,-0.06082117216040691,26.726694497797226,0.36011345195584,0.006125415665640806,0.058159722222222224,1153,160.36586322281258,0.3040122985839844
1154,7825.077,2403.78,8425.333333333334,100,100,1086,4.7702601295895875,7.758133824432168,5.486472129821777,-2403.78,-0.01527848478187533,27.473706918604233,0.27499672332230735,0.012139680137967361,0.0736035340849091,1154,160.3791287078711,0.3040122985839844
1155,7831.248,2485.6066666666666,8705.333333333334,100,100,1086,4.786933978083055,8.015960712093309,5.509122133255005,-2485.6066666666666,-0.011928574182093143,22.406341973473044,0.30372218217919855,0.011697965454967582,0.0548209201763658,1155,160.39141242610086,0.3040122985839844
1156,7837.371,2558.7466666666674,8733.333333333332,100,100,1086,4.7537581052872975,8.041743400859422,5.470996379852295,-2558.7466666666674,-0.01733557926490903,29.675627764533548,0.30994901849943046,0.0162278260480996,0.06918583941810272,1156,160.4046770427709,0.3040122985839844
1157,7843.507,2435.6733333333327,8604.999999999998,100,100,1087,4.7750538194692576,7.9162833486660515,5.502486944198608,-2435.6733333333327,-0.012353066902826814,30.692886969622442,0.3018636396702598,0.019347113675287214,0.07873045105267973,1157,160.41777862385013,0.3040122985839844
1158,7849.615,2456.4199999999987,8608.66666666666,100,100,1089,4.723102207311846,7.905111723293536,5.439092397689819,-2456.4199999999987,0.005905178763593237,24.571369065178764,0.293855757969949,0.013126758852093998,0.06597222222222222,1158,160.4316842994329,0.3040122985839844
1159,7855.776,2564.1133333333332,8600.999999999996,100,100,1090,4.743339450188289,7.890825688073392,5.495391607284546,-2564.1133333333332,-0.02237211312684748,39.553930812411835,0.270965863019228,0.008878855183461888,0.06901041666666667,1159,160.4446251388905,0.3040122985839844
1160,7869.643,2458.7733333333335,8642.666666666664,100,100,1088,4.687763509804533,7.94362745098039,5.394540309906006,-2458.7733333333335,-0.014878090854515047,30.997453016393326,0.2952098232858321,0.02053519289748853,0.08042279411764706,1160,160.46000258319495,0.3040122985839844
1161,7875.454,2489.236666666667,8625.666666666664,100,100,1084,4.443477304623122,7.957257072570724,5.113020658493042,-2489.236666666667,-0.012104948667590232,26.82624850553625,0.26075945794582367,0.01647861033801318,0.07061887280467678,1161,160.31952767613112,0.3040122985839844
1162,7880.975,2518.3066666666655,8683.666666666659,100,100,1087,4.202172402939361,7.988653787181839,4.859362363815308,-2518.3066666666655,-0.01125406353350948,32.96576174567728,0.2585469365996473,0.0166651413344559,0.06767915561795235,1162,160.3451400952102,0.3040122985839844
1163,7887.008,2529.29,8742.666666666668,100,100,1088,4.680136305978522,8.035539215686276,5.4004669189453125,-2529.29,-0.011519011986606261,30.41422888811897,0.2603132352232933,0.012240271198713933,0.06387867647058823,1163,160.3604377109972,0.3040122985839844
1164,7893.109,2442.643333333333,8394.666666666662,100,100,1090,4.716310641993213,7.701529051987763,5.4378602504730225,-2442.643333333333,-0.005506324064400461,26.207988871468437,0.31910543226533467,0.006262855099824567,0.05772569444444445,1164,160.37457073240384,0.3040122985839844
1165,7899.205,2551.986666666667,8689.666666666664,100,100,1087,4.726341119543294,7.994173566390676,5.433332443237305,-2551.986666666667,-0.013906594639753593,29.326627058141373,0.3110405320630354,0.006681222112520653,0.07177871202721316,1165,160.38841531673927,0.3040122985839844
1166,7905.343,2501.6899999999996,8591.33333333333,100,100,1085,4.783253639417138,7.91827956989247,5.496545791625977,-2501.6899999999996,-0.011388034176300554,32.05575617621927,0.3446455229731167,0.009974088280133027,0.07795925723279223,1166,160.40112806739998,0.3040122985839844
1167,7911.456,2481.5733333333324,8583.999999999998,100,100,1089,4.734460238253576,7.882460973370063,5.448277235031128,-2481.5733333333324,-0.007318480198995935,26.810459413048292,0.2890300701061885,0.011020412451923929,0.07074652777777778,1167,160.4148474814939,0.3040122985839844
1168,7917.68,2529.136666666666,8697.33333333333,100,100,1091,4.774414756980671,7.971891231286279,5.528916835784912,-2529.136666666666,-0.02335981574530403,28.41594500011868,0.34565379356758463,0.014232226741215628,0.06076388888888889,1168,160.42653982013516,0.3040122985839844
1169,7923.661,2559.7833333333338,8752.666666666666,100,100,1085,4.647184059470205,8.066973886328725,5.336434841156006,-2559.7833333333338,-0.013828577199841248,30.96458569694968,0.3148123179288471,0.0032502569614306968,0.07660318187931005,1169,160.44236859145022,0.3040122985839844
1170,7937.682,2535.4033333333336,8577.333333333338,100,100,1089,4.737857852025938,7.876339149066426,5.466814994812012,-2535.4033333333336,-0.001571864148394929,36.31942738427056,0.3214518614113331,0.0172410721586655,0.06336805555555555,1170,160.4554717415668,0.3040122985839844
1171,7943.439,2615.0800000000004,8749.666666666668,100,100,1088,4.400982262749869,8.041973039215687,5.080971002578735,-2615.0800000000004,-0.015120859203093192,29.83294408461627,0.33366741590640125,0.01415836819283226,0.06112132352941176,1171,160.31695474848516,0.3040122985839844
1172,7948.986,2515.1100000000006,8670.666666666673,100,100,1089,4.168891551698275,7.962044689317422,4.831487655639648,-2515.1100000000006,-0.03369429948118826,34.20785225762261,0.300660039209308,0.03197373227966535,0.09244791666666667,1172,160.3420932898489,0.3040122985839844
1173,7954.998,2472.0233333333326,8493.666666666662,100,100,1089,4.62898686628693,7.799510254055705,5.344314336776733,-2472.0233333333326,-0.03632764187124041,23.359463373819988,0.3291966700352273,0.022342969527623307,0.07291666666666667,1173,160.35781157485962,0.3040122985839844
1174,7961.023,2520.2499999999995,8588.999999999998,100,100,1085,4.669256960385166,7.916129032258063,5.360143661499023,-2520.2499999999995,-0.012929877156720442,28.496239213382495,0.3320545492803349,0.02565439454937244,0.07099807087112875,1174,160.37273060771548,0.3040122985839844
1175,7967.112,2500.3200000000006,8535.333333333334,100,100,1090,4.705365870464081,7.830581039755352,5.423157453536987,-2500.3200000000006,0.02561091585084796,32.22012844350603,0.3374377277990182,0.015301529890469586,0.08637152777777778,1175,160.38696777539556,0.3040122985839844
1176,7973.187,2498.4466666666667,8494.333333333334,100,100,1089,4.713232047245235,7.800122436486073,5.419718265533447,-2498.4466666666667,-0.05976366965721051,31.237260977427166,0.326587312337425,0.005387261170350636,0.06163194444444445,1176,160.40135006880237,0.3040122985839844
1177,7979.31,2546.6966666666663,8716.333333333332,100,100,1089,4.742080072938192,8.003979185797366,5.470585107803345,-2546.6966666666663,-0.011248322203755379,26.976423982116913,0.3334502801299095,0.014169872893641392,0.05642361111111111,1177,160.41474043337254,0.3040122985839844
1178,7985.349,2402.7333333333336,8433.666666666666,100,100,1086,4.70145156758822,7.765807243707796,5.398629903793335,-2402.7333333333336,-0.014342474915525493,23.095379324520337,0.3508797743741204,0.013939376982093295,0.06768856723518933,1178,160.42944143272098,0.3040122985839844
1179,7991.433,2566.673333333334,8702.666666666664,100,100,1085,4.735948940983668,8.020890937019967,5.4463605880737305,-2566.673333333334,-0.0157432432341225,36.64584434733671,0.37946849710801067,0.00946919244768865,0.07053851237630143,1179,160.4430740813839,0.3040122985839844
1180,8005.413,2514.370000000001,8653.000000000004,100,100,1089,4.733885857670015,7.945821854912768,5.450000762939453,-2514.370000000001,-0.041723481896850795,26.64646938112047,0.29746278873283116,0.02372084979045515,0.08723958333333333,1180,160.45641556182926,0.3040122985839844
1181,8011.142,2543.453333333334,8691.0,100,100,1089,4.374246372558225,7.980716253443526,5.057647943496704,-2543.453333333334,0.041682065878477365,35.61429162985749,0.2879507646264301,0.01071276996582229,0.07291666666666667,1181,160.3202199629533,0.3040122985839844
1182,8016.673,2408.5033333333326,8546.333333333332,100,100,1088,4.226191634991076,7.855085784313724,4.892699480056763,-2408.5033333333326,-0.011143502834088662,42.19756653729607,0.26209216784028444,0.02107053734225166,0.0546875,1182,160.34532146616473,0.3040122985839844
1183,8022.78,2432.9866666666667,8495.000000000002,100,100,1087,4.744964583542133,7.815087396504142,5.455790758132935,-2432.9866666666667,-0.011359348564463504,30.1555596519919,0.23774765475707896,0.012157015223398475,0.06487803489846342,1183,160.35875047645635,0.3040122985839844
1184,8028.893,2435.9166666666674,8481.66666666667,100,100,1089,4.7347845723022965,7.788490970309155,5.445544958114624,-2435.9166666666674,-0.028984458185732365,29.876708189646404,0.27645724951330586,0.009558472491335124,0.05772569444444445,1184,160.37229982070238,0.3040122985839844
1185,8035.003,2473.95,8508.666666666666,100,100,1089,4.711336822482467,7.813284358738904,5.428386449813843,-2473.95,-0.01884605851955712,27.013318215393358,0.2742950295277701,0.011033897653558396,0.0720486111111111,1185,160.38587227574885,0.3040122985839844
1186,8041.119,2418.1599999999994,8465.0,100,100,1091,4.723255637150487,7.758936755270394,5.4472434520721436,-2418.1599999999994,-0.030231723613623116,34.41712400648329,0.29630016908049583,0.01527228562756338,0.06351273175742891,1186,160.39957426515502,0.3040122985839844
1187,8047.229,2483.2566666666667,8575.666666666668,100,100,1088,4.731486488868969,7.882046568627452,5.449247121810913,-2483.2566666666667,-0.011420866036239792,27.190141649807202,0.3221631540971644,0.012355128813343233,0.07996323529411764,1187,160.41299053385737,0.3040122985839844
1188,8053.38,2483.6833333333334,8567.999999999998,100,100,1089,4.7630900846361515,7.867768595041321,5.4898529052734375,-2483.6833333333334,-0.023936117119673226,32.40910748640696,0.4142836572395431,0.005622430523443554,0.07118055555555555,1188,160.42568196220094,0.3040122985839844
1189,8059.479,2607.0566666666673,8872.333333333332,100,100,1088,4.720506250069936,8.154718137254902,5.4457972049713135,-2607.0566666666673,-0.012833179632092224,42.384669808780444,0.3869685215108535,0.004792373435681357,0.05744485294117647,1189,160.4392792366779,0.3040122985839844
1190,8073.463,2623.7233333333343,8815.333333333332,100,100,1086,4.742644476068839,8.117249846531614,5.456828594207764,-2623.7233333333343,-0.01481596879003679,40.04493500204647,0.3972218553809559,0.0009553714651915737,0.04970647526137969,1190,160.45220658767175,0.3040122985839844
1191,8079.193,2529.776666666666,8691.666666666664,100,100,1086,4.406034623887596,8.003376304481275,5.073146343231201,-2529.776666666666,-0.015437682268812376,24.49083429224351,0.3390696539598353,0.010501662685248233,0.07462642298025243,1191,160.31663146014634,0.3040122985839844
1192,8084.708,2577.5733333333333,8688.000000000002,100,100,1087,4.198908462063191,7.992640294388226,4.870468378067017,-2577.5733333333333,-0.013894161757300882,34.064254985136145,0.3358621917226735,0.002914590360459817,0.07680468053063925,1192,160.34173113333665,0.3040122985839844
1193,8090.809,2520.8500000000004,8633.666666666664,100,100,1089,4.711701558634324,7.928068564432198,5.426943778991699,-2520.8500000000004,-0.005967724343968762,26.644054939556455,0.33052510230077636,-0.002649579358856297,0.08897569444444445,1193,160.35541789466447,0.3040122985839844
1194,8096.958,2536.983333333333,8673.333333333334,100,100,1091,4.733992668059096,7.949893064466851,5.474993705749512,-2536.983333333333,-0.017108751667870417,28.137123160892063,0.3521713800728321,0.014395173488689276,0.0642361111111111,1194,160.3683668270746,0.3040122985839844
1195,8103.019,2565.3599999999997,8783.66666666667,100,100,1087,4.705922815733673,8.080650107329044,5.415476083755493,-2565.3599999999997,-0.01406542003593024,26.549976292778464,0.3409677800886771,0.007904167170636356,0.059815593282966054,1195,160.3825728573914,0.3040122985839844
1196,8109.15,2474.4833333333336,8490.0,100,100,1089,4.72392708619439,7.796143250688705,5.444613933563232,-2474.4833333333336,0.03425500479837259,26.112161897950703,0.32423072225517696,0.005756944337109517,0.05164930555555555,1196,160.39562602847116,0.3040122985839844
1197,8115.269,2424.7300000000014,8456.333333333336,100,100,1086,4.755613074850627,7.78667894413751,5.461401462554932,-2424.7300000000014,-0.012144175905953436,30.92508652630974,0.32794538052643046,0.005586990874315447,0.05250830159467809,1197,160.40848258640415,0.3040122985839844
1198,8121.405,2587.4733333333334,8761.333333333328,100,100,1089,4.7430701552111145,8.04530149984695,5.465331315994263,-2587.4733333333334,0.00982066828550564,32.68389613760842,0.36259329484568703,-0.003986200946706554,0.0763888888888889,1198,160.42137829918886,0.3040122985839844
1199,8127.539,2455.2266666666665,8471.666666666664,100,100,1085,4.770302398168924,7.807987711213515,5.485597610473633,-2455.2266666666665,-0.016036306891371224,25.486653945025274,0.3258467312244808,0.012738456435994628,0.06493340136812013,1199,160.43381342606114,0.3040122985839844
1200,8141.538,2533.516666666667,8623.333333333334,100,100,1088,4.727374175726093,7.925857843137256,5.440909385681152,-2533.516666666667,-0.014110835597795598,26.828106375301587,0.30869946059058695,0.011001541124321246,0.07352941176470588,1200,160.44708851671547,0.3040122985839844
1201,8147.366,2419.9466666666667,8464.0,100,100,1089,4.437393021061709,7.7722681359045,5.126061916351318,-2419.9466666666667,-0.059926297360410295,26.238246733943623,0.2931093103657925,0.008828558758573813,0.054253472222222224,1201,160.31058936885634,0.3040122985839844
1202,8152.89,2338.3466666666677,8278.66666666667,100,100,1085,4.209118248242456,7.630107526881723,4.864529371261597,-2338.3466666666677,-0.011725777924499092,34.90852064244888,0.2930538281798363,0.009882886572193135,0.06592032269519918,1202,160.33503791140086,0.3040122985839844
1203,8158.926,2432.653333333334,8411.66666666667,100,100,1089,4.6776388425472355,7.724211815120909,5.391617774963379,-2432.653333333334,0.00883634015917778,29.21504242878614,0.31147466806901825,0.01138664772345995,0.053385416666666664,1203,160.34990335548358,0.3040122985839844
1204,8164.966,2522.0299999999993,8510.666666666662,100,100,1088,4.676819301119608,7.822303921568624,5.390385866165161,-2522.0299999999993,-0.01189518062507405,30.63422949173871,0.24927028356229558,0.0061751740628524735,0.058363970588235295,1204,160.36454195609952,0.3040122985839844
1205,8171.102,2493.786666666667,8703.0,100,100,1088,4.765054687167696,7.999080882352941,5.49926495552063,-2493.786666666667,-0.01212778446428916,27.179317698759192,0.2793200598920093,0.020960062567610294,0.0625,1205,160.37726333276285,0.3040122985839844
1206,8177.219,2522.21,8704.999999999998,100,100,1090,4.719348808477094,7.98623853211009,5.449220895767212,-2522.21,-0.007238964912378126,31.422599209679497,0.28741682196656865,0.010739654102103991,0.0920138888888889,1206,160.3905988168839,0.3040122985839844
1207,8183.245,2452.453333333333,8603.999999999998,100,100,1086,4.667430940194786,7.922651933701656,5.3742029666900635,-2452.453333333333,-0.014100657748606275,33.590114649604345,0.27121833229766174,0.009759564069099724,0.05390180252930697,1207,160.40521662897723,0.3040122985839844
1208,8189.336,2524.8699999999994,8796.0,100,100,1088,4.712185479494271,8.084558823529411,5.4405317306518555,-2524.8699999999994,-0.012746867011575139,30.737454750958612,0.2603066103423343,0.025163131889284533,0.05560661764705882,1208,160.41873593746323,0.3040122985839844
1209,8195.47,2425.506666666666,8520.999999999996,100,100,1091,4.71562163210299,7.810265811182398,5.451115608215332,-2425.506666666666,0.009803771765695678,25.605887903107536,0.229525682503461,0.013875139046124078,0.061197916666666664,1209,160.43179909790618,0.3040122985839844
1210,8209.369,2503.0133333333324,8656.999999999996,100,100,1084,4.697436899826536,7.986162361623613,5.391675233840942,-2503.0133333333324,-0.005438327049726949,28.361465958987964,0.2612899668952998,0.020791175754686052,0.08967524569700747,1210,160.4459764390678,0.3040122985839844
1211,8215.056,2545.7666666666673,8709.000000000002,100,100,1088,4.36794135844941,8.004595588235295,5.047462463378906,-2545.7666666666673,-0.014651274198994917,27.225223372964297,0.2621570974588394,0.022919106735464406,0.0666360294117647,1211,160.31369594528445,0.3040122985839844
1212,8220.571,2459.753333333332,8598.666666666664,100,100,1088,4.205013418279979,7.903186274509801,4.877226114273071,-2459.753333333332,-0.014418512171901324,26.38340473175049,0.3218478209832135,0.008921364740030292,0.06341911764705882,1212,160.33849334786785,0.3040122985839844
1213,8226.619,2443.5333333333324,8555.666666666668,100,100,1088,4.691183456302764,7.863664215686276,5.406296968460083,-2443.5333333333324,-0.014979558339452042,29.141531130846808,0.2696861874531297,0.019194696098566055,0.07077205882352941,1213,160.35287891401998,0.3040122985839844
1214,8232.761,2522.9233333333336,8667.333333333332,100,100,1087,4.762939375691568,7.973627721557803,5.489887714385986,-2522.9233333333336,-0.01438378422137569,25.91363587098963,0.2883864321252879,0.0090994608369382,0.07775297651396078,1214,160.36528484571807,0.3040122985839844
1215,8238.879,2456.7799999999997,8506.666666666666,100,100,1091,4.712089827697379,7.797128017109685,5.439267635345459,-2456.7799999999997,0.022715629130187962,31.3303255505032,0.2885192417436176,0.008931518393284123,0.05251736111111111,1215,160.37861363666116,0.3040122985839844
1216,8244.983,2505.383333333333,8711.333333333328,100,100,1089,4.723529845580486,7.999387817569631,5.4488255977630615,-2505.383333333333,-0.0403050321361257,29.144356856743496,0.31000613503985935,0.016805304958122887,0.055121527777777776,1216,160.39196542812638,0.3040122985839844
1217,8251.088,2466.59,8538.666666666666,100,100,1089,4.715124335861786,7.840832568105295,5.43303918838501,-2466.59,-0.01875954649100701,23.955653972095913,0.25216227104985367,0.017376069652123585,0.07335069444444445,1217,160.4052924690065,0.3040122985839844
1218,8257.187,2364.6800000000003,8459.333333333336,100,100,1087,4.742884177589496,7.7822753756516425,5.454083204269409,-2364.6800000000003,-0.011622992946821101,30.99528626834645,0.24599409015739665,0.015779448858024004,0.050164857879281044,1218,160.41842875339637,0.3040122985839844
1219,8263.278,2374.276666666666,8434.666666666664,100,100,1088,4.741576655386084,7.752450980392155,5.4480650424957275,-2374.276666666666,-0.011328431777656078,25.34377165401683,0.25684060594614816,0.016140484189450303,0.06112132352941176,1219,160.43184843619534,0.3040122985839844
1220,8277.268,2438.2500000000005,8528.999999999998,100,100,1086,4.7609817665876415,7.853591160220993,5.476280450820923,-2438.2500000000005,-0.009042107774054302,26.974119354696835,0.2631477818769567,0.009432681296054986,0.053457068169818205,1220,160.44435149988553,0.3040122985839844
1221,8283.058,2425.3133333333344,8629.000000000004,100,100,1089,4.43792286599645,7.9237832874196545,5.123142242431641,-2425.3133333333344,-0.06559505877602431,23.696540110641056,0.2690369544757737,0.013000221098385131,0.08289930555555555,1221,160.311324479997,0.3040122985839844
1222,8288.582,2368.5366666666664,8455.999999999998,100,100,1090,4.207398898263009,7.757798165137613,4.875392198562622,-2368.5366666666664,0.0623787170689967,30.24166054195828,0.25664259534743095,0.011387240012279816,0.04904513888888889,1222,160.3359980687287,0.3040122985839844
1223,8294.574,2403.7199999999993,8537.999999999996,100,100,1087,4.6603304543682365,7.85464581416743,5.353662729263306,-2403.7199999999993,-0.01286693147438414,25.19830810322481,0.2850257320439114,0.01880696731078548,0.06856909460004638,1223,160.35123866577862,0.3040122985839844
1224,8300.739,2525.9566666666656,8741.33333333333,100,100,1088,4.757486029976623,8.034313725490193,5.490771532058716,-2525.9566666666656,-0.012413612512104651,34.208164046792426,0.30599069113240523,0.015343186276047216,0.06387867647058823,1224,160.36320101114887,0.3040122985839844
1225,8306.829,2448.2300000000005,8513.333333333334,100,100,1089,4.7052817262454285,7.817569635751455,5.4185943603515625,-2448.2300000000005,0.002973408696966039,26.373235093222725,0.30599285372429424,0.008821821024563784,0.062065972222222224,1225,160.37671452978557,0.3040122985839844
1226,8312.969,2548.629999999999,8520.999999999996,100,100,1089,4.7580852167709935,7.8246097337006395,5.497753620147705,-2548.629999999999,-0.04064794547028012,34.314972745047676,0.3501535293762572,0.008873605938990496,0.05685763888888889,1226,160.3892654948758,0.3040122985839844
1227,8319.085,2477.1166666666677,8636.0,100,100,1090,4.717092203625708,7.922935779816513,5.438689231872559,-2477.1166666666677,-0.004214996730701791,30.487957239151,0.3448473657998774,0.03268772238839625,0.09375,1227,160.4024057979236,0.3040122985839844
1228,8325.157,2482.853333333333,8664.666666666668,100,100,1085,4.720212624961948,7.985867895545316,5.412735462188721,-2482.853333333333,-0.014293806243907003,27.02416728524601,0.2838166053680813,0.005726818238412414,0.06637988162829596,1228,160.41570979117756,0.3040122985839844
1229,8331.264,2522.673333333334,8611.666666666673,100,100,1085,4.743396683192644,7.93701996927804,5.451009750366211,-2522.673333333334,-0.013011446113095564,25.698837448568906,0.3224727822577252,0.011101499401026076,0.06911463345236638,1229,160.42835422406463,0.3040122985839844
1230,8345.225,2486.7366666666676,8615.999999999998,100,100,1086,4.726884807404268,7.9337016574585615,5.427408218383789,-2486.7366666666676,-0.010718778542735997,28.949977594263412,0.3224546681432163,0.01721480384003371,0.07413721522864174,1230,160.4417697381774,0.3040122985839844
1231,8350.949,2519.97,8570.999999999998,100,100,1086,4.397642449690218,7.892265193370164,5.0618977546691895,-2519.97,-0.012729893904179335,31.387317208682788,0.3223401360652026,0.009371454122147578,0.060335626058718735,1231,160.31027523164448,0.3040122985839844
1232,8356.508,2493.510000000001,8493.66666666667,100,100,1090,4.20904119441354,7.792354740061165,4.885087966918945,-2493.510000000001,0.001065839651144213,27.438243283165825,0.33123455693324405,0.01411122993967082,0.06727430555555555,1232,160.3340767058186,0.3040122985839844
1233,8362.632,2491.316666666667,8658.666666666668,100,100,1088,4.729473713857313,7.958333333333335,5.4596168994903564,-2491.316666666667,-0.004767864887766978,23.83923510944142,0.3669558956342585,0.018174392664257216,0.06709558823529412,1233,160.34676578073902,0.3040122985839844
1234,8368.748,2457.8533333333335,8508.666666666668,100,100,1090,4.690930000057769,7.806116207951072,5.41536545753479,-2457.8533333333335,-0.027658657170832157,33.87757219208611,0.3638031619441004,0.02026020988382192,0.05859375,1234,160.3598328368316,0.3040122985839844
1235,8374.859,2617.07,8817.000000000002,100,100,1090,4.704013212216557,8.088990825688075,5.423617601394653,-2617.07,-0.03304925514385104,30.740485343668198,0.34690797947243684,0.01589916748020591,0.08246527777777778,1235,160.37297662568037,0.3040122985839844
1236,8381.031,2467.7633333333342,8505.333333333334,100,100,1089,4.7538917329114465,7.8102234465870835,5.485434055328369,-2467.7633333333342,0.021400307201676898,32.817884577645195,0.3432414859804946,0.021604278260686744,0.05685763888888889,1236,160.38479767491083,0.3040122985839844
1237,8387.161,2512.329999999999,8813.999999999995,100,100,1089,4.721698347355955,8.093663911845725,5.444927215576172,-2512.329999999999,-0.06444907892081472,23.742596584889625,0.3079643529417808,0.02802573079113952,0.08333333333333333,1237,160.39742074533774,0.3040122985839844
1238,8393.227,2592.546666666667,8660.666666666664,100,100,1085,4.698962119111817,7.982181259600612,5.411771297454834,-2592.546666666667,-0.010906783370848964,38.64936862272375,0.3416831226033323,0.019879366456092718,0.061347335905713195,1238,160.41077516687014,0.3040122985839844
1239,8399.328,2480.9233333333336,8551.666666666666,100,100,1087,4.751279854182267,7.867218644587549,5.460795640945435,-2480.9233333333336,-0.012169290333986282,36.21621670442469,0.30971840111648336,0.015324773572501726,0.0800580654074164,1239,160.42366487569313,0.3040122985839844
1240,8413.271,2496.4466666666663,8471.333333333334,100,100,1087,4.764019503821932,7.793314934069304,5.4915807247161865,-2496.4466666666663,-0.01115489674403387,34.55621360330021,0.28840233648524566,0.00738020904143067,0.0483193279189222,1240,160.43602836375734,0.3040122985839844
1241,8418.928,2508.646666666666,8658.333333333336,100,100,1088,4.358163693669828,7.958026960784316,5.030627727508545,-2508.646666666666,-0.010896523866583319,38.306273853077606,0.32470839514451866,0.019207420813686708,0.05376838235294118,1241,160.30853267611533,0.3040122985839844
1242,8424.441,2444.090000000001,8481.333333333334,100,100,1087,4.1964048742065625,7.802514566084024,4.852720499038696,-2444.090000000001,-0.014674875063492972,28.665178186753216,0.31961408695753885,0.029347260638400364,0.06528653144179021,1242,160.33265949368797,0.3040122985839844
1243,8430.543,2471.39,8482.999999999998,100,100,1088,4.733469759230502,7.796874999999998,5.445924282073975,-2471.39,-0.014588611200451851,27.890348041758816,0.35094281768097596,0.021691488947801513,0.07490808823529412,1243,160.34566452177842,0.3040122985839844
1244,8436.66,2587.693333333333,8521.333333333332,100,100,1088,4.737462865330813,7.832107843137254,5.4661760330200195,-2587.693333333333,-0.0113337832119535,31.251145138460046,0.3361520868013887,0.02053183506188147,0.0744485294117647,1244,160.35837181969322,0.3040122985839844
1245,8442.721,2507.7066666666665,8590.33333333333,100,100,1088,4.717459282747929,7.895526960784311,5.428551912307739,-2507.7066666666665,-0.01258854683050338,34.85624509699204,0.32964758750270395,0.03334829767974203,0.06479779411764706,1245,160.37210931352593,0.3040122985839844
1246,8448.894,2402.4466666666667,8437.333333333328,100,100,1091,4.761048857682648,7.7335777574091,5.503707408905029,-2402.4466666666667,-0.010306479532219883,24.959006971783108,0.34948874823749065,0.026108928044171382,0.04861111111111111,1246,160.38407708331283,0.3040122985839844
1247,8454.911,2625.55,8657.666666666664,100,100,1083,4.68688245689873,7.994152046783624,5.37481427192688,-2625.55,-0.019253698424162233,39.45918980766745,0.3738190233707428,0.019039206290686065,0.0836085493073744,1247,160.3980203654624,0.3040122985839844
1248,8460.977,2552.293333333333,8642.000000000005,100,100,1087,4.717628337145571,7.95032198712052,5.424655437469482,-2552.293333333333,-0.017026218202184227,27.32639509088853,0.3395509242134936,0.01183840875798042,0.06943714996690259,1248,160.4115078439201,0.3040122985839844
1249,8467.118,2522.1766666666667,8638.333333333332,100,100,1087,4.756989052520059,7.946948788715117,5.474732160568237,-2522.1766666666667,-0.014982062748030704,32.4082249473123,0.3210121485240319,0.00849651697310893,0.060756594600046385,1249,160.42352954940318,0.3040122985839844
1250,8481.06,2517.0699999999997,8531.333333333334,100,100,1088,4.719837684152641,7.841299019607844,5.433150291442871,-2517.0699999999997,-0.012334707631346057,27.629571802475873,0.33392369528027144,0.01675211446469321,0.051011029411764705,1250,160.43683493951946,0.3040122985839844
1251,8486.758,2545.376666666666,8604.666666666662,100,100,1087,4.382237073817147,7.9159766942655585,5.0471155643463135,-2545.376666666666,-0.01271354969974388,28.273538757773007,0.29990016274592457,0.016549153575290215,0.07775297651396078,1251,160.30856964077202,0.3040122985839844
1252,8492.365,2518.6899999999996,8534.999999999998,100,100,1089,4.257910742631389,7.837465564738291,4.946886777877808,-2518.6899999999996,-0.021594197489321232,31.021257837613422,0.30445633139202577,-0.008507964207739051,0.08897569444444445,1252,160.33097184051582,0.3040122985839844
1253,8498.473,2448.823333333334,8492.66666666667,100,100,1088,4.746518655926646,7.805759803921571,5.461581468582153,-2448.823333333334,-0.013106251135468483,25.8210610221414,0.3115331473595956,0.019876645412296057,0.06066176470588235,1253,160.34376648455057,0.3040122985839844
1254,8504.549,2422.3733333333344,8565.666666666668,100,100,1085,4.723464978391021,7.894623655913979,5.414562463760376,-2422.3733333333344,-0.01639111865969265,33.617399888880115,0.2813666629440644,0.011256721011116444,0.07469714279560481,1254,160.35676832336887,0.3040122985839844
1255,8510.672,2482.2599999999998,8538.666666666666,100,100,1087,4.766617755434735,7.855259122968414,5.488880395889282,-2482.2599999999998,-0.012435163645183338,27.898093784556668,0.3520064266288982,0.017427347668939653,0.07865750482853721,1255,160.3691450148478,0.3040122985839844
1256,8516.791,2437.116666666667,8595.999999999995,100,100,1089,4.73023764842555,7.893480257116615,5.441081523895264,-2437.116666666667,-0.021831422475063138,26.33233176337348,0.3510839169224103,0.01754906629664927,0.08723958333333333,1256,160.3817702394662,0.3040122985839844
1257,8522.936,2497.5400000000004,8641.000000000004,100,100,1087,4.765930913710879,7.949402023919046,5.4972147941589355,-2497.5400000000004,-0.013880747808691333,41.67684369928696,0.39623546600341797,0.010535618589903392,0.08100636150030528,1257,160.39367645347286,0.3040122985839844
1258,8529.097,2553.2266666666665,8725.666666666662,100,100,1089,4.746908173811707,8.012549739822463,5.476849794387817,-2553.2266666666665,-0.007932212772882648,25.46598305967119,0.44452112913131714,0.013344750755802832,0.09722222222222222,1258,160.4055003749469,0.3040122985839844
1259,8535.179,2539.913333333332,8649.999999999996,100,100,1086,4.725159207958399,7.965009208103128,5.436139345169067,-2539.913333333332,-0.01535210114739397,34.10483590294333,0.418546653845731,0.004475396160748513,0.0677478650913519,1259,160.41842795914098,0.3040122985839844
1260,8549.203,2546.28,8659.66666666667,100,100,1086,4.798846686143998,7.973910374462863,5.527202367782593,-2546.28,-0.015491873190245208,39.12468713872573,0.4436991819564034,0.00769143584800665,0.06542042204562355,1260,160.4293852516912,0.3040122985839844
1261,8554.948,2536.286666666666,8687.999999999996,100,100,1088,4.4114286740616935,7.985294117647055,5.1063597202301025,-2536.286666666666,-0.016588959185516134,30.27729118571562,0.42785173654556274,0.008190305920673864,0.07720588235294118,1261,160.3018490317646,0.3040122985839844
1262,8560.443,2466.0700000000006,8531.666666666672,100,100,1085,4.180994010444576,7.863287250384029,4.838191032409668,-2466.0700000000006,-0.014239726478562635,26.93894924837,0.3834475419100593,0.014011151937986998,0.08850650883772794,1262,160.32570022609914,0.3040122985839844
1263,8566.551,2498.453333333333,8725.999999999995,100,100,1088,4.721096599335878,8.02022058823529,5.43971061706543,-2498.453333333333,-0.014957120751633364,36.0000581741333,0.3955513668410918,0.004339775289682781,0.07215073529411764,1263,160.338388653477,0.3040122985839844
1264,8572.628,2408.176666666666,8535.66666666666,100,100,1086,4.739779927107484,7.859729895641492,5.446106195449829,-2408.176666666666,-0.010841635220191059,38.469188297496125,0.36019424261415706,0.02120112183312064,0.090829577516107,1264,160.3514108989618,0.3040122985839844
1265,8578.736,2507.196666666667,8663.000000000004,100,100,1089,4.71627566286964,7.9550045913682315,5.432512998580933,-2507.196666666667,-0.02973129429544012,30.36832618713379,0.48156702104541993,0.009574468399579119,0.05642361111111111,1265,160.3642052447989,0.3040122985839844
1266,8584.876,2498.8766666666666,8550.999999999998,100,100,1089,4.748875572653171,7.8521579430670325,5.48547887802124,-2498.8766666666666,-0.018090341240167618,22.693442344665527,0.46236581603686017,0.00334226095259914,0.07378472222222222,1266,160.37634755129622,0.3040122985839844
1267,8590.937,2410.193333333333,8468.333333333334,100,100,1088,4.7162302389016775,7.783394607843138,5.426609039306641,-2410.193333333333,-0.01721763747799046,25.454402194303626,0.4394299466820324,0.007647907885257155,0.06066176470588235,1267,160.38983346710222,0.3040122985839844
1268,8597.053,2515.9766666666665,8567.0,100,100,1087,4.7356988018054755,7.88132474701012,5.454923391342163,-2515.9766666666665,-0.013270589358666363,28.05961569617776,0.4086524011457668,0.009594312567702112,0.07319386150030528,1268,160.4021816351689,0.3040122985839844
1269,8603.184,2493.466666666667,8635.666666666664,100,100,1090,4.719462658923734,7.922629969418958,5.445356845855713,-2493.466666666667,-0.04407064668420288,35.766497717963325,0.4081167758300176,0.01168183454622825,0.0724826388888889,1269,160.414556797106,0.3040122985839844
1270,8617.166,2456.5466666666657,8499.000000000005,100,100,1090,4.705029538695897,7.797247706422024,5.438934803009033,-2456.5466666666657,-0.004068989254948165,34.216796769036186,0.3822409055299229,0.005349883172635196,0.09895833333333333,1270,160.42707822796498,0.3040122985839844
1271,8622.89,2452.8466666666664,8557.333333333332,100,100,1086,4.3889659310692775,7.879680785758133,5.054778099060059,-2452.8466666666664,-0.012941217049956322,34.465516819673425,0.39887039363384247,0.0012351233881953009,0.06587998086915296,1271,160.3003155046797,0.3040122985839844
1272,8628.418,2588.9,8665.666666666668,100,100,1088,4.180420588026584,7.964767156862746,4.843513488769531,-2588.9,-0.008075111709973392,39.12223316641415,0.3833828945370281,-0.0009279267944614677,0.11121323529411764,1272,160.323718906589,0.3040122985839844
1273,8634.408,2517.5933333333337,8675.66666666667,100,100,1088,4.6288582726607705,7.973958333333336,5.342677593231201,-2517.5933333333337,-0.013220099047483766,28.3258321425494,0.40327223960091085,0.010830461479011266,0.09329044117647059,1273,160.3384914282329,0.3040122985839844
1274,8640.48,2466.493333333334,8528.333333333336,100,100,1088,4.7002325387866755,7.838541666666669,5.413846969604492,-2466.493333333334,-0.016366352327167988,23.740993920494528,0.38301998113884644,0.006525374517556937,0.06985294117647059,1274,160.35174155402683,0.3040122985839844
1275,8646.601,2368.943333333333,8490.666666666664,100,100,1086,4.751502668839223,7.818293431553098,5.455793857574463,-2368.943333333333,-0.010349565076039118,30.23493284337661,0.3706795704715392,0.01848206386785023,0.06862250934628879,1275,160.36381804176153,0.3040122985839844
1276,8652.72,2522.119999999999,8659.999999999998,100,100,1090,4.70769165261059,7.944954128440365,5.425798416137695,-2522.119999999999,0.02199410965355734,23.26422307888667,0.3787500825193193,0.008366133694330024,0.08506944444444445,1276,160.37638567815702,0.3040122985839844
1277,8658.803,2378.2233333333334,8423.333333333336,100,100,1088,4.718118382323369,7.742034313725492,5.429780006408691,-2378.2233333333334,-0.01390492677798166,20.775765475104837,0.3838420773253721,0.011916732213542084,0.0744485294117647,1277,160.38937807827497,0.3040122985839844
1278,8664.962,2391.4566666666656,8427.66666666666,100,100,1091,4.724965811306721,7.724717384662384,5.450224876403809,-2391.4566666666656,0.003463693377044466,24.703120549519856,0.38420279199878377,0.02612307697482821,0.07942708333333333,1278,160.4012817049946,0.3040122985839844
1279,8671.007,2493.5499999999997,8689.333333333338,100,100,1084,4.710006733262581,8.015990159901603,5.401476621627808,-2493.5499999999997,-0.011323252309332876,30.77102975284352,0.42639655926648307,0.010234436249661753,0.059466911863316506,1279,160.41446172190868,0.3040122985839844
1280,8684.958,2462.1900000000005,8647.0,100,100,1089,4.732556658419819,7.940312213039486,5.447397708892822,-2462.1900000000005,-0.0357181875863009,27.411804019370013,0.4982793140742514,0.019250721654518403,0.1150173611111111,1280,160.42676049793505,0.3040122985839844
1281,8690.634,2415.7566666666667,8724.333333333332,100,100,1086,4.3766758757134,8.033456108041742,5.0404136180877686,-2415.7566666666667,-0.014316372135106255,26.930244894588697,0.5132164736004436,0.010684799967908902,0.06500533661421608,1281,160.30245928349757,0.3040122985839844
1282,8696.183,2415.643333333334,8571.333333333332,100,100,1089,4.235215978979161,7.870829507193142,4.8981733322143555,-2415.643333333334,0.013710046652704477,30.83348646141692,0.5153905484411452,0.000634807899283866,0.10286458333333333,1282,160.32540712996772,0.3040122985839844
1283,8702.28,2590.9433333333327,8795.999999999998,100,100,1086,4.759289318816582,8.099447513812153,5.464860200881958,-2590.9433333333327,-0.006503744489129852,49.02218100603889,0.49713535782168894,0.007592825861031409,0.06958610038546954,1283,160.33786141171038,0.3040122985839844
1284,8708.357,2500.4166666666665,8586.0,100,100,1090,4.713831101480119,7.877064220183486,5.429477214813232,-2500.4166666666665,-0.001077495308385955,24.32770294116603,0.46683797819746864,0.013444342799226029,0.0802951388888889,1284,160.35113482162885,0.3040122985839844
1285,8714.449,2549.423333333333,8725.0,100,100,1081,4.750032191014884,8.07123034227567,5.44230842590332,-2549.423333333333,-0.011918291942599942,37.64293283574722,0.48237956008490396,0.001666033229626277,0.055316369980573654,1285,160.36308924004206,0.3040122985839844
1286,8720.497,2522.0433333333317,8631.333333333328,100,100,1086,4.714534439264006,7.947820748925717,5.405708074569702,-2522.0433333333317,-0.010256179389269912,33.93122162538416,0.45216888539931355,0.01459718107328038,0.061225094777696276,1286,160.37641361110332,0.3040122985839844
1287,8726.686,2537.2866666666664,8764.333333333334,100,100,1089,4.7505259839048195,8.048056320783594,5.480456829071045,-2537.2866666666664,0.0024192326495216954,29.286062174373203,0.48233639366101383,0.005717765017632498,0.06076388888888889,1287,160.38747878770093,0.3040122985839844
1288,8732.774,2564.54,8721.666666666664,100,100,1088,4.717788876458893,8.016237745098037,5.428621292114258,-2564.54,-0.011336954748805831,32.8312572591445,0.4425700753927231,0.005605182848418789,0.06571691176470588,1288,160.4002283663226,0.3040122985839844
1289,8738.897,2586.75,8678.666666666668,100,100,1091,4.723598626139211,7.95478154598228,5.454503297805786,-2586.75,0.007282080232269234,56.080779764387344,0.4034375506970618,0.017568079405464232,0.0837673611111111,1289,160.41268455055823,0.3040122985839844
1290,8752.876,2485.4566666666665,8688.666666666666,100,100,1085,4.777814932210448,8.007987711213516,5.493093252182007,-2485.4566666666665,-0.01862521598334698,28.010861228494083,0.4240020250572878,0.017841143026838407,0.07467454167849877,1290,160.42403003943926,0.3040122985839844
1291,8758.627,2522.0833333333335,8684.666666666668,100,100,1088,4.405305055115605,7.982230392156864,5.089998722076416,-2522.0833333333335,-0.011371118728728855,39.16967638801126,0.4288834324654411,0.02112924137070556,0.05744485294117647,1291,160.29943409213953,0.3040122985839844
1292,8764.16,2551.5699999999993,8805.666666666666,100,100,1087,4.20341582396072,8.100889297761423,4.866379976272583,-2551.5699999999993,-0.01580363977700472,23.26128662333769,0.398518566699589,0.02462799651274348,0.07362424154930255,1292,160.3222641232092,0.3040122985839844
1293,8770.289,2659.576666666667,8962.333333333336,100,100,1088,4.718566451736158,8.237438725490199,5.439428329467773,-2659.576666666667,-0.015960999545367324,38.12474727630615,0.4729490841136259,0.007989393088363987,0.08042279411764706,1293,160.33428407933533,0.3040122985839844
1294,8776.368,2598.5233333333335,8784.666666666666,100,100,1088,4.721809741193497,8.074142156862745,5.436239957809448,-2598.5233333333335,-0.013755391297094962,37.00704125797047,0.45256470143795013,0.0025182337849400938,0.05606617647058824,1294,160.34719778345502,0.3040122985839844
1295,8782.461,2591.033333333333,8771.333333333332,100,100,1086,4.732413904232867,8.076734192756291,5.429003953933716,-2591.033333333333,-0.01344600215773372,40.923374344320855,0.4508830791010576,0.012241619817145607,0.06269271803252838,1295,160.35960862044598,0.3040122985839844
1296,8788.594,2585.333333333333,8668.000000000004,100,100,1084,4.757844374516835,7.996309963099634,5.470573425292969,-2585.333333333333,-0.018081397146863097,28.935878360972684,0.4618492108934066,0.00660164762452683,0.0689031865228625,1296,160.3710453854759,0.3040122985839844
1297,8794.728,2480.4833333333327,8517.999999999998,100,100,1087,4.750238271625482,7.836246550137993,5.460474729537964,-2480.4833333333327,-0.020241142908001646,40.86373519897461,0.46771202806164236,0.03583468552952742,0.06853991637335104,1297,160.3827815520568,0.3040122985839844
1298,8800.801,2567.97,8705.666666666666,100,100,1088,4.73168575348716,8.001531862745097,5.4568932056427,-2567.97,-0.013651234042995116,34.5862418904024,0.4396642218617832,0.009324544575065374,0.08272058823529412,1298,160.39573517886652,0.3040122985839844
1299,8806.846,2536.2066666666674,8602.66666666667,100,100,1084,4.725092898485529,7.936039360393607,5.415625333786011,-2536.2066666666674,-0.01770830592688392,32.9061497519998,0.4053819766815971,0.026802710271166527,0.08609068656668943,1299,160.4087536215091,0.3040122985839844
1300,8820.741,2650.0033333333336,8804.000000000004,100,100,1087,4.744805152491146,8.099356025758974,5.466921329498291,-2650.0033333333336,-0.013460899068912327,36.90797856274773,0.38750363798702464,0.03349343763308271,0.08881156694363146,1300,160.42109960699102,0.3040122985839844
1301,8826.424,2618.793333333333,8830.333333333332,100,100,1086,4.37745976224919,8.131062001227747,5.046528339385986,-2618.793333333333,-0.015984370866242575,32.08481878392837,0.4174829177996692,0.021069929024259394,0.07689456816981821,1301,160.29914166848863,0.3040122985839844
1302,8832.009,2512.296666666666,8646.999999999995,100,100,1090,4.209331286015895,7.933027522935775,4.88962459564209,-2512.296666666666,-0.04015009415646394,29.439428488413494,0.3990819901227951,0.05073870003495055,0.06293402777777778,1302,160.32116179656825,0.3040122985839844
1303,8838.109,2458.116666666667,8376.33333333333,100,100,1088,4.736287778595236,7.698835784313722,5.448680639266968,-2458.116666666667,-0.01683814511360491,30.685869104721966,0.3741589977460749,0.017658504438312614,0.06387867647058823,1303,160.33361259748023,0.3040122985839844
1304,8844.209,2489.423333333333,8481.666666666662,100,100,1082,4.756091218295398,7.838878619839799,5.450706720352173,-2489.423333333333,-0.01737705185352003,21.44178586847642,0.310659074169748,0.0453585263389601,0.10057999478543506,1304,160.3453672816856,0.3040122985839844
1305,8850.229,2616.259999999999,8788.999999999996,100,100,1083,4.7136388733271,8.115420129270541,5.404851198196411,-2616.259999999999,-0.014297838487169322,33.33981267143698,0.3307086229324341,0.008396086419987328,0.07227536159403183,1305,160.35867717382047,0.3040122985839844
1306,8856.38,2543.74,8615.666666666666,100,100,1088,4.787499539281057,7.918811274509803,5.519825220108032,-2543.74,-0.011572758502819958,32.54162160088034,0.3139614173594643,0.020689895229331928,0.07490808823529412,1306,160.37015469597026,0.3040122985839844
1307,8862.434,2500.12,8681.999999999996,100,100,1085,4.710189864138132,8.001843317972346,5.404299020767212,-2500.12,-0.00914685770540553,32.79400208417107,0.30216796214089675,0.02132132539169534,0.07191718862775494,1307,160.3830205712784,0.3040122985839844
1308,8868.632,2577.2433333333333,8626.666666666666,100,100,1090,4.757400828311134,7.914373088685014,5.495239973068237,-2577.2433333333333,-0.003861539117578003,27.36633258395725,0.30188432128893006,0.0181715564976912,0.07552083333333333,1308,160.3938375815578,0.3040122985839844
1309,8874.757,2680.253333333333,8833.999999999998,100,100,1087,4.740577000694516,8.126954921803126,5.469507455825806,-2680.253333333333,-0.011101380702765548,36.700508790857654,0.29680260227007027,0.02006361007635646,0.07036356222541894,1309,160.40563021211398,0.3040122985839844
1310,8888.697,2410.5200000000004,8371.333333333334,100,100,1088,4.738388236386099,7.694240196078432,5.453980207443237,-2410.5200000000004,-0.011509813861373593,28.84234832314884,0.30978514385574,0.02356381781454034,0.06433823529411764,1310,160.4179949447013,0.3040122985839844
1311,8894.446,2488.9,8580.999999999998,100,100,1084,4.434927029993103,7.916051660516604,5.119852304458618,-2488.9,-0.01050899106570903,23.30470505882712,0.3092566049274276,0.04414404135690454,0.06697303955169286,1311,160.29475624749043,0.3040122985839844
1312,8899.94,2630.553333333334,8837.666666666668,100,100,1090,4.1606234876789285,8.107951070336393,4.836382150650024,-2630.553333333334,-0.04433979461383489,28.920794639322494,0.2988205812871456,0.03238077053295759,0.07074652777777778,1312,160.31826674834946,0.3040122985839844
1313,8906.087,2522.8466666666664,8534.33333333333,100,100,1088,4.773381802057402,7.844056372549017,5.511258363723755,-2522.8466666666664,-0.012977858238360462,33.71581952712115,0.2770112406681566,0.033682770236148775,0.06158088235294118,1313,160.32980210299422,0.3040122985839844
1314,8912.173,2535.6733333333336,8653.333333333336,100,100,1088,4.725747244211722,7.953431372549022,5.4497270584106445,-2535.6733333333336,-0.01005575745640432,34.65289334689869,0.2936821790302501,0.04819961692727007,0.06525735294117647,1314,160.3423729107182,0.3040122985839844
1315,8918.266,2540.0399999999995,8781.666666666662,100,100,1088,4.729972057569231,8.071384803921564,5.448382139205933,-2540.0399999999995,-0.013561755966614275,29.834495544433594,0.2717746062313809,0.05535715821657933,0.0666360294117647,1315,160.35483501989805,0.3040122985839844
1316,8924.349,2489.5199999999995,8556.666666666668,100,100,1085,4.736578708819289,7.886328725038403,5.450214147567749,-2489.5199999999995,-0.011753908522865352,29.520805639379166,0.2529434956171933,0.01771068501094466,0.05211095676264342,1316,160.36710184006463,0.3040122985839844
1317,8930.41,2537.946666666667,8599.0,100,100,1087,4.71608859522006,7.910763569457222,5.421737909317017,-2537.946666666667,-0.00912950626190971,28.340339997235468,0.2624921430559719,0.031994863103404096,0.0432568864129922,1317,160.3799825096338,0.3040122985839844
1318,8936.511,2440.086666666667,8516.333333333338,100,100,1087,4.729662923118324,7.8347132781355455,5.449451208114624,-2440.086666666667,-0.0096823752802961,28.60859141630285,0.24940334348117604,0.040983538985635865,0.048275560359744465,1318,160.39211886017316,0.3040122985839844
1319,8942.61,2606.2533333333326,8795.999999999998,100,100,1089,4.690510928404199,8.077134986225893,5.410895347595215,-2606.2533333333326,0.030983435455709696,32.12366210752063,0.23351614260011377,0.037761558843259185,0.06076388888888889,1319,160.40453259583487,0.3040122985839844
1320,8956.515,2511.81,8639.999999999998,100,100,1086,4.725109302232121,7.955801104972374,5.434040546417236,-2511.81,-0.00961600468658349,22.218451668234433,0.2196936506558867,0.07530024325173787,0.07505633287570056,1320,160.41664525702444,0.3040122985839844
1321,8962.317,2436.203333333333,8488.666666666666,100,100,1087,4.432503587571457,7.809260962894817,5.116968393325806,-2436.203333333333,-0.008832613608854659,25.436068618998807,0.21240603726576357,0.08948491351432442,0.05381944474271115,1321,160.29426938001885,0.3040122985839844
1322,8967.797,2529.6866666666656,8564.666666666662,100,100,1086,4.159757918802572,7.886433394720684,4.815045595169067,-2529.6866666666656,-0.009981493109508473,30.690610829521628,0.21612964877310922,0.048030013869078285,0.04007056443130269,1322,160.31741523218687,0.3040122985839844
1323,8973.916,2542.1733333333345,8647.33333333334,100,100,1088,4.758376654375324,7.947916666666672,5.48633074760437,-2542.1733333333345,-0.01145869805751478,26.979082359987146,0.26565003088291955,0.06592458852922872,0.06158088235294118,1323,160.32933977358834,0.3040122985839844
1324,8980.005,2406.233333333333,8401.33333333333,100,100,1086,4.726002394165123,7.736034376918352,5.428326606750488,-2406.233333333333,-0.006688279592815568,23.345305358662326,0.24802959710359573,0.05870895868386416,0.0428427418365198,1324,160.34155094800875,0.3040122985839844
1325,8986.147,2537.086666666665,8732.333333333328,100,100,1086,4.757233241784796,8.040822590546343,5.471617221832275,-2537.086666666665,-0.006850855753702276,31.923178672790527,0.2685500992571606,0.050881175462991986,0.05018085854894975,1325,160.35281303440183,0.3040122985839844
1326,8992.205,2372.0766666666664,8440.0,100,100,1087,4.71217911617647,7.764489420423183,5.412460803985596,-2372.0766666666664,-0.009866623043575707,21.335291021010455,0.27130186075673385,0.05499008814256419,0.040484944084549654,1326,160.36568235529083,0.3040122985839844
1327,8998.32,2474.25,8589.33333333333,100,100,1088,4.740462407426094,7.894607843137252,5.449323892593384,-2474.25,-0.01408778372056344,26.388768308302936,0.2630176588016398,0.04353391845121651,0.03814338235294118,1327,160.3776003106074,0.3040122985839844
1328,9004.41,2579.563333333333,8621.666666666664,100,100,1087,4.731537993862821,7.931616068690584,5.448023319244385,-2579.563333333333,-0.006531025009120212,39.51043353361242,0.2872249089619693,0.029638318386038438,0.048793475965366644,1328,160.38987916308915,0.3040122985839844
1329,9010.553,2526.3999999999996,8677.666666666666,100,100,1088,4.756564522882828,7.975796568627451,5.474861145019531,-2526.3999999999996,-0.008073446176507893,25.32570524776683,0.30353802398723717,0.029855953899266964,0.05238970588235294,1329,160.40125839180845,0.3040122985839844
1330,9024.608,2465.076666666668,8671.666666666668,100,100,1091,4.721855546994857,7.94836541399328,5.449050664901733,-2465.076666666668,-0.04196056883989109,29.888039959801567,0.3169408005972703,0.022399445096703455,0.05700231509076224,1330,160.4131042270187,0.3040122985839844
1331,9030.441,2579.2466666666674,8651.666666666673,100,100,1088,4.4558304245369715,7.951899509803928,5.1479151248931885,-2579.2466666666674,-0.01200448108070037,35.29365214179544,0.28000150314148736,0.01936745345729458,0.051011029411764705,1331,160.28928839538418,0.3040122985839844
1332,9035.936,2519.423333333333,8609.99999999999,100,100,1089,4.14930477450175,7.906336088154261,4.814135313034058,-2519.423333333333,-0.04203782256485687,38.54469124476115,0.33037471880500985,0.0324760936103606,0.057291666666666664,1332,160.31233693249425,0.3040122985839844
1333,9042.073,2557.2600000000007,8607.666666666666,100,100,1086,4.751451750213888,7.9260282381829334,5.465136766433716,-2557.2600000000007,-0.016016649137086728,31.006740289575912,0.26195986963370266,0.03248232444542844,0.07089065453585457,1333,160.32363469854147,0.3040122985839844
1334,9048.18,2481.156666666666,8595.333333333332,100,100,1087,4.7315609939747665,7.907390371051823,5.438191175460815,-2481.156666666666,-0.015985481769723052,42.015636051402375,0.2648509749594857,0.03207333545159439,0.05985936095171115,1334,160.3355601531822,0.3040122985839844
1335,9054.277,2420.4233333333327,8483.999999999996,100,100,1086,4.749167680098893,7.812154696132593,5.450810432434082,-2420.4233333333327,-0.013633704032091534,22.758145612828873,0.2387768187943627,0.027278290123350042,0.06353771335938398,1335,160.34754050761003,0.3040122985839844
1336,9060.37,2516.856666666667,8617.666666666672,100,100,1087,4.738294295221224,7.927936215884702,5.441738128662109,-2516.856666666667,-0.012748844127225526,24.751603911904727,0.24571103076724446,0.01462692005888504,0.06299603193560067,1336,160.35968353316056,0.3040122985839844
1337,9066.505,2469.2733333333344,8538.0,100,100,1088,4.739326655052376,7.8474264705882355,5.455474376678467,-2469.2733333333344,-0.014520707375863019,30.942692027372473,0.25326651247108684,0.033689115347121566,0.07306985294117647,1337,160.37117189388755,0.3040122985839844
1338,9072.66,2558.5999999999995,8667.333333333334,100,100,1088,4.763281431330731,7.966299019607844,5.499490976333618,-2558.5999999999995,-0.01309990236426101,32.88080007889692,0.2235741773072411,0.027118354734471616,0.07720588235294118,1338,160.38228814390635,0.3040122985839844
1339,9078.845,2557.57,8687.33333333333,100,100,1089,4.754734804440731,7.97734925007652,5.492403507232666,-2557.57,0.027342056803819206,30.415281348758274,0.22079416251573195,0.02318519381676904,0.06684027777777778,1339,160.39297649553174,0.3040122985839844
1340,9092.813,2525.86,8616.999999999996,100,100,1083,4.752529916071461,7.956602031394272,5.459280729293823,-2525.86,-0.010490368394290699,39.638100287493536,0.215654413051465,0.03471744388362447,0.07545332764001454,1340,160.40385086579664,0.3040122985839844
1341,9098.498,2573.003333333333,8681.333333333332,100,100,1086,4.375549263970902,7.993861264579495,5.044573545455933,-2573.003333333333,-0.009521724108387442,34.29240125768325,0.2130540092201794,0.04268403607420623,0.07554554062731125,1341,160.28492191968007,0.3040122985839844
1342,9104.022,2478.383333333333,8435.333333333334,100,100,1086,4.198123298715766,7.7673419275629225,4.859383583068848,-2478.383333333333,-0.012362401603775866,32.61238215951359,0.23982464609777226,0.013091407230069093,0.07049039356848773,1342,160.30695149616608,0.3040122985839844
1343,9110.166,2539.7300000000005,8594.666666666668,100,100,1087,4.737076356732,7.906777062250844,5.454194784164429,-2539.7300000000005,-0.012130978462450644,31.521480672499713,0.24868828277377522,0.009823761668111034,0.06765727150966139,1343,160.31815513936712,0.3040122985839844
1344,9116.316,2590.383333333334,8625.333333333332,100,100,1089,4.751104408664727,7.920416284052647,5.479023218154907,-2590.383333333334,-0.044549249216086335,31.077167849159903,0.2667789956008384,0.028004146336267393,0.07421875,1344,160.32945910860852,0.3040122985839844
1345,9122.477,2580.7633333333324,8790.66666666666,100,100,1089,4.756820476438621,8.072237526782976,5.476241588592529,-2580.7633333333324,0.00914859676009251,40.49678270022074,0.2717046497985002,0.038833419950808294,0.08116319444444445,1345,160.34055835240525,0.3040122985839844
1346,9128.632,2483.5766666666664,8466.666666666666,100,100,1089,4.7227887982370875,7.7747168656259555,5.445348501205444,-2483.5766666666664,0.10965402320855194,57.275423526763916,0.26292668624470633,0.021982977545121685,0.0759548611111111,1346,160.35174564833557,0.3040122985839844
1347,9134.771,2531.9266666666667,8679.0,100,100,1090,4.708215047246478,7.962385321100918,5.430184602737427,-2531.9266666666667,-0.015591694093826745,27.521192524168228,0.3244225554235022,0.025188092203784943,0.09027777777777778,1347,160.36328986277968,0.3040122985839844
1348,9140.88,2560.093333333333,8631.666666666672,100,100,1087,4.7265221709651115,7.9408157007053095,5.445823669433594,-2560.093333333333,-0.01114124950425535,36.463608517366296,0.34748802816166596,0.024955784018589732,0.09064250757150791,1348,160.37503888176875,0.3040122985839844
1349,9146.954,2593.8199999999997,8761.0,100,100,1087,4.692752530396485,8.059797608095677,5.404035568237305,-2593.8199999999997,-0.01214269855443169,36.88955508961397,0.3857535491971409,0.02144651548416518,0.10996586172019734,1349,160.38738079397265,0.3040122985839844
1350,9160.893,2529.3433333333332,8707.0,100,100,1089,4.738221673424894,7.995408631772269,5.467194080352783,-2529.3433333333332,0.00653626848038079,26.01684128575855,0.3805152119861709,0.008605346536367305,0.0954861111111111,1350,160.3984564593335,0.3040122985839844
1351,9166.636,2477.913333333333,8599.666666666666,100,100,1086,4.382411973241332,7.91866175567833,5.048920631408691,-2477.913333333333,-0.011212225126869538,29.621121967540066,0.35790223584455605,0.013872740680680555,0.07146880907170913,1351,160.28027608853313,0.3040122985839844
1352,9172.137,2530.253333333333,8671.333333333334,100,100,1087,4.167028335021619,7.977307574363692,4.8262553215026855,-2530.253333333333,-0.009521967457497822,30.735236167907715,0.371196848942953,0.004808815415291225,0.09893645039376091,1352,160.30265618654775,0.3040122985839844
1353,9178.219,2507.78,8520.0,100,100,1086,4.701348617745814,7.845303867403315,5.403274774551392,-2507.78,-0.012295672724790433,37.19024882597082,0.39243364860029784,0.008747096947284745,0.1021554789998952,1353,160.31475583111074,0.3040122985839844
1354,9184.335,2471.2433333333347,8469.000000000005,100,100,1088,4.734338328810683,7.784007352941181,5.459010124206543,-2471.2433333333347,-0.018184420817038593,27.29743284337661,0.413088759078699,0.020092340131454608,0.09512867647058823,1354,160.32647399639743,0.3040122985839844
1355,9190.482,2499.3666666666654,8553.333333333328,100,100,1089,4.7286393940175095,7.8543005815733045,5.454238414764404,-2499.3666666666654,0.013381450126568476,25.10375350051456,0.4130205826626884,0.03250991391380214,0.14366319444444445,1355,160.33772579675798,0.3040122985839844
1356,9196.619,2588.6566666666677,8950.000000000005,100,100,1086,4.741135172967835,8.241252302025787,5.455945730209351,-2588.6566666666677,-0.01299910543157774,32.94372210783117,0.4299226674963446,0.004782398270703305,0.08530004716971341,1356,160.34882145418047,0.3040122985839844
1357,9202.716,2543.0699999999997,8727.666666666666,100,100,1088,4.72471654532402,8.021752450980392,5.4361488819122314,-2543.0699999999997,-0.012318505576866515,38.716140017789954,0.4414320912431268,0.02172621981213417,0.11029411764705882,1357,160.36080365583828,0.3040122985839844
1358,9208.779,2577.1866666666665,8762.333333333338,100,100,1088,4.71773602968075,8.053615196078436,5.42754864692688,-2577.1866666666665,-0.012822981348589939,24.81988581489114,0.5006959762643365,0.010515395243761732,0.06387867647058823,1358,160.37337356921196,0.3040122985839844
1359,9214.892,2659.1366666666663,8867.666666666666,100,100,1086,4.734468968044006,8.165438919582565,5.452359199523926,-2659.1366666666663,-0.015737402581555003,37.65478655871223,0.4638107401483199,0.009281491496949457,0.06586515640511233,1359,160.38484010114627,0.3040122985839844
1360,9228.822,2488.0433333333326,8627.333333333338,100,100,1083,4.762990486942273,7.966143428747311,5.452872037887573,-2488.0433333333326,-0.013905895216500057,24.755489910350125,0.4570608252988142,0.014682365629328963,0.06878583001739838,1360,160.39618820635926,0.3040122985839844
1361,9234.66,2557.0566666666664,8616.666666666673,100,100,1090,4.455147064803596,7.905198776758416,5.157355785369873,-2557.0566666666664,-0.04463402797571487,27.05048046509425,0.42670999136235976,0.011668366544957584,0.07291666666666667,1361,160.27682679010212,0.3040122985839844
1362,9240.173,2575.7099999999996,8744.999999999998,100,100,1088,4.201324355509475,8.03768382352941,4.866864442825317,-2575.7099999999996,-0.013624053612789688,46.048533607931695,0.45963789960917306,0.016291315468740377,0.07996323529411764,1362,160.29894977249887,0.3040122985839844
1363,9246.262,2595.2433333333324,8712.33333333333,100,100,1086,4.724739225427783,8.022406384284835,5.4341840744018555,-2595.2433333333324,-0.018108547610395095,26.28248960831586,0.46531766127137575,0.021301795271403322,0.07963709664695404,1363,160.31083113314577,0.3040122985839844
1364,9252.392,2445.7566666666667,8434.333333333334,100,100,1084,4.765912639346606,7.780750307503076,5.476834535598755,-2445.7566666666667,-0.015865294262766838,29.373537512386548,0.45093758228947134,0.01818640500320779,0.06060049074756749,1364,160.32180887458767,0.3040122985839844
1365,9258.48,2679.3433333333332,8864.333333333338,100,100,1086,4.709830661248553,8.162369551872318,5.425330877304077,-2679.3433333333332,-0.011802891214542529,36.59748677646412,0.4543104022741318,0.008948684974765295,0.05621442111099467,1365,160.3336551282123,0.3040122985839844
1366,9264.679,2493.4433333333336,8657.999999999998,100,100,1085,4.799276311594289,7.979723502304146,5.526003837585449,-2493.4433333333336,-0.01510921323343235,24.86064686494715,0.45964228843941407,0.008465679628630717,0.07285890761105453,1366,160.3434998234347,0.3040122985839844
1367,9270.803,2457.843333333333,8572.666666666664,100,100,1087,4.745387027863492,7.886537871818458,5.466695547103882,-2457.843333333333,-0.013179260990856326,32.22555811264936,0.45722703460384817,0.019869976759176042,0.06854721093002487,1367,160.35482223585913,0.3040122985839844
1368,9276.885,2595.2633333333333,8754.666666666668,100,100,1087,4.71985823279478,8.053971174486355,5.441735029220581,-2595.2633333333333,-0.017558062120395547,32.05774060417624,0.41724736287313346,0.012495831000919947,0.07955473869600717,1368,160.36686506895916,0.3040122985839844
1369,9282.998,2491.7199999999993,8603.666666666662,100,100,1089,4.74308209050758,7.900520355065805,5.470118522644043,-2491.7199999999993,-0.03390130493789911,24.593052804470062,0.403551123622391,0.018488305297473237,0.10460069444444445,1369,160.37856988250184,0.3040122985839844
1370,9296.99,2536.51,8588.666666666664,100,100,1089,4.738434892309414,7.886746250382612,5.466972827911377,-2536.51,-0.029786868538293574,25.78422654999627,0.38092683172888225,0.036249289004546076,0.14453125,1370,160.38969864156843,0.3040122985839844
1371,9302.719,2523.75,8576.999999999998,100,100,1086,4.388981584535009,7.897790055248617,5.059840440750122,-2523.75,-0.016394302385913974,30.78546490388758,0.42570677925558653,0.020602714482640082,0.08565583474495832,1371,160.2723834563424,0.3040122985839844
1372,9308.236,2489.3033333333333,8522.33333333333,100,100,1087,4.206399818759826,7.84023305734437,4.875826597213745,-2489.3033333333333,-0.013572383617215297,27.076980422524844,0.40477825701236725,0.016760197810499984,0.06812412488986463,1372,160.29417271955077,0.3040122985839844
1373,9314.347,2536.89,8604.666666666668,100,100,1088,4.741584006136263,7.908700980392158,5.456907272338867,-2536.89,-0.014198199681499424,29.2873877918019,0.40850093785454245,0.009610077701782918,0.08134191176470588,1373,160.30581813452758,0.3040122985839844
1374,9320.47,2548.016666666667,8690.999999999996,100,100,1088,4.74437288914273,7.988051470588232,5.468494415283203,-2548.016666666667,-0.01816109792493722,25.43506712072036,0.4069291055202484,0.016231345834539217,0.08547794117647059,1374,160.3172587379675,0.3040122985839844
1375,9326.63,2463.3899999999994,8525.999999999998,100,100,1088,4.754610109504189,7.836397058823528,5.476796865463257,-2463.3899999999994,-0.017520906513228136,25.84459582497092,0.35348345777567697,0.025081912322682056,0.10248161764705882,1375,160.32800316153188,0.3040122985839844
1376,9332.76,2509.8133333333335,8731.333333333332,100,100,1089,4.737730580574471,8.017753290480561,5.455523729324341,-2509.8133333333335,-0.09634514577272865,25.181931283738876,0.39787109734283554,0.020006567103943478,0.10199652777777778,1376,160.33938127939507,0.3040122985839844
1377,9338.895,2443.119999999999,8541.999999999993,100,100,1089,4.732736822301513,7.84389348025711,5.44584059715271,-2443.119999999999,-0.09868691199355656,26.59422908888923,0.35817469540052116,0.004389821280104418,0.1189236111111111,1377,160.35065474274336,0.3040122985839844
1378,9344.97,2423.78,8481.66666666667,100,100,1087,4.72278978854243,7.802821220484517,5.417736768722534,-2423.78,-0.015295721261816867,23.089044402627383,0.3599473492187612,0.014639089904342066,0.07639618398731246,1378,160.36274545737012,0.3040122985839844
1379,9351.079,2485.626666666667,8628.333333333334,100,100,1086,4.740181491254875,7.945058317986495,5.444494009017944,-2485.626666666667,-0.01480638186502106,22.27910016564762,0.3300434911952299,0.01529857907542678,0.07637571149012622,1379,160.3741366640969,0.3040122985839844
1380,9365.002,2306.6466666666665,8374.0,100,100,1085,4.729769123967068,7.717972350230415,5.416406154632568,-2306.6466666666665,-0.01623740666272009,27.455653190612793,0.3303818378378363,0.01474762280293576,0.07612102182910722,1380,160.3857425335144,0.3040122985839844
1381,9370.741,2531.913333333333,8599.999999999996,100,100,1087,4.393345906837006,7.9116835326586905,5.070095539093018,-2531.913333333333,-0.016442918930860126,26.79297910017126,0.3069257249726969,0.007247961448122035,0.08513509635539616,1381,160.26938981629542,0.3040122985839844
1382,9376.242,2486.483333333333,8578.666666666668,100,100,1085,4.19903096811597,7.906605222734256,4.861470460891724,-2486.483333333333,-0.010412646839273187,30.28471026701086,0.34303618441609773,0.018208575506886357,0.11249397245838362,1382,160.29108500217507,0.3040122985839844
1383,9382.238,2442.6133333333332,8479.333333333334,100,100,1088,4.6418348379922785,7.793504901960785,5.339848041534424,-2442.6133333333332,-0.013574632377747227,27.20053549373851,0.3248405263704412,0.010657773329191567,0.07536764705882353,1383,160.3046328705909,0.3040122985839844
1384,9388.317,2492.9666666666667,8519.666666666666,100,100,1085,4.7122966826459916,7.852227342549923,5.419819355010986,-2492.9666666666667,-0.015944411375505084,28.61015443240895,0.2873814044629826,0.02081492408315706,0.08760999252690989,1384,160.31638490595856,0.3040122985839844
1385,9394.428,2530.9733333333334,8691.666666666666,100,100,1091,4.705455823648656,7.966697219676138,5.427343130111694,-2530.9733333333334,0.03013944398197863,29.048567665947807,0.29947522572345203,0.018138253446927086,0.08333333333333333,1385,160.32822268139697,0.3040122985839844
1386,9400.546,2542.130000000002,8638.33333333334,100,100,1088,4.734594024151139,7.939644607843142,5.452110052108765,-2542.130000000002,-0.014297230552662821,37.274719069985785,0.28359899012481465,0.0137977469335858,0.0822610294117647,1386,160.33962924720714,0.3040122985839844
1387,9406.61,2556.8366666666666,8700.333333333332,100,100,1086,4.69426915193625,8.01135666052793,5.388622283935547,-2556.8366666666666,-0.01116901362205253,24.24895466075224,0.2507980483419755,0.007108518679160625,0.06719935948357862,1387,160.35171640016858,0.3040122985839844
1388,9412.71,2574.2700000000004,8757.333333333336,100,100,1086,4.729448987147899,8.063842848373238,5.433044910430908,-2574.2700000000004,-0.013232653577099828,25.184879920061896,0.28601039244848137,0.011178925345067162,0.07133538889534333,1388,160.3631783656143,0.3040122985839844
1389,9418.757,2533.9300000000007,8600.33333333333,100,100,1083,4.704708406432521,7.941212680824866,5.390279293060303,-2533.9300000000007,-0.014249039156471981,26.32018902722527,0.29828964086139903,0.015319641427006847,0.07805489781586562,1389,160.37518886077928,0.3040122985839844
1390,9432.735,2512.676666666666,8626.666666666664,100,100,1087,4.729075066547365,7.936215884697943,5.4376630783081055,-2512.676666666666,-0.012832930037642227,29.97957420349121,0.2833526677945081,0.017424609306651878,0.08050303473411237,1390,160.38680500129823,0.3040122985839844
1391,9438.44,2527.6799999999994,8540.000000000002,100,100,1088,4.373494118280017,7.849264705882355,5.041618824005127,-2527.6799999999994,-0.017685131608125043,23.03680145039278,0.3129165496896295,0.018750247869962443,0.08272058823529412,1391,160.2711853921205,0.3040122985839844
1392,9444.017,2467.8033333333333,8446.333333333332,100,100,1090,4.204234679511518,7.748929663608561,4.874561786651611,-2467.8033333333333,0.054671303938246436,32.1865127881368,0.3171737906005647,0.009155262863108268,0.0802951388888889,1392,160.29195593183155,0.3040122985839844
1393,9450.102,2475.7133333333327,8598.000000000002,100,100,1089,4.6698410459302355,7.895316804407715,5.38071608543396,-2475.7133333333327,-0.022068002571662266,27.746718506018322,0.37024220989810097,-0.00870652182169983,0.15755208333333334,1393,160.30398061518608,0.3040122985839844
1394,9456.192,2734.51,8956.333333333332,100,100,1088,4.714053951936555,8.231924019607842,5.437872648239136,-2734.51,-0.015958960661116767,33.21478793200325,0.36867274957544666,0.012267902931746314,0.09329044117647059,1394,160.315809298563,0.3040122985839844
1395,9462.276,2532.0533333333346,8690.333333333338,100,100,1087,4.73481389071035,7.994786875191663,5.445188760757446,-2532.0533333333346,-0.014834858860601397,27.325594565447638,0.34124841716359644,0.01576246279428768,0.11038894754122286,1395,160.32761032388942,0.3040122985839844
1396,9468.381,2497.336666666667,8653.000000000002,100,100,1086,4.737222928023841,7.9677716390423585,5.445499897003174,-2497.336666666667,-0.016221336198641974,32.13544873630299,0.3503350159701179,0.015765976807896924,0.08476636602598078,1396,160.3389320174285,0.3040122985839844
1397,9474.472,2495.9899999999993,8656.333333333334,100,100,1088,4.7176079033841445,7.956188725490197,5.426903486251831,-2495.9899999999993,-0.017687280936276212,31.685421102187213,0.3549618545700522,0.016999352302210516,0.09145220588235294,1397,160.35067099866842,0.3040122985839844
1398,9480.635,2513.066666666667,8477.000000000002,100,100,1088,4.75652545944339,7.7913602941176485,5.482468128204346,-2513.066666666667,-0.014383755624294281,35.73181326249067,0.33604252601371093,0.017377647204899833,0.07536764705882353,1398,160.36119101419294,0.3040122985839844
1399,9486.748,2455.056666666666,8464.333333333332,100,100,1089,4.7227933887850675,7.772574227119681,5.432521104812622,-2455.056666666666,0.0032506619269649186,28.554688036441803,0.3208736102614138,0.017276800657984696,0.07769097222222222,1399,160.3726545442832,0.3040122985839844
1400,9500.66,2499.533333333333,8592.666666666664,100,100,1087,4.761619778245469,7.904937135847897,5.482873201370239,-2499.533333333333,-0.014108235235599911,35.017119239358344,0.3678405670558705,0.014235441932482096,0.06948821213753785,1400,160.38383210763885,0.3040122985839844
1401,9506.43,2544.16,8633.333333333334,100,100,1089,4.402168776285796,7.927762473217019,5.089833498001099,-2544.16,-0.006517989560961723,28.746831860807205,0.3845672933449451,0.0060665732340162825,0.06380208333333333,1401,160.26952703399994,0.3040122985839844
1402,9511.937,2564.036666666666,8683.000000000002,100,100,1087,4.188959061068747,7.988040478380866,4.849074125289917,-2564.036666666666,-0.01707295687211787,29.4728447970222,0.3568481469855589,0.014328522987745921,0.06855450537713136,1402,160.29102249220688,0.3040122985839844
1403,9518.054,2466.5000000000005,8648.000000000002,100,100,1088,4.736219113564242,7.948529411764707,5.454933404922485,-2466.5000000000005,-0.012081681422012694,33.6744233860689,0.31250356619848924,0.01389732664820793,0.07536764705882353,1403,160.30230001289135,0.3040122985839844
1404,9524.142,2493.1033333333335,8559.666666666666,100,100,1087,4.708363754047627,7.874578350199325,5.411832571029663,-2493.1033333333335,-0.016109292450196603,34.91591375014361,0.30469217764980655,0.0030237813788356587,0.0635358316495138,1404,160.31397518614463,0.3040122985839844
1405,9530.254,2492.5266666666676,8685.333333333338,100,100,1085,4.73789124296815,8.004915514592938,5.434734582901001,-2492.5266666666676,-0.015473789206760772,33.16970561532413,0.3322370648384094,0.009234449182472685,0.08250964290517218,1405,160.32500100007672,0.3040122985839844
1406,9536.396,2498.8066666666664,8548.0,100,100,1088,4.741148437032654,7.856617647058823,5.4612836837768555,-2498.8066666666664,-0.014309095985749188,28.822386180653293,0.3153667410506922,0.008834758646544823,0.0739889705882353,1406,160.33582773486552,0.3040122985839844
1407,9542.471,2629.6066666666675,8827.000000000004,100,100,1085,4.707604149047474,8.135483870967745,5.406024932861328,-2629.6066666666675,-0.013964891817201586,36.75977420806885,0.33166668607908134,0.008265728254199904,0.06596552525811336,1407,160.3474655924539,0.3040122985839844
1408,9548.61,2536.919999999999,8552.666666666666,100,100,1085,4.75631742115875,7.882642089093701,5.4703285694122314,-2536.919999999999,-0.015654374160529935,35.545953918905816,0.32312030389028434,0.010678378337829867,0.06780376044266365,1408,160.35799958834812,0.3040122985839844
1409,9554.719,2466.673333333333,8629.666666666666,100,100,1089,4.71156124930822,7.9243954698500145,5.422781467437744,-2466.673333333333,0.003954470519804292,31.000208165910507,0.317824380679263,0.009934711852110922,0.07074652777777778,1409,160.36944117832115,0.3040122985839844
1410,9568.648,2506.0599999999995,8689.333333333336,100,100,1090,4.741504037680121,7.971865443425079,5.472834348678589,-2506.0599999999995,-0.018168927170336246,28.26004123687744,0.3297698154217667,0.028731220181927912,0.06510416666666667,1410,160.38003964740835,0.3040122985839844
1411,9574.459,2467.0666666666666,8488.66666666666,100,100,1085,4.454656590574554,7.823655913978489,5.135420083999634,-2467.0666666666666,-0.015634102527709567,34.01844378078685,0.35547878023456125,0.010268705099245863,0.06828592049286646,1411,160.26597400763038,0.3040122985839844
1412,9579.989,2530.3499999999995,8832.333333333334,100,100,1085,4.206316869208066,8.140399385560677,4.854178190231323,-2530.3499999999995,-0.014265654416864408,27.76104517544017,0.3619649375186247,0.006675204570295618,0.056292188518187576,1412,160.28671625680033,0.3040122985839844
1413,9586.149,2376.8366666666675,8252.333333333338,100,100,1088,4.774936398890157,7.584865196078435,5.501969337463379,-2376.8366666666675,-0.016761917237411526,32.29506195292753,0.37357740454814015,0.005770449701230973,0.06066176470588235,1413,160.29721825422564,0.3040122985839844
1414,9592.227,2441.7799999999997,8597.666666666666,100,100,1087,4.734278657827475,7.909536951855259,5.436182498931885,-2441.7799999999997,-0.01496000582461848,26.680161083445828,0.35707749952288237,0.013504628636463381,0.08142944710219607,1414,160.30897216061484,0.3040122985839844
1415,9598.316,2539.503333333334,8683.666666666666,100,100,1085,4.724027190898215,8.003379416282641,5.4273834228515625,-2539.503333333334,-0.014177970588207245,33.6617275686825,0.3494662633713554,0.015558139523765183,0.07023716192035113,1415,160.32033228520626,0.3040122985839844
1416,9604.387,2466.390000000001,8498.66666666667,100,100,1088,4.720958456720623,7.8112745098039245,5.430233716964722,-2466.390000000001,-0.012453675379647929,30.578556790071374,0.36367138781968283,0.004410142934990718,0.06433823529411764,1416,160.33225821144293,0.3040122985839844
1417,9610.498,2435.2866666666673,8456.333333333332,100,100,1089,4.7115276392747685,7.76522803795531,5.4361889362335205,-2435.2866666666673,-0.0032246635398930973,27.322691801521515,0.3671422199242645,0.020648449196920007,0.09288194444444445,1417,160.34362218294606,0.3040122985839844
1418,9616.62,2460.359999999999,8567.666666666662,100,100,1090,4.697788714264614,7.860244648318039,5.432970762252808,-2460.359999999999,0.005086233787652519,21.45717465877533,0.3687554895877838,0.008754521230002865,0.07378472222222222,1418,160.35487906241138,0.3040122985839844
1419,9622.697,2452.5399999999995,8623.999999999993,100,100,1087,4.720191721459157,7.933762649494014,5.43398904800415,-2452.5399999999995,-0.011611263558734208,33.64226122463451,0.35799187860068155,0.013832928421085371,0.06120885886690196,1419,160.36657098322394,0.3040122985839844
1420,9636.587,2455.8299999999986,8545.666666666666,100,100,1087,4.720767526420411,7.861698865378718,5.443300724029541,-2455.8299999999986,-0.012320421663496424,31.526766159955194,0.3659820232321234,0.012810529769494143,0.06576797409969218,1420,160.37783445773204,0.3040122985839844
1421,9642.262,2483.8333333333326,8529.333333333334,100,100,1087,4.359254922067512,7.8466727997546775,5.025117874145508,-2483.8333333333326,-0.015308535055202596,29.87800693511963,0.3378748069791233,0.0071331115528557665,0.07406191664802678,1421,160.26664008679947,0.3040122985839844
1422,9647.741,2529.070000000001,8648.333333333332,100,100,1088,4.172398527717793,7.948835784313724,4.840845108032227,-2529.070000000001,-0.013575740596827339,25.304226370418775,0.3293382902355755,0.0059503347934771545,0.05514705882352941,1422,160.288396856532,0.3040122985839844
1423,9653.789,2417.869999999999,8531.999999999995,100,100,1088,4.698167830343557,7.841911764705877,5.408129692077637,-2417.869999999999,-0.015143798718995908,22.377716569339526,0.30680785152842016,0.009874581941403449,0.0625,1423,160.30067960952815,0.3040122985839844
1424,9659.885,2444.0133333333342,8508.999999999996,100,100,1086,4.730629004258491,7.835174953959481,5.4478583335876465,-2444.0133333333342,-0.012831306249341545,25.524078256943646,0.31043853654580955,0.010320268133107354,0.06587998086915296,1424,160.3119448586002,0.3040122985839844
1425,9666.023,2359.9366666666665,8358.333333333328,100,100,1090,4.7295886233936,7.66819571865443,5.452289819717407,-2359.9366666666665,-0.02354833312953512,26.829760816362167,0.3222268861201074,0.012369892045777911,0.0546875,1425,160.32292709815243,0.3040122985839844
1426,9672.156,2524.4633333333327,8765.999999999998,100,100,1088,4.740622884984238,8.056985294117645,5.465629816055298,-2524.4633333333327,-0.01420799840022536,27.99341246661018,0.31093015784726424,0.01141315808191019,0.06847426470588236,1426,160.33374094944523,0.3040122985839844
1427,9678.229,2455.85,8509.999999999998,100,100,1087,4.714657590560026,7.828886844526218,5.416902780532837,-2455.85,-0.012897496385609402,22.8377683022443,0.30758829809287014,0.007838376482729526,0.06851803231984377,1427,160.34545620827117,0.3040122985839844
1428,9684.375,2526.0500000000006,8694.66666666667,100,100,1087,4.77119310002469,7.99877338239804,5.498025178909302,-2526.0500000000006,-0.01555033482830314,34.19719471650965,0.3316597364404622,0.011712905978236128,0.06487803473411237,1428,160.35593152729749,0.3040122985839844
1429,9690.462,2540.976666666667,8748.666666666668,100,100,1088,4.709933179636958,8.04105392156863,5.421206474304199,-2540.976666666667,-0.0166232993497568,35.6861457824707,0.31341566496035633,0.01217436304603539,0.06755514705882353,1429,160.36748690698195,0.3040122985839844
1430,9704.46,2521.2866666666673,8584.66666666667,100,100,1087,4.737345077566076,7.897577430236127,5.4574151039123535,-2521.2866666666673,-0.012432962546453756,29.43956459269804,0.29941162335522037,0.011168225942289127,0.07079394265790195,1430,160.3781761502698,0.3040122985839844
1431,9710.215,2510.0933333333332,8671.666666666664,100,100,1087,4.400018672972897,7.977614228764181,5.074148178100586,-2510.0933333333332,-0.014937257010708837,26.309289904201734,0.30656808351769166,0.008144170408794546,0.06581174165886991,1431,160.26513851480644,0.3040122985839844
1432,9715.75,2480.7500000000005,8507.66666666667,100,100,1090,4.1854731188531655,7.805198776758413,4.855068922042847,-2480.7500000000005,-0.04355326801952389,34.84802248742845,0.30634217916263473,0.019394436547170497,0.09331597222222222,1432,160.28603847784242,0.3040122985839844
1433,9721.837,2543.0233333333317,8690.666666666662,100,100,1087,4.7175393754911115,7.995093529592146,5.427971839904785,-2543.0233333333317,-0.014534051146577387,29.131707752452176,0.2939431965351105,0.010108462380765773,0.060282446498818254,1433,160.2974820569198,0.3040122985839844
1434,9727.945,2454.7400000000002,8576.66666666667,100,100,1086,4.733183056512302,7.897483118477596,5.436906814575195,-2454.7400000000002,-0.014765567420160068,28.416320520288803,0.269150130888995,0.018332522085984237,0.07182459664695404,1434,160.30846828950973,0.3040122985839844
1435,9734.058,2388.2999999999993,8386.33333333333,100,100,1089,4.704217906892505,7.700948882767062,5.419155836105347,-2388.2999999999993,-0.07404775783005688,23.12796514895227,0.2539108744542268,0.011903744608086223,0.059027777777777776,1435,160.31967015216156,0.3040122985839844
1436,9740.199,2582.08,8702.000000000004,100,100,1091,4.7024387720499385,7.9761686526122855,5.439730882644653,-2582.08,-0.0012758044112059805,31.051606867048477,0.2870313934981823,0.01006387659516703,0.05946180555555555,1436,160.3306126135589,0.3040122985839844
1437,9746.316,2513.320000000001,8721.333333333334,100,100,1089,4.713703858019584,8.0085705540251,5.428637504577637,-2513.320000000001,-0.057331375725981265,26.388392044076074,0.26891172904935146,0.01109360249635453,0.06510416666666667,1437,160.34171880407717,0.3040122985839844
1438,9752.48,2449.723333333333,8491.333333333328,100,100,1090,4.73897642137722,7.790214067278283,5.4638566970825195,-2449.723333333333,0.016481749351239867,31.133829010857475,0.2919851148294078,0.01414765698912864,0.053385416666666664,1438,160.35213183408825,0.3040122985839844
1439,9758.49,2374.730000000001,8382.999999999996,100,100,1082,4.672879295388337,7.747689463955634,5.342873573303223,-2374.730000000001,-0.011704826672725818,23.186813803280103,0.2840081974864006,0.013794947439558147,0.06619231731576078,1439,160.36426427038597,0.3040122985839844
1440,9772.447,2492.3266666666664,8618.666666666666,100,100,1088,4.767741082533201,7.92156862745098,5.481452465057373,-2492.3266666666664,-0.01351893863038105,30.177077181199017,0.2943154564675163,0.01165598739445319,0.0739889705882353,1440,160.37453172089909,0.3040122985839844
1441,9778.254,2515.4866666666658,8625.0,100,100,1090,4.410598992152191,7.912844036697248,5.098875284194946,-2515.4866666666658,0.015255733082691828,25.323701593610977,0.2768716476857662,0.007112530816812068,0.07291666666666667,1441,160.26287288130308,0.3040122985839844
1442,9783.754,2433.7166666666662,8537.333333333334,100,100,1088,4.180240809706875,7.846813725490197,4.833951234817505,-2433.7166666666662,-0.011137258371009547,24.406998017255,0.28327079073471184,0.007419014329035931,0.07169117647058823,1442,160.28397345411108,0.3040122985839844
1443,9789.838,2538.0366666666664,8770.66666666666,100,100,1089,4.694885580695283,8.053872053872048,5.4160473346710205,-2538.0366666666664,-0.02458795661934548,26.785834815767075,0.2775806151427484,0.017167712594123766,0.07291666666666667,1443,160.29560954127527,0.3040122985839844
1444,9795.977,2562.4466666666667,8675.999999999996,100,100,1090,4.717746789785051,7.959633027522933,5.43355131149292,-2562.4466666666667,0.06829795934673813,28.56112965610292,0.3050103311737378,-0.023228874468865495,0.09678819444444445,1444,160.30641603748964,0.3040122985839844
1445,9802.049,2514.3833333333328,8530.999999999998,100,100,1089,4.682211663434582,7.833792470156105,5.392556428909302,-2514.3833333333328,0.02157696367551883,34.93464549382528,0.3130582126064433,0.013431712677023219,0.08159722222222222,1445,160.31821988786987,0.3040122985839844
1446,9808.153,2408.5133333333342,8422.000000000002,100,100,1085,4.736571244719494,7.762211981566822,5.432836294174194,-2408.5133333333342,-0.012482114793623196,27.622069078333237,0.33519790759857965,0.00921014610075337,0.07609842060243382,1446,160.32906058431809,0.3040122985839844
1447,9814.301,2439.686666666667,8438.333333333332,100,100,1089,4.747007806833296,7.7486991123354745,5.463799953460693,-2439.686666666667,-0.02763916277844045,24.07884430885315,0.3582328060227964,0.0013215447704876876,0.10894097222222222,1447,160.339597000923,0.3040122985839844
1448,9820.398,2460.2966666666675,8571.000000000005,100,100,1085,4.728174195109871,7.899539170506918,5.428284406661987,-2460.2966666666675,-0.011607075657914667,28.550306797027588,0.3555905284250484,0.012654347579775597,0.05493611360297484,1448,160.35053066694363,0.3040122985839844
1449,9826.504,2424.0099999999998,8482.0,100,100,1086,4.736600642891783,7.810313075506445,5.43207859992981,-2424.0099999999998,-0.011336870655855712,28.500863299650305,0.34552714754553404,0.01445620266809676,0.0995908440912471,1449,160.36141249565614,0.3040122985839844
1450,9840.482,2580.8399999999992,8666.666666666664,100,100,1084,4.749205901748861,7.995079950799505,5.446996450424194,-2580.8399999999992,-0.008797095759826548,36.85716948789709,0.3546511263531797,0.011406027095611481,0.06553308846538558,1450,160.37185054071767,0.3040122985839844
1451,9846.212,2501.0900000000006,8702.0,100,100,1087,4.377447286314008,8.005519779208832,5.04573655128479,-2501.0900000000006,-0.02047640974770355,31.46321178885067,0.3683448035050841,0.008744404582745013,0.09249533208854058,1451,160.26091984101177,0.3040122985839844
1452,9851.686,2528.886666666667,8705.666666666666,100,100,1085,4.159865808063766,8.023655913978494,4.802010774612427,-2528.886666666667,-0.014269934364539735,26.168928258559284,0.353692567523788,0.019203214351471293,0.07106587466071634,1452,160.28200012278444,0.3040122985839844
1453,9857.806,2418.936666666668,8539.000000000002,100,100,1089,4.733626814016044,7.841138659320479,5.448879718780518,-2418.936666666668,-0.047316668865581356,26.127595954471165,0.3693116584585773,0.011887039167858247,0.08550347222222222,1453,160.29298323452312,0.3040122985839844
1454,9863.884,2312.5799999999995,8358.33333333333,100,100,1084,4.712478689440419,7.710639606396061,5.391174554824829,-2312.5799999999995,-0.015929223613484818,27.26829007092644,0.3133850023150444,0.001496875857222168,0.06881127468145945,1454,160.30410323436362,0.3040122985839844
1455,9869.96,2423.5599999999995,8460.333333333332,100,100,1087,4.733831923293925,7.783195338853111,5.435881853103638,-2423.5599999999995,-0.01199353436994202,22.697829807505887,0.3143296232994865,0.009176972322165966,0.06668709163718364,1455,160.31553565320445,0.3040122985839844
1456,9876.094,2415.2599999999993,8479.333333333332,100,100,1090,4.735871833864463,7.7792048929663595,5.463469505310059,-2415.2599999999993,-0.00019451458421018388,26.68654704093933,0.2879325604428434,0.0190200547933475,0.0837673611111111,1456,160.32633303489652,0.3040122985839844
1457,9882.222,2446.1899999999996,8471.33333333333,100,100,1091,4.717650779225888,7.7647418270699635,5.445331811904907,-2446.1899999999996,-0.02112252115168505,29.89476972156101,0.27518831110662884,0.005831745199328806,0.07523148175742891,1457,160.33731563520536,0.3040122985839844
1458,9888.298,2454.98,8554.333333333332,100,100,1087,4.7272853718225765,7.869671879791474,5.440090656280518,-2454.98,-0.016209644046338165,25.276155583998737,0.3162091545322362,0.0087714535629322,0.07549165561795235,1458,160.3487208613697,0.3040122985839844
1459,9894.404,2438.123333333335,8492.000000000002,100,100,1088,4.736277666726143,7.805147058823531,5.452842712402344,-2438.123333333335,-0.015878253068555805,31.70848756677964,0.2922879286548671,0.007096689208136762,0.07628676470588236,1459,160.3597285365081,0.3040122985839844
1460,9908.2,2436.4733333333324,8592.0,100,100,1086,4.671805984924614,7.911602209944752,5.364133596420288,-2436.4733333333324,-0.017484864658292604,29.23112190470976,0.2813882433316287,0.01464117330718128,0.09072580626782249,1460,160.37139260405067,0.3040122985839844
1461,9913.968,2501.073333333334,8515.666666666666,100,100,1089,4.366679246006303,7.8197122742577285,5.04579496383667,-2501.073333333334,-0.005320558997078074,23.343966272142197,0.2656780767894007,0.017973633052962314,0.07725694444444445,1461,160.2626708441428,0.3040122985839844
1462,9919.531,2417.6533333333346,8402.666666666668,100,100,1089,4.185311294962969,7.71594735231099,4.851445198059082,-2417.6533333333346,-0.061238789930939674,35.78678069512049,0.2206790883230888,0.020387366724510986,0.07855902777777778,1462,160.28257086996484,0.3040122985839844
1463,9925.668,2439.026666666666,8566.333333333336,100,100,1087,4.741912329095658,7.880711438209141,5.449208498001099,-2439.026666666666,-0.013827324995551915,26.436318958506863,0.26542647884172554,0.01764998395297238,0.07680468047585558,1463,160.29298265623083,0.3040122985839844
1464,9931.84,2463.849999999999,8535.333333333336,100,100,1089,4.743177408892986,7.8377716559534765,5.46744179725647,-2463.849999999999,0.012786343641993072,28.583318731437128,0.2531919496353415,0.019685283133488458,0.07899305555555555,1464,160.3030300173491,0.3040122985839844
1465,9937.896,2467.3566666666666,8492.999999999998,100,100,1084,4.702123710984447,7.834870848708485,5.386504173278809,-2467.3566666666666,-0.014110431842067662,37.052981713238886,0.2651022343951113,0.018589765127912602,0.08403799047364909,1465,160.31441515468893,0.3040122985839844
1466,9944.062,2548.3466666666677,8600.000000000005,100,100,1089,4.7331949491977445,7.897153351698811,5.459996461868286,-2548.3466666666677,-0.04890551032601959,29.18893537670374,0.26792435016896987,0.010681402326251069,0.0802951388888889,1466,160.32452833813647,0.3040122985839844
1467,9950.193,2413.8099999999995,8453.666666666664,100,100,1089,4.714286317976142,7.762779308233852,5.42098331451416,-2413.8099999999995,0.012889803801145818,25.715419599165518,0.27273782942858005,0.017636056581977755,0.0720486111111111,1467,160.3351873994395,0.3040122985839844
1468,9956.263,2583.0366666666664,8731.666666666666,100,100,1086,4.703528269427326,8.040208717004296,5.406761169433594,-2583.0366666666664,-0.0149683903574067,41.11068989248837,0.26206739422153025,0.01501135854221716,0.07788780813708025,1468,160.34650344577827,0.3040122985839844
1469,9962.367,2503.62,8548.33333333333,100,100,1085,4.742404240964642,7.87864823348694,5.455552816390991,-2503.62,-0.014868664938737364,31.999213302836697,0.2480336936081157,0.011382206438985817,0.0659203229143339,1469,160.35717781249582,0.3040122985839844
1470,9976.475,2321.45,8345.333333333332,100,100,1088,4.750214335324606,7.670343137254901,5.473986864089966,-2321.45,-0.012789333348765093,33.85227483861587,0.26108800269225063,0.013711707259062678,0.06341911764705882,1470,160.36725358535367,0.3040122985839844
1471,9982.317,2366.4166666666674,8337.333333333338,100,100,1089,4.4331072556638285,7.655953474135297,5.135319471359253,-2366.4166666666674,0.052938273176550865,32.67464695705308,0.23995215087456423,0.01435085308427612,0.08333333333333333,1471,160.25478436710014,0.3040122985839844
1472,9987.917,2516.446666666667,8631.999999999998,100,100,1089,4.209958677093735,7.926538108356288,4.896012306213379,-2516.446666666667,0.011054511854632033,24.46857212980588,0.2780120817737447,0.010705456831298458,0.050347222222222224,1472,160.27396341587985,0.3040122985839844
1473,9994.029,2491.7733333333335,8692.666666666662,100,100,1084,4.730170756871416,8.019065190651903,5.440772533416748,-2491.7733333333335,-0.012851381619625232,27.81588352427763,0.2548428160302779,0.014974187347380555,0.07337622585542061,1473,160.28440169982008,0.3040122985839844
1474,10000.175,2540.0233333333335,8577.000000000002,100,100,1084,4.753056089685907,7.9123616236162375,5.463906526565552,-2540.0233333333335,-0.011318299374954007,47.50996230630314,0.24804858337430394,0.011831984814146863,0.06608455913031802,1474,160.2943003919927,0.3040122985839844
1475,10006.32,2460.5066666666667,8466.999999999996,100,100,1089,4.7129600547652615,7.775022956841135,5.435277223587036,-2460.5066666666667,0.05283980045674576,26.900246924824184,0.19735439505354288,0.013495862192939967,0.0625,1475,160.3046817551223,0.3040122985839844
1476,10012.515,2430.5966666666664,8534.333333333332,100,100,1090,4.755152201220188,7.82966360856269,5.494471788406372,-2430.5966666666664,-0.020664152016656265,33.75654008653429,0.2046492192118118,0.013549178088497784,0.04600694444444445,1476,160.31437248936834,0.3040122985839844
1477,10018.555,2502.913333333333,8549.999999999995,100,100,1085,4.659882486875122,7.88018433179723,5.3531084060668945,-2502.913333333333,-0.011559112764456692,32.97277444951675,0.23222852761254592,0.006602230959448635,0.05617918260395527,1477,160.32602047291508,0.3040122985839844
1478,10024.692,2386.6666666666656,8350.333333333332,100,100,1084,4.752118820908764,7.703259532595325,5.45963454246521,-2386.6666666666656,-0.012640963363296846,26.795422105228198,0.2478136832223219,0.014453896307660377,0.06562500014243756,1478,160.33599073531272,0.3040122985839844
1479,10030.791,2409.3466666666664,8459.666666666662,100,100,1088,4.7216911772171875,7.775428921568624,5.433770656585693,-2409.3466666666664,-0.008407058249063352,25.45996556562536,0.230638329158811,0.00815126962162835,0.05606617647058824,1479,160.34697316705672,0.3040122985839844
1480,10044.77,2474.9466666666663,8551.999999999995,100,100,1091,4.724868378618187,7.838680109990829,5.465534448623657,-2474.9466666666663,-0.01640920491061277,33.832578990194534,0.2638220927781529,0.028644787807328004,0.0656828706463178,1480,160.35761155846603,0.3040122985839844
1481,10050.552,2413.2833333333324,8444.333333333334,100,100,1090,4.373579724785795,7.747094801223242,5.05737829208374,-2413.2833333333324,-0.03919571596715185,29.25287347369724,0.24751768302586344,0.007936385227367282,0.06032986111111111,1481,160.24871648358996,0.3040122985839844
1482,10056.049,2462.4200000000005,8584.0,100,100,1087,4.178787577981275,7.8969641214351425,4.834508657455444,-2462.4200000000005,-0.012144295717863476,27.525958201464483,0.2479482880410026,0.014482189048602082,0.06301791582475691,1482,160.26920441514187,0.3040122985839844
1483,10062.168,2420.2433333333333,8512.666666666664,100,100,1092,4.682220605260866,7.7954822954822935,5.408485412597656,-2420.2433333333333,0.005807749771823485,29.47793221473694,0.2868121514717738,0.015677323202706046,0.06944444444444445,1483,160.28029286245325,0.3040122985839844
1484,10068.278,2442.9599999999996,8552.666666666666,100,100,1089,4.697825893917086,7.8536883991429445,5.407911062240601,-2442.9599999999996,-0.017969532041913934,25.07123369640774,0.24636510224081576,0.01958039522449124,0.1115451388888889,1484,160.29116461494758,0.3040122985839844
1485,10074.375,2462.5600000000004,8563.666666666666,100,100,1089,4.6941125803927255,7.863789409243954,5.4110119342803955,-2462.5600000000004,-0.0034172340399689144,27.060407718022663,0.291721789787213,0.011430392756463133,0.06684027777777778,1485,160.30225971331245,0.3040122985839844
1486,10080.475,2475.01,8586.000000000002,100,100,1091,4.698088634089079,7.869844179651698,5.4211037158966064,-2475.01,0.014911303244945075,23.082583374447292,0.2820126341862811,0.006452790387104162,0.0642361111111111,1486,160.31347305773173,0.3040122985839844
1487,10086.607,2491.14,8601.333333333334,100,100,1087,4.726735691766134,7.9129101502606565,5.444122314453125,-2491.14,-0.011871201643610703,30.732272877412683,0.2770143628996961,0.01836997755590881,0.057007178006803286,1487,160.32380695824304,0.3040122985839844
1488,10092.744,2482.646666666666,8626.66666666666,100,100,1089,4.705495960049201,7.921640648913371,5.417360782623291,-2482.646666666666,-0.013428497956030898,26.780147592226665,0.307980434037745,0.011825576264527626,0.05859375,1488,160.33420117948668,0.3040122985839844
1489,10098.843,2400.170000000001,8408.000000000004,100,100,1085,4.728681382654484,7.749308755760372,5.432638645172119,-2400.170000000001,-0.015057059552739649,24.522170375375186,0.3383417975376634,0.0105135031249922,0.06541556152789031,1489,160.34480404555822,0.3040122985839844
1490,10112.859,2556.773333333333,8685.666666666664,100,100,1090,4.719392661167599,7.968501529051985,5.440896987915039,-2556.773333333333,-0.03696710787092646,32.713721646202934,0.30305850360956454,0.011584570928890672,0.05078125,1490,160.35552222176136,0.3040122985839844
1491,10118.545,2502.6533333333336,8669.000000000002,100,100,1088,4.353973716313383,7.967830882352943,5.0168235301971436,-2502.6533333333336,-0.013318585122332853,31.761549276464127,0.3412176712470896,0.015317435975542621,0.059283088235294115,1491,160.2478345216669,0.3040122985839844
1492,10124.05,2506.356666666666,8625.333333333334,100,100,1088,4.174526378526078,7.9276960784313735,4.836079359054565,-2506.356666666666,-0.013998844496467534,26.574815357432644,0.32698794366682277,0.016112867434618667,0.07123161764705882,1492,160.26816923463045,0.3040122985839844
1493,10130.159,2395.6499999999996,8480.33333333333,100,100,1090,4.695622382873515,7.780122324159018,5.404068231582642,-2395.6499999999996,0.006043914498554336,30.450978431436752,0.30727728290690315,0.019043231525251433,0.0920138888888889,1493,160.27914576041488,0.3040122985839844
1494,10136.238,2424.02,8562.999999999996,100,100,1086,4.704353403005042,7.884898710865558,5.39672327041626,-2424.02,-0.0083849932450582,30.016786238726446,0.3149636742823264,0.01361422274973901,0.06261859571232516,1494,160.2901428147723,0.3040122985839844
1495,10142.321,2503.9866666666667,8574.66666666666,100,100,1086,4.731766848364402,7.895641497851437,5.4353368282318115,-2503.9866666666667,-0.012374692103442024,24.89080530054429,0.3135542448829202,0.006475088929565733,0.06586515640511233,1495,160.30108326615544,0.3040122985839844
1496,10148.388,2455.15,8647.66666666667,100,100,1088,4.702073988750378,7.948223039215689,5.406413793563843,-2455.15,-0.015494899769477984,25.267576610340793,0.31546153347281847,0.01078661743154311,0.07077205882352941,1496,160.31245509397687,0.3040122985839844
1497,10154.606,2461.066666666667,8714.333333333334,100,100,1089,4.772857390643466,8.002142638506275,5.508763790130615,-2461.066666666667,-0.04435155359614226,25.82080642382304,0.33051081712902586,0.004942271011208909,0.06076388888888889,1497,160.3215468027022,0.3040122985839844
1498,10160.75,2468.93,8507.66666666667,100,100,1089,4.7293284652870975,7.812366085093361,5.442703008651733,-2468.93,-0.03126167454239395,27.98797661686937,0.3490527793765068,-0.031158012984734442,0.09635416666666667,1498,160.3317683565342,0.3040122985839844
1499,10166.836,2527.4100000000008,8594.999999999998,100,100,1088,4.699982536241056,7.899816176470587,5.416901350021362,-2527.4100000000008,-0.009978991385330172,31.319415653453152,0.3089397050002042,0.010058097743347068,0.0661764705882353,1499,160.34280040211786,0.3040122985839844
1500,10180.712,2445.2299999999996,8584.999999999998,100,100,1086,4.708009392848928,7.905156537753221,5.406091690063477,-2445.2299999999996,-0.013517247512936592,39.885910370770624,0.2851276191718438,0.02362675420333878,0.06401209664695404,1500,160.35396343936233,0.3040122985839844
1501,10186.449,2334.243333333334,8376.000000000002,100,100,1091,4.365331622644726,7.6773602199816695,5.0416693687438965,-2334.243333333334,-0.006812685117539432,29.31711196899414,0.2806617489291562,0.01806795319619899,0.06438078731298447,1501,160.24779523126415,0.3040122985839844
1502,10191.983,2480.006666666666,8510.333333333334,100,100,1087,4.187657958236733,7.82919349892671,4.8537209033966064,-2480.006666666666,-0.012719444163581905,24.735864555134494,0.2710181071477778,0.0035045545356457725,0.0740473275346791,1502,160.26744277986603,0.3040122985839844
1503,10198.071,2455.5733333333337,8563.000000000004,100,100,1087,4.71585390814293,7.877644894204235,5.4172303676605225,-2455.5733333333337,-0.015952700639472288,25.002052924212286,0.24000872934565826,0.015056355123627274,0.07083771027186338,1503,160.27837064330953,0.3040122985839844
1504,10204.199,2407.710000000001,8420.666666666668,100,100,1087,4.716555106007214,7.746703465194726,5.4189293384552,-2407.710000000001,-0.015434287598027903,32.593424292171704,0.26276398362482295,0.009725843261763015,0.08331874473130002,1504,160.28862956395832,0.3040122985839844
1505,10210.298,2377.7700000000004,8404.333333333338,100,100,1087,4.730555380218197,7.731677399570688,5.4297709465026855,-2377.7700000000004,-0.014069101608851376,29.115689950830795,0.252422958612442,0.016796478590763667,0.09014647563590723,1505,160.29933571354118,0.3040122985839844
1506,10216.448,2391.5599999999995,8441.0,100,100,1088,4.756443656386931,7.758272058823529,5.477780818939209,-2391.5599999999995,-0.014778196702108663,24.536781198838177,0.2568686468636288,0.02550499341176713,0.078125,1506,160.30933426361986,0.3040122985839844
1507,10222.576,2372.466666666666,8329.999999999995,100,100,1088,4.740933273056084,7.656249999999995,5.453105211257935,-2372.466666666666,-0.015016173834309858,20.26288464490105,0.2650937573874698,0.01920793000060846,0.08731617647058823,1507,160.31966518301215,0.3040122985839844
1508,10228.681,2419.733333333334,8435.333333333334,100,100,1088,4.726522518146393,7.753063725490197,5.430192947387695,-2419.733333333334,-0.01318428314783994,23.375335945802576,0.26797809977741804,0.018730977615204585,0.08915441176470588,1508,160.33034975066775,0.3040122985839844
1509,10234.811,2387.1433333333325,8495.333333333334,100,100,1087,4.741699539237204,7.815394050904631,5.4565629959106445,-2387.1433333333325,-0.011348946074790815,26.197402729707605,0.30275917622972937,0.01572744863669333,0.08283000768107526,1509,160.34052892579598,0.3040122985839844
1510,10248.745,2446.1166666666672,8377.666666666668,100,100,1086,4.7206052470288515,7.714241866175569,5.414701461791992,-2446.1166666666672,-0.015694774906424916,33.08325761907241,0.2971934719997294,0.018214221749290386,0.07189871896715726,1510,160.3513822657334,0.3040122985839844
1511,10254.462,2406.0200000000004,8377.333333333334,100,100,1086,4.399355434045937,7.713934929404544,5.060691833496094,-2406.0200000000004,-0.013280999791972777,25.859778628629797,0.3055040314793587,0.012605199326678891,0.06485709197380964,1511,160.24506819189602,0.3040122985839844
1512,10260.007,2442.156666666667,8641.333333333338,100,100,1086,4.219508838250677,7.957028852056481,4.885339736938477,-2442.156666666667,-0.010189086801427253,22.16908367942361,0.32093025875442166,0.005286769225837334,0.07601992391488131,1512,160.26432245091513,0.3040122985839844
1513,10266.133,2418.6200000000003,8528.333333333338,100,100,1087,4.745825390989456,7.845752836553208,5.451625108718872,-2418.6200000000003,-0.01724269353401135,28.703763849595013,0.35589593385948853,0.02547440105734174,0.10351015452076406,1513,160.2745578173373,0.3040122985839844
1514,10272.275,2424.566666666666,8591.666666666664,100,100,1086,4.759489595083928,7.911295273173724,5.465186834335327,-2424.566666666666,-0.01308572692248751,21.844748749452478,0.3209054036175503,0.019881812588530865,0.07557518955539255,1514,160.284462105519,0.3040122985839844
1515,10278.411,2510.559999999999,8596.999999999993,100,100,1089,4.719953626224085,7.89439853076216,5.44237494468689,-2510.559999999999,0.030893044209935598,28.754611651102703,0.308861364617466,0.01487604036487432,0.08072916666666667,1515,160.29472132069628,0.3040122985839844
1516,10284.585,2587.45,8646.0,100,100,1090,4.72481954253253,7.9321100917431195,5.451913595199585,-2587.45,0.0033763301972713736,44.308436473210655,0.3318283785548475,0.01699526467645127,0.06553819444444445,1516,160.30447290234284,0.3040122985839844
1517,10290.762,2401.4600000000005,8501.666666666662,100,100,1090,4.727048438828473,7.799694189602443,5.448239803314209,-2401.4600000000005,-0.022876913504054148,28.44579561551412,0.3288845544060071,0.023792359745129943,0.09678819444444445,1517,160.31416597238538,0.3040122985839844
1518,10296.86,2510.283333333334,8644.333333333336,100,100,1088,4.711204504072906,7.945159313725492,5.421962261199951,-2510.283333333334,-0.012659008888637318,25.64655797621783,0.3409933105987661,0.023623604601358667,0.06571691176470588,1518,160.32489023399097,0.3040122985839844
1519,10302.964,2392.773333333333,8398.999999999998,100,100,1087,4.72882493007534,7.726770929162832,5.433380126953125,-2392.773333333333,-0.011300007182666483,23.868985007790958,0.2989241279223386,0.011909492293317966,0.06899218047585558,1519,160.3354083520994,0.3040122985839844
1520,10316.877,2418.0366666666664,8474.666666666664,100,100,1088,4.739186215695501,7.789215686274508,5.450336933135986,-2418.0366666666664,-0.013016954940908095,22.621069094713995,0.31142447976505055,0.02811978111618801,0.07536764705882353,1520,160.34581372968083,0.3040122985839844
1521,10322.686,2501.4199999999996,8585.33333333333,100,100,1088,4.439115164346089,7.890931372549017,5.115979194641113,-2501.4199999999996,-0.014211829149109475,39.279897184932935,0.29975106742452173,0.020070217789479476,0.078125,1521,160.2398910054665,0.3040122985839844
1522,10328.244,2498.383333333334,8599.333333333332,100,100,1085,4.220779447533053,7.925652841781873,4.898075819015503,-2498.383333333334,-0.012855526443351717,29.42637202318977,0.3011258709080079,0.014344936745200196,0.06405948617440813,1522,160.25870493071767,0.3040122985839844
1523,10334.35,2408.3733333333334,8556.66666666667,100,100,1088,4.727483457399478,7.864583333333336,5.450172662734985,-2408.3733333333334,-0.009006233392831157,42.13482918458826,0.28443143297644224,0.012703575837590238,0.06479779411764706,1523,160.26930275344273,0.3040122985839844
1524,10340.431,2372.4166666666665,8408.666666666662,100,100,1083,4.734160848751334,7.764235149276697,5.425854206085205,-2372.4166666666665,-0.01122080342611298,33.38033047844382,0.2802765386946061,0.009351967361426967,0.05461739765151458,1524,160.27978303639625,0.3040122985839844
1525,10346.57,2364.833333333332,8416.666666666662,100,100,1089,4.719139854688817,7.728803183348634,5.448721408843994,-2364.833333333332,-0.016336740149805944,26.25314518974887,0.28610192487637204,0.02290759709689559,0.06380208333333333,1525,160.2899348511877,0.3040122985839844
1526,10352.647,2413.690000000001,8514.333333333332,100,100,1086,4.697026705890757,7.840085942295886,5.4112229347229,-2413.690000000001,-0.013219564102816066,22.699344859403723,0.3121464147287257,0.022342851947006935,0.06123991924173692,1526,160.30073895628965,0.3040122985839844
1527,10358.763,2377.783333333334,8335.666666666666,100,100,1088,4.725142739891239,7.661458333333333,5.446824073791504,-2377.783333333334,-0.010987452286131242,28.961249351501465,0.285712818012518,0.013442170795957175,0.06479779411764706,1527,160.3111302560647,0.3040122985839844
1528,10364.862,2480.36,8506.333333333334,100,100,1086,4.7273302930372925,7.832719459791283,5.432224273681641,-2480.36,-0.014604736009941381,25.494235038757324,0.302602321786039,0.014244056097916602,0.0691117170978995,1528,160.32157172901793,0.3040122985839844
1529,10370.998,2526.7633333333342,8681.333333333338,100,100,1090,4.726246880461385,7.964525993883796,5.459864139556885,-2526.7633333333342,0.000602257644964589,33.10113883349631,0.3210259998838107,0.015538644826544138,0.06336805555555555,1529,160.33183074576718,0.3040122985839844
1530,10384.935,2474.07,8611.0,100,100,1089,4.709309366483779,7.907254361799817,5.436569929122925,-2474.07,0.012172240919123093,26.34555094771915,0.34937908795351785,0.011402242859023519,0.050347222222222224,1530,160.34237528049843,0.3040122985839844
1531,10390.741,2478.76,8734.333333333328,100,100,1087,4.445754278840184,8.03526525605642,5.126354694366455,-2478.76,-0.009056887589395046,27.26320182575899,0.3487197809359607,0.02037786800578675,0.05937791812945815,1531,160.23660434689987,0.3040122985839844
1532,10396.221,2324.03,8384.333333333334,100,100,1086,4.17556464091084,7.720380601596072,4.832483530044556,-2324.03,-0.014207936316619025,28.09513265946332,0.3529662687112303,0.010140295969048405,0.06949715360122569,1532,160.2566019806897,0.3040122985839844
1533,10402.346,2401.753333333333,8368.33333333333,100,100,1089,4.714904407328345,7.684419957147227,5.430241584777832,-2401.753333333333,-0.057868360722851425,26.95517470770412,0.3229810752802425,0.01890144829586562,0.0681423611111111,1533,160.26694191822216,0.3040122985839844
1534,10408.498,2404.286666666667,8493.000000000002,100,100,1088,4.749757537865662,7.80606617647059,5.46755576133728,-2404.286666666667,-0.01685142654049046,25.81875789866728,0.30614547825911465,0.009680660705164294,0.06112132352941176,1534,160.27672489117737,0.3040122985839844
1535,10414.561,2469.3899999999994,8490.333333333338,100,100,1086,4.691570075456067,7.817986494782079,5.3937811851501465,-2469.3899999999994,-0.014038825298056883,27.034127908594467,0.29591414551524553,0.017917032065965673,0.06629506630056045,1535,160.2876903877853,0.3040122985839844
1536,10420.695,2378.366666666666,8453.333333333327,100,100,1089,4.727025713777568,7.762473217018665,5.440703630447388,-2378.366666666666,-0.01523419733469685,26.122169706556534,0.2783121152056588,0.022392837581315286,0.055989583333333336,1536,160.29784926821026,0.3040122985839844
1537,10426.858,2411.636666666667,8558.666666666664,100,100,1091,4.7392348299403935,7.844790711885119,5.466704845428467,-2411.636666666667,-0.02765221531606383,21.763824277453953,0.30242926586005425,0.01744374535984308,0.06597222222222222,1537,160.3077318798713,0.3040122985839844
1538,10432.916,2405.9800000000005,8303.000000000002,100,100,1087,4.71209402418016,7.638454461821529,5.414306163787842,-2405.9800000000005,-0.013728008879458202,35.15866072037641,0.29343660920858383,0.017625288359875625,0.06947362302419018,1538,160.3188389945404,0.3040122985839844
1539,10439.054,2344.833333333333,8432.999999999998,100,100,1090,4.735911193137151,7.73669724770642,5.45805025100708,-2344.833333333333,-0.08504552833942904,31.091374503241646,0.2919676442527109,0.004714004743921881,0.07855902777777778,1539,160.32898526593078,0.3040122985839844
1540,10453.023,2368.2733333333326,8465.999999999998,100,100,1088,4.7160045963691495,7.781249999999998,5.417343616485596,-2368.2733333333326,-0.012089062865604372,27.15098554947797,0.29002395228428,0.02002853265045868,0.06158088235294118,1540,160.339461626407,0.3040122985839844
1541,10458.734,2385.8733333333325,8578.999999999995,100,100,1088,4.332375091454357,7.885110294117642,5.000439882278442,-2385.8733333333325,-0.013609561822651065,27.557779760921704,0.2607959443155457,0.010171550322625348,0.0625,1541,160.23536455973226,0.3040122985839844
1542,10464.249,2518.833333333332,8591.999999999996,100,100,1090,4.170369998970573,7.882568807339446,4.836608171463013,-2518.833333333332,-0.05330406460497114,33.317747566435074,0.30044325813651085,0.011824044735274382,0.05381944444444445,1542,160.25507232765415,0.3040122985839844
1543,10470.431,2409.1666666666674,8386.33333333333,100,100,1091,4.747068560784674,7.686831652917809,5.488495349884033,-2409.1666666666674,-0.01063209937678443,36.55508648024665,0.2832464033530818,0.020195506509884983,0.07682291666666667,1543,160.26465385104842,0.3040122985839844
1544,10476.515,2502.69,8558.333333333336,100,100,1086,4.68947099336092,7.8806015960712115,5.386792182922363,-2502.69,-0.013705706936033332,35.48919178457821,0.2760232174221207,0.016987360305125442,0.0631226279279765,1544,160.27525879646137,0.3040122985839844
1545,10482.624,2403.5733333333333,8548.000000000002,100,100,1082,4.748211736647092,7.900184842883551,5.431906461715698,-2403.5733333333333,-0.013468252933200668,28.021633933572208,0.27778517104247036,0.022787316948832834,0.07129500499543022,1545,160.28508098067275,0.3040122985839844
1546,10488.707,2485.11,8524.0,100,100,1086,4.707193925066012,7.848987108655617,5.4038074016571045,-2485.11,-0.010822378592017819,26.40399955300724,0.2870633926461725,0.014292945955222583,0.0636118356795872,1546,160.29563695728004,0.3040122985839844
1547,10494.846,2380.366666666667,8347.000000000002,100,100,1088,4.749964891101733,7.671875000000002,5.467085599899292,-2380.366666666667,-0.00874900007072617,25.457816741045782,0.28597767431946364,0.017338596256997657,0.06020220588235294,1547,160.30554537570896,0.3040122985839844
1548,10500.971,2373.9066666666677,8358.333333333336,100,100,1090,4.727041006831606,7.668195718654436,5.438468933105469,-2373.9066666666677,0.0076969047594401575,22.87695296605428,0.30602539392809075,0.016288360810398847,0.052083333333333336,1548,160.3158466560856,0.3040122985839844
1549,10507.152,2448.0366666666678,8529.666666666664,100,100,1090,4.763907247218688,7.82538226299694,5.492743730545044,-2448.0366666666678,0.010215326574527554,31.29617108239068,0.31857002733482254,0.016458243118702538,0.06727430555555555,1549,160.32527590661923,0.3040122985839844
1550,10521.074,2458.7499999999995,8620.999999999996,100,100,1088,4.716736766781918,7.923713235294114,5.429610967636108,-2458.7499999999995,-0.0141143632833572,29.687535734737622,0.31497616408502355,0.016861153513138348,0.06525735294117647,1550,160.3357030154898,0.3040122985839844
1551,10526.836,2547.0566666666664,8630.999999999998,100,100,1088,4.395754779205377,7.932904411764704,5.07339882850647,-2547.0566666666664,-0.014240478768068202,33.12098138472613,0.30069178342819214,0.01863193785196499,0.09420955882352941,1551,160.23218387520413,0.3040122985839844
1552,10532.332,2422.413333333334,8532.666666666664,100,100,1089,4.161550043705813,7.835322926232015,4.81731104850769,-2422.413333333334,-0.04607903698666228,29.873350494437748,0.2924153117669953,0.023214773333165795,0.0724826388888889,1552,160.25197834800107,0.3040122985839844
1553,10538.473,2497.28,8582.999999999998,100,100,1090,4.711762475759782,7.874311926605503,5.43212103843689,-2497.28,-0.007495514996763732,26.110955797963673,0.36772199037174386,0.0175893878719459,0.07552083333333333,1553,160.2620223267519,0.3040122985839844
1554,10544.583,2509.1766666666654,8654.33333333333,100,100,1090,4.71620119354098,7.939755351681955,5.437057971954346,-2509.1766666666654,-0.03206705472742518,35.8220796055264,0.3486517843686872,0.01566343555653778,0.09114583333333333,1554,160.27253546010957,0.3040122985839844
1555,10550.732,2457.406666666667,8610.000000000002,100,100,1089,4.734195685770989,7.906336088154272,5.457213878631592,-2457.406666666667,-0.0072255694928268594,30.599340615587103,0.4124397991432084,0.015734088277289022,0.08159722222222222,1555,160.2823323132426,0.3040122985839844
1556,10556.839,2506.9000000000005,8655.333333333334,100,100,1088,4.724006707286154,7.955269607843138,5.440606117248535,-2506.9000000000005,-0.01377590567640522,34.52903018278234,0.4203573044608621,0.016880495371023083,0.09145220588235294,1556,160.29267961210732,0.3040122985839844
1557,10562.999,2507.866666666666,8642.66666666666,100,100,1089,4.748107345806413,7.936333027242113,5.4680633544921875,-2507.866666666666,-0.031130528750105038,26.14732606543435,0.4467763859364722,0.008894325984227989,0.0703125,1557,160.30229831192284,0.3040122985839844
1558,10569.035,2467.54,8557.333333333332,100,100,1086,4.69289963029867,7.879680785758133,5.388556241989136,-2467.54,-0.014737969702657531,35.08867723801557,0.4314294983358944,0.013421803931979573,0.1026743356795872,1558,160.3135089201183,0.3040122985839844
1559,10575.157,2533.416666666666,8687.999999999996,100,100,1088,4.727752019735978,7.985294117647055,5.4382970333099365,-2533.416666666666,-0.014336747993879458,41.04961636487175,0.41775931768557606,0.014453160905224435,0.07950367647058823,1559,160.32357890170053,0.3040122985839844
1560,10589.06,2425.9766666666665,8523.999999999998,100,100,1087,4.7162128767690925,7.841766329346824,5.421623706817627,-2425.9766666666665,-0.0173943987225785,25.001839918248795,0.40552520751953125,0.013669200063518742,0.08559465495979085,1560,160.33415215524204,0.3040122985839844
1561,10594.807,2372.8399999999992,8498.33333333333,100,100,1086,4.397056079542515,7.825352977286676,5.062098026275635,-2372.8399999999992,-0.014018805971478714,27.672758719500372,0.4338686895721099,0.015472274342113557,0.09208965827437009,1561,160.2313209715609,0.3040122985839844
1562,10600.3,2428.853333333334,8548.66666666667,100,100,1088,4.180808914016405,7.857230392156866,4.848241090774536,-2428.853333333334,-0.012182327096953112,31.89796683367561,0.41541250838952903,0.010117791346548236,0.07077205882352941,1562,160.25093967942678,0.3040122985839844
1563,10606.355,2460.653333333334,8660.333333333334,100,100,1086,4.713239872263844,7.974524248004911,5.412837028503418,-2460.653333333334,-0.008463905959883156,26.057211932014017,0.38439300481010885,0.00560540084124488,0.07513045519590378,1563,160.26186561229937,0.3040122985839844
1564,10612.444,2530.1166666666672,8710.666666666673,100,100,1085,4.731541476856213,8.028264208909377,5.432888507843018,-2530.1166666666672,-0.015123518622096847,34.41051909502815,0.45427081865422864,0.01338498794939369,0.07253495625713292,1564,160.27213285965593,0.3040122985839844
1565,10618.573,2506.5266666666666,8615.333333333334,100,100,1089,4.723015336146196,7.911233547597185,5.443178176879883,-2506.5266666666666,-0.023320508396459952,27.291456553567613,0.41829926024419506,-0.00019442174945854477,0.07508680555555555,1565,160.282181346557,0.3040122985839844
1566,10624.675,2504.5499999999984,8560.666666666662,100,100,1087,4.742306165663627,7.875498313400794,5.449492692947388,-2504.5499999999984,-0.01037870388587608,36.55423209246467,0.4929134083144805,0.011300157748765367,0.0653375935028581,1566,160.29243235282732,0.3040122985839844
1567,10630.814,2330.346666666666,8374.000000000002,100,100,1087,4.740757497456764,7.703771849126037,5.44716477394104,-2330.346666666666,-0.01195015330963275,26.637490328620462,0.4748099490123637,0.021506026823772117,0.09984097870833733,1567,160.30211642371117,0.3040122985839844
1568,10636.878,2489.6833333333334,8596.333333333334,100,100,1087,4.687947379605093,7.908310334253297,5.387901067733765,-2489.6833333333334,-0.013834550702834831,26.19569913078757,0.45403846221811633,0.01167200123617316,0.11274509833139532,1568,160.31292724787113,0.3040122985839844
1569,10643.074,2541.223333333333,8815.999999999998,100,100,1090,4.745953120056266,8.088073394495412,5.480449199676514,-2541.223333333333,-0.05299946717503998,33.59954444567362,0.4522065818309784,-0.0002728235946657757,0.08680555555555555,1569,160.32200485758608,0.3040122985839844
1570,10657.018,2568.6733333333323,8840.666666666666,100,100,1089,4.706939302117173,8.118151209060299,5.4187376499176025,-2568.6733333333323,0.04600120253033108,32.02869619925817,0.48173706978559494,0.005793754962117721,0.09244791666666667,1570,160.3318578060589,0.3040122985839844
1571,10662.898,2406.7133333333327,8377.333333333332,100,100,1089,4.466075758912401,7.692684419957146,5.155205726623535,-2406.7133333333327,0.03267667111423281,34.21706435746617,0.4731081740723716,0.015069668627499292,0.0842013888888889,1571,160.22820378987663,0.3040122985839844
1572,10668.419,2498.703333333333,8657.333333333336,100,100,1087,4.191806715854856,7.9644280895430875,4.851332664489746,-2498.703333333333,-0.012566718163297456,37.29822899313534,0.5154383585733526,0.005796852059361032,0.06166112313375754,1572,160.2471745277331,0.3040122985839844
1573,10674.551,2515.9366666666656,8719.333333333328,100,100,1089,4.712883745964969,8.006734006734002,5.4305031299591064,-2515.9366666666656,0.025109027201930683,36.81288981437683,0.5018380019399855,0.0135280258837156,0.09418402777777778,1573,160.2571383353591,0.3040122985839844
1574,10680.652,2529.7600000000007,8740.0,100,100,1088,4.700413143248571,8.033088235294118,5.4124815464019775,-2529.7600000000007,-0.002976389820961391,33.664264286265656,0.47780587129733143,0.023474663817871583,0.1410845588235294,1574,160.26746937331777,0.3040122985839844
1575,10686.787,2527.163333333334,8635.999999999998,100,100,1087,4.7339445249697585,7.944802207911682,5.453748941421509,-2527.163333333334,-0.013514722861787853,36.545111543991986,0.4513740451896892,0.01184302642393638,0.09062791812945814,1575,160.27718961861808,0.3040122985839844
1576,10692.889,2440.3333333333335,8543.666666666666,100,100,1087,4.710454828441725,7.859858938975774,5.4238739013671875,-2440.3333333333335,-0.007983570754089776,23.89657376794254,0.4632913251133526,0.01076212799628539,0.09155433066189289,1576,160.28735898037735,0.3040122985839844
1577,10699.026,2597.3266666666673,8811.000000000005,100,100,1089,4.7061483914937385,8.090909090909095,5.426944971084595,-2597.3266666666673,-0.016217798149834078,37.64711294737127,0.44518196106784874,0.013548839067678072,0.08897569444444445,1577,160.29720146823806,0.3040122985839844
1578,10705.141,2564.706666666668,8706.000000000004,100,100,1086,4.71863729425176,8.016574585635363,5.428525686264038,-2564.706666666668,-0.014027495046748835,30.22572074216955,0.48135609574177685,0.02175801063832991,0.08192006630056045,1578,160.30709246735577,0.3040122985839844
1579,10711.362,2416.856666666668,8569.999999999996,100,100,1090,4.762744218529706,7.8623853211009145,5.504737854003906,-2416.856666666668,-0.0014219963405695227,41.84971010684967,0.46335032378717894,0.015341874600077668,0.09244791666666667,1579,160.31575007996966,0.3040122985839844
1580,10725.288,2376.133333333334,8437.666666666668,100,100,1091,4.672792027269061,7.73388328750382,5.39148211479187,-2376.133333333334,-0.007576657873060968,42.39916939205594,0.5014762116803063,0.020370999590441998,0.07118055555555555,1580,160.3262857545043,0.3040122985839844
1581,10731.003,2415.9333333333334,8555.333333333332,100,100,1087,4.351117386651442,7.870591842992946,5.023902893066406,-2415.9333333333334,-0.01285211051649907,38.33149713628433,0.4911022563191021,0.010553330039222012,0.07773109284393928,1581,160.22530187060383,0.3040122985839844
1582,10736.534,2364.203333333334,8456.333333333334,100,100,1090,4.172475961647893,7.758103975535168,4.8427534103393555,-2364.203333333334,0.013236090592626069,29.413217703501385,0.4968881747788853,0.035433905598539345,0.1332465277777778,1582,160.24426570461154,0.3040122985839844
1583,10742.681,2495.646666666668,8607.000000000004,100,100,1089,4.713068502532665,7.903581267217634,5.436571359634399,-2495.646666666668,-0.01172573600585262,34.27627783351474,0.5366178742713399,0.01452150039646464,0.0802951388888889,1583,160.25394224356873,0.3040122985839844
1584,10748.8,2499.57,8730.000000000002,100,100,1087,4.734138453297022,8.031278748850047,5.449500560760498,-2499.57,-0.01648737194345278,27.46365199369543,0.4659644374076058,0.012542573930284776,0.08334062840132152,1584,160.26383719624405,0.3040122985839844
1585,10754.884,2361.4566666666674,8496.33333333334,100,100,1089,4.709349862125397,7.801958983777171,5.413235187530518,-2361.4566666666674,-0.08938087140106493,31.804687023162842,0.4235189430829551,0.016343523311661556,0.07725694444444445,1585,160.27443579850907,0.3040122985839844
1586,10761.04,2535.0433333333344,8758.000000000005,100,100,1092,4.737924448821707,8.020146520146525,5.478877067565918,-2535.0433333333344,-0.020309962953130405,28.7529296875,0.4713987509409587,0.012167263271597525,0.09114583333333333,1586,160.28422282667424,0.3040122985839844
1587,10767.206,2483.0733333333333,8612.999999999998,100,100,1090,4.735885780206411,7.90183486238532,5.460530757904053,-2483.0733333333333,-0.024360786606040265,35.281062960624695,0.43678873628636616,0.010312690328444458,0.0837673611111111,1587,160.29367066141535,0.3040122985839844
1588,10773.36,2426.0366666666664,8494.333333333332,100,100,1089,4.742865106244841,7.800122436486072,5.465426206588745,-2426.0366666666664,-0.09063470172178414,23.929066366619534,0.43834581297253156,0.012523869867436588,0.06684027777777778,1588,160.30319358687467,0.3040122985839844
1589,10779.483,2438.8300000000004,8568.333333333338,100,100,1087,4.72051959455685,7.882551364612086,5.4326088428497314,-2438.8300000000004,-0.019751448841655955,26.536559665904324,0.4161785595557269,0.008353645550361014,0.07778944973559941,1589,160.31298852601478,0.3040122985839844
1590,10793.447,2548.7433333333333,8704.000000000004,100,100,1087,4.701944157822193,8.007359705611778,5.407487392425537,-2548.7433333333333,-0.016699396854485658,36.97815423853257,0.4691184198155123,0.012467121164424015,0.07040003517313916,1590,160.32339740951574,0.3040122985839844
1591,10799.08,2371.0133333333324,8335.33333333333,100,100,1087,4.294450505227091,7.668199938669117,4.9505438804626465,-2371.0133333333324,-0.01396129313198959,23.620521882001093,0.4352500947082744,0.013465084731304908,0.06115779658669934,1591,160.2233711143393,0.3040122985839844
1592,10804.676,2489.456666666668,8560.000000000002,100,100,1091,4.205692667466282,7.8460128322639795,4.8892645835876465,-2489.456666666668,-0.02808576778301762,33.505281342400444,0.39928895897335476,0.015780943403822474,0.0837673611111111,1592,160.24137393866363,0.3040122985839844
1593,10810.785,2529.7900000000004,8523.666666666668,100,100,1088,4.7059896152110445,7.834252450980394,5.42543625831604,-2529.7900000000004,-0.016368802198592353,42.57423597223618,0.38369271422133727,0.012108214610420606,0.0859375,1593,160.25145171906772,0.3040122985839844
1594,10816.89,2513.5933333333332,8685.66666666667,100,100,1087,4.710990800299505,7.990493713584793,5.4266345500946045,-2513.5933333333332,-0.014454991885406129,29.954784561606015,0.3923964062157799,0.02454445603550138,0.0759074466631693,1594,160.26149851137862,0.3040122985839844
1595,10822.948,2472.683333333334,8631.66666666667,100,100,1085,4.6934116152136625,7.9554531490015385,5.383148431777954,-2472.683333333334,-0.018114315017181283,37.00885307087618,0.3741351891966427,0.019958169295397753,0.08749698639354285,1595,160.27204570110075,0.3040122985839844
1596,10829.057,2502.1600000000008,8563.33333333333,100,100,1088,4.722604043255321,7.870710784313722,5.442323207855225,-2502.1600000000008,-0.01442962052191005,31.77382486006793,0.3658430155585794,0.023641159292310476,0.07674632352941177,1596,160.2820979721898,0.3040122985839844
1597,10835.2,2392.043333333332,8465.333333333334,100,100,1090,4.729571467299664,7.766360856269114,5.445842742919922,-2392.043333333332,-0.05195140222915345,24.321178330315483,0.3276701867321713,0.016676000675134774,0.0685763888888889,1597,160.29182165111465,0.3040122985839844
1598,10841.279,2425.1966666666663,8435.666666666664,100,100,1083,4.726483380389318,7.789165897199136,5.418752431869507,-2425.1966666666663,-0.014244341894107707,32.806518105899585,0.3328063461710425,0.018302001745563328,0.07016450648798662,1598,160.30184443310975,0.3040122985839844
1599,10847.402,2465.973333333334,8615.000000000004,100,100,1090,4.719515504537646,7.903669724770645,5.4364073276519775,-2465.973333333334,-0.019416569990830287,35.21127621332804,0.3698744989103741,0.015071915504651971,0.0837673611111111,1599,160.31184517133644,0.3040122985839844
1600,10861.315,2522.5566666666664,8630.000000000002,100,100,1088,4.687400181651088,7.9319852941176485,5.394101858139038,-2522.5566666666664,-0.014083481941591291,30.177494049072266,0.31890054310069366,0.01336641819216311,0.06939338235294118,1600,160.3223074844264,0.3040122985839844
1601,10867.071,2555.5666666666675,8554.000000000002,100,100,1086,4.398846134057176,7.876611418047884,5.071255922317505,-2555.5666666666675,-0.014852869433953482,40.78186158572926,0.34502506343757405,0.014132521523553057,0.06862250934628879,1601,160.221734948105,0.3040122985839844
1602,10872.665,2486.723333333334,8481.33333333333,100,100,1088,4.215951011621441,7.795343137254899,4.903062582015991,-2486.723333333334,-0.014764983316554743,34.610707844004914,0.3267909533837262,0.014581512267742416,0.06433823529411764,1602,160.23937524464066,0.3040122985839844
1603,10878.868,2429.0400000000004,8578.333333333332,100,100,1088,4.755390992239186,7.884497549019606,5.499067306518555,-2429.0400000000004,-0.013891202890697648,31.353902648476993,0.3582151098286404,0.0181144956697929,0.06847426470588236,1603,160.2480079227916,0.3040122985839844
1604,10884.971,2464.0233333333326,8460.666666666664,100,100,1085,4.714171981872467,7.797849462365589,5.421515703201294,-2464.0233333333326,-0.015728026628494263,35.44411748998306,0.3301481328466359,0.0163198744172833,0.0727685027043609,1604,160.25785071794525,0.3040122985839844
1605,10891.069,2510.059999999999,8551.999999999996,100,100,1084,4.719209963497895,7.8892988929889265,5.4145896434783936,-2510.059999999999,-0.012807783889858163,62.77076530456543,0.3222559795660131,0.019470165415173945,0.059681372717022896,1605,160.2676456039293,0.3040122985839844
1606,10897.248,2433.396666666667,8415.666666666666,100,100,1085,4.769319634399621,7.756374807987711,5.484112977981567,-2433.396666666667,-0.0104454280808568,38.998015207402844,0.30874794195680055,0.020249214567764497,0.06263560725047308,1606,160.27635545646467,0.3040122985839844
1607,10903.356,2440.313333333334,8506.666666666672,100,100,1087,4.714584449608575,7.825820300521317,5.421611070632935,-2440.313333333334,-0.009223536478684229,29.818212509155273,0.3217106505351908,0.008091538802117985,0.06764268239631373,1607,160.28624485319844,0.3040122985839844
1608,10909.549,2447.0233333333335,8510.333333333336,100,100,1090,4.745868531188184,7.80764525993884,5.474903583526611,-2447.0233333333335,-0.025070861758043368,32.02786260181003,0.31325070435802144,0.014599218178773299,0.05078125,1608,160.29516774727605,0.3040122985839844
1609,10915.653,2513.109999999999,8724.999999999998,100,100,1088,4.705746415685794,8.019301470588234,5.413386344909668,-2513.109999999999,-0.015584878897403969,30.616510054644415,0.2930169491206898,0.020107823711655596,0.07123161764705882,1609,160.30520593181322,0.3040122985839844
1610,10929.604,2386.3600000000006,8406.333333333332,100,100,1090,4.724848900661043,7.71223241590214,5.459735631942749,-2386.3600000000006,-0.033347145550780825,28.105329301622177,0.3224815595895052,0.019662698562670913,0.0642361111111111,1610,160.31459180783648,0.3040122985839844
1611,10935.363,2429.609999999999,8618.999999999998,100,100,1090,4.3763903651061815,7.907339449541283,5.068312168121338,-2429.609999999999,-0.05341378946064247,32.013553182284035,0.328787286248472,0.019326825115260564,0.08072916666666667,1611,160.21562957028343,0.3040122985839844
1612,10940.95,2351.3733333333344,8349.000000000002,100,100,1089,4.201036639113058,7.666666666666669,4.8696370124816895,-2351.3733333333344,-0.04548873736833533,31.019850643610376,0.2980830718042853,0.010844155082142808,0.05381944444444445,1612,160.23333878323285,0.3040122985839844
1613,10947.06,2323.7266666666665,8238.999999999998,100,100,1089,4.731817355702732,7.565656565656564,5.4379637241363525,-2323.7266666666665,-0.03885811831181248,35.84871911340289,0.34598040994670654,0.010195366263764704,0.048177083333333336,1613,160.2433838370836,0.3040122985839844
1614,10953.218,2487.2466666666664,8615.0,100,100,1088,4.758117738674628,7.9181985294117645,5.481691360473633,-2487.2466666666664,-0.013022173634346794,34.54710567698759,0.33157704069333915,0.015795249203459687,0.05284926470588235,1614,160.2526293850365,0.3040122985839844
1615,10959.325,2472.996666666666,8552.999999999998,100,100,1087,4.733766881293225,7.8684452621895105,5.4385058879852295,-2472.996666666666,-0.01048555110088166,32.50017457849839,0.37311717955505147,0.022141252486856982,0.05431547640439342,1615,160.2625221080179,0.3040122985839844
1616,10965.478,2443.183333333333,8512.666666666668,100,100,1089,4.7365401273283725,7.81695745332109,5.463752031326294,-2443.183333333333,0.01688332503868474,23.422889073689777,0.34868912481599385,0.02113555707870142,0.061197916666666664,1616,160.2718998510231,0.3040122985839844
1617,10971.595,2510.423333333333,8688.333333333332,100,100,1089,4.699383748253111,7.978267523722068,5.416612863540649,-2510.423333333333,-0.010352125365494026,29.173554400602978,0.3243587488929431,0.012352108829266703,0.05295138888888889,1617,160.281801937933,0.3040122985839844
1618,10977.728,2499.836666666666,8639.666666666664,100,100,1087,4.747270746006636,7.948175406317079,5.462634801864624,-2499.836666666666,-0.012681494740878834,32.27767921896542,0.35983458555796566,0.012778303036397761,0.06209150351145688,1618,160.29126919865152,0.3040122985839844
1619,10983.833,2550.4799999999996,8755.0,100,100,1088,4.7241506450946495,8.046875,5.443831205368042,-2550.4799999999996,-0.006856034948107074,27.596277405233945,0.3894002104506773,0.006399577730061377,0.05238970588235294,1619,160.3012309177611,0.3040122985839844
1620,10997.768,2448.4866666666667,8624.333333333336,100,100,1087,4.727022999961001,7.934069303894513,5.437509775161743,-2448.4866666666667,-0.012022711418788223,30.37210537405575,0.3548896246973206,0.03134212446200442,0.06670897547155619,1620,160.31069883152824,0.3040122985839844
1621,11003.475,2447.426666666667,8488.000000000007,100,100,1088,4.351116451824269,7.801470588235301,5.030753135681152,-2447.426666666667,-0.011279093211188036,27.770200056188248,0.3522608806105221,0.022603654304368642,0.06709558823529412,1621,160.21277099292922,0.3040122985839844
1622,11009.042,2504.189999999999,8665.66666666666,100,100,1090,4.180623213504227,7.950152905198771,4.855746507644653,-2504.189999999999,0.00951430449883143,28.31216906176673,0.3849441570540269,0.009324712849370876,0.0703125,1622,160.23074308181515,0.3040122985839844
1623,11015.145,2347.256666666666,8482.666666666666,100,100,1086,4.719435172387044,7.810926949048495,5.414758205413818,-2347.256666666666,-0.011376221089021248,28.952101146473606,0.3210017891491161,0.020344050032744074,0.07133538889534333,1623,160.24055873126,0.3040122985839844
1624,11021.388,2481.356666666666,8647.666666666662,100,100,1091,4.7683996341757195,7.926367247173843,5.509505748748779,-2481.356666666666,0.003033572859648201,27.846006658342148,0.37052610764900845,0.008041896669763245,0.08145254684819116,1624,160.24878570836796,0.3040122985839844
1625,11027.576,2386.443333333333,8402.333333333334,100,100,1090,4.753247156329111,7.708562691131499,5.489367485046387,-2386.443333333333,-0.04912313658537136,25.403528531392414,0.3300318792462349,0.007067492089441253,0.06770833333333333,1625,160.25770390202118,0.3040122985839844
1626,11033.733,2454.229999999999,8411.333333333332,100,100,1088,4.746110663344392,7.731004901960783,5.471678256988525,-2454.229999999999,-0.012089985587141094,34.25105661504409,0.3532686908455456,0.008245536352179068,0.05560661764705882,1626,160.26687728137895,0.3040122985839844
1627,11039.835,2458.2466666666674,8631.000000000004,100,100,1087,4.743916190742569,7.940202391904327,5.457268953323364,-2458.2466666666674,-0.012322821544812006,30.750569567960852,0.3370706079637303,0.006933797294657458,0.053870507077697444,1627,160.27675525557703,0.3040122985839844
1628,11045.929,2394.773333333333,8473.333333333328,100,100,1085,4.722474929490363,7.809523809523805,5.417578458786011,-2394.773333333333,-0.014163022039129454,34.26816884209128,0.39004776758306164,0.009418744525379118,0.06350952255375245,1628,160.28656849041712,0.3040122985839844
1629,11052.043,2505.5766666666673,8678.666666666666,100,100,1088,4.733006064805736,7.97671568627451,5.463289260864258,-2505.5766666666673,-0.0124882450875114,25.762280660517074,0.39153899164760814,0.02542597970322651,0.057904411764705885,1629,160.29633193271127,0.3040122985839844
1630,11066.153,2543.143333333333,8757.999999999998,100,100,1091,4.729043813887556,8.027497708524288,5.472348928451538,-2543.143333333333,0.018427545411719218,35.941554387410484,0.3714373894035816,0.030350976368127804,0.08000578731298447,1630,160.3054874174575,0.3040122985839844
1631,11071.68,2538.106666666667,8756.333333333334,100,100,1087,4.165784451444809,8.055504446488808,4.822951555252075,-2538.106666666667,-0.011865199050482582,35.16655422659481,0.3487504755749422,0.01209782699451727,0.0680949466631693,1631,160.20876388653582,0.3040122985839844
1632,11077.216,2512.4999999999995,8627.999999999998,100,100,1089,4.153712948953563,7.922865013774103,4.820490121841431,-2512.4999999999995,0.041172521473425955,34.4175312783983,0.39432861904303235,0.013915708851224432,0.0763888888888889,1632,160.22699720395426,0.3040122985839844
1633,11083.351,2468.9166666666665,8478.333333333332,100,100,1089,4.718592379193435,7.7854300581573295,5.437694549560547,-2468.9166666666665,-0.05697352025243971,27.825720575120712,0.3737756726267334,0.00903090608254489,0.06901041666666667,1633,160.23655133027225,0.3040122985839844
1634,11089.406,2444.080000000001,8511.333333333332,100,100,1086,4.688063258876334,7.83732351135666,5.387919187545776,-2444.080000000001,-0.013776509255609092,36.50828866397633,0.3979147847960977,0.015532194506650901,0.08939160318935618,1634,160.24699621214992,0.3040122985839844
1635,11095.511,2499.286666666667,8597.666666666664,100,100,1088,4.701554136451758,7.9022671568627425,5.418282985687256,-2499.286666666667,-0.010789349291692762,33.86700467502369,0.3934591903406031,0.010361836442504735,0.06158088235294118,1635,160.25687856116784,0.3040122985839844
1636,11101.654,2504.7,8574.666666666666,100,100,1089,4.704326630678606,7.873890419344964,5.422222375869751,-2504.7,-0.00907816644757986,32.84673289457957,0.35208931252256864,0.01361098436690453,0.08723958333333333,1636,160.26629985910273,0.3040122985839844
1637,11107.779,2510.3,8661.999999999996,100,100,1086,4.719331860435101,7.976058931860034,5.431560516357422,-2510.3,-0.009558633805307396,38.13953270631678,0.39374497708152323,0.0032327062012079883,0.059801944914986103,1637,160.27569820468312,0.3040122985839844
1638,11113.906,2629.183333333333,8840.0,100,100,1086,4.743088212470536,8.139963167587476,5.461855888366699,-2629.183333333333,-0.00936122060589054,42.387230704812445,0.4515585951945361,0.02176912983550745,0.060810009346288794,1638,160.28504775613618,0.3040122985839844
1639,11119.996,2557.5499999999993,8764.666666666664,100,100,1085,4.711528293775558,8.078033794162824,5.415895938873291,-2557.5499999999993,-0.016411170637344614,32.61075928631951,0.41362474683453054,0.005933179636485875,0.06559637145084493,1639,160.29483832639258,0.3040122985839844
1640,11134.001,2499.246666666668,8697.66666666667,100,100,1085,4.738697325724954,8.016282642089097,5.450436115264893,-2499.246666666668,-0.01525056959294221,25.169723791234635,0.3680856499601813,0.015325388960584807,0.09539989119066912,1640,160.30424884083976,0.3040122985839844
1641,11139.591,2471.69,8579.333333333334,100,100,1087,4.255896687045824,7.8926709598282745,4.921071529388428,-2471.69,-0.011166633709388621,29.726621796103085,0.36986194901606617,0.018925446479389554,0.0689630020300255,1641,160.20786020663968,0.3040122985839844
1642,11145.095,2436.6333333333328,8474.333333333334,100,100,1086,4.170052302743156,7.803253529772867,4.827803373336792,-2436.6333333333328,-0.011107943568597822,24.98820400238037,0.43343830546912027,0.015389333164100261,0.06306333007181392,1642,160.2261866599708,0.3040122985839844
1643,11151.199,2402.5133333333333,8519.999999999998,100,100,1082,4.724318205934988,7.87430683918669,5.399676322937012,-2402.5133333333333,-0.012912496431347202,25.47401007483987,0.38720257317318635,0.014631285044528982,0.04413349373156533,1643,160.235500775204,0.3040122985839844
1644,11157.327,2509.9533333333325,8589.666666666662,100,100,1087,4.717076081815137,7.90217724624348,5.4219605922698975,-2509.9533333333325,-0.011393033077611643,30.004225562600528,0.36266417976687937,0.01183826505781754,0.06441118140869281,1644,160.24491700532172,0.3040122985839844
1645,11163.444,2604.9800000000005,8816.333333333334,100,100,1087,4.722372216314742,8.110702238577124,5.4353485107421875,-2604.9800000000005,-0.011672280783600667,29.828184464398554,0.40295969563371997,0.018261083887944764,0.05337447503252941,1645,160.25450110701402,0.3040122985839844
1646,11169.505,2508.066666666667,8598.333333333336,100,100,1082,4.698885674997235,7.946703635243379,5.379907131195068,-2508.066666666667,-0.012961380621966194,29.448586912716138,0.3940858087118934,0.006214217022609185,0.07156440166427809,1646,160.2643933545762,0.3040122985839844
1647,11175.69,2487.8300000000004,8601.66666666667,100,100,1083,4.769798337364963,7.942443828870425,5.482718229293823,-2487.8300000000004,-0.009088664699126692,33.42413380566765,0.4327186871977413,0.01833213496309541,0.06936222577796262,1647,160.272616718097,0.3040122985839844
1648,11181.813,2472.123333333334,8500.66666666667,100,100,1086,4.717137937157022,7.827501534683858,5.423353672027588,-2472.123333333334,-0.011886869009365053,30.56271238888011,0.3655001534258618,0.019217197666876018,0.06721418394761927,1648,160.2819720074216,0.3040122985839844
1649,11187.96,2467.5500000000006,8552.000000000005,100,100,1089,4.730608079307076,7.853076216712585,5.453015565872192,-2467.5500000000006,-0.008068153272486396,24.957183889216846,0.38483607437875533,0.011940887016761634,0.04991319444444445,1649,160.29124574443682,0.3040122985839844
1650,11201.852,2565.79,8663.999999999998,100,100,1088,4.712094761356745,7.963235294117645,5.421522378921509,-2565.79,-0.013531545451020493,35.23092522340662,0.4063627088771147,0.01784776077222298,0.0744485294117647,1650,160.30133360474417,0.3040122985839844
1651,11207.629,2456.8433333333332,8500.666666666666,100,100,1088,4.421764245682211,7.813112745098039,5.103339910507202,-2456.8433333333332,-0.011399431510225815,35.44800744337194,0.3409388161757413,0.007070095400729983,0.07720588235294118,1651,160.20409119021994,0.3040122985839844
1652,11213.191,2536.153333333333,8673.666666666666,100,100,1090,4.182989449013845,7.957492354740061,4.851123094558716,-2536.153333333333,-0.06621015346091655,37.34569835662842,0.3616578330596288,-0.004536829806359795,0.0646701388888889,1652,160.22182675374415,0.3040122985839844
1653,11219.296,2404.0099999999993,8515.000000000002,100,100,1086,4.720732044324821,7.840699815837939,5.415287017822266,-2404.0099999999993,-0.007294181419317336,28.815162714789896,0.3956461242016624,0.009773813996135312,0.07381107658147812,1653,160.23144966216248,0.3040122985839844
1654,11225.43,2505.5800000000004,8611.666666666672,100,100,1089,4.726728743850446,7.907866544230185,5.437433958053589,-2505.5800000000004,0.023326603488789663,38.389994382858276,0.3855651004446877,0.01674030121648684,0.0842013888888889,1654,160.24090403774616,0.3040122985839844
1655,11231.554,2516.29,8637.999999999996,100,100,1088,4.713333546854248,7.939338235294114,5.428377866744995,-2516.29,-0.007340780788046473,31.519078703487622,0.349126852610532,0.009059665176798315,0.06387867647058823,1655,160.25039996119006,0.3040122985839844
1656,11237.63,2447.230000000001,8504.666666666673,100,100,1086,4.721365746519739,7.831184775936164,5.415640354156494,-2447.230000000001,-0.011429984697743374,28.043366095599005,0.3241695682792103,0.012155861160649425,0.06266306910444708,1656,160.2603923423673,0.3040122985839844
1657,11243.776,2507.953333333333,8580.666666666662,100,100,1087,4.753822538523619,7.8938975774302325,5.467763185501099,-2507.953333333333,-0.008403397384373582,24.104585086598117,0.37451732859892006,0.009505441261674552,0.06032621444148176,1657,160.26947275326268,0.3040122985839844
1658,11249.849,2482.6833333333334,8677.666666666668,100,100,1088,4.7010386038249745,7.975796568627452,5.408769130706787,-2482.6833333333334,-0.011683639467639081,25.04343032836914,0.32986457996508656,0.021943268075119704,0.0546875,1658,160.27966256674694,0.3040122985839844
1659,11255.928,2486.9766666666674,8535.000000000007,100,100,1086,4.711272467903683,7.859116022099454,5.4112889766693115,-2486.9766666666674,-0.012248981470132576,20.36118434457218,0.3246123356854214,0.009587642002289239,0.04878735761432087,1659,160.2895865067618,0.3040122985839844
1660,11269.94,2577.5533333333324,8656.333333333332,100,100,1084,4.755988192458455,7.985547355473553,5.4645771980285645,-2577.5533333333324,-0.014678349773235181,34.941972732543945,0.33073390319066887,0.013690331791568658,0.06832107879659709,1660,160.29803879144248,0.3040122985839844
1661,11275.671,2570.2500000000005,8714.0,100,100,1088,4.362009098900565,8.009191176470589,5.039312839508057,-2570.2500000000005,-0.013714675243724795,26.43352929283591,0.3295266956967466,0.015251992941450547,0.07169117647058823,1661,160.20155229127712,0.3040122985839844
1662,11281.224,2519.349999999999,8633.33333333333,100,100,1090,4.184105688035317,7.920489296636083,4.860044479370117,-2519.349999999999,-0.08479574651250409,31.748981793721516,0.3509570066299703,-0.002131498793864416,0.07508680555555555,1662,160.2193228106739,0.3040122985839844
1663,11287.363,2601.8833333333337,8777.333333333334,100,100,1090,4.729034404543767,8.052599388379205,5.452169895172119,-2601.8833333333337,-0.011435135319415066,38.24891781806946,0.3364757203577003,0.012427835162573805,0.06640625,1663,160.22875075314982,0.3040122985839844
1664,11293.451,2527.666666666668,8640.33333333334,100,100,1087,4.71411618980705,7.948788715118067,5.415575742721558,-2527.666666666668,-0.013185630032025716,24.68787156834322,0.32983316130497875,0.005295869913157623,0.06347017987247776,1664,160.2386255150712,0.3040122985839844
1665,11299.61,2401.1433333333334,8537.333333333328,100,100,1089,4.725868504749281,7.839608203244563,5.439326047897339,-2401.1433333333334,0.04009837000113395,25.87163019180298,0.30573948431501524,0.017304743012775563,0.06163194444444445,1665,160.24767402863264,0.3040122985839844
1666,11305.704,2596.7366666666667,8718.66666666667,100,100,1091,4.677202658515208,7.991445157348002,5.400114059448242,-2596.7366666666667,-0.0017168386321928767,30.697577317555744,0.29799260157677865,0.009410373931233253,0.06380208333333333,1666,160.2577743662965,0.3040122985839844
1667,11311.819,2467.779999999999,8580.999999999995,100,100,1091,4.7173374868147455,7.865261228230976,5.444474697113037,-2467.779999999999,-0.012670558566848436,34.58657597833209,0.2837182867030303,0.017630867226721927,0.06134259286854002,1667,160.26759704422344,0.3040122985839844
1668,11317.905,2598.8566666666666,8749.666666666668,100,100,1088,4.700082997206825,8.041973039215687,5.4119651317596436,-2598.8566666666666,-0.01403306090437314,33.91986050325281,0.31478360558257384,0.01742044074447168,0.0546875,1668,160.27754442897097,0.3040122985839844
1669,11324.029,2533.146666666667,8548.666666666668,100,100,1088,4.740326285173069,7.857230392156864,5.467753648757935,-2533.146666666667,-0.014565965818131672,27.04335167828728,0.3184863442883772,0.020962021888836342,0.06158088235294118,1669,160.28694845070956,0.3040122985839844
1670,11337.939,2479.083333333333,8694.33333333333,100,100,1090,4.692284862506588,7.976452599388376,5.407418251037598,-2479.083333333333,-0.013248153160222702,24.483959957957268,0.3227024967610659,0.00939689390684685,0.049479166666666664,1670,160.29657964734568,0.3040122985839844
1671,11343.552,2502.3266666666664,8769.666666666664,100,100,1083,4.290967774237759,8.097568482610031,4.930948257446289,-2502.3266666666664,-0.008509253175682662,24.523961431839886,0.30512889956726746,0.011818952413330622,0.06756293598343344,1671,160.20264007104285,0.3040122985839844
1672,11349.147,2373.153333333333,8315.333333333332,100,100,1089,4.192201746606308,7.635751453933271,4.8652284145355225,-2373.153333333333,-0.008961876078198353,22.807802551322514,0.34692191291186547,0.008294877751419941,0.09678819444444445,1672,160.21962099935274,0.3040122985839844
1673,11355.373,2449.760000000001,8573.000000000004,100,100,1087,4.786518768779248,7.886844526218955,5.52628231048584,-2449.760000000001,-0.016804650138296625,23.171695540933047,0.32336268354864683,0.025142424917730215,0.08512050713248112,1673,160.2274963137287,0.3040122985839844
1674,11361.565,2511.253333333333,8645.999999999998,100,100,1091,4.7306985348696955,7.924839596700274,5.46722674369812,-2511.253333333333,-0.012881512546704875,25.377875910864937,0.3080892731539077,0.0058967833416924504,0.06510416666666667,1674,160.23619322621096,0.3040122985839844
1675,11367.752,2482.9533333333347,8645.000000000002,100,100,1091,4.719000642519106,7.923923006416134,5.452571153640747,-2482.9533333333347,0.0015740135891569986,24.984058724509346,0.30083299842145705,0.01792078049361913,0.07175925953520669,1675,160.2449674342586,0.3040122985839844
1676,11373.92,2511.4266666666667,8504.999999999998,100,100,1091,4.709092758879352,7.795600366636112,5.436067819595337,-2511.4266666666667,-0.026187842194404867,33.05932007895576,0.3117008399632242,0.012966933104002641,0.10503472222222222,1676,160.2539800248312,0.3040122985839844
1677,11380.01,2357.9333333333334,8247.999999999998,100,100,1088,4.694209740217262,7.580882352941175,5.395686864852905,-2357.9333333333334,-0.014655696885550724,28.364484786987305,0.3261837525402798,0.00681882504346397,0.06847426470588236,1677,160.2638254406481,0.3040122985839844
1678,11386.133,2430.019999999999,8568.666666666664,100,100,1087,4.703312697040693,7.882858019012571,5.402325868606567,-2430.019999999999,-0.0107733562369557,24.271093677071963,0.3813319784753463,0.02480217124855913,0.1044146828353405,1678,160.27313104926012,0.3040122985839844
1679,11392.32,2565.743333333334,8680.000000000007,100,100,1089,4.73768200213902,7.970615243342523,5.467036724090576,-2565.743333333334,0.09578068652707669,46.630340503321754,0.31809358050425846,0.006933422623357425,0.0646701388888889,1679,160.28165965697772,0.3040122985839844
1680,11406.293,2511.27,8673.333333333332,100,100,1089,4.716329291848598,7.964493419038872,5.430403470993042,-2511.27,-0.06307007243028945,25.312953962220085,0.3439367446634505,0.008491548418533057,0.057291666666666664,1680,160.29063585547283,0.3040122985839844
1681,11411.939,2459.8233333333333,8598.333333333332,100,100,1088,4.2898711364935425,7.902879901960783,4.959082365036011,-2459.8233333333333,-0.01290172804147005,22.480163910809686,0.32816248124136643,0.018256240962621045,0.08409926470588236,1681,160.1968733666989,0.3040122985839844
1682,11417.462,2572.3700000000003,8704.000000000002,100,100,1088,4.182441638156032,8.000000000000002,4.855132341384888,-2572.3700000000003,-0.014770067844759016,30.199835552888757,0.31682320421232896,0.013377586547422278,0.07261029411764706,1682,160.21468222292205,0.3040122985839844
1683,11423.663,2487.8266666666664,8560.333333333332,100,100,1089,4.725558585568551,7.860728497092133,5.458787441253662,-2487.8266666666664,0.011759389191865921,39.0481779244211,0.3325235839519236,0.027523431710303865,0.06901041666666667,1683,160.22303237718086,0.3040122985839844
1684,11429.794,2648.6666666666656,8802.333333333325,100,100,1091,4.6789967030283375,8.068133211121287,5.413973331451416,-2648.6666666666656,-0.020091775804758072,42.97937658098009,0.38748293100959724,0.021636366029269993,0.0920138888888889,1684,160.23254315856082,0.3040122985839844
1685,11435.947,2488.8833333333337,8580.66666666667,100,100,1085,4.733642489190132,7.908448540706608,5.4463951587677,-2488.8833333333337,-0.014824627022094587,35.8950657564051,0.37912821331444907,0.020100104423952016,0.08108576398123712,1685,160.24121345558632,0.3040122985839844
1686,11442.114,2548.2699999999995,8544.999999999995,100,100,1090,4.719643942892142,7.839449541284399,5.45222282409668,-2548.2699999999995,-0.042948505323794156,28.834138856993782,0.34727007150650024,0.014492885099672195,0.07855902777777778,1686,160.25011528082968,0.3040122985839844
1687,11448.311,2540.683333333334,8531.000000000005,100,100,1091,4.724230796122611,7.819431714023836,5.461923360824585,-2540.683333333334,-0.016662560894878373,37.740800354215835,0.36173346762855846,0.029497749999993376,0.06163194444444445,1687,160.25868242047,0.3040122985839844
1688,11454.493,2511.4300000000007,8607.333333333334,100,100,1091,4.732324748609888,7.889398105713413,5.471366882324219,-2511.4300000000007,0.02838222837696473,32.737313363287186,0.3440037440094683,0.02706351607856858,0.05946180555555555,1688,160.26741359341545,0.3040122985839844
1689,11460.593,2602.68,8657.666666666664,100,100,1087,4.695934405110831,7.964734743943573,5.415714502334595,-2602.68,-0.009670828469097614,28.080564667196835,0.32053525745868683,0.02754080359933569,0.06670897552633986,1689,160.2769559905617,0.3040122985839844
1690,11474.631,2543.596666666667,8580.666666666664,100,100,1088,4.693607535741381,7.8866421568627425,5.416679859161377,-2543.596666666667,-0.014995196642463697,34.20897685780245,0.34264445918447833,0.030834213912706163,0.09145220588235294,1690,160.28645442972314,0.3040122985839844
1691,11480.198,2470.2066666666665,8650.333333333336,100,100,1089,4.1940404026092635,7.943373125191309,4.857278823852539,-2470.2066666666665,-0.006296983040455315,32.40824318594403,0.39080601351128685,0.0299980307269531,0.05772569444444445,1691,160.19288443601104,0.3040122985839844
1692,11485.739,2552.243333333334,8596.000000000004,100,100,1088,4.196180883702575,7.90073529411765,4.869822025299072,-2552.243333333334,-0.01008912137545207,23.977623126086065,0.3347059562802315,0.015740553824477557,0.06709558823529412,1692,160.21032265268693,0.3040122985839844
1693,11491.813,2406.8866666666663,8438.333333333328,100,100,1088,4.710702755212825,7.755821078431368,5.409980535507202,-2406.8866666666663,-0.0109600403400905,35.33786543677835,0.33347127981045666,0.026890609187402707,0.06295955882352941,1693,160.2203217607973,0.3040122985839844
1694,11497.911,2410.5133333333333,8338.333333333334,100,100,1087,4.723610118478742,7.670959828273536,5.438830614089966,-2410.5133333333333,-0.014371735372525804,26.215144774493048,0.2731563348103972,0.021450541523175642,0.08235585930592873,1694,160.2298906730719,0.3040122985839844
1695,11504.029,2613.3566666666675,8796.666666666666,100,100,1087,4.7157036791501605,8.092609628948175,5.433100461959839,-2613.3566666666675,-0.013594653128701098,40.383704522076776,0.2997438456205761,0.023948584214154193,0.058896475526339864,1695,160.23916458200713,0.3040122985839844
1696,11510.133,2588.446666666666,8664.666666666664,100,100,1088,4.714869852357558,7.963848039215684,5.4304540157318115,-2588.446666666666,-0.01095884435755365,36.34277685950784,0.2728586109245525,0.029190417932113633,0.06158088235294118,1696,160.24871892855248,0.3040122985839844
1697,11516.31,2512.8466666666664,8579.000000000002,100,100,1087,4.759377736740479,7.892364305427785,5.482267141342163,-2512.8466666666664,-0.01070465925423538,45.135256486780506,0.27672984714017196,0.024028647492420587,0.05059523820219671,1697,160.25714577290472,0.3040122985839844
1698,11522.439,2393.11,8415.999999999998,100,100,1085,4.736359999300526,7.756682027649768,5.4289772510528564,-2393.11,-0.010805421892334433,23.394471729502957,0.2676725291153964,0.03527867840774193,0.07058371472008088,1698,160.2660689616096,0.3040122985839844
1699,11528.583,2446.59,8510.666666666664,100,100,1088,4.733422977605026,7.822303921568626,5.4571452140808105,-2446.59,-0.012314793927704586,30.464017026564655,0.3464532012448591,0.05646686029264375,0.08777573529411764,1699,160.275024477321,0.3040122985839844
1700,11542.559,2541.3866666666668,8672.333333333336,100,100,1085,4.694896224190906,7.992933947772659,5.390232086181641,-2541.3866666666668,-0.009163530050393413,39.60697005776798,0.31712448947569905,0.03707776830517961,0.061279532116125614,1700,160.2846133390355,0.3040122985839844
1701,11548.14,2357.3366666666666,8416.0,100,100,1089,4.200758404676573,7.728191000918273,4.85593843460083,-2357.3366666666666,-0.06070215055822498,29.947123448053997,0.3557114712893963,0.032302290867341474,0.047309027777777776,1701,160.19186408157663,0.3040122985839844
1702,11553.681,2465.016666666666,8563.0,100,100,1090,4.157241282732559,7.8559633027522935,4.835357666015625,-2465.016666666666,-0.0057441542028552955,30.863685025109184,0.3770563726623853,0.04098396840143121,0.05078125,1702,160.20937038783407,0.3040122985839844
1703,11559.767,2581.3433333333337,8704.333333333332,100,100,1088,4.698311857282533,8.00030637254902,5.406738519668579,-2581.3433333333337,-0.008196197285809937,40.48390640931971,0.3921585959546706,0.06599931140183746,0.059283088235294115,1703,160.21915194011154,0.3040122985839844
1704,11565.909,2491.750000000001,8704.0,100,100,1089,4.714429937281686,7.992653810835629,5.435370922088623,-2491.750000000001,-0.05081688648917609,32.83566843138801,0.38593519349685973,0.02879476100982477,0.07421875,1704,160.22822395923419,0.3040122985839844
1705,11572.015,2537.2566666666676,8569.000000000004,100,100,1090,4.682927522402462,7.86146788990826,5.399943828582764,-2537.2566666666676,-0.022103417613026168,31.74260499742296,0.3759178544084231,0.03363355269377482,0.06163194444444445,1705,160.2378704323898,0.3040122985839844
1706,11578.2,2411.4100000000008,8472.666666666666,100,100,1090,4.725442202804491,7.77308868501529,5.4439191818237305,-2411.4100000000008,0.03932959107785589,30.559467766020035,0.35723891026443905,0.026717517072231405,0.043402777777777776,1706,160.2464063693242,0.3040122985839844
1707,11584.292,2466.3899999999994,8722.666666666668,100,100,1088,4.699534372882815,8.017156862745098,5.406846761703491,-2466.3899999999994,-0.014179676552029216,26.579707313986386,0.34526752023135915,0.027400569100042477,0.06158088235294118,1707,160.25605854476896,0.3040122985839844
1708,11590.444,2524.2933333333335,8592.666666666666,100,100,1089,4.720781817117191,7.890419344964799,5.4406116008758545,-2524.2933333333335,0.038269726300819054,29.834535333845352,0.3606831162340111,0.013182085279064873,0.06293402777777778,1708,160.26495756817363,0.3040122985839844
1709,11596.636,2533.063333333332,8746.666666666664,100,100,1089,4.736358494945965,8.03183348637894,5.465260028839111,-2533.063333333332,-0.05254919599327776,29.186765207184685,0.37138726293212837,0.01525005074735317,0.05946180555555555,1709,160.27329014693214,0.3040122985839844
1710,11610.587,2467.606666666668,8530.33333333334,100,100,1087,4.6917368901427405,7.847592762956154,5.393057107925415,-2467.606666666668,-0.009419149691786836,25.903529728160184,0.3576103703064077,0.025455761834403828,0.048786181299125445,1710,160.2829913896385,0.3040122985839844
1711,11616.274,2484.5566666666678,8686.000000000011,100,100,1088,4.34408602760574,7.983455882352951,5.011747598648071,-2484.5566666666678,-0.01011411503286046,29.493932555703555,0.3540034486966975,0.021377112687332556,0.05330882352941176,1711,160.18957544206086,0.3040122985839844
1712,11621.813,2558.6433333333334,8749.333333333334,100,100,1086,4.195914916461763,8.056476365868631,4.856354475021362,-2558.6433333333334,-0.011340815464363378,31.24600819980397,0.3226422777070719,0.03739915973164898,0.040085388895343334,1712,160.20667200794185,0.3040122985839844
1713,11627.983,2534.1566666666677,8647.66666666667,100,100,1091,4.721324195241083,7.926367247173849,5.457803010940552,-2534.1566666666677,0.005880549601796601,26.799112995465595,0.294939701548881,0.014687216032244679,0.06785300953520669,1713,160.21550256994138,0.3040122985839844
1714,11634.131,2552.8,8652.66666666667,100,100,1091,4.7373377639496415,7.930950198594564,5.472301244735718,-2552.8,-0.013710135594010353,27.245085292392307,0.34341126928726834,0.027078237294012472,0.06785300953520669,1714,160.22460535193687,0.3040122985839844
1715,11640.248,2422.01,8559.333333333334,100,100,1081,4.737262906240442,7.917977181621955,5.414378643035889,-2422.01,-0.010231619207736324,47.147162325241986,0.2946395207853878,0.013902613410370095,0.05651767288937288,1715,160.23327026371143,0.3040122985839844
1716,11646.462,2447.5200000000004,8562.0,100,100,1092,4.755911353660829,7.84065934065934,5.498777627944946,-2447.5200000000004,-0.008813888765871525,32.95299983024597,0.27300094275010955,0.012892259255750105,0.06336805555555555,1716,160.24154469125514,0.3040122985839844
1717,11652.548,2392.846666666666,8461.666666666672,100,100,1087,4.691521985530888,7.78442195645508,5.388635873794556,-2392.846666666666,-0.012734099346048692,38.44389724731445,0.28337293819469567,0.017143893665086257,0.05244806282879675,1717,160.25115046796492,0.3040122985839844
1718,11658.664,2495.936666666667,8588.33333333333,100,100,1088,4.714581985514515,7.893688725490193,5.43609881401062,-2495.936666666667,-0.009820845799849313,26.450143926283893,0.2521054043489344,0.022079425952945125,0.06939338235294118,1718,160.26039229927352,0.3040122985839844
1719,11664.749,2401.386666666667,8367.666666666668,100,100,1087,4.715354002972768,7.697945415516714,5.411487102508545,-2401.386666666667,-0.010919512728886568,21.52262039745555,0.2544393298380515,0.0072654368842075415,0.05244806277401307,1719,160.26997063530152,0.3040122985839844
1720,11678.768,2495.9533333333334,8577.000000000002,100,100,1091,4.707418788180923,7.861594867094411,5.441973686218262,-2495.9533333333334,-0.020589080018301804,29.82183912065294,0.2483221443576945,0.014254384690300666,0.055121527777777776,1720,160.27871316416272,0.3040122985839844
1721,11684.473,2499.343333333335,8677.000000000004,100,100,1089,4.326679705662689,7.96786042240588,4.997631788253784,-2499.343333333335,-0.006591196378899945,26.758735368649166,0.2552558110199041,0.017962212066373065,0.059895833333333336,1721,160.18599878684304,0.3040122985839844
1722,11690.04,2547.38,8700.666666666668,100,100,1087,4.194805426964332,8.00429316160687,4.871724367141724,-2547.38,-0.011190297136850217,27.991749987882727,0.27534163042026405,0.015604662695242202,0.07086688871769344,1722,160.20270230539424,0.3040122985839844
1723,11696.144,2469.6233333333344,8597.333333333338,100,100,1084,4.70978053646657,7.9311193111931155,5.394441604614258,-2469.6233333333344,-0.01217548650525072,24.773953381706686,0.24874851808828466,0.018521445618449327,0.06289828459129614,1723,160.21177283191213,0.3040122985839844
1724,11702.317,2490.270000000001,8693.999999999998,100,100,1089,4.724721029281952,7.983471074380164,5.450683116912842,-2490.270000000001,0.07063289235035579,32.61762197564045,0.27460601553320885,0.015639664307754073,0.07335069444444445,1724,160.22032162038877,0.3040122985839844
1725,11708.391,2513.52,8614.333333333338,100,100,1083,4.704051064254264,7.954139735303174,5.388981103897095,-2513.52,-0.009749846423373502,31.17495620951933,0.30051196059759927,0.01786333488930455,0.07533649048384498,1725,160.22970509359408,0.3040122985839844
1726,11714.515,2483.7933333333335,8609.333333333336,100,100,1086,4.7260252302203805,7.927562922038063,5.437041282653809,-2483.7933333333335,-0.014727603753699976,27.993399451760684,0.3343774720149882,0.007983854971826077,0.07455230066004921,1726,160.23864941407209,0.3040122985839844
1727,11720.676,2473.423333333333,8580.999999999998,100,100,1087,4.733554458994463,7.8942042318307255,5.438556432723999,-2473.423333333333,-0.014255482251481974,29.20834675957175,0.3148343549931751,0.009196808835601105,0.06901406431022812,1727,160.24715083327905,0.3040122985839844
1728,11726.8,2527.4900000000007,8598.0,100,100,1086,4.730729557831924,7.917127071823204,5.431578874588013,-2527.4900000000007,-0.013560487340916605,24.86485907610725,0.3107416060040979,0.009926983153598164,0.07419651308480431,1728,160.2560743302395,0.3040122985839844
1729,11732.963,2564.3066666666664,8804.333333333332,100,100,1089,4.712237556476943,8.084787266605447,5.431799411773682,-2564.3066666666664,-0.08084593702935511,30.408017259944852,0.27073109345898655,0.004597496441824155,0.0685763888888889,1729,160.26471636729661,0.3040122985839844
1730,11746.895,2435.8066666666664,8491.666666666662,100,100,1089,4.728501101487972,7.797673706764612,5.448877573013306,-2435.8066666666664,-0.0034417837030357784,23.02444187634521,0.25882636983361507,0.009462484221633835,0.06510416666666667,1730,160.2733023074759,0.3040122985839844
1731,11752.782,2430.7333333333336,8619.333333333334,100,100,1091,4.4582834106415,7.9003971891231295,5.176980257034302,-2430.7333333333336,0.027158654398388334,35.009142345852325,0.2677020345193644,0.010644937878371112,0.06336805555555555,1731,160.17995333540938,0.3040122985839844
1732,11758.319,2437.0266666666676,8409.66666666667,100,100,1088,4.209333364355295,7.729473039215689,4.873969793319702,-2437.0266666666676,-0.013685850755256765,27.837130602668314,0.28569014545749216,0.011737650643815012,0.06020220588235294,1732,160.19704895793095,0.3040122985839844
1733,11764.5,2526.9,8708.000000000002,100,100,1091,4.738509806946917,7.981668194317142,5.471281051635742,-2526.9,-0.01301639387384057,27.090602967474197,0.25051817463503945,0.013001714199264016,0.06380208333333333,1733,160.20561918922786,0.3040122985839844
1734,11770.557,2479.46,8478.666666666666,100,100,1087,4.672089510013819,7.800061330880098,5.387662410736084,-2479.46,-0.011071789516683887,27.485141473657944,0.23339526311439626,0.007245661634335513,0.05658409218577778,1734,160.21552802812283,0.3040122985839844
1735,11776.72,2396.7633333333333,8377.666666666672,100,100,1086,4.730276149954015,7.7142418661755725,5.453453063964844,-2396.7633333333333,-0.011204189018291585,24.44455660090727,0.21241122002110763,0.01381921608631006,0.06304850560777328,1735,160.22389636288287,0.3040122985839844
1736,11782.855,2414.81,8395.333333333334,100,100,1087,4.724258326487521,7.723397730757437,5.449290037155151,-2414.81,-0.011312676922363393,27.465906591976392,0.22444606002639322,0.014280562487650006,0.06670897547155619,1736,160.23272256486575,0.3040122985839844
1737,11788.961,2261.9600000000005,8233.333333333338,100,100,1086,4.73581887391425,7.581338244321674,5.441443920135498,-2261.9600000000005,-0.011003241600359188,32.34227309507482,0.2411497958442744,0.011749158668167451,0.05204874277114868,1737,160.24185471338507,0.3040122985839844
1738,11795.084,2479.133333333334,8567.999999999998,100,100,1089,4.70181147626082,7.867768595041321,5.430666923522949,-2479.133333333334,-0.03170815430995491,27.49124088842008,0.2586272466513846,0.010801990341860801,0.04774305555555555,1738,160.25100308793552,0.3040122985839844
1739,11801.197,2431.58,8503.333333333334,100,100,1086,4.715811140371339,7.829957028852057,5.421441078186035,-2431.58,-0.010541467557606451,25.718291394850787,0.23272673654205658,0.013019259765689425,0.05667397993452409,1739,160.2600271035201,0.3040122985839844
1740,11815.093,2336.206666666666,8327.0,100,100,1086,4.678362705204533,7.667587476979742,5.3710198402404785,-2336.206666666666,-0.013825753320227651,23.352414776297177,0.24331647771246293,0.015658009266510762,0.06773304062731125,1740,160.26962888143854,0.3040122985839844
1741,11820.753,2504.1333333333328,8602.666666666662,100,100,1089,4.289189897070547,7.89960208142026,4.956270933151245,-2504.1333333333328,0.0027239006271378863,26.86906563738982,0.2091509960591793,0.017718932293872867,0.07161458333333333,1741,160.17887663225017,0.3040122985839844
1742,11826.25,2352.0166666666673,8379.333333333336,100,100,1088,4.176187038704965,7.701593137254904,4.845193147659302,-2352.0166666666673,-0.00777571604532354,30.42207072762882,0.19599751120104508,0.020242701017516938,0.07996323529411764,1742,160.19643169231514,0.3040122985839844
1743,11832.296,2417.1299999999987,8411.666666666668,100,100,1083,4.704859186632908,7.767005232379195,5.39182710647583,-2417.1299999999987,-0.009381939602248809,23.01487659005558,0.1898028701543808,0.010963919408181134,0.06702548605115975,1743,160.20610665098008,0.3040122985839844
1744,11838.39,2396.6666666666674,8497.000000000005,100,100,1088,4.700203120913049,7.809742647058829,5.405799865722656,-2396.6666666666674,-0.009619472904459518,29.622687227585736,0.1818169736686875,0.02328569703283446,0.06479779411764706,1744,160.215532914661,0.3040122985839844
1745,11844.536,2457.796666666666,8639.666666666666,100,100,1089,4.693826355311175,7.933578206305478,5.407170534133911,-2457.796666666666,-0.022027478139433596,22.449185646242565,0.14361717694232035,0.01809666025090135,0.059895833333333336,1745,160.2243436383609,0.3040122985839844
1746,11850.706,2505.170000000001,8412.000000000004,100,100,1092,4.70529294733961,7.703296703296707,5.4477314949035645,-2505.170000000001,-0.04732631193473935,29.644003020392525,0.1660591136250231,0.016277661378909316,0.06640625,1746,160.2330650442093,0.3040122985839844
1747,11856.829,2310.5333333333333,8312.999999999998,100,100,1087,4.731989052684733,7.647654093836245,5.441096544265747,-2310.5333333333333,-0.011920272619189584,35.65272521972656,0.15504468254306736,0.0110305471393718,0.0524626519969281,1747,160.24202002330958,0.3040122985839844
1748,11862.904,2385.6066666666648,8439.666666666659,100,100,1087,4.697397056424677,7.764182766022685,5.389925718307495,-2385.6066666666648,-0.007672286099370788,27.917763149037082,0.18186507352134762,0.029756336000419277,0.07499562357278432,1748,160.25156490701596,0.3040122985839844
1749,11869.017,2378.5833333333335,8456.0,100,100,1087,4.722283807499188,7.779208831646734,5.423959493637085,-2378.5833333333335,-0.013532742310096236,26.58481502532959,0.16467653280671904,0.023050896112930357,0.06163194468792747,1749,160.26061204755644,0.3040122985839844
1750,11883.021,2397.0666666666666,8519.0,100,100,1088,4.711627482452862,7.829963235294118,5.415099620819092,-2397.0666666666666,-0.009551162941052634,21.956402021295883,0.17542263383374496,0.006200406678116825,0.05606617647058824,1750,160.26949677079756,0.3040122985839844
1751,11888.712,2317.506666666666,8351.999999999998,100,100,1089,4.271828649006271,7.669421487603304,4.9307403564453125,-2317.506666666666,-0.05772882252414194,27.025615135828655,0.18409051006245944,0.01799601577254685,0.06336805555555555,1751,160.17826076528564,0.3040122985839844
1752,11894.252,2431.9899999999993,8437.999999999996,100,100,1090,4.165507798561604,7.741284403669721,4.830621719360352,-2431.9899999999993,-0.028566545858565304,27.196535229682922,0.2427822301785151,0.005540871242475178,0.05772569444444445,1752,160.19527175849566,0.3040122985839844
1753,11900.39,2288.3066666666673,8373.0,100,100,1087,4.7411790259847315,7.702851885924563,5.447617053985596,-2288.3066666666673,-0.01040705556378645,22.87993069256053,0.19474142263917363,0.013616209591204739,0.07314279894618426,1753,160.20399647134872,0.3040122985839844
1754,11906.532,2400.476666666667,8378.999999999998,100,100,1089,4.702633150461531,7.694214876033056,5.414281368255615,-2400.476666666667,-0.01201113088366886,22.339397450288136,0.2087529897667587,0.019555393878060084,0.053385416666666664,1754,160.2128104328576,0.3040122985839844
1755,11912.716,2320.75,8206.000000000002,100,100,1089,4.71829109569914,7.535353535353537,5.433692455291748,-2320.75,-0.0934502913409637,32.31931315528022,0.20160262990329,0.012577485577720735,0.05251736111111111,1755,160.22106277169814,0.3040122985839844
1756,11918.791,2350.8466666666673,8399.333333333336,100,100,1086,4.699552579419293,7.734192756292206,5.38836145401001,-2350.8466666666673,-0.009014943121548961,19.91409464443431,0.22736991547486363,0.014967712245005019,0.0566443310064428,1756,160.2305162343803,0.3040122985839844
1757,11924.957,2391.0466666666675,8512.666666666668,100,100,1090,4.755817982688581,7.809785932721714,5.492031097412109,-2391.0466666666675,-0.03498203677332236,27.081385201878017,0.2393052764236927,0.019144979716252744,0.07552083333333333,1757,160.23907100690778,0.3040122985839844
1758,11931.092,2437.6466666666665,8537.999999999998,100,100,1090,4.725883304303802,7.833027522935778,5.443116903305054,-2437.6466666666665,-0.011720522824260924,27.67784913049804,0.21841754728100365,0.010267524992943637,0.06076388888888889,1758,160.24803305959043,0.3040122985839844
1759,11937.275,2492.3666666666672,8441.66666666667,100,100,1089,4.734442699200296,7.7517600244873,5.460338354110718,-2492.3666666666672,-0.028315278701484203,32.665214733945,0.2722786602874597,0.009910553299252771,0.07161458333333333,1759,160.25625570547948,0.3040122985839844
1760,11951.235,2494.2766666666666,8418.66666666667,100,100,1087,4.706642871487821,7.744863538791784,5.407094478607178,-2494.2766666666666,-0.01024356424151098,44.69565907646628,0.24837172688806758,0.014660446343066938,0.0602824466631693,1760,160.26569322826418,0.3040122985839844
1761,11956.91,2360.05,8402.0,100,100,1088,4.326438145332812,7.7224264705882355,4.986067533493042,-2360.05,-0.010522478643585654,31.68732244828168,0.2547058046740644,0.0077421590617364824,0.05330882352941176,1761,160.17500065516853,0.3040122985839844
1762,11962.436,2535.68,8653.666666666662,100,100,1087,4.17744553797444,7.9610548911376835,4.846891164779663,-2535.68,-0.014009649700978222,32.60577645021326,0.26820970370489006,0.0020865215457674556,0.06854721093002487,1762,160.191866358449,0.3040122985839844
1763,11968.584,2524.2900000000004,8684.666666666668,100,100,1088,4.73262187498382,7.982230392156864,5.448841571807861,-2524.2900000000004,-0.010430271162048858,27.438107097850125,0.26561631218475457,0.020034650412579888,0.07490808823529412,1763,160.20048927905978,0.3040122985839844
1764,11974.729,2505.3566666666666,8519.666666666666,100,100,1090,4.70481651360938,7.816207951070336,5.420486688613892,-2505.3566666666666,-0.005600871207813422,26.700372093253666,0.2695080037746165,0.003237149471210109,0.0646701388888889,1764,160.20929914899904,0.3040122985839844
1765,11980.853,2459.733333333333,8571.33333333333,100,100,1087,4.747884359065933,7.885311254216496,5.464349031448364,-2459.733333333333,-0.010359544964397656,25.825557540444766,0.25312963215743794,0.004022410231032956,0.052922210930024874,1765,160.21814441645802,0.3040122985839844
1766,11986.945,2516.2166666666676,8603.333333333336,100,100,1090,4.6959054112699254,7.8929663608562715,5.410883188247681,-2516.2166666666676,-0.011684701157112917,24.458007898595596,0.24518345586127704,0.00973147940951296,0.05555555555555555,1766,160.22766213112502,0.3040122985839844
1767,11993.092,2339.06,8289.666666666668,100,100,1091,4.724032171949826,7.598227925450658,5.453557014465332,-2339.06,-0.014604489060325755,23.19412048657735,0.22877330022553602,0.007293381935192479,0.048177083333333336,1767,160.2364872362447,0.3040122985839844
1768,11999.226,2398.1966666666663,8304.666666666666,100,100,1091,4.700267461438405,7.611976779712801,5.421178340911865,-2398.1966666666663,0.013254667528801493,22.38182719548543,0.21905498521277877,0.008786764925053111,0.048177083333333336,1768,160.2454998419977,0.3040122985839844
1769,12005.381,2414.596666666666,8436.666666666662,100,100,1089,4.719354821834286,7.747168656259562,5.4357404708862305,-2414.596666666666,0.044867823676516615,34.476156529453064,0.2454833880894714,0.010294067217425132,0.06336805555555555,1769,160.25405671296767,0.3040122985839844
1770,12019.292,2368.460000000001,8431.000000000002,100,100,1090,4.703799447839345,7.734862385321103,5.426185131072998,-2368.460000000001,-0.017599725785354774,35.974274423387314,0.2338466052660806,0.013103637501545664,0.06901041666666667,1770,160.26259699077525,0.3040122985839844
1771,12025.062,2248.9266666666676,8193.666666666668,100,100,1088,4.393005054118796,7.530943627450982,5.060839653015137,-2248.9266666666676,-0.011447251281317542,25.097843647003174,0.2660058105693144,0.004195552148089251,0.04779411764705882,1771,160.17289255049457,0.3040122985839844
1772,12030.541,2382.226666666667,8375.666666666666,100,100,1087,4.14760312834016,7.705305121128488,4.802543640136719,-2382.226666666667,-0.012567807892885278,26.851468815523035,0.23990789494093726,0.010804189125979868,0.06855450548669871,1772,160.19030745985233,0.3040122985839844
1773,12036.673,2489.7733333333326,8611.666666666672,100,100,1090,4.680494312303773,7.900611620795112,5.395932912826538,-2489.7733333333326,-0.010834805926101075,25.083313306172688,0.24700797845919928,0.00022284209909331467,0.0759548611111111,1773,160.1992661021592,0.3040122985839844
1774,12042.806,2286.166666666666,8374.333333333332,100,100,1089,4.694283930490715,7.689929599020507,5.400796413421631,-2286.166666666666,-0.05489757708791229,28.969878046876854,0.22465583309531212,-0.04001148607090323,0.08072916666666667,1774,160.20810284704302,0.3040122985839844
1775,12048.903,2375.523333333334,8377.333333333336,100,100,1085,4.695330413534791,7.721044546851001,5.387976408004761,-2375.523333333334,-0.012915837468908113,25.31968854455387,0.24708684884450016,0.008848962449359106,0.06968719840926282,1775,160.21708056772235,0.3040122985839844
1776,12054.973,2397.2100000000005,8396.333333333332,100,100,1086,4.70755856079401,7.731430325352976,5.404743432998657,-2397.2100000000005,-0.012258307570043732,25.35789949753705,0.2553591850925894,0.008882770681178527,0.05894212512408986,1776,160.22649432607264,0.3040122985839844
1777,12061.109,2423.433333333334,8469.333333333341,100,100,1088,4.736873252969578,7.784313725490203,5.45184850692749,-2423.433333333334,-0.013990894726970616,24.985581454108743,0.2676481223281692,0.008599411148358794,0.07306985294117647,1777,160.23518944266343,0.3040122985839844
1778,12067.197,2412.626666666666,8469.66666666667,100,100,1085,4.712704330905929,7.80614439324117,5.407191753387451,-2412.626666666666,-0.012310323250644347,26.620630881365607,0.2758522559614742,0.01307470430209137,0.05999126044266364,1778,160.24425719973027,0.3040122985839844
1779,12073.376,2499.7733333333326,8399.999999999995,100,100,1089,4.729304958799387,7.713498622589527,5.457676410675049,-2499.7733333333326,0.11641061606092586,41.7308419280582,0.25483151401082677,0.0071881169844548115,0.062065972222222224,1779,160.25244643906188,0.3040122985839844
1780,12087.305,2461.853333333332,8615.666666666668,100,100,1087,4.691718767158063,7.926096289481755,5.393895626068115,-2461.853333333332,-0.013742986737805255,24.17614726459279,0.25136391511734796,0.006878566329011365,0.0653521828353405,1780,160.26147109557576,0.3040122985839844
1781,12093.08,2467.2166666666676,8488.000000000004,100,100,1091,4.367382491628898,7.780018331805686,5.053249359130859,-2467.2166666666676,-0.03165044661404358,21.40583946969774,0.24958204271064865,0.007042024164952131,0.07436342620187336,1781,160.17143107216768,0.3040122985839844
1782,12098.578,2384.153333333334,8346.666666666666,100,100,1088,4.149088694462347,7.67156862745098,4.8088319301605225,-2384.153333333334,-0.012945774586542565,33.306842523462635,0.22149827944881775,0.010356993969146381,0.06571691176470588,1782,160.18857437286238,0.3040122985839844
1783,12104.654,2404.1800000000003,8444.333333333336,100,100,1088,4.708232537000988,7.761335784313728,5.4113078117370605,-2404.1800000000003,-0.013094079571173471,22.903767641852884,0.21866971517310424,0.013746795289026684,0.06204044117647059,1783,160.1980463777735,0.3040122985839844
1784,12110.818,2356.0099999999998,8490.666666666668,100,100,1089,4.737314785453529,7.7967554331190705,5.453611373901367,-2356.0099999999998,-0.15140550557730925,28.56078643269009,0.21415666490793228,0.02076149604140988,0.05946180555555555,1784,160.20643902221428,0.3040122985839844
1785,12116.943,2350.4733333333334,8268.666666666664,100,100,1090,4.712912384869206,7.585932721712536,5.421578645706177,-2350.4733333333334,0.003395705328633388,19.884747756852043,0.1711378792921702,0.004740120034613129,0.052083333333333336,1785,160.21540441494508,0.3040122985839844
1786,12123.097,2408.1866666666665,8430.66666666667,100,100,1091,4.721843998189452,7.727467155514821,5.444446802139282,-2408.1866666666665,0.02694005734520033,32.726592898368835,0.22344637951917118,0.01352938920414696,0.0656828706463178,1786,160.22409283488696,0.3040122985839844
1787,12129.328,2421.1933333333327,8507.666666666664,100,100,1091,4.738105408502461,7.798044607393826,5.490603685379028,-2421.1933333333327,-0.013590679917898443,22.85460612508986,0.2042623609304428,0.059788656340161755,0.07436342620187336,1787,160.23170717245597,0.3040122985839844
1788,12135.398,2402.5600000000004,8499.333333333336,100,100,1088,4.679386677440455,7.811887254901963,5.385981321334839,-2402.5600000000004,-0.016140903729726288,23.028709187227136,0.22469458159278421,0.008946996230139014,0.07261029411764706,1788,160.2412254716182,0.3040122985839844
1789,12141.597,2464.64,8428.000000000002,100,100,1089,4.735592561555878,7.739210284664832,5.47556209564209,-2464.64,-0.01763253203696675,24.37584098180135,0.2681685516403781,0.027248465068017442,0.08159722222222222,1789,160.24910477919363,0.3040122985839844
1790,12155.622,2433.5333333333338,8571.666666666668,100,100,1090,4.723397708805535,7.8639143730886865,5.462070465087891,-2433.5333333333338,-0.014546455918914743,22.387903253237408,0.22308058633158603,0.012719861183237905,0.05685763888888889,1790,160.25727638656412,0.3040122985839844
1791,12161.358,2345.993333333334,8336.66666666667,100,100,1087,4.371811959441843,7.669426556271086,5.038313627243042,-2345.993333333334,-0.009564846295260769,26.948744212879856,0.19877640289418838,0.015732441645334747,0.058415032813654226,1791,160.1677172774707,0.3040122985839844
1792,12166.858,2407.8599999999997,8451.0,100,100,1088,4.1410323494132815,7.767463235294118,4.793885707855225,-2407.8599999999997,-0.010171922471593408,27.001155180089615,0.24972482069450266,0.006579910829553709,0.06341911764705882,1792,160.1847403908314,0.3040122985839844
1793,12172.961,2493.1499999999987,8621.666666666662,100,100,1088,4.720802480198258,7.924325980392153,5.444672584533691,-2493.1499999999987,-0.0119225713698303,23.56887637867647,0.2456538992769578,0.01972882218850667,0.06709558823529412,1793,160.1938151110575,0.3040122985839844
1794,12179.082,2346.4699999999993,8416.666666666666,100,100,1090,4.702913486227872,7.721712538226299,5.415062665939331,-2346.4699999999993,0.021764353124631777,20.352020025253296,0.2622461323108938,0.044835757794013865,0.0646701388888889,1794,160.20279842409863,0.3040122985839844
1795,12185.189,2397.07,8400.999999999996,100,100,1087,4.727146643528367,7.728610855565774,5.440068244934082,-2397.07,-0.009348459213095553,19.22722017063814,0.2333360634305898,0.01439133905531729,0.05384132835794898,1795,160.2117130064063,0.3040122985839844
1796,12191.31,2394.183333333334,8482.000000000002,100,100,1087,4.7047168347151755,7.803127874885006,5.4121551513671875,-2394.183333333334,-0.011460221975165255,30.39432996862075,0.2555486428387025,0.013087574652779628,0.06303250504767194,1796,160.22043814855013,0.3040122985839844
1797,12197.452,2487.76,8583.333333333334,100,100,1091,4.706574061639627,7.867399938893982,5.425821304321289,-2487.76,-0.017784689346121416,29.714964707692463,0.21297973311448004,0.01833239198271662,0.059895833333333336,1797,160.22920531707092,0.3040122985839844
1798,12203.627,2395.150000000001,8490.33333333334,100,100,1090,4.709645502969896,7.789296636085632,5.433809041976929,-2395.150000000001,-0.002203453435666031,19.641436100006104,0.18772497677451205,0.016512572684506368,0.054253472222222224,1798,160.23745716290085,0.3040122985839844
1799,12209.744,2465.7933333333335,8517.333333333334,100,100,1089,4.676814692302738,7.82124273033364,5.384315252304077,-2465.7933333333335,-0.035628948360681534,23.229700694481533,0.16349423366288343,0.013337530892588094,0.06032986111111111,1799,160.24637306933275,0.3040122985839844
1800,12223.685,2311.663333333333,8259.666666666668,100,100,1088,4.704298897088258,7.591605392156864,5.412821292877197,-2311.663333333333,-0.012258465894881417,38.68147047828226,0.14406763718408697,0.018927868356353,0.0546875,1800,160.25510406363372,0.3040122985839844
1801,12229.414,2300.7733333333326,8313.33333333333,100,100,1089,4.350303122996121,7.633914906642176,5.014845609664917,-2300.7733333333326,-0.04255142124990622,34.537083945340584,0.11530655462034395,0.02012974605248827,0.053385416666666664,1801,160.16662820183092,0.3040122985839844
1802,12234.95,2465.7066666666665,8505.666666666666,100,100,1088,4.177692466756151,7.817708333333333,4.836805582046509,-2465.7066666666665,-0.01042894646525383,24.152273767134723,0.1432278357884463,0.014732690082917757,0.05606617647058824,1802,160.18309709199107,0.3040122985839844
1803,12241.073,2387.4933333333324,8439.666666666666,100,100,1090,4.702695322312723,7.742813455657492,5.410857915878296,-2387.4933333333324,0.0030695555938614737,22.54096343119939,0.17346052597794268,0.01901584259111486,0.059895833333333336,1803,160.19202036766544,0.3040122985839844
1804,12247.194,2372.6333333333328,8323.33333333333,100,100,1088,4.705967742184464,7.650122549019605,5.4228503704071045,-2372.6333333333328,-0.010000071159618743,17.797900508431827,0.14725524011780233,0.01989920681123348,0.06020220588235294,1804,160.20077218570563,0.3040122985839844
1805,12253.305,2324.7533333333336,8219.666666666672,100,100,1089,4.674405968214383,7.547903275176007,5.382641315460205,-2324.7533333333336,0.021383842298140127,22.12499487425925,0.13273125493692028,0.016822341470591102,0.04123263888888889,1805,160.2097493371969,0.3040122985839844
1806,12259.373,2346.033333333333,8421.333333333332,100,100,1088,4.683695957817904,7.740196078431372,5.378612279891968,-2346.033333333333,-0.010100361781523508,22.98949707255644,0.15327273199663444,0.017319116946857643,0.051011029411764705,1806,160.2192056163644,0.3040122985839844
1807,12265.536,2371.976666666668,8394.66666666667,100,100,1089,4.725316802597339,7.7086011631466205,5.438830852508545,-2371.976666666668,-0.03642305773165491,24.641002708011204,0.16567539646186763,0.021041396297126386,0.05078125,1807,160.22749458847372,0.3040122985839844
1808,12271.624,2411.369999999999,8455.333333333328,100,100,1088,4.6781912670292725,7.771446078431368,5.389083623886108,-2411.369999999999,-0.010460552841644077,35.29179073782528,0.1787866051582729,0.016781658579609084,0.06341911764705882,1808,160.23666073561023,0.3040122985839844
1809,12277.756,2447.5033333333336,8565.333333333328,100,100,1089,4.7016799826426405,7.865319865319861,5.412251949310303,-2447.5033333333336,0.005175801770140727,26.996050969594055,0.1923299307624499,0.011153357785790123,0.05555555555555555,1809,160.2453384583133,0.3040122985839844
1810,12291.549,2371.1366666666668,8332.333333333334,100,100,1086,4.6948275334179455,7.672498465316146,5.379590749740601,-2371.1366666666668,-0.010341544087757082,25.080867627087763,0.19965649023652077,0.010989854184171075,0.04970647526137969,1810,160.25502826064528,0.3040122985839844
1811,12297.305,2430.383333333333,8382.999999999998,100,100,1091,4.3724480307661855,7.683776351970668,5.053274393081665,-2430.383333333333,0.010611013716293706,42.543246295717026,0.24653580784797668,0.01020267594140023,0.05381944444444445,1811,160.16761229873518,0.3040122985839844
1812,12302.764,2358.9766666666674,8381.000000000002,100,100,1088,4.152220036463833,7.703125000000002,4.795150279998779,-2358.9766666666674,-0.012897268430713345,28.524307026582605,0.21514455842621186,0.01439231596305035,0.059283088235294115,1812,160.18498251098094,0.3040122985839844
1813,12308.838,2330.6366666666668,8202.0,100,100,1088,4.694594943644273,7.538602941176471,5.3947155475616455,-2330.6366666666668,-0.010530082673272666,29.333778886234057,0.19769424024750204,0.014621913768624997,0.05560661764705882,1813,160.19432793884124,0.3040122985839844
1814,12314.899,2432.49,8407.666666666664,100,100,1086,4.691828914418899,7.74186617556783,5.378564119338989,-2432.49,-0.010714472572812262,29.560277433956372,0.20841427673311794,0.017868354053729597,0.053382945849614984,1814,160.20368046479538,0.3040122985839844
1815,12321.034,2460.7000000000016,8552.666666666668,100,100,1090,4.724868071914881,7.846483180428136,5.4479405879974365,-2460.7000000000016,-0.008804798177960847,42.34339467684428,0.2126604090962145,0.012910187755349196,0.05381944444444445,1815,160.2123655176231,0.3040122985839844
1816,12327.104,2547.3633333333337,8646.333333333332,100,100,1086,4.686991253101934,7.961632903621853,5.374803066253662,-2547.3633333333337,-0.01374540091766154,34.42683085273294,0.2596880973261945,0.015050645311609568,0.06771821616327062,1816,160.22157880726834,0.3040122985839844
1817,12333.251,2477.663333333335,8536.333333333336,100,100,1087,4.72135464283839,7.853112542164983,5.435353755950928,-2477.663333333335,-0.009801668388878597,32.203121185302734,0.2634626683943412,0.019110164892695406,0.07131185831830782,1817,160.22985630170507,0.3040122985839844
1818,12339.399,2463.0266666666685,8471.66666666667,100,100,1088,4.733630148086163,7.786458333333336,5.444159746170044,-2463.0266666666685,-0.008061794947613688,23.71493906133315,0.2036952696302358,0.02143408657352933,0.05974264705882353,1818,160.23819036972225,0.3040122985839844
1819,12345.571,2427.0566666666664,8395.33333333333,100,100,1090,4.732652570851523,7.702140672782872,5.457376480102539,-2427.0566666666664,-0.01728997203624911,37.08461692598131,0.2738731304804484,0.0203797700168151,0.0642361111111111,1819,160.2463713487029,0.3040122985839844
1820,12359.432,2517.7399999999993,8511.66666666666,100,100,1089,4.684780625997606,7.8160391796755375,5.390838384628296,-2517.7399999999993,-0.009575166636043124,26.790711839993794,0.20221975240080306,0.016794862943546224,0.0625,1820,160.2552530756154,0.3040122985839844
1821,12365.296,2404.563333333334,8403.0,100,100,1089,4.4422833787968345,7.7162534435261705,5.131341457366943,-2404.563333333334,-0.05960409389808774,31.019758933120304,0.26340028033074403,0.009313893756673982,0.08203125,1821,160.16689272289517,0.3040122985839844
1822,12370.85,2529.9900000000007,8581.999999999998,100,100,1090,4.163456697726127,7.8733944954128425,4.840442895889282,-2529.9900000000007,0.006877830821192927,36.54884566201104,0.2861340238014236,0.0037447803285128125,0.052083333333333336,1822,160.18309180659105,0.3040122985839844
1823,12376.958,2440.8066666666664,8530.999999999998,100,100,1087,4.7067184016843635,7.8482060717571285,5.408421039581299,-2440.8066666666664,-0.005488978096229189,31.981442339280072,0.2875212698298342,0.013005173402181006,0.05155082901611047,1823,160.19186150304208,0.3040122985839844
1824,12383.077,2389.353333333334,8437.999999999996,100,100,1084,4.744608487892635,7.78413284132841,5.4446940422058105,-2389.353333333334,-0.006157818962545956,30.043756372788373,0.28740836197839065,0.01913506175418768,0.055821078719899934,1824,160.20024284519374,0.3040122985839844
1825,12389.185,2529.2866666666678,8617.000000000002,100,100,1091,4.697411365919737,7.89825847846013,5.415069580078125,-2529.2866666666678,0.011237363072319163,26.62222671508789,0.3478240552875731,0.02425781610266616,0.07769097222222222,1825,160.20933052930746,0.3040122985839844
1826,12395.292,2395.6333333333328,8480.666666666662,100,100,1085,4.717139170445021,7.81628264208909,5.4155027866363525,-2395.6333333333328,-0.007976126802318236,34.271071658414954,0.3282153659007129,0.012558043540647143,0.04712361327427275,1826,160.21794203877153,0.3040122985839844
1827,12401.472,2472.0866666666675,8609.66666666667,100,100,1091,4.733467646375107,7.891536816376416,5.464621543884277,-2472.0866666666675,-0.03091217049707969,31.44090943866306,0.27013062602943844,0.018925480111243412,0.0546875,1827,160.22607415203439,0.3040122985839844
1828,12407.568,2331.5300000000007,8466.333333333338,100,100,1086,4.710137937024998,7.795887047268267,5.400581359863281,-2331.5300000000007,-0.00856627622509704,30.16438153210808,0.31079216038479524,0.027225598186144933,0.07050521803252838,1828,160.2348651560028,0.3040122985839844
1829,12413.71,2459.4433333333327,8620.000000000002,100,100,1088,4.746052572954795,7.922794117647061,5.463733196258545,-2459.4433333333327,-0.007027282489134985,28.455405852373907,0.30920902245184956,0.021294445936184597,0.04136029411764706,1829,160.24323062599075,0.3040122985839844
1830,12427.646,2516.1833333333334,8704.666666666664,100,100,1089,4.724491457625902,7.993265993265991,5.4385809898376465,-2516.1833333333334,-0.028435489783684414,26.10523642434014,0.3281854047549931,0.014159733035032533,0.0390625,1830,160.2518776242804,0.3040122985839844
1831,12433.416,2437.6466666666674,8563.000000000004,100,100,1089,4.368860790351213,7.863177226813594,5.039449214935303,-2437.6466666666674,0.041582543609870806,29.33673315578037,0.3394257111681832,0.021479568127284035,0.03819444444444445,1831,160.1644504532098,0.3040122985839844
1832,12438.91,2418.99,8448.333333333332,100,100,1086,4.143412891388605,7.779312461632903,4.791684150695801,-2418.99,-0.007271625758970485,29.92440122716567,0.35480565446264606,0.02834906530658961,0.03912179785616258,1832,160.18100237723095,0.3040122985839844
1833,12445.029,2529.3300000000004,8752.666666666664,100,100,1084,4.72638007413211,8.07441574415744,5.424432039260864,-2529.3300000000004,-0.012444853947004852,25.244101692648496,0.3297995504210977,0.019220427520956623,0.06323529451208956,1833,160.1893452772005,0.3040122985839844
1834,12451.137,2405.7266666666665,8458.666666666666,100,100,1088,4.711738603766528,7.774509803921568,5.419563055038452,-2405.7266666666665,-0.009782483965596733,24.469345878152286,0.3141857806374045,0.022105562846477637,0.059283088235294115,1834,160.19814163304505,0.3040122985839844
1835,12457.297,2451.653333333334,8440.666666666672,100,100,1088,4.729722979177228,7.757965686274514,5.449462413787842,-2451.653333333334,-0.0108479374252698,37.230033313526825,0.3379967028603834,0.009888883919783813,0.051011029411764705,1835,160.20626912515357,0.3040122985839844
1836,12463.41,2390.7066666666665,8465.66666666666,100,100,1088,4.6929755519479786,7.7809436274509745,5.4008629322052,-2390.7066666666665,-0.009170067441814086,23.899306802188647,0.2858133469434345,0.02692242176271975,0.0739889705882353,1836,160.21497652939314,0.3040122985839844
1837,12469.562,2376.1666666666665,8417.666666666666,100,100,1087,4.743450781884804,7.743943575590309,5.4533851146698,-2376.1666666666665,-0.006515306913677384,24.935817830702838,0.3212078849182409,0.017322847311494544,0.04695524078081636,1837,160.22311353438107,0.3040122985839844
1838,12475.684,2393.253333333332,8466.666666666662,100,100,1088,4.6981905334713,7.781862745098035,5.398645877838135,-2393.253333333332,-0.010187332299264037,31.69580072515151,0.3009859564549783,0.015190370839691776,0.05744485294117647,1838,160.2316923982609,0.3040122985839844
1839,12481.816,2462.4466666666663,8581.999999999998,100,100,1087,4.7189880419726435,7.895124195032197,5.432678461074829,-2462.4466666666663,-0.008895497111713184,29.559752239900476,0.2874308416948599,0.025758658819968867,0.050150268656366015,1839,160.2400760271106,0.3040122985839844
1840,12495.743,2466.523333333332,8578.999999999998,100,100,1085,4.696487099112522,7.906912442396312,5.399177551269531,-2466.523333333332,-0.006602594848064815,23.205585591933307,0.35699230301029544,0.03371851997593801,0.07605321814908701,1840,160.24876271004686,0.3040122985839844
1841,12501.47,2538.64,8714.666666666668,100,100,1090,4.348312569098598,7.995107033639145,5.030897378921509,-2538.64,-0.008034373737043805,26.902100404103596,0.3898651922742526,0.0257165855792765,0.07335069444444445,1841,160.16211862316328,0.3040122985839844
1842,12506.994,2434.6900000000005,8492.0,100,100,1086,4.1507262427618805,7.819521178637201,4.8109214305877686,-2434.6900000000005,-0.011944805929327713,26.88902709063362,0.4041767751469332,0.015455752850838882,0.0581119542612749,1842,160.17822453492943,0.3040122985839844
1843,12513.146,2490.173333333334,8537.666666666664,100,100,1088,4.694465809841538,7.8471200980392135,5.421896457672119,-2490.173333333334,-0.00621870653155972,33.67307584425982,0.4112468791358611,0.010570074417902267,0.050091911764705885,1843,160.18641674833628,0.3040122985839844
1844,12519.234,2355.5400000000013,8424.000000000007,100,100,1086,4.676505246540123,7.756906077348073,5.36853814125061,-2355.5400000000013,-0.013200029018608964,27.246502539690802,0.3900029983590631,0.01030979267841972,0.05702976750976899,1844,160.19526864182552,0.3040122985839844
1845,12525.371,2546.8733333333334,8526.999999999998,100,100,1088,4.71534880628443,7.837316176470587,5.445785999298096,-2546.8733333333334,-0.014612317961805007,31.624483781702377,0.43240879213108735,0.014780591628925107,0.059283088235294115,1845,160.20363545224436,0.3040122985839844
1846,12531.494,2499.11,8655.666666666662,100,100,1090,4.667794862078554,7.940978593272168,5.386451005935669,-2499.11,-0.02378708150030838,26.597482588556076,0.46368349177969825,0.004927023619529791,0.050347222222222224,1846,160.21234357513362,0.3040122985839844
1847,12537.649,2498.3099999999995,8651.666666666664,100,100,1090,4.698588347827179,7.9373088685015265,5.423780679702759,-2498.3099999999995,-0.026976329429696005,27.80271072851287,0.4347368793355094,0.0078055296649432015,0.05381944444444445,1847,160.22062266178412,0.3040122985839844
1848,12543.771,2562.693333333333,8699.666666666662,100,100,1089,4.684632693873197,7.988674625038257,5.407071590423584,-2562.693333333333,-0.07704920197526614,38.46179031001197,0.45594193372461533,0.003718616094880013,0.09375,1848,160.22925103511977,0.3040122985839844
1849,12549.912,2361.500000000001,8438.000000000002,100,100,1090,4.7063742211054365,7.741284403669726,5.421556234359741,-2361.500000000001,-0.04308413734866513,29.98107846577962,0.4209449133939213,0.010735808296077367,0.04991319444444445,1849,160.23769809474712,0.3040122985839844
1850,12563.901,2511.79,8582.999999999998,100,100,1092,4.71558003330726,7.859890109890109,5.459479093551636,-2511.79,-0.01489338025243746,37.737880097495186,0.38285665379630196,-0.0007320671057742503,0.06727430555555555,1850,160.24556886049172,0.3040122985839844
1851,12569.728,2423.7033333333334,8416.000000000002,100,100,1088,4.403361856448635,7.735294117647061,5.085050821304321,-2423.7033333333334,-0.012858804041410194,23.92735840292538,0.452367843950496,0.01891669088645893,0.0822610294117647,1851,160.15851161160435,0.3040122985839844
1852,12575.237,2483.2833333333333,8682.666666666662,100,100,1090,4.148078623223503,7.965749235474002,4.811114072799683,-2483.2833333333333,-0.03836093387669987,39.61077606678009,0.467108322514428,0.016555031238466553,0.06076388888888889,1852,160.17502855371578,0.3040122985839844
1853,12581.38,2305.643333333333,8485.33333333333,100,100,1089,4.727943710272121,7.791857973676152,5.434928894042969,-2305.643333333333,-0.10709746050027509,32.02163214153714,0.4298212706214852,7.82092166547146e-05,0.08637152777777778,1853,160.1833767591208,0.3040122985839844
1854,12587.508,2438.7166666666667,8484.666666666668,100,100,1089,4.6991000916848185,7.791245791245792,5.406694650650024,-2438.7166666666667,0.018042453823404178,27.147832536035114,0.43465158508883583,0.026871967097071722,0.0876736111111111,1854,160.19190803282063,0.3040122985839844
1855,12593.661,2634.246666666667,9011.000000000002,100,100,1087,4.694280955081989,8.289788408463663,5.395220518112183,-2634.246666666667,-0.011845966855831006,42.766454584458295,0.4735002938438864,0.006988063889473458,0.06484885645263336,1855,160.19996293351883,0.3040122985839844
1856,12599.818,2473.863333333334,8573.666666666668,100,100,1090,4.697673208050327,7.8657492354740075,5.412788391113281,-2473.863333333334,-0.028340034290320344,27.95292604300711,0.45376690559917027,0.006562728835787211,0.05555555555555555,1856,160.2082050676154,0.3040122985839844
1857,12605.95,2582.666666666667,8753.333333333336,100,100,1087,4.722693375771884,8.052744556884393,5.432319641113281,-2582.666666666667,-0.018998179146472144,33.03265526715447,0.40254084064679985,0.01241566481835702,0.0722163867972353,1857,160.21650268346065,0.3040122985839844
1858,12612.036,2507.2700000000004,8664.0,100,100,1086,4.708794748833365,7.9779005524861875,5.409119606018066,-2507.2700000000004,-0.013829406515202102,27.49826212490306,0.4120961524107877,0.008471943277126068,0.057089065365931564,1858,160.22527612244187,0.3040122985839844
1859,12618.152,2484.276666666667,8689.000000000002,100,100,1087,4.717725023122636,7.9935602575896985,5.425172328948975,-2484.276666666667,-0.017358161509037018,37.296824623556695,0.39052794435445,0.003844432601266924,0.07776027107063462,1859,160.23377026482305,0.3040122985839844
1860,12632.129,2578.8733333333334,8773.666666666668,100,100,1089,4.703822955993732,8.056626874808694,5.418179750442505,-2578.8733333333334,0.011217955603367753,29.925270530912613,0.38172593009140754,0.026796133257448673,0.0859375,1860,160.24193044857228,0.3040122985839844
1861,12637.84,2526.01,8761.66666666667,100,100,1088,4.345776563615586,8.053002450980395,5.012335538864136,-2526.01,-0.01457513211404576,31.712401558371152,0.42111587086144614,0.007940342334811301,0.06801470588235294,1861,160.15639856083698,0.3040122985839844
1862,12643.389,2410.603333333333,8400.999999999998,100,100,1089,4.1742634543032135,7.714416896235076,4.842681169509888,-2410.603333333333,0.01633458651809229,30.30069292916192,0.38729633887608844,0.010390102404117998,0.06640625,1862,160.17226176066083,0.3040122985839844
1863,12649.54,2549.203333333333,8648.999999999998,100,100,1089,4.698333973141987,7.942148760330577,5.411207437515259,-2549.203333333333,-0.0017445025862091118,28.963509870900047,0.40157284173700547,0.002013893198131377,0.053385416666666664,1863,160.1804499232762,0.3040122985839844
1864,12655.659,2382.3433333333332,8355.000000000002,100,100,1088,4.69251792288988,7.679227941176472,5.393951177597046,-2382.3433333333332,-0.015164588906747453,28.200293877545526,0.3676246010205325,0.007089522009825005,0.04963235294117647,1864,160.18896952957397,0.3040122985839844
1865,12661.87,2419.7266666666674,8487.333333333334,100,100,1089,4.712762811932716,7.793694520967249,5.431839466094971,-2419.7266666666674,0.048038978026145034,25.74385420481364,0.3413212158613735,0.03373140966545583,0.1306423611111111,1865,160.19640814470634,0.3040122985839844
1866,12668.008,2473.823333333333,8605.333333333332,100,100,1091,4.68845838562634,7.887564925145126,5.4071831703186035,-2473.823333333333,0.0077127813258104855,24.815522882673477,0.3536394143270122,0.00769532962456449,0.07103588018152449,1866,160.2049138539118,0.3040122985839844
1867,12674.223,2536.7566666666667,8631.666666666666,100,100,1088,4.754204594492501,7.933517156862744,5.485922574996948,-2536.7566666666667,-0.014227371498504105,32.33236486771528,0.32794103464659524,0.015381271187353003,0.06341911764705882,1867,160.21220007438916,0.3040122985839844
1868,12680.375,2375.813333333333,8369.666666666664,100,100,1088,4.7242880510191965,7.692708333333331,5.443294525146484,-2375.813333333333,-0.011108181165421711,33.207545785342944,0.2779051771058756,0.010524416421129204,0.0666360294117647,1868,160.22025841042935,0.3040122985839844
1869,12686.561,2403.6066666666657,8487.333333333332,100,100,1088,4.736126931247247,7.800857843137254,5.466037750244141,-2403.6066666666657,-0.009473668466157773,23.012893087723675,0.2732882714446853,0.009590130905374228,0.05422794117647059,1869,160.22790183430416,0.3040122985839844
1870,12700.759,2464.2933333333335,8524.666666666666,100,100,1090,4.701018987924134,7.820795107033638,5.415434122085571,-2464.2933333333335,-0.036356247702820435,23.93532331784566,0.3169359175695313,0.015111092180531058,0.0642361111111111,1870,160.23619280207194,0.3040122985839844
1871,12706.246,2347.25,8432.666666666664,100,100,1090,4.134153486699413,7.736391437308867,4.786978006362915,-2347.25,-0.05308368538195888,33.57478540473514,0.281020928865928,0.002887939782037089,0.059027777777777776,1871,160.15123969657648,0.3040122985839844
1872,12711.804,2433.0000000000014,8522.666666666668,100,100,1088,4.188109192267909,7.833333333333335,4.850849151611328,-2433.0000000000014,-0.01233935558839756,22.874150163987103,0.26103561853661256,0.021308878737994853,0.06985294117647059,1872,160.16679948224285,0.3040122985839844
1873,12717.935,2516.7399999999993,8718.999999999996,100,100,1089,4.702661799855318,8.006427915518822,5.425898313522339,-2516.7399999999993,0.019027078782932624,21.704736593696808,0.28079116468628246,0.014601044887159433,0.06770833333333333,1873,160.17522844555774,0.3040122985839844
1874,12724.02,2508.7933333333335,8559.0,100,100,1088,4.698224907556056,7.866727941176471,5.4065210819244385,-2508.7933333333335,-0.011278417180566228,23.567918244530173,0.2142297914799522,0.008039261276066741,0.07628676470588236,1874,160.18413297630536,0.3040122985839844
1875,12730.155,2448.14,8531.666666666668,100,100,1088,4.7052125895895776,7.841605392156864,5.412226676940918,-2448.14,-0.013163386405829121,32.720716925228345,0.23950258554781184,0.018704903313739446,0.06985294117647059,1875,160.19239077076975,0.3040122985839844
1876,12736.229,2481.176666666667,8533.666666666668,100,100,1087,4.692706439996236,7.850659306961056,5.388594627380371,-2481.176666666667,-0.01241630334954928,24.016838354222916,0.28530973020721884,0.0066287377558182925,0.05888188635820851,1876,160.20134650839722,0.3040122985839844
1877,12742.345,2404.7800000000007,8357.999999999998,100,100,1086,4.712627163417569,7.696132596685081,5.41868782043457,-2404.7800000000007,-0.014749871840810074,24.70949374928194,0.22673480212688446,0.005570134781437981,0.0622479836730396,1877,160.2096748075093,0.3040122985839844
1878,12748.461,2498.49,8482.333333333334,100,100,1086,4.702144385612198,7.810620012277472,5.4058709144592285,-2498.49,-0.013941418817814659,28.29073659111472,0.23484478408799453,0.009924450385904707,0.06038009945084067,1878,160.21800800534047,0.3040122985839844
1879,12754.596,2410.3166666666657,8358.666666666664,100,100,1091,4.687724840519122,7.661472655056521,5.4096360206604,-2410.3166666666657,0.018376812804490328,24.099850310219658,0.23100326908752322,0.009144849092182186,0.057291666666666664,1879,160.2264785654281,0.3040122985839844
1880,12768.504,2467.026666666666,8583.999999999996,100,100,1087,4.694584359970928,7.896964121435139,5.400244474411011,-2467.026666666666,-0.011493173263528767,27.730248058543484,0.2381538433187148,0.016671981354353622,0.05936332901611047,1880,160.23496389248416,0.3040122985839844
1881,12774.163,2335.1933333333336,8396.33333333333,100,100,1086,4.340378084763692,7.731430325352974,4.990546464920044,-2335.1933333333336,-0.012915310614249286,28.90399657978731,0.20949448338326285,0.026099229406099766,0.07318844865350162,1881,160.15116135953164,0.3040122985839844
1882,12779.717,2428.1233333333325,8533.666666666666,100,100,1091,4.162957746489443,7.821875954781546,4.843990802764893,-2428.1233333333325,-0.0010431649473806222,26.294971611764694,0.2144188342952273,0.009045019679029388,0.059027777777777776,1882,160.1669288636352,0.3040122985839844
1883,12785.839,2455.920000000001,8574.000000000005,100,100,1091,4.7001803840581395,7.858845096241985,5.425535440444946,-2455.920000000001,-0.026815670904599957,26.658974409103394,0.19559306180518535,0.02017409441921498,0.06076388888888889,1883,160.17557186148125,0.3040122985839844
1884,12791.94,2314.4400000000005,8283.333333333334,100,100,1088,4.715905512485358,7.613357843137256,5.426278352737427,-2314.4400000000005,-0.011804094592876294,26.58745513242834,0.17757706081165986,0.02178467216778218,0.05514705882352941,1884,160.1842299316563,0.3040122985839844
1885,12798.074,2480.1733333333327,8604.666666666664,100,100,1089,4.699056106469875,7.901438628711354,5.420494318008423,-2480.1733333333327,0.01767825971667965,26.316115856170654,0.17123164395846086,0.022617642851805106,0.06076388888888889,1885,160.19254142520646,0.3040122985839844
1886,12804.153,2464.8299999999995,8423.333333333327,100,100,1084,4.697687456099062,7.770602706027054,5.390335321426392,-2464.8299999999995,-0.009205824914662278,39.58875308317297,0.17587604833876386,0.01023273854105569,0.052542892284691334,1886,160.2011445957299,0.3040122985839844
1887,12810.335,2522.2766666666676,8488.666666666666,100,100,1089,4.72314251673171,7.794918885827976,5.447651386260986,-2522.2766666666676,-0.013687530739439858,31.584035067094696,0.18334550193200508,0.013332911864078293,0.046875,1887,160.20885185112058,0.3040122985839844
1888,12816.458,2399.9599999999996,8467.333333333334,100,100,1088,4.704870497816421,7.782475490196079,5.410433053970337,-2399.9599999999996,-0.011431687401936334,24.592705726623535,0.19025289705571005,0.010517671399558073,0.058823529411764705,1888,160.21720678048192,0.3040122985839844
1889,12822.604,2422.3600000000006,8541.333333333334,100,100,1087,4.723730359655713,7.85771235817234,5.432948350906372,-2422.3600000000006,-0.011090424021377283,24.70069644030403,0.19475822347928495,0.010562089845360093,0.04781600148143137,1889,160.22517556222869,0.3040122985839844
1890,12836.458,2425.773333333333,8474.333333333332,100,100,1086,4.7107840714329585,7.803253529772865,5.409705638885498,-2425.773333333333,-0.00938459750100532,25.148491803337546,0.19470473356983242,0.0111439792877611,0.053397770313655626,1890,160.2335255633245,0.3040122985839844
1891,12842.199,2267.8266666666664,8258.666666666668,100,100,1082,4.397555266127383,7.632778804682688,5.035798072814941,-2267.8266666666664,-0.012627695043406943,30.69681997860179,0.18165299909956314,0.01823412788251196,0.04996513695839573,1891,160.14951400295678,0.3040122985839844
1892,12847.753,2487.82,8442.333333333328,100,100,1088,4.164159926243455,7.759497549019604,4.839620113372803,-2487.82,-0.011681770686717594,35.90173031302059,0.22009569757124958,0.012106047326918034,0.051011029411764705,1892,160.16497285539918,0.3040122985839844
1893,12853.96,2427.9533333333325,8450.66666666666,100,100,1090,4.731082386623453,7.7529051987767525,5.470125436782837,-2427.9533333333325,-0.021273766902999744,25.8920296728611,0.2506497152563598,0.010791374279910492,0.05251736111111111,1893,160.17242962238916,0.3040122985839844
1894,12860.117,2472.6699999999996,8710.666666666666,100,100,1091,4.695961136399921,7.984112435074854,5.429244518280029,-2472.6699999999996,0.017839751516779263,33.05428796344333,0.2354151401668787,0.0113459187753809,0.053385416666666664,1894,160.18057941633631,0.3040122985839844
1895,12866.269,2407.306666666666,8410.666666666662,100,100,1087,4.723676538935382,7.737503833180003,5.445142507553101,-2407.306666666666,-0.012153291307828006,26.586515258340274,0.24228635780951557,0.017207129290909506,0.06166841769043137,1895,160.18847673839056,0.3040122985839844
1896,12872.395,2409.566666666667,8399.333333333334,100,100,1087,4.708867524377831,7.727077583563324,5.421908140182495,-2409.566666666667,-0.010656370069174206,25.747251454521628,0.22173560892834382,0.009973811670480406,0.0630252104909981,1896,160.19668611720047,0.3040122985839844
1897,12878.559,2383.1533333333336,8463.0,100,100,1088,4.725879778989645,7.778492647058823,5.4512410163879395,-2383.1533333333336,-0.009066330049844348,27.262272554285385,0.20609373686944737,0.007125196608659976,0.04917279411764706,1897,160.20449305601488,0.3040122985839844
1898,12884.705,2504.5566666666664,8549.333333333332,100,100,1089,4.691156195976949,7.850627486991122,5.4147117137908936,-2504.5566666666664,-0.10742737575330669,30.418893390231663,0.18169965682965186,-0.0029352967168152747,0.09722222222222222,1898,160.2125873771564,0.3040122985839844
1899,12890.807,2413.0866666666684,8366.000000000005,100,100,1087,4.679787395952103,7.696412143514264,5.39197564125061,-2413.0866666666684,-0.009998802383265951,25.5631820454317,0.22261854918564067,0.0054977438446846515,0.05518353182603331,1899,160.22107397535427,0.3040122985839844
1900,12904.754,2368.5733333333333,8286.0,100,100,1087,4.71467782936908,7.622815087396504,5.429219722747803,-2368.5733333333333,-0.011722367996459497,25.99199053820442,0.22533494234085083,0.018834365422234815,0.05982288773007253,1900,160.22916449643816,0.3040122985839844
1901,12910.526,2435.3300000000004,8523.333333333334,100,100,1090,4.369914313509137,7.819571865443425,5.052016019821167,-2435.3300000000004,-0.05895279042629732,26.277975373797947,0.2993337826596366,0.009306926978752017,0.07074652777777778,1901,160.1449840459374,0.3040122985839844
1902,12916.052,2375.5433333333335,8557.666666666662,100,100,1087,4.175086109556271,7.872738423796378,4.832416534423828,-2375.5433333333335,-0.013424497864702168,28.015960581162396,0.35390139283502803,0.013536636145812842,0.07366071477094117,1902,160.16062577164624,0.3040122985839844
1903,12922.156,2509.2833333333333,8581.333333333336,100,100,1087,4.696158509103456,7.894510886231219,5.400568008422852,-2509.2833333333333,-0.010716917924582958,29.575661210452807,0.4330949695671306,0.005625966854174347,0.08096988849780139,1903,160.1690915520898,0.3040122985839844
1904,12928.307,2407.556666666666,8325.999999999998,100,100,1089,4.683578693067623,7.645546372819099,5.404109239578247,-2407.556666666666,0.011157623181740442,26.059071510823237,0.39044877513497844,0.010504064848646522,0.0546875,1904,160.17712543693617,0.3040122985839844
1905,12934.454,2642.0666666666675,8806.000000000002,100,100,1090,4.696660459045868,8.078899082568809,5.425048589706421,-2642.0666666666675,0.01984507352527645,37.85658518473307,0.4472387321293354,0.050494384305137724,0.09418402777777778,1905,160.1852702723853,0.3040122985839844
1906,12940.641,2471.5000000000005,8559.0,100,100,1088,4.7354543196835195,7.866727941176471,5.456546068191528,-2471.5000000000005,-0.009897128952776684,29.013206257539636,0.41128159095259276,0.0013226666076875785,0.058823529411764705,1906,160.1927700562825,0.3040122985839844
1907,12946.744,2464.4966666666674,8494.66666666667,100,100,1087,4.701698894621916,7.814780742103652,5.411128044128418,-2464.4966666666674,-0.013173765722004807,29.08175821865306,0.37900347657063427,0.0068926001318579755,0.05612453336224837,1907,160.20120975202363,0.3040122985839844
1908,12952.846,2404.7633333333333,8631.99999999999,100,100,1087,4.715467709469632,7.9411223551057875,5.420504808425903,-2404.7633333333333,-0.013550621950451066,27.257410273832434,0.38818707185633045,0.009341352906845072,0.089723389595747,1908,160.2096541449495,0.3040122985839844
1909,12959.041,2600.2866666666664,8892.666666666666,100,100,1091,4.727159580471904,8.150931866788879,5.475480794906616,-2600.2866666666664,-0.006066653877496719,37.76868046654595,0.44921542041831547,0.0075163433502893895,0.06481481509076224,1909,160.21725403880458,0.3040122985839844
1910,12972.993,2429.17,8557.666666666664,100,100,1088,4.69446194705704,7.86550245098039,5.400965452194214,-2429.17,-0.015188852215514463,27.170572252834546,0.43924102450118346,-0.0023014624808531474,0.07215073529411764,1910,160.22556920193978,0.3040122985839844
1911,12978.722,2447.3599999999997,8564.666666666666,100,100,1088,4.3449931073315815,7.871936274509803,5.009759426116943,-2447.3599999999997,-0.013416028855478062,31.76959279004265,0.40707313050242033,0.00993991143631694,0.06295955882352941,1911,160.1419808122967,0.3040122985839844
1912,12984.225,2382.0600000000004,8361.333333333332,100,100,1088,4.143954688034308,7.685049019607842,4.8093836307525635,-2382.0600000000004,-0.013798167271649136,28.461766102734735,0.37787910419351917,0.005229088190176031,0.06525735294117647,1912,160.15788270385832,0.3040122985839844
1913,12990.289,2437.066666666667,8420.666666666668,100,100,1086,4.6686257833218745,7.753836709637816,5.365489959716797,-2437.066666666667,-0.01608528454294976,24.581979863783893,0.35860419404857297,0.008859889944741392,0.07000118581687703,1913,160.1667314495316,0.3040122985839844
1914,12996.407,2494.953333333334,8440.333333333332,100,100,1087,4.687572953230406,7.764796074823672,5.401429891586304,-2494.953333333334,-0.01287121933830135,32.15040184469784,0.34426115891512704,0.011843934996731524,0.07128997459350263,1914,160.17496422677578,0.3040122985839844
1915,13002.526,2469.673333333333,8573.999999999996,100,100,1089,4.669218457430512,7.873278236914597,5.374656438827515,-2469.673333333333,0.004146696999669075,23.808754589822556,0.3233716016014417,0.005070364303214269,0.042534722222222224,1915,160.18334026703494,0.3040122985839844
1916,13008.754,2398.8966666666674,8397.000000000002,100,100,1089,4.7624943082206315,7.710743801652894,5.4972474575042725,-2398.8966666666674,0.0444801463228133,30.883220381206936,0.3246635465572278,0.01011601921507261,0.05078125,1916,160.19036418955005,0.3040122985839844
1917,13014.805,2400.6733333333336,8440.000000000002,100,100,1087,4.677691997483839,7.7644894204231845,5.367865562438965,-2400.6733333333336,-0.016176909646567178,27.809551799998562,0.3993368192630656,0.016559840953799292,0.09525268502971705,1917,160.19939874800457,0.3040122985839844
1918,13020.969,2568.056666666667,8568.666666666662,100,100,1086,4.725148711712863,7.890116635972985,5.435459613800049,-2568.056666666667,-0.015871239333030057,28.001463048598346,0.42885589248993816,0.005125357587958741,0.06819259945084066,1918,160.20698912486435,0.3040122985839844
1919,13029.218,2480.706666666667,8476.000000000002,100,100,1088,6.403295679239604,7.79044117647059,7.501972913742065,-2480.706666666667,-0.014743390164392836,26.50052297816557,0.4244454240097719,0.00855154768043362,0.07536764705882353,1919,160.18904553918117,0.3040122985839844
1920,13043.352,2342.3266666666673,8435.333333333338,100,100,1082,4.740913860997368,7.796056685150959,5.443681955337524,-2342.3266666666673,-0.014339635039077085,28.450908548691693,0.40752554290434895,0.007840785042122555,0.06532074028954786,1920,160.19624236315184,0.3040122985839844
1921,13049.041,2436.276666666666,8394.666666666666,100,100,1088,4.299573714032543,7.715686274509803,4.972440481185913,-2436.276666666666,-0.009993534973439048,48.679635777192956,0.386622346499387,0.008675930199815947,0.07215073529411764,1921,160.11199875307906,0.3040122985839844
1922,13054.56,2433.2066666666674,8523.999999999998,100,100,1088,4.158716268541277,7.83455882352941,4.815950632095337,-2433.2066666666674,-0.017283355817198753,31.734037904178393,0.39025218083577995,0.01105530618224293,0.0859375,1922,160.1276519600657,0.3040122985839844
1923,13060.749,2470.4400000000005,8541.0,100,100,1089,4.728724055323164,7.8429752066115705,5.455483913421631,-2470.4400000000005,-0.011481953163941702,29.438009828329086,0.41156820952892303,0.006615430724600123,0.0876736111111111,1923,160.1351508148165,0.3040122985839844
1924,13066.842,2451.846666666667,8519.333333333332,100,100,1084,4.7062160519194,7.859163591635915,5.399600982666016,-2451.846666666667,-0.015104918672210154,36.71747140323414,0.3809099618126364,0.018047830559011987,0.08226102985003415,1924,160.1434322638258,0.3040122985839844
1925,13072.928,2449.123333333334,8512.000000000002,100,100,1087,4.689597055292838,7.830726770929164,5.39737343788147,-2449.123333333334,-0.010887118987739086,26.843596738927506,0.3893669466761982,0.006350359208334018,0.06991859273437191,1925,160.15204595004644,0.3040122985839844
1926,13079.029,2482.350000000001,8595.999999999998,100,100,1087,4.7042003695458074,7.908003679852804,5.41079306602478,-2482.350000000001,-0.012921316275263535,24.265578382155475,0.34844259742428274,0.017261337940855062,0.08739641714183723,1926,160.16043590870748,0.3040122985839844
1927,13085.21,2562.843333333334,8675.333333333336,100,100,1091,4.709710083508353,7.951726245035138,5.446276664733887,-2562.843333333334,-0.04217628068808052,36.362432108985054,0.36996423949797946,0.008518911173774136,0.06872106509076224,1927,160.16816089132067,0.3040122985839844
1928,13091.348,2441.3,8472.666666666668,100,100,1087,4.724075711973135,7.7945415516712675,5.439656019210815,-2441.3,-0.014635010868968332,28.49687868006089,0.2886127154616749,0.008640430614297442,0.09385941922664642,1928,160.17609845544604,0.3040122985839844
1929,13097.462,2546.9933333333324,8621.999999999996,100,100,1087,4.700935419379856,7.931922723091073,5.407337665557861,-2546.9933333333324,-0.015335152911789277,26.087048025692212,0.32521574111545787,0.007278876156573568,0.07728612313375753,1929,160.18431052394143,0.3040122985839844
1930,13111.35,2447.373333333333,8484.000000000002,100,100,1085,4.707623871090535,7.819354838709679,5.4104413986206055,-2447.373333333333,-0.011933018453419209,21.711761783151065,0.30661067936350317,0.010880188651807496,0.060383015805307555,1930,160.19211546517226,0.3040122985839844
1931,13117.188,2568.220000000001,8636.33333333333,100,100,1089,4.409085032577165,7.930517294153655,5.1043829917907715,-2568.220000000001,-0.002117541152983904,31.641065279642742,0.3243103020569783,0.01506113254516903,0.07942708333333333,1931,160.10916736921172,0.3040122985839844
1932,13122.703,2355.9800000000005,8312.666666666668,100,100,1087,4.154266790198137,7.647347439435757,4.802924871444702,-2355.9800000000005,-0.014242771355544819,20.8291696099674,0.29085300906616096,0.011431617549319258,0.06666520785759478,1932,160.1247037357669,0.3040122985839844
1933,13128.814,2399.0099999999993,8553.33333333333,100,100,1087,4.704138731863264,7.86875191659,5.4134767055511475,-2399.0099999999993,-0.012570802588015795,25.933323299183566,0.3081921111134922,0.008411510840660948,0.06071282709565233,1933,160.13297135594593,0.3040122985839844
1934,13134.959,2590.170000000001,8762.333333333332,100,100,1091,4.704699907699424,8.031469599755575,5.43558144569397,-2590.170000000001,-0.01500879999043213,28.81125741534763,0.3128419329101841,0.0037607352698816815,0.057291666666666664,1934,160.14111800327166,0.3040122985839844
1935,13141.097,2388.016666666666,8429.333333333334,100,100,1088,4.714790993816945,7.747549019607844,5.431018590927124,-2388.016666666666,-0.012600448201684392,27.252677580889532,0.31834321425241585,0.0054417190292631,0.07490808823529412,1935,160.14910982934796,0.3040122985839844
1936,13147.217,2448.4400000000005,8487.333333333334,100,100,1085,4.707896036057291,7.822427035330262,5.4048473834991455,-2448.4400000000005,-0.01421888271237121,23.591017049901627,0.27998441501575355,0.009170034807860194,0.06835372395375196,1936,160.15709152075055,0.3040122985839844
1937,13153.341,2451.606666666666,8385.333333333334,100,100,1089,4.686683657214805,7.7000306091215185,5.400699138641357,-2451.606666666666,0.015826202670319214,32.16264072060585,0.28082346316013074,0.011534622383704927,0.06987847222222222,1937,160.16531893395688,0.3040122985839844
1938,13159.479,2387.9633333333336,8308.666666666664,100,100,1085,4.7273478318383475,7.657757296466972,5.425073862075806,-2387.9633333333336,-0.013207499477978083,27.003928941838883,0.2575671269613154,0.012633039340417943,0.0576708653174779,1938,160.17306163574642,0.3040122985839844
1939,13165.584,2398.586666666667,8491.333333333336,100,100,1088,4.697118380671086,7.804534313725492,5.401433229446411,-2398.586666666667,-0.010712002732736222,26.529686591204474,0.30083567561472163,0.012620477512588395,0.08363970588235294,1939,160.18142041217294,0.3040122985839844
1940,13179.517,2460.29,8517.666666666668,100,100,1085,4.756955207274016,7.850384024577574,5.472727298736572,-2460.29,-0.01268134247049388,26.443018520579617,0.29096100435537453,0.014207807739320047,0.05043093027437434,1940,160.18857081930787,0.3040122985839844
1941,13185.446,2434.84,8634.333333333332,100,100,1092,4.474831500577642,7.9068986568986555,5.18387508392334,-2434.84,-0.004213136827780141,29.20176034503513,0.2645258377823565,0.010204504793768542,0.07552083333333333,1941,160.10524484493274,0.3040122985839844
1942,13190.989,2516.4733333333343,8707.999999999998,100,100,1090,4.159538349491296,7.988990825688072,4.828989505767822,-2516.4733333333343,-0.011103412809057368,29.130000644259983,0.28842421662476325,0.011747228617120223,0.0703125,1942,160.12059722540437,0.3040122985839844
1943,13197.195,2366.17,8440.0,100,100,1089,4.741045545454798,7.750229568411386,5.459670066833496,-2366.17,-0.04715349512278206,30.916069136725532,0.2927213828596804,0.010240526992775913,0.0625,1943,160.12781246566132,0.3040122985839844
1944,13203.304,2423.276666666666,8450.33333333333,100,100,1085,4.713577422965747,7.788325652841779,5.410447359085083,-2423.276666666666,-0.014983434010954463,27.59804647109088,0.26737165626357584,0.013271355571786818,0.06702025048434734,1944,160.13590249554434,0.3040122985839844
1945,13209.432,2476.6,8538.333333333336,100,100,1086,4.699377440071355,7.862185389809701,5.4148993492126465,-2476.6,-0.01042692396132385,29.783936668844785,0.24157214603003332,0.017865228862159282,0.0544354836730396,1945,160.14382610767524,0.3040122985839844
1946,13215.57,2505.3033333333346,8517.333333333336,100,100,1088,4.701657263092998,7.828431372549022,5.427639722824097,-2505.3033333333346,-0.00907480766010635,30.4920675053316,0.23420950638897278,0.010631188945433892,0.06387867647058823,1946,160.15176986297746,0.3040122985839844
1947,13221.767,2363.796666666666,8369.999999999998,100,100,1091,4.719938041205244,7.671860678276809,5.465529680252075,-2363.796666666666,0.0535992790117032,25.435490078396267,0.18381457736379364,0.0163259967181754,0.059027777777777776,1947,160.1592289865523,0.3040122985839844
1948,13227.834,2428.8666666666677,8486.333333333334,100,100,1087,4.67657332174504,7.807114382091384,5.379876136779785,-2428.8666666666677,-0.010665446410284322,23.858329744899976,0.17844480604809873,0.013957826721975031,0.048757003072430104,1948,160.16794363324388,0.3040122985839844
1949,13233.978,2411.6633333333334,8399.0,100,100,1090,4.693101925365285,7.705504587155963,5.4202330112457275,-2411.6633333333334,-0.029681355071564514,31.51505548424191,0.15425050067117102,0.01179909232370038,0.07074652777777778,1949,160.1759504860827,0.3040122985839844
1950,13247.91,2392.9,8273.666666666666,100,100,1082,4.6907512024785225,7.6466420209488595,5.375727415084839,-2392.9,-0.0084955592858879,27.136251842274387,0.19278519556802862,0.017168867275947432,0.053689148003125894,1950,160.18345062678856,0.3040122985839844
1951,13253.586,2371.2200000000003,8430.000000000004,100,100,1083,4.298328625064925,7.783933518005544,4.942025661468506,-2371.2200000000003,-0.012616543291027056,23.640860220965216,0.19215848866631002,0.019900531391613185,0.061853502055301386,1951,160.10232656525216,0.3040122985839844
1952,13259.066,2335.1099999999997,8233.666666666666,100,100,1085,4.141227925016034,7.588632872503839,4.7828803062438965,-2335.1099999999997,-0.013502374236636302,28.03211234597599,0.22557443950106115,0.012405788820401272,0.06964199573678129,1952,160.1179856279228,0.3040122985839844
1953,13265.195,2442.409999999998,8506.666666666668,100,100,1086,4.7330684179712845,7.8330263965623095,5.45240044593811,-2442.409999999998,-0.010487212676226217,28.86605100070729,0.2322666189249824,0.011931614553117576,0.058482566300560444,1953,160.12588223463834,0.3040122985839844
1954,13271.259,2485.1866666666674,8408.666666666673,100,100,1083,4.6788017553150905,7.764235149276707,5.360315322875977,-2485.1866666666674,-0.009663754416739239,29.650055604822494,0.24119103568441727,0.011468988764510654,0.0625467346433331,1954,160.13431809172837,0.3040122985839844
1955,13277.404,2373.3366666666666,8306.333333333334,100,100,1088,4.70331599107714,7.634497549019608,5.422895908355713,-2373.3366666666666,-0.011324628448004232,27.902573781854965,0.22615307481849894,0.016983506666934666,0.0546875,1955,160.142150037327,0.3040122985839844
1956,13283.548,2475.313333333333,8500.999999999998,100,100,1089,4.6862160697830815,7.806244260789714,5.405500411987305,-2475.313333333333,-0.056630178509900965,36.990833044052124,0.2330236261089643,0.015401562627327317,0.055989583333333336,1956,160.15005579558152,0.3040122985839844
1957,13289.664,2417.96,8577.000000000002,100,100,1086,4.702359759853381,7.89779005524862,5.401184558868408,-2417.96,-0.007730422212797052,27.93051820642808,0.22032518903998768,0.012054950906210305,0.0566443310064428,1957,160.15807971103632,0.3040122985839844
1958,13295.795,2473.1533333333336,8522.333333333332,100,100,1087,4.706637625622785,7.8402330573443715,5.419999361038208,-2473.1533333333336,-0.011140041655915625,24.623818453620462,0.21067618447191575,0.015136072268326054,0.053848622914622814,1958,160.16597648033542,0.3040122985839844
1959,13301.908,2443.716666666667,8466.999999999996,100,100,1088,4.700188233875772,7.782169117647055,5.408627510070801,-2443.716666666667,-0.011455510469043957,29.104258873883417,0.2009342873797697,0.01873146731111988,0.05744485294117647,1959,160.17417463414856,0.3040122985839844
1960,13315.855,2412.3333333333326,8325.33333333333,100,100,1088,4.692971230029156,7.651960784313722,5.403797388076782,-2412.3333333333326,-0.011750385877402389,18.685728521908032,0.20888776682755528,0.020810870898832733,0.06893382352941177,1960,160.18245423358377,0.3040122985839844
1961,13321.677,2392.78,8367.666666666668,100,100,1088,4.434377208513872,7.690870098039217,5.127562522888184,-2392.78,-0.009618116213994868,21.221492038053626,0.20123719796538353,0.007768256095005199,0.04779411764705882,1961,160.09980821574626,0.3040122985839844
1962,13327.111,2311.806666666667,8229.66666666667,100,100,1081,4.130293434347085,7.613012642614866,4.753251314163208,-2311.806666666667,-0.013218367855776758,31.834248318391687,0.2204926500425619,0.00846980645249406,0.06404798762763247,1962,160.115645098345,0.3040122985839844
1963,13333.239,2457.3666666666672,8469.666666666666,100,100,1083,4.726682271505685,7.820560172360726,5.426188707351685,-2457.3666666666672,-0.011263090719961944,34.7954807842479,0.26906253046849193,0.010905861844281283,0.06794460353386753,1963,160.12328273666873,0.3040122985839844
1964,13339.343,2404.583333333333,8405.999999999996,100,100,1084,4.698668354739885,7.754612546125458,5.390460968017578,-2404.583333333333,-0.01339333416784511,24.90795831119313,0.26976416566792655,0.005653931666850387,0.05958946114953827,1964,160.13127350106288,0.3040122985839844
1965,13345.497,2426.690000000001,8456.66666666667,100,100,1087,4.700198525707679,7.779822140447719,5.418382406234741,-2426.690000000001,-0.008840500377118587,28.54607178183163,0.3100129006540074,0.005641561665363363,0.0492384456207647,1965,160.13888068340452,0.3040122985839844
1966,13351.63,2439.603333333334,8539.333333333338,100,100,1088,4.693815258660299,7.848651960784317,5.407329082489014,-2439.603333333334,-0.01106731001945103,28.118968402638156,0.3085571676492691,0.0022698001566288225,0.050551470588235295,1966,160.1468089696345,0.3040122985839844
1967,13357.714,2496.706666666666,8608.999999999996,100,100,1085,4.693572720499873,7.9345622119815635,5.389786958694458,-2496.706666666666,-0.012204978998531313,27.07092301985797,0.2987843830795849,0.0036912918885183684,0.051282244022278226,1967,160.1550957936922,0.3040122985839844
1968,13363.837,2515.6766666666667,8518.666666666666,100,100,1090,4.703573947195647,7.815290519877675,5.428346872329712,-2515.6766666666667,-0.015461604473077588,29.106146335601807,0.3017099408639802,0.013638359782311859,0.052083333333333336,1968,160.16327933320906,0.3040122985839844
1969,13369.904,2359.14,8300.333333333334,100,100,1085,4.6845593550864795,7.650076804915515,5.369535207748413,-2359.14,-0.009891742730841917,34.366960637709674,0.316136335625368,0.012123253581675646,0.051350047702298444,1969,160.17176239679333,0.3040122985839844
1970,13383.887,2366.8999999999996,8347.0,100,100,1087,4.723596873799409,7.678932842686293,5.432132005691528,-2366.8999999999996,-0.01161580061649575,35.28390267316033,0.270081964924055,0.01533217342597816,0.06583362554802615,1970,160.17959782575022,0.3040122985839844
1971,13389.645,2418.1800000000003,8473.0,100,100,1086,4.391944935051364,7.802025782688766,5.0594482421875,-2418.1800000000003,-0.010114832562120521,28.603247193729175,0.2900250957292669,0.008211556592654875,0.05757827311754227,1971,160.09789213631737,0.3040122985839844
1972,13395.161,2503.856666666667,8666.666666666668,100,100,1087,4.151653449039087,7.973014412756824,4.811506032943726,-2503.856666666667,-0.013872470432782875,28.333536989548627,0.37312279466320486,0.009183582897736308,0.0773153015795876,1972,160.11311834420883,0.3040122985839844
1973,13401.278,2421.279999999999,8488.999999999995,100,100,1088,4.6996904401406505,7.802389705882348,5.4040796756744385,-2421.279999999999,-0.01108669807367465,26.654685581431668,0.3333033389028381,0.004112119539914762,0.0625,1973,160.12121598888749,0.3040122985839844
1974,13407.461,2552.64,8709.333333333338,100,100,1091,4.718178001810361,7.982890314696001,5.448707103729248,-2552.64,-0.009253928903490305,32.130692270067,0.3852169602695439,0.003829524776342118,0.04513888888888889,1974,160.12874673714026,0.3040122985839844
1975,13413.626,2583.186666666666,8643.33333333333,100,100,1091,4.695039596553724,7.922395355942558,5.428345680236816,-2583.186666666666,0.02682310746361812,41.69521779484219,0.3552939456163181,0.0010485758183575752,0.052083333333333336,1975,160.13648579853543,0.3040122985839844
1976,13419.752,2458.4566666666674,8454.666666666668,100,100,1086,4.71491841515732,7.785144260282383,5.417104959487915,-2458.4566666666674,-0.011735004324959043,26.30013033922981,0.4434528815395692,0.009729811175288084,0.05667397993452409,1976,160.14432123366907,0.3040122985839844
1977,13425.846,2518.256666666667,8758.66666666667,100,100,1086,4.707219983767512,8.065070595457339,5.407470703125,-2518.256666666667,-0.016222600332077813,38.96117479660932,0.44479500020251556,0.014971883782623884,0.09257886602598078,1977,160.15251298974692,0.3040122985839844
1978,13431.983,2593.956666666666,8875.33333333333,100,100,1085,4.719432995307006,8.180030721966203,5.428247928619385,-2593.956666666666,-0.012969523887423909,37.741617034463324,0.3774826631826513,0.013653531828073455,0.06504640750148717,1978,160.16011768321474,0.3040122985839844
1979,13438.037,2378.893333333334,8385.333333333334,100,100,1085,4.677022120074159,7.7284178187404,5.365988492965698,-2378.893333333334,-0.009392668767010464,32.00463205225327,0.421221904018346,0.011137751670663847,0.06729899927535478,1979,160.16870514889615,0.3040122985839844
1980,13452.085,2461.9999999999995,8447.999999999995,100,100,1090,4.749031101434637,7.750458715596325,5.4868175983428955,-2461.9999999999995,0.0011258652537233299,29.457995255788166,0.32959888089034295,0.01891114716676788,0.0759548611111111,1980,160.17573528532145,0.3040122985839844
1981,13457.82,2579.703333333334,8653.333333333334,100,100,1087,4.341207179065242,7.960748236737198,5.007805585861206,-2579.703333333334,-0.015905015827978358,34.665694909937244,0.39320730461793785,0.009307170827763485,0.0846536534235758,1981,160.09502710863768,0.3040122985839844
1982,13463.06,2463.9733333333334,8532.666666666668,100,100,1089,3.8737306721753093,7.835322926232018,4.504496812820435,-2463.9733333333334,-0.014100888640516333,43.290657467312286,0.3725288576549954,0.013951197577019533,0.09418402777777778,1982,160.11359681439865,0.3040122985839844
1983,13468.567,2434.8666666666672,8501.999999999996,100,100,1087,4.1558070835702825,7.8215271389144405,4.8202831745147705,-2434.8666666666672,-0.009084085851688595,36.6197130539838,0.3308081368313116,0.012558435343260713,0.07315009361242547,1983,160.12884454927612,0.3040122985839844
1984,13474.855,2537.0766666666664,8666.666666666662,100,100,1089,4.823607989331182,7.958371594735227,5.554558038711548,-2537.0766666666664,-0.04464881388574011,30.37143444487204,0.3107633612978841,0.01270842191297561,0.06163194444444445,1984,160.13493463078558,0.3040122985839844
1985,13481.082,2464.7433333333333,8427.666666666664,100,100,1085,4.807233825231546,7.76743471582181,5.521711111068726,-2464.7433333333333,-0.01496498451075133,37.605328615973974,0.32859516845029946,0.008231544124154264,0.05771606755168999,1985,160.1414505947939,0.3040122985839844
1986,13487.354,2554.6833333333325,8667.666666666666,100,100,1090,4.799124863588276,7.9519877675840975,5.530236005783081,-2554.6833333333325,-0.04371408238593075,30.76415240764618,0.34444739297032356,0.009495068522584107,0.1111111111111111,1986,160.14779194640386,0.3040122985839844
1987,13493.633,2487.313333333333,8503.666666666664,100,100,1089,4.789301285223439,7.80869299051117,5.513763189315796,-2487.313333333333,-0.040428554018338524,29.989671074681812,0.24718019283480114,0.010106948281948766,0.078125,1987,160.15398189307032,0.3040122985839844
1988,13499.886,2500.8933333333325,8548.999999999995,100,100,1089,4.799552799969624,7.850321395775937,5.527022838592529,-2500.8933333333325,0.001745035716642936,30.52551153384977,0.33186720518602264,0.008680818330806991,0.08116319444444445,1988,160.16047768990535,0.3040122985839844
1989,13506.151,2451.766666666668,8414.000000000004,100,100,1089,4.801854268986393,7.726354453627184,5.5324461460113525,-2451.766666666668,-0.008864881056878302,29.222918377982246,0.2935604218704005,0.015338201638466368,0.06901041666666667,1989,160.1668036045129,0.3040122985839844
1990,13520.258,2489.653333333333,8563.000000000002,100,100,1085,4.80327151816613,7.892165898617513,5.514289855957031,-2489.653333333333,-0.014874389258158557,32.339446909287396,0.3229972991873236,0.005359485426999848,0.06130213334279902,1990,160.1731123581172,0.3040122985839844
1991,13526.528,2438.2166666666653,8428.66666666666,100,100,1088,4.817723438784871,7.746936274509799,5.547699689865112,-2438.2166666666653,-0.010151038165478146,27.34345335118911,0.3441614394678789,0.013773888828890288,0.05744485294117647,1991,160.08618213730884,0.3040122985839844
1992,13532.28,2481.923333333333,8517.33333333333,100,100,1086,4.372201195440356,7.84284837323511,5.039172649383545,-2481.923333333333,-0.013757916550864191,26.774452209472656,0.35864460555946126,0.013370799907373594,0.07275853875805349,1992,160.09837569503597,0.3040122985839844
1993,13537.914,2405.346666666667,8398.666666666664,100,100,1085,4.245122948828827,7.740706605222732,4.910935401916504,-2405.346666666667,-0.01162059627035085,26.611934858209946,0.32810862099423127,0.01314841813120224,0.0626582086962812,1993,160.11188718664673,0.3040122985839844
1994,13544.167,2519.563333333333,8636.33333333333,100,100,1089,4.794218457929099,7.930517294153655,5.526618242263794,-2519.563333333333,0.02057079432739152,33.40181268586053,0.34219308152498545,0.029765513360164024,0.08897569444444445,1994,160.11837093754772,0.3040122985839844
1995,13550.424,2530.056666666666,8627.666666666662,100,100,1088,4.811519486204762,7.929840686274506,5.538465261459351,-2530.056666666666,-0.013082670540932347,34.00658540164723,0.3291800495456247,0.009167067658649209,0.08639705882352941,1995,160.12473450753225,0.3040122985839844
1996,13556.703,2425.4733333333343,8430.0,100,100,1090,4.77911238686754,7.73394495412844,5.511136054992676,-2425.4733333333343,-0.006066040705061621,26.325575881534153,0.3484809667699867,0.025871983884523313,0.10243055555555555,1996,160.13097367302137,0.3040122985839844
1997,13562.822,2394.3333333333326,8385.999999999998,100,100,1087,4.682852345451939,7.714811407543697,5.381665229797363,-2394.3333333333326,-0.005480887916158228,29.33360994563383,0.3474678958163542,0.0031262203564812593,0.061653828412732654,1997,160.13887263097587,0.3040122985839844
1998,13569.119,2450.0800000000004,8501.333333333332,100,100,1088,4.73005422474457,7.813725490196077,5.463359355926514,-2450.0800000000004,-0.013219139210003264,28.122266993803137,0.336928030147272,0.0037762597066295497,0.07996323529411764,1998,160.14474004010364,0.3040122985839844
1999,13575.464,2524.153333333333,8586.333333333332,100,100,1091,4.646218607610213,7.870149709746409,5.390701055526733,-2524.153333333333,-0.005028128235911329,29.01774087217119,0.3081307460864385,0.006466570129204128,0.08897569444444445,1999,160.15025782410456,0.3040122985839844
2000,13589.832,2462.2833333333333,8451.666666666668,100,100,1089,4.842790542704911,7.760942760942762,5.608506202697754,-2462.2833333333333,0.12034719882325993,37.414513217078316,0.2795867911643452,0.01123742041333268,0.06770833333333333,2000,160.15528795912607,0.3040122985839844
