step,wall_clock_s,mean_flow_time,makespan,n_completed,n_orders,n_decisions,decision_time_ms,sim_time_per_decision,solve_wall_clock_s,reward_sum,policy_loss,value_loss,entropy,approx_kl,clip_fraction,episode,sps,gpu_mem_gb
1,2.913,2320.01,7588.333333333336,100,100,1007,2.022076461717575,7.53558424362794,2.248688220977783,-2320.01,-0.039141621004091576,1715.8983421325684,1.41571431979537,0.010131086397450417,0.15582405222812667,1,345.7232926344933,0.30826520919799805
2,5.559,2216.8433333333332,7338.000000000005,100,100,1008,2.0559589269511873,7.2797619047619095,2.2864675521850586,-2216.8433333333332,-0.03884683712385595,1535.0938682556152,1.3602740168571472,0.023517522466136143,0.21321614598855376,2,362.4635584961613,0.30826520919799805
3,8.2,2274.233333333334,7816.333333333333,100,100,1011,2.0329074165622614,7.731289152654138,2.2678744792938232,-2274.233333333334,-0.04304829484317452,1603.5376167297363,1.3452867157757282,0.019816960659227334,0.2360409013926983,3,369.01685611107405,0.30826520919799805
4,10.824,2198.5099999999998,7365.999999999999,100,100,1004,2.039042529436682,7.3366533864541825,2.2552602291107178,-2198.5099999999998,-0.03878201945917681,1551.4535789489746,1.3298264667391777,0.019426555183599703,0.20991654857061803,4,372.3166558471995,0.30826520919799805
5,13.465,2206.7866666666673,7247.000000000002,100,100,1003,2.051796907942523,7.225324027916253,2.270026922225952,-2206.7866666666673,-0.039015063957776874,1546.709861755371,1.2755907997488976,0.023243505362188444,0.2327511813491583,5,373.7791477981513,0.30826520919799805
6,16.098,2227.783333333333,7394.999999999998,100,100,1002,2.045296807122787,7.3802395209580824,2.2581818103790283,-2227.783333333333,-0.03459017488057725,1583.9632568359375,1.2726438082754612,0.014729289949173108,0.22077287966385484,6,374.89361612003955,0.30826520919799805
7,18.719,2292.486666666665,7686.666666666669,100,100,1009,2.0203263587913707,7.618103733069048,2.247974395751953,-2292.486666666665,-0.03451226849574596,1651.435531616211,1.2216579169034958,0.00836773167247884,0.22015505377203226,7,376.29566624164977,0.30826520919799805
8,21.365,2361.3066666666673,7816.333333333338,100,100,1004,2.0516132504541975,7.785192563081013,2.275111675262451,-2361.3066666666673,-0.03729998873313889,1748.365306854248,1.1986331902444363,0.006470282722148113,0.22207919042557478,8,376.68811282280234,0.30826520919799805
9,24.033,2260.5466666666657,7571.999999999999,100,100,1009,2.071236768701438,7.50445986124876,2.298753499984741,-2260.5466666666657,-0.02976426453096792,1576.471248626709,1.1762548200786114,0.017828786265454255,0.23240194469690323,9,376.8615438949699,0.30826520919799805
10,29.854,2241.6566666666645,7350.333333333324,100,100,1012,2.00085938846501,7.263175230566525,2.2325332164764404,-2241.6566666666645,-0.028043099562637508,1601.7369956970215,1.1734661813825369,0.010146338412596378,0.21183894341811538,10,378.0034787193866,0.30826520919799805
11,32.47,2192.4500000000007,7463.333333333335,100,100,1012,2.01285603017226,7.37483530961792,2.2446963787078857,-2192.4500000000007,-0.02611688431352377,1483.7620887756348,1.1086899284273386,0.0017266967552131973,0.20966045698150992,11,341.2643553072765,0.30826520919799805
12,35.088,2218.63,7331.333333333332,100,100,1008,2.008868651630889,7.273148148148147,2.2349088191986084,-2218.63,-0.03693641215795651,1507.469051361084,1.081087950617075,0.022555962857950362,0.22054036473855376,12,344.53809992422396,0.30826520919799805
13,37.672,2186.230000000002,7501.3333333333385,100,100,1001,2.006234865604,7.4938394938394985,2.2140445709228516,-2186.230000000002,-0.023449305910617113,1473.4759101867676,1.0123140960931778,0.016613579406111967,0.23329125251621008,13,347.48456277864113,0.30826520919799805
14,40.249,2201.676666666667,7491.33333333333,100,100,1003,1.996908276290786,7.468926553672313,2.206815004348755,-2201.676666666667,-0.02613840319099836,1524.4511604309082,0.9668138474225998,0.02409687552062678,0.18299191491678357,14,350.1470308610876,0.30826520919799805
15,42.845,2237.553333333334,7530.000000000004,100,100,1009,1.9874230925523564,7.462834489593661,2.215040683746338,-2237.553333333334,-0.020763641456142068,1508.8013496398926,0.983720101416111,0.037787900524563156,0.2163185579702258,15,352.47983571650985,0.30826520919799805
16,45.412,2277.0200000000013,7470.333333333338,100,100,1001,1.9840304689764694,7.462870462870467,2.19636607170105,-2277.0200000000013,-0.012048926248098724,1611.496467590332,0.9783484693616629,0.05733750398212578,0.2445217224303633,16,354.5955081302328,0.30826520919799805
17,47.997,2244.7033333333325,7388.000000000001,100,100,1003,1.9997078757073845,7.365902293120639,2.2133982181549072,-2244.7033333333325,-0.017104580532759428,1556.445571899414,0.8387348391115665,0.06680126872379333,0.2278570127673447,17,356.3968996705901,0.30826520919799805
18,50.578,2288.6666666666665,7522.000000000002,100,100,1009,1.9792220033742156,7.454905847373639,2.209036111831665,-2288.6666666666665,-0.01736018410883844,1565.638027191162,0.8063790965825319,0.061543400268419646,0.19450534041970968,18,358.16273632162705,0.30826520919799805
19,53.142,2234.5899999999992,7514.666666666669,100,100,1006,1.9754271357872006,7.469847581179591,2.192782402038574,-2234.5899999999992,-0.007133669045288116,1511.1628074645996,0.8020882215350866,0.08823480596765876,0.16866932762786746,19,359.810998951173,0.30826520919799805
20,58.748,2189.2999999999993,7425.666666666663,100,100,1007,1.9290471699665916,7.374048328368087,2.1474783420562744,-2189.2999999999993,-0.0020763801876455545,1405.1958656311035,0.7445317395031452,0.0856518771906849,0.16222365316934884,20,361.5517628931685,0.30826520919799805
21,61.271,2225.649999999998,7368.666666666664,100,100,1006,1.9341003985021996,7.324718356527499,2.149763345718384,-2225.649999999998,-0.004676787415519357,1464.985466003418,0.7095206528902054,0.09397427017393056,0.17786175245419145,21,344.9288538722162,0.30826520919799805
22,63.808,2284.756666666667,7552.666666666666,100,100,1001,1.9595918071630236,7.545121545121544,2.1703546047210693,-2284.756666666667,0.0006458709249272943,1520.3246383666992,0.7446582736447453,0.1149983305222122,0.1889767525717616,22,346.9050133107227,0.30826520919799805
23,66.365,2113.149999999999,7446.66666666667,100,100,997,1.9824271802131905,7.469073888331665,2.179680109024048,-2113.149999999999,-0.002701820805668831,1302.1227531433105,0.7645648904144764,0.1294810989202233,0.22592905443161726,23,348.55514899159584,0.30826520919799805
24,68.907,2317.923333333334,7540.000000000004,100,100,1009,1.9425574816556646,7.4727452923686855,2.1706347465515137,-2317.923333333334,0.007268869201652706,1513.6641159057617,0.8268580343574286,0.12263199055450968,0.2221779329702258,24,350.3417901137506,0.30826520919799805
25,71.424,2222.2000000000007,7599.000000000004,100,100,1000,1.9427368984324858,7.599000000000004,2.1467463970184326,-2222.2000000000007,0.0016587877180427313,1434.1877975463867,0.7301192274317145,0.10973428211946157,0.1775390631519258,25,351.99465943081157,0.30826520919799805
26,73.926,2242.906666666668,7554.999999999997,100,100,1005,1.9190050776241654,7.517412935323381,2.134718418121338,-2242.906666666668,0.002183905686251819,1385.2002296447754,0.7157552093267441,0.131579420689377,0.19691840326413512,26,353.67969106589175,0.30826520919799805
27,76.44,2105.739999999999,7287.66666666667,100,100,1005,1.9329722364901087,7.251409618573801,2.14587140083313,-2105.739999999999,-0.014480292389634997,1197.2223873138428,0.720875509083271,0.10501679718436208,0.16818576399236917,27,355.1915295553977,0.30826520919799805
28,78.962,2192.206666666666,7518.999999999999,100,100,1005,1.9346076622141979,7.4815920398009945,2.149590015411377,-2192.206666666666,0.011895432777237147,1304.1540489196777,0.624480988830328,0.49671400352963246,0.19832899328321218,28,356.57498495699394,0.30826520919799805
29,81.524,2316.046666666669,7574.000000000006,100,100,1003,1.9706239288251248,7.551345962113666,2.187086820602417,-2316.046666666669,-0.002458752947859466,1437.2912940979004,0.9117886275053024,0.13289438046922442,0.16561818681657314,29,357.67516248621996,0.30826520919799805
30,87.729,2179.3166666666666,7602.999999999996,100,100,1005,2.0924985061274537,7.56517412935323,2.3082072734832764,-2179.3166666666666,0.0022448748168244492,1251.8632278442383,0.7162834033370018,0.31567962846020237,0.1595486111473292,30,358.16411001126085,0.30826520919799805
31,90.671,2217.663333333334,7432.333333333331,100,100,1003,2.3302440685921106,7.4101030242605495,2.5446531772613525,-2217.663333333334,-0.009478207677602768,1311.5849800109863,0.7274790126830339,0.12282691450673155,0.1568972570821643,31,343.7404755306118,0.30826520919799805
32,93.734,2378.700000000001,7588.000000000005,100,100,1006,2.438157552225556,7.5427435387674,2.667508602142334,-2378.700000000001,-0.004101063823327422,1528.1519737243652,0.7989473007619381,0.14097702605067752,0.13058339059352875,32,343.2373707877101,0.30826520919799805
33,96.409,2265.339999999999,7612.33333333333,100,100,1005,2.0637626879019155,7.574461028192369,2.283367156982422,-2265.339999999999,-0.003663104202132672,1315.6705856323242,0.8329696804285049,0.12463416483660694,0.17062717070803046,33,344.13756336839555,0.30826520919799805
34,99.277,2269.1100000000006,7418.0,100,100,1010,2.243354553495082,7.344554455445545,2.480170488357544,-2269.1100000000006,-0.00941580839571543,1260.7211418151855,0.8400929104536772,0.13524546301050577,0.1630859370343387,34,344.370432241147,0.30826520919799805
35,102.173,2267.526666666666,7470.666666666668,100,100,1005,2.2771978122993044,7.433499170812605,2.4986157417297363,-2267.526666666666,-0.009862354636425152,1309.3196449279785,0.7969012726098299,0.09760564739553956,0.15006510470993817,35,344.4444112437777,0.30826520919799805
36,105.097,2207.1533333333336,7456.000000000003,100,100,1003,2.319589031489746,7.433698903290132,2.5325772762298584,-2207.1533333333336,-0.0034918347955681384,1219.2626342773438,0.8435226492583752,0.07597770680149551,0.13682094821706414,36,344.40629629957226,0.30826520919799805
37,108.026,2227.396666666667,7553.333333333333,100,100,1004,2.2999553785119504,7.523240371845949,2.5183448791503906,-2227.396666666667,0.005581658566370606,1175.929557800293,0.8600961193442345,0.1547204629314365,0.15478515694849193,37,344.36568621111917,0.30826520919799805
38,110.832,2210.933333333334,7562.333333333332,100,100,999,2.21219589538477,7.569903236569902,2.4184000492095947,-2210.933333333334,-0.0019609097216743976,1164.4318675994873,0.8019952662289143,0.09905958575836848,0.16076973173767328,38,344.65646563681116,0.30826520919799805
39,113.593,2232.5099999999984,7395.000000000005,100,100,1007,2.1553811332342225,7.343594836146976,2.380707025527954,-2232.5099999999984,-0.008199764595701708,1146.128740310669,0.8179740719497204,0.07426675662281923,0.1417158404365182,39,345.14307734490575,0.30826520919799805
40,119.37,2172.593333333334,7494.333333333336,100,100,1000,2.0076892011566088,7.494333333333336,2.2110908031463623,-2172.593333333334,-0.006283774244366214,1076.012643814087,0.7129216641187668,0.18248877269797958,0.12187500018626451,40,346.02335156017944,0.30826520919799805
41,121.979,2181.873333333332,7313.666666666671,100,100,1007,2.000465441255644,7.2628268785170516,2.221435308456421,-2181.873333333332,0.00637470098445192,1061.8574504852295,0.8173300698399544,0.2106751381070353,0.13634474715217948,41,337.8700160738388,0.30826520919799805
42,124.585,2225.196666666666,7680.333333333338,100,100,1004,2.0137265932410435,7.649734395750336,2.228707790374756,-2225.196666666666,-0.006967863155296072,1130.2896308898926,0.806640406139195,0.07955961461993866,0.13862748630344868,42,338.86024289876525,0.30826520919799805
43,127.215,2176.9766666666687,7300.333333333337,100,100,1005,2.0262942296123847,7.264013266998345,2.2432174682617188,-2176.9766666666687,-0.005860304110683501,1043.0586280822754,0.7527312319725752,0.16592981569556287,0.13459201389923692,43,339.75516479885187,0.30826520919799805
44,129.823,2275.6933333333345,7392.3333333333385,100,100,1004,2.0184059762089808,7.362881806108903,2.2352263927459717,-2275.6933333333345,-0.004923383854475105,1082.1701622009277,0.7316052112728357,0.14971919529489242,0.10524680442176759,44,340.66483678553186,0.30826520919799805
45,132.425,2212.506666666668,7524.333333333335,100,100,1007,2.005046275962244,7.4720291294273435,2.226041793823242,-2212.506666666668,-0.0024738198844715953,1033.817060470581,0.7317176051437855,0.16257480955732717,0.11167096067219973,45,341.5750100383066,0.30826520919799805
46,135.108,2092.493333333334,7140.666666666667,100,100,1004,2.087763449653939,7.112217795484728,2.2998015880584717,-2092.493333333334,0.0030384434503503144,928.9827785491943,0.6004022844135761,0.19482891750521958,0.13014914793893695,46,342.2222421964962,0.30826520919799805
47,137.74,2171.7199999999993,7274.333333333336,100,100,1004,2.018647706711227,7.245351925630812,2.2347593307495117,-2171.7199999999993,-0.004946548375301063,912.7455196380615,0.656263941898942,0.26341688113461714,0.12282492918893695,47,342.9710465950569,0.30826520919799805
48,140.386,2210.0333333333324,7565.666666666668,100,100,1015,2.0257860088372244,7.453858784893269,2.266658306121826,-2210.0333333333324,-0.0011321031488478184,949.0055618286133,0.6823392054066062,0.15576765961304773,0.12570134922862053,48,343.7399336699187,0.30826520919799805
49,143.002,2218.893333333334,7293.666666666667,100,100,1011,2.0078589517252867,7.214309264754369,2.237340211868286,-2218.893333333334,0.0023598213447257876,946.558765411377,0.6077921474352479,0.22663252455095062,0.15959137631580234,49,344.5192536165087,0.30826520919799805
50,148.726,2295.3299999999995,7543.999999999997,100,100,1012,1.9793463423397215,7.4545454545454515,2.212674140930176,-2295.3299999999995,0.006318433763226494,986.4296894073486,0.6320580216124654,0.1928230499906931,0.1532451929524541,50,345.34537377820425,0.30826520919799805
51,151.29,2285.95,7545.333333333334,100,100,1002,1.9786070848484254,7.530272787757818,2.1894164085388184,-2285.95,0.0023988366592675447,994.9143199920654,0.5855316026136279,0.20727604856074322,0.15494791674427688,51,338.9582798215966,0.30826520919799805
52,153.85,2280.480000000001,7479.0000000000055,100,100,998,1.9857451914135882,7.493987975951909,2.1890335083007812,-2280.480000000001,0.0032869968563318253,983.6973094940186,0.6264903917908669,0.22510281315771863,0.1210166527889669,52,339.80393031931993,0.30826520919799805
53,156.429,2203.84,7529.666666666667,100,100,1010,1.980092377853718,7.455115511551155,2.2040786743164062,-2203.84,0.005708798940759152,859.704252243042,0.6149327913299203,0.22307380162237678,0.09937499999068677,53,340.6598611246425,0.30826520919799805
54,158.991,2248.96,7546.333333333329,100,100,1003,1.9726227299920316,7.523762047191754,2.184767484664917,-2248.96,0.006192647444549948,890.1508769989014,0.6191270155832171,0.3383532602019841,0.10270939348265529,54,341.47894735947887,0.30826520919799805
55,161.533,2174.3266666666677,7457.000000000002,100,100,1003,1.9630702894463288,7.434695912263212,2.1707966327667236,-2174.3266666666677,0.008719866978935897,817.7249202728271,0.6519660009071231,0.20043770992197096,0.15470566833391786,55,342.31448343439814,0.30826520919799805
56,164.084,2238.97,7401.666666666668,100,100,1002,1.962569264203362,7.386892880904858,2.1725752353668213,-2238.97,-0.004898665880318731,836.7821655273438,0.7246152106672525,0.20268940189271234,0.12620907789096236,56,343.09916256476737,0.30826520919799805
57,166.643,2181.9033333333323,7425.666666666667,100,100,1006,1.9711941350103312,7.381378396288933,2.1879756450653076,-2181.9033333333323,-0.0004180266405455768,760.4016494750977,0.6931092860177159,0.28076502908515977,0.12315302342176437,57,343.8671240154039,0.30826520919799805
58,169.189,2340.4633333333336,7756.000000000003,100,100,1001,1.946518780081184,7.748251748251751,2.1557552814483643,-2340.4633333333336,-0.0013994044566061348,902.394100189209,0.7002648087218404,0.23831716130371206,0.09258288820274174,58,344.60795948085786,0.30826520919799805
59,171.744,2318.5100000000016,7709.333333333337,100,100,1005,1.9663097533809752,7.670978441127698,2.1846370697021484,-2318.5100000000016,-0.004796174762304872,870.8353786468506,0.7562708929181099,0.2942161263054004,0.12760416697710752,59,345.3341035670959,0.30826520919799805
60,177.38,2272.5933333333346,7509.666666666667,100,100,1003,1.9604663995065812,7.487205051512131,2.1718955039978027,-2272.5933333333346,-0.01310465531423688,795.6050128936768,0.7346508335322142,0.1831996626133332,0.096361736766994,60,346.05176577008143,0.30826520919799805
61,179.934,2263.0066666666685,7611.0000000000055,100,100,1006,1.9598516911475605,7.5656063618290315,2.1758875846862793,-2263.0066666666685,-0.00036970520159229636,764.5261745452881,0.7657522540539503,0.17860605460737133,0.11400305712595582,61,340.78256337612197,0.30826520919799805
62,182.471,2182.3433333333332,7353.000000000002,100,100,1008,1.9426726171837396,7.2946428571428585,2.1623244285583496,-2182.3433333333332,-0.00016919360496103764,670.9074153900146,0.6864747349172831,0.2755783501343103,0.1082356774713844,62,341.56580542841346,0.30826520919799805
63,185.009,2156.53,7239.333333333335,100,100,1006,1.9469374751905442,7.196156394963554,2.163790225982666,-2156.53,-0.0018826175946742296,616.4930992126465,0.6832405095919967,0.296797878225334,0.10616932716220617,63,342.31905649503113,0.30826520919799805
64,187.515,2114.2133333333327,7338.666666666669,100,100,1005,1.9242907470018042,7.302155887230517,2.136105537414551,-2114.2133333333327,-0.006867175223305821,569.2304954528809,0.6683745523914695,0.22401385291595943,0.0847113715717569,64,343.1035877158072,0.30826520919799805
65,190.055,2181.9600000000005,7513.333333333335,100,100,1010,1.9405464367424645,7.438943894389441,2.164966583251953,-2181.9600000000005,-0.012287288613151759,639.870002746582,0.650112684816122,0.19043808409332996,0.11066406208556145,65,343.8340136360651,0.30826520919799805
66,192.575,2320.933333333333,7766.333333333337,100,100,1005,1.934663980819322,7.727694859038146,2.1498937606811523,-2320.933333333333,-0.0009852653893176466,770.4373416900635,0.7087533418089151,0.3424686242433381,0.10082465293817222,66,344.5517126747225,0.30826520919799805
67,195.093,2252.506666666666,7657.666666666665,100,100,1006,1.927183202128102,7.611994698475811,2.1451268196105957,-2252.506666666666,-0.004286349227186292,682.060546875,0.6876900047063828,0.19708338103373535,0.10394021729007363,67,345.2614642825911,0.30826520919799805
68,197.63,2236.3099999999995,7671.0,100,100,1007,1.9311653431634443,7.617676266137041,2.151716947555542,-2236.3099999999995,-0.004534598745522089,605.4713373184204,0.7070967722684145,0.2575552898051683,0.09045669867191464,68,345.9233606951455,0.30826520919799805
69,200.176,2189.3266666666664,7388.666666666668,100,100,1008,1.936713393199228,7.330026455026457,2.1571192741394043,-2189.3266666666664,0.0062067435355857015,587.4559936523438,0.7116570211946964,0.7749284836609149,0.10026041697710752,69,346.5607844032222,0.30826520919799805
70,206.4,2284.393333333335,7464.666666666667,100,100,1012,1.9397188765788267,7.376152832674572,2.1716089248657227,-2284.393333333335,-0.000731066451407969,595.0226984024048,0.6540339598432183,0.5000211618753383,0.10381610644981265,70,347.20711885408747,0.30826520919799805
71,209.278,2185.066666666666,7446.000000000002,100,100,1005,2.2581484583461315,7.408955223880599,2.4750723838806152,-2185.066666666666,-0.009022968704812229,530.3338680267334,0.7184195732697845,0.1457660718006082,0.07985026051755995,71,341.12566066123424,0.30826520919799805
72,212.182,2194.433333333334,7517.333333333332,100,100,1004,2.2884840641979616,7.487383798140769,2.503425359725952,-2194.433333333334,-0.010238915565423667,520.8852291107178,0.6945419814437628,0.462044385029003,0.0817649147938937,72,341.18897483152205,0.30826520919799805
73,215.287,2297.8933333333334,7437.666666666667,100,100,1007,2.467400794839551,7.385964912280702,2.6985085010528564,-2297.8933333333334,-0.004606863541994244,561.1200733184814,0.7243639435619116,0.32312365250254516,0.09715757961384952,73,340.9453412369731,0.30826520919799805
74,218.281,2284.2333333333336,7407.666666666669,100,100,1006,2.369155666756649,7.363485752153746,2.596909523010254,-2284.2333333333336,-0.003098866203799844,529.6961336135864,0.7143462244421244,0.37578104906424414,0.07691491197329015,74,340.8778163502207,0.30826520919799805
75,221.131,2341.6866666666665,7699.0,100,100,1005,2.2255092552302416,7.660696517412935,2.4492413997650146,-2341.6866666666665,-0.01038158475421369,569.8514423370361,0.6446499964222312,0.5068691940978169,0.1199978303629905,75,341.0284437526475,0.30826520919799805
76,224.029,2390.956666666667,7511.666666666664,100,100,1005,2.2572994009772342,7.474295190713098,2.4807140827178955,-2390.956666666667,-0.00328676775097847,613.2083692550659,0.5179185410961509,0.40488006695522927,0.11812065984122455,76,341.1024470036029,0.30826520919799805
77,227.096,2200.3300000000004,7516.666666666665,100,100,1003,2.4518709886746697,7.494184114323694,2.6660525798797607,-2200.3300000000004,-0.00045739486813545227,464.5701894760132,0.6124532772228122,0.30723094823770225,0.13127952441573143,77,340.9133943748397,0.30826520919799805
78,230.223,2199.37,7417.333333333331,100,100,998,2.5099773553222464,7.432197728790913,2.7123072147369385,-2199.37,0.001448686933144927,423.46812438964844,0.6733676455914974,0.38063928356859833,0.09775904612615705,78,340.61776448341584,0.30826520919799805
79,233.088,2299.593333333333,7652.999999999999,100,100,1002,2.2447914153034474,7.637724550898203,2.457928419113159,-2299.593333333333,0.00017698918236419559,499.4455966949463,0.6167998816817999,0.24714125928585418,0.07261439744615927,79,340.7298734429592,0.30826520919799805
80,239.504,2263.0366666666673,7699.333333333335,100,100,1001,2.3679406604042033,7.691641691641693,2.580563545227051,-2263.0366666666673,0.004815797874471173,464.98478412628174,0.6774879544973373,1.3057403124548728,0.07490948890335858,80,340.6647771566117,0.30826520919799805
81,242.296,2243.3999999999996,7566.666666666669,100,100,1006,2.1638391651935267,7.521537442014582,2.3826820850372314,-2243.3999999999996,0.003796494915150106,404.56832122802734,0.6365581275895238,0.6411807947588386,0.08657438890077174,81,336.0646264748847,0.30826520919799805
82,245.316,2113.0566666666678,7139.333333333329,100,100,1009,2.390863826499312,7.075652461182686,2.622145891189575,-2113.0566666666678,-0.000741866824682802,348.4079999923706,0.6567503679543734,0.36604327472741716,0.0760522959753871,82,336.0394976552182,0.30826520919799805
83,248.277,2171.796666666668,7434.0000000000055,100,100,1006,2.3449219655195552,7.389662027833007,2.5670056343078613,-2171.796666666668,-0.0017085160361602902,345.91318130493164,0.6955250427126884,0.42930549912853166,0.06500509520992637,83,336.0848739458242,0.30826520919799805
84,251.079,2255.7966666666684,7628.333333333336,100,100,1008,2.1920938492662065,7.567791005291007,2.4200072288513184,-2255.7966666666684,5.192065145820379e-05,377.2065372467041,0.6971736839041114,0.2665097759163473,0.05891927098855376,84,336.3480964427735,0.30826520919799805
85,253.877,2183.9833333333327,7319.333333333335,100,100,1008,2.1825561484475324,7.261243386243388,2.4067654609680176,-2183.9833333333327,-0.004496352514252067,338.20422315597534,0.725871560163796,0.1754516462533502,0.04833984392462298,85,336.6111788371849,0.30826520919799805
86,256.865,2293.996666666667,7576.333333333332,100,100,1006,2.372383897652883,7.531146454605698,2.6003406047821045,-2293.996666666667,-7.17362854629755e-05,394.1372380256653,0.7350203208625317,0.39897449845739175,0.05173658288549632,86,336.61271436651384,0.30826520919799805
87,259.85,2203.123333333335,7635.333333333334,100,100,1005,2.358499004746514,7.597346600331676,2.580838441848755,-2203.123333333335,-5.443613918032497e-05,309.5583744049072,0.7389858178794384,0.5711437023128383,0.04309895838377997,87,336.6140393863103,0.30826520919799805
88,262.68,2259.756666666667,7550.000000000002,100,100,1005,2.221701495854453,7.512437810945276,2.4447121620178223,-2259.756666666667,0.004792341977008618,339.9983654022217,0.7263350989669561,0.4295576983349747,0.058572048670612276,88,336.8134029341851,0.30826520919799805
89,265.792,2215.026666666665,7371.0,100,100,1010,2.4678789120683873,7.298019801980198,2.704472064971924,-2215.026666666665,0.00015222281217575073,300.52106046676636,0.7152282893657684,0.5991843565279851,0.05675781227182597,89,336.6690157380145,0.30826520919799805
90,272.258,2197.2533333333336,7505.666666666666,100,100,1009,2.2864773041338866,7.4387182028410965,2.5135204792022705,-2197.2533333333336,-0.0007555102929472923,311.41821002960205,0.5452559487894177,0.675648080999963,0.09524473850615323,90,336.77113288033576,0.30826520919799805
91,275.287,2206.99,7520.333333333335,100,100,1009,2.3879528245717894,7.453254046911135,2.619798421859741,-2206.99,0.008371296687982976,282.22909116744995,0.5573816942051053,0.5543191601464059,0.1350147477351129,91,332.3880924011608,0.30826520919799805
92,278.341,2249.0366666666664,7507.666666666668,100,100,1013,2.4126240872591365,7.411319512997697,2.6544439792633057,-2249.0366666666664,-0.004778723465278745,318.57997369766235,0.5901416763663292,0.3767624503816478,0.10540426010265946,92,332.38123338424833,0.30826520919799805
93,281.207,2237.9966666666664,7432.333333333335,100,100,1006,2.2464330014439438,7.388005301524189,2.4701173305511475,-2237.9966666666664,-0.006621827429626137,273.8750195503235,0.6673348844051361,0.31654735547635937,0.09612771775573492,93,332.5704558589786,0.30826520919799805
94,284.106,2184.296666666666,7410.000000000002,100,100,1007,2.2745193671268646,7.358490566037737,2.499462604522705,-2184.296666666666,-0.00693042017519474,224.0188546180725,0.6076276833191514,0.9307612865595729,0.09906914876773953,94,332.72078429462226,0.30826520919799805
95,287.17,2204.453333333334,7760.333333333335,100,100,1007,2.4209241327286772,7.706388613042041,2.6472232341766357,-2204.453333333334,-0.00011561767314560711,246.4896912574768,0.6848420239984989,0.43596753999008797,0.06551279907580465,95,332.677776474972,0.30826520919799805
96,290.188,2147.993333333334,7378.333333333331,100,100,1004,2.3895281868378273,7.348937583001326,2.607510805130005,-2147.993333333334,-0.002280808170326054,234.4178318977356,0.7028126735240221,0.32604953009285964,0.10320490086451173,96,332.6775266626658,0.30826520919799805
97,293.038,2088.9466666666663,7210.666666666662,100,100,1003,2.259852444397421,7.18909936856098,2.4734129905700684,-2088.9466666666663,-0.009272437666368205,181.2560727596283,0.7471872428432107,0.1935786041576648,0.06513444753363729,97,332.8647578123534,0.30826520919799805
98,295.607,2273.3766666666647,7407.666666666664,100,100,1009,1.9630951433312387,7.341592335645852,2.1915738582611084,-2273.3766666666647,-0.00044795783469453454,236.79741716384888,0.6640920983627439,0.953996410331456,0.08514030580408871,98,333.3855343409434,0.30826520919799805
99,298.181,2295.4233333333327,7451.666666666668,100,100,1005,1.9638964133707815,7.414593698175789,2.1813626289367676,-2295.4233333333327,-0.0066924013663083315,265.7633156776428,0.6955355769023299,0.28954109603364486,0.05980902793817222,99,333.87878388365414,0.30826520919799805
100,303.882,2208.0100000000007,7298.000000000003,100,100,1005,1.9704726382172597,7.26169154228856,2.18780517578125,-2208.0100000000007,-0.006891592580359429,203.72813963890076,0.639681308530271,0.4628817368793534,0.0741210940759629,100,334.3750555754913,0.30826520919799805
101,306.478,2160.546666666667,7453.000000000003,100,100,1007,1.9872133066792637,7.401191658391264,2.2090351581573486,-2160.546666666667,-0.002341643936233595,181.95365381240845,0.6128141172230244,0.5237339104787679,0.07465508638415486,101,331.40442382075463,0.30826520919799805
102,309.014,2105.336666666668,7356.999999999997,100,100,1003,1.95572033939105,7.3349950149551315,2.1620395183563232,-2105.336666666668,-0.010648186842445284,134.15313053131104,0.6009505949914455,0.28067145599925425,0.08831077395007014,102,331.93009711019846,0.30826520919799805
103,311.565,2234.3900000000017,7440.333333333338,100,100,1005,1.9587226887349392,7.403316749585411,2.1753313541412354,-2234.3900000000017,-0.014368304167874157,174.82578325271606,0.6232975171878934,0.32994505307942745,0.059830729209352285,103,332.4380058698434,0.30826520919799805
104,314.142,2330.329999999999,7675.666666666668,100,100,1009,1.9681929617361476,7.607201850016519,2.1980855464935303,-2330.329999999999,-0.009640908800065517,220.5229115486145,0.7042299564927816,0.4822175503068138,0.10924545535817742,104,332.92321206571637,0.30826520919799805
105,316.716,2360.54,7768.333333333336,100,100,1010,1.9542390082981254,7.691419141914194,2.186006784439087,-2360.54,0.005064098339062184,219.88918209075928,0.6137755969539285,0.576005406313925,0.09015624970197678,105,333.4062536898187,0.30826520919799805
106,319.263,2245.173333333332,7608.666666666666,100,100,1003,1.9587843487613044,7.585908939847124,2.1686315536499023,-2245.173333333332,-0.0048989903152687475,186.1079740524292,0.6734111336991191,0.5298280610586517,0.10613871715031564,106,333.887295093605,0.30826520919799805
107,321.827,2139.860000000001,7333.000000000003,100,100,1006,1.9708735599630618,7.2892644135188895,2.1850333213806152,-2139.860000000001,-0.012790511769708246,136.12798500061035,0.6953245513141155,0.2953688082197914,0.07946246617939323,107,334.3539310135785,0.30826520919799805
108,324.547,2180.1499999999965,7352.999999999995,100,100,1006,2.1071142142557098,7.309145129224648,2.326425075531006,-2180.1499999999965,-0.0055958861485123634,144.67785596847534,0.5894003016874194,0.6677188879839377,0.0701638925820589,108,334.65095103001613,0.30826520919799805
109,327.415,2164.063333333331,7217.3333333333285,100,100,1010,2.2346661389242897,7.145874587458741,2.4676146507263184,-2164.063333333331,-0.008374634140636772,147.807115316391,0.6134995575994253,0.526484663321753,0.07607421872671694,109,334.80441726464437,0.30826520919799805
110,333.972,2153.91,7192.66666666667,100,100,1005,2.2980000005933032,7.156882255389721,2.518354654312134,-2153.91,-0.007398588175419718,122.18613862991333,0.7051673978567123,0.32926878400030546,0.09601779514923692,110,334.8935706160146,0.30826520919799805
111,336.864,2350.17,7771.000000000001,100,100,1005,2.2555831848731756,7.732338308457712,2.4801924228668213,-2350.17,0.00022607488790526986,199.55016493797302,0.6424081288278103,0.37742165678355377,0.0765625003259629,111,331.3802947812636,0.30826520919799805
112,339.802,2256.12,7550.666666666668,100,100,1001,2.3330046945799525,7.543123543123544,2.541856527328491,-2256.12,-0.006450880959164351,165.79928159713745,0.6715965000912547,0.5007634419525857,0.06935975584201515,112,331.4610557538527,0.30826520919799805
113,342.83,2166.413333333333,7335.333333333335,100,100,1003,2.405860217785832,7.313393153871719,2.620295524597168,-2166.413333333333,-0.014809835236519575,137.33776664733887,0.6150937043130398,0.25321254701702856,0.10004087910056114,113,331.4588744840519,0.30826520919799805
114,345.824,2213.66,7511.666666666667,100,100,1006,2.363036080239485,7.466865473823725,2.5848963260650635,-2213.66,-0.009582472790498286,130.47533226013184,0.5821909485384822,1.1771940317121334,0.08266813890077174,114,331.49779054953916,0.30826520919799805
115,348.775,2200.3433333333332,7380.666666666667,100,100,1005,2.3521633803686917,7.3439469320066335,2.573028326034546,-2200.3433333333332,-0.011151331127621233,130.32268118858337,0.6920601725578308,0.11271764556295238,0.05996093770954758,115,331.57486541312034,0.30826520919799805
116,351.591,2234.1866666666665,7555.000000000003,100,100,1007,2.196054124502722,7.502482621648464,2.4234514236450195,-2234.1866666666665,-0.0018075023544952273,145.9018771648407,0.6323250895366073,1.382297702744836,0.06941904907580465,116,331.782857369587,0.30826520919799805
117,354.379,2227.066666666667,7415.333333333332,100,100,1006,2.1684680927441145,7.371106693174286,2.392946481704712,-2227.066666666667,-0.0111108364071697,116.63497233390808,0.5523312576115131,0.59715870047512,0.0789529550820589,117,332.0119217429864,0.30826520919799805
118,357.01,2246.4799999999996,7421.0,100,100,1002,2.0390047899497574,7.406187624750499,2.249847888946533,-2246.4799999999996,-0.0031356594408862293,123.79989326000214,0.5748561527580023,0.7468494570348412,0.1097702756524086,118,332.37191838396274,0.30826520919799805
119,359.643,2234.4499999999985,7568.666666666669,100,100,1006,2.0317798215390424,7.523525513585158,2.2517826557159424,-2234.4499999999985,-0.0006718331715092063,130.00358510017395,0.5895714620128274,0.3704213922173949,0.08317764959065244,119,332.7360689524725,0.30826520919799805
120,365.571,2320.3633333333346,7577.999999999999,100,100,1006,2.02880934307585,7.532803180914512,2.250028610229492,-2320.3633333333346,-0.00783534935908392,146.56681752204895,0.6239193538203835,0.20299449561571237,0.06441066571278498,120,333.08135013309493,0.30826520919799805
121,368.208,2309.9966666666674,7750.33333333333,100,100,1007,2.021115790690039,7.696458126448193,2.246021032333374,-2309.9966666666674,-0.011794336314778775,121.21113014221191,0.6675694333389401,0.17292127062682994,0.08934507961384952,121,330.4630133327916,0.30826520919799805
122,370.855,2283.259999999998,7477.66666666666,100,100,999,2.060348946797858,7.485151818485145,2.2682933807373047,-2283.259999999998,-0.011755861924029887,98.98910450935364,0.6060533570125699,0.50560336887429,0.06633112987037748,122,330.79877277727684,0.30826520919799805
123,373.488,2205.59333333333,7426.333333333327,100,100,1007,2.0329280047286247,7.374710360807673,2.2568018436431885,-2205.59333333333,-0.008591918274760246,99.66205096244812,0.6382767288014293,0.4158138313505333,0.06653091753832996,123,331.1619973964154,0.30826520919799805
124,376.137,2197.2500000000005,7396.999999999995,100,100,1009,2.0434342902079887,7.331020812685823,2.269378900527954,-2197.2500000000005,-0.014319815731141716,83.96885669231415,0.6911136824637651,0.4383030290482566,0.0860072544310242,124,331.51233980991447,0.30826520919799805
125,378.758,2167.2566666666653,7489.66666666667,100,100,1006,2.0027898605422267,7.444996686547386,2.2224271297454834,-2167.2566666666653,-0.006578810571227223,70.38900780677795,0.6234895782545209,0.47805797900946345,0.05545176635496318,125,331.8742773470897,0.30826520919799805
126,381.42,2147.4633333333327,7368.666666666668,100,100,1005,2.0537958230211664,7.332006633499172,2.2730517387390137,-2147.4633333333327,-0.009876323980279267,83.06766784191132,0.6251513529568911,0.37308188745373627,0.06476779526565224,126,332.1939788779316,0.30826520919799805
127,384.037,2259.339999999999,7522.333333333336,100,100,1011,2.01159722998952,7.44048796571052,2.241694450378418,-2259.339999999999,-0.005619264964479953,108.15837240219116,0.6543764648959041,0.5301859994215192,0.08168658101931214,127,332.5614695338526,0.30826520919799805
128,386.621,2213.9899999999993,7396.666666666666,100,100,1007,1.9830663341893828,7.345249917245945,2.2046620845794678,-2213.9899999999993,-0.012585408374434337,96.9178820848465,0.7423079181462526,0.23679468808404636,0.09959898586384952,128,332.9439784620209,0.30826520919799805
129,389.227,2271.3366666666666,7454.333333333336,100,100,1006,1.9922884690082794,7.4098740888005326,2.2111976146698,-2271.3366666666666,-0.008832455147057772,110.9942797422409,0.7170673068612814,0.14506829293532064,0.06782863475382328,129,333.29986485181814,0.30826520919799805
130,394.994,2223.736666666668,7560.333333333335,100,100,1009,1.989006935812651,7.492897258011234,2.213777780532837,-2223.736666666668,-0.00807963899569586,92.32432520389557,0.641592076048255,0.5032607109314995,0.07620176952332258,130,333.66676975164523,0.30826520919799805
131,397.582,2153.3633333333332,7516.666666666665,100,100,1010,1.9781254460149915,7.442244224422441,2.2036561965942383,-2153.3633333333332,-0.014730900526046753,56.896873116493225,0.646963213570416,0.16940150195296155,0.07669921836350113,131,331.3735439391441,0.30826520919799805
132,400.152,2191.67,7302.666666666666,100,100,1009,1.9675827572700024,7.237528906508094,2.1898491382598877,-2191.67,-0.01081474288366735,86.20208728313446,0.6293365508317947,0.44758972809358966,0.08577806130051613,132,331.7670063999501,0.30826520919799805
133,402.747,2190.9400000000005,7382.0,100,100,1005,1.984900199409704,7.345273631840796,2.2024128437042236,-2190.9400000000005,-0.011913235706742853,79.00706326961517,0.6051516057923436,0.35523054884106386,0.07913411461049691,133,332.12411921827874,0.30826520919799805
134,405.341,2174.686666666665,7415.6666666666615,100,100,1011,1.9884309612820708,7.334981866139131,2.2158238887786865,-2174.686666666665,0.0035435748286545277,66.68760180473328,0.5347173875197768,1.409056704293107,0.11148131173104048,134,332.4932608077314,0.30826520919799805
135,407.926,2171.0566666666673,7503.333333333335,100,100,1006,1.991152681899118,7.458581842279657,2.208632707595825,-2171.0566666666673,-0.00993545155506581,71.34118783473969,0.6364585645496845,0.3355055795509543,0.08071501384256408,135,332.85234864119303,0.30826520919799805
136,410.539,2204.3233333333333,7429.333333333336,100,100,1009,1.9979692757410266,7.36306574165841,2.2262139320373535,-2204.3233333333333,-0.012285327480640262,71.73054122924805,0.6050386121496558,0.4610867540977779,0.08036710764281452,136,333.19086267902037,0.30826520919799805
137,413.169,2105.436666666665,7357.666666666666,100,100,1010,2.0252056426765157,7.284818481848184,2.2532665729522705,-2105.436666666665,-0.016861045645782724,51.26482528448105,0.5920033864676952,0.329943782700866,0.09273437457159162,137,333.5154041448752,0.30826520919799805
138,415.716,2213.1633333333343,7431.666666666665,100,100,1006,1.9551721657487466,7.387342611000661,2.1733617782592773,-2213.1633333333343,-0.013708174868952483,65.05533540248871,0.6656820997595787,0.3658459809303167,0.08899456518702209,138,333.89118558844893,0.30826520919799805
139,418.259,2234.089999999999,7630.333333333331,100,100,1008,1.9427690486837592,7.56977513227513,2.1664421558380127,-2234.089999999999,-0.011465726303867996,65.0755865573883,0.6344901379197836,0.13751037970359903,0.10970052145421505,139,334.2712188038147,0.30826520919799805
140,423.88,2229.8733333333344,7715.333333333335,100,100,1011,1.929389910369883,7.631388064622487,2.1563546657562256,-2229.8733333333344,-0.018166270514484495,82.80805230140686,0.6239313138648868,0.3377477487301803,0.0891448378097266,140,334.65992501028455,0.30826520919799805
141,426.46,2136.010000000001,7369.666666666671,100,100,1007,1.9665125126477845,7.318437603442573,2.187065362930298,-2136.010000000001,-0.012331724923569709,53.72342336177826,0.6202662792056799,0.3843061104926164,0.08477393595967442,141,332.57484435745664,0.30826520919799805
142,429.013,2222.81,7328.3333333333285,100,100,1012,1.9428810285792681,7.2414361001317475,2.1754910945892334,-2222.81,-0.01069679600186646,77.0837310552597,0.6488305572420359,0.11725495348218828,0.15831580618396401,142,332.95475205034296,0.30826520919799805
143,431.557,2141.2500000000005,7446.333333333337,100,100,1008,1.9481853170353653,7.387235449735453,2.1668245792388916,-2141.2500000000005,-0.007352135648659441,48.370099782943726,0.6212547076866031,0.2592793951916974,0.11197916697710752,143,333.32898143388684,0.30826520919799805
144,434.081,2206.3700000000017,7271.333333333336,100,100,1001,1.9428014982497315,7.264069264069266,2.150749444961548,-2206.3700000000017,-0.009007329441374168,70.79878735542297,0.6013518385589123,0.44296429930545855,0.09398818574845791,144,333.6958751772569,0.30826520919799805
145,436.605,2217.466666666669,7390.0,100,100,1007,1.9249854004288012,7.33862959285005,2.144920825958252,-2217.466666666669,-0.010062722314614803,67.7967483997345,0.6211815346032381,0.3037849796091905,0.09266954730264843,145,334.0732694546169,0.30826520919799805
146,439.153,2198.6599999999994,7375.666666666667,100,100,1004,1.941123705049346,7.346281540504648,2.157644271850586,-2198.6599999999994,-0.017112329020164907,66.59644913673401,0.5867792703211308,0.2551619517398649,0.09086470189504325,146,334.4206789063438,0.30826520919799805
147,441.745,2184.053333333335,7375.666666666665,100,100,1005,1.9763238781331043,7.338971807628522,2.193042755126953,-2184.053333333335,-0.012353573984000832,83.22717154026031,0.5675516640767455,0.37941526549548144,0.09321831644047052,147,334.7338048774812,0.30826520919799805
148,444.482,2182.066666666667,7426.333333333331,100,100,1002,2.134424951108741,7.411510312707915,2.342238187789917,-2182.066666666667,-0.013638425734825432,94.82150328159332,0.6855777930468321,0.331419058064057,0.1297665552701801,148,334.926911040435,0.30826520919799805
149,447.335,2077.8066666666673,7376.000000000001,100,100,1002,2.2479761476691684,7.361277445109781,2.455963134765625,-2077.8066666666673,-0.004588511699694209,81.96208596229553,0.5772653147578239,0.7529305895222933,0.09312221012078226,149,335.0313762796286,0.30826520919799805
150,453.715,2122.0333333333356,7323.333333333334,100,100,1005,2.153598906041415,7.2868988391376455,2.36844539642334,-2122.0333333333356,-0.011858927900902927,72.43640625476837,0.7066121846437454,0.12760264300595736,0.1092773440759629,150,335.20335866895243,0.30826520919799805
151,456.773,2167.4433333333322,7350.333333333337,100,100,1006,2.4319331016563708,7.306494367130553,2.6562278270721436,-2167.4433333333322,-0.009803699853364378,85.76822710037231,0.7258993778377771,0.25375000711210305,0.09967306384351104,151,332.51110796984335,0.30826520919799805
152,459.604,2181.5833333333344,7365.000000000003,100,100,1007,2.2079707059755833,7.313803376365445,2.433337926864624,-2181.5833333333344,-0.0010997914068866521,68.34551274776459,0.6442919122055173,0.7407762598231784,0.08641539193922654,152,332.65368249626664,0.30826520919799805
153,462.486,2194.8333333333353,7469.000000000001,100,100,1004,2.252491133517597,7.439243027888447,2.4678783416748047,-2194.8333333333353,-0.01406016291002743,64.56384372711182,0.6289322832599282,0.42836552713561105,0.08726917626336217,153,332.75149867910716,0.30826520919799805
154,465.519,2350.553333333333,7711.999999999999,100,100,1010,2.392401785064157,7.635643564356434,2.6299591064453125,-2350.553333333333,-0.01642395299859345,110.74891543388367,0.6206019511446357,0.15960220832494088,0.09525390597991645,154,332.75299839231883,0.30826520919799805
155,468.443,2213.4066666666677,7571.666666666664,100,100,1007,2.2980719972392607,7.519033432638197,2.520742893218994,-2213.4066666666677,-0.011045511811971664,54.83070343732834,0.6172451954334974,0.31188049859702005,0.07709649263415486,155,332.82572027561923,0.30826520919799805
156,471.312,2148.750000000001,7271.666666666667,100,100,1003,2.2531755721003397,7.24991691591891,2.4705567359924316,-2148.750000000001,-0.014626614225562662,62.502750515937805,0.6767918821424246,0.2732894624641631,0.09756540693342686,156,332.9280708062931,0.30826520919799805
157,474.036,2157.14,7411.666666666668,100,100,1007,2.1201045681974944,7.360145647136711,2.3424232006073,-2157.14,-0.012202781974337995,48.59712886810303,0.6727234637364745,0.17356161743373377,0.09445644944207743,157,333.13929813086185,0.30826520919799805
158,476.639,2233.913333333333,7530.666666666666,100,100,1006,2.00319503064621,7.485752153744201,2.2222797870635986,-2233.913333333333,-0.009062749915756285,75.16885781288147,0.6488193925470114,0.19616970705828862,0.06041949725477025,158,333.431238142482,0.30826520919799805
159,479.268,2149.4699999999993,7232.666666666668,100,100,1003,2.014463808148884,7.211033565968761,2.226318836212158,-2149.4699999999993,-0.005229261063504964,45.38737070560455,0.7565209586173296,0.1983394760209194,0.14105650410056114,159,333.6942451089507,0.30826520919799805
160,485.192,2252.2566666666667,7657.000000000002,100,100,1006,2.0353453290309926,7.611332007952288,2.2575795650482178,-2252.2566666666667,0.01411322399508208,73.97914111614227,0.7162119690328836,4.45549630986352,0.2077105976641178,160,333.95416339077894,0.30826520919799805
161,487.812,2220.7599999999998,7519.333333333332,100,100,1004,2.022458962767767,7.489375830013279,2.2385895252227783,-2220.7599999999998,-0.0025667723966762424,67.17306971549988,0.720144797116518,0.9947852036275435,0.1340110085438937,161,331.97020121128463,0.30826520919799805
162,490.418,2210.936666666667,7467.999999999998,100,100,1002,2.0087189603403597,7.453093812375248,2.2202975749969482,-2210.936666666667,-0.011460744717624038,44.69024461507797,0.784173896536231,0.3724283445626497,0.12348865368403494,162,332.2491559796716,0.30826520919799805
163,493.021,2221.4100000000003,7372.000000000002,100,100,1001,2.016350348758233,7.364635364635366,2.2248685359954834,-2221.4100000000003,-0.01311303215334192,66.45495581626892,0.8116799592971802,0.15947279087777133,0.14061309024691582,163,332.52533075297896,0.30826520919799805
164,495.62,2143.329999999998,7641.666666666669,100,100,1005,2.0067841800356017,7.603648424543949,2.218877077102661,-2143.329999999998,-0.024082597927190363,60.697200655937195,0.8479815907776356,0.049930393675822415,0.12313368078321218,164,332.80973471174644,0.30826520919799805
165,498.244,2270.9666666666662,7548.0,100,100,1010,1.9970211858566076,7.473267326732674,2.2270562648773193,-2270.9666666666662,-0.009484928951223992,100.7540363073349,0.8218143228441477,0.14712460667215055,0.12718749977648258,165,333.0837837646392,0.30826520919799805
166,500.834,2280.0599999999995,7442.000000000005,100,100,1007,1.9807530264855688,7.390268123138038,2.2061331272125244,-2280.0599999999995,-0.03137689729919657,63.81252467632294,0.8296116348356009,0.03290656436001882,0.17065949086099863,166,333.37272744972915,0.30826520919799805
167,503.45,2215.203333333333,7557.0000000000055,100,100,1008,2.009051686082597,7.497023809523815,2.2327041625976562,-2215.203333333333,-0.019644542888272554,78.69635689258575,0.8392547070980072,0.1553077064891113,0.14746093819849193,167,333.6421308143974,0.30826520919799805
168,506.041,2099.0233333333326,7381.0,100,100,1008,1.9881310497386573,7.322420634920635,2.208646297454834,-2099.0233333333326,-0.013990244653541595,63.37227189540863,0.828899534419179,0.014593683961720672,0.12451171875,168,333.9252858009927,0.30826520919799805
169,508.606,2192.370000000001,7257.000000000001,100,100,1001,1.97550739495681,7.24975024975025,2.182767152786255,-2192.370000000001,-0.01870253607921768,93.67990911006927,0.7649213206022978,0.02911889904862619,0.15885813534259796,169,334.20955333105655,0.30826520919799805
170,514.326,2167.6966666666663,7355.0,100,100,1001,1.9597295694030843,7.347652347652348,2.1665444374084473,-2167.6966666666663,-0.017324178392300382,83.77801299095154,0.7549145873636007,0.019373408154933713,0.14989043353125453,170,334.4937338360963,0.30826520919799805
171,516.918,2239.413333333334,7442.33333333333,100,100,1003,1.9833163512872527,7.420073113991356,2.2004802227020264,-2239.413333333334,-0.022250166512094438,92.74693989753723,0.7729079183191061,0.017295560450293124,0.11076035629957914,171,332.7126085888065,0.30826520919799805
172,519.481,2192.573333333333,7483.333333333331,100,100,1005,1.9674003993008118,7.4461028192371455,2.182039499282837,-2192.573333333333,-0.024051063635852188,99.1224240064621,0.7236334327608347,0.02058271207351936,0.1623806427232921,172,333.0055222423991,0.30826520919799805
173,522.063,2201.5800000000013,7395.333333333332,100,100,1003,1.9785980059108803,7.373213692256562,2.1898138523101807,-2201.5800000000013,-0.033610044163651764,99.6871485710144,0.6024475302547216,0.022659369817120023,0.15758993476629257,173,333.279955229008,0.30826520919799805
174,524.635,2290.346666666667,7450.666666666669,100,100,1003,1.9700695902846403,7.428381522100367,2.1854357719421387,-2290.346666666667,-0.029487367544788867,117.91474163532257,0.6450946545228362,0.03167813455002033,0.14685910241678357,174,333.5575741131707,0.30826520919799805
175,527.215,2244.516666666665,7608.6666666666615,100,100,1009,1.9598765128197073,7.540799471423847,2.1843574047088623,-2244.516666666665,-0.015587950532790273,95.06791734695435,0.6864630337804556,0.02476661733817309,0.13885124353691936,175,333.83892453342713,0.30826520919799805
176,529.786,2093.0533333333333,7370.666666666668,100,100,1007,1.965887488033382,7.319430652101954,2.1803979873657227,-2093.0533333333333,-0.01589582406450063,76.9229279756546,0.5489190435037017,0.06931252096546814,0.1536527588032186,176,334.1198070394101,0.30826520919799805
177,532.381,2136.073333333333,7287.333333333334,100,100,1004,1.9957245017014131,7.258300132802125,2.210254430770874,-2136.073333333333,-0.019708547508344054,76.06478989124298,0.538145205937326,0.03779976792429807,0.13090376439504325,177,334.3771546925262,0.30826520919799805
178,534.884,2249.7999999999997,7598.333333333336,100,100,1003,1.9168201409157732,7.57560651379196,2.1271214485168457,-2249.7999999999997,-0.013624865678139031,127.69165825843811,0.5604540118947625,0.04619763253867859,0.14271438959985971,178,334.68749145493626,0.30826520919799805
179,537.437,2262.373333333332,7720.000000000003,100,100,1007,1.9510920528764535,7.666335650446874,2.1738455295562744,-2262.373333333332,-0.020308912149630487,86.65716934204102,0.5679477294906974,0.03068119097588351,0.13945104647427797,179,334.97142891111594,0.30826520919799805
180,543.037,2161.8566666666684,7365.000000000004,100,100,1005,1.9485508471690303,7.328358208955228,2.161766767501831,-2161.8566666666684,-0.018793998257024214,64.46276938915253,0.5693113319575787,0.06769834694932797,0.14364149328321218,180,335.2564258987296,0.30826520919799805
181,545.593,2167.9233333333336,7343.333333333337,100,100,1007,1.9550876855635655,7.292287322078785,2.1734962463378906,-2167.9233333333336,-0.015788582037203014,78.37552976608276,0.5905875461176038,0.0449440053125727,0.12995553482323885,181,333.65147116759994,0.30826520919799805
182,548.15,2193.3599999999997,7431.333333333331,100,100,1007,1.9453641504896462,7.379675604104599,2.162116765975952,-2193.3599999999997,-0.018931353639345616,101.91648769378662,0.5473117139190435,0.05609861648554215,0.16178731713443995,182,333.93281461965086,0.30826520919799805
183,550.698,2244.036666666667,7394.000000000001,100,100,1004,1.9419335670197806,7.364541832669324,2.1541028022766113,-2244.036666666667,-0.024312146939337254,80.27396500110626,0.5308443643152714,0.04306775769146043,0.14959161984734237,183,334.21065068154206,0.30826520919799805
184,553.204,2160.9166666666665,7281.0,100,100,1003,1.9215433688877022,7.259222333000997,2.1299374103546143,-2160.9166666666665,-0.016111758421175182,70.92357563972473,0.48409887216985226,0.051205244308221154,0.13661655224859715,184,334.50941484033467,0.30826520919799805
185,555.732,2165.5100000000007,7410.999999999996,100,100,1007,1.9268056599963401,7.359483614697116,2.1466381549835205,-2165.5100000000007,-0.009384573088027537,67.83639371395111,0.5116390753537416,0.0504787836180185,0.13825631607323885,185,334.79986505247336,0.30826520919799805
186,558.26,2110.740000000001,7508.0,100,100,1009,1.9285136791559008,7.441030723488603,2.1498219966888428,-2110.740000000001,-0.015498258406296372,78.16185569763184,0.5083240326493979,0.08857512485701591,0.14023636747151613,186,335.0909938395933,0.30826520919799805
187,560.833,2327.8533333333335,7594.999999999999,100,100,1008,1.9589934534104985,7.534722222222221,2.1847736835479736,-2327.8533333333335,-0.017034209857229143,75.03426897525787,0.5301897497847676,0.037624303782649804,0.13395182322710752,187,335.35098469046085,0.30826520919799805
188,563.48,2171.096666666668,7286.333333333334,100,100,1011,2.0115811051432373,7.207055720408837,2.239500045776367,-2171.096666666668,-0.008279161294922233,79.01304578781128,0.4838531957939267,0.052246680243115406,0.15544577268883586,188,335.57021637279627,0.30826520919799805
189,566.542,2271.943333333333,7733.666666666668,100,100,1006,2.4314667026477146,7.687541418157721,2.657102584838867,-2271.943333333333,-0.01821592793567106,73.76425063610077,0.504446055740118,0.04948513185081538,0.1238536003511399,189,335.53181269261785,0.30826520919799805
190,572.936,2285.2133333333345,7485.999999999999,100,100,1009,2.2378774041151193,7.419226957383547,2.4724442958831787,-2285.2133333333345,-0.016115504724439234,90.69595241546631,0.5116787850856781,0.04568078721058555,0.13486527395434678,190,335.612879707587,0.30826520919799805
191,576.0,2052.5766666666664,7142.666666666664,100,100,1002,2.4368574853499463,7.128409846972719,2.6479270458221436,-2052.5766666666664,-0.008154979383107275,62.12010931968689,0.4466751851141453,0.06400256928463932,0.12762741837650537,191,333.51412053434973,0.30826520919799805
192,579.065,2223.83,7538.333333333332,100,100,1003,2.44384327000852,7.515785975407111,2.6578705310821533,-2223.83,-0.011456522915977985,83.69664239883423,0.38037075847387314,0.04653525118192192,0.13641215488314629,192,333.48078942916044,0.30826520919799805
193,581.916,2275.5700000000024,7405.0,100,100,1005,2.220290843907058,7.3681592039801,2.441192626953125,-2275.5700000000024,-0.013617501390399411,70.50865006446838,0.45800441689789295,0.043577786404057406,0.12467447924427688,193,333.5737498449626,0.30826520919799805
194,584.76,2308.13,7404.666666666665,100,100,1004,2.2231437274221464,7.375166002656041,2.4442310333251953,-2308.13,-0.005642167467158288,57.092591285705566,0.4892878793179989,0.06433543794992147,0.11083984398283064,194,333.6682708823081,0.30826520919799805
195,587.889,2256.8999999999996,7634.666666666668,100,100,1005,2.495016815344715,7.5966832504145945,2.7181622982025146,-2256.8999999999996,-0.015025595581391826,75.6786539554596,0.4676171010360122,0.033832696979516186,0.1275282121496275,195,333.602303859903,0.30826520919799805
196,590.979,2225.626666666666,7601.666666666669,100,100,1009,2.4316553016053835,7.533861909481336,2.664965867996216,-2225.626666666666,-0.011834759556222707,60.58984661102295,0.3673396431840956,0.07019179797498509,0.11713767517358065,196,333.56490736122214,0.30826520919799805
197,593.933,2209.6166666666663,7394.999999999998,100,100,1008,2.321470835817135,7.336309523809522,2.550435781478882,-2209.6166666666663,-0.010169531684368849,57.523865699768066,0.3887279676273465,0.07849695287586655,0.1038411462213844,197,333.60320696274493,0.30826520919799805
198,596.974,2209.4366666666665,7284.333333333333,100,100,1009,2.40418235831354,7.219359101420548,2.640148639678955,-2209.4366666666665,-0.012182757956907153,58.25212645530701,0.46558358892798424,0.09466123818128835,0.11819395702332258,198,333.5938161687374,0.30826520919799805
199,599.771,2240.620000000001,7473.66666666667,100,100,1010,2.1699904949441184,7.3996699669967025,2.4021549224853516,-2240.620000000001,-0.016375881212297827,55.727869153022766,0.44197310879826546,0.07341167611593846,0.10529296868480742,199,333.7231413794083,0.30826520919799805
200,606.214,2272.819999999999,7546.666666666667,100,100,1007,2.1897442901299855,7.494207216153592,2.4138805866241455,-2272.819999999999,-0.016656373743899167,75.38486647605896,0.48416829854249954,0.07245278511254583,0.11047623003832996,200,333.83651010055337,0.30826520919799805
201,609.243,2325.14,7727.333333333333,100,100,1009,2.389468977110584,7.658407664354145,2.6269853115081787,-2325.14,-0.00913708977168426,77.58103394508362,0.49890588130801916,0.04854178299137857,0.10219029011204839,201,331.842920367957,0.30826520919799805
202,612.022,2286.72,7594.999999999998,100,100,1004,2.164599104910584,7.564741035856572,2.3843462467193604,-2286.72,-0.0069388189585879445,85.79253685474396,0.5216744299978018,0.08577529685862828,0.09978693164885044,202,331.97659423846915,0.30826520919799805
203,614.829,2221.239999999999,7423.666666666663,100,100,1010,2.1760667339981636,7.350165016501647,2.407139778137207,-2221.239999999999,0.004888540715910494,52.51672923564911,0.5479108206927776,0.06912800941427122,0.08744140597991645,203,332.10395547630577,0.30826520919799805
204,617.812,2238.533333333333,7583.000000000001,100,100,1010,2.3479483131835663,7.507920792079209,2.582671642303467,-2238.533333333333,-0.011402718373574317,52.1150581240654,0.5575275765731931,0.053293848293833435,0.09287109365686774,204,332.135025193559,0.30826520919799805
205,620.895,2234.9066666666663,7541.000000000003,100,100,1003,2.46408215483905,7.518444666001996,2.6829850673675537,-2234.9066666666663,-0.011818462633527815,57.44140958786011,0.5290144952014089,0.07914819106008508,0.09736101026646793,205,332.1017792410672,0.30826520919799805
206,623.776,2192.8999999999996,7419.666666666668,100,100,1006,2.2503228612321893,7.375414181577205,2.4719607830047607,-2192.8999999999996,-0.016135986079461873,62.77599632740021,0.5514196837320924,0.03176900245307479,0.08101222838740796,206,332.1799954400846,0.30826520919799805
207,626.85,2258.176666666667,7588.000000000004,100,100,1009,2.421507830510047,7.5203171456888045,2.656963348388672,-2258.176666666667,-0.014216577459592372,56.694817423820496,0.5941460654139519,0.09014233881316613,0.09726761747151613,207,332.16066295412145,0.30826520919799805
208,629.782,2308.246666666667,7657.0,100,100,1006,2.2977800186025443,7.611332007952286,2.526613235473633,-2308.246666666667,-0.012435310723958537,60.471274971961975,0.5669942563399673,0.05220691111753695,0.11487347166985273,208,332.2120299515943,0.30826520919799805
209,632.68,2211.2166666666653,7610.333333333338,100,100,1008,2.2646109112732424,7.549933862433867,2.49311900138855,-2211.2166666666653,-0.01702954340726137,54.01303565502167,0.5319501161575317,0.048032346880063415,0.11930338572710752,209,332.2831701353133,0.30826520919799805
210,639.5,2173.4066666666668,7391.333333333335,100,100,1003,2.434325722953377,7.369225656364242,2.6515696048736572,-2173.4066666666668,-0.014724855136591941,62.79978406429291,0.5146139655262232,0.06171292449289467,0.10344749270007014,210,332.25766004489293,0.30826520919799805
211,642.384,2173.5933333333332,7256.333333333333,100,100,1011,2.242777248776336,7.177382129904385,2.475679874420166,-2173.5933333333332,-0.009341828699689358,65.79067981243134,0.575217604637146,0.044924820039341284,0.10611979220993817,211,330.39911986242265,0.30826520919799805
212,645.231,2176.3066666666664,7685.66666666667,100,100,1012,2.2078470352037693,7.594532279314891,2.4427402019500732,-2176.3066666666664,-0.011359557014657184,47.155885338783264,0.43141515366733074,0.1332689528062474,0.12530048098415136,212,330.50959464979206,0.30826520919799805
213,648.22,2287.6033333333326,7395.666666666665,100,100,1006,2.350806860483731,7.351557322730283,2.5769588947296143,-2287.6033333333326,-0.017791149497497827,52.90806841850281,0.4467246988788247,0.09436406997701852,0.09544836962595582,213,330.5373055191357,0.30826520919799805
214,651.198,2195.423333333334,7512.333333333335,100,100,1005,2.340511343933049,7.474958540630184,2.566988229751587,-2195.423333333334,-0.016435953439213336,52.573533058166504,0.48500482086092234,0.051442601241433294,0.09874131961259991,214,330.56932975091087,0.30826520919799805
215,653.918,2268.2500000000005,7612.666666666668,100,100,1005,2.114320697438954,7.574792703150913,2.3364646434783936,-2268.2500000000005,-0.009782868437469006,61.666102170944214,0.4587399186566472,0.06605910264624981,0.1107421878259629,215,330.7312437865089,0.30826520919799805
216,656.493,2209.493333333334,7464.666666666665,100,100,1009,1.9683493571254407,7.398083911463494,2.193237066268921,-2209.493333333334,-0.009415032633114606,51.05107390880585,0.46889152005314827,0.07734718551364494,0.08743223850615323,216,330.9705961433597,0.30826520919799805
217,659.079,2282.3533333333335,7440.666666666665,100,100,1009,1.9761801764693911,7.374297984803435,2.204133987426758,-2282.3533333333335,-0.010914478974882513,56.27870512008667,0.4777425630018115,0.08060802241743659,0.08127391582820565,217,331.20302217109594,0.30826520919799805
218,661.664,2266.179999999999,7554.666666666668,100,100,1010,1.9555833679393377,7.4798679867986815,2.1848442554473877,-2266.179999999999,-0.008637730308691971,56.039955854415894,0.42571436148136854,0.09770147594826994,0.08212890604045242,218,331.43537113379506,0.30826520919799805
219,664.242,2113.9000000000015,7365.999999999999,100,100,1008,1.9669764881236627,7.307539682539682,2.1862919330596924,-2113.9000000000015,-0.01279014942701906,52.223615646362305,0.36796789802610874,0.09396741054661106,0.09960937534924597,219,331.66678676025356,0.30826520919799805
220,670.012,2143.6333333333328,7678.333333333336,100,100,1010,2.0234968297709113,7.602310231023105,2.2517197132110596,-2143.6333333333328,-0.007875570328906178,53.12859892845154,0.3878077808767557,0.12843923437321791,0.10779296839609742,220,331.8666123998517,0.30826520919799805
221,672.58,2092.93,7513.0,100,100,1009,1.9581164510291147,7.445986124876115,2.180194616317749,-2092.93,-0.0179843173827976,48.32782655954361,0.3885698700323701,0.17291395916981855,0.09070073312614113,221,330.5576537281387,0.30826520919799805
222,675.182,2140.9933333333347,7344.333333333338,100,100,1004,1.9893709171760041,7.315073041168663,2.2023112773895264,-2140.9933333333347,-0.012767695297952741,49.47288405895233,0.4118095077574253,0.09396251478756312,0.10697798314504325,222,330.77002821599814,0.30826520919799805
223,677.732,2186.1766666666676,7314.333333333335,100,100,1002,1.9597841306829344,7.29973386560213,2.169152021408081,-2186.1766666666676,-0.011128958954941481,61.31447947025299,0.47608249075710773,0.07820286076821503,0.10316685272846371,223,331.0039585957104,0.30826520919799805
224,680.365,2101.126666666665,7271.333333333334,100,100,1007,1.97956851827371,7.220787818603112,2.1969268321990967,-2101.126666666665,-0.008708536624908447,55.00929653644562,0.497638457454741,0.09639871168201353,0.10639336751773953,224,331.20298373847675,0.30826520919799805
225,682.947,2175.2499999999995,7572.666666666671,100,100,1008,1.9650271805446773,7.512566137566141,2.1825852394104004,-2175.2499999999995,-0.010001715170801617,56.296992897987366,0.4161907443776727,0.11942699714563787,0.11165364645421505,225,331.42699457029056,0.30826520919799805
226,685.819,2208.0400000000004,7564.333333333337,100,100,1007,2.2424541218640965,7.511751075802717,2.4660229682922363,-2208.0400000000004,-0.012804041296476498,60.69985783100128,0.4467345327138901,0.08864366424677428,0.09751080407295376,226,331.50734575063956,0.30826520919799805
227,688.648,2072.0899999999992,7293.666666666666,100,100,1009,2.199619326129467,7.228609184010571,2.4242749214172363,-2072.0899999999992,-0.015186135831754655,51.16554111242294,0.4490916719660163,0.0746535695179773,0.10219029011204839,227,331.6105215428466,0.30826520919799805
228,691.473,2135.139999999999,7495.333333333337,100,100,1005,2.1930445774472247,7.458043117744614,2.408263683319092,-2135.139999999999,-0.010872611543163657,47.049831449985504,0.4860872533172369,0.06796875165309757,0.1034722225740552,228,331.70908168794085,0.30826520919799805
229,694.417,2100.9666666666653,7178.666666666666,100,100,1006,2.3070330005768636,7.13585155732273,2.526776075363159,-2100.9666666666653,-0.01262523583136499,56.595561027526855,0.4594235438853502,0.10238582771125948,0.09566066588740796,229,331.7518981489492,0.30826520919799805
230,700.709,2102.4266666666667,7320.666666666669,100,100,1007,2.144912611429562,7.26977821913274,2.3666460514068604,-2102.4266666666667,-0.011072343564592302,33.024026453495026,0.5141572272405028,0.08819865988334641,0.07030211086384952,230,331.8761539625671,0.30826520919799805
231,703.657,2225.4733333333347,7509.666666666668,100,100,1008,2.303500101362939,7.450066137566139,2.5331223011016846,-2225.4733333333347,-0.015251992270350456,44.58472728729248,0.5338980862870812,0.0391170370276086,0.08805338572710752,231,330.2588618868848,0.30826520919799805
232,706.7,2153.1800000000007,7394.999999999998,100,100,1012,2.39537598743755,7.307312252964425,2.632554292678833,-2153.1800000000007,-0.020388142438605428,41.12231504917145,0.4983953135088086,0.04436463137244573,0.10449218761641532,232,330.26882123655514,0.30826520919799805
233,709.586,2135.9900000000007,7335.0,100,100,1003,2.264358621631059,7.313060817547358,2.4766416549682617,-2135.9900000000007,-0.01498064276529476,41.716924130916595,0.5594696411862969,0.0683582999263308,0.12345566879957914,233,330.3388719504371,0.30826520919799805
234,712.407,2233.333333333332,7512.000000000002,100,100,1008,2.1653564466442545,7.452380952380954,2.3937532901763916,-2233.333333333332,-0.019111104658804834,78.1045937538147,0.5739053916186094,0.02445480373717146,0.12386067770421505,234,330.4460092131215,0.30826520919799805
235,715.049,2229.673333333333,7347.999999999996,100,100,1005,2.0385623875940544,7.311442786069648,2.254411458969116,-2229.673333333333,-0.02393291733460501,72.01813340187073,0.6018933970481157,0.02652435736672487,0.13338758726604283,235,330.63038230622584,0.30826520919799805
236,717.65,2468.8500000000013,8011.666666666668,100,100,1005,1.9892199979678018,7.971807628524048,2.210433006286621,-2468.8500000000013,-0.020511318172793835,88.22356748580933,0.6616846118122339,0.017187118472065777,0.11596137197921053,236,330.83256257414905,0.30826520919799805
237,720.248,2242.2533333333336,7505.000000000003,100,100,1005,1.9840343278457424,7.4676616915422915,2.197772264480591,-2242.2533333333336,-0.01377619018603582,57.81012833118439,0.6384279141202569,0.039190795985632576,0.11254340293817222,237,331.0346378786215,0.30826520919799805
238,722.839,2314.266666666667,7849.999999999995,100,100,1007,1.984356704044092,7.795431976166828,2.2066104412078857,-2314.266666666667,-0.01936448842752725,63.2592077255249,0.6104154232889414,0.030480378263746388,0.10372340376488864,238,331.2411132064793,0.30826520919799805
239,725.425,2341.1866666666674,7708.333333333332,100,100,998,1.9906637270959142,7.723780895123579,2.1963436603546143,-2341.1866666666674,-0.019245401490479708,69.74824035167694,0.6091015338897705,0.024086905519652646,0.12181332230102271,239,331.43624897055076,0.30826520919799805
240,731.165,2140.9333333333334,7586.333333333329,100,100,1007,1.9755245246734865,7.533598146309165,2.194242238998413,-2140.9333333333334,-0.018402150119072758,62.874496936798096,0.6250468613579869,0.03260955803852994,0.11087101051816717,240,331.644720609413,0.30826520919799805
241,733.769,2261.733333333333,7460.999999999997,100,100,1003,1.9904564304002454,7.43868394815553,2.2056164741516113,-2261.733333333333,-0.019529726821929216,64.88235300779343,0.687513554468751,0.01738976232445566,0.12493186770007014,241,330.406283342386,0.30826520919799805
242,736.373,2184.5533333333337,7502.333333333334,100,100,1010,1.993835051567063,7.428052805280529,2.218559503555298,-2184.5533333333337,-0.01446500897873193,62.835396468639374,0.6715809069573879,0.019999862408440094,0.11156249977648258,242,330.60969262499555,0.30826520919799805
243,738.964,2216.3433333333323,7434.666666666666,100,100,1007,1.985315094510502,7.382985766302548,2.2037649154663086,-2216.3433333333323,-0.02455010823905468,55.92874073982239,0.6140702171251178,0.010277635068632662,0.11522398586384952,243,330.81303775034365,0.30826520919799805
244,741.59,2247.6066666666666,7517.666666666663,100,100,1003,2.016587939288872,7.495181123296773,2.231081962585449,-2247.6066666666666,-0.016729273949749768,66.22816801071167,0.6435744594782591,0.03391893962179893,0.10831895004957914,244,330.99440043662696,0.30826520919799805
245,744.195,2169.7366666666653,7539.666666666669,100,100,1006,1.9978315110742364,7.494698475811798,2.2144010066986084,-2169.7366666666653,-0.022740875545423478,47.70151901245117,0.7375776059925556,0.016856764967087656,0.09992781968321651,245,331.1872167411072,0.30826520919799805
246,746.776,2127.949999999998,7533.666666666665,100,100,1008,1.9774097252391383,7.47387566137566,2.1978261470794678,-2127.949999999998,-0.028352651221212,50.12971484661102,0.7585908509790897,0.021931251576461364,0.10302734375,246,331.3923842048485,0.30826520919799805
247,749.356,2184.656666666666,7318.666666666667,100,100,1005,1.981063383464604,7.282255389718077,2.195425033569336,-2184.656666666666,-0.02142736327368766,47.31945753097534,0.7384112384170294,0.0069307435405789874,0.09964192728511989,247,331.592691247882,0.30826520919799805
248,751.939,2360.8200000000015,7681.333333333335,100,100,1010,1.9666754449302755,7.605280528052806,2.1980090141296387,-2360.8200000000015,-0.022970757505390793,71.8505539894104,0.7731900382786989,0.015561180232907645,0.13414062466472387,248,331.79675865625217,0.30826520919799805
249,754.527,2293.723333333334,7594.666666666667,100,100,1010,1.9727066335600276,7.519471947194719,2.2018818855285645,-2293.723333333334,-0.01883770397398621,67.20512843132019,0.779713710770011,0.01022619900322752,0.1133007809985429,249,331.99724075684713,0.30826520919799805
250,760.277,2234.933333333333,7416.333333333336,100,100,1009,1.9756980193963476,7.350181698050878,2.204465389251709,-2234.933333333333,-0.020011200045701116,54.400235295295715,0.8245589025318623,0.012770173452736344,0.12322624365333468,250,332.19465616547905,0.30826520919799805
251,762.848,2171.4666666666667,7262.000000000003,100,100,1006,1.9667704766023735,7.2186878727634225,2.182460069656372,-2171.4666666666667,-0.02668003350845538,49.73541307449341,0.7627854403108358,0.023981605931112426,0.14563519059447572,251,331.01758238397537,0.30826520919799805
252,765.436,2187.4866666666667,7608.333333333337,100,100,1010,1.9784810888295126,7.533003300330036,2.2028250694274902,-2187.4866666666667,-0.021609323972370476,58.25258934497833,0.6935716792941093,0.024807904123008484,0.1397265619598329,252,331.2178784560216,0.30826520919799805
253,767.994,2119.1566666666668,7373.333333333335,100,100,1006,1.9586448317900982,7.329357190192182,2.173983097076416,-2119.1566666666668,-0.02315658039879054,50.76666831970215,0.6981029380112886,0.009844624932156876,0.1294157614465803,253,331.424310247724,0.30826520919799805
254,770.604,2204.899999999999,7304.666666666664,100,100,1003,1.998507976949824,7.2828182120305724,2.213121175765991,-2204.899999999999,-0.021365642081946135,58.87743163108826,0.7329691685736179,0.025819458867772482,0.147142986766994,254,331.6037008962922,0.30826520919799805
255,773.231,2238.15,7463.666666666668,100,100,1010,1.9989328721704165,7.389768976897691,2.227318286895752,-2238.15,-0.021350609429646283,59.59763753414154,0.71409454010427,0.019591805306845345,0.12572265567723662,255,331.7829164558473,0.30826520919799805
256,775.776,2248.3066666666655,7574.666666666663,100,100,1010,1.9362163363430318,7.499669966996696,2.1619808673858643,-2248.3066666666655,-0.029073700541630387,59.90437924861908,0.7340128906071186,0.035944272894994356,0.15736328065395355,256,331.9965856274498,0.30826520919799805
257,778.332,2345.120000000001,7689.999999999999,100,100,1009,1.9448434093383735,7.6214073339940525,2.1720244884490967,-2345.120000000001,-0.02419973351061344,72.0272878408432,0.7884231880307198,0.01882335996197071,0.13862205046461895,257,332.2028965238624,0.30826520919799805
258,780.846,2274.206666666668,7464.999999999997,100,100,1001,1.9234022975515026,7.457542457542455,2.1288039684295654,-2274.206666666668,-0.030145029246341437,70.26198518276215,0.8590055573731661,0.019575177495426033,0.14998570852912962,258,332.4150615693151,0.30826520919799805
259,783.385,2085.4799999999996,7184.666666666667,100,100,1009,1.9347163523446742,7.120581433762802,2.1521522998809814,-2085.4799999999996,-0.023966912762261927,65.70027709007263,0.8635965678840876,0.044274324864090886,0.16130221588537097,259,332.62564339721433,0.30826520919799805
260,789.055,2111.046666666665,7227.0,100,100,1008,1.9854830363386546,7.169642857142857,2.205286741256714,-2111.046666666665,-0.02108851890079677,58.16363978385925,0.7954350858926773,0.019122698162391316,0.15478515718132257,260,332.8102440098104,0.30826520919799805
261,791.581,2238.053333333334,7456.666666666667,100,100,1003,1.9264083719187428,7.434363575938851,2.1386709213256836,-2238.053333333334,-0.02088521618861705,69.01253485679626,0.7306791078299284,0.01633516506262822,0.1962209299672395,261,331.72209568870176,0.30826520919799805
262,794.126,2237.6133333333337,7484.000000000001,100,100,1003,1.9475385850315852,7.461615154536392,2.1586227416992188,-2237.6133333333337,-0.021372160117607564,69.80552005767822,0.7065212652087212,0.025932658216333948,0.14640488708391786,262,331.9226333039912,0.30826520919799805
263,796.673,2296.876666666668,7477.000000000008,100,100,1006,1.929357754822013,7.432405566600406,2.148271322250366,-2296.876666666668,-0.024101791699649766,55.39003276824951,0.7729738783091307,0.01941633708338486,0.11574388644658029,263,332.12375903678634,0.30826520919799805
264,799.211,2216.5466666666666,7594.333333333336,100,100,1006,1.9371294224158921,7.549039098740891,2.1522839069366455,-2216.5466666666666,-0.023568944772705436,46.26848119497299,0.7261686567217112,0.027174675997230224,0.1550823706202209,264,332.3277761109025,0.30826520919799805
265,801.758,2288.5999999999995,7569.0,100,100,1008,1.939663491193353,7.508928571428571,2.163172721862793,-2288.5999999999995,-0.02428007178241387,65.26143324375153,0.7336746752262115,0.02036492991828709,0.1645507817156613,265,332.5295448433095,0.30826520919799805
266,804.547,2276.713333333335,7661.333333333331,100,100,1004,2.152164244052186,7.630810092961485,2.371450901031494,-2276.713333333335,-0.030580725811887532,54.44512552022934,0.7686435077339411,0.017405289712769445,0.13813920482061803,266,332.6246017716622,0.30826520919799805
267,807.459,2176.6766666666667,7461.66666666667,100,100,1006,2.2904585490779024,7.417163684559314,2.5115833282470703,-2176.6766666666667,-0.027845816279295832,48.37498700618744,0.7234390061348677,0.03386384985424229,0.13039232359733433,267,332.67102095570937,0.30826520919799805
268,810.262,2163.4399999999996,7422.666666666664,100,100,1009,2.1787177389662995,7.356458539808389,2.404212713241577,-2163.4399999999996,-0.01728592545259744,56.40501153469086,0.6940428353846073,0.028697648747765925,0.1501913262763992,268,332.76506134991956,0.30826520919799805
269,813.212,2392.316666666667,7794.666666666671,100,100,1007,2.310763950882315,7.740483283680904,2.5412864685058594,-2392.316666666667,-0.02085536508820951,52.7964346408844,0.6604510992765427,0.021756472167908214,0.1376329781487584,269,332.7962656759097,0.30826520919799805
270,819.552,2141.7600000000016,7250.0,100,100,1006,2.276727037733906,7.20675944333996,2.4966564178466797,-2141.7600000000016,-0.02073330737039214,55.03437542915344,0.6621028743684292,0.02992044695201912,0.11207116185687482,270,332.84288004162096,0.30826520919799805
271,822.374,2147.059999999999,7344.000000000002,100,100,1010,2.18210692867858,7.271287128712873,2.4102067947387695,-2147.059999999999,-0.018405588751193136,66.49976706504822,0.6655758265405893,0.025532215247494605,0.14246093714609742,271,331.5401799262961,0.30826520919799805
272,825.295,2186.026666666666,7375.666666666663,100,100,1004,2.288835758479698,7.346281540504645,2.505751609802246,-2186.026666666666,-0.027070843963883817,60.25723886489868,0.7005932684987783,0.02793656442372594,0.15509588131681085,272,331.58337300234615,0.30826520919799805
273,828.233,2125.0499999999993,7282.666666666666,100,100,1004,2.317586752068459,7.253652058432935,2.5324597358703613,-2125.0499999999993,-0.021655120188370347,35.92231011390686,0.730268120765686,0.04158763099985663,0.1743607954122126,273,331.61911810466654,0.30826520919799805
274,831.042,2105.260000000001,7197.333333333332,100,100,1003,2.190237088711117,7.175805915586572,2.4010562896728516,-2105.260000000001,-0.021506427379790694,60.02938961982727,0.7036023922264576,0.017580788680788828,0.121752361766994,274,331.7053573395826,0.30826520919799805
275,833.781,2203.6333333333337,7358.666666666666,100,100,1005,2.1328301479419074,7.322056384742951,2.3516247272491455,-2203.6333333333337,-0.02321069221943617,71.4412305355072,0.7546776104718447,0.02560639025614364,0.15034722269047052,275,331.82083462442097,0.30826520919799805
276,836.373,2248.9366666666647,7429.666666666669,100,100,1008,1.9793765887799155,7.37070105820106,2.203437566757202,-2248.9366666666647,-0.018117263360181823,70.40243411064148,0.7681251354515553,0.029630557546624914,0.11230468773283064,276,331.9979209677577,0.30826520919799805
277,838.952,2205.240000000001,7357.0,100,100,1008,1.9646057528064822,7.298611111111111,2.1870901584625244,-2205.240000000001,-0.02321087208110839,70.27417552471161,0.6777159292250872,0.015700860414654016,0.1474609379656613,277,332.1788432353047,0.30826520919799805
278,841.524,2109.1133333333337,7215.000000000002,100,100,1003,1.9772240258558307,7.193419740777669,2.1856284141540527,-2109.1133333333337,-0.031937168387230486,44.17419970035553,0.7285532206296921,0.03073092072008876,0.11320176208391786,278,332.35539420463493,0.30826520919799805
279,844.112,2216.4733333333334,7454.666666666668,100,100,1005,1.9846798022699297,7.4175787728026545,2.2001702785491943,-2216.4733333333334,-0.025461353885475546,61.906354784965515,0.715919341892004,0.015715086399723077,0.12475043418817222,279,332.5270895761003,0.30826520919799805
280,849.83,2172.1866666666706,7376.333333333336,100,100,1004,1.9788174298397114,7.346945551128821,2.192497491836548,-2172.1866666666706,-0.02173784261685796,52.14849615097046,0.6915652696043253,0.018494879765057703,0.11865234398283064,280,332.69480541998854,0.30826520919799805
281,852.423,2256.6400000000012,7624.999999999999,100,100,1005,1.9863837800540067,7.587064676616914,2.2020514011383057,-2256.6400000000012,-0.02511809964198619,58.938780069351196,0.7278875578194857,0.021303104811522644,0.14420572953531519,281,331.6416464982223,0.30826520919799805
282,854.989,2285.2066666666665,7592.333333333334,100,100,1009,1.954991179490711,7.524611826891312,2.17867374420166,-2285.2066666666665,-0.022120805457234383,58.32227075099945,0.6857204791158438,0.037346633966080844,0.12491031549870968,282,331.8264171852562,0.30826520919799805
283,857.553,2220.1533333333327,7453.333333333331,100,100,1009,1.9541511374892162,7.386851668318465,2.17592191696167,-2220.1533333333327,-0.01992146938573569,49.37873733043671,0.6271684551611543,0.041145658207824454,0.13595145102590322,283,332.01082496005847,0.30826520919799805
284,860.145,2201.7666666666673,7471.333333333331,100,100,1009,1.9757550026772857,7.404691113313509,2.2002830505371094,-2201.7666666666673,-0.018643793824594468,57.54879778623581,0.7409445829689503,0.051777456304989755,0.14459103904664516,284,332.1835261905259,0.30826520919799805
285,862.786,2196.080000000001,7288.333333333331,100,100,1010,2.0056366340699836,7.216171617161714,2.2358148097991943,-2196.080000000001,-0.021893631317652762,52.75706458091736,0.7516381200402975,0.036302083546615904,0.11589843744877726,285,332.33726832776847,0.30826520919799805
286,865.383,2185.849999999999,7597.666666666664,100,100,1010,1.982334456844532,7.52244224422442,2.207528829574585,-2185.849999999999,-0.02256823895731941,48.625598430633545,0.7624928168952465,0.026271968687069602,0.12919921870343387,286,332.5069313396285,0.30826520919799805
287,867.98,2244.4233333333336,7544.666666666665,100,100,1009,1.9710872146255745,7.477370333663692,2.197176218032837,-2244.4233333333336,-0.027208310028072447,61.37118434906006,0.8428909555077553,0.0212681829725625,0.1384327169507742,287,332.6748755491667,0.30826520919799805
288,870.555,2223.9999999999986,7396.999999999996,100,100,1005,1.9725211952762,7.3601990049751205,2.1874380111694336,-2223.9999999999986,-0.028203265799675137,64.78115963935852,0.8117342069745064,0.02074549801182002,0.1418945319019258,288,332.8451199433464,0.30826520919799805
289,873.124,2187.2099999999987,7421.333333333332,100,100,1008,1.959781646696178,7.362433862433861,2.177130699157715,-2187.2099999999987,-0.02404517578543164,51.33273243904114,0.7286070138216019,0.03293834572468768,0.14241536520421505,289,333.02036264801734,0.30826520919799805
290,878.923,2232.883333333334,7414.999999999998,100,100,1008,1.9726398824122808,7.356150793650792,2.1959526538848877,-2232.883333333334,-0.021707637351937592,47.93204230070114,0.7500464972108603,0.030141225979605224,0.13704427145421505,290,333.1807542555932,0.30826520919799805
291,881.51,2185.4566666666688,7428.666666666667,100,100,1011,1.97164619258125,7.347840422024398,2.1967644691467285,-2185.4566666666688,-0.02104408195009455,51.765566408634186,0.7602302674204111,0.07430546901014168,0.13017003709683195,291,332.1424404991028,0.30826520919799805
292,884.082,2251.8366666666666,7620.333333333334,100,100,1004,1.9697995031525222,7.589973439575034,2.1826727390289307,-2251.8366666666666,-0.018249109270982444,48.27453279495239,0.7684169039130211,0.02115308981592534,0.11274857958778739,292,332.3117989990365,0.30826520919799805
293,886.686,2127.760000000001,7251.666666666665,100,100,1011,1.976159843063474,7.172766238048136,2.2011122703552246,-2127.760000000001,-0.01821233006194234,44.78215849399567,0.7840483672916889,0.03738595201230055,0.14312385162338614,293,332.47618471877666,0.30826520919799805
294,889.275,2267.7500000000005,7458.666666666664,100,100,1012,1.9684401208492504,7.370223978919629,2.200984477996826,-2267.7500000000005,-0.006171237037051469,45.42350161075592,0.7532052863389254,0.047934142472513486,0.15234375023283064,294,332.6462128680442,0.30826520919799805
295,891.856,2242.996666666666,7636.33333333333,100,100,1004,1.9759228084314302,7.60590969455511,2.1899547576904297,-2242.996666666666,-0.02100040763616562,73.25624191761017,0.8198871295899153,0.013877483259420842,0.10693359421566129,295,332.80929839292503,0.30826520919799805
296,894.428,2130.816666666666,7381.333333333335,100,100,1014,1.9525470398320528,7.279421433267588,2.1823248863220215,-2130.816666666666,-0.021616631507640705,69.57329416275024,0.8455885574221611,0.01803786494565429,0.11756727448664606,296,332.9860478259689,0.30826520919799805
297,896.967,2119.270000000002,7286.666666666667,100,100,1005,1.9351374154067158,7.250414593698176,2.146888494491577,-2119.270000000002,-0.021542698552366346,47.04153859615326,0.8326862659305334,0.013966013000754174,0.08046875020954758,297,333.16400796778703,0.30826520919799805
298,899.517,2157.08,7281.333333333331,100,100,1004,1.9553623522123493,7.252324037184593,2.1665706634521484,-2157.08,-0.01504589564865455,46.412179708480835,0.786357631906867,0.026507237620535307,0.11447975877672434,298,333.3354487985226,0.30826520919799805
299,902.067,2177.230000000001,7503.000000000002,100,100,1006,1.9484151087175485,7.458250497017895,2.1630780696868896,-2177.230000000001,-0.022828728309832513,46.81210058927536,0.8741635959595442,0.02760627767565893,0.08179772447329015,299,333.50866391658957,0.30826520919799805
300,907.716,2170.103333333332,7433.666666666667,100,100,1006,1.9534830993159895,7.38933068257124,2.1697986125946045,-2170.103333333332,-0.015873321739491075,48.765968799591064,0.7537139281630516,0.04502330845571123,0.10442849877290428,300,333.6781381942381,0.30826520919799805
301,910.289,2055.6333333333337,7241.666666666667,100,100,1006,1.967705167815178,7.198475811795892,2.180983781814575,-2055.6333333333337,-0.028340320335701108,56.062801122665405,0.8321265950798988,0.024399170695687644,0.11077615525573492,301,332.70658426201067,0.30826520919799805
302,912.806,2103.466666666666,7320.000000000002,100,100,1003,1.9241067801870533,7.298105682951149,2.1304383277893066,-2103.466666666666,-0.014471493079327047,46.11484533548355,0.8249505143612623,0.023708754306426272,0.08415470574982464,302,332.8878319375294,0.30826520919799805
303,915.339,2130.08,7374.333333333333,100,100,1004,1.9384201188651526,7.344953519256308,2.146984577178955,-2130.08,-0.013340875739231706,43.60626542568207,0.7976696696132421,0.10737222411989933,0.0842507102061063,303,333.0633946121595,0.30826520919799805
304,917.893,2248.036666666668,7571.66666666667,100,100,1009,1.9441078281089132,7.504129501156263,2.165518283843994,-2248.036666666668,-0.013013033312745392,63.11284160614014,0.7756133135408163,0.05098322693083901,0.07890226365998387,304,333.23615228216914,0.30826520919799805
305,920.445,2060.0366666666664,7311.666666666668,100,100,1004,1.94898197303092,7.282536520584331,2.1565866470336914,-2060.0366666666664,-0.02126821798447054,68.79226112365723,0.7577724121510983,0.03243232845852617,0.09721235814504325,305,333.4028621792666,0.30826520919799805
306,923.037,2247.1666666666656,7440.999999999996,100,100,1008,1.9592354174598032,7.381944444444441,2.1831607818603516,-2247.1666666666656,-0.016973687219433486,45.911764323711395,0.7175249494612217,0.01380091316968901,0.11149088572710752,306,333.55880816903345,0.30826520919799805
307,926.138,2169.7933333333326,7345.666666666666,100,100,1011,2.4512372890249647,7.265743488295416,2.684704303741455,-2169.7933333333326,-0.014972965756896883,47.5778973698616,0.7371377591043711,0.06594961635710206,0.08938419143669307,307,333.53332127716214,0.30826520919799805
308,929.075,2163.423333333333,7409.000000000001,100,100,1006,2.29409582325985,7.364811133200796,2.5144529342651367,-2163.423333333333,-0.020544040657114238,56.78105616569519,0.7226288337260485,0.06063443992024986,0.1033457878511399,308,333.56185370121676,0.30826520919799805
309,931.913,2041.4133333333325,7290.0,100,100,1011,2.1907979237656345,7.210682492581602,2.421353340148926,-2041.4133333333325,-0.01797054021153599,65.09932041168213,0.7714903652667999,0.04523033290024614,0.07936963881365955,309,333.6310324799573,0.30826520919799805
310,938.584,2160.93,7362.333333333331,100,100,1007,2.2829964258934647,7.311155246607082,2.5047123432159424,-2160.93,-0.019391257155803032,55.77005755901337,0.7471158020198345,0.05114665537621477,0.08175074751488864,310,333.66400854338553,0.30826520919799805
311,941.515,2168.8233333333346,7261.333333333331,100,100,1005,2.2850246772179332,7.225207296849086,2.5035977363586426,-2168.8233333333346,-0.02060862712096423,48.03483176231384,0.7448312845081091,0.03385326523857657,0.1103081600740552,311,332.36526253022885,0.30826520919799805
312,944.38,2172.849999999998,7391.666666666668,100,100,1009,2.2260756193770037,7.3257350512058155,2.452407121658325,-2172.849999999998,-0.01931980805238709,44.438578963279724,0.7224682047963142,0.05934104540210683,0.08495097246486694,312,332.4254908635838,0.30826520919799805
313,947.339,2105.586666666667,7508.333333333338,100,100,1002,2.330389023575367,7.493346640053231,2.541527509689331,-2105.586666666667,-0.020832920214161277,40.8136864900589,0.7217698339372873,0.02853005011274945,0.07603236625436693,313,332.44520101869483,0.30826520919799805
314,950.379,2115.0299999999997,7366.666666666667,100,100,1007,2.3979983097608195,7.315458457464416,2.6203043460845947,-2115.0299999999997,-0.02471200656145811,52.46362829208374,0.7058799155056477,0.007141773294279119,0.1000872669974342,314,332.441315945172,0.30826520919799805
315,953.341,2082.706666666668,7296.333333333334,100,100,1005,2.334856617598058,7.2600331674958545,2.5501415729522705,-2082.706666666668,-0.017396346724126488,40.42315948009491,0.6398292612284422,0.03475126327430189,0.10347222234122455,315,332.4623729289895,0.30826520919799805
316,956.239,2192.4300000000007,7343.0,100,100,1004,2.2787875516722313,7.313745019920319,2.492928981781006,-2192.4300000000007,-0.019181511946953833,43.65298193693161,0.6198445660993457,0.050343501126917545,0.12149325292557478,316,332.50465442207246,0.30826520919799805
317,959.099,2188.5966666666673,7589.333333333334,100,100,1005,2.2414035817135627,7.551575456053069,2.458442211151123,-2188.5966666666673,-0.01532976166345179,43.166960656642914,0.6025372091680765,0.042324890971940476,0.10403645853511989,317,332.56115021511596,0.30826520919799805
318,961.826,2109.0466666666675,7354.999999999999,100,100,1008,2.086988984956406,7.296626984126983,2.3086636066436768,-2109.0466666666675,-0.016595828910794808,47.91916000843048,0.6413484066724777,0.026977440880727954,0.1046549481106922,318,332.666093050263,0.30826520919799805
319,964.525,2146.636666666666,7282.666666666664,100,100,1005,2.078574328840854,7.246434494195686,2.293038845062256,-2146.636666666666,-0.018640079280885402,68.62339246273041,0.5983787085860968,0.13615791151096346,0.08931206644047052,319,332.7774286473545,0.30826520919799805
320,970.844,2192.6033333333335,7470.666666666668,100,100,1008,2.23828888695044,7.411375661375662,2.463017463684082,-2192.6033333333335,-0.015445163124240935,51.40800976753235,0.6206863150000572,0.05506160839286167,0.11962890625,320,332.832352292978,0.30826520919799805
321,973.664,2163.6666666666674,7264.333333333336,100,100,1007,2.182607151486549,7.213836477987424,2.405573606491089,-2163.6666666666674,-0.019865157664753497,55.20081090927124,0.638071283698082,0.049775892182879033,0.11686544178519398,321,331.72328766564925,0.30826520919799805
322,976.577,2199.296666666667,7607.666666666665,100,100,1004,2.284609064607291,7.577357237715802,2.5001962184906006,-2199.296666666667,-0.019710564271463227,52.718860030174255,0.6548788491636515,0.020016803293401608,0.13964843773283064,322,331.7617965575232,0.30826520919799805
323,979.595,2135.1866666666656,7511.666666666664,100,100,1007,2.3711374397838143,7.459450513075138,2.5942022800445557,-2135.1866666666656,-0.02245175905409269,47.33760315179825,0.6774251647293568,0.02454290141031379,0.10492852388415486,323,331.767559636792,0.30826520919799805
324,982.644,2154.4633333333336,7425.999999999999,100,100,1007,2.39488053773257,7.374379344587884,2.6220645904541016,-2154.4633333333336,-0.0233083221828565,41.369825065135956,0.5762754930183291,0.06327055726433173,0.1183302856516093,324,331.76314938593,0.30826520919799805
325,985.814,2097.706666666668,7466.666666666669,100,100,1007,2.5119044690354992,7.414763323402849,2.7355644702911377,-2097.706666666668,-0.022388424666132778,48.792794823646545,0.5902105960994959,0.05023452360910596,0.11291763605549932,325,331.71764572151596,0.30826520919799805
326,988.849,2239.3733333333334,7602.666666666666,100,100,1008,2.3867521820301634,7.542328042328042,2.614772319793701,-2239.3733333333334,-0.01638224843190983,50.681642174720764,0.6017250074073672,0.017168596990813967,0.08740234409924597,326,331.7189570510158,0.30826520919799805
327,991.744,2222.430000000001,7512.999999999999,100,100,1003,2.2615351960720385,7.490528414755732,2.4767820835113525,-2222.430000000001,-0.015309541777241975,62.988528192043304,0.6477361479774117,0.010351085009460803,0.08832212956622243,327,331.76215077482567,0.30826520919799805
328,994.665,2023.3766666666684,7246.666666666668,100,100,1008,2.282520934328666,7.18915343915344,2.5020077228546143,-2023.3766666666684,-0.013989853439852595,45.550245106220245,0.574025196954608,0.07844402398040984,0.07161458348855376,328,331.80115601569855,0.30826520919799805
329,997.646,2298.756666666667,7713.999999999999,100,100,1005,2.330343581189341,7.675621890547263,2.5599703788757324,-2298.756666666667,-0.01898874866310507,44.83271336555481,0.6409111302345991,0.027426182772614993,0.08597005228511989,329,331.81722784385164,0.30826520919799805
330,1004.286,2190.6299999999987,7492.0,100,100,1009,2.4393607523777807,7.425173439048563,2.67158579826355,-2190.6299999999987,-0.013426620746031404,46.44292080402374,0.606572337448597,0.07162085009622388,0.11180644133128226,330,331.79787485590725,0.30826520919799805
331,1007.265,2273.4933333333342,7568.999999999999,100,100,1009,2.32431090208891,7.5014866204162525,2.553842306137085,-2273.4933333333342,-0.021275450533721596,59.24660611152649,0.5957299936562777,0.034003338594629895,0.10061583202332258,331,330.6522860796749,0.30826520919799805
332,1010.313,2138.969999999999,7263.6666666666715,100,100,1007,2.410368123827012,7.213174445547836,2.636030912399292,-2138.969999999999,-0.02120535878930241,42.94073683023453,0.7367100566625595,0.057605630498500204,0.0751849232474342,332,330.6508434292537,0.30826520919799805
333,1013.259,2155.643333333334,7381.333333333335,100,100,1006,2.333248207585379,7.337309476474488,2.554885149002075,-2155.643333333334,-0.014966042537707835,53.15476655960083,0.6476782858371735,0.02260650050448021,0.08181895385496318,333,330.68238572568,0.30826520919799805
334,1015.815,2139.320000000001,7454.000000000002,100,100,1005,1.951245171485923,7.416915422885574,2.164799213409424,-2139.320000000001,-0.01885762857273221,51.1333749294281,0.6502904165536165,0.03597358804108808,0.10303819505497813,334,330.839739992587,0.30826520919799805
335,1018.384,2111.82,7294.666666666666,100,100,1007,1.959255807838831,7.243958953988745,2.176173686981201,-2111.82,-0.019462832482531667,56.26884472370148,0.6525397477671504,0.03350666426558746,0.10288189782295376,335,330.9940300368283,0.30826520919799805
336,1020.944,2239.9366666666688,7367.333333333332,100,100,1005,1.956524974689703,7.3306799336650075,2.1716630458831787,-2239.9366666666688,-0.02434031228767708,42.109368085861206,0.6472179004922509,0.020127349853282794,0.08200954867061228,336,331.148557563608,0.30826520919799805
337,1023.499,2117.1433333333325,7212.000000000001,100,100,1006,1.9497620263535003,7.168986083499007,2.1640219688415527,-2117.1433333333325,-0.01415531081147492,55.85353231430054,0.5844355039298534,0.03235475758992834,0.08812415110878646,337,331.3046750504788,0.30826520919799805
338,1026.102,2093.05,7247.999999999999,100,100,1006,1.9861462221214286,7.204771371769382,2.2030417919158936,-2093.05,-0.017726697376929224,45.16477108001709,0.5934569891542196,0.05046760626282776,0.11877972184447572,338,331.44458515611115,0.30826520919799805
339,1028.715,2258.2433333333342,7584.333333333336,100,100,1007,1.9846397219456977,7.531612048990403,2.2053394317626953,-2258.2433333333342,-0.022712102974765003,56.540591061115265,0.6167955016717315,0.016753883843193762,0.09174493001773953,339,331.58168752603507,0.30826520919799805
340,1034.432,2043.8500000000004,7241.0,100,100,1005,1.9620678622729668,7.20497512437811,2.1731109619140625,-2043.8500000000004,-0.021411974274087697,40.226051688194275,0.5823240103200078,0.02353380125350668,0.09815538232214749,340,331.7320108319003,0.30826520919799805
341,1037.032,2237.7,7562.6666666666715,100,100,1011,1.9768262141532496,7.480382459610951,2.204683303833008,-2237.7,-0.021538114990107715,63.66675353050232,0.5803570728749037,0.0300112778932089,0.09170113375876099,341,330.8664377523706,0.30826520919799805
342,1039.595,2165.9700000000007,7241.3333333333285,100,100,1004,1.9574307781399276,7.212483399734391,2.169783115386963,-2165.9700000000007,-0.022895144997164607,40.71469485759735,0.5651594372466207,0.029597417029435746,0.0998313210438937,342,331.0163211527952,0.30826520919799805
343,1042.228,2169.5566666666678,7392.000000000005,100,100,1011,1.996049752691991,7.311572700296741,2.22662091255188,-2169.5566666666678,-0.020519370213150978,46.11608523130417,0.6628909427672625,0.029563862590293866,0.0951095282798633,343,331.150293970378,0.30826520919799805
344,1044.839,2395.326666666667,7657.666666666666,100,100,1006,1.994579918654802,7.611994698475812,2.2174289226531982,-2395.326666666667,-0.01811454282142222,56.141635060310364,0.6763888541609049,0.034619089477928355,0.11419412342365831,344,331.2856080012681,0.30826520919799805
345,1047.47,2144.8433333333346,7395.666666666673,100,100,1010,2.009480099405835,7.322442244224429,2.237849235534668,-2144.8433333333346,-0.024021563338465057,46.12427508831024,0.613454656675458,0.027617456475127256,0.09517578105442226,345,331.4176903333827,0.30826520919799805
346,1050.09,2194.956666666668,7349.333333333339,100,100,1006,2.004555465767408,7.305500331345268,2.2243635654449463,-2194.956666666668,-0.02304594381712377,52.38708519935608,0.5725313490256667,0.03210448702793656,0.1046407949179411,346,331.5487523498328,0.30826520919799805
347,1052.853,2251.3333333333326,7491.66666666667,100,100,1004,2.1148159360444447,7.461819389110229,2.332125186920166,-2251.3333333333326,-0.021013283636420965,54.40163433551788,0.6050742529332638,0.020610658415535,0.09645774168893695,347,331.63250064573293,0.30826520919799805
348,1055.828,2175.5933333333323,7669.666666666668,100,100,1007,2.3276893754490646,7.616352201257863,2.552035093307495,-2175.5933333333323,-0.019646067114081234,39.64040648937225,0.6260558161884546,0.019125322596664773,0.10444024251773953,348,331.65159805079406,0.30826520919799805
349,1058.738,2133.359999999999,7376.666666666666,100,100,1011,2.2580911969382806,7.296406198483349,2.4884471893310547,-2133.359999999999,-0.02118919597705826,42.60306066274643,0.6373418662697077,0.028612968926609028,0.11245787388179451,349,331.6950752430309,0.30826520919799805
350,1065.334,2155.5966666666664,7338.666666666664,100,100,1012,2.252017984027779,7.251646903820815,2.4866864681243896,-2155.5966666666664,-0.018656975007615983,41.3001052737236,0.5940693663433194,0.03492296682088636,0.09878305322490633,350,331.7404809182386,0.30826520919799805
351,1068.365,2258.0566666666678,7482.333333333332,100,100,1008,2.3756127964819798,7.422949735449734,2.6060173511505127,-2258.0566666666678,-0.012379322201013565,71.91125011444092,0.6387586090713739,0.04597241676674457,0.0869140625,351,330.5971221582603,0.30826520919799805
352,1071.221,2121.446666666666,7303.333333333333,100,100,1006,2.221762424285818,7.259774685222001,2.4399216175079346,-2121.446666666666,-0.023015292128548026,42.847356259822845,0.5698264706879854,0.08537885456462391,0.09175441571278498,352,330.6546474961031,0.30826520919799805
353,1073.967,2130.889999999999,7327.666666666666,100,100,1007,2.1262440914630356,7.276729559748427,2.34474515914917,-2130.889999999999,-0.019905891502276063,41.632118940353394,0.5449912371113896,0.08373391466739122,0.1105177856516093,353,330.7465474240372,0.30826520919799805
354,1076.612,2089.853333333334,7231.999999999997,100,100,1006,2.0379529814383988,7.188866799204769,2.2542853355407715,-2089.853333333334,-0.023481707670725882,43.48254132270813,0.5470896251499653,0.03568557531980332,0.0938986074179411,354,330.8683804543793,0.30826520919799805
355,1079.291,2154.123333333334,7513.000000000002,100,100,1009,2.0374791883347543,7.445986124876117,2.264906883239746,-2154.123333333334,-0.01548684120643884,46.23584854602814,0.586369282566011,0.029426034630887443,0.0984335137763992,355,330.9821738485693,0.30826520919799805
356,1081.928,2176.2200000000007,7202.333333333333,100,100,1002,2.0291919164971155,7.187957418496341,2.23921537399292,-2176.2200000000007,-0.02633624436566606,49.641958117485046,0.5747685711830854,0.047634642312914366,0.11421130993403494,356,331.1016946433952,0.30826520919799805
357,1084.59,2242.7866666666687,7402.66666666667,100,100,1008,2.037193156461904,7.343915343915347,2.2618417739868164,-2242.7866666666687,-0.017054452851880342,42.89589911699295,0.6236338866874576,0.04583584267675178,0.09960937523283064,357,331.21831305151727,0.30826520919799805
358,1087.263,2176.4300000000003,7493.666666666668,100,100,1003,2.0505268162010557,7.47125290794284,2.2626230716705322,-2176.4300000000003,-0.016775086289271712,56.71757781505585,0.5751461293548346,0.02660597537396825,0.10786473471671343,358,331.3264481446185,0.30826520919799805
359,1089.922,2178.176666666666,7578.666666666662,100,100,1011,2.0133136490886825,7.496208374546649,2.242722272872925,-2178.176666666666,-0.017174786422401667,42.41049438714981,0.5723487669602036,0.04685145760595333,0.10952818649820983,359,331.44563239022835,0.30826520919799805
360,1095.821,2061.613333333333,7191.666666666666,100,100,1004,2.090561651927141,7.163014608233731,2.3019938468933105,-2061.613333333333,-0.02478840883122757,47.70065784454346,0.6403055842965841,0.08975783921778202,0.11181640625,360,331.5460512613501,0.30826520919799805
361,1098.486,2166.0266666666666,7337.999999999997,100,100,1008,2.0438692440548616,7.279761904761902,2.2643964290618896,-2166.0266666666666,-0.018799122364725918,49.42725169658661,0.6143153514713049,0.03883643227163702,0.109375,361,330.693362782572,0.30826520919799805
362,1101.135,2129.289999999999,7422.333333333329,100,100,1012,2.023857709695861,7.33432147562582,2.2554328441619873,-2129.289999999999,-0.017044384352630004,46.321099638938904,0.5500699728727341,0.05183016922455863,0.11549729597754776,362,330.81675253589503,0.30826520919799805
363,1103.811,2086.1766666666667,7338.000000000005,100,100,1008,2.0443894864579235,7.2797619047619095,2.266629457473755,-2086.1766666666667,-0.012236372218467295,35.37532079219818,0.5951576307415962,0.04797757181950146,0.08772786473855376,363,330.9279202841784,0.30826520919799805
364,1106.422,2250.9866666666676,7495.333333333329,100,100,1006,1.9933758445859888,7.450629555997345,2.215428352355957,-2250.9866666666676,-0.021777901332825422,68.86318290233612,0.6174166342243552,0.024658936199557502,0.11595618212595582,364,331.05635716219075,0.30826520919799805
365,1109.009,2280.439999999999,7543.0,100,100,1008,1.9717754964533794,7.483134920634921,2.1950395107269287,-2280.439999999999,-0.021224912896286696,52.82615387439728,0.6649528965353966,0.030549485705705592,0.11507161473855376,365,331.1928760469491,0.30826520919799805
366,1111.618,2263.756666666666,7515.666666666668,100,100,1012,1.9802565211540626,7.426548089591569,2.2162599563598633,-2263.756666666666,-0.023696447489783168,41.55118131637573,0.6989258136600256,0.017271574535698164,0.11076472379500046,366,331.32640123314434,0.30826520919799805
367,1114.265,2067.6599999999994,7237.666666666664,100,100,1012,2.007452077982329,7.151844532279313,2.2347958087921143,-2067.6599999999994,-0.01560443511698395,53.7652313709259,0.6578342318534851,0.06165860535838874,0.10190054099075496,367,331.44708230898874,0.30826520919799805
368,1116.881,2213.183333333333,7611.000000000001,100,100,1010,1.992123762357722,7.535643564356437,2.2193148136138916,-2213.183333333333,-0.01927330152830109,49.974337697029114,0.7554062008857727,0.015813288653589552,0.09943359345197678,368,331.57514506043026,0.30826520919799805
369,1119.48,2128.1333333333323,7289.666666666665,100,100,1005,1.9810271649783597,7.25339966832504,2.1925899982452393,-2128.1333333333323,-0.02336114417994395,36.35680663585663,0.6872669858857989,0.050386380582494894,0.11937934067100286,369,331.7030515413006,0.30826520919799805
370,1125.312,2068.873333333333,7156.666666666668,100,100,1010,1.9705171284201268,7.085808580858087,2.1946799755096436,-2068.873333333333,-0.02449947246350348,44.58997559547424,0.7237025666981936,0.043692793558875564,0.09400390624068677,370,331.8369075425851,0.30826520919799805
371,1127.911,2194.2566666666667,7489.333333333335,100,100,1006,1.9784441358265403,7.444665341285621,2.1975624561309814,-2194.2566666666667,-0.018984974245540798,54.53533613681793,0.6726423092186451,0.030571407289244235,0.10899286717176437,371,331.011187278571,0.30826520919799805
372,1130.499,2165.9566666666647,7498.333333333332,100,100,1003,1.9788653045430304,7.475905616483881,2.1882057189941406,-2165.9566666666647,-0.024704640549316537,47.84918773174286,0.7407735958695412,0.024856271007593023,0.09075218031648546,372,331.1404106543368,0.30826520919799805
373,1133.11,2123.9866666666667,7227.999999999997,100,100,1005,2.0014569145947028,7.192039800995023,2.2148008346557617,-2123.9866666666667,-0.020384908944834024,40.53855109214783,0.7676794249564409,0.030974808963946998,0.09552951413206756,373,331.2644690184162,0.30826520919799805
374,1135.669,2157.1233333333334,7461.000000000003,100,100,1011,1.9296736893558213,7.379821958456976,2.153254508972168,-2157.1233333333334,-0.02637969914940186,48.57621741294861,0.814434427767992,0.027312569713103585,0.1152726721484214,374,331.40818690784397,0.30826520919799805
375,1138.221,2228.3266666666655,7384.666666666667,100,100,1009,1.937576709338256,7.318797489263297,2.1610565185546875,-2228.3266666666655,-0.016536972136236727,50.54413175582886,0.7599819591268897,0.11164241964434041,0.08269889961229637,375,331.55155262460516,0.30826520919799805
376,1140.77,2200.4399999999996,7448.999999999995,100,100,1006,1.9384900587759024,7.404572564612321,2.1573169231414795,-2200.4399999999996,-0.018977854895638302,61.95135295391083,0.7655616588890553,0.041107673838268965,0.11975628370419145,376,331.6927051320121,0.30826520919799805
377,1143.308,2161.5266666666676,7583.333333333336,100,100,1010,1.9250437647270242,7.508250825082511,2.1470446586608887,-2161.5266666666676,-0.022228198766242713,51.27479660511017,0.8181148767471313,0.02167744905455038,0.08142578066326678,377,331.8396262542713,0.30826520919799805
378,1145.878,2132.3300000000004,7432.666666666671,100,100,1010,1.9527994054784574,7.359075907590763,2.1748876571655273,-2132.3300000000004,-0.020422429428435862,50.62546443939209,0.695079492405057,0.04094576007628348,0.09253906249068677,378,331.97688671464977,0.30826520919799805
379,1148.435,2195.019999999999,7381.666666666665,100,100,1008,1.943195236746096,7.323082010582009,2.1622772216796875,-2195.019999999999,-0.023182898643426597,47.58679461479187,0.6907734051346779,0.03249376398889581,0.08414713572710752,379,332.11549392691296,0.30826520919799805
380,1154.062,2163.6366666666677,7311.333333333334,100,100,1006,1.951015805135894,7.267726971504308,2.1679940223693848,-2163.6366666666677,-0.023745828540995717,40.668493807315826,0.7787408735603094,0.02430831240963016,0.09028957196278498,380,332.25028664917824,0.30826520919799805
381,1156.616,2130.3433333333323,7465.666666666668,100,100,1012,1.9314408116180657,7.377140974967063,2.158350706100464,-2130.3433333333323,-0.020077855020645075,39.9881175160408,0.790590962395072,0.02304130707125296,0.09097055322490633,381,331.51144805843586,0.30826520919799805
382,1159.189,2186.7266666666674,7432.333333333338,100,100,1007,1.9507370402485265,7.3806686527639895,2.1665406227111816,-2186.7266666666674,-0.023572482401505113,52.92670714855194,0.7438042089343071,0.023370550537947565,0.10376495984382927,382,331.6440571086643,0.30826520919799805
383,1161.759,2075.9766666666674,7261.333333333329,100,100,1007,1.9559616694881654,7.210857332009264,2.1722469329833984,-2075.9766666666674,-0.021415368595626205,47.340428590774536,0.8396235071122646,0.015392605084343813,0.0787795044016093,383,331.7771612260493,0.30826520919799805
384,1164.63,2227.66,7310.3333333333285,100,100,1008,2.2265765862631803,7.25231481481481,2.4516799449920654,-2227.66,-0.020857803203398362,48.69999402761459,0.8391208183020353,0.021976313339109765,0.08658854197710752,384,331.8245690962505,0.30826520919799805
385,1167.652,2200.5433333333326,7437.333333333336,100,100,1002,2.379472653972665,7.422488356620096,2.5929062366485596,-2200.5433333333326,-0.02142668084707111,62.51167094707489,0.7976137194782495,0.00975560612641857,0.08314732188591734,385,331.8239297120696,0.30826520919799805
386,1170.547,2144.673333333334,7276.666666666669,100,100,1010,2.2405691058743784,7.204620462046207,2.4696109294891357,-2144.673333333334,-0.02304574074514676,47.56553798913956,0.7397745847702026,0.011087449587648734,0.07927734346594661,386,331.8662686257671,0.30826520919799805
387,1173.445,2127.096666666666,7462.333333333334,100,100,1008,2.2524103192226326,7.403108465608466,2.4778149127960205,-2127.096666666666,-0.020061125396750867,47.562856912612915,0.8091155011206865,0.012592560753546422,0.0719401043606922,387,331.9055674911766,0.30826520919799805
388,1176.431,2098.0266666666644,7378.666666666666,100,100,1008,2.348119145493016,7.32010582010582,2.572345018386841,-2098.0266666666644,-0.021265555173158646,42.92282748222351,0.7283823136240244,0.011661344571621157,0.08902994822710752,388,331.92003740709407,0.30826520919799805
389,1179.506,2247.4400000000005,7704.999999999999,100,100,1007,2.432810429917406,7.651439920556107,2.6581833362579346,-2247.4400000000005,-0.022314321424346417,54.26815730333328,0.8071964532136917,0.027305164079734823,0.0756732044974342,389,331.9084722656132,0.30826520919799805
390,1185.878,2161.479999999999,7354.666666666666,100,100,1010,2.2530972284476944,7.2818481848184815,2.4810540676116943,-2161.479999999999,-0.016054713516496122,44.080750465393066,0.7029222194105387,0.030904138126061298,0.13722656201571226,390,331.9480636662788,0.30826520919799805
391,1188.862,2263.53,7561.999999999999,100,100,1005,2.338842786755876,7.524378109452735,2.560210704803467,-2263.53,-0.012682987842708826,60.88251173496246,0.7049249801784754,0.059994673252731445,0.10251736117061228,391,330.99157987833314,0.30826520919799805
392,1191.806,2151.2099999999996,7301.66666666666,100,100,1009,2.2946314140185122,7.236537826230585,2.5224390029907227,-2151.2099999999996,-0.017688811756670475,43.28889971971512,0.7168926056474447,0.02155580907856347,0.08469188457820565,392,331.02027150726104,0.30826520919799805
393,1194.562,2226.3800000000006,7589.666666666666,100,100,1001,2.1463750239850565,7.5820845820845815,2.3552918434143066,-2226.3800000000006,-0.021231719059869647,52.15981721878052,0.7227598913013935,0.021656981625710614,0.07793445093557239,393,331.0946439876729,0.30826520919799805
394,1197.227,2060.7733333333326,7184.333333333334,100,100,1009,2.041518634782386,7.1202510736703015,2.2646007537841797,-2060.7733333333326,-0.02598317072261125,45.96503949165344,0.6773782353848219,0.023600868349603843,0.09114915505051613,394,331.2003650976956,0.30826520919799805
395,1199.889,2040.8600000000006,7296.666666666665,100,100,1013,2.0348061209862642,7.203027311615662,2.2628467082977295,-2040.8600000000006,-0.013810153002850711,42.29746478796005,0.6052138553932309,0.05429963037749985,0.10102815460413694,395,331.3097206113909,0.30826520919799805
396,1202.52,2285.503333333334,7582.333333333333,100,100,1011,2.002087636697857,7.49983514671942,2.2353672981262207,-2285.503333333334,-0.023927025496959686,53.93094527721405,0.7027478963136673,0.0074243071576347575,0.10835056751966476,396,331.4256029090283,0.30826520919799805
397,1205.15,2260.28,7411.000000000003,100,100,1006,2.002051889352041,7.366799204771374,2.2236528396606445,-2260.28,-0.018515863979700953,67.05059254169464,0.6995521113276482,0.01900689284229884,0.0862771738320589,397,331.5371342667909,0.30826520919799805
398,1207.815,2034.4900000000002,7273.666666666672,100,100,1011,2.015328488444392,7.19452687108474,2.241234540939331,-2034.4900000000002,-0.012061567103955895,44.87610512971878,0.7078234311193228,0.040691409063583706,0.08303653518669307,398,331.64262579070333,0.30826520919799805
399,1210.437,2188.8999999999996,7348.666666666665,100,100,1012,1.9936190709644714,7.261528326745717,2.2231876850128174,-2188.8999999999996,-0.010098443075548857,42.75049191713333,0.723672391846776,0.026793973353051115,0.07038762094452977,399,331.76032031901605,0.30826520919799805
400,1216.301,2236.973333333334,7496.333333333338,100,100,1013,2.0269960490710894,7.400131622244164,2.2635936737060547,-2236.973333333334,-0.022299164556898177,43.34326499700546,0.6480740904808044,0.01939503686298849,0.08912514755502343,400,331.86482824164364,0.30826520919799805
401,1218.916,2171.736666666666,7439.666666666667,100,100,1012,1.988756322792433,7.351449275362319,2.215543746948242,-2171.736666666666,-0.01704853615956381,42.50323748588562,0.686812112107873,0.04254852013400523,0.07140174321830273,401,331.1139793184846,0.30826520919799805
402,1221.522,2062.1500000000015,7270.333333333336,100,100,1007,1.9921634566823119,7.2197947699437295,2.209857940673828,-2062.1500000000015,-0.017005979490932077,43.15645956993103,0.6627002041786909,0.023628266622836236,0.0839324300759472,402,331.231730239402,0.30826520919799805
403,1224.14,2091.4433333333336,7283.666666666668,100,100,1012,1.9944897217155166,7.197299077733861,2.218881845474243,-2091.4433333333336,-0.016889889375306666,38.36703842878342,0.5932926991954446,0.07293560159450863,0.08608774072490633,403,331.35027843330244,0.30826520919799805
404,1226.742,2269.5900000000006,7809.999999999998,100,100,1013,1.9605662393303696,7.709772951628824,2.192662239074707,-2269.5900000000006,-0.013846635323716328,51.16297435760498,0.697773989289999,0.07289342807780486,0.07669700775295496,404,331.4731747369396,0.30826520919799805
405,1229.324,2168.79,7299.666666666666,100,100,1012,1.9558138380162124,7.213109354413701,2.182276725769043,-2168.79,-0.015345488034654409,42.37213408946991,0.6772673381492496,0.019142299206578173,0.06865985598415136,405,331.6001235116368,0.30826520919799805
406,1231.899,2066.0800000000004,7255.999999999998,100,100,1010,1.9571904947123684,7.1841584158415825,2.1791329383850098,-2066.0800000000004,-0.015527051873505116,48.99084097146988,0.65241857804358,0.05654564480209956,0.09142578102182597,406,331.72680609068385,0.30826520919799805
407,1234.49,2109.643333333333,7446.666666666664,100,100,1011,1.9610242320051459,7.365644576327067,2.188368797302246,-2109.643333333333,-0.016509191191289574,51.632696747779846,0.7354401797056198,0.021555812789301854,0.08071959263179451,407,331.8496687942692,0.30826520919799805
408,1237.107,2089.1733333333345,7373.999999999996,100,100,1011,1.9887163195322415,7.2937685459940615,2.214874029159546,-2089.1733333333345,-0.01970420771976933,49.12073469161987,0.6640680767595768,0.022759617122574127,0.07314644620055333,408,331.96486241583796,0.30826520919799805
409,1239.694,2100.623333333331,7150.6666666666615,100,100,1004,1.968647010250581,7.122177954847272,2.179002523422241,-2100.623333333331,-0.016133529017679393,32.90792524814606,0.6420871708542109,0.05652589323290158,0.08291903440840542,409,332.0818291214662,0.30826520919799805
410,1245.473,2179.0366666666664,7487.000000000002,100,100,1003,1.9521292104967987,7.464606181455635,2.163022041320801,-2179.0366666666664,-0.018490133457817137,59.442588448524475,0.6864301152527332,0.036746203841175884,0.09342069388367236,410,332.2046341935559,0.30826520919799805
411,1248.088,2290.5599999999995,7613.666666666668,100,100,1013,1.9812045406517071,7.515959197104312,2.2159504890441895,-2290.5599999999995,-0.020047939236974344,52.51804280281067,0.6717307381331921,0.031137754100200254,0.08247346710413694,411,331.46388629839527,0.30826520919799805
412,1250.715,2080.103333333333,7140.666666666663,100,100,1007,1.994325124354369,7.091029460443559,2.2105040550231934,-2080.103333333333,-0.016541200078791007,43.93472743034363,0.6579956375062466,0.06647379154310329,0.06848404230549932,412,331.57277802301877,0.30826520919799805
413,1253.312,2203.3000000000006,7511.3333333333285,100,100,1009,1.9768505455045504,7.444334324413606,2.2006442546844482,-2203.3000000000006,-0.015800607856363058,46.50955355167389,0.7021336033940315,0.040681066282559186,0.08273875946179032,413,331.6906259778604,0.30826520919799805
414,1255.87,2223.886666666667,7372.999999999997,100,100,1010,1.9394931686571846,7.299999999999997,2.164174795150757,-2223.886666666667,-0.014837911206996068,59.9981290102005,0.6414989791810513,0.036373665534483735,0.09435546852182597,414,331.81929825336965,0.30826520919799805
415,1258.412,2078.6733333333327,7144.0,100,100,1001,1.9477320703343823,7.136863136863137,2.1474361419677734,-2078.6733333333327,-0.016905207186937332,39.89096820354462,0.6241902941837907,0.05863786677218741,0.08926019421778619,415,331.9444370103151,0.30826520919799805
416,1260.938,2198.9799999999996,7524.333333333333,100,100,1010,1.9098788128686275,7.4498349834983495,2.1325414180755615,-2198.9799999999996,-0.014312641811557114,40.19220954179764,0.7136815059930086,0.01652467591338791,0.07496093737427145,416,332.0805473764417,0.30826520919799805
417,1263.457,2155.9066666666677,7436.999999999998,100,100,1009,1.9094968285934022,7.370664023785925,2.126051425933838,-2155.9066666666677,-0.012921948509756476,43.22770297527313,0.6128802932798862,0.046791820641374215,0.06669523240998387,417,332.2170750445505,0.30826520919799805
418,1266.012,2185.533333333334,7448.333333333335,100,100,1004,1.9451741018310278,7.418658698539178,2.1562697887420654,-2185.533333333334,-0.016751563118305057,44.532594323158264,0.6492663510143757,0.04378803073632298,0.06414240063168108,418,332.33975541297195,0.30826520919799805
419,1268.562,2161.5466666666666,7531.333333333336,100,100,1010,1.9333498011859558,7.4567656765676595,2.155453681945801,-2161.5466666666666,-0.018665894342120737,46.793187975883484,0.7007910963147879,0.05976136260505882,0.08318359334953129,419,332.4678752043185,0.30826520919799805
420,1274.131,2103.1499999999996,7389.666666666668,100,100,1008,1.9322420633952355,7.33101851851852,2.1474533081054688,-2103.1499999999996,-0.02284814725862816,45.72774565219879,0.610747859813273,0.028510752326837974,0.08121744822710752,420,332.5965660816946,0.30826520919799805
421,1276.701,2092.923333333334,7173.333333333333,100,100,1005,1.9486162189477638,7.137645107794361,2.1571006774902344,-2092.923333333334,-0.017072622838895768,41.10575819015503,0.5992780169472098,0.06713006645804853,0.08876953145954758,421,331.92494626443295,0.30826520919799805
422,1279.232,2150.433333333334,7405.33333333333,100,100,1007,1.9174950359649994,7.353856338960606,2.1321699619293213,-2150.433333333334,-0.01910716376733035,43.72441649436951,0.6541865076869726,0.06145796797136427,0.06080659886356443,422,332.05543907324693,0.30826520919799805
423,1281.77,2114.976666666667,7241.000000000003,100,100,1004,1.9351521939868515,7.212151394422314,2.1422901153564453,-2114.976666666667,-0.018574268207885325,53.39375674724579,0.5551905976608396,0.020996091116103344,0.09414950292557478,423,332.1811813461717,0.30826520919799805
424,1284.55,2203.8933333333325,7518.000000000004,100,100,1004,2.139162951226966,7.488047808764944,2.3532216548919678,-2203.8933333333325,-0.020250878675142303,49.080412328243256,0.6754999617114663,0.05321391617326299,0.07932350877672434,424,332.2440306449637,0.30826520919799805
425,1287.715,2113.2433333333333,7290.666666666665,100,100,1003,2.5302349957233576,7.268860086407443,2.7444865703582764,-2113.2433333333333,-0.010453551716636866,35.42952239513397,0.6190545354038477,0.0388230988446594,0.08732285629957914,425,332.2063197950788,0.30826520919799805
426,1290.829,2162.7466666666655,7475.333333333334,100,100,1007,2.4768194639657612,7.423369745117512,2.702039957046509,-2162.7466666666655,-0.012943695706781,48.84864032268524,0.6163545586168766,0.04797017072996823,0.09582779242191464,426,332.1848569803759,0.30826520919799805
427,1293.719,2279.98,7602.666666666668,100,100,1007,2.2504114193976843,7.549817941079114,2.4746198654174805,-2279.98,-0.020367376855574548,45.386498630046844,0.6055563110858202,0.06119445970398374,0.09426944807637483,427,332.22135439155005,0.30826520919799805
428,1296.619,2171.1300000000006,7377.666666666667,100,100,1005,2.254922189796112,7.340961857379768,2.475583076477051,-2171.1300000000006,-0.01975302747450769,40.92005628347397,0.6093255644664168,0.041273221919254865,0.0916775178629905,428,332.25322525171737,0.30826520919799805
429,1299.723,2183.1199999999967,7303.9999999999945,100,100,1005,2.4418550231887854,7.267661691542283,2.6645567417144775,-2183.1199999999967,-0.018634351319633424,41.196322202682495,0.6053231842815876,0.07469096720160451,0.09992404538206756,429,332.23302861747237,0.30826520919799805
430,1306.271,2140.833333333333,7622.66666666667,100,100,1008,2.4304499028302313,7.562169312169315,2.6582133769989014,-2140.833333333333,-0.021236024098470807,34.423704862594604,0.6273496840149164,0.03135795158596011,0.09505208366317675,430,332.22238549132715,0.30826520919799805
431,1309.245,2137.229999999999,7280.666666666663,100,100,1012,2.3107063254155586,7.194334650856387,2.5467777252197266,-2137.229999999999,-0.01550923043396324,38.37431055307388,0.5706741455942392,0.032542210601150146,0.10907451994717121,431,331.35955254535213,0.30826520919799805
432,1312.394,2154.6800000000007,7481.333333333333,100,100,1003,2.5089442675862674,7.458956463941509,2.724067211151123,-2154.6800000000007,-0.016839862160850316,55.43077790737152,0.582842449657619,0.035852415196131915,0.0866301782662049,432,331.32879546784187,0.30826520919799805
433,1315.278,2029.8599999999994,7166.666666666666,100,100,1004,2.24888525785882,7.138114209827356,2.4587903022766113,-2029.8599999999994,-0.017161718424176797,32.34462708234787,0.6369985658675432,0.04405781383684371,0.09330610791221261,433,331.36579277611264,0.30826520919799805
434,1318.266,2079.5000000000014,7279.666666666668,100,100,1006,2.3542994036890983,7.236249171636847,2.571068048477173,-2079.5000000000014,-0.020513722178293392,42.46433067321777,0.5904432432726026,0.09834677990511409,0.08988620946183801,434,331.37778627683787,0.30826520919799805
435,1321.265,2203.166666666667,7286.333333333335,100,100,1006,2.3608335000360996,7.242876076872102,2.582503080368042,-2203.166666666667,-0.024418839951977134,50.22806704044342,0.5267048282548785,0.04919207880448084,0.10173233709065244,435,331.3870314916874,0.30826520919799805
436,1324.122,2100.6466666666647,7206.9999999999945,100,100,1002,2.233609081266407,7.192614770459077,2.4401283264160156,-2100.6466666666647,-0.024673631065525115,35.320966362953186,0.5150129543617368,0.04397603278994211,0.10291108640376478,436,331.4287913754002,0.30826520919799805
437,1326.933,2094.6800000000007,7212.33333333334,100,100,1000,2.1740733981132507,7.212333333333341,2.3746042251586914,-2094.6800000000007,-0.01892318708996754,43.76471108198166,0.5264826053753495,0.11622165569133358,0.08417968760477379,437,331.480081198101,0.30826520919799805
438,1329.916,2078.8600000000006,7492.0,100,100,1006,2.34441719528021,7.4473161033797215,2.5594918727874756,-2078.8600000000006,-0.019661984377307817,34.63527274131775,0.5218491107225418,0.09552194351999788,0.0931131117977202,438,331.49319176525654,0.30826520919799805
439,1332.941,2080.41,7415.999999999997,100,100,1010,2.3687668312986445,7.34257425742574,2.596818685531616,-2080.41,-0.020361381553811952,32.59677296876907,0.5292025320231915,0.05194002878488391,0.08117187488824129,439,331.4986305531217,0.30826520919799805
440,1339.161,2094.433333333333,7238.666666666667,100,100,1010,2.1930796030844277,7.166996699669967,2.417421579360962,-2094.433333333333,-0.015989325009286404,40.12011992931366,0.536637432873249,0.04818782275469857,0.08728515624534339,440,331.5518192844698,0.30826520919799805
441,1342.242,2091.5533333333333,7393.000000000001,100,100,1005,2.429879702215282,7.3562189054726375,2.6528377532958984,-2091.5533333333333,-0.019631095754448324,47.6314492225647,0.5583269791677594,0.02589586950125522,0.10090060788206756,441,330.70257180307294,0.30826520919799805
442,1345.135,2173.796666666666,7479.666666666667,100,100,1006,2.251289464592578,7.4350563286945,2.47265887260437,-2173.796666666666,-0.016412524855695665,32.21363437175751,0.6030350495129824,0.06242098956863629,0.0854916779207997,442,330.73936147757786,0.30826520919799805
443,1348.25,2214.1233333333353,7414.666666666663,100,100,1007,2.451022741127696,7.363124793114859,2.6768980026245117,-2214.1233333333353,-0.023891467601060867,44.866833209991455,0.5916803255677223,0.05191369855310768,0.09582779242191464,443,330.72211388617734,0.30826520919799805
444,1351.339,2210.9533333333334,7440.333333333331,100,100,1005,2.440751539612773,7.403316749585404,2.6603593826293945,-2210.9533333333334,-0.019621932180598378,40.60325574874878,0.6056192209944129,0.09650560913723893,0.09804687520954758,444,330.70965912358776,0.30826520919799805
445,1354.245,2177.13,7311.666666666669,100,100,1009,2.2539229934566216,7.246448629005618,2.4807255268096924,-2177.13,-0.020118907967116684,48.15616774559021,0.5248149950057268,0.05728422183165094,0.08025749336229637,445,330.74509153479255,0.30826520919799805
446,1357.1,2153.966666666669,7306.000000000005,100,100,1006,2.2212519876521903,7.262425447316108,2.4380393028259277,-2153.966666666669,-0.020955407817382365,36.83952838182449,0.5166428722441196,0.08641045289550675,0.08500339649617672,446,330.79053580924915,0.30826520919799805
447,1360.186,2155.9500000000003,7328.666666666669,100,100,1007,2.416361071531917,7.277722608407814,2.639596939086914,-2155.9500000000003,-0.018358157423790544,45.941110610961914,0.5655413148924708,0.05756326235132292,0.09760430513415486,447,330.78052005835764,0.30826520919799805
448,1363.286,2173.0000000000005,7305.333333333334,100,100,1011,2.4358822950774583,7.225848994394989,2.6693115234375,-2173.0000000000005,-0.020301784912589937,35.909049928188324,0.5634237295016646,0.05961703184948419,0.09074371983297169,448,330.7699670451218,0.30826520919799805
449,1366.244,2103.0500000000006,7316.000000000001,100,100,1013,2.3026337595665707,7.222112537018757,2.5362918376922607,-2103.0500000000006,-0.022282370657194406,38.714942932128906,0.59689034614712,0.07170924343517981,0.11842202255502343,449,330.7953046855368,0.30826520919799805
450,1372.841,2122.3333333333335,7569.333333333338,100,100,1008,2.2803193485107465,7.509259259259263,2.5053510665893555,-2122.3333333333335,-0.017383273458108306,55.63529980182648,0.6706844475120306,0.02389563491306035,0.1168619793606922,450,330.82314483192295,0.30826520919799805
451,1375.416,2307.3100000000004,7610.666666666667,100,100,1002,1.9549457076332808,7.595475715236194,2.1665780544281006,-2307.3100000000004,-0.022201093088369817,54.82789647579193,0.6885161828249693,0.015041466045659035,0.11681547644548118,451,330.0507578267648,0.30826520919799805
452,1377.99,2192.8033333333337,7493.333333333338,100,100,1003,1.963733896939966,7.470920571618482,2.174229860305786,-2192.8033333333337,-0.01161570061231032,63.44005596637726,0.7009706478565931,0.01519748623468331,0.10322038515005261,452,330.16214318684416,0.30826520919799805
453,1380.542,2218.4133333333334,7405.3333333333385,100,100,1003,1.9436391837224514,7.383183781987376,2.156151294708252,-2218.4133333333334,-0.023151087923906744,59.497230648994446,0.663331301882863,0.01520676846121205,0.126124182716012,453,330.27834160201485,0.30826520919799805
454,1383.089,2319.636666666666,7794.666666666668,100,100,1000,1.9437696998938918,7.794666666666668,2.1491379737854004,-2319.636666666666,-0.022959578920563217,51.15040409564972,0.6589439511299133,0.011130767252325313,0.1178710936801508,454,330.39316790823204,0.30826520919799805
455,1385.671,2154.0833333333326,7429.6666666666615,100,100,1004,1.9443080673806845,7.4000664010624115,2.1560118198394775,-2154.0833333333326,-0.02321062405826524,47.21774137020111,0.6899899635463953,0.014197178752510808,0.1096413352061063,455,330.50193934841343,0.30826520919799805
456,1388.246,2120.7233333333324,7297.333333333337,100,100,1006,1.9626404554768286,7.253810470510275,2.176129102706909,-2120.7233333333324,-0.026666241989005357,62.68031692504883,0.6692510358989239,0.022641420182480942,0.10979959229007363,456,330.61347744183604,0.30826520919799805
457,1390.854,2281.723333333333,7622.000000000001,100,100,1012,1.9740617573822632,7.5316205533596845,2.208083391189575,-2281.723333333333,-0.02448658610228449,50.393534541130066,0.6526849595829844,0.019547058349417057,0.1210186299867928,457,330.72120200256677,0.30826520919799805
458,1393.437,2289.353333333332,7777.333333333337,100,100,1011,1.956225223848495,7.692713484998355,2.18550443649292,-2289.353333333332,-0.021826326905284077,50.402283787727356,0.6091651804745197,0.020170279080048203,0.10622510738903657,458,330.8336673966696,0.30826520919799805
459,1396.011,2187.576666666665,7399.3333333333285,100,100,1008,1.9528269848605204,7.340608465608461,2.174220561981201,-2187.576666666665,-0.015117107424885035,72.31452977657318,0.5610859133303165,0.01942298347421456,0.11718750023283064,459,330.9458607177893,0.30826520919799805
460,1401.716,2158.7566666666667,7476.666666666666,100,100,1002,1.9593662665989584,7.461743180306054,2.1657555103302,-2158.7566666666667,-0.02209049157681875,43.075751543045044,0.5659826910123229,0.024714284067158587,0.11416480666957796,460,331.05563020100504,0.30826520919799805
461,1404.584,2256.9366666666688,7362.333333333336,100,100,1005,2.232339504216589,7.3257048092869015,2.452371597290039,-2256.9366666666688,-0.019117716292385012,52.31985133886337,0.5477323122322559,0.028494723737821914,0.09742838551755995,461,330.3547270714305,0.30826520919799805
462,1407.585,2200.1700000000005,7304.999999999999,100,100,1001,2.346957443406681,7.297702297702297,2.5595552921295166,-2200.1700000000005,-0.01877908391179517,51.147501945495605,0.6079924562945962,0.01758683941079653,0.10347989690490067,462,330.3616552979423,0.30826520919799805
463,1410.514,2202.3,7382.333333333334,100,100,1007,2.2777901664598224,7.331016219794771,2.5025722980499268,-2202.3,-0.019431446795351803,55.69559299945831,0.5585107672959566,0.015960209857439622,0.0875685669016093,463,330.38946220669067,0.30826520919799805
464,1413.427,2195.126666666667,7466.666666666669,100,100,1007,2.2600434945716845,7.414763323402849,2.483029842376709,-2195.126666666667,-0.01738643058342859,46.08901256322861,0.5564144589006901,0.02106269531941507,0.11130734672769904,464,330.4211417605784,0.30826520919799805
465,1416.359,2292.6033333333344,7677.999999999999,100,100,1010,2.264206332274445,7.601980198019801,2.4990456104278564,-2292.6033333333344,-0.01706396002555266,55.81322604417801,0.6035774284973741,0.018867400496674236,0.12509765604045242,465,330.45005947580114,0.30826520919799805
466,1419.412,2222.036666666666,7603.000000000001,100,100,1008,2.398207935916689,7.542658730158731,2.6274964809417725,-2222.036666666666,-0.01824073283933103,40.26106506586075,0.5906588872894645,0.011244463061302667,0.1002604168606922,466,330.4495122017992,0.30826520919799805
467,1422.288,2248.363333333334,7560.333333333332,100,100,1010,2.22103900880101,7.485478547854784,2.454298734664917,-2248.363333333334,-0.017653750037425198,46.74848997592926,0.6084839040413499,0.017635421645536553,0.09017578104976565,467,330.4914642435949,0.30826520919799805
468,1425.137,2263.6600000000008,7674.66666666667,100,100,1009,2.2001222009762267,7.606210769739018,2.43038272857666,-2263.6600000000008,-0.0123724851582665,60.0829576253891,0.666133644990623,0.02341554531813017,0.10677415481768548,468,330.53876720745075,0.30826520919799805
469,1428.041,2140.133333333334,7147.33333333333,100,100,1005,2.2467555229167515,7.111774461028189,2.4664294719696045,-2140.133333333334,-0.021175913454499096,47.01522570848465,0.5306232757866383,0.019725866412045434,0.12151692761108279,469,330.57029073547744,0.30826520919799805
470,1434.426,2099.2033333333334,7395.0,100,100,1006,2.2983956247916217,7.350894632206759,2.519847869873047,-2099.2033333333334,-0.018665189301827922,55.09400749206543,0.6115728029981256,0.029458578108460642,0.0909689199179411,470,330.591260757954,0.30826520919799805
471,1437.114,2125.7133333333336,7401.666666666669,100,100,1011,2.0498167163794667,7.321134190570395,2.277661085128784,-2125.7133333333336,-0.010177228425163776,44.3299685716629,0.5248599071055651,0.034763124380333466,0.11001646774820983,471,329.8868112799945,0.30826520919799805
472,1439.776,2244.5233333333335,7655.666666666665,100,100,1006,2.0071379724652996,7.610006626905234,2.226999282836914,-2244.5233333333335,-0.01928361423779279,46.36824417114258,0.552263199351728,0.03719623157303431,0.09731657634256408,472,329.97553892355546,0.30826520919799805
473,1442.415,2235.050000000001,7509.333333333337,100,100,1005,2.0182323388393915,7.47197346600332,2.2360053062438965,-2235.050000000001,-0.015717520465841517,64.11482858657837,0.5920909093692899,0.0120939273674594,0.08743489603511989,473,330.0686694027084,0.30826520919799805
474,1445.13,2157.7999999999984,7142.333333333332,100,100,1004,2.038978584842623,7.1138778220451515,2.2525548934936523,-2157.7999999999984,-0.01308356982190162,53.30478811264038,0.5186489056795835,0.015423015829583164,0.10529119335114956,474,330.1433692300768,0.30826520919799805
475,1447.813,2359.856666666668,7693.333333333331,100,100,1006,2.0398943326028647,7.6474486414844245,2.2655088901519775,-2359.856666666668,-0.015858583006775007,57.75442659854889,0.582000719383359,0.01151127005869057,0.0919454824179411,475,330.22653596603124,0.30826520919799805
476,1450.454,2254.913333333335,7595.666666666669,100,100,1002,2.0259872257584957,7.580505655355957,2.236825704574585,-2254.913333333335,-0.015692280139774084,47.634414196014404,0.4996010148897767,0.025875240986351855,0.10216703894548118,476,330.31598280856133,0.30826520919799805
477,1453.107,2180.6633333333334,7407.666666666667,100,100,1009,2.022654112803171,7.341592335645855,2.2488338947296143,-2180.6633333333334,-0.019923902698792517,51.70621180534363,0.58022116497159,0.030914208087779116,0.08168247737921774,477,330.4072717734106,0.30826520919799805
478,1455.78,2178.2699999999986,7577.33333333333,100,100,1005,2.0271643786575293,7.539635157545602,2.2425498962402344,-2178.2699999999986,-0.01628712029196322,43.86450654268265,0.5784996058791876,0.030583049767301418,0.09879557299427688,478,330.490910878765,0.30826520919799805
479,1458.464,2217.119999999999,7506.666666666662,100,100,1005,2.05773054552612,7.469320066334988,2.2786500453948975,-2217.119999999999,-0.016036019660532475,50.5871639251709,0.6035571713000536,0.056151138502173126,0.09740668418817222,479,330.57175928175565,0.30826520919799805
480,1464.338,2127.8766666666647,7467.666666666663,100,100,1010,2.030002870965786,7.39372937293729,2.2543063163757324,-2127.8766666666647,-0.019349064445123076,60.16371691226959,0.6268937587738037,0.010407882706203964,0.11511718691326678,480,330.65921563575057,0.30826520919799805
481,1466.964,2164.3399999999992,7423.3333333333385,100,100,1002,2.0128990033922154,7.408516300731875,2.2203176021575928,-2164.3399999999992,-0.02400120539823547,31.79101312160492,0.6437984807416797,0.04088601958210347,0.09674944216385484,481,330.02778952056644,0.30826520919799805
482,1469.568,2221.3233333333324,7343.666666666667,100,100,1001,1.9956558415262433,7.336330336330336,2.203500270843506,-2221.3233333333324,-0.010812721098773181,48.64069175720215,0.5280195260420442,0.07042063770495588,0.11293587973341346,482,330.12425883341166,0.30826520919799805
483,1472.191,2149.74,7283.666666666665,100,100,1007,1.9902675287740705,7.233035418735517,2.207599401473999,-2149.74,-0.01775662088766694,39.57881909608841,0.5210521100088954,0.03436981513368664,0.09338638605549932,483,330.22014859253744,0.30826520919799805
484,1474.804,2163.8499999999995,7306.333333333336,100,100,997,2.000411532080378,7.32831828819793,2.1980502605438232,-2163.8499999999995,-0.015758784662466496,55.032543778419495,0.5844890242442489,0.034580683255626354,0.11040434997994453,484,330.3110798321203,0.30826520919799805
485,1477.436,2229.746666666666,7518.666666666664,100,100,1008,2.0025390872938766,7.458994708994706,2.2290079593658447,-2229.746666666666,-0.023196288268081844,36.723778665065765,0.6804506182670593,0.01952364967291942,0.14794921875,485,330.40481156295044,0.30826520919799805
486,1480.041,2122.4100000000008,7406.999999999999,100,100,1009,1.97961268142582,7.3409316154608515,2.2023746967315674,-2122.4100000000008,-0.01759535269229673,49.19466710090637,0.5672436486929655,0.04785209305555327,0.11773557029664516,486,330.50492610431303,0.30826520919799805
487,1482.627,2161.129999999999,7220.000000000001,100,100,1004,1.971768623447988,7.191235059760957,2.181655168533325,-2161.129999999999,-0.014932443271391094,46.145664036273956,0.602973504923284,0.04318751001119381,0.11954012815840542,487,330.60582412043993,0.30826520919799805
488,1485.222,2270.3266666666686,7467.666666666671,100,100,1006,1.9566452316523235,7.423127899271044,2.177664041519165,-2270.3266666666686,-0.017308881389908493,64.60061633586884,0.7045960482209921,0.06720007104740944,0.18701171875,488,330.7053468746797,0.30826520919799805
489,1487.806,2295.0866666666684,7598.000000000004,100,100,1000,1.9764988977694884,7.598000000000003,2.184776544570923,-2295.0866666666684,-0.016842656128574163,66.49842429161072,0.6517870519310236,0.03181254203082062,0.13388671912252903,489,330.8031045983634,0.30826520919799805
490,1493.558,2190.5299999999997,7430.333333333332,100,100,1009,1.976141923479182,7.364056821935909,2.1979312896728516,-2190.5299999999997,-0.014651325123850256,48.00052213668823,0.6089072925969958,0.07519676097581396,0.16569674713537097,490,330.901909287283,0.30826520919799805
491,1496.148,2263.7466666666664,7617.999999999997,100,100,1005,1.9651174128277977,7.58009950248756,2.1807596683502197,-2263.7466666666664,-0.02290983773127664,44.696736335754395,0.6273167263716459,0.07470636891957838,0.14153645862825215,491,330.3049784719119,0.30826520919799805
492,1498.731,2144.203333333334,7302.333333333334,100,100,1002,1.9640245501829419,7.287757817697938,2.1698505878448486,-2144.203333333334,-0.025427007640246302,44.40721118450165,0.5698977690190077,0.05605320779432077,0.1780366450548172,492,330.404215322892,0.30826520919799805
493,1501.319,2239.483333333333,7622.333333333334,100,100,1006,1.9660916482144688,7.57687210072896,2.1843953132629395,-2239.483333333333,-0.013258704741019756,37.74366879463196,0.5672029554843903,0.03280606894259108,0.1223038382595405,493,330.50465871757314,0.30826520919799805
494,1503.894,2201.0733333333333,7493.333333333335,100,100,1009,1.9484086215313305,7.426494879418568,2.1706647872924805,-2201.0733333333333,-0.019902395782992244,46.5323321223259,0.5637519927695394,0.03402421958162449,0.14383370522409678,494,330.6096596967976,0.30826520919799805
495,1506.458,2141.5533333333337,7282.0,100,100,1006,1.944933596268948,7.238568588469185,2.1589832305908203,-2141.5533333333337,-0.01717159926192835,53.673586547374725,0.5494518987834454,0.04854241575594642,0.11548913072329015,495,330.7148372664014,0.30826520919799805
496,1509.045,2136.223333333334,7268.0,100,100,1007,1.9685632564023863,7.217477656405164,2.185939073562622,-2136.223333333334,-0.020243350591044873,56.275758385658264,0.6447750488296151,0.03567470082271029,0.11215924198040739,496,330.8150812993609,0.30826520919799805
497,1511.608,2056.4966666666683,7215.333333333333,100,100,1007,1.9491726915003378,7.16517709367759,2.164144277572632,-2056.4966666666683,-0.019620926468633115,43.826376378536224,0.6135798115283251,0.052889845148456516,0.1110060669016093,497,330.920546356753,0.30826520919799805
498,1514.207,2191.9366666666656,7739.666666666667,100,100,1010,1.9580316824359025,7.6630363036303635,2.1826469898223877,-2191.9366666666656,-0.016181063967451337,41.09022134542465,0.6018433850258589,0.09285056141379755,0.12675781222060323,498,331.0194629395952,0.30826520919799805
499,1516.775,2185.103333333334,7340.666666666664,100,100,1004,1.9534592623627594,7.311420982735721,2.166534662246704,-2185.103333333334,-0.020421080698724836,39.97763216495514,0.6441620588302612,0.02944451764687983,0.10444779857061803,499,331.1210380871077,0.30826520919799805
500,1522.415,2147.630000000001,7407.333333333334,100,100,1005,1.949406169419784,7.370480928689885,2.1635665893554688,-2147.630000000001,-0.0204121075803414,31.631242275238037,0.5974933244287968,0.04354105331003666,0.13233506958931684,500,331.222997695029,0.30826520919799805
501,1525.185,2241.880000000001,7463.666666666665,100,100,1006,2.1216028834467244,7.419151756129886,2.3414132595062256,-2241.880000000001,-0.013178402121411636,40.35163360834122,0.5382781736552715,0.06304598065617029,0.1657184106297791,501,330.6136245631968,0.30826520919799805
502,1528.137,2145.5033333333336,7292.000000000003,100,100,1009,2.294720416589538,7.22695738354807,2.522873640060425,-2145.5033333333336,-0.017372392714605667,44.88867735862732,0.501354668289423,0.048656150240276475,0.13775510154664516,502,330.63533059636063,0.30826520919799805
503,1531.155,2266.569999999999,7547.666666666664,100,100,1012,2.3345577070653336,7.458168642951249,2.570805549621582,-2266.569999999999,-0.015204533352516592,49.66895806789398,0.5067274328321218,0.05702970106358407,0.1044170674867928,503,330.64457581027506,0.30826520919799805
504,1533.994,2168.423333333332,7445.0,100,100,1007,2.174079246276133,7.393247269116187,2.397557258605957,-2168.423333333332,-0.015372083144029602,38.2836457490921,0.5207875296473503,0.0484497245406601,0.10039893607608974,504,330.6890356447354,0.30826520919799805
505,1536.761,2188.963333333335,7693.333333333335,100,100,1004,2.139759067477532,7.662682602921648,2.353919744491577,-2188.963333333335,-0.0214144149213098,40.09079593420029,0.43434687331318855,0.030464569485047832,0.11416903464123607,505,330.74689968792296,0.30826520919799805
506,1539.626,2195.373333333334,7393.000000000004,100,100,1001,2.235844155999606,7.38561438561439,2.4436898231506348,-2195.373333333334,-0.018941323563922197,46.512393951416016,0.5240608798339963,0.04451694765157299,0.12324933288618922,506,330.7815887299032,0.30826520919799805
507,1542.644,2166.8300000000013,7314.333333333336,100,100,1007,2.353573086775114,7.26348891095664,2.575667381286621,-2166.8300000000013,-0.017433719360269606,33.57604622840881,0.5220055161044002,0.04950746196482214,0.0972406913060695,507,330.7873305551521,0.30826520919799805
508,1545.537,2204.4766666666656,7409.333333333329,100,100,1002,2.2511275434269833,7.394544244843642,2.4620606899261475,-2204.4766666666656,-0.009217855258611962,55.41289937496185,0.581172757782042,0.019176399586285697,0.08019438269548118,508,330.8164289656668,0.30826520919799805
509,1548.378,2180.3533333333335,7391.000000000002,100,100,1011,2.184952721510978,7.310583580613256,2.4156181812286377,-2180.3533333333335,-0.018761170329526067,50.59357875585556,0.5460651004686952,0.02436315454542637,0.09242876863572747,509,330.8623889064463,0.30826520919799805
510,1554.672,2174.1766666666667,7542.999999999998,100,100,1011,2.267362016762591,7.460929772502471,2.4980452060699463,-2174.1766666666667,-0.020078438217751682,35.94178640842438,0.5981075186282396,0.029912667741882615,0.08780445833690464,510,330.88994257718144,0.30826520919799805
511,1557.289,2236.11,7469.333333333335,100,100,1009,1.980003369861348,7.402708952758508,2.2050797939300537,-2236.11,-0.01929944902076386,40.08598732948303,0.6490499190986156,0.03231106143357465,0.07755699940025806,511,330.2662542353407,0.30826520919799805
512,1559.89,2196.796666666668,7351.333333333334,100,100,1006,1.9774869773823909,7.307488402915839,2.1945552825927734,-2196.796666666668,-0.026811568008270115,42.77670210599899,0.5939474487677217,0.04603973455232335,0.10931131092365831,512,330.3604148345951,0.30826520919799805
513,1562.514,2250.2333333333327,7543.666666666665,100,100,1009,1.996548069992663,7.476379253386189,2.221771001815796,-2250.2333333333327,-0.02039694949053228,47.97005224227905,0.6192346829921007,0.025056705504539423,0.10305723827332258,513,330.4513849134808,0.30826520919799805
514,1565.143,2266.389999999999,7519.333333333334,100,100,1009,1.992761941208542,7.452262966633631,2.219942808151245,-2266.389999999999,-0.01832225694670342,39.28771334886551,0.6150810401886702,0.05018921216833405,0.10376474820077419,514,330.5411269727306,0.30826520919799805
515,1567.748,2162.073333333334,7321.66666666667,100,100,1009,1.9627254709187891,7.256359431780644,2.186796188354492,-2162.073333333334,-0.01963924983283505,58.77656018733978,0.605050683952868,0.07269222944159992,0.10023716487921774,515,330.6355812820556,0.30826520919799805
516,1570.32,2205.523333333334,7449.333333333333,100,100,1002,1.9600838332152564,7.4344644045242845,2.1706552505493164,-2205.523333333334,-0.02002090158930514,45.67539042234421,0.5789767075330019,0.07002239438588731,0.1278831851668656,516,330.73185060105834,0.30826520919799805
517,1572.93,2138.1233333333344,7328.000000000003,100,100,1004,1.9892575688877205,7.298804780876496,2.199927568435669,-2138.1233333333344,-0.01679275993956253,28.1567263007164,0.5854609971866012,0.02803183528885711,0.08402876439504325,517,330.82156296760667,0.30826520919799805
518,1575.533,2164.006666666668,7462.666666666676,100,100,1006,1.9856807150902083,7.418157720344609,2.2012014389038086,-2164.006666666668,-0.01631022128276527,40.001828491687775,0.6226059310138226,0.04259417503635632,0.09614894696278498,518,330.91335499101746,0.30826520919799805
519,1578.082,2168.793333333333,7289.0,100,100,1001,1.9430188814756812,7.281718281718281,2.1487538814544678,-2168.793333333333,-0.014193130133207887,41.31266778707504,0.5426963688805699,0.1117464228773315,0.1020984179340303,519,331.0131892514897,0.30826520919799805
520,1583.829,2139.313333333332,7287.666666666666,100,100,1006,1.9726082489355494,7.244201457919151,2.1876142024993896,-2139.313333333332,-0.01769602979766205,37.4755135178566,0.5524013740941882,0.06265181702474365,0.09574558446183801,520,331.1020090439937,0.30826520919799805
521,1586.406,2149.936666666667,7378.333333333332,100,100,1006,1.954236382708346,7.33432736911862,2.1700263023376465,-2149.936666666667,-0.01496194236096926,45.69148415327072,0.6142417080700397,0.05088723350490909,0.0916482675820589,521,330.5446155263518,0.30826520919799805
522,1588.992,2256.2000000000007,7400.333333333336,100,100,1005,1.9627656718132211,7.363515754560533,2.1828083992004395,-2256.2000000000007,-0.023170691449195147,62.453731060028076,0.6543089440092444,0.030322885220812168,0.10416666697710752,522,330.6392451150505,0.30826520919799805
523,1591.577,2250.75,7741.666666666662,100,100,1009,1.9621332009886903,7.672613148331678,2.1872355937957764,-2250.75,-0.021673969662515447,61.59431445598602,0.6228651292622089,0.03725640150514664,0.11435746145434678,523,330.73605744238273,0.30826520919799805
524,1594.191,2275.03,7543.666666666667,100,100,1006,1.9771461233878083,7.49867461895295,2.1977455615997314,-2275.03,-0.015587898145895451,69.4717710018158,0.6111520985141397,0.03143720706430031,0.0984842055477202,524,330.82483054399466,0.30826520919799805
525,1596.773,2184.8133333333326,7801.000000000001,100,100,1006,1.96481530800384,7.754473161033798,2.179502248764038,-2184.8133333333326,-0.009094901441130787,35.08193224668503,0.5621626861393452,0.08599637037332286,0.10950237791985273,525,330.91996607114424,0.30826520919799805
526,1599.36,2207.2700000000027,7455.333333333334,100,100,1003,1.9699783640814312,7.43303423064141,2.180767297744751,-2207.2700000000027,-0.018518908123951405,56.40185821056366,0.5654515521600842,0.11834369662028621,0.10345884785056114,526,331.0117826942565,0.30826520919799805
527,1601.931,2124.800000000001,7348.333333333337,100,100,1004,1.95715448156322,7.319057104913682,2.1664340496063232,-2124.800000000001,-0.02305051540315617,40.107335329055786,0.6367408074438572,0.017563430970767513,0.09521484398283064,527,331.1073041639603,0.30826520919799805
528,1604.539,2302.703333333333,7619.666666666664,100,100,1006,1.9807047724434976,7.574221338634855,2.201216220855713,-2302.703333333333,-0.021715771115850657,48.072916746139526,0.6524496637284756,0.04106653898634249,0.11468240479007363,528,331.19610681266147,0.30826520919799805
529,1607.131,2343.083333333333,7543.999999999999,100,100,1007,1.968213305471034,7.491559086395233,2.190997838973999,-2343.083333333333,-0.01505681622074917,60.41380059719086,0.5656783375889063,0.1007063855722663,0.09059175522997975,529,331.28844693217076,0.30826520919799805
530,1612.892,2241.9066666666668,7343.666666666667,100,100,1008,1.9777873988329833,7.285383597883598,2.2009592056274414,-2241.9066666666668,-0.019017878628801554,53.99185860157013,0.5695051988586783,0.05396160179952858,0.09765625,530,331.3725733235793,0.30826520919799805
531,1615.473,2143.836666666666,7167.999999999998,100,100,999,1.96670320512423,7.175175175175173,2.165724992752075,-2143.836666666666,-0.0152680286555551,71.33627617359161,0.6418287847191095,0.039741542175761424,0.08840394648723304,531,330.8201739690048,0.30826520919799805
532,1618.043,2189.743333333334,7407.666666666663,100,100,1006,1.9534069608024898,7.363485752153741,2.1687328815460205,-2189.743333333334,-0.019232612336054444,35.75630956888199,0.5468222852796316,0.07202065761157428,0.10105298919370398,532,330.91647356474095,0.30826520919799805
533,1620.601,2241.5666666666666,7546.333333333334,100,100,1001,1.95187182511323,7.538794538794539,2.157701253890991,-2241.5666666666666,-0.017390166292898357,50.35546517372131,0.5851835133507848,0.07098244535154663,0.1128167868591845,533,331.01186361358606,0.30826520919799805
534,1623.182,2154.32,7254.000000000006,100,100,1001,1.9621107908483078,7.246753246753253,2.1670939922332764,-2154.32,-0.01188931500655599,40.76812160015106,0.5598774570971727,0.03738104514195584,0.07857755292207003,534,331.10211174590137,0.30826520919799805
535,1625.787,2202.416666666666,7545.999999999999,100,100,1008,1.968890872030031,7.48611111111111,2.193221092224121,-2202.416666666666,-0.01848221488762647,44.807711601257324,0.5729876607656479,0.04507177305640653,0.11051432357635349,535,331.1915419238985,0.30826520919799805
536,1628.382,2138.9633333333327,7577.333333333335,100,100,1008,1.9697942461500624,7.517195767195768,2.1881396770477295,-2138.9633333333327,-0.013511479191947728,44.80494022369385,0.5953278057277203,0.04618642308196286,0.09244791732635349,536,331.28287329286064,0.30826520919799805
537,1630.948,2257.8399999999983,7427.999999999998,100,100,1006,1.9484299195006445,7.3836978131212705,2.1639041900634766,-2257.8399999999983,-0.010292923718225211,48.61560094356537,0.5761983757838607,0.09460836346261203,0.08453634520992637,537,331.3785226451757,0.30826520919799805
538,1633.529,2233.226666666667,7420.333333333331,100,100,1005,1.9632661688507567,7.3834162520729665,2.180830240249634,-2233.226666666667,-0.015533468686044216,46.82378029823303,0.5567923570051789,0.10217011042550439,0.08136935788206756,538,331.4703761628286,0.30826520919799805
539,1636.072,2131.876666666668,7318.333333333332,100,100,1006,1.930365508684248,7.274685222001324,2.1434543132781982,-2131.876666666668,-0.014818821509834379,46.03253638744354,0.6172298658639193,0.04114529736034456,0.07271144725382328,539,331.56968530201544,0.30826520919799805
540,1641.727,2130.7100000000005,7333.333333333335,100,100,1003,1.9500231299993183,7.311399135925559,2.1572556495666504,-2130.7100000000005,-0.017026969464495778,55.43161624670029,0.6022991165518761,0.03767024810076691,0.08636900456622243,540,331.6608525811937,0.30826520919799805
541,1644.421,2208.266666666666,7414.666666666667,100,100,1001,2.0601323683170247,7.407259407259407,2.265983819961548,-2208.266666666666,-0.01730214583221823,43.78364050388336,0.5646229544654489,0.12968870418262668,0.07537395181134343,541,331.10529074070826,0.30826520919799805
542,1647.211,2087.38,7525.000000000002,100,100,1002,2.1599425168377078,7.509980039920161,2.366706132888794,-2087.38,-0.013360287412069738,50.69209372997284,0.6106519680470228,0.015779212597408332,0.07977585610933602,542,331.1525131299005,0.30826520919799805
543,1650.213,2177.3866666666668,7358.666666666669,100,100,1002,2.363343810487888,7.343978709248172,2.5739102363586426,-2177.3866666666668,-0.016963190981186926,37.74444669485092,0.584702493622899,0.06806694045371842,0.08847191237146035,543,331.1572655730111,0.30826520919799805
544,1653.336,2229.773333333334,7466.000000000002,100,100,1004,2.4691289842715003,7.436254980079683,2.6890079975128174,-2229.773333333334,-0.016520742152351886,53.6569550037384,0.6021017925813794,0.10798373410398199,0.06547407689504325,544,331.1389560638268,0.30826520919799805
545,1656.259,2326.0099999999998,7411.666666666665,100,100,1000,2.279089601128362,7.411666666666665,2.493253707885742,-2326.0099999999998,-0.014147611756925471,62.72987222671509,0.6093766065314412,0.05062587294924015,0.06806640629656613,545,331.1583486639508,0.30826520919799805
546,1659.09,2117.3099999999995,7308.999999999998,100,100,1007,2.1828018872681434,7.258192651439919,2.4046077728271484,-2117.3099999999995,-0.009727180236950517,35.34769827127457,0.5969477919861674,0.08198298894421896,0.1114943481516093,546,331.2001961211114,0.30826520919799805
547,1662.077,2281.170000000001,7579.333333333334,100,100,1004,2.320475896043087,7.54913678618858,2.540264844894409,-2281.170000000001,-0.016312604013364762,56.376428842544556,0.6536488700658083,0.06653008041030262,0.07963423314504325,547,331.2090751843422,0.30826520919799805
548,1665.143,2169.9199999999996,7355.000000000004,100,100,1004,2.4024676312404902,7.325697211155382,2.618600606918335,-2169.9199999999996,-0.014979811105149565,56.226858139038086,0.5910106524825096,0.06842688944561814,0.10338245751336217,548,331.2020975185755,0.30826520919799805
549,1668.186,2197.2999999999993,7441.666666666662,100,100,1009,2.373264320596233,7.375289065080934,2.6023600101470947,-2197.2999999999993,-0.010393753822427243,40.543103098869324,0.6522479047998786,0.03384290742178564,0.07180723856436089,549,331.20287269167034,0.30826520919799805
550,1674.415,2064.0699999999993,7282.333333333335,100,100,1008,2.2019145827572277,7.224537037037039,2.4223623275756836,-2064.0699999999993,-0.014882119023241103,52.064728140830994,0.596283151768148,0.02570500606816495,0.07763671892462298,550,331.24107609684967,0.30826520919799805
551,1677.121,2234.6766666666676,7444.666666666666,100,100,1002,2.0675981035521125,7.429807052561543,2.277677059173584,-2234.6766666666676,-0.01111306541133672,56.85246288776398,0.6231813346967101,0.05730925689567812,0.08991350466385484,551,330.63689425755285,0.30826520919799805
552,1679.953,2253.4899999999993,7355.0,100,100,1011,2.15572719892872,7.274975272007913,2.389543056488037,-2253.4899999999993,-0.01718454889487475,50.12047231197357,0.5261760512366891,0.0780309259716887,0.12161075416952372,552,330.6813516354075,0.30826520919799805
553,1682.832,2227.863333333333,7627.333333333329,100,100,1005,2.2365436800037375,7.589386401326696,2.455845832824707,-2227.863333333333,-0.013718021335080266,39.31529039144516,0.6309198532253504,0.04751004118588753,0.09267578145954758,553,330.7130105973061,0.30826520919799805
554,1685.679,2201.6533333333355,7567.6666666666715,100,100,1006,2.1982039760050194,7.522531477799872,2.4216103553771973,-2201.6533333333355,-0.007553173520136625,38.15369141101837,0.5951870819553733,0.06736366762197576,0.09126613475382328,554,330.7509113085163,0.30826520919799805
555,1688.412,2147.416666666668,7303.000000000002,100,100,1003,2.100850747836009,7.281156530408776,2.3119373321533203,-2147.416666666668,-0.014076531864702702,32.04345065355301,0.5647210003808141,0.10940399416722357,0.10027934238314629,555,330.80957897872713,0.30826520919799805
556,1691.201,2264.6633333333343,7446.66666666667,100,100,1006,2.1437303194124437,7.40225314777999,2.3633103370666504,-2264.6633333333343,-0.0070427184691652656,46.7386377453804,0.6035117721185088,0.12971621842007153,0.0899923574179411,556,330.85888664234557,0.30826520919799805
557,1694.116,2277.8799999999997,7474.666666666669,100,100,1005,2.2645732348516066,7.437479270315094,2.4865849018096924,-2277.8799999999997,-0.01469445851398632,54.90782016515732,0.630531158298254,0.08053042388928588,0.11120876763015985,557,330.88285925055965,0.30826520919799805
558,1697.006,2158.5533333333346,7569.333333333332,100,100,1005,2.2352975116699785,7.531674958540629,2.449903726577759,-2158.5533333333346,-0.016957038547843695,48.90330743789673,0.6281465124338865,0.13680829941586126,0.06548394105629995,558,330.91159244925035,0.30826520919799805
559,1699.72,2137.3866666666668,7206.333333333333,100,100,999,2.093212011534053,7.2135468802135465,2.297558546066284,-2137.3866666666668,-0.014355637307744473,56.70213866233826,0.6363811753690243,0.05320386937819421,0.10811047721654177,559,330.9710753722053,0.30826520919799805
560,1705.963,2160.583333333334,7394.000000000003,100,100,1009,2.1370136786143346,7.328047571853323,2.3649847507476807,-2160.583333333334,-0.011983755510300398,40.613248348236084,0.6758783608675003,0.04594089939200785,0.07522520702332258,560,331.020504958811,0.30826520919799805
561,1708.934,2150.5333333333315,7398.666666666667,100,100,1004,2.323521513341596,7.369189907038513,2.538905143737793,-2150.5333333333315,-0.01633087359368801,36.62616842985153,0.6519813425838947,0.026319443873944692,0.10546875,561,330.36437162128806,0.30826520919799805
562,1712.025,2215.3500000000004,7457.66666666667,100,100,1011,2.4229215649642883,7.376524892845371,2.6604833602905273,-2215.3500000000004,-0.015106532780919224,42.29324263334274,0.6526193572208285,0.06730218627490103,0.0915862440597266,562,330.3585438170364,0.30826520919799805
563,1715.038,2217.9933333333315,7415.666666666665,100,100,1002,2.376857084248163,7.400864936793079,2.589378833770752,-2217.9933333333315,-0.021825394534971565,54.12546384334564,0.5919811679050326,0.08046468564134557,0.1268601194024086,563,330.36237720848146,0.30826520919799805
564,1717.936,2205.533333333333,7497.0,100,100,1003,2.2367514484884183,7.47457627118644,2.452070951461792,-2205.533333333333,-0.013613781484309584,37.17537248134613,0.7021776996552944,0.04055140702985227,0.08247410971671343,564,330.38882489573473,0.30826520919799805
565,1720.859,2068.6566666666677,7246.000000000005,100,100,1006,2.2709229610403017,7.202783300198812,2.488217353820801,-2068.6566666666677,-0.014075346291065216,47.267688035964966,0.6691504549235106,0.01696804803214036,0.0818826425820589,565,330.41255488482454,0.30826520919799805
566,1723.962,2130.5,7264.666666666668,100,100,1004,2.4582423300823693,7.235723771580346,2.67266845703125,-2130.5,-0.017829897289630026,46.36872625350952,0.6552890548482537,0.03458300446800422,0.10791015648283064,566,330.4000162544225,0.30826520919799805
567,1727.074,2108.9033333333336,7390.66666666667,100,100,1006,2.4547298201850465,7.346587143803847,2.6758663654327393,-2108.9033333333336,-0.019235614425269887,49.94487363100052,0.7244308777153492,0.015572590593365021,0.08385699754580855,567,330.3871539084434,0.30826520919799805
568,1730.07,2223.500000000002,7423.000000000002,100,100,1004,2.326310260116542,7.393426294820719,2.545079231262207,-2223.500000000002,-0.016092426551040262,41.83352875709534,0.6106018107384443,0.036638832483731676,0.09419389208778739,568,330.3952659216747,0.30826520919799805
569,1732.959,2165.476666666666,7277.666666666665,100,100,1003,2.2227349958047347,7.255898969757393,2.435267448425293,-2165.476666666666,-0.01921434554969892,53.003427267074585,0.6228657485917211,0.040330875031941105,0.09053642814978957,569,330.42335682938057,0.30826520919799805
570,1738.66,2202.453333333333,7383.333333333333,100,100,1007,1.961634058876161,7.332009268454154,2.1791155338287354,-2202.453333333333,-0.014839366020169109,41.058875143527985,0.6036337120458484,0.03401311051129596,0.1070998169016093,570,330.5110808879152,0.30826520919799805
571,1741.269,2153.370000000001,7463.333333333336,100,100,1008,1.9773159737168398,7.404100529100531,2.198122978210449,-2153.370000000001,-0.017946572159416974,39.36952096223831,0.6046810485422611,0.039100969828723464,0.10074869822710752,571,330.00366554410874,0.30826520919799805
572,1743.853,2118.163333333333,7263.000000000002,100,100,1003,1.956426920039637,7.241276171485545,2.166938066482544,-2118.163333333333,-0.019999272481072694,42.85401779413223,0.639042585156858,0.022040797462977935,0.09245548699982464,572,330.0896740043873,0.30826520919799805
573,1746.493,2147.996666666666,7411.666666666665,100,100,1007,2.0060153917826584,7.360145647136708,2.2257230281829834,-2147.996666666666,-0.012238053139299154,57.52094566822052,0.6039430964738131,0.03905475649298751,0.13776803482323885,573,330.1673345326109,0.30826520919799805
574,1749.111,2191.3433333333337,7269.6666666666715,100,100,1005,1.9900138308039277,7.233499170812609,2.2062463760375977,-2191.3433333333337,-0.012107103480957448,44.4874792098999,0.6649994216859341,0.03829485023015877,0.09588758699828759,574,330.24769860030943,0.30826520919799805
575,1751.708,2231.086666666666,7528.666666666665,100,100,1007,1.9565130097933978,7.476332340284673,2.176802635192871,-2231.086666666666,-0.018659064488019794,48.19725751876831,0.6452527279034257,0.03072768749188981,0.1050531913060695,575,330.3329332254217,0.30826520919799805
576,1754.283,2225.01,7492.333333333337,100,100,1001,1.9584694323916134,7.484848484848488,2.162321090698242,-2225.01,-0.02281299972673878,55.63529706001282,0.6553438901901245,0.017468488513259217,0.08504430227912962,576,330.4188231847207,0.30826520919799805
577,1756.901,2112.3466666666645,7413.999999999997,100,100,1008,1.9847102179598537,7.355158730158728,2.2024827003479004,-2112.3466666666645,-0.02395589294610545,47.866333305835724,0.6992036942392588,0.0213357646134682,0.11116536473855376,577,330.50007111135267,0.30826520919799805
578,1759.51,2246.31,7519.666666666664,100,100,1009,1.9754841426439118,7.452593326726129,2.199506998062134,-2246.31,-0.015917849785182625,46.45773905515671,0.7089725993573666,0.027576008789765183,0.08618662250228226,578,330.58345748232307,0.30826520919799805
579,1762.085,2105.513333333334,7168.666666666668,100,100,1001,1.962908592026729,7.161505161505163,2.1689326763153076,-2105.513333333334,-0.019139411684591323,44.00938028097153,0.6164464429020882,0.07558990162942791,0.10469464468769729,579,330.66858354738895,0.30826520919799805
580,1768.637,2255.543333333334,7559.000000000002,100,100,1002,2.21570738590789,7.543912175648704,2.4251253604888916,-2255.543333333334,-0.012529988889582455,45.96173453330994,0.6723567321896553,0.02181641641072929,0.10800316242966801,580,330.6972819808924,0.30826520919799805
581,1771.73,2212.163333333333,7361.333333333331,100,100,1005,2.418108558425893,7.324709784411275,2.639078140258789,-2212.163333333333,-0.02263833931647241,54.24167513847351,0.7106475159525871,0.02698777204932412,0.10236545163206756,581,330.00125868453574,0.30826520919799805
582,1774.62,2101.5566666666678,7188.333333333329,100,100,1007,2.234547269158805,7.13836477987421,2.4559524059295654,-2101.5566666666678,-0.015501149406190962,34.943412601947784,0.549304855056107,0.03452282089710934,0.0885451294016093,582,330.03121149861687,0.30826520919799805
583,1777.457,2210.4499999999994,7409.333333333335,100,100,1008,2.1789529785146153,7.350529100529102,2.408313512802124,-2210.4499999999994,-0.019483949756249785,46.9588406085968,0.5877824798226357,0.042476083704968914,0.0989583337213844,583,330.07156534130456,0.30826520919799805
584,1780.486,2101.7366666666676,7185.000000000004,100,100,1004,2.3772259959644932,7.156374501992035,2.5918009281158447,-2101.7366666666676,-0.014500897203106433,40.21134579181671,0.5162122705951333,0.07208674750290811,0.09912109398283064,584,330.07387120522276,0.30826520919799805
585,1783.558,2143.5099999999993,7317.666666666667,100,100,1004,2.413523208235847,7.288512616201859,2.630941390991211,-2143.5099999999993,-0.01738020108314231,44.4418460726738,0.5626862458884716,0.02488755232479889,0.10054154857061803,585,330.068389784384,0.30826520919799805
586,1786.457,2076.6700000000005,7234.000000000005,100,100,1003,2.2402409767520317,7.212362911266206,2.4496164321899414,-2076.6700000000005,-0.012952924269484356,63.840370297431946,0.40808378625661135,0.047408900631126016,0.09247819753363729,586,330.09431896169036,0.30826520919799805
587,1789.43,2151.2466666666664,7347.666666666667,100,100,1007,2.3190366434184937,7.296590532936114,2.542675018310547,-2151.2466666666664,-0.011749392084311694,43.02705544233322,0.4944267189130187,0.06114093421638245,0.09573429170995951,587,330.10847384529507,0.30826520919799805
588,1792.345,2112.41,7217.666666666671,100,100,1006,2.2689248525461636,7.174618952948976,2.492626190185547,-2112.41,-0.020311179076088592,27.978044986724854,0.5169080141931772,0.02863131083722692,0.10209324071183801,588,330.1329078150531,0.30826520919799805
589,1795.009,2209.476666666668,7461.333333333337,100,100,1004,2.0397977083244276,7.4316069057104945,2.2542505264282227,-2209.476666666668,-0.019818248285446316,43.23444068431854,0.5515196202322841,0.06026713297251263,0.09747869335114956,589,330.20227734445643,0.30826520919799805
590,1800.852,2122.123333333333,7279.666666666668,100,100,1005,2.014264974984067,7.243449419568824,2.224741220474243,-2122.123333333333,-0.012979903374798596,42.41310930252075,0.49728699401021004,0.0650307189207524,0.11087239591870457,590,330.275396411453,0.30826520919799805
591,1803.493,2208.5133333333347,7272.0,100,100,1007,2.008786493895692,7.221449851042701,2.227329730987549,-2208.5133333333347,-0.012592558836331591,34.19949299097061,0.4497142359614372,0.07448147868853994,0.0973341919016093,591,329.7645421789266,0.30826520919799805
592,1806.125,2109.11,7370.666666666664,100,100,1007,2.0062566035202414,7.319430652101951,2.224851131439209,-2109.11,-0.018328265054151416,36.09281778335571,0.4686608100309968,0.059259442510665394,0.09582779242191464,592,329.8414291438884,0.30826520919799805
593,1808.838,2280.183333333334,7663.666666666668,100,100,1011,2.047533331287824,7.580283547642599,2.2802493572235107,-2280.183333333334,-0.020900560833979398,40.54812091588974,0.49863734375685453,0.031231776178174186,0.10012637882027775,593,329.9057030301984,0.30826520919799805
594,1811.491,2109.9799999999996,7410.333333333332,100,100,1006,2.028696518923687,7.366136514247845,2.2447493076324463,-2109.9799999999996,-0.025939722487237304,37.95701414346695,0.541480521671474,0.04544877418811666,0.11410920531488955,594,329.97781164129225,0.30826520919799805
595,1814.166,2173.7400000000007,7431.66666666667,100,100,1006,2.040579920369858,7.3873426110006655,2.2571208477020264,-2173.7400000000007,-0.015157949295826256,45.749884843826294,0.5703759072348475,0.0719128620257834,0.09587296209065244,595,330.0458538606559,0.30826520919799805
596,1816.831,2112.75,7252.666666666669,100,100,1007,2.0362497543196576,7.202250910294606,2.2535064220428467,-2112.75,-0.020804964005947113,30.893103182315826,0.5578883858397603,0.06048131641728105,0.11384225368965417,596,330.11594655534424,0.30826520919799805
597,1819.473,2133.873333333334,7208.0,100,100,1004,2.015931174424347,7.179282868525896,2.227466106414795,-2133.873333333334,-0.01774559949990362,31.968095004558563,0.534389371983707,0.03396069963127957,0.09601384960114956,597,330.18852307152673,0.30826520919799805
598,1822.15,2210.0900000000006,7450.333333333335,100,100,1007,2.0382887776987304,7.398543528632905,2.26193904876709,-2210.0900000000006,-0.020663166797021404,53.689995527267456,0.5215424215421081,0.02427511835412588,0.11757189151830971,598,330.25610157144337,0.30826520919799805
599,1824.815,2223.090000000001,7212.333333333333,100,100,1003,2.0056220338144084,7.190761050182784,2.2192318439483643,-2223.090000000001,-0.02402594027807936,40.39617300033569,0.5735997091978788,0.028041006575222127,0.11395121715031564,599,330.32333074532596,0.30826520919799805
600,1830.531,2112.4766666666665,7296.666666666664,100,100,1005,1.9707044769560371,7.2603648424543925,2.182142496109009,-2112.4766666666665,-0.01933566015213728,39.06929272413254,0.5118886595591903,0.005611776243313216,0.10020616330439225,600,330.4046178579757,0.30826520919799805
601,1833.149,2227.546666666668,7393.333333333335,100,100,1004,1.9883703164695075,7.363877822045154,2.2030601501464844,-2227.546666666668,-0.014896567445248365,44.64362871646881,0.5645768968388438,0.08165423379250569,0.10080788400955498,601,329.91747013605124,0.30826520919799805
602,1835.782,2177.320000000001,7311.333333333333,100,100,1005,1.9930541285994783,7.274958540630182,2.209284782409668,-2177.320000000001,-0.01933695626212284,60.21796929836273,0.5603467561304569,0.04126042909047101,0.11226128484122455,602,329.9917660571207,0.30826520919799805
603,1838.385,2110.0533333333324,7214.000000000002,100,100,1003,1.9866534398965248,7.192422731804588,2.195355176925659,-2110.0533333333324,-0.013955933332908899,40.50041699409485,0.4894420523196459,0.07514319982146844,0.12249046145007014,603,330.0701540477273,0.30826520919799805
604,1841.019,2105.206666666667,7177.0,100,100,1006,2.003178728913803,7.134194831013916,2.221768379211426,-2105.206666666667,-0.014076878956984729,37.96214234828949,0.47316945623606443,0.05834580211376306,0.10268766980152577,604,330.14428996383606,0.30826520919799805
605,1843.609,2134.946666666667,7282.000000000002,100,100,1002,1.976615370775456,7.267465069860282,2.182515859603882,-2134.946666666667,-0.013114286353811622,36.078424513339996,0.4247868722304702,0.03492206230021111,0.09384300617966801,605,330.22394957972335,0.30826520919799805
606,1846.219,2178.609999999999,7392.000000000001,100,100,1005,1.9740936317393065,7.355223880597016,2.186055898666382,-2178.609999999999,-0.013704874261748046,30.986281156539917,0.420134574174881,0.07146209228085354,0.09257812541909516,606,330.30149268740206,0.30826520919799805
607,1848.81,2110.6333333333337,7413.666666666664,100,100,1004,1.970167929469886,7.3841301460823345,2.180063486099243,-2110.6333333333337,-0.023223016294650733,36.408887684345245,0.46369873359799385,0.025227878795703873,0.09428267064504325,607,330.3817875253598,0.30826520919799805
608,1851.48,2111.4800000000014,7248.000000000006,100,100,1011,2.024247876090264,7.169139465875377,2.251340866088867,-2111.4800000000014,-0.01754891744349152,27.938583195209503,0.49005516059696674,0.05074350074210088,0.1035634963773191,608,330.4512775144996,0.30826520919799805
609,1854.049,2142.6666666666674,7306.333333333335,100,100,1002,1.952726448311688,7.291749833666003,2.1582884788513184,-2142.6666666666674,-0.013340457924641669,33.39647537469864,0.452212399803102,0.0739262797505944,0.10811942000873387,609,330.5339435893013,0.30826520919799805
610,1859.703,2160.3899999999985,7342.999999999998,100,100,1006,1.9796379746047124,7.299204771371768,2.197380542755127,-2160.3899999999985,-0.019300458137877285,26.75232470035553,0.5116440420970321,0.03102217683044728,0.1179093070095405,610,330.61205661417506,0.30826520919799805
611,1862.258,2068.793333333334,7272.666666666668,100,100,1004,1.9350159371575986,7.243691899070386,2.143263101577759,-2068.793333333334,-0.014531607390381396,39.03504180908203,0.5220608729869127,0.08454870096466038,0.10187322460114956,611,330.15612956536063,0.30826520919799805
612,1864.844,2254.173333333335,7582.333333333332,100,100,1009,1.946302278154706,7.5147010241162855,2.1708531379699707,-2254.173333333335,-0.018280743126524612,30.915341198444366,0.4921918613836169,0.06075830091867829,0.12254862859845161,612,330.23941022605914,0.30826520919799805
613,1867.434,2205.3999999999996,7288.666666666665,100,100,1001,1.9721765225598744,7.28138528138528,2.180506944656372,-2205.3999999999996,-0.01760044298134744,53.62752413749695,0.4296787157654762,0.0490109115416999,0.10055020940490067,613,330.3174088437822,0.30826520919799805
614,1870.004,2173.420000000001,7259.999999999999,100,100,1007,1.9435286970463208,7.209533267130088,2.160599708557129,-2173.420000000001,-0.02244897370110266,30.561859965324402,0.47364949248731136,0.06906437159341294,0.10927110980264843,614,330.40202726038837,0.30826520919799805
615,1872.613,2039.7599999999998,7200.000000000003,100,100,1006,1.9830195808359172,7.157057654075549,2.1961264610290527,-2039.7599999999998,-0.012925127579364926,38.593555212020874,0.5581751158460975,0.06049483300012071,0.10425866162404418,615,330.47893225627615,0.30826520919799805
616,1875.235,2129.3033333333337,7080.33333333333,100,100,1008,1.9720761896072265,7.0241402116402085,2.192838430404663,-2129.3033333333337,-0.01731426629703492,39.849449634552,0.49005776830017567,0.04614853715611389,0.09212239587213844,616,330.55435536201793,0.30826520919799805
617,1877.831,2048.2266666666674,7213.333333333336,100,100,1008,1.9732886883300833,7.1560846560846585,2.190128803253174,-2048.2266666666674,-0.017283008492086083,36.08896428346634,0.5649197893217206,0.0520852078916505,0.08968098973855376,617,330.6341590473912,0.30826520919799805
618,1880.388,2206.1766666666704,7460.333333333341,100,100,1007,1.9199993067616161,7.408474015226754,2.1386592388153076,-2206.1766666666704,-0.015264202433172613,46.027887523174286,0.6529924320057034,0.018714072633883916,0.09165142918936908,618,330.7201215066414,0.30826520919799805
619,1882.965,2077.0199999999995,7273.666666666669,100,100,1003,1.945018941946959,7.251910933865074,2.1521878242492676,-2077.0199999999995,-0.019527969183400273,37.607928454875946,0.6355711985379457,0.0630104996234877,0.11029478581622243,619,330.80017672616884,0.30826520919799805
620,1889.191,2150.6866666666683,7362.0000000000055,100,100,1005,2.131174130722028,7.3253731343283635,2.34456467628479,-2150.6866666666683,-0.011855940683744848,32.52279508113861,0.5944085447117686,0.05319316364330007,0.09329427103511989,620,330.84709015936676,0.30826520919799805
621,1892.151,2192.61,7422.666666666663,100,100,1008,2.295524503371405,7.36375661375661,2.5213778018951416,-2192.61,-0.0218553478771355,36.200885117053986,0.5673430506139994,0.11855161627318012,0.11604817770421505,621,330.257989718763,0.30826520919799805
622,1895.184,2086.693333333334,7316.999999999999,100,100,1004,2.356918824584301,7.287848605577689,2.5687835216522217,-2086.693333333334,-0.017033400828950107,37.209203124046326,0.5702923061326146,0.04500863661814947,0.09645774168893695,622,330.25920654118664,0.30826520919799805
623,1897.98,2058.106666666665,7403.000000000002,100,100,1009,2.152576415390662,7.336967294350845,2.373413562774658,-2058.106666666665,-0.015492959471885115,33.62599050998688,0.5855570249259472,0.042140596990066115,0.0859673946397379,623,330.3042825467235,0.30826520919799805
624,1900.772,2128.9399999999996,7446.999999999998,100,100,1003,2.1519874375088817,7.424725822532401,2.36045503616333,-2128.9399999999996,-0.01728562594507821,28.265113294124603,0.5960152549669147,0.06057761853298871,0.08028252166695893,624,330.3467828183879,0.30826520919799805
625,1903.726,2123.96,7261.333333333332,100,100,1010,2.296512078904169,7.189438943894388,2.5250771045684814,-2123.96,-0.017915824835654348,39.87653946876526,0.5516615500673652,0.04336602440889692,0.07474609359633178,625,330.36476762608305,0.30826520919799805
626,1906.659,2111.3833333333328,7322.666666666667,100,100,1009,2.2738739366784353,7.257350512058144,2.4996209144592285,-2111.3833333333328,-0.02079693542327732,29.393613874912262,0.6012146817520261,0.02566255963756703,0.09118901437614113,626,330.38571612542023,0.30826520919799805
627,1909.545,2086.4799999999987,7245.333333333331,100,100,1010,2.212242080281387,7.173597359735972,2.43743634223938,-2086.4799999999987,-0.014011544466484338,34.20490217208862,0.591264353133738,0.04759740040753968,0.09466796834021807,627,330.41532779307283,0.30826520919799805
628,1912.322,2022.2133333333338,7066.666666666666,100,100,1006,2.1373611326592328,7.024519549370443,2.354592800140381,-2022.2133333333338,-0.016360939131118357,34.04725909233093,0.5240148343145847,0.12864644148794468,0.0755349863320589,628,330.46162448477804,0.30826520919799805
629,1914.994,2065.8500000000013,7317.333333333331,100,100,1006,2.0401506960367928,7.273691186216035,2.251293897628784,-2065.8500000000013,-0.018197243683971465,37.63881826400757,0.5685039320960641,0.018779396334139165,0.0890157949179411,629,330.5257840978877,0.30826520919799805
630,1920.768,2003.7366666666667,7307.666666666668,100,100,1008,1.9714332340213114,7.249669312169313,2.1866071224212646,-2003.7366666666667,-0.016990865726256743,32.25265771150589,0.5619668513536453,0.011763060356315691,0.07340494793606922,630,330.60357538765027,0.30826520919799805
631,1923.367,2070.5333333333347,7376.000000000004,100,100,1008,1.9708220217060963,7.317460317460321,2.183712959289551,-2070.5333333333347,-0.01953696267446503,36.699289441108704,0.5645230039954185,0.029403780194115825,0.08317057322710752,631,330.1350921991313,0.30826520919799805
632,1925.999,2025.6799999999996,7185.666666666668,100,100,1006,2.0017822081673056,7.1428098078197495,2.212602138519287,-2025.6799999999996,-0.0234168452443555,31.983417510986328,0.5361075801774859,0.12295025708408502,0.08179772412404418,632,330.20625941202826,0.30826520919799805
633,1928.585,2101.2333333333318,7369.0,100,100,1006,1.964164114136908,7.325049701789265,2.1767385005950928,-2101.2333333333318,-0.020829392655286938,30.900219678878784,0.5279352683573961,0.07132549218658824,0.08733865467365831,633,330.2853834909733,0.30826520919799805
634,1931.205,2121.0066666666685,7488.0,100,100,1009,1.9666143717028282,7.421209117938553,2.1854677200317383,-2121.0066666666685,-0.02259670221246779,32.07667809724808,0.5644012717530131,0.03799276517383987,0.09340122761204839,634,330.3596133369257,0.30826520919799805
635,1933.787,1978.1599999999994,7409.333333333335,100,100,1004,1.9662200213053758,7.379814077025234,2.169545888900757,-1978.1599999999994,-0.021043039625510573,30.191417276859283,0.5635275449603796,0.026467230534763075,0.06329900585114956,635,330.43785604603033,0.30826520919799805
636,1936.342,2023.4100000000005,7052.333333333333,100,100,999,1.9512887876546077,7.059392726059392,2.1461286544799805,-2023.4100000000005,-0.013305240368936211,32.26118713617325,0.5084482841193676,0.0800867997968453,0.07543319324031472,636,330.51761518771747,0.30826520919799805
637,1938.928,2122.816666666666,7395.333333333331,100,100,1005,1.9680537318171405,7.358540630182419,2.177478075027466,-2122.816666666666,-0.022884338744916022,34.97380119562149,0.5295623103156686,0.05150355785008287,0.07363281265133992,637,330.5951953061788,0.30826520919799805
638,1941.512,2098.9366666666665,7296.999999999996,100,100,1004,1.960598608683906,7.267928286852586,2.1715753078460693,-2098.9366666666665,-0.01849178347038105,39.80161064863205,0.6095284027978778,0.07645306017366238,0.08322975877672434,638,330.67215118656037,0.30826520919799805
639,1944.097,2080.053333333332,7364.333333333336,100,100,1003,1.9714609152941054,7.3423064140910625,2.1759443283081055,-2080.053333333332,-0.016710355528630316,32.37755274772644,0.5193078620359302,0.05762445776781533,0.08735692233312875,639,330.7483480437845,0.30826520919799805
640,1949.871,2175.9033333333336,7348.333333333332,100,100,1004,1.9596848596050682,7.319057104913678,2.168281316757202,-2175.9033333333336,-0.020737842161906883,37.749612867832184,0.5384403886273503,0.04469018410600256,0.09153054025955498,640,330.823426679561,0.30826520919799805
641,1952.428,2216.1899999999996,7455.666666666667,100,100,998,1.9455060106422193,7.47060788243153,2.1457865238189697,-2216.1899999999996,-0.01757941790856421,69.4366067647934,0.5451821768656373,0.06424939434509724,0.08439555927179754,641,330.36252863012595,0.30826520919799805
642,1955.028,2130.4633333333336,7306.333333333331,100,100,1007,1.9740456807248612,7.255544521681561,2.1892902851104736,-2130.4633333333336,-0.015745229669846594,31.39171928167343,0.4785287184640765,0.06122747018162045,0.08548038522712886,642,330.43821767169015,0.30826520919799805
643,1957.662,2225.5599999999995,7564.666666666666,100,100,1008,1.9844413710950268,7.504629629629629,2.2086002826690674,-2225.5599999999995,-0.01832569215912372,36.496028423309326,0.5226265350356698,0.09295856289827498,0.07275390648283064,643,330.508571820356,0.30826520919799805
644,1960.259,2139.64,7502.999999999998,100,100,1007,1.9586710030418315,7.450844091360475,2.1750192642211914,-2139.64,-0.016500389319844544,32.80737990140915,0.49442137498408556,0.013793136902677361,0.08264419867191464,644,330.5844506308905,0.30826520919799805
645,1962.833,2160.756666666667,7242.666666666669,100,100,1006,1.951095922137231,7.199469847581182,2.1643083095550537,-2160.756666666667,-0.008174042159225792,41.61848747730255,0.44229453057050705,0.0390327988206991,0.07232931395992637,645,330.663354068412,0.30826520919799805
646,1965.431,2019.2599999999989,7205.666666666664,100,100,1008,1.9719556542455279,7.148478835978834,2.1847035884857178,-2019.2599999999989,-0.022110791062004864,35.77904152870178,0.46019434928894043,0.0454906722807209,0.1025390625,646,330.7391335471252,0.30826520919799805
647,1968.004,2098.893333333331,7262.9999999999945,100,100,1005,1.9535729360409932,7.226865671641786,2.1656653881073,-2098.893333333331,-0.015010103874374181,28.032850861549377,0.5258407844230533,0.0747295544060762,0.07473958353511989,647,330.81733348450234,0.30826520919799805
648,1970.609,2116.900000000002,7337.333333333332,100,100,1009,1.9672167474981785,7.271886356128179,2.1900689601898193,-2116.900000000002,-0.017883819178678095,34.69837820529938,0.498609253205359,0.10603945203183684,0.08484135830076411,648,330.8920900020277,0.30826520919799805
649,1973.234,2236.8766666666675,7518.333333333331,100,100,1005,1.9825441814931248,7.480928689883911,2.1953177452087402,-2236.8766666666675,-0.014723998319823295,38.48639553785324,0.4498836174607277,0.08941501867229817,0.08812934043817222,649,330.9612449166619,0.30826520919799805
650,1978.866,2160.936666666666,7256.333333333336,100,100,1006,1.937518785263284,7.213055003313455,2.1547229290008545,-2160.936666666666,-0.014990393479820341,36.338937163352966,0.4464335097000003,0.012483318116210285,0.07534392015077174,650,331.0411160583345,0.30826520919799805
651,1981.428,2171.0966666666664,7415.333333333333,100,100,1004,1.9317232067715302,7.385790172642762,2.1419897079467773,-2171.0966666666664,-0.014078819229325745,29.959720194339752,0.39390640892088413,0.0786773396685021,0.08935546898283064,651,330.60714437902624,0.30826520919799805
652,1983.991,2125.803333333334,7313.333333333337,100,100,1005,1.9410679587139863,7.27694859038143,2.151008367538452,-2125.803333333334,-0.0057358527556061745,35.33805829286575,0.4199074748903513,0.08465408696065424,0.08938802103511989,652,330.6864589966325,0.30826520919799805
653,1986.585,2132.3200000000015,7311.66666666667,100,100,1001,1.976044354523038,7.304362304362307,2.18369197845459,-2132.3200000000015,-0.009543207059323322,36.412183582782745,0.46621828619390726,0.0670147860510042,0.08150724065490067,653,330.7587387488795,0.30826520919799805
654,1989.242,2145.3766666666656,7446.666666666663,100,100,1009,2.0061925648249193,7.380244466468447,2.228977680206299,-2145.3766666666656,-0.01619836295139976,34.98102194070816,0.5287946406751871,0.06629429383610841,0.10921556106768548,654,330.82411462140425,0.30826520919799805
655,1991.837,2153.3233333333337,7542.000000000004,100,100,1006,1.9684325036672397,7.497017892644139,2.184654712677002,-2153.3233333333337,-0.01637235749512911,33.428542613983154,0.4764292258769274,0.10778060877782991,0.0853006117977202,655,330.8980589067008,0.30826520919799805
656,1994.431,2096.223333333333,7131.333333333333,100,100,1004,1.9709556768193797,7.102921646746347,2.1812291145324707,-2096.223333333333,-0.015292374388081953,37.04269427061081,0.4246222763322294,0.07106019388447748,0.09166370751336217,656,330.97109065999246,0.30826520919799805
657,1997.018,2136.4233333333354,7385.333333333335,100,100,1003,1.9692487532787344,7.363243602525758,2.177748918533325,-2136.4233333333354,-0.011204147362150252,50.16816020011902,0.48859875835478306,0.0862932656382327,0.10001816879957914,657,331.0446685988143,0.30826520919799805
658,1999.603,2009.4033333333334,7050.333333333333,100,100,1003,1.9736466615935295,7.029245596543702,2.1765635013580322,-2009.4033333333334,-0.017246620263904333,38.98638695478439,0.4160635368898511,0.1351236451882869,0.09271666081622243,658,331.1183057039193,0.30826520919799805
659,2002.202,2235.3100000000018,7558.666666666668,100,100,1008,1.9542142830369624,7.49867724867725,2.175076723098755,-2235.3100000000018,-0.018238454533275217,46.41335183382034,0.5174123821780086,0.03619264602457406,0.08007812534924597,659,331.1918149907655,0.30826520919799805
660,2008.716,2110.5899999999992,7293.333333333331,100,100,1009,2.333625866565392,7.228278823918068,2.5596868991851807,-2110.5899999999992,-0.004412556067109108,30.7258477807045,0.4440249549224973,0.06953121979313437,0.09926060261204839,660,331.19916091624077,0.30826520919799805
661,2011.531,2271.8733333333325,7662.333333333333,100,100,1009,2.148448463992702,7.5939874463164845,2.376720905303955,-2271.8733333333325,-0.015583241533022374,43.63585984706879,0.4844933617860079,0.10757603149977513,0.11747648240998387,661,330.6591244886191,0.30826520919799805
662,2014.573,2135.67,7275.333333333334,100,100,1006,2.3827170963569455,7.231941683233931,2.6018428802490234,-2135.67,-0.01099102187436074,39.8614559173584,0.46397063229233027,0.06926686641236302,0.08842136571183801,662,330.6591815625998,0.30826520919799805
663,2017.682,2134.043333333335,7567.000000000001,100,100,1004,2.4385095643068837,7.536852589641435,2.6553468704223633,-2134.043333333335,-0.002377126336796209,30.61215329170227,0.5364269968122244,0.14530239902160247,0.10711115086451173,663,330.64728629800123,0.30826520919799805
664,2020.555,2110.609999999999,7109.666666666666,100,100,1012,2.206763341192804,7.025362318840579,2.43969464302063,-2110.609999999999,-0.018795532640069723,33.44429689645767,0.5051752496510744,0.0903051708228304,0.10253906261641532,664,330.6779673498548,0.30826520919799805
665,2023.431,2199.129999999999,7579.666666666671,100,100,1009,2.2115876122375044,7.512058143376284,2.4390625953674316,-2199.129999999999,-0.01816159358713776,38.332094967365265,0.5632509663701057,0.058729263095301576,0.09944993583485484,665,330.706658146768,0.30826520919799805
666,2026.465,2237.046666666667,7552.000000000003,100,100,1003,2.3808918220380084,7.529411764705885,2.5948755741119385,-2237.046666666667,-0.016343647963367403,43.1888747215271,0.5702210003510118,0.053056412616570015,0.112963299266994,666,330.70648721285437,0.30826520919799805
667,2029.571,2205.7366666666667,7320.999999999997,100,100,1006,2.443801689194978,7.277335984095425,2.666365385055542,-2205.7366666666667,-0.01986531022703275,39.80078136920929,0.5454290751367807,0.09460139006114332,0.10130774462595582,667,330.6961046086801,0.30826520919799805
668,2032.519,2140.773333333335,7268.666666666663,100,100,1011,2.2654342252077604,7.189581272667323,2.5010299682617188,-2140.773333333335,-0.016462147556012496,45.99730485677719,0.47032029926776886,0.21336200802397798,0.11392271774820983,668,330.71396479505484,0.30826520919799805
669,2035.383,2083.433333333331,7121.666666666661,100,100,1005,2.213950546699303,7.086235489220558,2.4296302795410156,-2083.433333333331,-0.01640745616168715,30.454635560512543,0.5280191190540791,0.10832274918357143,0.08897569461259991,669,330.7422553759245,0.30826520919799805
670,2041.442,2140.3166666666652,7387.666666666665,100,100,1010,2.1731897038269308,7.314521452145213,2.4015398025512695,-2140.3166666666652,-0.01790089116548188,42.69317710399628,0.4819383146241307,0.07187930761574535,0.08402343722991645,670,330.77824128234806,0.30826520919799805
671,2044.304,2188.0033333333336,7478.333333333332,100,100,1011,2.192639663901169,7.396966699637321,2.4249377250671387,-2188.0033333333336,-0.014861907344311476,41.65357142686844,0.5164012331515551,0.10039300168864429,0.09696691203862429,671,330.2875054119258,0.30826520919799805
672,2047.321,2275.826666666667,7756.33333333333,100,100,1011,2.318511077370513,7.671941971645233,2.562561273574829,-2275.826666666667,-0.020364515876281075,51.86730992794037,0.6191710159182549,0.04014638390071923,0.0976945471484214,672,330.2945053376208,0.30826520919799805
673,2050.102,2208.346666666666,7533.0,100,100,1007,2.126558490519254,7.480635551142006,2.350213050842285,-2208.346666666666,-0.019126154715195298,54.7802694439888,0.6036795061081648,0.06441347544023301,0.08135596732608974,673,330.33772205094556,0.30826520919799805
674,2052.846,2178.9866666666676,7407.3333333333385,100,100,1002,2.0819592814541195,7.39254823685962,2.2932024002075195,-2178.9866666666676,-0.01669391894392902,47.75335907936096,0.5937848640605807,0.07524154859856935,0.08210100466385484,674,330.38427724182446,0.30826520919799805
675,2055.669,2144.890000000001,7520.333333333336,100,100,1010,2.164830001057264,7.445874587458748,2.3931972980499268,-2144.890000000001,-0.016402050969190896,37.36477690935135,0.5497355600818992,0.049290937109617516,0.08207031234633178,675,330.4217930793933,0.30826520919799805
676,2058.596,2076.5033333333336,7254.999999999995,100,100,1007,2.2731530293961018,7.204568023833163,2.4927639961242676,-2076.5033333333336,-0.01588392013218254,39.23423618078232,0.4932799469679594,0.09347901295404881,0.08432721043936908,676,330.4412391224548,0.30826520919799805
677,2061.424,2188.4300000000017,7435.333333333331,100,100,1003,2.16212582132377,7.413094051179792,2.3758392333984375,-2188.4300000000017,-0.015962347271852195,37.244387090206146,0.530549556016922,0.04150365041459736,0.08002134808339179,677,330.474571061905,0.30826520919799805
678,2064.324,2119.843333333334,7367.333333333339,100,100,1003,2.2476716844526567,7.345297441010309,2.4597744941711426,-2119.843333333334,-0.010631839337293059,31.522954404354095,0.43314830865710974,0.061209130806673784,0.09881449863314629,678,330.49630334793454,0.30826520919799805
679,2067.283,2134.383333333334,7435.666666666663,100,100,1008,2.29895148564422,7.3766534391534355,2.525132894515991,-2134.383333333334,-0.007415437896270305,32.01507383584976,0.5122079513967037,0.09572943740931805,0.09993489587213844,679,330.51068987416716,0.30826520919799805
680,2073.748,2040.7233333333331,7180.66666666667,100,100,1001,2.2470634360867483,7.173493173493177,2.451995372772217,-2040.7233333333331,-0.01942497375421226,36.16404891014099,0.5286751454696059,0.02858863622896024,0.08471084176562726,680,330.53277672571886,0.30826520919799805
681,2076.732,2096.5033333333317,7451.999999999999,100,100,1001,2.335659637637846,7.444555444555443,2.541775703430176,-2096.5033333333317,-0.009962106036255136,44.25266373157501,0.44007447361946106,0.04119969248131383,0.09008193574845791,681,329.970914810365,0.30826520919799805
682,2079.688,2135.1566666666654,7359.666666666665,100,100,1004,2.3068145407499205,7.330345285524567,2.5212206840515137,-2135.1566666666654,-0.005228139576502144,33.78099596500397,0.5745097510516644,0.040966534113977104,0.09956498607061803,682,329.9845980856253,0.30826520919799805
683,2082.572,2261.116666666666,7459.000000000004,100,100,1004,2.22710448429007,7.4292828685259,2.4467673301696777,-2261.116666666666,-0.012412542651873082,52.13378059864044,0.554020069539547,0.07888133628148353,0.07479580980725586,683,330.0097355974581,0.30826520919799805
684,2085.581,2169.526666666666,7358.0,100,100,1006,2.331400795369437,7.314115308151093,2.5525033473968506,-2169.526666666666,-0.019444725888661196,34.10848814249039,0.5417117299512029,0.05883123526291456,0.07574728259351104,684,330.0159653907875,0.30826520919799805
685,2088.685,2131.4466666666644,7353.999999999993,100,100,1008,2.4275513880263406,7.295634920634914,2.6527135372161865,-2131.4466666666644,-0.012227258586790413,42.746094942092896,0.47637931909412146,0.05183501372448518,0.0846354168606922,685,330.0081145977887,0.30826520919799805
686,2091.683,2165.6566666666668,7224.999999999999,100,100,1010,2.3358384177254714,7.153465346534652,2.5671517848968506,-2165.6566666666668,-0.011434463609475642,39.85432457923889,0.4774411143735051,0.08431368648780335,0.07341796858236194,686,330.01793358840183,0.30826520919799805
687,2094.348,2080.470000000002,7440.0,100,100,1004,2.0376272892405045,7.410358565737051,2.2465202808380127,-2080.470000000002,-0.0075933600892312825,38.01923602819443,0.39991504047065973,0.098801367363194,0.11061789793893695,687,330.0773519030834,0.30826520919799805
688,2096.975,2218.506666666668,7497.0000000000055,100,100,1010,1.9828919780044125,7.422772277227728,2.2097723484039307,-2218.506666666668,-0.01325312111293897,37.333868980407715,0.4328504828736186,0.03635218233830528,0.09414062474388629,688,330.14553666418055,0.30826520919799805
689,2099.594,2130.3233333333337,7234.666666666666,100,100,1009,1.9799169456185652,7.170135447637925,2.2021942138671875,-2130.3233333333337,-0.009334928530734032,44.77738779783249,0.41455255448818207,0.1851765403553145,0.08656529011204839,689,330.2142866740005,0.30826520919799805
690,2105.342,2253.5666666666675,7399.666666666669,100,100,1006,1.9699931429388005,7.35553346587144,2.1905927658081055,-2253.5666666666675,-0.014914933082764037,46.644571185112,0.42395333386957645,0.10240306457853876,0.07339079480152577,690,330.28114561589524,0.30826520919799805
691,2107.997,2192.7433333333324,7473.999999999996,100,100,1009,2.0115691784269023,7.407333994053515,2.2368505001068115,-2192.7433333333324,-0.016606078133918345,38.58203721046448,0.46147587057203054,0.045437894827045966,0.09535435237921774,691,329.85384522519655,0.30826520919799805
692,2110.589,2235.816666666669,7379.666666666672,100,100,1004,1.9618162328277184,7.350265604249674,2.175417900085449,-2235.816666666669,-0.00851775414776057,39.103597819805145,0.44052241276949644,0.020811297263207962,0.09805575292557478,692,329.92448010019507,0.30826520919799805
693,2113.199,2237.6233333333334,7477.666666666668,100,100,1009,1.9558088182923048,7.410967955071029,2.1806793212890625,-2237.6233333333334,-0.010154084680834785,51.28708225488663,0.395932930521667,0.039877172544947825,0.09794523264281452,693,329.9944942649691,0.30826520919799805
694,2115.815,2137.6633333333334,7280.000000000004,100,100,1011,1.97368892060333,7.200791295746789,2.2002556324005127,-2137.6633333333334,-0.016961962217465043,35.93910205364227,0.381095458753407,0.04387708193826256,0.0920649510808289,694,330.0642857958601,0.30826520919799805
695,2118.412,2134.4766666666665,7474.0,100,100,1011,1.957394260637698,7.392680514342236,2.18338680267334,-2134.4766666666665,-0.014428333146497607,43.006450831890106,0.38474162109196186,0.11480422973909299,0.09121285250876099,695,330.1368899208817,0.30826520919799805
696,2121.014,2075.603333333333,7281.666666666666,100,100,1010,1.9672352480609892,7.209570957095709,2.189192533493042,-2075.603333333333,-0.013124932738719508,46.56231939792633,0.4125415524467826,0.07825587761908537,0.09587890608236194,696,330.20809120228967,0.30826520919799805
697,2123.711,2167.576666666666,7518.000000000003,100,100,1010,2.038016038863818,7.443564356435647,2.2635538578033447,-2167.576666666666,-0.016032076557166874,45.95463287830353,0.4547991035506129,0.02225051002460532,0.0860351559240371,697,330.26431258964203,0.30826520919799805
698,2126.585,2054.843333333334,7338.333333333334,100,100,1012,2.195936263370486,7.251317523056654,2.426363706588745,-2054.843333333334,-0.012713287607766688,45.906394362449646,0.4208401055075228,0.054599407623754814,0.09645432705292478,698,330.293801410367,0.30826520919799805
699,2129.543,2131.8466666666673,7344.333333333333,100,100,1007,2.271591065370116,7.293280370738166,2.4964470863342285,-2131.8466666666673,-0.02018611179664731,54.25761342048645,0.4650926385074854,0.06380998431995977,0.1002638794016093,699,330.30807517536795,0.30826520919799805
700,2136.089,2125.806666666665,7503.000000000002,100,100,1013,2.2858760129110585,7.406712734452125,2.5222363471984863,-2125.806666666665,-0.016142734210006893,32.521812319755554,0.45165776275098324,0.06299134489381686,0.10436320770531893,700,330.32464887422356,0.30826520919799805
701,2139.001,2044.4033333333343,7417.6666666666715,100,100,1006,2.2325968172190116,7.373426110006632,2.45143461227417,-2044.4033333333343,-0.02191545069217682,42.60219216346741,0.5023297984153032,0.05388294529984705,0.10512907634256408,701,329.79137438263683,0.30826520919799805
702,2141.962,2066.4599999999996,7480.333333333333,100,100,1015,2.2742590151286772,7.369786535303777,2.512730121612549,-2066.4599999999996,-0.020501543185673654,36.15215981006622,0.5083145359531045,0.035295879788463935,0.10504261357709765,702,329.80931248186056,0.30826520919799805
703,2145.026,2095.8666666666672,7405.999999999998,100,100,1011,2.385863402243943,7.325420375865478,2.6201820373535156,-2095.8666666666672,-0.01823249796871096,32.82322442531586,0.6363931559026241,0.04413107648178993,0.09268727037124336,703,329.80945646406246,0.30826520919799805
704,2148.032,2075.5966666666673,7362.333333333337,100,100,1014,2.3244015734249643,7.260683760683764,2.5616636276245117,-2075.5966666666673,-0.018828994187060744,48.418739914894104,0.5594636527821422,0.052798205077124294,0.11149088584352285,704,329.8201050040546,0.30826520919799805
705,2151.007,1993.44,7028.333333333333,100,100,1010,2.3088707912501207,6.958745874587459,2.5349948406219482,-1993.44,-0.019479955721180886,52.56520187854767,0.5796810612082481,0.06795244697241287,0.08025390584953129,705,329.83356592415237,0.30826520919799805
706,2153.807,2001.5333333333322,7304.666666666668,100,100,1012,2.150480137017957,7.218050065876154,2.3791251182556152,-2001.5333333333322,-0.016172306903172284,27.318500518798828,0.6632726397365332,0.016309497274050955,0.1087740387301892,706,329.8744640868942,0.30826520919799805
707,2156.514,2134.633333333333,7528.000000000002,100,100,1013,2.0535702878969695,7.431391905231986,2.2857584953308105,-2134.633333333333,-0.019283828209154308,35.45794105529785,0.641547117382288,0.020857349164543848,0.08949366165325046,707,329.9303807195999,0.30826520919799805
708,2159.187,2141.3199999999993,7483.999999999995,100,100,1013,2.02148301901088,7.387956564659423,2.2536284923553467,-2141.3199999999993,-0.020117588457651436,33.62138032913208,0.6545600797981024,0.010356264625443146,0.08100862335413694,708,329.9908344649761,0.30826520919799805
709,2161.846,2277.400000000001,7518.333333333334,100,100,1007,2.008574181018987,7.466070837471037,2.2336995601654053,-2277.400000000001,-0.01596905163023621,61.049811005592346,0.6534145921468735,0.020484047068748623,0.0802443481516093,709,330.0507242381309,0.30826520919799805
710,2167.755,2152.1566666666677,7501.333333333335,100,100,1012,2.010786562160453,7.412384716732545,2.239997625350952,-2152.1566666666677,-0.02000653653522022,34.25961130857468,0.608146283775568,0.08407022519168095,0.09983473597094417,710,330.11275394199845,0.30826520919799805
711,2170.423,2096.806666666666,7477.999999999999,100,100,1013,2.0162192498989264,7.38203356367226,2.2461581230163574,-2096.806666666666,-0.02164285467006266,30.060048758983612,0.5977775799110532,0.036032434029038996,0.09362102020531893,711,329.67947238734604,0.30826520919799805
712,2173.078,2073.226666666665,7381.666666666664,100,100,1013,2.0056450154553263,7.28693649226719,2.2349884510040283,-2073.226666666665,-0.022179789724759758,33.907600581645966,0.6281567644327879,0.038145810445712414,0.09925928665325046,712,329.7429514437317,0.30826520919799805
713,2175.78,2177.8299999999986,7334.666666666664,100,100,1010,2.023238219472921,7.26204620462046,2.2483971118927,-2177.8299999999986,-0.019993623427581042,28.619674742221832,0.6742899902164936,0.05408220028039068,0.08513671846594661,713,329.7976329476721,0.30826520919799805
714,2178.42,2059.526666666667,7528.000000000003,100,100,1013,1.9921832187018502,7.431391905231987,2.220559597015381,-2059.526666666667,-0.018307148711755872,30.08039391040802,0.594850255176425,0.01934568615979515,0.10560694290325046,714,329.86285924693107,0.30826520919799805
715,2181.127,2013.4366666666683,7278.333333333331,100,100,1012,2.052630829761033,7.192028985507244,2.2813825607299805,-2013.4366666666683,-0.01960523141315207,26.314970314502716,0.6012138845399022,0.0804988365562167,0.0590069112367928,715,329.91749289039774,0.30826520919799805
716,2183.822,2022.4700000000012,7325.666666666669,100,100,1010,2.0368816826658525,7.253135313531355,2.2603719234466553,-2022.4700000000012,-0.012316285981796682,27.32838785648346,0.6213988680392504,0.14861352584557608,0.06177734350785613,716,329.97288775297346,0.30826520919799805
717,2186.484,2059.4966666666674,7176.333333333329,100,100,1008,2.013205061043014,7.1193783068783025,2.232748508453369,-2059.4966666666674,-0.017132238717749715,31.619129538536072,0.6218065172433853,0.05700298727606423,0.08968098962213844,717,330.0322013414086,0.30826520919799805
718,2189.094,2131.8633333333332,7304.000000000001,100,100,1003,1.9854694911987258,7.282153539381856,2.195133686065674,-2131.8633333333332,-0.012489873333834112,35.870141208171844,0.6540797799825668,0.047518979699816555,0.10248228535056114,718,330.0969007523672,0.30826520919799805
719,2191.732,2235.4666666666667,7362.333333333333,100,100,1007,1.9877753707200156,7.3111552466070835,2.207224130630493,-2235.4666666666667,-0.016515332623384893,39.05683147907257,0.6774836983531713,0.01948342745890841,0.08557388611370698,719,330.1590253891665,0.30826520919799805
720,2197.522,2250.51,7541.999999999996,100,100,1005,1.991859603260843,7.5044776119402945,2.2080459594726562,-2250.51,-0.019827203592285514,41.266551077365875,0.6087624533101916,0.03376217420009198,0.13312717038206756,720,330.2209780101562,0.30826520919799805
721,2200.133,2124.8133333333344,7535.333333333334,100,100,1009,1.9685569859863923,7.468120251073671,2.1888139247894287,-2124.8133333333344,-0.01840973290381953,33.49774473905563,0.5900654029101133,0.03230319492286071,0.12847775779664516,721,329.81371454712877,0.30826520919799805
722,2202.762,2289.7966666666675,7493.333333333332,100,100,1004,1.9759944228704025,7.463479415670649,2.192382574081421,-2289.7966666666675,-0.017083156330045313,45.883827686309814,0.6909370413050056,0.010570073471171781,0.10422585275955498,722,329.8758414915487,0.30826520919799805
723,2205.38,2257.846666666667,7394.000000000001,100,100,1004,1.9811880480279158,7.364541832669324,2.1987104415893555,-2257.846666666667,-0.022539270168635994,60.02577447891235,0.6460088957101107,0.015925052495731506,0.10684481565840542,723,329.93954560488066,0.30826520919799805
724,2208.059,2206.343333333332,7339.3333333333285,100,100,1008,1.9920252970122319,7.281084656084651,2.215113878250122,-2206.343333333332,-0.018676179577596486,57.39338493347168,0.6593794487416744,0.013807124727463815,0.1048177087213844,724,329.9957473293235,0.30826520919799805
725,2210.751,2240.933333333334,7406.666666666668,100,100,1012,2.02031017834663,7.318840579710146,2.2583086490631104,-2240.933333333334,-0.020494493772275746,43.552664041519165,0.6422924604266882,0.014571846008038847,0.11703725974075496,725,330.0516007732197,0.30826520919799805
726,2213.393,2148.69,7143.33333333333,100,100,1011,1.9940830879770108,7.0656116056709495,2.222801446914673,-2148.69,-0.027135675656609237,47.68590450286865,0.6526075005531311,0.008620537020760821,0.10611021803924814,726,330.1145129557883,0.30826520919799805
727,2215.983,2190.6333333333337,7345.333333333331,100,100,1006,1.9558126244103355,7.301524188204106,2.1730740070343018,-2190.6333333333337,-0.023083412321284413,45.811547458171844,0.6273772586137056,0.00906013206258649,0.09871773095801473,727,330.18258521649534,0.30826520919799805
728,2218.578,2134.836666666666,7194.666666666665,100,100,1009,1.9587108045511827,7.130492236537825,2.1824495792388916,-2134.836666666666,-0.020479673898080364,36.71583431959152,0.6255462076514959,0.007386766606941819,0.09565330040641129,728,330.2511614013495,0.30826520919799805
729,2221.191,2087.613333333335,7241.0,100,100,1006,1.96514990183971,7.1978131212723655,2.176182746887207,-2087.613333333335,-0.02317668462637812,40.90946292877197,0.6351126618683338,0.0058379338843224104,0.10786769702099264,729,330.3156494984669,0.30826520919799805
730,2226.906,2194.7266666666674,7416.999999999997,100,100,1006,1.9864439366016886,7.372763419483099,2.2042977809906006,-2194.7266666666674,-0.024851514142937958,46.8142032623291,0.5831640027463436,0.012066762190443114,0.11020295543130487,730,330.3785463039176,0.30826520919799805
731,2229.519,2294.6099999999988,7730.66666666667,100,100,1011,1.961937982314492,7.646554566435875,2.1910457611083984,-2294.6099999999988,-0.024497913953382522,50.485549449920654,0.5821925485506654,0.0162561522811302,0.0989104628097266,731,329.9864911781213,0.30826520919799805
732,2232.11,2138.1533333333327,7298.333333333333,100,100,1005,1.9576580085286601,7.262023217247098,2.170775890350342,-2138.1533333333327,-0.016718894301448017,40.57046741247177,0.5113124204799533,0.04121480366302421,0.1188910590717569,732,330.05365199933425,0.30826520919799805
733,2234.704,2157.0633333333335,7222.000000000005,100,100,1004,1.9523580678028103,7.193227091633471,2.164644718170166,-2157.0633333333335,-0.022651948529528454,48.99044591188431,0.5112322308123112,0.014444930566241965,0.10640092357061803,733,330.11982444511864,0.30826520919799805
734,2237.267,2166.210000000001,7466.333333333332,100,100,999,1.9450425416244208,7.473807140473806,2.145740509033203,-2166.210000000001,-0.018708614399656653,39.103921592235565,0.5286806141957641,0.02295476406288799,0.10647035297006369,734,330.18810567625235,0.30826520919799805
735,2239.874,2199.7533333333336,7387.333333333334,100,100,1007,1.9725322749515646,7.335981463091692,2.1931259632110596,-2199.7533333333336,-0.02101891447091475,51.08273458480835,0.571431047283113,0.02208722945943009,0.10608169867191464,735,330.25337321282365,0.30826520919799805
736,2242.457,2107.4766666666656,7211.66666666667,100,100,1006,1.9501163022477868,7.1686547382372465,2.166120767593384,-2107.4766666666656,-0.020098286913707852,42.117865800857544,0.5832368331030011,0.013812875426083338,0.11096722166985273,736,330.3215410659266,0.30826520919799805
737,2245.432,2180.6833333333348,7376.999999999995,100,100,1006,2.3242710737991064,7.333001988071566,2.546154737472534,-2180.6833333333348,-0.021809695870615542,46.382550835609436,0.5486204996705055,0.008223929051382584,0.1204568613320589,737,330.33196692350487,0.30826520919799805
738,2248.458,2138.156666666666,7310.999999999999,100,100,1005,2.3764136331897245,7.274626865671641,2.592714548110962,-2138.156666666666,-0.02209036471322179,46.36701774597168,0.5491130705922842,0.034355018393398495,0.11490885470993817,738,330.3343544639237,0.30826520919799805
739,2251.384,2237.3299999999986,7345.666666666664,100,100,1001,2.274205592776333,7.338328338328336,2.4836161136627197,-2237.3299999999986,-0.020330099505372345,50.74889302253723,0.5455813184380531,0.02548676529841032,0.1235827929340303,739,330.3499049595314,0.30826520919799805
740,2257.845,2189.1200000000013,7205.333333333332,100,100,1008,2.268220436235424,7.148148148148147,2.49401593208313,-2189.1200000000013,-0.019000448228325695,45.57424587011337,0.5609544785693288,0.02362530529171636,0.11995442723855376,740,330.3661316419812,0.30826520919799805
741,2260.751,2116.040000000001,7114.333333333331,100,100,1004,2.2509203187377373,7.085989375830011,2.464108467102051,-2116.040000000001,-0.012585366028361022,43.33989232778549,0.5514884786680341,0.03489617865852779,0.12056108005344868,741,329.87089040942647,0.30826520919799805
742,2263.545,2109.5400000000013,7144.333333333338,100,100,1001,2.1542104901504016,7.137196137196142,2.35736346244812,-2109.5400000000013,-0.01710720080882311,43.80484515428543,0.5648833522573113,0.032549012765230145,0.12471417640335858,742,329.9059611039602,0.30826520919799805
743,2266.509,2153.3599999999997,7459.333333333333,100,100,1004,2.2900819744120735,7.4296148738379815,2.502948522567749,-2153.3599999999997,-0.02066364703932777,52.77146029472351,0.5542576219886541,0.024883754849724937,0.11496804002672434,743,329.91752272340466,0.30826520919799805
744,2269.534,2114.3233333333324,7264.666666666663,100,100,1004,2.3686699216732703,7.235723771580342,2.582221031188965,-2114.3233333333324,-0.018222835409687832,50.64436960220337,0.538553630001843,0.028425048472399794,0.11958451755344868,744,329.920190947444,0.30826520919799805
745,2272.464,2189.050000000001,7333.333333333333,100,100,1006,2.266023061437269,7.289595758780649,2.490086555480957,-2189.050000000001,-0.01918390905484557,43.12801921367645,0.5913750026375055,0.013202171656303108,0.11461871606297791,745,329.93752880819375,0.30826520919799805
746,2275.1,2046.8233333333355,6967.333333333339,100,100,1002,2.013136726500143,6.9534264803725945,2.2164478302001953,-2046.8233333333355,-0.019107511907350272,45.61678624153137,0.6355678187683225,0.01417827633486013,0.10386439744615927,746,329.99564561667756,0.30826520919799805
747,2277.727,2141.9733333333347,7332.666666666667,100,100,1001,1.9891964046974908,7.325341325341325,2.1959290504455566,-2141.9733333333347,-0.024092418316286057,55.204198479652405,0.6608821619302034,0.023246222976013087,0.1021936924662441,747,330.05442813652144,0.30826520919799805
748,2280.334,2140.6599999999994,7461.000000000002,100,100,1001,1.9822984009973712,7.453546453546456,2.1877987384796143,-2140.6599999999994,-0.021686225038138218,36.44994854927063,0.693172987550497,0.016510773573827464,0.11895007593557239,748,330.11630856230994,0.30826520919799805
749,2282.963,2150.2,7196.666666666667,100,100,1007,1.9774811307445552,7.146640185369083,2.1967592239379883,-2150.2,-0.023682664264924824,46.807633459568024,0.638547770678997,0.018152575081330724,0.1275141288060695,749,330.1770128142719,0.30826520919799805
750,2288.762,2189.4033333333336,7435.000000000003,100,100,1010,1.992448512695287,7.361386138613864,2.219716787338257,-2189.4033333333336,-0.025112869567237794,40.47763633728027,0.6662727789953351,0.01227598085461068,0.1101562500698492,750,330.23635592730096,0.30826520919799805
751,2291.384,2284.3066666666673,7535.333333333332,100,100,1008,1.9764853181735065,7.4755291005291,2.200910806655884,-2284.3066666666673,-0.026585368905216455,39.965280652046204,0.5930965645238757,0.047527566508506425,0.13264974020421505,751,329.84428631718544,0.30826520919799805
752,2293.992,2184.413333333334,7436.333333333336,100,100,1008,1.9677976200159357,7.3773148148148175,2.187904119491577,-2184.413333333334,-0.021540477988310158,31.552969992160797,0.6487493962049484,0.044007291509842617,0.09879557293606922,752,329.9087767479781,0.30826520919799805
753,2296.575,2181.5366666666664,7234.666666666666,100,100,999,1.9611288309544772,7.241908575241908,2.1635680198669434,-2181.5366666666664,-0.030746309435926378,39.20028626918793,0.6231994070112705,0.022986679527093656,0.11006360221654177,753,329.97260554667406,0.30826520919799805
754,2299.183,2139.0966666666673,7317.333333333335,100,100,1003,1.9641354954444012,7.295446992356266,2.1702468395233154,-2139.0966666666673,-0.018807933025527745,49.26793444156647,0.5958768334239721,0.043562025064602494,0.12444358691573143,754,330.0345804290126,0.30826520919799805
755,2301.809,2068.336666666667,7348.999999999998,100,100,1006,1.9903606354447811,7.305168986083498,2.203947067260742,-2068.336666666667,-0.025576140149496496,36.219153225421906,0.6473306622356176,0.10093141951074358,0.11585003370419145,755,330.09511979283064,0.30826520919799805
756,2304.47,2160.063333333334,7240.666666666667,100,100,1012,2.0093660102927093,7.154808959156785,2.2374210357666016,-2160.063333333334,-0.01653365881065838,45.742009699344635,0.6142807528376579,0.03466957745695254,0.11129056545905769,756,330.15315516069757,0.30826520919799805
757,2307.074,2233.5,7442.333333333336,100,100,1003,1.9764289138504376,7.420073113991362,2.1868252754211426,-2233.5,-0.018274132627993822,43.774096965789795,0.6235558083280921,0.011934620590182021,0.10809184238314629,757,330.21529207466864,0.30826520919799805
758,2309.712,2113.7566666666667,7212.999999999999,100,100,1005,1.979931840089275,7.177114427860696,2.192232370376587,-2113.7566666666667,-0.02452377084409818,39.1349573135376,0.6098548863083124,0.011605424017034238,0.09997829864732921,758,330.27320993076194,0.30826520919799805
759,2312.342,2018.5100000000011,7078.999999999999,100,100,1008,1.9828373044710754,7.02281746031746,2.198005199432373,-2018.5100000000011,-0.015318750374717638,44.40733736753464,0.600277722813189,0.006697480610455386,0.09749348962213844,759,330.33353685659074,0.30826520919799805
760,2318.089,2114.0499999999984,7097.000000000001,100,100,1004,1.95081215198764,7.068725099601594,2.1633808612823486,-2114.0499999999984,-0.02282654552254826,46.89331704378128,0.6523584425449371,0.010424885047541466,0.10085227317176759,760,330.39804589817703,0.30826520919799805
761,2320.739,2118.956666666666,7262.333333333338,100,100,1011,1.976358161573174,7.18331684800528,2.200625419616699,-2118.956666666666,-0.01804808815359138,52.698082625865936,0.6137264100834727,0.02399422058078926,0.10476026369724423,761,330.00652919350455,0.30826520919799805
762,2323.359,2192.2800000000007,7461.000000000002,100,100,1009,1.975110307662601,7.3944499504459875,2.198594808578491,-2192.2800000000007,-0.016602742369286716,39.0417405962944,0.617774311453104,0.033869528997456655,0.11469626892358065,762,330.0686816425112,0.30826520919799805
763,2325.988,2143.9999999999995,7389.999999999996,100,100,1004,1.9960322721575599,7.360557768924299,2.2073724269866943,-2143.9999999999995,-0.017660647397860885,29.747186958789825,0.7121639624238014,0.11951394259813242,0.13174715940840542,763,330.12730831031365,0.30826520919799805
764,2328.65,2158.466666666666,7395.000000000001,100,100,1004,2.034099502985243,7.3655378486055785,2.247237205505371,-2158.466666666666,-0.012701707892119884,33.19356828927994,0.6961292400956154,0.03272415138781071,0.08012251416221261,764,330.1809791044114,0.30826520919799805
765,2331.304,2174.5600000000004,7467.333333333336,100,100,1009,1.9866598592803428,7.400726792203504,2.2130117416381836,-2174.5600000000004,-0.018066957316477783,43.29894816875458,0.6714016180485487,0.027165835366758984,0.0944874039851129,765,330.23787192648086,0.30826520919799805
766,2333.897,2121.7333333333336,7326.666666666664,100,100,1010,1.9469012846331122,7.254125412541252,2.1685116291046143,-2121.7333333333336,-0.02109964325791225,38.09382748603821,0.6324687153100967,0.01323348122969037,0.09728515625465661,766,330.3037484869403,0.30826520919799805
767,2336.477,1996.4500000000014,7127.66666666667,100,100,1008,1.946807638483329,7.071097883597886,2.157977342605591,-1996.4500000000014,-0.01680308737559244,37.971423268318176,0.6420068833976984,0.015135094083234435,0.09049479168606922,767,330.370514066959,0.30826520919799805
768,2339.052,2123.9100000000008,7474.0,100,100,1002,1.9536865266326242,7.4590818363273454,2.1584668159484863,-2123.9100000000008,-0.01554998307256028,34.82556563615799,0.6979846432805061,0.01503790364949964,0.0750790552701801,768,330.43511851252924,0.30826520919799805
769,2341.603,2053.8100000000004,7152.666666666665,100,100,1006,1.9107075546040508,7.110006626905234,2.1208386421203613,-2053.8100000000004,-0.015387497172923759,41.592548966407776,0.6012383690103889,0.01867477058112854,0.10638162354007363,769,330.50483810820356,0.30826520919799805
770,2347.255,2208.4,7312.333333333334,100,100,1003,1.9511476583669292,7.290461947490861,2.1648998260498047,-2208.4,-0.01517038349993527,37.96373796463013,0.7097558239474893,0.0298891931779508,0.14227152988314629,770,330.5664821664756,0.30826520919799805
771,2349.829,2143.5033333333326,7345.999999999996,100,100,1010,1.9280601001233968,7.27326732673267,2.14910888671875,-2143.5033333333326,-0.017896320023282897,35.321258306503296,0.6408184394240379,0.011754465420381166,0.09099609358236194,771,330.2043928363217,0.30826520919799805
772,2352.376,2108.7000000000003,7279.66666666667,100,100,1002,1.9277424142350204,7.265136393878912,2.129770040512085,-2108.7000000000003,-0.02384591309237294,32.828208923339844,0.613811600022018,0.015698783005063888,0.1132114960346371,772,330.2728679993959,0.30826520919799805
773,2354.946,2093.6533333333336,7216.666666666669,100,100,1006,1.9338034754378304,7.1736249171636866,2.1473324298858643,-2093.6533333333336,-0.020202026527840644,39.96402031183243,0.6658645663410425,0.017527394607895985,0.10026749316602945,773,330.33969139063424,0.30826520919799805
774,2357.535,2170.256666666668,7603.000000000001,100,100,1008,1.9486447399397129,7.542658730158731,2.168687343597412,-2170.256666666668,-0.021153412119019777,41.063920974731445,0.7023887578397989,0.02095775282214163,0.10709635447710752,774,330.4044741267037,0.30826520919799805
775,2360.118,2178.433333333333,7243.666666666667,100,100,1008,1.9430594239522525,7.186177248677249,2.161111354827881,-2178.433333333333,-0.018097203806973994,37.032344460487366,0.5929450392723083,0.016712636876036413,0.11295572947710752,775,330.46989711405394,0.30826520919799805
776,2362.722,2213.946666666668,7498.0,100,100,1007,1.9506923530654021,7.445878848063555,2.1683237552642822,-2213.946666666668,-0.013734544801991433,47.919776916503906,0.6802024971693754,0.007617397350259125,0.0924513794016093,776,330.5318933005867,0.30826520919799805
777,2365.62,1905.156666666666,6933.333333333334,100,100,1007,2.2407351533374578,6.885137371731216,2.454285144805908,-1905.156666666666,-0.018938022491056472,45.20675480365753,0.5428620288148522,0.04272898111958057,0.09635762928519398,777,330.55268585953917,0.30826520919799805
778,2368.776,2108.933333333332,7366.333333333334,100,100,1009,2.4700272551205145,7.300627684175752,2.6983611583709717,-2108.933333333332,-0.019682202982949093,51.82924139499664,0.6532829105854034,0.011276972232735716,0.09471659758128226,778,330.53817514275863,0.30826520919799805
779,2371.87,2151.52,7222.0,100,100,1007,2.429608439669649,7.171797418073486,2.6527740955352783,-2151.52,-0.01767876389203593,36.924635112285614,0.6977014783769846,0.025140633071714547,0.11913023586384952,779,330.5315992347184,0.30826520919799805
780,2378.237,2136.3633333333332,7302.0,100,100,1011,2.1851519287382386,7.222551928783383,2.4152965545654297,-2136.3633333333332,-0.015755767410155386,45.71693789958954,0.6282099019736052,0.005797197372885421,0.07814414845779538,780,330.55920393876744,0.30826520919799805
781,2381.294,2074.6800000000017,7317.666666666671,100,100,997,2.410296788471849,7.339685723838185,2.605801582336426,-2074.6800000000017,-0.019181705603841692,49.182849764823914,0.6150406878441572,0.017618642552406527,0.08159575617173687,781,330.06682822608195,0.30826520919799805
782,2384.293,2241.043333333334,7516.333333333334,100,100,1002,2.3468152713774146,7.501330671989355,2.5588340759277344,-2241.043333333334,-0.02041169855510816,50.46183800697327,0.7242061942815781,0.05104941836907528,0.10293433791957796,782,330.07178575839106,0.30826520919799805
783,2387.141,2126.9833333333327,7244.666666666672,100,100,1007,2.1891960295707045,7.194306521019536,2.408478260040283,-2126.9833333333327,-0.02630563115235418,39.54194951057434,0.6962454412132502,0.021923962762230076,0.13275016588158906,783,330.09990156372106,0.30826520919799805
784,2390.043,2166.9333333333325,7400.33333333333,100,100,1006,2.223025449060059,7.356196156394961,2.4425103664398193,-2166.9333333333325,-0.021645217784680426,45.19674456119537,0.7350570727139711,0.02141594570275629,0.10247537377290428,784,330.1200559356565,0.30826520919799805
785,2393.087,2192.8466666666673,7313.333333333337,100,100,999,2.393350851986822,7.320653987320657,2.601816177368164,-2192.8466666666673,-0.017716192756779492,44.08243751525879,0.6801746264100075,0.03424417847418226,0.12547576148062944,785,330.11753068321474,0.30826520919799805
786,2395.873,2076.1200000000003,7258.666666666667,100,100,1006,2.104353978854991,7.2153744201457926,2.3216452598571777,-2076.1200000000003,-0.024891403096262366,46.46502327919006,0.6967326235026121,0.022038808587240055,0.12183678697329015,786,330.15366727314796,0.30826520919799805
787,2398.781,2148.013333333334,7313.000000000002,100,100,1005,2.2461809934955554,7.2766169154228875,2.463611602783203,-2148.013333333334,-0.020201773440930992,32.713923931121826,0.6557391304522753,0.010440594189276453,0.09958767384523526,787,330.1723065211625,0.30826520919799805
788,2401.7,2084.1366666666663,7275.000000000003,100,100,1014,2.2412707128596936,7.1745562130177545,2.479513645172119,-2084.1366666666663,-0.018831241759471595,43.451068103313446,0.6945115905255079,0.020267420019081328,0.10282841429580003,788,330.19337200838214,0.30826520919799805
789,2404.41,2000.3366666666677,7057.666666666671,100,100,1007,2.063997817140668,7.008606421714668,2.278059959411621,-2000.3366666666677,-0.022762581356801093,35.95266193151474,0.6696661673486233,0.011399900962715037,0.09991065470967442,789,330.23978749937714,0.30826520919799805
790,2410.695,2120.6233333333344,7224.000000000003,100,100,1003,2.1202062804006774,7.202392821535397,2.3296260833740234,-2120.6233333333344,-0.024001702724490315,40.37304711341858,0.6943571176379919,0.01564938331466692,0.12518168613314629,790,330.275672639034,0.30826520919799805
791,2413.567,2047.1699999999983,7245.333333333333,100,100,1004,2.2200791845172345,7.2164674634794155,2.431398630142212,-2047.1699999999983,-0.02225310733774677,38.648934721946716,0.640125734731555,0.022699673150782473,0.13880504295229912,791,329.818514243219,0.30826520919799805
792,2416.294,2151.926666666667,7456.333333333335,100,100,1008,2.0521353161755194,7.397156084656086,2.2751071453094482,-2151.926666666667,-0.02602312935050577,45.32092350721359,0.7716589104384184,0.022893121906236047,0.11718750046566129,792,329.86346295541534,0.30826520919799805
793,2419.022,2147.143333333333,7456.000000000003,100,100,1008,2.062837800795456,7.3968253968254,2.284637212753296,-2147.143333333333,-0.024081546580418944,50.785274147987366,0.6808320349082351,0.016571518666751217,0.10335286491317675,793,329.90812875972574,0.30826520919799805
794,2421.972,2077.6400000000012,7385.666666666667,100,100,1012,2.2702278668730864,7.2980895915678525,2.5032577514648438,-2077.6400000000012,-0.0219125131261535,36.86454623937607,0.6741452030837536,0.010364283622038784,0.10227614198811352,794,329.92413477818707,0.30826520919799805
795,2424.951,2114.583333333334,7275.66666666667,100,100,1007,2.3137141994127584,7.2250910294604465,2.5388221740722656,-2114.583333333334,-0.019027499365620315,42.69622504711151,0.7668743096292019,0.02616157181910239,0.12036652211099863,795,329.9340259105693,0.30826520919799805
796,2427.969,2138.4933333333333,7457.333333333331,100,100,1005,2.358048657576243,7.4202321724709766,2.574587345123291,-2138.4933333333333,-0.02468064078129828,38.85426276922226,0.7540758606046438,0.016951639627222903,0.09185112855629995,796,329.938101422681,0.30826520919799805
797,2431.022,2248.816666666667,7519.333333333333,100,100,1007,2.375300101405925,7.46706388613042,2.6032557487487793,-2248.816666666667,-0.024261038459371775,50.0250905752182,0.6870113611221313,0.02596444582741242,0.09852892265189439,797,329.9377746823897,0.30826520919799805
798,2433.938,2079.9700000000003,7231.333333333334,100,100,1009,2.248776707049677,7.166831846712918,2.4717705249786377,-2079.9700000000003,-0.02471830422291532,44.238622546195984,0.6423569917678833,0.04493006913980935,0.1159717789851129,798,329.9571049175303,0.30826520919799805
799,2436.793,2162.3066666666664,7347.666666666669,100,100,1008,2.1914861094306355,7.289351851851854,2.4186902046203613,-2162.3066666666664,-0.020009796950034797,44.11094665527344,0.6491041947156191,0.03822957472220878,0.1004231774713844,799,329.98418614772817,0.30826520919799805
800,2443.469,2043.68,7177.3333333333385,100,100,1006,2.372015904076027,7.134526176275684,2.591172933578491,-2043.68,-0.025991996750235558,30.115489721298218,0.6927966587245464,0.013321570819243789,0.10404636559542269,800,329.9853049463958,0.30826520919799805
801,2446.321,2107.0666666666666,7303.999999999995,100,100,1007,2.177568321794183,7.253227408142995,2.3977928161621094,-2107.0666666666666,-0.013713208958506584,39.6172091960907,0.6281789606437087,0.05678970946246409,0.08162608032580465,801,329.52177644915025,0.30826520919799805
802,2449.199,2143.163333333334,7183.999999999997,100,100,1008,2.2166167682227087,7.126984126984124,2.441167116165161,-2143.163333333334,-0.021587802446447313,55.60499167442322,0.6912260968238115,0.0308004952094052,0.1114908856106922,802,329.5461664116034,0.30826520919799805
803,2452.204,2164.5166666666673,7265.666666666665,100,100,1001,2.348855545220489,7.258408258408257,2.5579676628112793,-2164.5166666666673,-0.020649941521696746,61.508116245269775,0.6201773025095463,0.02906582036666805,0.10637385584414005,803,329.5505606822398,0.30826520919799805
804,2454.86,2063.223333333334,7286.333333333332,100,100,1001,2.031990808884164,7.279054279054278,2.2328455448150635,-2063.223333333334,-0.017898260382935405,34.39434438943863,0.6317047495394945,0.010623053203744348,0.11305497284047306,804,329.60171751240915,0.30826520919799805
805,2457.452,2212.643333333333,7389.333333333337,100,100,1006,1.9500149109828513,7.345261762756796,2.168274402618408,-2212.643333333333,-0.014283112133853137,45.75813150405884,0.6685135494917631,0.023855548388382886,0.08538552967365831,805,329.66343699812603,0.30826520919799805
806,2460.036,2013.1300000000008,7040.000000000003,100,100,1002,1.9611068864161532,7.025948103792418,2.1643640995025635,-2013.1300000000008,-0.020807781140320003,28.58860445022583,0.6252584848552942,0.025543128176650498,0.1107933409512043,806,329.72439700683134,0.30826520919799805
807,2462.628,2157.363333333333,7157.000000000002,100,100,1009,1.9448048554451323,7.093161546085235,2.1695713996887207,-2157.363333333333,-0.020603198849130422,46.661124646663666,0.7053966987878084,0.024537987512303516,0.12202048767358065,807,329.78717584081176,0.30826520919799805
808,2465.237,2139.606666666667,7359.333333333338,100,100,1008,1.9507194450679457,7.30092592592593,2.1673879623413086,-2139.606666666667,-0.022227964480407536,39.94736444950104,0.6345122437924147,0.01836462317078258,0.13037109375,808,329.84704882669337,0.30826520919799805
809,2467.856,2002.420000000001,7007.999999999998,100,100,1008,1.9545331354796265,6.952380952380951,2.1708617210388184,-2002.420000000001,-0.023475687397876754,33.94630312919617,0.7226940952241421,0.030985460900410544,0.1259765629656613,809,329.90544846127324,0.30826520919799805
810,2473.52,2052.9966666666664,7206.333333333332,100,100,1005,1.9455802965149358,7.170480928689883,2.156161308288574,-2052.9966666666664,-0.02143120375694707,50.81894636154175,0.7689477372914553,0.01607502095430391,0.13269314263015985,810,329.9675358447994,0.30826520919799805
811,2476.123,2107.58,7394.333333333332,100,100,1013,1.9487906239332902,7.299440605462322,2.1765406131744385,-2107.58,-0.023739254102110863,48.365601658821106,0.7524594906717539,0.025126781896688044,0.12155439285561442,811,329.6188655935199,0.30826520919799805
812,2478.693,2105.4300000000007,7315.999999999999,100,100,998,1.936899698157431,7.330661322645289,2.1336288452148438,-2105.4300000000007,-0.022304135287413374,44.009721755981445,0.7279169112443924,0.019486145363771357,0.1291889394633472,812,329.6797668184153,0.30826520919799805
813,2481.341,2071.0966666666664,7342.999999999997,100,100,1012,1.9888062228627224,7.255928853754938,2.2163608074188232,-2071.0966666666664,-0.02115957485511899,40.386411905288696,0.7648157645016909,0.02251920229900861,0.14178936323150992,813,329.73585456328715,0.30826520919799805
814,2484.088,2242.986666666666,7557.333333333334,100,100,1000,2.0844395013991743,7.557333333333334,2.2934694290161133,-2242.986666666666,-0.016077674052212387,52.39553606510162,0.6879167063161731,0.015933531161863357,0.13056640652939677,814,329.77371790026126,0.30826520919799805
815,2487.025,2251.7700000000023,7477.6666666666715,100,100,1003,2.2563434676949683,7.4553007643735505,2.473904848098755,-2251.7700000000023,-0.023840195208322257,50.829626619815826,0.720979543402791,0.028539093291328754,0.13858103193342686,815,329.78758250705573,0.30826520919799805
816,2489.935,2066.8066666666673,7138.000000000004,100,100,1007,2.2393091362803923,7.088381330685207,2.4618418216705322,-2066.8066666666673,-0.023260198067873716,36.85450851917267,0.7286720983684063,0.039233073252034956,0.14371052151545882,816,329.8066120587468,0.30826520919799805
817,2492.723,2150.8266666666664,7311.666666666664,100,100,1009,2.1293292372885304,7.246448629005614,2.3548524379730225,-2150.8266666666664,-0.018924892006907612,36.43506121635437,0.8354546688497066,0.03760823037009686,0.16907485574483871,817,329.8424982394868,0.30826520919799805
818,2495.627,2187.3733333333334,7373.333333333329,100,100,1004,2.2241520908507204,7.343957503320049,2.4407129287719727,-2187.3733333333334,-0.020377285894937813,52.468838572502136,0.7718638144433498,0.01616767163068289,0.12286931811831892,818,329.8610237507099,0.30826520919799805
819,2498.622,2084.4566666666665,7421.666666666668,100,100,1006,2.303871769591366,7.377402253147781,2.5242702960968018,-2084.4566666666665,-0.01955308543983847,36.652410447597504,0.7861942760646343,0.020752796379383653,0.14164402172900736,819,329.868244299053,0.30826520919799805
820,2505.169,2154.936666666667,7475.333333333332,100,100,1003,2.387727119454767,7.452974410103023,2.6028614044189453,-2154.936666666667,-0.016268727893475443,41.48934817314148,0.7830669190734625,0.015727570109447697,0.10685410653240979,820,329.8650411977623,0.30826520919799805
821,2508.125,2095.5199999999986,7220.666666666663,100,100,1010,2.2744111863130905,7.149174917491746,2.50408935546875,-2095.5199999999986,-0.024415340623818338,29.82412976026535,0.7506826594471931,0.016777561007984332,0.12244140624534339,821,329.42095653851317,0.30826520919799805
822,2511.169,2117.4066666666668,7481.333333333334,100,100,1011,2.3351742816457026,7.399934058687768,2.567873954772949,-2117.4066666666668,-0.026120205118786544,43.47610008716583,0.70921516045928,0.013936029496107949,0.13578048418276012,822,329.42420565067465,0.30826520919799805
823,2513.998,2292.396666666667,7599.666666666664,100,100,1010,2.1644173283360457,7.524422442244222,2.397200345993042,-2292.396666666667,-0.02325015695532784,56.49230468273163,0.7098110094666481,0.022548168621142395,0.1414062500698492,823,329.4553402519138,0.30826520919799805
824,2516.639,2093.1366666666668,7367.666666666668,100,100,1002,2.0081922156316137,7.352960745176315,2.216007947921753,-2093.1366666666668,-0.022386089665815234,40.41060495376587,0.6642276309430599,0.021373784500610782,0.13688151049427688,824,329.50777532078223,0.30826520919799805
825,2519.316,2214.2366666666644,7612.666666666664,100,100,1005,2.017562288040323,7.5747927031509095,2.2354445457458496,-2214.2366666666644,-0.02414761984255165,49.88900828361511,0.6496047955006361,0.027524462922883686,0.13310546893626451,825,329.5564765922313,0.30826520919799805
826,2521.951,1971.8733333333316,7276.666666666663,100,100,1003,2.004550147689285,7.25490196078431,2.2067151069641113,-1971.8733333333316,-0.020819164637941867,51.78638768196106,0.6310266582295299,0.02621698359871516,0.13049600319936872,826,329.6098418814406,0.30826520919799805
827,2524.623,2094.6499999999987,7201.666666666667,100,100,1008,2.0194733122711086,7.144510582010582,2.2403035163879395,-2094.6499999999987,-0.02294105535838753,41.66673535108566,0.6218088874593377,0.020423459685844136,0.12939453125,827,329.6603427525551,0.30826520919799805
828,2527.286,2082.403333333334,7463.333333333332,100,100,1005,2.006409653990682,7.426202321724708,2.219315528869629,-2082.403333333334,-0.020727520779473707,30.469457507133484,0.6289459001272917,0.02968754080211511,0.11686197947710752,828,329.7106597422054,0.30826520919799805
829,2529.932,1998.9466666666654,7158.666666666666,100,100,1007,2.0040440922945204,7.108904336312479,2.2193217277526855,-1998.9466666666654,-0.020289139880333096,46.61129587888718,0.6597227174788713,0.02185294785158476,0.10776471043936908,829,329.7637501448434,0.30826520919799805
830,2535.803,2051.5133333333342,7442.666666666663,100,100,1011,2.041232837575951,7.361688097593139,2.2648346424102783,-2051.5133333333342,-0.018132971425075084,42.58122915029526,0.6309367083013058,0.012189103403215995,0.10587086447048932,830,329.81172937545745,0.30826520919799805
831,2538.451,2026.5033333333333,7166.666666666666,100,100,1007,2.0036387300977063,7.116848725587553,2.217210054397583,-2026.5033333333333,-0.022445446520578116,31.288922250270844,0.6809134017676115,0.013736067761783488,0.11739527905592695,831,329.4520834285967,0.30826520919799805
832,2541.115,2164.3,7331.000000000001,100,100,1005,2.0137799036137722,7.294527363184081,2.2304842472076416,-2164.3,-0.02177048005978577,38.9105287194252,0.7304970622062683,0.011128719487714989,0.1294053823221475,832,329.5022206191419,0.30826520919799805
833,2543.776,2042.7033333333338,7235.333333333333,100,100,1004,2.01166155112655,7.206507304116865,2.221280336380005,-2042.7033333333338,-0.022977884742431343,38.40425759553909,0.6312672067433596,0.02538338572048815,0.11776455957442522,833,329.5524050717543,0.30826520919799805
834,2546.411,2068.7333333333336,7448.333333333333,100,100,1006,1.9974153083619508,7.4039098740888,2.211047649383545,-2068.7333333333336,-0.02096096327295527,46.25771826505661,0.644430560991168,0.02970323578483658,0.10854704509256408,834,329.6062037686296,0.30826520919799805
835,2549.057,2102.059999999999,7166.0,100,100,1008,2.001038094310807,7.109126984126984,2.222092390060425,-2102.059999999999,-0.01659391517750919,31.333196341991425,0.6425436558201909,0.031998830745578744,0.10237630223855376,835,329.6595728692478,0.30826520919799805
836,2551.699,2098.4200000000005,7368.333333333332,100,100,1011,1.9689051447754946,7.288163534454334,2.1940433979034424,-2098.4200000000005,-0.018271373643074185,30.8813698887825,0.6029066145420074,0.037753525328298565,0.10781441512517631,836,329.71441028874267,0.30826520919799805
837,2554.345,2080.9666666666662,7454.666666666666,100,100,1012,1.9972593888912806,7.36627140974967,2.2241127490997314,-2080.9666666666662,-0.015671948320232332,39.24701690673828,0.6318464064970613,0.027826005840324797,0.10133713972754776,837,329.76905013033615,0.30826520919799805
838,2556.973,2078.976666666668,7343.333333333335,100,100,1004,1.9869322722046765,7.314077025232406,2.198129415512085,-2078.976666666668,-0.021704696875531226,28.278368294239044,0.5920549295842648,0.02230866863101255,0.10174005711451173,838,329.8227566438581,0.30826520919799805
839,2559.599,2155.9833333333354,7543.333333333333,100,100,1007,1.983302182498524,7.490897053955644,2.1993906497955322,-2155.9833333333354,-0.02033114994992502,34.52931219339371,0.593683235347271,0.028410553008143324,0.10536486026830971,839,329.87782110432113,0.30826520919799805
840,2565.477,2156.8166666666675,7441.999999999998,100,100,1007,2.0306434950771877,7.390268123138032,2.251168966293335,-2156.8166666666675,-0.01700272865127772,44.5319687128067,0.6239109104499221,0.028716907541820547,0.10532330407295376,840,329.9242226865368,0.30826520919799805
841,2568.145,2102.4599999999996,7387.666666666666,100,100,1006,2.0184376744310897,7.343605036447978,2.232409715652466,-2102.4599999999996,-0.018256250113154238,34.90720546245575,0.570425690151751,0.03159334560405114,0.09771993913454935,841,329.56395125649726,0.30826520919799805
842,2570.811,2094.5233333333335,7385.333333333335,100,100,1004,1.998755878066659,7.355909694555114,2.210590124130249,-2094.5233333333335,-0.020758428901899606,32.82902258634567,0.5597548577934504,0.022888733523359406,0.10094105126336217,842,329.6127013279837,0.30826520919799805
843,2573.488,2150.4199999999987,7235.666666666667,100,100,1006,2.0330509939971595,7.192511597084162,2.2505204677581787,-2150.4199999999987,-0.01531224261270836,34.488159120082855,0.5360694518312812,0.047819789600907825,0.10746433422900736,843,329.6607408201822,0.30826520919799805
844,2576.053,2026.6733333333345,7260.333333333333,100,100,1007,1.9319211484266903,7.209864283349884,2.1424002647399902,-2026.6733333333345,-0.0199332827469334,27.934406518936157,0.4988119872286916,0.04530020383390365,0.10403507272712886,844,329.72337639754187,0.30826520919799805
845,2578.622,2120.04,7409.666666666668,100,100,1007,1.931337339922882,7.358159549817942,2.1451802253723145,-2120.04,-0.020743566856253892,38.251532554626465,0.5314095551148057,0.033556276102899574,0.10354679147712886,845,329.78548184356356,0.30826520919799805
846,2581.188,2083.9333333333325,7178.666666666665,100,100,1003,1.9226048853441493,7.157195081422398,2.1313140392303467,-2083.9333333333325,-0.014780196303036064,56.708621978759766,0.5059212362393737,0.05683697927452158,0.12690770346671343,846,329.846205623494,0.30826520919799805
847,2583.768,2131.7200000000007,7378.666666666667,100,100,1009,1.9379797806027388,7.312851007598282,2.1572635173797607,-2131.7200000000007,-0.014071274665184319,43.16016572713852,0.4699871111661196,0.022991882182395784,0.10838847234845161,847,329.90727913855926,0.30826520919799805
848,2586.393,2090.5166666666673,7240.666666666668,100,100,1008,1.9704764895972662,7.1832010582010595,2.1918466091156006,-2090.5166666666673,-0.01833567750873044,25.503916263580322,0.5332506978884339,0.05334305498399772,0.11018880241317675,848,329.9622538422391,0.30826520919799805
849,2588.976,2017.6366666666672,7209.333333333332,100,100,1007,1.9451298910704586,7.159218801721283,2.157829999923706,-2017.6366666666672,-0.01891108782729134,40.1615914106369,0.48142086807638407,0.03297564159583999,0.10518824751488864,849,330.0221240123471,0.30826520919799805
850,2594.626,2116.2199999999993,7374.999999999999,100,100,1005,1.950137411007908,7.338308457711442,2.1630594730377197,-2116.2199999999993,-0.021698543307138607,33.85636615753174,0.4781658286228776,0.02111100837646518,0.09629991336259991,850,330.08036604862434,0.30826520919799805
851,2597.249,2133.020000000001,7378.666666666669,100,100,1006,1.965257555924941,7.334658714380386,2.17893648147583,-2133.020000000001,-0.022003102116286755,37.59982931613922,0.46615338046103716,0.013115651745465584,0.1111795175820589,851,329.74498916752896,0.30826520919799805
852,2599.808,1984.0999999999997,6994.666666666664,100,100,1002,1.930870757784003,6.980705256154356,2.132763147354126,-1984.0999999999997,-0.013741559232585132,25.78211945295334,0.4108258346095681,0.03700299289630493,0.10239955387078226,852,329.8059213542558,0.30826520919799805
853,2602.423,2136.3266666666677,7394.000000000002,100,100,1011,1.9500920852797308,7.313550939663701,2.1804518699645996,-2136.3266666666677,-0.009645327285397798,30.70321160554886,0.4953984431922436,0.036829184336966136,0.11038028518669307,853,329.8630198389527,0.30826520919799805
854,2605.295,2094.126666666666,7289.333333333329,100,100,1006,2.204205865127444,7.245858184227962,2.4227330684661865,-2094.126666666666,-0.0189457033702638,44.89995896816254,0.47531222458928823,0.017146035557743744,0.11986243212595582,854,329.8854272078863,0.30826520919799805
855,2608.262,2071.7766666666666,7290.333333333328,100,100,1011,2.289783877539831,7.211012199142758,2.5176825523376465,-2071.7766666666666,-0.014015617780387402,35.42779749631882,0.44028294272720814,0.018810537272656802,0.10317095625214279,855,329.8978899447156,0.30826520919799805
856,2611.28,1935.46,7008.666666666663,100,100,1008,2.3426161689770644,6.953042328042325,2.560263156890869,-1935.46,-0.019212140410672873,31.40783667564392,0.4519965322688222,0.026652652713892167,0.11214192712213844,856,329.9025248599538,0.30826520919799805
857,2614.233,2065.586666666666,7266.666666666665,100,100,1011,2.271835113028995,7.187603033300361,2.5005812644958496,-2065.586666666666,-0.0181282417033799,42.93520665168762,0.4257429391145706,0.032659173135471065,0.11210363102145493,857,329.9166553011833,0.30826520919799805
858,2617.069,2012.1566666666683,7076.666666666668,100,100,1010,2.171204846564422,7.006600660066008,2.3966593742370605,-2012.1566666666683,-0.022068072692491114,34.07597470283508,0.42522070463746786,0.026019058055680944,0.11177734367083758,858,329.94510089778987,0.30826520919799805
859,2620.046,2090.583333333334,7334.666666666668,100,100,1009,2.2860594624302712,7.2692434753881745,2.5110673904418945,-2090.583333333334,-0.016809868975542486,26.765886783599854,0.41673963982611895,0.02427504543811665,0.10361527372151613,859,329.9553834445573,0.30826520919799805
860,2626.549,2037.94,7233.0,100,100,1010,2.281709406801527,7.161386138613861,2.50781512260437,-2037.94,-0.016785725252702832,39.35327613353729,0.41987816523760557,0.019923193161957897,0.08912109362427145,860,329.9663032121624,0.30826520919799805
861,2629.485,2047.933333333334,7089.333333333332,100,100,1010,2.2435501962439113,7.019141914191418,2.469208240509033,-2047.933333333334,-0.017956583644263446,30.190431833267212,0.4773323265835643,0.03576681644335622,0.11769531201571226,861,329.53908970580653,0.30826520919799805
862,2632.495,2049.350000000002,7262.333333333331,100,100,1009,2.337689990869089,7.197555335315492,2.563512086868286,-2049.350000000002,-0.013944357400760055,29.353679537773132,0.41031903214752674,0.02018583433527965,0.10677415481768548,862,329.5455249445244,0.30826520919799805
863,2635.16,2139.5600000000013,7562.333333333332,100,100,1010,2.016715642230788,7.487458745874586,2.239295721054077,-2139.5600000000013,-0.018310015904717147,32.12152183055878,0.4898236971348524,0.023549961540993536,0.09064453118480742,863,329.59553509761395,0.30826520919799805
864,2637.829,1989.5599999999984,7164.666666666667,100,100,1015,2.0117106412771375,7.058784893267652,2.239605665206909,-1989.5599999999984,-0.02291761781089008,33.82390773296356,0.46984027326107025,0.03611581799850683,0.08518288307823241,864,329.64687978841863,0.30826520919799805
865,2640.434,1935.4500000000003,7216.000000000001,100,100,1011,1.9605823919871632,7.137487636003957,2.1786632537841797,-1935.4500000000003,-0.014862111187539995,26.253877460956573,0.5012705391272902,0.040722708705288824,0.08302696095779538,865,329.70447937713897,0.30826520919799805
866,2643.055,2081.573333333334,7354.000000000001,100,100,1011,1.9695777427607781,7.273986152324432,2.1942126750946045,-2081.573333333334,-0.013963090546894819,34.22606462240219,0.5552337700501084,0.03420525525143603,0.07680376863572747,866,329.76008730187215,0.30826520919799805
867,2645.695,2054.1366666666663,7282.0,100,100,1010,1.9742284140706357,7.20990099009901,2.194615364074707,-2054.1366666666663,-0.015384877217002213,26.497351795434952,0.5497603081166744,0.019431659326073714,0.07585937459953129,867,329.8127471583054,0.30826520919799805
868,2648.322,2065.090000000002,7127.666666666665,100,100,1009,1.9763599581854017,7.0640898579451585,2.196402072906494,-2065.090000000002,-0.014985764108132571,31.937245666980743,0.5365332178771496,0.02050325997697655,0.06418407207820565,868,329.86657114821816,0.30826520919799805
869,2650.917,2030.8266666666664,7247.333333333332,100,100,1008,1.952686806376617,7.189814814814814,2.1655383110046387,-2030.8266666666664,-0.018537354801082984,36.11578422784805,0.5799212828278542,0.033438303693401394,0.07259114598855376,869,329.9240068259462,0.30826520919799805
870,2656.67,2016.7766666666669,7222.000000000003,100,100,1009,1.9701934567024069,7.157581764122897,2.186476469039917,-2016.7766666666669,-0.013085198064800352,27.59816473722458,0.5183635354042053,0.014883620182445156,0.07902184297563508,870,329.9794808241018,0.30826520919799805
871,2659.284,2050.0166666666664,7293.0,100,100,1011,1.9589838762763008,7.213649851632048,2.181748867034912,-2050.0166666666664,-0.01996658928692341,25.782504081726074,0.5174422804266214,0.03502983737598697,0.0779047948308289,871,329.6455261469828,0.30826520919799805
872,2661.906,2093.2000000000007,7245.0,100,100,1005,1.9828206968414992,7.208955223880597,2.1949260234832764,-2093.2000000000007,-0.016875798493856564,41.68295860290527,0.6100384378805757,0.02367863047402352,0.09768880228511989,872,329.69829590618025,0.30826520919799805
873,2664.515,1971.17,7179.333333333337,100,100,1007,1.9681187698713762,7.129427341939758,2.1794607639312744,-1971.17,-0.01492152082209941,35.03178769350052,0.4778013899922371,0.025416433418286033,0.09192154242191464,873,329.7534930107132,0.30826520919799805
874,2667.123,2010.6999999999998,7084.0,100,100,1005,1.964623284345465,7.048756218905472,2.175875663757324,-2010.6999999999998,-0.01375125591584947,32.928119003772736,0.5262096943333745,0.06265739367518108,0.0931640628259629,874,329.80781949202145,0.30826520919799805
875,2669.751,2057.566666666668,7097.000000000005,100,100,1013,1.964093188144752,7.005923000987171,2.188769817352295,-2057.566666666668,-0.018803951737936586,27.592986047267914,0.5671127503737807,0.03269792347418843,0.07991229370236397,875,329.86257146435486,0.30826520919799805
876,2672.348,1939.1533333333332,7158.000000000002,100,100,1008,1.9617981141357357,7.101190476190478,2.1723084449768066,-1939.1533333333332,-0.02074795146472752,31.034480094909668,0.5800591520965099,0.0243298774730647,0.08561197924427688,876,329.91927115878497,0.30826520919799805
877,2674.957,2180.1066666666675,7324.333333333333,100,100,1007,1.962674380758224,7.273419397550479,2.1813740730285645,-2180.1066666666675,-0.01927639807399828,51.38502383232117,0.5954592004418373,0.016948120966844726,0.08499210397712886,877,329.9738669424202,0.30826520919799805
878,2677.605,1990.043333333334,7182.333333333334,100,100,1007,1.9993898709644051,7.132406487917908,2.2146551609039307,-1990.043333333334,-0.017936621676199138,26.072535276412964,0.5490623330697417,0.021094562642247183,0.09387466753832996,878,330.02371103725187,0.30826520919799805
879,2680.232,2026.759999999998,7411.666666666665,100,100,1005,1.9757502455153126,7.37479270315091,2.1856942176818848,-2026.759999999998,-0.01562863023718819,36.96587270498276,0.6256060814484954,0.038829190845717676,0.07648654538206756,879,330.07521441515007,0.30826520919799805
880,2685.96,2033.6600000000005,7151.333333333331,100,100,1007,1.9758359467575572,7.101621979476993,2.188199043273926,-2033.6600000000005,-0.01134680851828307,32.034959971904755,0.5540482876822352,0.030867266112181824,0.08330909220967442,880,330.1291925805795,0.30826520919799805
881,2688.554,2098.0333333333333,7180.333333333335,100,100,1005,1.9508879629441014,7.1446102819237165,2.161494255065918,-2098.0333333333333,-0.02371540106832981,40.489578545093536,0.5981966871768236,0.016727821317545022,0.08743489603511989,881,329.8017801749153,0.30826520919799805
882,2691.226,2002.9033333333327,7130.666666666664,100,100,1007,2.010165143211473,7.081098973849716,2.2250306606292725,-2002.9033333333327,-0.019215909123886377,35.53237098455429,0.5944189168512821,0.04124203942774329,0.06586602376773953,882,329.84859883691763,0.30826520919799805
883,2693.852,2056.053333333333,7158.333333333332,100,100,1014,1.966005226567799,7.0595003287310965,2.1959688663482666,-2056.053333333333,-0.024868778476957232,44.61370599269867,0.5987905664369464,0.04006463045516284,0.10394965251907706,883,329.9033648872608,0.30826520919799805
884,2696.408,2102.7300000000014,7368.000000000002,100,100,1007,1.9135955328541663,7.316782522343597,2.129594087600708,-2102.7300000000014,-0.01761746418196708,43.552413403987885,0.6358604915440083,0.008645360263471957,0.10434674192219973,884,329.9641311353214,0.30826520919799805
885,2698.987,2063.1933333333336,7326.333333333331,100,100,1002,1.9525358289110284,7.311709913506318,2.153655529022217,-2063.1933333333336,-0.02074044186156243,34.71108305454254,0.6418318571522832,0.007089430164342048,0.10605003742966801,885,330.02015950106664,0.30826520919799805
886,2701.535,2054.870000000001,7269.333333333339,100,100,1009,1.9030040639985215,7.204492897258017,2.1204681396484375,-2054.870000000001,-0.019590005074860528,32.80868202447891,0.6021865112707019,0.005479889252455905,0.09036192577332258,886,330.08236076735466,0.30826520919799805
887,2704.111,2184.269999999999,7609.333333333334,100,100,1006,1.936053084075325,7.5639496355202125,2.1528797149658203,-2184.269999999999,-0.018637833942193538,34.37972682714462,0.64637197740376,0.009553968862746842,0.09759256104007363,887,330.1399011325102,0.30826520919799805
888,2706.742,2088.466666666666,7247.666666666663,100,100,1010,1.9723230689339857,7.175907590759072,2.191218137741089,-2088.466666666666,-0.0201010899618268,51.67800199985504,0.5697837918996811,0.02406552437969367,0.0992187496740371,888,330.1921752346388,0.30826520919799805
889,2709.31,2027.0633333333328,7212.3333333333385,100,100,1006,1.9312691869016063,7.169317428760774,2.14278244972229,-2027.0633333333328,-0.018596026813611388,45.046823620796204,0.5661905957385898,0.011534708319231868,0.09994904918130487,889,330.25046253559856,0.30826520919799805
890,2714.967,2156.279999999999,7378.3333333333285,100,100,1007,1.9512598820367335,7.327044025157228,2.170474052429199,-2156.279999999999,-0.019732828775886446,65.25957345962524,0.5936982752755284,0.004192559572402388,0.09551612357608974,890,330.30549506341134,0.30826520919799805
891,2717.543,2104.6566666666686,7189.333333333332,100,100,1004,1.9369815719505008,7.160690571049136,2.1457958221435547,-2104.6566666666686,-0.024865589482942596,39.18287831544876,0.6919400170445442,0.007332088556722738,0.08886718773283064,891,329.99004707099857,0.30826520919799805
892,2720.144,2154.666666666666,7417.000000000004,100,100,1006,1.9440652050862965,7.372763419483105,2.1610827445983887,-2154.666666666666,-0.022778144048061222,46.26493740081787,0.6455238536000252,0.008595841347414535,0.09614894713740796,892,330.0443215912178,0.30826520919799805
893,2722.786,2102.2933333333335,7363.333333333336,100,100,999,1.9962117107383706,7.3707040373707065,2.2011830806732178,-2102.2933333333335,-0.024377733760047704,51.39245522022247,0.6115461476147175,0.007290425606697681,0.1060196315520443,893,330.09089375310236,0.30826520919799805
894,2725.773,2155.253333333334,7394.333333333331,100,100,1009,2.31366729508251,7.328377931945819,2.5413763523101807,-2155.253333333334,-0.018573200126411393,35.426495134830475,0.5607197526842356,0.015770951889862772,0.09047154011204839,894,330.09936894614754,0.30826520919799805
895,2728.597,2129.926666666667,7266.66666666667,100,100,1000,2.172802099608816,7.266666666666669,2.377653121948242,-2129.926666666667,-0.013921013043727726,50.966596364974976,0.5646696016192436,0.012344291943009011,0.09355468768626451,895,330.1241992733795,0.30826520919799805
896,2731.595,2198.1000000000004,7289.999999999999,100,100,1010,2.2970426736611613,7.217821782178217,2.5308337211608887,-2198.1000000000004,-0.018671220866963267,40.40950572490692,0.5533706182613969,0.024144198418071028,0.10898437490686774,896,330.1316490818944,0.30826520919799805
897,2734.62,2169.833333333333,7346.666666666663,100,100,1009,2.3236653124415145,7.2811364387182,2.5547051429748535,-2169.833333333333,-0.021026938455179334,29.183970868587494,0.5102461082860827,0.013891025002521928,0.11660953424870968,897,330.1354127869962,0.30826520919799805
898,2737.636,2124.2566666666676,7367.999999999997,100,100,1008,2.3337910710584504,7.309523809523807,2.5568530559539795,-2124.2566666666676,-0.022107821074314415,33.988460958004,0.5524546056985855,0.02421674864308443,0.09944661473855376,898,330.1399453962498,0.30826520919799805
899,2740.502,1956.193333333333,7067.333333333331,100,100,1005,2.1980058728480962,7.0321724709784394,2.4096434116363525,-1956.193333333333,-0.020742379245348275,44.735974848270416,0.5458083664998412,0.034889166003267746,0.09370659734122455,899,330.1613786155743,0.30826520919799805
900,2747.261,2079.4800000000005,7191.33333333333,100,100,1003,2.311879463943236,7.169823861748086,2.5265090465545654,-2079.4800000000005,-0.015269626514054835,53.1843067407608,0.5191405722871423,0.018560124180112325,0.10343613778240979,900,330.1674909337282,0.30826520919799805
901,2750.172,1994.06,7013.333333333333,100,100,1005,2.2468939315833487,6.978441127694858,2.4594390392303467,-1994.06,-0.01816176628926769,38.896346628665924,0.5637980634346604,0.029226365106296726,0.10223524324828759,901,329.73063303138406,0.30826520919799805
902,2753.093,2194.9933333333333,7464.333333333333,100,100,1007,2.239879346619126,7.412446209864283,2.4659740924835205,-2194.9933333333333,-0.01705865381518379,58.20553922653198,0.574503400363028,0.011443751733168028,0.09489278553519398,902,329.7466160482817,0.30826520919799805
903,2755.96,2128.213333333332,7109.33333333333,100,100,1007,2.1855278096005484,7.05991393578285,2.409376621246338,-2128.213333333332,-0.021743763936683536,46.88471585512161,0.5336602991446853,0.035449413506285055,0.10598819801816717,903,329.7690872516483,0.30826520919799805
904,2758.671,2061.886666666667,7250.666666666669,100,100,1012,2.0472091893442785,7.164690382081688,2.273301362991333,-2061.886666666667,-0.019834752718452364,47.26102805137634,0.5852522766217589,0.03913910654227948,0.12192007270641625,904,329.811710315018,0.30826520919799805
905,2761.481,2109.7166666666685,7288.333333333338,100,100,1005,2.144790447632138,7.252072968490883,2.358433246612549,-2109.7166666666685,-0.019956137286499143,31.288736045360565,0.5645601442083716,0.03518806612555636,0.12099609395954758,905,329.8400836481952,0.30826520919799805
906,2764.408,2106.196666666667,7202.333333333331,100,100,1008,2.2515273838449965,7.1451719576719555,2.477177143096924,-2106.196666666667,-0.008192059409338981,46.291749715805054,0.5648667244240642,0.01846262483013561,0.11149088572710752,906,329.85544024421455,0.30826520919799805
907,2767.267,2000.929999999999,7402.33333333333,100,100,1014,2.1703293882503267,7.300131492439181,2.4061450958251953,-2000.929999999999,-0.01500955643132329,58.0899316072464,0.5464251870289445,0.020310918658651644,0.11304615170229226,907,329.8811141300188,0.30826520919799805
908,2769.991,2083.566666666668,7229.666666666672,100,100,1010,2.0575336649746516,7.158085808580863,2.280092716217041,-2083.566666666668,-0.020168837159872055,49.224644243717194,0.5229011997580528,0.041468464974059316,0.11156249977648258,908,329.92130142425003,0.30826520919799805
909,2772.765,2029.1600000000003,7082.999999999999,100,100,1007,2.1051505465863243,7.033763654419066,2.323845624923706,-2029.1600000000003,-0.018083424110955093,37.16117459535599,0.5567170614376664,0.02066388527600793,0.10266372980549932,909,329.9543873771778,0.30826520919799805
910,2779.084,2016.7033333333338,7172.666666666665,100,100,1005,2.2621383083131703,7.136981757877279,2.4783952236175537,-2016.7033333333338,-0.01164352206978947,40.71215057373047,0.5806292714551091,0.02140394777597976,0.08519965293817222,910,329.9683839589664,0.30826520919799805
911,2781.89,2050.243333333333,7145.999999999997,100,100,1006,2.125021769659627,7.103379721669977,2.3419644832611084,-2050.243333333333,-0.010578683984931558,36.50522077083588,0.4502649735659361,0.048859462774998974,0.10464079509256408,911,329.5950132167318,0.30826520919799805
912,2784.784,2075.106666666668,7282.3333333333385,100,100,1011,2.2135970346688576,7.203099241674915,2.4412665367126465,-2075.106666666668,-0.0174215538718272,38.18628841638565,0.4742005290463567,0.01944601750074071,0.08437691512517631,912,329.61546856459194,0.30826520919799805
913,2787.647,2085.8000000000015,7299.333333333337,100,100,1010,2.184780200108849,7.2270627062706305,2.4148738384246826,-2085.8000000000015,-0.015660891542211175,39.11375951766968,0.5376651985570788,0.0360499862144934,0.10751953127328306,913,329.63932032199097,0.30826520919799805
914,2790.548,2025.4499999999998,7161.000000000001,100,100,1005,2.219615821420813,7.125373134328359,2.4339711666107178,-2025.4499999999998,-0.01761167263612151,42.75376099348068,0.5102677196264267,0.029502598277758807,0.08771701413206756,914,329.6568076847637,0.30826520919799805
915,2793.6,2132.2033333333334,7295.333333333333,100,100,1009,2.366466897450262,7.230260984473075,2.5954442024230957,-2132.2033333333334,-0.010544304561335593,54.70004415512085,0.5115313371643424,0.021815359104948584,0.08792051975615323,915,329.6577749514595,0.30826520919799805
916,2796.635,2086.9700000000016,7323.33333333334,100,100,1007,2.3399824246508927,7.272426348891103,2.5629520416259766,-2086.9700000000016,-0.010634753794874996,34.14630836248398,0.5414030700922012,0.02938865899341181,0.06932554818922654,916,329.6600870397666,0.30826520919799805
917,2799.496,2029.3433333333323,7227.333333333329,100,100,1005,2.1809378128026182,7.191376451077939,2.3936355113983154,-2029.3433333333323,-0.011004950851202011,43.4406755566597,0.5114300912246108,0.039394966879626736,0.11506076413206756,917,329.68217702168505,0.30826520919799805
918,2802.342,2045.706666666667,7020.333333333335,100,100,1004,2.174998006149867,6.992363877822046,2.386920690536499,-2045.706666666667,-0.013372393848840147,40.705127239227295,0.5594505462795496,0.020229272511642193,0.08602627855725586,918,329.7056763716273,0.30826520919799805
919,2805.477,2012.3499999999995,7114.000000000002,100,100,1011,2.444204844743507,7.036597428288824,2.6754531860351562,-2012.3499999999995,-0.020029704668559134,29.04432588815689,0.5424215327948332,0.04698725960770389,0.0736251532798633,919,329.6975943846306,0.30826520919799805
920,2811.96,2056.263333333333,7257.0,100,100,1006,2.379643738919695,7.213717693836978,2.6010258197784424,-2056.263333333333,-0.011849526956211776,31.66750705242157,0.5922486893832684,0.03648849675664678,0.07504670531488955,920,329.6976338771169,0.30826520919799805
921,2814.671,2089.273333333332,7499.666666666663,100,100,1013,2.036661204311037,7.403422178348138,2.270225763320923,-2089.273333333332,-0.016652293779770844,26.17019498348236,0.7708879262208939,0.04975709368591197,0.12017246475443244,921,329.3379946092355,0.30826520919799805
922,2817.295,2029.7566666666653,7124.6666666666615,100,100,1006,1.9780802207204622,7.082173624917159,2.190267562866211,-2029.7566666666653,-0.018123117712093517,42.54286390542984,0.6001380924135447,0.03663560241693631,0.08022673230152577,922,329.38824754152915,0.30826520919799805
923,2819.969,2074.6333333333328,7271.333333333334,100,100,1012,1.9981424924006443,7.185111989459816,2.2261736392974854,-2074.6333333333328,-0.01048223557882011,41.64511215686798,0.6473124492913485,0.023434043730958365,0.1004356974735856,923,329.4347829344607,0.30826520919799805
924,2822.637,2062.7000000000007,7446.000000000006,100,100,1014,2.0019546346564425,7.343195266272196,2.234811544418335,-2062.7000000000007,-0.013508454983821139,26.9532613158226,0.6585833197459579,0.026548880778136663,0.06828703708015382,924,329.4826311305932,0.30826520919799805
925,2825.311,2088.353333333333,7231.999999999999,100,100,1014,1.9893915196366359,7.13214990138067,2.2226877212524414,-2088.353333333333,-0.013468117278534919,30.530841886997223,0.6391078121960163,0.021853935133549385,0.066550926072523,925,329.5297178955181,0.30826520919799805
926,2827.995,2109.14,7250.999999999999,100,100,1013,1.996120929498288,7.157946692991114,2.2295029163360596,-2109.14,-0.01749322796240449,34.914874613285065,0.6303053069859743,0.028251379357243422,0.08871978195384145,926,329.5751859660995,0.30826520919799805
927,2830.588,2004.176666666667,7132.333333333331,100,100,1006,1.9500057668254802,7.089794565937705,2.158468246459961,-2004.176666666667,-0.012501039600465447,26.67236965894699,0.5413918308913708,0.03670131232138374,0.10402513574808836,927,329.62864929479684,0.30826520919799805
928,2833.257,2070.6266666666656,7243.666666666662,100,100,1013,1.989707110085601,7.150707469562352,2.2214348316192627,-2070.6266666666656,-0.011153485160320997,29.35714691877365,0.6327458135783672,0.021286876593876514,0.05979142105206847,928,329.67568638090614,0.30826520919799805
929,2835.874,2047.1666666666677,7191.333333333333,100,100,1003,1.9749301077857435,7.169823861748089,2.1829569339752197,-2047.1666666666677,-0.012869016733020544,48.43580973148346,0.5684001017361879,0.04991317599706235,0.07661473471671343,929,329.7251168934395,0.30826520919799805
930,2841.654,1978.1566666666654,7120.666666666665,100,100,1008,1.9877794635711268,7.064153439153437,2.2015185356140137,-1978.1566666666654,-0.009565329644829035,34.62210553884506,0.5190985715016723,0.12238855942996452,0.08512369822710752,930,329.77413916729836,0.30826520919799805
931,2844.442,2071.836666666667,7364.666666666667,100,100,1010,2.0944012853427614,7.291749174917492,2.320103406906128,-2071.836666666667,-0.010036048130132258,34.92961132526398,0.5146173164248466,0.03917197245755233,0.07863281248137355,931,329.44143382991734,0.30826520919799805
932,2847.242,2031.9133333333352,7207.33333333334,100,100,1007,2.1277929494590264,7.157232704402523,2.3466949462890625,-2031.9133333333352,-0.01506415058975108,31.65277498960495,0.536675563082099,0.03152179803146282,0.08282081095967442,932,329.4711687487796,0.30826520919799805
933,2850.261,2011.209999999998,7110.666666666665,100,100,1008,2.3382500015912457,7.054232804232803,2.559722661972046,-2011.209999999998,-0.015316145116230473,29.89791601896286,0.5166747504845262,0.06289495473174611,0.076171875,933,329.47576773301387,0.30826520919799805
934,2853.193,2096.459999999999,7266.999999999998,100,100,1007,2.260914200717119,7.216484607745778,2.4817612171173096,-2096.459999999999,-0.014749140362255275,36.12975066900253,0.4917271640151739,0.052669138018245576,0.08272731001488864,934,329.49016061971525,0.30826520919799805
935,2856.025,1991.38,7161.333333333331,100,100,1009,2.1439152624369466,7.097456227287742,2.370351791381836,-1991.38,-0.012249327002791688,49.556679487228394,0.5119941607117653,0.046983009478935855,0.07278380077332258,935,329.5167626056262,0.30826520919799805
936,2858.862,2025.3833333333337,7149.333333333332,100,100,1013,2.1554822284224473,7.057584731819676,2.388375997543335,-2025.3833333333337,-0.017550638905959204,54.78282356262207,0.5237658619880676,0.03183963359333575,0.06975972885265946,936,329.54408109227523,0.30826520919799805
937,2861.741,1930.426666666669,7117.999999999999,100,100,1011,2.192252619918823,7.0405539070227485,2.4187941551208496,-1930.426666666669,-0.02007701259572059,32.510357201099396,0.4659965140745044,0.03916579037468182,0.11111749429255724,937,329.5658157368046,0.30826520919799805
938,2864.72,1876.2900000000006,6879.333333333333,100,100,1011,2.2923737865919662,6.804484009231784,2.517371416091919,-1876.2900000000006,-0.02009447116870433,30.098432779312134,0.5673626139760017,0.0713167237736343,0.08815870113903657,938,329.5760593904264,0.30826520919799805
939,2867.654,2012.7333333333318,6971.999999999998,100,100,1013,2.2476452097309587,6.882527147087856,2.4816629886627197,-2012.7333333333318,-0.018378256063442677,41.811596274375916,0.5685002440586686,0.029221481418062467,0.08892246475443244,939,329.5921154327154,0.30826520919799805
940,2873.957,1960.596666666666,7086.999999999999,100,100,1013,2.196241660077614,6.996051332675221,2.427201271057129,-1960.596666666666,-0.020504415093455464,24.423983931541443,0.6028430201113224,0.04742111194354948,0.08139556320384145,940,329.6125669178309,0.30826520919799805
941,2876.617,1934.1,7041.666666666669,100,100,1010,2.006130592348884,6.971947194719474,2.224989652633667,-1934.1,-0.015605871798470616,26.465711534023285,0.5386435640975833,0.035556846516556107,0.09496093704365194,941,329.268542392247,0.30826520919799805
942,2879.296,1899.6566666666654,6930.0,100,100,1015,1.9999469913716608,6.827586206896552,2.2266387939453125,-1899.6566666666654,-0.01661510282428935,29.106991350650787,0.602318711578846,0.026709777521318756,0.08706498565152287,942,329.3145725044795,0.30826520919799805
943,2881.958,2029.1400000000006,7182.999999999999,100,100,1008,2.002141069776068,7.125992063492062,2.218672752380371,-2029.1400000000006,-0.019416546740103513,31.03904527425766,0.5673708338290453,0.021003986861614976,0.07421875017462298,943,329.36014205986885,0.30826520919799805
944,2884.626,2079.123333333335,7073.6666666666715,100,100,1009,2.0122574823442383,7.010571522960031,2.2362477779388428,-2079.123333333335,-0.014055393075977918,38.99394869804382,0.5853391131386161,0.02246934620779939,0.07736766571179032,944,329.40525668875307,0.30826520919799805
945,2887.347,1969.4266666666672,6979.0,100,100,1006,2.0465018888694746,6.937375745526839,2.2623283863067627,-1969.4266666666672,-0.02355760522186756,35.458556830883026,0.5710676545277238,0.02120600415946683,0.09281589696183801,945,329.443382527724,0.30826520919799805
946,2890.0,2081.100000000002,7254.000000000001,100,100,1007,1.99981539174008,7.203574975173784,2.21704363822937,-2081.100000000002,-0.015618883422575891,40.91716015338898,0.5745648592710495,0.014504724655125756,0.10114694107323885,946,329.48925655784404,0.30826520919799805
947,2892.65,2006.9233333333316,7044.333333333331,100,100,1004,2.0064855557012993,7.016268260292162,2.2147810459136963,-2006.9233333333316,-0.016327942721545696,42.7225387096405,0.5460296971723437,0.01776609944863594,0.08602627855725586,947,329.53454452500876,0.30826520919799805
948,2895.314,2004.3733333333328,7118.000000000003,100,100,1008,1.9981660708066238,7.061507936507939,2.215860366821289,-2004.3733333333328,-0.01896009623305872,36.545152485370636,0.5332329226657748,0.013836546162565355,0.08675130223855376,948,329.5793966763438,0.30826520919799805
949,2897.986,2100.6066666666675,7297.000000000007,100,100,1010,2.010726239094234,7.224752475247532,2.2373006343841553,-2100.6066666666675,-0.022519089106936008,39.926950573921204,0.5929206609725952,0.012900133388029644,0.0985937500372529,949,329.62422955472715,0.30826520919799805
950,2903.878,1995.233333333335,7175.333333333334,100,100,1007,2.0257622631758734,7.125455147302218,2.2387855052948,-1995.233333333335,-0.021081854356452823,56.688838720321655,0.526327557861805,0.016650138877594145,0.09751080448040739,950,329.66610210705795,0.30826520919799805
951,2906.558,2095.6900000000005,7127.333333333331,100,100,1011,2.010697326655145,7.049785690735243,2.2367260456085205,-2095.6900000000005,-0.018889067112468183,47.68958580493927,0.4860950605943799,0.017666125044343062,0.10830269620055333,951,329.3463107183344,0.30826520919799805
952,2909.261,2105.6333333333323,7264.999999999997,100,100,1004,2.039919621371423,7.236055776892427,2.2526726722717285,-2105.6333333333323,-0.0180683956714347,51.718338429927826,0.48963672388345003,0.007957149100548122,0.10222833836451173,952,329.38540882765415,0.30826520919799805
953,2911.933,2002.4599999999994,6971.666666666665,100,100,1001,2.034737565019703,6.9647019647019635,2.2387404441833496,-2002.4599999999994,-0.01642086578067392,54.02689242362976,0.4912996906787157,0.007770129061100306,0.1108636618591845,953,329.4268987715558,0.30826520919799805
954,2914.611,2060.0766666666664,7116.666666666663,100,100,1004,2.0276539842134333,7.088313413014605,2.2369534969329834,-2060.0766666666664,-0.021469711769896094,41.896239042282104,0.47339784540235996,0.02505388914505602,0.10600142064504325,954,329.46867934610344,0.30826520919799805
955,2917.312,2084.656666666666,7059.0,100,100,1005,2.032940994151196,7.023880597014926,2.2482874393463135,-2084.656666666666,-0.017438050941564143,33.98966681957245,0.468433266505599,0.016874153106982703,0.10578342026565224,955,329.5081322091733,0.30826520919799805
956,2919.978,2120.2433333333324,7295.666666666666,100,100,1007,2.0079645477355546,7.244952002648129,2.228367805480957,-2120.2433333333324,-0.01764764949621167,46.08762001991272,0.44135930109769106,0.026683774776756763,0.10971783532295376,956,329.5521072919199,0.30826520919799805
957,2922.652,2038.75,7077.000000000003,100,100,1005,2.017768855850717,7.041791044776122,2.233691692352295,-2038.75,-0.02382389223203063,37.04687410593033,0.3985629603266716,0.019543714446626836,0.1208984381519258,957,329.5946722916592,0.30826520919799805
958,2925.334,2025.529999999998,7096.333333333328,100,100,1005,2.020194824317016,7.06102819237147,2.232887029647827,-2025.529999999998,-0.015807780029717833,39.06040549278259,0.41767960228025913,0.014326149561384227,0.10766059072921053,958,329.6358369777292,0.30826520919799805
959,2928.004,2027.2266666666662,7101.666666666668,100,100,1005,2.021035718133868,7.0663349917081275,2.2328052520751953,-2027.2266666666662,-0.012514431262388825,34.116220116615295,0.43086082115769386,0.019757576097617857,0.09393446194007993,959,329.67851446109654,0.30826520919799805
960,2933.832,2135.873333333331,7237.666666666666,100,100,1007,2.0221770606248786,7.18735518040384,2.242204427719116,-2135.873333333331,-0.01622101862449199,42.53141498565674,0.4232938848435879,0.01889730541006429,0.10034699097741395,960,329.7199685408035,0.30826520919799805
961,2936.454,2231.2066666666656,7353.333333333333,100,100,1008,1.9558467263575747,7.294973544973545,2.179955005645752,-2231.2066666666656,-0.018573216686490923,40.76190000772476,0.4327899180352688,0.013125486386343255,0.10970052098855376,961,329.4160563085337,0.30826520919799805
962,2939.036,2078.0700000000006,7193.999999999998,100,100,1001,1.949074426568211,7.186813186813185,2.152326822280884,-2078.0700000000006,-0.020270123291993514,31.993388414382935,0.4193109767511487,0.01692671862838324,0.1010027623269707,962,329.46721043825016,0.30826520919799805
963,2941.654,2170.856666666666,7334.66666666667,100,100,1012,1.9358465418803024,7.247694334650859,2.1655113697052,-2170.856666666666,-0.016207227774430066,41.41688513755798,0.4258051160722971,0.013952125285868533,0.10779747611377388,963,329.5181794788154,0.30826520919799805
964,2944.274,2079.0466666666675,7226.6666666666715,100,100,1008,1.9530779784887158,7.169312169312174,2.1722354888916016,-2079.0466666666675,-0.019760411232709885,33.99700564146042,0.3646154007874429,0.024623069763038075,0.0955403649713844,964,329.5671665687961,0.30826520919799805
965,2946.921,2063.2966666666703,7161.666666666672,100,100,1007,1.986462958832202,7.111883482290638,2.2042226791381836,-2063.2966666666703,-0.018237290147226304,31.239038050174713,0.3636495787650347,0.014887067649397068,0.09897564782295376,965,329.61289528486543,0.30826520919799805
966,2949.54,2127.4966666666687,7263.333333333334,100,100,1008,1.953435813895397,7.205687830687832,2.1746575832366943,-2127.4966666666687,-0.014655509730800986,39.30612814426422,0.37153968308120966,0.025570380816134275,0.09798177087213844,966,329.6619354247554,0.30826520919799805
967,2952.159,2103.163333333334,7281.333333333335,100,100,1005,1.9547055698977551,7.245107794361528,2.1689181327819824,-2103.163333333334,-0.014553523564245552,64.80753409862518,0.36481253523379564,0.011521776752488222,0.09774305578321218,967,329.709924554483,0.30826520919799805
968,2954.769,2066.166666666667,7204.999999999997,100,100,1009,1.9499795833035816,7.140733399405349,2.1707262992858887,-2066.166666666667,-0.018969327706145123,34.8404945731163,0.34874486085027456,0.018047159777779598,0.09310228005051613,968,329.76011896241425,0.30826520919799805
969,2957.367,2089.9033333333346,7199.666666666667,100,100,1006,1.9410727641667438,7.156726308813784,2.1586551666259766,-2089.9033333333346,-0.02104380790842697,34.09674787521362,0.3514638403430581,0.012338957087195013,0.10045855975477025,969,329.81064938260516,0.30826520919799805
970,2963.154,2019.8366666666675,7364.6666666666715,100,100,1008,1.9585020822382324,7.306216931216936,2.177168130874634,-2019.8366666666675,-0.013475130777806044,38.91586136817932,0.3506880053319037,0.019813310620520497,0.08935546909924597,970,329.8599280851966,0.30826520919799805
971,2966.08,2005.8333333333344,6945.000000000003,100,100,1010,2.216387622745357,6.876237623762379,2.4428083896636963,-2005.8333333333344,-0.017451098246965557,46.91277575492859,0.3512611426413059,0.013873306419554865,0.09302734374068677,971,329.5221311015748,0.30826520919799805
972,2968.891,2127.296666666667,7421.666666666664,100,100,1006,2.1224695822098116,7.377402253147777,2.33878231048584,-2127.296666666667,-0.018645631556864828,36.16281461715698,0.39223921950906515,0.019842745350615587,0.10415251390077174,972,329.5490083680103,0.30826520919799805
973,2971.701,2056.56,7272.333333333329,100,100,1006,2.139696519253461,7.228959575878061,2.3586366176605225,-2056.56,-0.013131025712937117,37.78371173143387,0.3987152520567179,0.013056726325885393,0.08491847821278498,973,329.57587046126423,0.30826520919799805
974,2974.661,2054.246666666667,7226.333333333334,100,100,1006,2.2360167979210925,7.183233929754805,2.4585893154144287,-2054.246666666667,-0.011755660583730787,41.690834283828735,0.4066474111750722,0.014385525573743507,0.09396229637786746,974,329.5861082118946,0.30826520919799805
975,2977.598,2093.8266666666664,7238.666666666668,100,100,1001,2.2568204794888507,7.231435231435233,2.467311143875122,-2093.8266666666664,-0.016061373840784654,41.80108904838562,0.3758143810555339,0.015195004588349548,0.08617568551562726,975,329.5972185251988,0.30826520919799805
976,2980.43,2150.396666666668,7306.333333333338,100,100,1005,2.1397085586998297,7.269983416252077,2.3584539890289307,-2150.396666666668,-0.02086522604804486,36.871479988098145,0.4212663173675537,0.03070318140089512,0.10899522597901523,976,329.62127056816774,0.30826520919799805
977,2983.224,2022.976666666667,7028.999999999999,100,100,1006,2.1181999999431755,6.9870775347912515,2.3333065509796143,-2022.976666666667,-0.01842369546648115,28.63720691204071,0.4497921485453844,0.016278636176139116,0.08226477587595582,977,329.6497667935738,0.30826520919799805
978,2986.24,2026.6633333333325,7071.000000000001,100,100,1008,2.3294618039804007,7.014880952380953,2.552855968475342,-2026.6633333333325,-0.017184972763061523,41.397485971450806,0.4105210183188319,0.018487863861082587,0.09228515625,978,329.6543622065671,0.30826520919799805
979,2989.187,2031.3866666666675,7222.999999999999,100,100,1009,2.252467095826977,7.158572844400395,2.475740671157837,-2031.3866666666675,-0.012201307050418109,39.542554676532745,0.4347350839525461,0.01324344880595163,0.08356584823923185,979,329.66689462510124,0.30826520919799805
980,2995.281,2162.1,7328.999999999995,100,100,1009,2.1919940528621376,7.263627353815655,2.4247617721557617,-2162.1,-0.017377025040332228,33.84188377857208,0.5526670338585973,0.02726008362515131,0.10609654011204839,980,329.6863937481718,0.30826520919799805
981,2997.896,2114.0999999999995,7304.666666666664,100,100,1004,1.966554883253423,7.275564409030542,2.1747331619262695,-2114.0999999999995,-0.0138979721814394,34.128068923950195,0.4454070581123233,0.017668775719357654,0.07608309667557478,981,329.380643113933,0.30826520919799805
982,3000.508,1996.6933333333332,7078.999999999996,100,100,1005,1.967495423162458,7.043781094527359,2.177393674850464,-1996.6933333333332,-0.015781033143866807,34.73124808073044,0.40992303751409054,0.03272682560782414,0.08450520841870457,982,329.4288421071581,0.30826520919799805
983,3003.132,1978.6166666666672,6970.333333333334,100,100,1003,1.9805241270076228,6.949484878697242,2.1855366230010986,-1978.6166666666672,-0.015401266398839653,37.32069730758667,0.39567089919000864,0.034974817746842746,0.08466569776646793,983,329.47507578444413,0.30826520919799805
984,3005.758,1941.6966666666654,7018.333333333331,100,100,1005,1.9691949272389286,6.983416252072966,2.1784255504608154,-1941.6966666666654,-0.01567822345532477,33.69174420833588,0.3671728512272239,0.034264149850059766,0.09791666676755995,984,329.5215771534428,0.30826520919799805
985,3008.37,2009.9900000000007,7026.666666666662,100,100,1009,1.9523478703844712,6.963990749917405,2.1728217601776123,-2009.9900000000007,-0.015298770158551633,50.62076073884964,0.4603624939918518,0.016278748160402756,0.09388950886204839,985,329.57097323384977,0.30826520919799805
986,3010.978,2115.3066666666664,7353.333333333335,100,100,1006,1.9575164033790633,7.3094764744864165,2.1725614070892334,-2115.3066666666664,-0.011020041594747454,38.95451337099075,0.40600092895329,0.023730649627395906,0.09479025134351104,986,329.6194365318797,0.30826520919799805
987,3013.576,2041.6366666666675,6991.333333333336,100,100,1001,1.9596005005149784,6.984348984348987,2.1625123023986816,-2041.6366666666675,-0.015070626453962177,39.891109466552734,0.4187126886099577,0.026073710527271032,0.10652867727912962,987,329.6674421158686,0.30826520919799805
988,3016.189,1942.8500000000013,7076.66666666667,100,100,1005,1.9508550251690457,7.041459369817582,2.158957004547119,-1942.8500000000013,-0.017809392884373665,34.66859781742096,0.42143855802714825,0.02256589708122192,0.10285373270744458,988,329.7150433596103,0.30826520919799805
989,3018.809,2106.903333333335,7306.999999999998,100,100,1004,1.974834363320397,7.277888446215138,2.181849241256714,-2106.903333333335,-0.016378533699025866,52.228819847106934,0.4338550167158246,0.009615012882932206,0.08256392064504325,989,329.7615270012483,0.30826520919799805
990,3024.607,2024.1366666666684,7225.666666666669,100,100,1005,1.9854238780391453,7.189718076285242,2.1988344192504883,-2024.1366666666684,-0.016421568871010095,32.68793874979019,0.45882953982800245,0.010567081315457472,0.10367838572710752,990,329.80539202542957,0.30826520919799805
991,3027.245,1978.7966666666662,7208.666666666667,100,100,1006,1.9732215685934702,7.165672630881379,2.1855740547180176,-1978.7966666666662,-0.01703832857310772,29.736982107162476,0.5745243793353438,0.03444754402153194,0.13421365479007363,991,329.5068976487632,0.30826520919799805
992,3029.906,2031.7799999999997,7266.000000000001,100,100,1009,2.0050504444466073,7.201189296333004,2.227048873901367,-2031.7799999999997,-0.007702736649662256,36.799429178237915,0.46942954044789076,0.022531464783241972,0.08562858728691936,992,329.5505249021198,0.30826520919799805
993,3032.503,1977.1499999999996,7132.000000000001,100,100,1005,1.954785771135111,7.096517412935325,2.1627159118652344,-1977.1499999999996,-0.01355620168033056,35.418151557445526,0.4482793062925339,0.03582642412948189,0.08938802086049691,993,329.5996924067488,0.30826520919799805
994,3035.096,1994.3566666666677,7214.0,100,100,1004,1.954423205693256,7.185258964143427,2.1621551513671875,-1994.3566666666677,-0.016539755160920322,32.58976101875305,0.46290932316333055,0.033779458739445545,0.08007812523283064,994,329.6488669534285,0.30826520919799805
995,3037.737,1982.7600000000018,7158.0,100,100,1003,1.9845295128025344,7.1365902293120635,2.1903936862945557,-1982.7600000000018,-0.014498144038952887,38.633771657943726,0.5289926845580339,0.03604974837799091,0.107592205516994,995,329.6924987360083,0.30826520919799805
996,3040.346,2036.3533333333326,7058.333333333335,100,100,1005,1.966570946735455,7.023217247097846,2.1759657859802246,-2036.3533333333326,-0.005691383179510012,39.95314425230026,0.5058604357764125,0.031411319083417766,0.07180989603511989,996,329.7402476873935,0.30826520919799805
997,3042.937,1925.0633333333324,7172.666666666665,100,100,1003,1.9583217340037746,7.151213027583913,2.157003164291382,-1925.0633333333324,-0.012358504929579794,38.87579810619354,0.4698160523548722,0.026787049406266306,0.07271984033286572,997,329.78891670395035,0.30826520919799805
998,3045.545,2024.6333333333316,7433.0,100,100,1005,1.9581240798759074,7.396019900497512,2.1669905185699463,-2024.6333333333316,-0.012881465253713031,37.95235848426819,0.5683253528550267,0.022578607606192236,0.06260850711259991,998,329.83654694707855,0.30826520919799805
999,3048.153,2057.090000000001,7359.000000000002,100,100,1010,1.9505315872905131,7.286138613861388,2.1705195903778076,-2057.090000000001,-0.013073666486889124,62.85307502746582,0.5720984963700175,0.012826330872485414,0.07822265615686774,999,329.8856800195231,0.30826520919799805
1000,3053.928,2091.853333333333,7285.333333333334,100,100,1014,1.9727694279380157,7.18474687705457,2.2066380977630615,-2091.853333333333,-0.014573296444723383,35.054946422576904,0.5709346905350685,0.015632439595719916,0.06517650478053838,1000,329.9309507780875,0.30826520919799805
1001,3056.514,1976.2533333333317,7145.333333333332,100,100,1004,1.9429165341676142,7.116865869853917,2.1470603942871094,-1976.2533333333317,-0.019622580068244133,31.549504220485687,0.617683588527143,0.03676246716349851,0.08638139255344868,1001,329.6434659777767,0.30826520919799805
1002,3059.073,2013.7833333333342,7091.000000000005,100,100,1001,1.9271070911938866,7.083916083916089,2.125270366668701,-2013.7833333333342,-0.00944103387882933,30.389966309070587,0.5766526218503714,0.03982027092206408,0.06588224065490067,1002,329.69495562007154,0.30826520919799805
1003,3061.647,1952.9333333333323,7070.666666666667,100,100,1008,1.9138618068638376,7.014550264550265,2.126352548599243,-1952.9333333333323,-0.01753047574311495,37.783309519290924,0.5955778220668435,0.04937122693081619,0.05322265625,1003,329.7469781061176,0.30826520919799805
1004,3064.231,2067.4866666666667,7206.666666666668,100,100,998,1.9399925860163862,7.221108884435539,2.1362977027893066,-2067.4866666666667,-0.02140171406790614,36.91583997011185,0.5798076810315251,0.032525175221962854,0.07414165302179754,1004,329.7946581424228,0.30826520919799805
1005,3066.876,2086.5633333333335,7170.999999999999,100,100,1009,1.976738355632011,7.107036669970267,2.201533794403076,-2086.5633333333335,-0.011537665210198611,46.96621626615524,0.6920031867921352,0.00791600229422329,0.058434311125893146,1005,329.8392776683482,0.30826520919799805
1006,3069.484,1976.8699999999992,7072.666666666668,100,100,1004,1.9687348627717238,7.04448871181939,2.175839900970459,-1976.8699999999992,-0.021249732584692538,34.99450492858887,0.6227341089397669,0.03708053208174533,0.07772549707442522,1006,329.8860762291482,0.30826520919799805
1007,3072.065,2014.8300000000008,7139.000000000001,100,100,1010,1.9230952481785328,7.068316831683169,2.142266035079956,-2014.8300000000008,-0.018705772381508723,43.84747552871704,0.5800796505063772,0.028633580761379562,0.0879882809240371,1007,329.93765484535874,0.30826520919799805
1008,3074.644,2097.8066666666664,7360.666666666669,100,100,1007,1.915742802945111,7.309500165508112,2.130359649658203,-2097.8066666666664,-0.013750183279626071,51.68355393409729,0.6330295894294977,0.010015480533184018,0.0818442483432591,1008,329.9884422940107,0.30826520919799805
1009,3077.254,2035.0100000000007,7362.333333333333,100,100,1007,1.9466188695104174,7.3111552466070835,2.161557197570801,-2035.0100000000007,-0.014454060117714107,39.61937779188156,0.6506403591483831,0.009106122844968922,0.07664976711384952,1009,330.03576218227624,0.30826520919799805
1010,3082.932,2118.6433333333334,7351.33333333333,100,100,1008,1.9100013866721253,7.292989417989415,2.127941131591797,-2118.6433333333334,-0.018649856268893927,50.695372581481934,0.6565011059865355,0.0041106282151304185,0.0810546875,1010,330.08866645128643,0.30826520919799805
1011,3086.139,2161.106666666666,7431.666666666665,100,100,1009,2.5016661048972955,7.365378262305912,2.7320828437805176,-2161.106666666666,-0.017373752023559064,33.3559336066246,0.6016509365290403,0.016666401948896237,0.09652024833485484,1011,329.7392394413987,0.30826520919799805
1012,3089.258,2096.4200000000005,7194.333333333335,100,100,1005,2.4299009948672348,7.158540630182423,2.6457552909851074,-2096.4200000000005,-0.018504935316741467,61.10536873340607,0.6140219792723656,0.004290129132641596,0.06666666670935228,1012,329.73156686049646,0.30826520919799805
1013,3092.107,2025.1600000000014,7152.999999999998,100,100,1009,2.1738186298626796,7.089197224975221,2.396986484527588,-2025.1600000000014,-0.014984361012466252,29.927470088005066,0.5224639689549804,0.02378390362719074,0.07372050383128226,1013,329.7540905671001,0.30826520919799805
1014,3094.919,2124.596666666668,7204.666666666667,100,100,1006,2.130302086761351,7.161696487740226,2.3476834297180176,-2124.596666666668,-0.02056317124515772,35.012260377407074,0.6173765696585178,0.02407899194804486,0.08226477610878646,1014,329.7795117561012,0.30826520919799805
1015,3098.033,1918.3099999999995,6985.333333333333,100,100,1012,2.4181879426926933,6.902503293807642,2.652881145477295,-1918.3099999999995,-0.016744257722166367,35.919298350811005,0.5548850102350116,0.011638612908427604,0.07339242805028334,1015,329.77471504064425,0.30826520919799805
1016,3101.177,2106.2733333333326,7249.66666666667,100,100,1005,2.452393335091015,7.213598673300169,2.6714365482330322,-2106.2733333333326,-0.01544225140241906,56.02452027797699,0.5601919647306204,0.0597815680957865,0.08090277790324762,1016,329.7644611465192,0.30826520919799805
1017,3104.136,2050.2500000000005,7124.333333333331,100,100,1013,2.267003060996106,7.032905561039813,2.5026309490203857,-2050.2500000000005,-0.012649492418859154,34.372034668922424,0.5639139637351036,0.041238190169679,0.08216944290325046,1017,329.776467077446,0.30826520919799805
1018,3106.99,1900.1733333333336,6898.999999999996,100,100,1005,2.180401193306999,6.864676616915419,2.3908207416534424,-1900.1733333333336,-0.02031360554974526,42.04822492599487,0.5854395153000951,0.02281505913924775,0.09105902793817222,1018,329.7969903633944,0.30826520919799805
1019,3110.094,2012.8500000000008,6927.333333333334,100,100,1010,2.4119230699587133,6.858745874587459,2.640422821044922,-2012.8500000000008,-0.014849985076580197,32.035510540008545,0.6024822052568197,0.028802074521081522,0.08898437488824129,1019,329.79265029083655,0.30826520919799805
1020,3116.617,2007.336666666666,7171.333333333333,100,100,1007,2.3864421072344792,7.12148295266468,2.6037797927856445,-2007.336666666666,-0.01565203774953261,50.209174036979675,0.5712317833676934,0.007778198279993376,0.08543882961384952,1020,329.7901968782229,0.30826520919799805
1021,3119.581,2093.116666666666,7109.666666666667,100,100,1008,2.262249803664865,7.053240740740741,2.485121965408325,-2093.116666666666,-0.0186382966930978,39.19687694311142,0.6189457383006811,0.023414122755639255,0.10107421921566129,1021,329.43555832248717,0.30826520919799805
1022,3122.356,2058.7200000000016,7112.333333333335,100,100,1003,2.1034988027078994,7.091060152874711,2.308868885040283,-2058.7200000000016,-0.014173730101902038,41.02919089794159,0.591505566611886,0.02734177406091476,0.09830350615084171,1022,329.4639954500999,0.30826520919799805
1023,3125.101,2088.243333333335,7146.0,100,100,1006,2.0751554683724764,7.10337972166998,2.2924938201904297,-2088.243333333335,-0.017623174819163978,44.339617133140564,0.6177234426140785,0.02265242157227476,0.09542714059352875,1023,329.49659938106515,0.30826520919799805
1024,3128.067,1986.3133333333335,7165.000000000005,100,100,1009,2.274782754059944,7.101090188305257,2.498900890350342,-1986.3133333333335,-0.020291315158829093,46.44933843612671,0.5555746061727405,0.012271483159565832,0.12314652418717742,1024,329.50667095718313,0.30826520919799805
1025,3130.969,2024.3966666666672,7150.0,100,100,1004,2.223842829721887,7.121513944223108,2.4356067180633545,-2024.3966666666672,-0.017638683028053492,39.681445837020874,0.5882709128782153,0.023411390488035977,0.08376242942176759,1025,329.52195925567054,0.30826520919799805
1026,3133.782,2041.4933333333338,7197.666666666664,100,100,1009,2.1329168473740503,7.133465477370331,2.3565022945404053,-2041.4933333333338,-0.01992061297642067,40.29469645023346,0.6335508655756712,0.01975756568572251,0.09934032207820565,1026,329.54826408807355,0.30826520919799805
1027,3136.561,2051.0533333333333,7222.333333333335,100,100,1004,2.1157914328999237,7.1935590969455525,2.3249030113220215,-2051.0533333333333,-0.019777584937401116,40.85239428281784,0.6535170571878552,0.028307242566370405,0.09907670482061803,1027,329.57624133982955,0.30826520919799805
1028,3139.414,1988.4600000000003,7057.999999999996,100,100,1004,2.16640238868132,7.029880478087645,2.3769426345825195,-1988.4600000000003,-0.023357117199338973,26.75965440273285,0.6374939195811749,0.02015386438870337,0.12983842380344868,1028,329.59654341194,0.30826520919799805
1029,3142.433,2147.3966666666665,7187.666666666667,100,100,1005,2.326985176499766,7.151907131011609,2.5503714084625244,-2147.3966666666665,-0.026368413266027346,53.724472522735596,0.6422334546223283,0.004773262640810572,0.12014973961049691,1029,329.59984005406886,0.30826520919799805
1030,3149.128,1934.7799999999982,7134.999999999999,100,100,1003,2.3086159499334253,7.1136590229312056,2.5170254707336426,-1934.7799999999982,-0.020049773389473557,30.682725191116333,0.6655324194580317,0.016099837332149036,0.08809502189978957,1030,329.605974201694,0.30826520919799805
1031,3152.068,2040.7566666666667,7153.0,100,100,1008,2.2475825385227504,7.096230158730159,2.4709370136260986,-2040.7566666666667,-0.0245054928236641,39.90631437301636,0.6443664487451315,0.07312668055783433,0.11181640671566129,1031,329.2302439595972,0.30826520919799805
1032,3154.943,2049.286666666667,7216.999999999998,100,100,1009,2.1853477702632076,7.15262636273538,2.409594774246216,-2049.286666666667,-0.02070871408795938,40.685481667518616,0.6454491708427668,0.11964488412922947,0.12754105520434678,1032,329.25005323169563,0.30826520919799805
1033,3157.904,2065.0800000000004,7258.666666666667,100,100,1006,2.2787237563031626,7.2153744201457926,2.4983694553375244,-2065.0800000000004,-0.02529274846892804,35.43743085861206,0.6011078394949436,0.03800130379386246,0.15724779199808836,1033,329.25984509081695,0.30826520919799805
1034,3160.875,1994.2266666666694,6959.666666666672,100,100,1002,2.3019207583855605,6.945775116433805,2.5096030235290527,-1994.2266666666694,-0.021042560052592307,32.600368559360504,0.6461145039647818,0.03843782431795262,0.12811569985933602,1034,329.26744640997015,0.30826520919799805
1035,3163.837,1941.2633333333326,6854.666666666667,100,100,1000,2.3133913005003706,6.854666666666667,2.511430501937866,-1941.2633333333326,-0.02036725968355313,35.2827530503273,0.5926060434430838,0.023124031467887107,0.12119140662252903,1035,329.2751665805268,0.30826520919799805
1036,3166.716,2003.6699999999985,7034.666666666666,100,100,1009,2.193335875706347,6.971919392137429,2.4174482822418213,-2003.6699999999985,-0.01960287627298385,34.6927570104599,0.5975535232573748,0.00881030080927303,0.12701291451230645,1036,329.2945802521679,0.30826520919799805
1037,3169.663,1993.1233333333323,6971.666666666668,100,100,1006,2.269487081731579,6.9300861497680595,2.4849154949188232,-1993.1233333333323,-0.023884242109488696,33.922399401664734,0.628619178198278,0.0208398780960124,0.11030910338740796,1037,329.3056221551621,0.30826520919799805
1038,3172.707,2087.22,7204.000000000001,100,100,1009,2.341188504236009,7.13974231912785,2.571314811706543,-2087.22,-0.024280062993057072,37.964729726314545,0.5867164926603436,0.017990686843404546,0.12397361267358065,1038,329.3077504291041,0.30826520919799805
1039,3175.306,1998.0833333333335,7119.000000000004,100,100,1006,1.948292544329165,7.0765407554672,2.1595876216888428,-1998.0833333333335,-0.020505038264673203,27.98607087135315,0.629309730604291,0.02006981683007325,0.12073284666985273,1039,329.35501247234714,0.30826520919799805
1040,3180.991,1978.0533333333328,7082.000000000003,100,100,1005,1.9495039822681997,7.046766169154232,2.1585121154785156,-1978.0533333333328,-0.026228931732475758,28.087880969047546,0.6085315067321062,0.010722450781031512,0.1318684897851199,1040,329.4011359056259,0.30826520919799805
1041,3183.583,2065.2799999999993,7124.999999999996,100,100,1006,1.936255864985102,7.082504970178923,2.1490304470062256,-2065.2799999999993,-0.01926723582437262,43.015763342380524,0.591249393299222,0.016739828723075334,0.12181555735878646,1041,329.13050770303005,0.30826520919799805
1042,3186.201,2060.1966666666654,7234.000000000001,100,100,1006,1.9520968192990196,7.190854870775349,2.165409803390503,-2060.1966666666654,-0.02178878104314208,34.51830732822418,0.6434384640306234,0.025082346623094054,0.11916185449808836,1042,329.1756929079393,0.30826520919799805
1043,3188.834,2087.573333333334,7371.333333333332,100,100,1010,1.966657127959119,7.298349834983497,2.1919443607330322,-2087.573333333334,-0.025966560875531286,36.06072723865509,0.6090237908065319,0.00907119017210789,0.12064453109633178,1043,329.22062448008506,0.30826520919799805
1044,3191.427,1944.6266666666668,7031.333333333334,100,100,1007,1.9434086399017847,6.982456140350878,2.153667688369751,-1944.6266666666668,-0.02143917907960713,49.05184984207153,0.6088084895163774,0.009363226574350847,0.11268907901830971,1044,329.26866217371366,0.30826520919799805
1045,3194.021,2066.9933333333333,7235.666666666669,100,100,1011,1.933515723840758,7.1569403231124324,2.158066987991333,-2066.9933333333333,-0.022367166180629283,32.66017669439316,0.6079366011545062,0.05540893388388213,0.11880553024820983,1045,329.31778868779645,0.30826520919799805
1046,3196.615,1983.6566666666652,7202.999999999995,100,100,1007,1.943816879649518,7.152929493545179,2.1543872356414795,-1983.6566666666652,-0.019437656097579747,44.325800359249115,0.527877583168447,0.03514294144406449,0.13759142253547907,1046,329.3655719416123,0.30826520919799805
1047,3199.218,1942.0300000000002,7045.3333333333385,100,100,1007,1.9416855989197914,6.9963588215822625,2.151184320449829,-1942.0300000000002,-0.016857409063959494,33.014653503894806,0.5127180712297559,0.015734192813397385,0.10815949086099863,1047,329.4124122986979,0.30826520919799805
1048,3201.826,2053.773333333333,7170.333333333337,100,100,1006,1.952244132473902,7.127567925778664,2.166489601135254,-2053.773333333333,-0.025695174030261114,39.034108340740204,0.49395172018557787,0.0328090203620377,0.11992612108588219,1048,329.4582730282271,0.30826520919799805
1049,3204.72,2122.6166666666677,7291.999999999999,100,100,1010,2.210307722948123,7.219801980198019,2.4406116008758545,-2122.6166666666677,-0.01854772842489183,37.14108842611313,0.5077993478626013,0.015592805519190733,0.10048828099388629,1049,329.47592626041785,0.30826520919799805
1050,3211.048,2089.103333333333,7225.66666666667,100,100,1007,2.196812710670205,7.175438596491231,2.416182518005371,-2089.103333333333,-0.019457033020444214,37.232014179229736,0.5617967993021011,0.016754438271163963,0.09875747986370698,1050,329.4937541312782,0.30826520919799805
1051,3213.98,2082.656666666667,7118.666666666664,100,100,1005,2.231546768580392,7.083250414593696,2.447009563446045,-2082.656666666667,-0.013853884651325643,27.452490746974945,0.5688132215291262,0.022517981233249884,0.12133246543817222,1051,329.1525997756736,0.30826520919799805
1052,3217.044,1980.9233333333336,7080.000000000001,100,100,1007,2.368040318353899,7.030784508440915,2.5895116329193115,-1980.9233333333336,-0.024310221313498914,32.64906817674637,0.5592405060306191,0.022354457549226936,0.09893409220967442,1052,329.1521475152321,0.30826520919799805
1053,3220.086,1966.3066666666668,7027.333333333328,100,100,1011,2.334959942614429,6.95087372238707,2.5634968280792236,-1966.3066666666668,-0.023740798147628084,30.684918463230133,0.5468778610229492,0.021946661996480543,0.1306583182886243,1053,329.1552452531887,0.30826520919799805
1054,3222.97,2088.496666666667,7334.333333333338,100,100,1009,2.188627059041634,7.2689131152956765,2.411797285079956,-2088.496666666667,-0.016988607705570757,30.54336839914322,0.5484923301264644,0.025049874471733347,0.10233976389281452,1054,329.17370484505614,0.30826520919799805
1055,3225.84,1976.3500000000004,6929.333333333333,100,100,1009,2.1894774039721763,6.867525602907168,2.411489248275757,-1976.3500000000004,-0.020228112756740302,32.923902213573456,0.509007541462779,0.0350683959077287,0.1038843272253871,1055,329.19367040880053,0.30826520919799805
1056,3228.753,2081.5666666666657,7285.999999999999,100,100,1008,2.236579067400834,7.228174603174602,2.459991455078125,-2081.5666666666657,-0.02001193631440401,36.61308014392853,0.5188932679593563,0.024788720336800907,0.10856119822710752,1056,329.20887142112014,0.30826520919799805
1057,3231.783,2107.399999999999,7271.666666666668,100,100,1010,2.3420880189036377,7.199669966996701,2.5750491619110107,-2107.399999999999,-0.018857954361010343,32.37168198823929,0.4913114598020911,0.018961800891702296,0.10591796832159162,1057,329.21268981739917,0.30826520919799805
1058,3234.491,2077.2733333333335,7015.333333333334,100,100,1001,2.063188113860198,7.008325008325009,2.2661690711975098,-2077.2733333333335,-0.02076885028509423,37.44965201616287,0.4880486782640219,0.023246998764079763,0.12389243487268686,1058,329.2465048630497,0.30826520919799805
1059,3237.145,2067.613333333332,7210.000000000001,100,100,1007,1.9921184737788367,7.159880834160875,2.2094879150390625,-2067.613333333332,-0.01943351502995938,25.535687148571014,0.5275893555954099,0.02346504024171736,0.10723487357608974,1059,329.287651334425,0.30826520919799805
1060,3242.949,2089.1100000000006,7183.666666666667,100,100,1007,1.9846350548126714,7.133730552797087,2.2026212215423584,-2089.1100000000006,-0.02223832468735054,38.06339627504349,0.4914856478571892,0.01866743993741693,0.12374293501488864,1060,329.32833824005115,0.30826520919799805
1061,3245.606,2006.8266666666668,7115.999999999999,100,100,1005,1.9970124388178485,7.080597014925372,2.2075626850128174,-2006.8266666666668,-0.015733656764496118,22.61501255631447,0.49937404599040747,0.03650139104865957,0.0961697050370276,1061,329.0491642325524,0.30826520919799805
1062,3248.27,2085.0866666666657,7358.000000000005,100,100,1004,1.9935242009842657,7.328685258964148,2.203618049621582,-2085.0866666666657,-0.02159949840279296,36.1209032535553,0.4998624725267291,0.017160446880552627,0.1144797585438937,1062,329.0884156365875,0.30826520919799805
1063,3250.9,1973.5266666666669,7002.333333333331,100,100,1005,1.9787062682322603,6.967495854063016,2.1848113536834717,-1973.5266666666669,-0.01634211908094585,24.552763879299164,0.4853481147438288,0.015354260087406146,0.10704210097901523,1063,329.13133810985846,0.30826520919799805
1064,3253.523,1926.4100000000014,7017.333333333334,100,100,1005,1.9756499520359347,6.982421227197348,2.1831297874450684,-1926.4100000000014,-0.017096012117690407,42.60576528310776,0.4943858403712511,0.04400854286723188,0.09113498288206756,1064,329.17490228361464,0.30826520919799805
1065,3256.146,2031.2533333333333,7106.333333333336,100,100,1004,1.9775050795689018,7.078021248339976,2.1860196590423584,-2031.2533333333333,-0.023014900769339874,27.861578941345215,0.5651578726246953,0.025605078615626553,0.12020596605725586,1065,329.2180443747628,0.30826520919799805
1066,3258.834,2108.6166666666645,7411.666666666667,100,100,1010,1.985273367637713,7.338283828382838,2.2095162868499756,-2108.6166666666645,-0.02218392275972292,33.36689478158951,0.5155645869672298,0.06153420556074707,0.09490234346594661,1066,329.25640426980914,0.30826520919799805
1067,3261.5,2074.933333333333,7244.666666666668,100,100,1004,2.002403191318624,7.215803452855247,2.2152304649353027,-2074.933333333333,-0.021063646621769294,35.0666264295578,0.5409816456958652,0.009718490488012321,0.09738991502672434,1067,329.295158959274,0.30826520919799805
1068,3264.149,1933.8566666666666,7083.000000000003,100,100,1008,1.992615277505672,7.026785714285717,2.209097146987915,-1933.8566666666666,-0.01701170502929017,26.860145688056946,0.4279959574341774,0.03670350763241004,0.09033203125,1068,329.33667061800503,0.30826520919799805
1069,3266.806,2056.1266666666666,7219.666666666669,100,100,1008,1.971768649661773,7.162367724867727,2.189544677734375,-2056.1266666666666,-0.021813574770931154,29.023758947849274,0.4828555276617408,0.06719855243136408,0.11376953125,1069,329.37739545995413,0.30826520919799805
1070,3272.635,2058.9533333333343,7185.333333333331,100,100,1004,1.977603685085762,7.156706507304115,2.1873326301574707,-2058.9533333333343,-0.019693669746629894,40.67489445209503,0.45634640101343393,0.04221659053655458,0.10409268480725586,1070,329.41946917764426,0.30826520919799805
1071,3275.322,2023.37,7129.333333333331,100,100,1011,1.9904550933670602,7.051763930102207,2.2146058082580566,-2023.37,-0.018031151328614214,36.34325087070465,0.4762664455920458,0.01933869787171716,0.10599532793276012,1071,329.13615474728766,0.30826520919799805
1072,3277.982,2045.76,7204.6666666666715,100,100,1004,2.008246215462937,7.175962815405051,2.2182765007019043,-2045.76,-0.020309748651925474,29.203428983688354,0.4443268943578005,0.01980674210426514,0.07763671875,1072,329.17539691808656,0.30826520919799805
1073,3280.605,1967.0566666666668,7113.666666666663,100,100,1005,1.9731704461902602,7.078275290215585,2.179826259613037,-1967.0566666666668,-0.020755717530846596,34.26763963699341,0.4517156668007374,0.038831870384456124,0.1038845491129905,1073,329.218533647483,0.30826520919799805
1074,3283.243,2017.0299999999997,7189.666666666664,100,100,1004,1.9714235040810018,7.161022576361219,2.1788694858551025,-2017.0299999999997,-0.01617083221208304,41.47279381752014,0.41105079278349876,0.027583276892983122,0.09983132150955498,1074,329.25978657675597,0.30826520919799805
1075,3285.855,1957.8766666666672,7069.333333333331,100,100,1008,1.9564931554625564,7.013227513227511,2.1699678897857666,-1957.8766666666672,-0.014171894639730453,47.13866674900055,0.39103543758392334,0.02289075616613445,0.0935872399713844,1075,329.30480565448795,0.30826520919799805
1076,3288.5,1960.2166666666662,7054.66666666667,100,100,1005,1.9915814913429357,7.0195688225539,2.2001595497131348,-1960.2166666666662,-0.014492285845335573,34.293737173080444,0.35699370596557856,0.06552699557869346,0.09894748288206756,1076,329.34560240407575,0.30826520919799805
1077,3291.156,2049.6533333333327,7234.999999999995,100,100,1008,1.9963533737205177,7.17757936507936,2.214449167251587,-2049.6533333333327,-0.016856707574333996,37.81341141462326,0.37430885434150696,0.02555002192821121,0.08382161473855376,1077,329.38608600733784,0.30826520919799805
1078,3293.793,2103.603333333332,7204.666666666664,100,100,1008,1.9593035698533872,7.14748677248677,2.1811411380767822,-2103.603333333332,-0.016553366847801954,48.545825719833374,0.4467438366264105,0.020289723703172058,0.0935872399713844,1078,329.4284651414324,0.30826520919799805
1079,3296.399,2000.793333333334,7244.333333333338,100,100,1009,1.9480059435868007,7.179715890320454,2.1658260822296143,-2000.793333333334,-0.017278535466175526,31.179446041584015,0.4650752358138561,0.029175428186135832,0.08825932687614113,1079,329.4740851212983,0.30826520919799805
1080,3302.053,2007.153333333334,7159.000000000002,100,100,1007,1.935807349555224,7.109235352532276,2.1516354084014893,-2007.153333333334,-0.017280766216572374,33.40714991092682,0.5137971863150597,0.03398653988551814,0.09262799168936908,1080,329.5204326558764,0.30826520919799805
1081,3304.69,1951.5766666666675,7130.000000000003,100,100,1005,1.968473433030408,7.094527363184082,2.177994728088379,-1951.5766666666675,-0.02557470789179206,35.04737538099289,0.5310414312407374,0.016787254375230987,0.09714626759523526,1081,329.2562980921404,0.30826520919799805
1082,3307.32,2079.6333333333328,7229.333333333336,100,100,1007,1.9597188687985976,7.179079774908973,2.178182601928711,-2079.6333333333328,-0.023007444047834724,29.282016038894653,0.40550610795617104,0.04645501011691522,0.15214635897427797,1082,329.2990582494792,0.30826520919799805
1083,3309.937,2133.2766666666666,7477.333333333338,100,100,1010,1.9467611900890376,7.403300330033008,2.1689271926879883,-2133.2766666666666,-0.016539712494704872,36.5456548333168,0.43416168820112944,0.025413094488612842,0.10187499970197678,1083,329.34371841936695,0.30826520919799805
1084,3312.53,2062.3833333333337,7192.666666666667,100,100,1008,1.9322755977064223,7.135582010582011,2.149745225906372,-2062.3833333333337,-0.02145848231157288,32.782450914382935,0.44562671706080437,0.03495579922309844,0.10156250046566129,1084,329.39026694874525,0.30826520919799805
1085,3315.12,2117.883333333333,7401.666666666668,100,100,1010,1.9106019798915206,7.328382838283829,2.1339964866638184,-2117.883333333333,-0.014848415972664952,33.960027396678925,0.445728681050241,0.015138391660002526,0.0782226559240371,1085,329.4375603427427,0.30826520919799805
1086,3317.723,2071.486666666667,7204.0,100,100,1007,1.9185242292590536,7.153922542204568,2.1325125694274902,-2071.486666666667,-0.01870067563140765,42.782967150211334,0.4866365222260356,0.018933130573714152,0.10301695461384952,1086,329.48264662696096,0.30826520919799805
1087,3320.325,1904.2766666666676,7097.666666666668,100,100,1007,1.945906654906634,7.048328368090037,2.154642343521118,-1904.2766666666676,-0.02430539287161082,26.88287663459778,0.5254857093095779,0.009841659655648982,0.09786402876488864,1087,329.52767850805117,0.30826520919799805
1088,3322.931,2022.073333333334,7339.333333333336,100,100,1008,1.9341997032160945,7.2810846560846585,2.1500070095062256,-2022.073333333334,-0.02077955676941201,30.844695687294006,0.5239618429914117,0.02523428930726368,0.10839843767462298,1088,329.5725565796999,0.30826520919799805
1089,3325.837,2057.4066666666677,7213.666666666664,100,100,1003,2.2273630114803358,7.192090395480224,2.4373981952667236,-2057.4066666666677,-0.021536286978516728,41.01975178718567,0.5073829172179103,0.010139051650185138,0.08829941879957914,1089,329.58624626529036,0.30826520919799805
1090,3332.416,2075.650000000002,7230.999999999998,100,100,1010,2.2820247507810887,7.159405940594057,2.5108349323272705,-2075.650000000002,-0.01957534422399476,36.86523634195328,0.4796196613460779,0.015117045455554035,0.10144531237892807,1090,329.5947495288278,0.30826520919799805
1091,3335.284,2115.9066666666677,7259.666666666672,100,100,1010,2.1750411898183573,7.187788778877893,2.4042575359344482,-2115.9066666666677,-0.016966522787697613,37.29449516534805,0.5719632459804416,0.02632516909216065,0.10089843720197678,1091,329.2583601707447,0.30826520919799805
1092,3338.197,2062.6333333333328,7160.666666666664,100,100,1006,2.2336315096561496,7.117958913187539,2.4523158073425293,-2062.6333333333328,-0.01608447905164212,37.72956186532974,0.5100783631205559,0.023219165135742514,0.08451511571183801,1092,329.2723388738871,0.30826520919799805
1093,3341.255,2100.650000000001,7359.666666666667,100,100,1010,2.363095444853021,7.286798679867987,2.5907652378082275,-2100.650000000001,-0.016779418278019875,40.76013761758804,0.47174458485096693,0.021917669851973187,0.08820312458556145,1093,329.27336424514726,0.30826520919799805
1094,3344.253,2083.580000000001,7293.333333333338,100,100,1007,2.3099963248974635,7.242634889109571,2.5307111740112305,-2083.580000000001,-0.0200138830114156,35.87136924266815,0.4406298231333494,0.026534293589065783,0.08575049857608974,1094,329.2792610761367,0.30826520919799805
1095,3347.055,1946.9033333333332,7146.666666666669,100,100,1008,2.120310911171449,7.089947089947092,2.3370604515075684,-1946.9033333333332,-0.020115348481340334,30.336914241313934,0.4580019935965538,0.02515607428358635,0.08919270866317675,1095,329.30469108792676,0.30826520919799805
1096,3349.931,2043.776666666668,7078.666666666669,100,100,1006,2.178434791597936,7.036447978793905,2.3939599990844727,-2043.776666666668,-0.01989606278948486,31.511118948459625,0.47355948854237795,0.044450062941905344,0.10334578808397055,1096,329.32229288215547,0.30826520919799805
1097,3352.8,2034.323333333333,7202.666666666666,100,100,1008,2.189565575838695,7.145502645502645,2.4144885540008545,-2034.323333333333,-0.01759074628353119,45.31016951799393,0.48649493884295225,0.014118037339358125,0.09049479197710752,1097,329.34116166017986,0.30826520919799805
1098,3355.432,2136.4400000000005,7423.000000000003,100,100,1005,1.9695490526860182,7.3860696517412965,2.183748960494995,-2136.4400000000005,-0.01911130524240434,52.572556138038635,0.5368644697591662,0.040268332821142394,0.09755859395954758,1098,329.3823689200527,0.30826520919799805
1099,3358.055,2001.6933333333332,7090.333333333335,100,100,1004,1.9739313754698342,7.062084993359895,2.1822547912597656,-2001.6933333333332,-0.01607604167656973,35.709870994091034,0.438745834864676,0.014458319688856136,0.08562677609734237,1099,329.42399821185546,0.30826520919799805
1100,3363.805,2071.196666666666,7269.666666666666,100,100,1006,1.9829685876847691,7.226308813783962,2.1968283653259277,-2071.196666666666,-0.017640197707805783,28.92878621816635,0.4951961636543274,0.01930891955635161,0.08111837663454935,1100,329.4629565564881,0.30826520919799805
1101,3366.469,2106.8199999999997,7352.333333333329,100,100,1011,1.9870703251393094,7.272337619518624,2.2143287658691406,-2106.8199999999997,-0.013052638911176473,37.53372198343277,0.49359476659446955,0.02966399714932777,0.09731158113572747,1101,329.19986520253553,0.30826520919799805
1102,3369.13,2132.863333333332,7362.666666666667,100,100,1004,2.0031048823519058,7.333333333333334,2.2179157733917236,-2132.863333333332,-0.01820762932766229,52.91137182712555,0.41676832269877195,0.023215004101075465,0.1159446022938937,1102,329.2378346866426,0.30826520919799805
1103,3371.79,2030.500000000001,7149.0,100,100,1009,1.979053520751661,7.085232903865213,2.200664758682251,-2030.500000000001,-0.018289181985892355,29.543962359428406,0.3969927364960313,0.06694943737966241,0.10567801352590322,1103,329.27735010787603,0.30826520919799805
1104,3374.435,2161.91,7284.333333333333,100,100,1005,1.9847488538153581,7.248092868988391,2.201239585876465,-2161.91,-0.015793684753589332,44.578695714473724,0.49032146483659744,0.032144510754733346,0.09162326413206756,1104,329.3170989051659,0.30826520919799805
1105,3377.078,2025.1600000000003,7222.66666666667,100,100,1011,1.9738631071725494,7.144081767227171,2.198810338973999,-2025.1600000000003,-0.01638128625927493,30.016947507858276,0.49790149461477995,0.023972860151843634,0.08229932613903657,1105,329.3587803037109,0.30826520919799805
1106,3379.751,2055.626666666668,7372.999999999999,100,100,1008,1.998245236112751,7.314484126984126,2.2150065898895264,-2055.626666666668,-0.01729550422169268,41.84739005565643,0.40466711949557066,0.08299604323110543,0.08561197947710752,1106,329.39642970556474,0.30826520919799805
1107,3382.423,2017.8633333333335,7193.999999999998,100,100,1007,2.001168620203878,7.143992055610723,2.2198755741119385,-2017.8633333333335,-0.013103846227750182,49.74305248260498,0.505768122151494,0.06389704113826156,0.10008726711384952,1107,329.43397840882426,0.30826520919799805
1108,3385.038,2066.169999999999,7284.333333333335,100,100,1002,1.9656675666739827,7.2697937458416515,2.1699845790863037,-2066.169999999999,-0.010998022626154125,32.70561420917511,0.4007796002551913,0.07694198758690618,0.11858258955180645,1108,329.47550718867865,0.30826520919799805
1109,3387.692,2088.699999999999,7198.666666666668,100,100,1008,1.9773057516893402,7.1415343915343925,2.1973135471343994,-2088.699999999999,-0.013129006896633655,33.65887361764908,0.4743449231609702,0.02829015158204129,0.08902994822710752,1109,329.51486639411183,0.30826520919799805
1110,3393.465,2087.5000000000014,7159.333333333335,100,100,1007,1.9455812313078784,7.109566368752071,2.162998676300049,-2087.5000000000014,-0.013069594337139279,41.53674376010895,0.4425122821703553,0.040895593134337105,0.08357920526759699,1110,329.55809446771383,0.30826520919799805
1111,3396.106,2034.6466666666665,7190.666666666671,100,100,1009,1.9684006931671894,7.12652791542782,2.188640594482422,-2034.6466666666665,-0.01204627237166278,38.97822993993759,0.4595365449786186,0.023769282815919723,0.07454759255051613,1111,329.29213343912306,0.30826520919799805
1112,3398.755,2172.4500000000025,7373.000000000004,100,100,1007,1.9753157916546327,7.32174776564052,2.196099042892456,-2172.4500000000025,-0.015840791631489992,53.912612199783325,0.44155592378228903,0.042666578679927625,0.09893409232608974,1112,329.33178541388287,0.30826520919799805
1113,3401.382,2100.1833333333343,7253.333333333333,100,100,1000,1.9679471981944516,7.253333333333333,2.1708199977874756,-2100.1833333333343,-0.008067094604484737,52.103138506412506,0.46673025097697973,0.03220123713617795,0.0656249999301508,1113,329.3714557464513,0.30826520919799805
1114,3403.995,2030.0000000000002,7206.999999999999,100,100,1002,1.9623449099196228,7.192614770459081,2.1657238006591797,-2030.0000000000002,-0.012667806237004697,35.50279200077057,0.46466822922229767,0.04623187034303555,0.0860537575208582,1114,329.4129764687834,0.30826520919799805
1115,3406.63,2082.7366666666676,7320.666666666671,100,100,1010,1.9639230685972489,7.248184818481852,2.1877670288085938,-2082.7366666666676,-0.01292717264732346,36.86845749616623,0.42284794989973307,0.040195857000071555,0.08953124983236194,1115,329.4546476621226,0.30826520919799805
1116,3409.254,1987.9933333333338,7074.333333333334,100,100,1006,1.9488252481125354,7.032140490390988,2.159364700317383,-1987.9933333333338,-0.011904237559065223,36.00242018699646,0.4584823651239276,0.035669844117364846,0.0721170175820589,1116,329.49617296438396,0.30826520919799805
1117,3411.91,2046.7299999999998,7112.666666666662,100,100,1003,1.993444069114106,7.091392489199065,2.2055675983428955,-2046.7299999999998,-0.01463806867832318,41.33992689847946,0.5014441041275859,0.03432153563335305,0.07488871738314629,1117,329.53361836009174,0.30826520919799805
1118,3414.513,2054.133333333334,7278.666666666667,100,100,1003,1.9510195419704865,7.256895978730475,2.158384084701538,-2054.133333333334,-0.01104232796933502,34.71373254060745,0.4944330248981714,0.0313672914126073,0.10146030224859715,1118,329.5762298683744,0.30826520919799805
1119,3417.113,2077.6533333333336,7108.666666666669,100,100,1014,1.9292722887146476,7.010519395134782,2.157247543334961,-2077.6533333333336,-0.014620559493778273,40.293825685977936,0.4483232796192169,0.020059790982486447,0.09013310179580003,1119,329.622102327342,0.30826520919799805
1120,3422.776,2044.7733333333335,7098.666666666669,100,100,1008,1.9418726195230163,7.0423280423280445,2.159498929977417,-2044.7733333333335,-0.013912536611314863,47.55462026596069,0.4885105788707733,0.020113776161451824,0.08089192712213844,1120,329.6648119379657,0.30826520919799805
1121,3425.382,2003.533333333333,7053.666666666664,100,100,1010,1.9361225717544261,6.983828382838281,2.157088279724121,-2003.533333333333,-0.01608481031144038,29.812674283981323,0.46670408733189106,0.029369434509135317,0.06917968729976565,1121,329.41554333456236,0.30826520919799805
1122,3428.009,2093.636666666667,7219.333333333334,100,100,1003,1.9757697914224694,7.197740112994351,2.184143304824829,-2093.636666666667,-0.0121427335543558,41.42312216758728,0.4628541683778167,0.08608826660201885,0.10046102805063128,1122,329.4556524261868,0.30826520919799805
1123,3430.583,1985.8966666666668,7045.333333333333,100,100,1006,1.9207874718714675,7.003313452617627,2.1301939487457275,-1985.8966666666668,-0.011722654569894075,30.20684188604355,0.5009446553885937,0.05558629063307308,0.10763417137786746,1123,329.5016912758328,0.30826520919799805
1124,3433.195,2008.47,7042.999999999999,100,100,1009,1.938565609961881,6.98017839444995,2.156137466430664,-2008.47,-0.010005361516959965,32.50371825695038,0.4595234002918005,0.02720879476328264,0.07127909734845161,1124,329.54492751772085,0.30826520919799805
1125,3435.782,2105.376666666666,7379.999999999999,100,100,1007,1.9299625624859078,7.328699106256206,2.1451761722564697,-2105.376666666666,-0.013118324801325798,36.035738706588745,0.4920061817392707,0.026673731721530203,0.07203706772997975,1125,329.5898684117643,0.30826520919799805
1126,3438.364,2007.7266666666678,7087.000000000005,100,100,1004,1.9363985076663548,7.058764940239048,2.1445717811584473,-2007.7266666666678,-0.013620959070976824,31.361635327339172,0.4756521927192807,0.055968235043110326,0.09370561107061803,1126,329.6343635431147,0.30826520919799805
1127,3440.948,2030.0500000000002,7133.333333333336,100,100,1007,1.9180993048951414,7.083747103608079,2.133634328842163,-2030.0500000000002,-0.02212370536290109,30.047403693199158,0.46588672138750553,0.062227226902905386,0.07584981678519398,1127,329.67952966219946,0.30826520919799805
1128,3443.722,2064.8466666666673,7190.666666666666,100,100,1005,2.0892738303243745,7.154892205638474,2.3027288913726807,-2064.8466666666673,-0.010961117455735803,36.035666704177856,0.5289631234481931,0.08201773340988439,0.10231119795935228,1128,329.7057282392598,0.30826520919799805
1129,3446.632,2017.163333333334,7095.666666666668,100,100,1005,2.2340405976807522,7.060364842454396,2.4491825103759766,-2017.163333333334,-0.010527705773711205,47.63542228937149,0.4267579196020961,0.04231969761985965,0.08026258705649525,1129,329.7190217947552,0.30826520919799805
1130,3453.217,1950.7699999999998,6999.666666666667,100,100,1009,2.2046791862168442,6.937231582424843,2.425006151199341,-1950.7699999999998,-0.02007600199431181,31.98431098461151,0.4861211832612753,0.07860504281779868,0.11206552875228226,1130,329.7337545367635,0.30826520919799805
1131,3456.435,2086.143333333334,7336.333333333333,100,100,1008,2.514154165784555,7.278108465608465,2.7407045364379883,-2086.143333333334,-0.01894967892440036,31.39365303516388,0.5501075452193618,0.025674424268800067,0.08756510447710752,1131,329.36737234717725,0.30826520919799805
1132,3459.332,2052.7766666666666,7393.666666666664,100,100,1007,2.2109643504848515,7.34227077126779,2.428394079208374,-2052.7766666666666,-0.010305967647582293,42.288450956344604,0.6020542047917843,0.028527003385534044,0.08761012274771929,1132,329.3827089155034,0.30826520919799805
1133,3462.242,2012.1100000000004,7082.66666666667,100,100,1010,2.2277452487332545,7.0125412541254155,2.4524099826812744,-2012.1100000000004,-0.015405272017233074,40.280015647411346,0.5273576183244586,0.06455558472225675,0.0869531249627471,1133,329.39756356890047,0.30826520919799805
1134,3465.298,2123.656666666666,7237.333333333335,100,100,1006,2.3642575543486766,7.194168323392977,2.5859415531158447,-2123.656666666666,-0.015723220072686672,46.44657301902771,0.5652421675622463,0.02930030920470017,0.06939962634351104,1134,329.3973839421587,0.30826520919799805
1135,3468.4,2016.196666666666,7269.000000000004,100,100,1008,2.4060418641994827,7.211309523809527,2.627126693725586,-2016.196666666666,-0.017530439014080912,42.837399423122406,0.5058576483279467,0.030206481169443578,0.07796223962213844,1135,329.3933713253723,0.30826520919799805
1136,3471.356,2006.3200000000006,7028.333333333332,100,100,1008,2.258089283367597,6.972552910052909,2.480623960494995,-2006.3200000000006,-0.008552447659894824,32.728063106536865,0.5897271176800132,0.05394001571039553,0.07828776072710752,1136,329.403301796068,0.30826520919799805
1137,3474.348,2000.6500000000003,7205.333333333334,100,100,1012,2.2924306322525996,7.119894598155469,2.522857189178467,-2000.6500000000003,-0.0015517355932388455,47.513312578201294,0.476180586963892,0.0781335959181888,0.08128004823811352,1137,329.41083429248124,0.30826520919799805
1138,3477.149,2048.193333333334,7121.666666666669,100,100,1007,2.121738033543055,7.072161535915262,2.3398382663726807,-2048.193333333334,-0.012466991087421775,44.28804409503937,0.5971157466992736,0.02089674999297131,0.06537774263415486,1138,329.4350933644025,0.30826520919799805
1139,3479.942,2076.5066666666667,7207.000000000005,100,100,1006,2.0946102379080624,7.164015904572569,2.3108890056610107,-2076.5066666666667,-0.005702717986423522,39.829870104789734,0.5622056592255831,0.02342226527252933,0.07447350537404418,1139,329.4598431306466,0.30826520919799805
1140,3486.366,2007.2366666666653,7251.0,100,100,1009,2.1851980185082662,7.186323092170466,2.405442953109741,-2007.2366666666653,-0.013020408805459738,38.244660437107086,0.5224147038534284,0.0352209706834401,0.06564891582820565,1140,329.4780218953259,0.30826520919799805
1141,3489.148,1948.8666666666659,7162.666666666666,100,100,1004,2.1077983062324743,7.134130146082336,2.3164079189300537,-1948.8666666666659,-0.016975768958218396,26.247593760490417,0.5679306732490659,0.047479836182901636,0.06622869335114956,1141,329.1674949227525,0.30826520919799805
1142,3491.956,2080.9966666666683,7227.999999999999,100,100,1009,2.1072918710938486,7.163528245787908,2.330317258834839,-2080.9966666666683,-0.01733023093220254,33.387916564941406,0.5576336430385709,0.03413594453741098,0.06864835764281452,1142,329.1917460640258,0.30826520919799805
1143,3494.909,2079.823333333334,7417.999999999998,100,100,1005,2.2696333337315724,7.3810945273631825,2.484459400177002,-2079.823333333334,-0.01464651559945196,35.67123228311539,0.5502889296039939,0.02800641460089537,0.055305989691987634,1143,329.20114097422834,0.30826520919799805
1144,3497.824,2014.9566666666644,7058.666666666665,100,100,1006,2.236649997288891,7.016567263088136,2.448551654815674,-2014.9566666666644,-0.015271116251824424,32.8808878660202,0.5110678300261497,0.022653809744952014,0.09447180712595582,1144,329.21443958610723,0.30826520919799805
1145,3500.684,1953.436666666666,7176.0,100,100,1012,2.1601088921145606,7.090909090909091,2.388235092163086,-1953.436666666666,-0.012474782823119313,25.714213520288467,0.5810874002054334,0.007106504926923662,0.06253756035584956,1145,329.23450566856604,0.30826520919799805
1146,3503.502,2202.3600000000006,7361.666666666667,100,100,1003,2.138473678371894,7.339647723496179,2.3520939350128174,-2202.3600000000006,-0.01936099329032004,54.493141293525696,0.6183360768482089,0.0488133496401133,0.04757903330028057,1146,329.25597437147024,0.30826520919799805
1147,3506.474,2068.6466666666684,7281.333333333335,100,100,1003,2.2960066801616748,7.259554669325359,2.5075864791870117,-2068.6466666666684,-0.01683830638648942,43.65115213394165,0.5619962876662612,0.051722547999816015,0.07172056660056114,1147,329.26299291135325,0.30826520919799805
1148,3509.338,2124.7766666666666,7229.333333333333,100,100,1007,2.1746611734066073,7.1790797749089705,2.3986878395080566,-2124.7766666666666,-0.010036583582405001,36.40982925891876,0.6601425968110561,0.03237606485345168,0.07940284220967442,1148,329.2811459311205,0.30826520919799805
1149,3512.315,2106.656666666667,7080.999999999996,100,100,1006,2.287642840734844,7.038767395626239,2.508349657058716,-2106.656666666667,-0.02096878591692075,45.56589758396149,0.6178007889539003,0.041280208875832614,0.08022673265077174,1149,329.28849868219004,0.30826520919799805
1150,3518.957,2086.1966666666676,7302.333333333333,100,100,1012,2.400788340166307,7.215744400527009,2.6363985538482666,-2086.1966666666676,-0.012670076539507136,53.213048815727234,0.6175507148727775,0.032203085444052704,0.06265024072490633,1150,329.2848891736237,0.30826520919799805
1151,3521.846,2070.2966666666666,7424.666666666668,100,100,1008,2.192515674756751,7.365740740740742,2.4156665802001953,-2070.2966666666666,-0.015036502038128674,38.89231050014496,0.6099915206432343,0.03182162631856045,0.06819661473855376,1151,328.9709714335537,0.30826520919799805
1152,3524.889,2011.5533333333342,7196.333333333336,100,100,1010,2.3416940587351447,7.125082508250827,2.570564031600952,-2011.5533333333342,-0.017162619944429025,31.77489745616913,0.577513525262475,0.04711838766706933,0.06421874987427145,1152,328.9734489866616,0.30826520919799805
1153,3528.01,2012.553333333334,7202.666666666667,100,100,1011,2.418975173067357,7.124299373557534,2.650930643081665,-2012.553333333334,-0.014721018291311339,66.75603371858597,0.6757796034216881,0.0341882034590526,0.06861787691013888,1153,328.9689985434133,0.30826520919799805
1154,3531.01,2054.4433333333322,7202.333333333338,100,100,1003,2.3311122626081064,7.180790960451982,2.5411479473114014,-2054.4433333333322,-0.016984452144242823,35.14820510149002,0.6867923717945814,0.10980596735316794,0.06415788515005261,1154,328.9735342620559,0.30826520919799805
1155,3533.772,2074.0066666666667,7283.66666666667,100,100,1004,2.1052766922699933,7.254648074369193,2.314497947692871,-2074.0066666666667,-0.021119351462402847,39.8212268948555,0.6735943183302879,0.035661538000567816,0.07159978710114956,1155,329.00052367451593,0.30826520919799805
1156,3536.402,1927.7633333333333,6976.66666666667,100,100,1006,1.9729283333257965,6.935056328694503,2.182964324951172,-1927.7633333333333,-0.020615667395759374,28.811739891767502,0.6842362061142921,0.023610432323039277,0.10033118235878646,1156,329.0403206148721,0.30826520919799805
1157,3539.019,2100.1100000000015,7167.333333333333,100,100,1008,1.9520110115067042,7.110449735449735,2.1708738803863525,-2100.1100000000015,-0.014712990145199,36.54575777053833,0.7557710036635399,0.02114074231212726,0.05387369793606922,1157,329.0818938556128,0.30826520919799805
1158,3541.637,2004.5266666666657,6929.66666666667,100,100,1004,1.9614594606812523,6.90205843293493,2.1700191497802734,-2004.5266666666657,-0.020627558464184403,36.70997893810272,0.714659022167325,0.05683049005892826,0.05672940332442522,1158,329.12214222949245,0.30826520919799805
1159,3544.262,2048.676666666668,7242.999999999998,100,100,1001,1.9639256739659565,7.2357642357642336,2.1651642322540283,-2048.676666666668,-0.018991901131812483,31.60042816400528,0.7136779204010963,0.010834434047865216,0.06799018662422895,1159,329.1607517313811,0.30826520919799805
1160,3549.969,2032.4866666666662,7108.3333333333285,100,100,1006,1.949781810014951,7.065937707090784,2.1611850261688232,-2032.4866666666662,-0.016745891654863954,32.90932524204254,0.6622613649815321,0.05772507832443807,0.08443019725382328,1160,329.2020540459864,0.30826520919799805
1161,3552.612,2115.17,7193.666666666667,100,100,1013,1.9617435338043654,7.101349128002632,2.1941890716552734,-2115.17,-0.020159434934612364,37.51270121335983,0.6637116447091103,0.018855496850846976,0.060685067903250456,1161,328.9554365342938,0.30826520919799805
1162,3555.243,2074.126666666667,7366.333333333334,100,100,1009,1.9473068386582129,7.300627684175752,2.1674180030822754,-2074.126666666667,-0.017017636113450862,33.126520335674286,0.6568473801016808,0.07446762669860618,0.07237523916410282,1162,328.99588767554815,0.30826520919799805
1163,3557.877,1985.5333333333347,6983.333333333334,100,100,1006,1.9742940346780742,6.941683233929756,2.184494972229004,-1985.5333333333347,-0.017852290999144316,34.414459109306335,0.653618011623621,0.021911434414505493,0.06714928697329015,1163,329.0350279010907,0.30826520919799805
1164,3560.484,2035.0300000000002,7025.333333333331,100,100,1006,1.942137074582723,6.98343273691186,2.1552205085754395,-2035.0300000000002,-0.02031679160427302,35.53616559505463,0.6263148300349712,0.012522524390078615,0.06695822020992637,1164,329.0766407287831,0.30826520919799805
1165,3563.134,2058.0233333333326,7229.0,100,100,1007,1.95673574895118,7.178748758689176,2.173243522644043,-2058.0233333333326,-0.020335453387815505,31.198100805282593,0.6015384029597044,0.027507623308338225,0.07776138617191464,1165,329.11450113111687,0.30826520919799805
1166,3566.041,2097.373333333333,7246.999999999996,100,100,1009,2.1956455924966334,7.182358771060453,2.422720432281494,-2097.373333333333,-0.017309659742750227,35.07441210746765,0.5888980105519295,0.0645643274547183,0.06894730555359274,1166,329.12911435201664,0.30826520919799805
1167,3568.967,2015.2433333333333,7170.666666666665,100,100,1012,2.2124245072845663,7.085638998682476,2.4431917667388916,-2015.2433333333333,-0.014171567105222493,33.604925990104675,0.5628787791356444,0.01581301970873028,0.06024639430688694,1167,329.14285099115637,0.30826520919799805
1168,3572.03,2076.6499999999996,7204.333333333334,100,100,1005,2.381329950459524,7.16849087893864,2.6000123023986816,-2076.6499999999996,-0.020497835357673466,45.795191049575806,0.6528021842241287,0.023126556698116474,0.07083333341870457,1168,329.1419339610267,0.30826520919799805
1169,3575.088,2099.5733333333324,7202.000000000002,100,100,1005,2.356912337813471,7.166169154228857,2.574052572250366,-2099.5733333333324,-0.023114138515666127,27.836928486824036,0.613356951624155,0.125179065275006,0.07934027793817222,1169,329.1415621830494,0.30826520919799805
1170,3581.418,2090.07,7288.333333333335,100,100,1009,2.110516357099927,7.22332342253056,2.3371376991271973,-2090.07,-0.014341043250169605,34.01016104221344,0.5903392042964697,0.029199779870396014,0.06955516571179032,1170,329.1654505986842,0.30826520919799805
1171,3584.459,2005.3933333333334,7141.666666666664,100,100,1006,2.3464503981335976,7.099072233267062,2.5632483959198,-2005.3933333333334,-0.019969982211478055,25.9455543756485,0.61449836473912,0.06961149426933844,0.06598165788454935,1171,328.84325107028064,0.30826520919799805
1172,3587.564,1994.1600000000008,7064.999999999997,100,100,1010,2.405475544637198,6.995049504950492,2.6327123641967773,-1994.1600000000008,-0.019663498969748616,33.539732933044434,0.5831459360197186,0.026359969211625867,0.0727929687127471,1172,328.84022942502844,0.30826520919799805
1173,3590.447,2070.0566666666664,7201.333333333331,100,100,1005,2.187261692206584,7.165505804311772,2.401909828186035,-2070.0566666666664,-0.01794500881806016,31.327673077583313,0.560060721822083,0.060755441525543574,0.07258029520744458,1173,328.8559735369314,0.30826520919799805
1174,3593.323,2057.2233333333334,7149.333333333333,100,100,1005,2.208782983851151,7.113764510779436,2.4251625537872314,-2057.2233333333334,-0.02026130724698305,43.0260705947876,0.5555917732417583,0.020564119986374862,0.058930121595039964,1174,328.8724257703124,0.30826520919799805
1175,3595.957,2009.4866666666642,7089.333333333332,100,100,1005,1.975935622146214,7.054063018242122,2.184323310852051,-2009.4866666666642,-0.010692925192415714,30.393911242485046,0.5769799100235105,0.13849859580250268,0.056488715403247625,1175,328.91101589270556,0.30826520919799805
1176,3598.607,1890.0999999999992,7028.33333333333,100,100,1008,1.9911840251537911,6.972552910052907,2.2060093879699707,-1890.0999999999992,-0.020715688646305352,30.36375141143799,0.4747566692531109,0.16213570529362187,0.08235677098855376,1176,328.94896130219604,0.30826520919799805
1177,3601.251,1954.746666666666,7187.333333333329,100,100,1001,1.984274624818964,7.180153180153177,2.1822822093963623,-1954.746666666666,-0.017955564777366817,31.12565404176712,0.5031457077711821,0.026820429897270515,0.07271817815490067,1177,328.9853974719251,0.30826520919799805
1178,3603.885,1947.7233333333334,7147.0,100,100,1005,1.9782271640449391,7.111442786069651,2.1848397254943848,-1947.7233333333334,-0.019722524099051952,35.631624937057495,0.5469880485907197,0.01826745686128106,0.06707899330649525,1178,329.0238278887113,0.30826520919799805
1179,3606.564,2024.4566666666672,7055.666666666668,100,100,1009,2.002818926331671,6.992732077964983,2.2222065925598145,-2024.4566666666672,-0.013354748109122738,32.33390539884567,0.4885280877351761,0.07131044335255865,0.06256975448923185,1179,329.05914753562223,0.30826520919799805
1180,3612.369,1969.480000000001,7093.999999999999,100,100,1011,2.003809201331214,7.016815034619188,2.2238657474517822,-1969.480000000001,-0.017980965436436236,28.074594497680664,0.5125174466520548,0.01360094115807442,0.06753599899820983,1180,329.0931802616818,0.30826520919799805
1181,3615.027,2024.6866666666665,7231.0,100,100,1003,1.992108372870205,7.209371884346959,2.2023234367370605,-2024.6866666666665,-0.018432566663250327,36.065884709358215,0.45855175610631704,0.018036434608802665,0.07711437135003507,1181,328.8459583305465,0.30826520919799805
1182,3617.677,1988.9166666666663,7115.333333333332,100,100,1008,1.9842801571247124,7.058862433862433,2.2013981342315674,-1988.9166666666663,-0.013422656222246587,33.14319407939911,0.4463474527001381,0.10855751101189526,0.07470703142462298,1182,328.8837782231614,0.30826520919799805
1183,3620.352,2020.5433333333362,7208.000000000007,100,100,1004,2.014659859858772,7.179282868525903,2.2246856689453125,-2020.5433333333362,-0.019796851032879204,26.5990891456604,0.4651827169582248,0.11281278738715628,0.0615678271278739,1183,328.9180264942311,0.30826520919799805
1184,3623.0,1974.3366666666684,7071.666666666669,100,100,1004,1.9864249999766643,7.0434926958831365,2.192966938018799,-1974.3366666666684,-0.023278665612451732,29.163431882858276,0.4439909439533949,0.018942695518489927,0.07253196043893695,1184,328.9547033612892,0.30826520919799805
1185,3625.632,2036.5900000000004,7104.666666666667,100,100,1005,1.9640576130298166,7.069320066334992,2.1752986907958984,-2036.5900000000004,-0.02259645058074966,33.132211446762085,0.5236804839223623,0.02865179377113236,0.08193359390133992,1185,328.99309586798665,0.30826520919799805
1186,3628.275,1883.0233333333347,6884.666666666665,100,100,1002,1.9776054905233031,6.8709248170326,2.1771044731140137,-1883.0233333333347,-0.0131360599771142,40.74339717626572,0.4514984656125307,0.04627586268543382,0.06675502244615927,1186,329.02963517825617,0.30826520919799805
1187,3630.926,2044.6666666666665,7024.33333333333,100,100,1006,1.9757731577657371,6.982438701126571,2.188072919845581,-2044.6666666666665,-0.018415944708976895,28.85099107027054,0.4990489296615124,0.024407808396063047,0.06589673913549632,1187,329.0664797116923,0.30826520919799805
1188,3633.538,2045.7099999999998,7136.333333333335,100,100,1004,1.9536315735041783,7.107901726427625,2.1607587337493896,-2045.7099999999998,-0.020873317611403763,36.953524470329285,0.5255733719095588,0.01745126209425507,0.0851828835438937,1188,329.10627610580826,0.30826520919799805
1189,3636.205,2087.670000000001,7162.333333333333,100,100,1007,1.976150943497205,7.112545514730222,2.1943275928497314,-2087.670000000001,-0.018900584895163774,24.12394991517067,0.46738611068576574,0.015573174874589313,0.08437915547983721,1189,329.1417430288402,0.30826520919799805
1190,3642.034,2051.6133333333332,7272.999999999998,100,100,1006,1.9894271374311647,7.229622266401589,2.204482078552246,-2051.6133333333332,-0.018732748925685883,46.77016305923462,0.4310444453731179,0.028795653059205506,0.07553498668130487,1190,329.17764076403745,0.30826520919799805
1191,3644.698,1946.3966666666668,6894.333333333335,100,100,1010,1.9761215857377663,6.826072607260728,2.1977171897888184,-1946.3966666666668,-0.01591297471895814,28.812277734279633,0.3998463684692979,0.04798152979492443,0.06939453119412065,1191,328.92795686154733,0.30826520919799805
1192,3647.369,1995.8933333333323,7150.000000000002,100,100,1013,1.990423098561397,7.058242843040476,2.2145400047302246,-1995.8933333333323,-0.014252042514272034,34.579442381858826,0.41477157175540924,0.03554372924918425,0.06752100540325046,1192,328.96488787707443,0.30826520919799805
1193,3649.99,1966.8766666666663,7007.33333333333,100,100,1010,1.9543773282577497,6.937953795379535,2.1714086532592773,-1966.8766666666663,-0.013064334285445511,35.61895543336868,0.4152251621708274,0.05750089043431217,0.07439453108236194,1193,329.0052794434981,0.30826520919799805
1194,3652.677,2048.853333333334,7128.666666666671,100,100,1008,2.0107215264394496,7.072089947089951,2.229810953140259,-2048.853333333334,-0.018726540496572852,33.96717917919159,0.4956312170252204,0.03342511496884981,0.07194010447710752,1194,329.0392042064593,0.30826520919799805
1195,3655.259,1991.7766666666676,7001.666666666664,100,100,1005,1.9244727346147248,6.966832504145935,2.1324994564056396,-1991.7766666666676,-0.018676605948712677,31.176351130008698,0.5165403122082353,0.017009221020998666,0.06728515640133992,1195,329.0817293824285,0.30826520919799805
1196,3657.839,1967.7733333333338,7039.333333333329,100,100,1000,1.9319795005721971,7.039333333333329,2.1289381980895996,-1967.7733333333338,-0.019954271207097918,29.669682919979095,0.48551744781434536,0.020511058624833822,0.10156250058207661,1196,329.1231083225071,0.30826520919799805
1197,3660.423,2028.5766666666675,7212.999999999997,100,100,1009,1.918365408959951,7.148662041625369,2.1367263793945312,-2028.5766666666675,-0.016899820941034704,35.116970121860504,0.4775261878967285,0.010913598434854066,0.07274394109845161,1197,329.16628801781485,0.30826520919799805
1198,3663.009,1994.7700000000007,7144.000000000003,100,100,1008,1.9214330323082986,7.08730158730159,2.1357181072235107,-1994.7700000000007,-0.015451592800673097,32.31109535694122,0.5470727765932679,0.012092039127310272,0.08333333337213844,1198,329.20916279226304,0.30826520919799805
1199,3665.624,2042.54,7125.666666666666,100,100,1006,1.9456210716768254,7.083167660702451,2.156719923019409,-2042.54,-0.01830692100338638,42.469283401966095,0.4858407434076071,0.015503712118515978,0.08988620946183801,1199,329.2486729576475,0.30826520919799805
1200,3671.275,2052.6799999999994,7168.66666666667,100,100,1003,1.9185833512468344,7.147224991691595,2.1234185695648193,-2052.6799999999994,-0.0173047456482891,35.13988775014877,0.48776562605053186,0.013970821131806588,0.09002543613314629,1200,329.2874177287879,0.30826520919799805
1201,3673.862,2020.690000000001,7016.333333333332,100,100,1005,1.9253436808441928,6.981426202321724,2.1336493492126465,-2020.690000000001,-0.013875612989068031,36.858663618564606,0.5215086527168751,0.04122024594107643,0.07409939239732921,1201,329.0569951390543,0.30826520919799805
1202,3676.44,1972.6466666666656,7143.0,100,100,1008,1.9177977175411163,7.086309523809524,2.1295266151428223,-1972.6466666666656,-0.014558417169610038,37.213431894779205,0.5074077555909753,0.01634904905949952,0.0706380212213844,1202,329.10044981841776,0.30826520919799805
1203,3679.013,1974.2133333333338,7164.666666666669,100,100,1002,1.9252259483395475,7.150365934797074,2.1281790733337402,-1974.2133333333338,-0.020707249699626118,24.673699140548706,0.4553618039935827,0.015115983376745135,0.09674944204743952,1203,329.1426675749865,0.30826520919799805
1204,3681.618,1893.3900000000003,6961.000000000005,100,100,1010,1.9364972276115182,6.892079207920797,2.1522514820098877,-1893.3900000000003,-0.011725012969691306,28.394473254680634,0.5513780191540718,0.009422416951565538,0.07091796863824129,1204,329.1840856403242,0.30826520919799805
1205,3684.519,1940.5566666666668,6912.333333333336,100,100,1012,2.1952708481153906,6.830368906455865,2.4236719608306885,-1940.5566666666668,-0.014013494626851752,46.18590193986893,0.49312236718833447,0.007945468147227075,0.0713266227976419,1205,329.19953003956687,0.30826520919799805
1206,3687.56,1934.7800000000002,7088.333333333331,100,100,1005,2.3482379115497074,7.053067993366499,2.5585837364196777,-1934.7800000000002,-0.021109793189680204,35.68295085430145,0.5033377651125193,0.010886800817388576,0.07900390645954758,1206,329.2006421023217,0.30826520919799805
1207,3690.489,1945.4133333333345,6926.000000000001,100,100,1003,2.2456909260356936,6.905284147557329,2.4484331607818604,-1945.4133333333345,-0.023161112738307565,39.88348948955536,0.5728124417364597,0.003300040007161442,0.06636082858312875,1207,329.21115816765564,0.30826520919799805
1208,3693.326,2031.423333333335,7059.000000000001,100,100,1006,2.1442183894919933,7.016898608349901,2.359039783477783,-2031.423333333335,-0.01639665727270767,43.654223918914795,0.5876980908215046,0.015771240861795377,0.06207540788454935,1208,329.23058475081143,0.30826520919799805
1209,3696.335,2027.3233333333337,7119.333333333334,100,100,1003,2.33043898567873,7.098039215686275,2.541810989379883,-2027.3233333333337,-0.01789645099779591,44.37145507335663,0.5831759003922343,0.017481503544331645,0.06295421498361975,1209,329.2339724941713,0.30826520919799805
1210,3702.773,2095.0699999999993,7318.666666666671,100,100,1007,2.347167027451083,7.267792121813973,2.5705666542053223,-2095.0699999999993,-0.01704168555443175,35.98804146051407,0.5809313310310245,0.022058456488593947,0.08299742336384952,1210,329.2335634990268,0.30826520919799805
1211,3705.686,2009.2466666666662,7248.0,100,100,1008,2.2173568432908577,7.190476190476191,2.435091257095337,-2009.2466666666662,-0.01467001624405384,33.37576997280121,0.5599218420684338,0.021025499576353468,0.0555013021803461,1211,328.9468962150956,0.30826520919799805
1212,3708.647,1842.4966666666678,7038.333333333336,100,100,1011,2.27627576788027,6.961754038905377,2.4972875118255615,-1842.4966666666678,-0.0172472259728238,44.59007042646408,0.5526070594787598,0.021142905818123836,0.07168160250876099,1212,328.95685048630065,0.30826520919799805
1213,3711.718,2003.7400000000007,7285.000000000002,100,100,1009,2.3563430105530765,7.220019821605552,2.578716993331909,-2003.7400000000007,-0.01751194876851514,35.84607255458832,0.6541822832077742,0.011709862883435562,0.07605229574255645,1213,328.9565793744619,0.30826520919799805
1214,3714.411,2106.413333333333,7284.666666666664,100,100,1003,2.0359528420682427,7.262878032568957,2.241642713546753,-2106.413333333333,-0.017790490470360965,41.12190794944763,0.6965677943080664,0.005275033428915776,0.05904796510003507,1214,328.9880747804719,0.30826520919799805
1215,3717.077,2157.2299999999987,7250.6666666666715,100,100,1012,1.9804296458071915,7.164690382081691,2.2109763622283936,-2157.2299999999987,-0.01873569790041074,37.55991834402084,0.7057812977582216,0.048674918743927265,0.0566030649933964,1215,329.0244075989839,0.30826520919799805
1216,3719.723,2031.3566666666675,7212.666666666666,100,100,1006,1.9712565594286127,7.169648774022531,2.1828513145446777,-2031.3566666666675,-0.019469091814244166,44.44846260547638,0.6532739829272032,0.0781177273238427,0.06341287354007363,1216,329.0607535012361,0.30826520919799805
1217,3722.362,2000.6666666666652,7071.6666666666615,100,100,1010,1.9679496048645366,7.001650165016496,2.188443183898926,-2000.6666666666652,-0.013336473086383194,26.777672827243805,0.6526000667363405,0.019385336887353333,0.06177734362427145,1217,329.0989122967541,0.30826520919799805
1218,3724.974,1917.246666666667,6977.666666666664,100,100,1004,1.9546138432036446,6.949867197875164,2.1563427448272705,-1917.246666666667,-0.013082695426419377,39.092050075531006,0.565924309194088,0.04311783562297933,0.07404119335114956,1218,329.1375728499347,0.30826520919799805
1219,3727.645,2068.0900000000015,7161.666666666666,100,100,1004,1.9976515944423785,7.1331341301460816,2.2057478427886963,-2068.0900000000015,-0.009535673365462571,36.09762531518936,0.5820338986814022,0.02400437961841817,0.05646306835114956,1219,329.17110064448906,0.30826520919799805
1220,3733.437,2017.800000000001,7071.333333333334,100,100,1004,1.948313346847825,7.0431606905710495,2.1545023918151855,-2017.800000000001,-0.0184361282736063,35.825528264045715,0.6176815656945109,0.013480705183610553,0.07923473021946847,1220,329.20677671734956,0.30826520919799805
1221,3736.066,2131.67,7099.666666666665,100,100,1001,1.9629871118934703,7.092574092574091,2.170088529586792,-2131.67,-0.02076028735609725,41.42796868085861,0.7201341800391674,0.014929311953892466,0.06441739667207003,1221,328.9658055451454,0.30826520919799805
1222,3738.718,2077.57,7153.333333333336,100,100,1005,1.9756392040637447,7.117744610281926,2.1883673667907715,-2077.57,-0.010680237086489797,48.53014779090881,0.599959914572537,0.015550012634776067,0.09036458336049691,1222,329.00123858258394,0.30826520919799805
1223,3741.382,1981.7999999999988,7258.333333333337,100,100,1006,1.998079024976449,7.215043074884033,2.2104275226593018,-1981.7999999999988,-0.014458881283644587,27.24319326877594,0.639689588919282,0.038840717170387506,0.07330587645992637,1223,329.03588359347907,0.30826520919799805
1224,3744.102,1983.8000000000009,7071.666666666666,100,100,1006,1.9929565611493516,7.029489728296885,2.2027714252471924,-1983.8000000000009,-0.01773507462348789,36.373986542224884,0.57016605976969,0.009267613328120206,0.06256368913454935,1224,329.06553221806,0.30826520919799805
1225,3746.745,1949.48,6996.333333333335,100,100,1007,1.9635131093372833,6.947699437272428,2.175285816192627,-1949.48,-0.01862311188597232,44.42151778936386,0.5706997280940413,0.0248844701127382,0.07008394261356443,1225,329.1022353453045,0.30826520919799805
1226,3749.414,2142.7733333333313,7275.666666666671,100,100,1012,1.9889221326061506,7.189393939393943,2.2196450233459473,-2142.7733333333313,-0.018688229261897504,37.97401422262192,0.5514506166800857,0.01301937352400273,0.0828951324801892,1226,329.13780091238567,0.30826520919799805
1227,3752.059,2017.1500000000021,7021.000000000002,100,100,1007,1.9666780554666345,6.972194637537241,2.180222988128662,-2017.1500000000021,-0.015314096584916115,35.167979180812836,0.5626659225672483,0.03354271809803322,0.07287857378832996,1227,329.1742209211052,0.30826520919799805
1228,3754.706,2047.9433333333334,7065.0,100,100,1005,1.9631453746911232,7.029850746268656,2.173325538635254,-2047.9433333333334,-0.020843674195930362,26.850624084472656,0.5144033515825868,0.020504225496551953,0.08242187509313226,1228,329.20982707985985,0.30826520919799805
1229,3757.375,1964.6366666666654,7222.333333333332,100,100,1007,1.990408142876017,7.172128434293279,2.206723928451538,-1964.6366666666654,-0.021106279629748315,36.65056413412094,0.476613886654377,0.023990961941308342,0.07133061828790233,1229,329.24393805637686,0.30826520919799805
1230,3763.16,1932.28,6832.333333333335,100,100,1010,1.9667932693385473,6.764686468646866,2.185720920562744,-1932.28,-0.016820019343867898,24.745266497135162,0.48826745618134737,0.014304308693681378,0.08869140595197678,1230,329.281682572072,0.30826520919799805
1231,3765.81,2022.6933333333343,7219.000000000005,100,100,1010,1.974002373552337,7.147524752475252,2.1936192512512207,-2022.6933333333343,-0.017514540522824973,37.27799731492996,0.5300215445458889,0.02447942568687722,0.07908203103579581,1231,329.04290101964585,0.30826520919799805
1232,3768.461,2027.9800000000005,7081.333333333332,100,100,1011,1.9707257157462463,7.004286185295086,2.1942710876464844,-2027.9800000000005,-0.020131482451688498,39.39178466796875,0.5649564759805799,0.01025462743746175,0.07790479488903657,1232,329.0796871667719,0.30826520919799805
1233,3771.132,1976.2700000000011,7101.66666666667,100,100,1010,1.994949012838009,7.031353135313535,2.2161920070648193,-1976.2700000000011,-0.013819621031871065,23.476398169994354,0.5532918991521001,0.037762298299185204,0.0830468749627471,1233,329.1144131314444,0.30826520919799805
1234,3773.753,2123.0199999999995,7370.666666666665,100,100,1006,1.946978627196763,7.326706428098077,2.1619362831115723,-2123.0199999999995,-0.0167008523712866,34.39762306213379,0.5829497529193759,0.03299839684768813,0.05848760192748159,1234,329.15244172914566,0.30826520919799805
1235,3776.337,1964.7633333333333,7017.666666666662,100,100,1005,1.926170448791143,6.982752902155883,2.135800361633301,-1964.7633333333333,-0.012756185125908814,48.25166988372803,0.6032146895304322,0.04790045903655482,0.06916232663206756,1235,329.1933872393393,0.30826520919799805
1236,3778.957,2034.7466666666667,7096.666666666665,100,100,1007,1.9549753724078553,7.04733531943065,2.171091079711914,-2034.7466666666667,-0.014747283808901557,31.206454157829285,0.5594282634556293,0.03378612441883888,0.06791264959610999,1236,329.2315712659674,0.30826520919799805
1237,3781.55,2038.776666666667,7216.666666666667,100,100,1004,1.9377407386427767,7.1879150066401065,2.1436126232147217,-2038.776666666667,-0.011686235462548211,29.720673739910126,0.5391896115615964,0.05488530717411777,0.06582919042557478,1237,329.2713717930396,0.30826520919799805
1238,3784.144,2045.9266666666672,7252.333333333335,100,100,1011,1.9123653812623196,7.17342565117046,2.133970022201538,-2045.9266666666672,-0.008747801301069558,32.637391686439514,0.5393966464325786,0.07006695173913613,0.057875689468346536,1238,329.3127676832334,0.30826520919799805
1239,3786.776,2115.4866666666667,7230.333333333331,100,100,1007,1.949980039618421,7.180072823568353,2.169250965118408,-2115.4866666666667,-0.00935746933100745,36.57434046268463,0.4633152009919286,0.0388037022203207,0.07088389282580465,1239,329.34985495212,0.30826520919799805
1240,3792.381,2043.3433333333328,7088.333333333331,100,100,1005,1.9162245765467412,7.053067993366499,2.1242167949676514,-2043.3433333333328,-0.008764446014538407,33.082882821559906,0.515471912920475,0.09804342593997717,0.06065538211259991,1240,329.39126263908537,0.30826520919799805
1241,3795.009,2082.3033333333333,7202.666666666669,100,100,1009,1.933666997902073,7.138420878757848,2.1539764404296875,-2082.3033333333333,-0.013103016535751522,42.920506954193115,0.49622461665421724,0.030396605470741633,0.05847417074255645,1241,329.1660911952615,0.30826520919799805
1242,3797.598,2031.950000000001,7166.666666666666,100,100,1006,1.9310369791840731,7.12392312789927,2.1410090923309326,-2031.950000000001,-0.010057353472802788,29.09253466129303,0.4874921524897218,0.06664562944206409,0.04821246617939323,1242,329.2064891069587,0.30826520919799805
1243,3800.206,1996.1533333333334,7232.333333333333,100,100,1010,1.929352377393827,7.16072607260726,2.1479663848876953,-1996.1533333333334,-0.015363619138952345,34.95594793558121,0.5353772854432464,0.0353639976674458,0.05626953113824129,1243,329.24644921446884,0.30826520919799805
1244,3802.833,2006.2366666666667,7075.999999999998,100,100,1004,1.9563612568960247,7.047808764940237,2.1649837493896484,-2006.2366666666667,-0.013100816373480484,27.75635528564453,0.5486631188541651,0.09039727379422402,0.07572798314504325,1244,329.28296815592364,0.30826520919799805
1245,3805.701,1936.5133333333317,7012.999999999994,100,100,1012,2.164638735489228,6.929841897233195,2.389955997467041,-1936.5133333333317,-0.011348704691044986,25.30271714925766,0.49918301962316036,0.08929450605864986,0.07913912297226489,1245,329.3007309694783,0.30826520919799805
1246,3808.832,1991.8466666666666,7157.000000000003,100,100,1007,2.43192830246937,7.1072492552135085,2.6509718894958496,-1991.8466666666666,-0.016382788366172463,27.53295236825943,0.5584799721837044,0.06651804592547705,0.07092544855549932,1246,329.2944271003427,0.30826520919799805
1247,3811.974,1972.4100000000012,6940.333333333336,100,100,1008,2.4372905777815346,6.8852513227513255,2.661853551864624,-1972.4100000000012,-0.013734859297983348,33.5235241651535,0.6369391456246376,0.03509810305695282,0.07666015671566129,1247,329.2873592166467,0.30826520919799805
1248,3814.86,1939.3233333333337,7010.333333333335,100,100,1004,2.205340338284632,6.982403718459497,2.412938117980957,-1939.3233333333337,-0.016211639274843037,21.772716969251633,0.614000846631825,0.03805747600563336,0.06241122167557478,1248,329.30146806548953,0.30826520919799805
1249,3817.74,1991.7966666666675,7106.333333333335,100,100,1006,2.1966430406034303,7.063949635520213,2.4147632122039795,-1991.7966666666675,-0.019995816866867244,44.238331615924835,0.6496995519846678,0.01692401217587758,0.04449728288454935,1249,329.3165550001829,0.30826520919799805
1250,3824.626,2102.4866666666658,7214.666666666667,100,100,1006,2.3691213717980397,7.171636845593108,2.5886666774749756,-2102.4866666666658,-0.016197508695768192,32.012592017650604,0.6665638284757733,0.02092418950269348,0.05740489135496318,1250,329.31515540658705,0.30826520919799805
1251,3827.535,1977.2999999999988,7152.33333333333,100,100,1003,2.2123578293081874,7.130940511797936,2.4190421104431152,-1977.2999999999988,-0.01520119421184063,28.841902941465378,0.6691180877387524,0.015622509856257238,0.050724472966976464,1251,328.99872803163873,0.30826520919799805
1252,3830.44,1984.063333333332,6985.666666666663,100,100,1008,2.200325893465474,6.930224867724864,2.4192543029785156,-1984.063333333332,-0.015356319374404848,24.32847088575363,0.6401620740070939,0.035509494115103735,0.05615234392462298,1252,329.01233120505464,0.30826520919799805
1253,3833.526,2081.916666666666,7122.999999999999,100,100,1008,2.3864468253339597,7.066468253968253,2.6146862506866455,-2081.916666666666,-0.010215125090326183,23.171807765960693,0.6015286855399609,0.05175076553859981,0.06640625,1253,329.0104304419622,0.30826520919799805
1254,3836.268,2010.6299999999987,7222.6666666666715,100,100,1005,2.0490765159217577,7.1867330016583795,2.2585573196411133,-2010.6299999999987,-0.014652480429504067,21.669992744922638,0.6189282378181815,0.02646020486827183,0.047623698017559946,1254,329.0371886348974,0.30826520919799805
1255,3839.181,2013.5866666666668,7230.999999999998,100,100,1005,2.2209491556399126,7.195024875621889,2.432861566543579,-2013.5866666666668,-0.018406675284495577,20.726108074188232,0.576795763336122,0.09669453642709414,0.07804904517251998,1255,329.0493527921638,0.30826520919799805
1256,3842.128,2012.5766666666668,7270.666666666667,100,100,1006,2.258179623218879,7.227302849569251,2.4738385677337646,-2012.5766666666668,-0.01445658816373907,42.41117322444916,0.612082427367568,0.07108203039388172,0.05610988452099264,1256,329.0588293355805,0.30826520919799805
1257,3844.964,2046.9466666666685,7201.666666666669,100,100,1005,2.139815024855496,7.1658374792703174,2.3507843017578125,-2046.9466666666685,-0.016262605146039277,25.31230652332306,0.5961791081354022,0.02333019409707049,0.0717556425370276,1257,329.07743579666374,0.30826520919799805
1258,3847.76,2166.146666666666,7296.000000000002,100,100,1006,2.102787971286433,7.252485089463223,2.3228578567504883,-2166.146666666666,-0.012531731510534883,50.49716055393219,0.572305167093873,0.06897234630014282,0.055727751343511045,1258,329.0998064860935,0.30826520919799805
1259,3850.612,2068.7200000000016,7309.333333333332,100,100,1010,2.147729405533928,7.236963696369636,2.3736722469329834,-2068.7200000000016,-0.010818923823535442,33.4664027094841,0.5499844988808036,0.028041003315593116,0.1025000000372529,1259,329.11830301519973,0.30826520919799805
1260,3856.853,2075.3966666666665,7292.999999999999,100,100,1011,2.2470003959347893,7.213649851632047,2.476165771484375,-2075.3966666666665,-0.018849149288143963,32.04823648929596,0.5723752193152905,0.020831535097386222,0.06826363375876099,1260,329.12777090010064,0.30826520919799805
1261,3859.626,2036.1966666666672,7210.666666666668,100,100,1012,2.0728457499140864,7.125164690382083,2.3011608123779297,-2036.1966666666672,-0.018547896353993565,27.787751019001007,0.5748537397012115,0.04245923436974408,0.07019981986377388,1261,328.8739540407725,0.30826520919799805
1262,3862.517,1986.3666666666652,7170.666666666665,100,100,1009,2.1819876121796438,7.106706309877765,2.4029605388641357,-1986.3666666666652,-0.017000569903757423,40.56585645675659,0.5359810292720795,0.0398022125409625,0.06598772323923185,1262,328.88888575692806,0.30826520919799805
1263,3865.365,1871.8233333333328,7009.666666666665,100,100,1008,2.147673017581895,6.95403439153439,2.3607757091522217,-1871.8233333333328,-0.003964399802498519,48.56388533115387,0.5135417152196169,0.028201074393109593,0.06770833348855376,1263,328.9073326880649,0.30826520919799805
1264,3868.372,1996.25,7144.333333333333,100,100,1008,2.302292260061395,7.0876322751322745,2.5225303173065186,-1996.25,-0.016092320205643773,29.335206389427185,0.5663449335843325,0.05714520518085919,0.06868489587213844,1264,328.9122629366874,0.30826520919799805
1265,3871.503,1938.4633333333318,7114.666666666666,100,100,1008,2.4323939470045772,7.058201058201058,2.6536612510681152,-1938.4633333333318,-0.015570427582133561,28.631987929344177,0.5867137173190713,0.04896719979296904,0.07666015625,1265,328.9065889460525,0.30826520919799805
1266,3874.503,2031.3400000000008,7076.333333333332,100,100,1008,2.301963789033748,7.020171957671956,2.527289628982544,-2031.3400000000008,-0.01640772056998685,29.10127830505371,0.6111863004043698,0.027647137627354823,0.0616861981106922,1266,328.912159023094,0.30826520919799805
1267,3877.388,1960.6733333333345,6974.000000000001,100,100,1007,2.185919661030484,6.925521350546178,2.4041030406951904,-1960.6733333333345,-0.011090022453572601,36.84635841846466,0.6011624075472355,0.07738060325209517,0.08836851711384952,1267,328.92709876982883,0.30826520919799805
1268,3880.363,2017.3133333333335,7136.333333333334,100,100,1004,2.2808899410742436,7.107901726427624,2.4923369884490967,-2017.3133333333335,-0.015706688980571926,28.306208312511444,0.6739756437018514,0.014505437466141302,0.06236683251336217,1268,328.93370915052844,0.30826520919799805
1269,3883.469,1984.0333333333342,7065.666666666666,100,100,1007,2.4005823213534936,7.016550810989738,2.6194376945495605,-1984.0333333333342,-0.011002604209352285,27.820691108703613,0.6539824958890676,0.10240291721129324,0.060494930075947195,1269,328.92988294079504,0.30826520919799805
1270,3889.916,1914.2633333333322,7102.666666666665,100,100,1004,2.3370719120783945,7.074369189907037,2.5466043949127197,-1914.2633333333322,-0.015211439284030348,25.267091035842896,0.6479068268090487,0.018379185756202787,0.062056108145043254,1270,328.93240607058965,0.30826520919799805
1271,3892.953,1950.1433333333327,7136.666666666663,100,100,1009,2.345499305684042,7.07300958044268,2.5688633918762207,-1950.1433333333327,-0.01648659852799028,38.61545467376709,0.6080226646736264,0.0750954833929427,0.07267418690025806,1271,328.6457522630787,0.30826520919799805
1272,3895.545,1964.0033333333333,6841.999999999998,100,100,1006,1.9323029818067006,6.801192842942344,2.14131498336792,-1964.0033333333333,-0.011267101159319282,32.55563151836395,0.5498937638476491,0.1181730222524493,0.08022673265077174,1272,328.68516298634063,0.30826520919799805
1273,3898.169,1870.5666666666677,6815.333333333335,100,100,1005,1.9515849737941626,6.781426202321726,2.156205415725708,-1870.5666666666677,-0.009293572453316301,31.80804455280304,0.5562219955027103,0.10293788391572889,0.04127604188397527,1273,328.72177263177366,0.30826520919799805
1274,3900.796,1990.916666666666,7069.666666666668,100,100,1007,1.9563490562113197,7.020523005627277,2.168388843536377,-1990.916666666666,-0.011537001992110163,29.175633132457733,0.5981964971870184,0.06107658589826315,0.05760679836384952,1274,328.7585457082542,0.30826520919799805
1275,3903.432,1988.9100000000005,6998.666666666666,100,100,1006,1.9695943335550754,6.956925115970841,2.18094539642334,-1988.9100000000005,-0.015052898786962032,30.76594042778015,0.5454364717006683,0.06483901823412452,0.05757472838740796,1275,328.79426243723594,0.30826520919799805
1276,3906.064,2000.2433333333327,7055.000000000001,100,100,1011,1.9545842726225757,6.978239366963403,2.1773383617401123,-2000.2433333333327,-0.008459209173452109,36.32999485731125,0.5677242558449507,0.02435606868675677,0.06007774226600304,1276,328.83154612975636,0.30826520919799805
1277,3908.698,2012.8533333333348,7054.000000000002,100,100,1003,1.9584407777816117,7.032901296111667,2.1641952991485596,-2012.8533333333348,-0.011693441898387391,32.84317362308502,0.6033039465546608,0.07500792837163317,0.06562272878363729,1277,328.86654703876604,0.30826520919799805
1278,3911.36,2056.806666666664,7311.0,100,100,1005,1.9941903501332028,7.2746268656716415,2.2060558795928955,-2056.806666666664,-0.008598803164204583,48.70101988315582,0.575864958576858,0.040441351986373775,0.060036892420612276,1278,328.89967480061836,0.30826520919799805
1279,3913.996,2021.9266666666665,7037.999999999997,100,100,1010,1.9592238600494911,6.968316831683166,2.181041717529297,-2021.9266666666665,-0.011059585609473288,37.80379569530487,0.5880757281556726,0.02978686488495441,0.05662109353579581,1279,328.9362065292879,0.30826520919799805
1280,3919.775,2001.0666666666657,6969.999999999999,100,100,1003,1.9724243268294488,6.949152542372881,2.1776483058929443,-2001.0666666666657,-0.013076210452709347,29.61658364534378,0.5580543670803308,0.0522391251870431,0.06951762340031564,1280,328.971253001146,0.30826520919799805
1281,3922.446,2011.4766666666649,6961.666666666667,100,100,1008,1.9829275788940741,6.906415343915344,2.2008533477783203,-2011.4766666666649,-0.00978169246809557,37.0611606836319,0.571507747285068,0.06426028393980232,0.07926432322710752,1281,328.74025523195576,0.30826520919799805
1282,3925.352,2015.1899999999994,7095.333333333331,100,100,1006,2.2097274343525735,7.053015241882039,2.4253897666931152,-2015.1899999999994,-0.017758990376023576,25.883761554956436,0.6037299213930964,0.04269700366421603,0.06559952459065244,1282,328.7532235998277,0.30826520919799805
1283,3928.38,1912.4500000000005,7114.999999999998,100,100,1008,2.3317399810323316,7.058531746031744,2.553208351135254,-1912.4500000000005,-0.018185809603892267,28.61628967523575,0.5687030544504523,0.06438773491390748,0.11881510424427688,1283,328.7563505657492,0.30826520919799805
1284,3931.395,2040.5866666666666,7031.666666666666,100,100,1008,2.316239186921083,6.975859788359788,2.540724515914917,-2040.5866666666666,-0.018478259327821434,41.35262852907181,0.6622795984148979,0.04278459574197768,0.07438151049427688,1284,328.76072409392697,0.30826520919799805
1285,3934.297,2013.24,7172.0,100,100,1008,2.2055828365929693,7.115079365079365,2.4261724948883057,-2013.24,-0.021993880858644843,28.700467586517334,0.6619743071496487,0.028959931769350078,0.07535807293606922,1285,328.77435444289557,0.30826520919799805
1286,3937.191,2054.68,7203.333333333331,100,100,1004,2.192092133779635,7.174634794156704,2.4068148136138916,-2054.68,-0.022425914590712637,39.5302494764328,0.6348162777721882,0.014159043006657157,0.07879083859734237,1286,328.78770310645916,0.30826520919799805
1287,3940.307,2021.216666666665,7171.666666666664,100,100,1005,2.4245235812966133,7.135986733001656,2.6396946907043457,-2021.216666666665,-0.014124303765129298,24.88167232275009,0.5982141774147749,0.027061326371040195,0.052506510517559946,1287,328.78274370163683,0.30826520919799805
1288,3943.376,2034.5400000000006,7182.333333333333,100,100,1008,2.3722147801429005,7.1253306878306875,2.595409870147705,-2034.5400000000006,-0.010284732095897198,48.12335979938507,0.6486512804403901,0.03197794013249222,0.06982421875,1288,328.7824905524988,0.30826520919799805
1289,3946.259,1923.5399999999981,7061.333333333333,100,100,1005,2.202368456759115,7.02620232172471,2.410754442214966,-1923.5399999999981,-0.013118524861056358,30.834380567073822,0.6070055533200502,0.02902366520720534,0.07795138913206756,1289,328.79700090499966,0.30826520919799805
1290,3952.646,2007.1899999999996,7113.999999999998,100,100,1004,2.133262151573039,7.085657370517927,2.3437159061431885,-2007.1899999999996,-0.025832715560682118,26.43936175107956,0.5891796350479126,0.028240043589903507,0.11443536961451173,1290,328.8157556377275,0.30826520919799805
1291,3955.335,1989.1399999999996,7079.333333333338,100,100,1010,1.9954838583679262,7.009240924092413,2.2140309810638428,-1989.1399999999996,-0.012837930640671402,38.39630842208862,0.6074610892683268,0.15039868262101663,0.07900390622671694,1291,328.55169702245087,0.30826520919799805
1292,3958.001,1998.673333333334,7094.333333333335,100,100,1010,1.9910217824133831,7.024092409240925,2.211463451385498,-1998.673333333334,-0.017668999265879393,37.1240713596344,0.6258869264274836,0.04408894994958246,0.06123046868015081,1292,328.58552766974776,0.30826520919799805
1293,3960.655,1944.5366666666669,7188.666666666665,100,100,1006,1.9878354860899254,7.145791915175612,2.1968657970428467,-1944.5366666666669,-0.013034413510467857,26.678421676158905,0.6338822320103645,0.04382382904077531,0.09107506787404418,1293,328.61939500352725,0.30826520919799805
1294,3963.329,1991.7733333333338,7305.666666666667,100,100,1006,1.9994060625553605,7.262094102054341,2.2110517024993896,-1991.7733333333338,-0.02165130528737791,26.07612544298172,0.6365989279001951,0.06383203970835893,0.0841329824179411,1294,328.651496283319,0.30826520919799805
1295,3965.976,2020.6200000000006,7235.333333333337,100,100,1006,1.968605069014953,7.1921802518224025,2.1810426712036133,-2020.6200000000006,-0.010809134691953659,34.00470185279846,0.6228687353432178,0.028951147018233314,0.06128991179866716,1295,328.68583953673044,0.30826520919799805
1296,3968.638,2040.43,7243.666666666663,100,100,1002,2.0051598816109957,7.229208250166331,2.2088348865509033,-2040.43,-0.019700407283380628,37.19945627450943,0.6352559607475996,0.023997566964681027,0.053083147504366934,1296,328.7178319889962,0.30826520919799805
1297,3971.335,1980.1000000000008,6863.666666666666,100,100,1009,2.004862239176354,6.802444664684505,2.2231128215789795,-1980.1000000000008,-0.018977313884533942,34.928255677223206,0.5802538627758622,0.01098842123610666,0.07342155580408871,1297,328.7486533223989,0.30826520919799805
1298,3973.976,2092.2600000000007,7203.666666666668,100,100,1001,1.9787455544705603,7.196470196470198,2.1845691204071045,-2092.2600000000007,-0.024652212858200073,47.61056536436081,0.6022875299677253,0.029770853769150563,0.07531440537422895,1298,328.7820549857017,0.30826520919799805
1299,3976.615,1889.1000000000006,6861.333333333334,100,100,1009,1.9696277491951397,6.800132144037001,2.180755138397217,-1889.1000000000006,-0.0200028118561022,32.89627653360367,0.5679636048153043,0.018419784144498408,0.06827965547563508,1299,328.81760740374074,0.30826520919799805
1300,3982.423,1983.3633333333337,7082.333333333333,100,100,1003,1.9988006966026985,7.061149883682286,2.2028443813323975,-1983.3633333333337,-0.017724465433275327,36.54841846227646,0.590735137462616,0.02406339906519861,0.06952897890005261,1300,328.848953773264,0.30826520919799805
1301,3985.09,2078.1199999999994,7173.000000000002,100,100,1006,1.9891899591496967,7.130218687872765,2.2038156986236572,-2078.1199999999994,-0.016071290825493634,34.34722149372101,0.6494689509272575,0.0098653856839519,0.06481402867939323,1301,328.6224176805318,0.30826520919799805
1302,3987.724,1926.4766666666671,6996.999999999999,100,100,1007,1.9494120144657976,6.948361469712015,2.1608433723449707,-1926.4766666666671,-0.010992886149324477,29.139920949935913,0.5905213179066777,0.008831832099531312,0.0582716919016093,1302,328.6579199838576,0.30826520919799805
1303,3990.355,2025.710000000001,7142.333333333333,100,100,1008,1.960484919508749,7.085648148148148,2.1753737926483154,-2025.710000000001,-0.019029868039069697,31.885222852230072,0.6081871381029487,0.024665656805154867,0.0735677087213844,1303,328.6937996592957,0.30826520919799805
1304,3993.027,1993.3033333333342,6926.333333333335,100,100,1004,1.9849602578753287,6.898738379814079,2.1929659843444824,-1993.3033333333342,-0.017848769668489695,32.873728573322296,0.5830902047455311,0.03188012371538207,0.07541725877672434,1304,328.7254138914079,0.30826520919799805
1305,3995.679,1886.9966666666662,7018.000000000003,100,100,1007,1.9722546159697636,6.969215491559089,2.181546211242676,-1886.9966666666662,-0.012500930461101234,35.547203540802,0.5353222554549575,0.028578186698723584,0.07553814793936908,1305,328.75913961927904,0.30826520919799805
1306,3998.339,1965.143333333334,7005.666666666668,100,100,1004,1.966776494544363,6.977755644090307,2.1731271743774414,-1965.143333333334,-0.018581902841106057,26.292349219322205,0.5675003118813038,0.028433032897737576,0.0671608664561063,1306,328.7915576419763,0.30826520919799805
1307,4001.0,2054.229999999999,7202.666666666662,100,100,1004,1.991044123637568,7.173970783532532,2.200716733932495,-2054.229999999999,-0.012456672091502696,28.6912162899971,0.6352819493040442,0.024790176616079407,0.059259588131681085,1307,328.823794345405,0.30826520919799805
1308,4003.679,1890.5000000000014,7051.000000000002,100,100,1008,2.0049178557302287,6.9950396825396846,2.219825506210327,-1890.5000000000014,-0.017022230953443795,36.806903302669525,0.5295374812558293,0.026809197583133937,0.06819661462213844,1308,328.8555098280897,0.30826520919799805
1309,4006.327,2188.2600000000007,7440.000000000003,100,100,1009,1.9643279492838457,7.373637264618437,2.187213659286499,-2188.2600000000007,-0.01846958207897842,37.99464017152786,0.6324241636320949,0.0126252234185813,0.06809032196179032,1309,328.8900609701089,0.30826520919799805
1310,4012.117,1950.9699999999993,7249.0,100,100,1011,1.968267357965303,7.170128585558853,2.188279390335083,-1950.9699999999993,-0.015214411541819572,29.2216414809227,0.5645735207945108,0.03934018692234531,0.05972349888179451,1310,328.92500028042906,0.30826520919799805
1311,4014.746,2027.3900000000008,7204.333333333336,100,100,1014,1.9256621315621605,7.104865220249838,2.153156042098999,-2027.3900000000008,-0.015017588040791452,40.49548441171646,0.5418404201045632,0.008192062136004097,0.06850405095610768,1311,328.70475245701476,0.30826520919799805
1312,4017.33,2021.7000000000012,7239.333333333337,100,100,1003,1.9194098715953611,7.217680292455968,2.1234211921691895,-2021.7000000000012,-0.016416990954894572,39.31925296783447,0.6019652839750051,0.03677472834533546,0.055868459516204894,1312,328.742960938807,0.30826520919799805
1313,4019.918,1860.1733333333332,6730.333333333332,100,100,1003,1.9287367872262404,6.710202725157859,2.1289222240448,-1860.1733333333332,-0.017001781205181032,37.06421709060669,0.616618325933814,0.02728752819893998,0.074389080516994,1313,328.7808230960519,0.30826520919799805
1314,4022.515,1990.9933333333342,7005.666666666666,100,100,1005,1.9300919401445495,6.970812603648424,2.13664174079895,-1990.9933333333342,-0.017643321698415093,24.92606556415558,0.607771378941834,0.020760436982527608,0.08242187509313226,1314,328.81849116845564,0.30826520919799805
1315,4025.138,1967.8466666666668,7075.333333333332,100,100,1009,1.938372743579054,7.012223323422529,2.156233549118042,-1967.8466666666668,-0.014572931346663154,28.417570412158966,0.5837327595800161,0.007451199468050618,0.061702806036919355,1315,328.8548325226189,0.30826520919799805
1316,4027.784,1916.689999999999,7077.666666666664,100,100,1005,1.9574860685426205,7.042454394693198,2.165248394012451,-1916.689999999999,-0.02112874638987705,30.315357327461243,0.6426234217360616,0.011111241659818916,0.07391493069007993,1316,328.88827265747193,0.30826520919799805
1317,4030.386,2024.2999999999997,7255.333333333338,100,100,1007,1.9297714984689978,7.204899040052966,2.1456053256988525,-2024.2999999999997,-0.02164194837678224,29.906050354242325,0.6279171984642744,0.017856057398603298,0.058230136055499315,1317,328.92585385134686,0.30826520919799805
1318,4033.0,2003.590000000001,7311.0,100,100,1006,1.9446799186036123,7.2673956262425445,2.1611413955688477,-2003.590000000001,-0.021372402494307607,32.033046662807465,0.6128182075917721,0.01808107502074563,0.06296705175191164,1318,328.9620586631272,0.30826520919799805
1319,4035.586,1935.8633333333337,6881.66666666667,100,100,1006,1.9225256435830465,6.840622929092117,2.13090181350708,-1935.8633333333337,-0.019361324259079993,27.449541330337524,0.6320034805685282,0.03824770776191144,0.06782863475382328,1319,329.00056014838697,0.30826520919799805
1320,4041.259,1907.7933333333335,6859.666666666662,100,100,1009,1.9447222016050274,6.798480343574492,2.1596391201019287,-1907.7933333333335,-0.021996579569531605,33.6486901640892,0.5784478867426515,0.017871893342089606,0.07278380077332258,1320,329.03617981105447,0.30826520919799805
1321,4044.005,2013.9933333333327,7202.666666666668,100,100,1007,2.0454520364953233,7.15259847732539,2.258047103881836,-2013.9933333333327,-0.01975224755005911,31.69748055934906,0.5723931957036257,0.005622090793622192,0.08020279242191464,1321,328.814097369653,0.30826520919799805
1322,4046.876,1932.009999999998,7083.333333333335,100,100,1006,2.171091749943852,7.041086812458583,2.3824281692504883,-1932.009999999998,-0.01932014070916921,23.121812880039215,0.5385992610827088,0.036247620384529,0.07857082225382328,1322,328.8294282967875,0.30826520919799805
1323,4049.81,2059.1800000000026,7311.333333333333,100,100,1011,2.2305579630116372,7.231783712495878,2.4570887088775635,-2059.1800000000026,-0.0187230019364506,32.83759123086929,0.5710906265303493,0.019888482747774106,0.09622012882027775,1323,328.8408852050843,0.30826520919799805
1324,4052.821,1940.23,7185.666666666669,100,100,1003,2.320339680270497,7.164174144233967,2.5254831314086914,-1940.23,-0.013436319655738771,36.91897016763687,0.5826636692509055,0.01667028334486531,0.07490007276646793,1324,328.84400188456846,0.30826520919799805
1325,4055.793,1956.8366666666655,7149.333333333334,100,100,1008,2.2772397791240584,7.0925925925925934,2.495403528213501,-1956.8366666666655,-0.01764174597337842,36.23427778482437,0.5589204430580139,0.010837731748324586,0.06103515625,1325,328.8515849249767,0.30826520919799805
1326,4058.662,2053.1033333333326,7129.666666666665,100,100,1009,2.166113576909935,7.066072018500163,2.3914523124694824,-2053.1033333333326,-0.02014342474285513,29.01316213607788,0.5916573498398066,0.010924042129772715,0.07826450897846371,1326,328.86773403748646,0.30826520919799805
1327,4061.632,1930.9966666666674,7156.000000000002,100,100,1016,2.2537174226036,7.043307086614175,2.4902257919311523,-1930.9966666666674,-0.018647282209713012,34.24264830350876,0.5586431808769703,0.0184380323116784,0.06933593773283064,1327,328.8773756616737,0.30826520919799805
1328,4064.716,1959.8633333333316,6961.666666666663,100,100,1006,2.3645154097734045,6.920145791915172,2.5781443119049072,-1959.8633333333316,-0.015876324207056314,32.476308941841125,0.5382064655423164,0.019861424050759524,0.06061056413454935,1328,328.87547790216405,0.30826520919799805
1329,4067.816,1905.5000000000007,6943.999999999997,100,100,1008,2.392374005539173,6.888888888888887,2.6117968559265137,-1905.5000000000007,-0.018114862439688295,41.18060523271561,0.49742559250444174,0.06870476657059044,0.09570312534924597,1329,328.87265910228945,0.30826520919799805
1330,4074.093,1991.1866666666663,7086.666666666669,100,100,1008,2.2749863105312373,7.030423280423283,2.496307134628296,-1991.1866666666663,-0.017100062454119325,29.45181953907013,0.6063614673912525,0.030501370078127366,0.07454427098855376,1330,328.8799539446532,0.30826520919799805
1331,4076.766,2028.2333333333345,6943.33333333333,100,100,1009,1.9691631309152742,6.881400726792201,2.1892032623291016,-2028.2333333333345,-0.013603880070149899,41.5235641002655,0.5575370406731963,0.02674114481487777,0.05182756681460887,1331,328.64528041540245,0.30826520919799805
1332,4079.435,2094.7999999999984,7332.333333333329,100,100,1008,1.9800310492716982,7.274140211640208,2.2002835273742676,-2094.7999999999984,-0.01731054170522839,32.63311576843262,0.6017961110919714,0.01816688687176793,0.057942708721384406,1332,328.67736117938557,0.30826520919799805
1333,4082.109,1999.303333333333,6896.333333333332,100,100,1012,1.9815994098528542,6.81455862977602,2.208557367324829,-1999.303333333333,-0.01427665469236672,39.62268912792206,0.6120453681796789,0.01406961512475391,0.0611102765542455,1333,328.70995922084387,0.30826520919799805
1334,4084.734,1922.6066666666684,6938.333333333332,100,100,1003,1.943062411496789,6.917580591558656,2.146226167678833,-1922.6066666666684,-0.023660103557631373,30.43152266740799,0.5833924952894449,0.027322665555402637,0.071947674266994,1334,328.7442596114507,0.30826520919799805
1335,4087.406,2112.4500000000007,7252.0000000000055,100,100,1007,1.9912247289602887,7.20158887785502,2.2105181217193604,-2112.4500000000007,-0.013268875482026488,44.69683802127838,0.571735211648047,0.032627172346110456,0.08375581761356443,1335,328.7758396407284,0.30826520919799805
1336,4090.038,2010.7900000000018,7075.000000000003,100,100,1007,1.961958886525578,7.025819265143995,2.1756789684295654,-2010.7900000000018,-0.015472402854356915,28.466215908527374,0.5908195627853274,0.015671461806050502,0.06373628636356443,1336,328.81040645413844,0.30826520919799805
1337,4092.712,2028.6333333333332,7207.666666666664,100,100,1003,1.9922720836865477,7.186108341641739,2.1998040676116943,-2028.6333333333332,-0.015178758243564516,33.32122623920441,0.5825802907347679,0.03135325161565561,0.0685637720162049,1337,328.840660272035,0.30826520919799805
1338,4095.353,1846.5366666666666,6881.666666666665,100,100,1012,1.9636761853581832,6.800065876152831,2.1823461055755615,-1846.5366666666666,-0.018665189913008362,31.729637920856476,0.5442891381680965,0.017634501593420282,0.0741060699801892,1338,328.87571369113925,0.30826520919799805
1339,4098.018,1929.8466666666664,7118.66666666667,100,100,1005,1.9920411937874718,7.083250414593701,2.200817346572876,-1929.8466666666664,-0.018161733634769917,38.62182021141052,0.5814106082543731,0.04420138145724195,0.07314453140133992,1339,328.90706971536156,0.30826520919799805
1340,4103.839,2050.063333333334,7158.66666666667,100,100,1006,1.9761461219065277,7.115970841616968,2.189837694168091,-2050.063333333334,-0.015149398561334237,40.65908056497574,0.5647367751225829,0.022705714545736555,0.06636379100382328,1340,328.93855674230633,0.30826520919799805
1341,4106.497,2022.303333333333,6991.999999999998,100,100,1005,1.9813285582230904,6.9572139303482565,2.1922659873962402,-2022.303333333333,-0.0140790666337125,34.66343808174133,0.5453920625150204,0.06466551992889435,0.0707790800370276,1341,328.71766845758344,0.30826520919799805
1342,4109.152,2018.586666666667,7118.666666666666,100,100,1010,1.967665344006428,7.048184818481848,2.190026044845581,-2018.586666666667,-0.015152916981605813,31.262458980083466,0.5613088384270668,0.03360931135102874,0.07447265600785613,1342,328.75102809567363,0.30826520919799805
1343,4111.821,1961.783333333335,7057.333333333337,100,100,1006,1.9883655056090763,7.0152418820410904,2.196997880935669,-1961.783333333335,-0.01808857754804194,36.46455305814743,0.5775509802624583,0.02913618635648163,0.0719259511679411,1343,328.7823088425021,0.30826520919799805
1344,4114.446,1908.3233333333335,6897.000000000002,100,100,1006,1.9557603383085007,6.855864811133203,2.1637156009674072,-1908.3233333333335,-0.017522580514196306,25.308205872774124,0.5197663744911551,0.023296179693716113,0.07583220105152577,1344,328.81702108150625,0.30826520919799805
1345,4117.102,2023.9100000000012,7186.33333333333,100,100,1008,1.9722754929846684,7.129298941798939,2.189218282699585,-2023.9100000000012,-0.019898614496923983,22.46545571088791,0.5094222137704492,0.011537572398083284,0.07242838549427688,1345,328.8497934288008,0.30826520919799805
1346,4119.735,1946.8599999999997,7078.0,100,100,1007,1.9516593826585102,7.028798411122145,2.164447546005249,-1946.8599999999997,-0.015732129919342697,38.188924729824066,0.5263882121071219,0.04817929279670352,0.06861909897997975,1346,328.88399315731385,0.30826520919799805
1347,4122.369,1868.6366666666665,6798.999999999997,100,100,1007,1.9664852049889814,6.75173783515392,2.175586223602295,-1868.6366666666665,-0.013508020609151572,26.914264917373657,0.5092696771025658,0.02069677611871157,0.06701919855549932,1347,328.9181487485063,0.30826520919799805
1348,4125.011,2091.2966666666657,7271.999999999996,100,100,1010,1.9641801980001354,7.199999999999997,2.184112310409546,-2091.2966666666657,-0.017625740263611078,34.78626835346222,0.6223942339420319,0.018226805015729042,0.07335937488824129,1348,328.95230771409393,0.30826520919799805
1349,4127.683,1849.5866666666668,6926.000000000002,100,100,1005,1.9880246761398603,6.891542288557216,2.1930365562438965,-1849.5866666666668,-0.015178605157416314,25.009736597537994,0.58483044244349,0.006918616065377137,0.060883246595039964,1349,328.98283880399117,0.30826520919799805
1350,4133.403,1997.743333333335,7052.0000000000055,100,100,1003,1.9603331983256584,7.030907278165509,2.1648948192596436,-1997.743333333335,-0.014311007864307612,30.308776378631592,0.599317092448473,0.0027326417111908086,0.07027843408286572,1350,329.01678845472816,0.30826520919799805
1351,4136.009,2067.673333333333,7247.33333333334,100,100,1009,1.9277930632372071,7.182689131152964,2.145664691925049,-2067.673333333333,-0.016466689805383794,40.57443553209305,0.5955753019079566,0.01363785715875565,0.052804129489231855,1351,328.8070685735241,0.30826520919799805
1352,4138.599,1953.3833333333346,6958.333333333334,100,100,1011,1.9151725024205994,6.882624464226839,2.133721351623535,-1953.3833333333346,-0.021774403634481132,39.18984305858612,0.5932504627853632,0.012753363240335602,0.08057598053710535,1352,328.8455457341678,0.30826520919799805
1353,4141.223,2050.7266666666665,6931.0,100,100,1010,1.929384848508652,6.862376237623763,2.1507763862609863,-2050.7266666666665,-0.01823463581968099,57.977662801742554,0.6619213195517659,0.016833470170240616,0.07656249962747097,1353,328.88118552948623,0.30826520919799805
1354,4143.853,2075.9266666666676,7157.66666666667,100,100,1010,1.928259208475673,7.086798679867989,2.147991895675659,-2075.9266666666676,-0.01720998843666166,33.23356318473816,0.6036846106871963,0.005995612431433983,0.06916015583556145,1354,328.91611153956717,0.30826520919799805
1355,4146.493,1962.7433333333333,7115.666666666667,100,100,1007,1.961387686020775,7.066203243958954,2.1737067699432373,-1962.7433333333333,-0.017132501408923417,38.67227214574814,0.5225593810901046,0.010274361331539694,0.07842627982608974,1355,328.9495638245793,0.30826520919799805
1356,4149.114,2074.773333333334,7149.666666666669,100,100,1011,1.9368126612565637,7.071876030333006,2.1625242233276367,-2074.773333333334,-0.017971190151001792,34.5943803191185,0.5738465702161193,0.008024583332371549,0.06863702565897256,1356,328.9855243654255,0.30826520919799805
1357,4151.728,2010.5433333333328,7133.666666666667,100,100,1009,1.9202594669781279,7.0700363396101755,2.138441801071167,-2010.5433333333328,-0.017763331707101315,32.97399353981018,0.5827154442667961,0.005139796321600443,0.07721819181460887,1357,329.0214021371856,0.30826520919799805
1358,4154.321,1907.6066666666648,7062.666666666665,100,100,1006,1.9308149089729394,7.020543406229289,2.137653112411499,-1907.6066666666648,-0.017979996802750975,29.469543874263763,0.5490428386256099,0.01690888098528376,0.06948454509256408,1358,329.0581109268505,0.30826520919799805
1359,4156.916,2037.2133333333331,7138.333333333332,100,100,1005,1.927471841541837,7.102819237147594,2.1386208534240723,-2037.2133333333331,-0.016769201029092073,36.3417392373085,0.5897000152617693,0.014269473520471365,0.06867404520744458,1359,329.0944848482779,0.30826520919799805
1360,4162.595,2070.7933333333335,7280.666666666668,100,100,1011,1.906349852452705,7.201450708869108,2.1320607662200928,-2070.7933333333335,-0.017855398647952825,34.633631467819214,0.6086187670007348,0.01545285892279935,0.06728707125876099,1360,329.13252613508956,0.30826520919799805
1361,4165.807,1984.1866666666654,7021.666666666664,100,100,1009,2.468323389509447,6.959035348529895,2.69842529296875,-1984.1866666666654,-0.017316870333161205,37.74105757474899,0.6088336771354079,0.009392358449986205,0.062041613506153226,1361,328.87699133294825,0.30826520919799805
1362,4168.986,1991.0933333333332,7108.333333333334,100,100,1008,2.4687673623760467,7.05191798941799,2.6915576457977295,-1991.0933333333332,-0.01851031609112397,52.76421457529068,0.5622079819440842,0.006652143594692461,0.0651041668606922,1362,328.86798236516864,0.30826520919799805
1363,4171.933,2068.8700000000013,7276.333333333336,100,100,1010,2.230145544330082,7.204290429042906,2.456266403198242,-2068.8700000000013,-0.02154725883156061,26.93574160337448,0.5925924265757203,0.002584452668997983,0.05062499991618097,1363,328.8777772507238,0.30826520919799805
1364,4174.893,2028.8033333333324,7219.333333333333,100,100,1008,2.2514077393838856,7.162037037037036,2.4743587970733643,-2028.8033333333324,-0.021980131161399186,38.754461228847504,0.5416500335559249,0.011161677684867755,0.08170572947710752,1364,328.8860151218695,0.30826520919799805
1365,4178.054,1921.6433333333334,6905.333333333333,100,100,1007,2.449463752224161,6.857332009268454,2.671316623687744,-1921.6433333333334,-0.020075450418516994,54.24723446369171,0.5510770753026009,0.010407649882836267,0.08462849026545882,1365,328.8782254161867,0.30826520919799805
1366,4181.188,1975.269999999999,7026.666666666666,100,100,1002,2.4253985023836115,7.012641383898869,2.6332223415374756,-1975.269999999999,-0.014744882675586268,27.753803193569183,0.5119842505082488,0.0058132063277298585,0.06326729914871976,1366,328.87140302871774,0.30826520919799805
1367,4184.125,2012.8233333333326,7014.66666666667,100,100,1008,2.2299905770249473,6.958994708994712,2.449479818344116,-2012.8233333333326,-0.015367219049949199,33.51849776506424,0.4863599883392453,0.015870479299337603,0.07112630212213844,1367,328.88142858319856,0.30826520919799805
1368,4187.004,1894.9733333333334,6801.333333333337,100,100,1006,2.1653164009874684,6.760768721007293,2.3779525756835938,-1894.9733333333334,-0.01562173676211387,38.01695799827576,0.5318537708371878,0.03643582183212857,0.07154381822329015,1368,328.89555648930286,0.30826520919799805
1369,4190.08,1986.5933333333332,6919.999999999998,100,100,1005,2.3762758185308592,6.8855721393034806,2.592634439468384,-1986.5933333333332,-0.018019966781139374,29.4034726023674,0.5030044298619032,0.011692029151163297,0.0673611112870276,1369,328.893956713207,0.30826520919799805
1370,4196.724,1804.6299999999994,6805.666666666663,100,100,1013,2.454848962800112,6.718328397499174,2.689070224761963,-1804.6299999999994,-0.01791053669876419,35.813299119472504,0.5131871765479445,0.01467318003778928,0.06770526245236397,1370,328.88637075760676,0.30826520919799805
1371,4199.675,1938.0499999999997,6819.0,100,100,1008,2.2416916631516957,6.7648809523809526,2.4610726833343506,-1938.0499999999997,-0.017155909561552107,32.70357692241669,0.5292324172332883,0.005749899715738138,0.06250000017462298,1371,328.623746978853,0.30826520919799805
1372,4202.449,1946.7433333333322,7122.999999999996,100,100,1007,2.086932272530071,7.073485600794435,2.299015998840332,-1946.7433333333322,-0.014950989978387952,33.03416049480438,0.5446640094742179,0.008123958759824745,0.05379404919221997,1372,328.64648929349363,0.30826520919799805
1373,4205.203,1930.4899999999982,7139.999999999997,100,100,1014,2.0591783029839204,7.041420118343193,2.2864413261413574,-1930.4899999999982,-0.018660868692677468,39.12513327598572,0.5472450098022819,0.011262959535088157,0.056568287196569145,1373,328.672341730631,0.30826520919799805
1374,4208.117,1870.2900000000002,6903.666666666667,100,100,1005,2.226060498227824,6.869320066334992,2.433438777923584,-1870.2900000000002,-0.02183747396338731,31.08301740884781,0.4956477079540491,0.004096151558769634,0.06324869795935228,1374,328.68355789748716,0.30826520919799805
1375,4211.089,1894.4433333333332,7094.000000000001,100,100,1008,2.2566358135904125,7.037698412698414,2.4730215072631836,-1894.4433333333332,-0.018560088879894465,25.446683168411255,0.5118388533592224,0.010247982267173938,0.0714518231106922,1375,328.69099200937217,0.30826520919799805
1376,4213.921,1924.7566666666673,7039.333333333333,100,100,1011,2.121926507793743,6.9627431585888555,2.3433432579040527,-1924.7566666666673,-0.0188304201583378,22.380460947752,0.5202593021094799,0.031692644599388586,0.06362974888179451,1376,328.710013175009,0.30826520919799805
1377,4216.681,1963.8200000000008,7132.333333333331,100,100,1003,2.080534094900955,7.111000332336323,2.2854409217834473,-1963.8200000000008,-0.013674756221007556,24.898573994636536,0.5207582246512175,0.007545560260041384,0.053938045050017536,1377,328.7327403712844,0.30826520919799805
1378,4219.57,1994.6133333333307,6986.9999999999945,100,100,1009,2.181998212550415,6.924677898909806,2.4025661945343018,-1994.6133333333307,-0.016798616154119372,36.108731269836426,0.49993825517594814,0.028653394743741956,0.07887236913666129,1378,328.7467751736818,0.30826520919799805
1379,4222.595,1967.3433333333335,6983.666666666666,100,100,1006,2.309552682346107,6.942014579191517,2.5274815559387207,-1967.3433333333335,-0.016508415690623224,33.98441195487976,0.5670489780604839,0.011227771596168168,0.06334918475477025,1379,328.7494813874291,0.30826520919799805
1380,4229.356,1977.5233333333351,7197.666666666672,100,100,1012,2.2924948608403355,7.112318840579716,2.525162696838379,-1977.5233333333351,-0.016952837526332587,30.33966761827469,0.5323228528723121,0.017359057208523154,0.06524188711773604,1380,328.7536347982036,0.30826520919799805
1381,4232.365,1931.266666666666,6895.666666666667,100,100,1007,2.286968121648227,6.847732538894406,2.502711296081543,-1931.266666666666,-0.01427834653645732,25.738621592521667,0.5196948833763599,0.01692427477610181,0.06866065482608974,1381,328.4676447860227,0.30826520919799805
1382,4235.281,1962.0233333333329,7007.666666666664,100,100,1011,2.205980021269802,6.9314210352786,2.4315013885498047,-1962.0233333333329,-0.009469343349337578,35.64239352941513,0.5066837221384048,0.030802518645941745,0.05653530964627862,1382,328.4801852565229,0.30826520919799805
1383,4238.247,1867.5966666666666,6886.666666666666,100,100,1014,2.2390595645528046,6.7915844838921755,2.4709084033966064,-1867.5966666666666,-0.010633113968651742,36.063993871212006,0.48405088298022747,0.02415320101135876,0.06526692712213844,1383,328.4895655161371,0.30826520919799805
1384,4241.357,1916.1866666666676,7118.666666666672,100,100,1008,2.3989261884245994,7.062169312169318,2.6163575649261475,-1916.1866666666676,-0.017563296132721007,29.89756864309311,0.49628815427422523,0.022551604146428872,0.06982421875,1384,328.486372676148,0.30826520919799805
1385,4244.384,1981.5700000000008,7191.999999999999,100,100,1007,2.317616682270285,7.142005958291955,2.536048650741577,-1981.5700000000008,-0.012090547301340848,44.97949266433716,0.5382413472980261,0.04390781910842634,0.047311336325947195,1385,328.4893296124544,0.30826520919799805
1386,4247.296,1900.65,7034.666666666664,100,100,1003,2.222461317427241,7.013625789298768,2.425856590270996,-1900.65,-0.018828333413694054,27.58430927991867,0.47789795882999897,0.035797510121483356,0.07612645369954407,1386,328.50027573085373,0.30826520919799805
1387,4250.306,1772.703333333334,6748.333333333336,100,100,1008,2.307409322441792,6.694775132275135,2.5177743434906006,-1772.703333333334,-0.013655952992849052,34.88455891609192,0.4739429512992501,0.044258141781028826,0.05891927087213844,1387,328.50482754754955,0.30826520919799805
1388,4253.342,1933.0299999999977,7132.999999999998,100,100,1011,2.3434329374935605,7.055390702274973,2.5726380348205566,-1933.0299999999977,-0.017841561610111967,28.96247160434723,0.4951189709827304,0.016349793473636964,0.054821538156829774,1388,328.50806564842236,0.30826520919799805
1389,4255.968,1916.47,7037.333333333336,100,100,1006,1.9541354892751346,6.995361166335324,2.1649975776672363,-1916.47,-0.016127511800732464,28.485004544258118,0.5582790710031986,0.05090509231376927,0.050951087032444775,1389,328.5416809530464,0.30826520919799805
1390,4261.728,1822.8966666666654,6887.999999999997,100,100,1014,1.9752733745562607,6.792899408284021,2.1990911960601807,-1822.8966666666654,-0.01667715907387901,28.781818330287933,0.5158763881772757,0.007855975746679178,0.06007667840458453,1390,328.57465458804785,0.30826520919799805
1391,4264.35,1845.4066666666668,6885.000000000001,100,100,1005,1.9522453711567382,6.850746268656717,2.156020402908325,-1845.4066666666668,-0.016125099209602922,25.84277319908142,0.5495627801865339,0.09449245831638109,0.06602647580439225,1391,328.36935546787225,0.30826520919799805
1392,4266.97,1938.336666666666,7219.33333333333,100,100,1003,1.9567704896265241,7.197740112994348,2.1615264415740967,-1938.336666666666,-0.014529655774822459,33.176233649253845,0.5385839929804206,0.030632720881840214,0.05854832846671343,1392,328.40279149185733,0.30826520919799805
1393,4269.586,1825.1299999999997,6777.333333333335,100,100,1004,1.9513056786272645,6.750332005312086,2.1550631523132324,-1825.1299999999997,-0.018703714915318415,28.596676290035248,0.5272322995588183,0.025414159354113508,0.06938032689504325,1393,328.43677504706574,0.30826520919799805
1394,4272.202,1967.526666666666,7134.666666666664,100,100,1002,1.9421803394607648,7.120425815036591,2.140815496444702,-1967.526666666666,-0.0250538075924851,36.44660395383835,0.5616595828905702,0.0018651582940947264,0.07382347481325269,1394,328.4702272935767,0.30826520919799805
1395,4274.801,1956.5366666666662,7170.666666666667,100,100,1003,1.937292719697199,7.149219009637754,2.139087677001953,-1956.5366666666662,-0.017040377017110586,29.291084319353104,0.5484428899362683,0.04231574908772018,0.06904069765005261,1395,328.5051043503789,0.30826520919799805
1396,4277.43,1916.5200000000027,7061.666666666676,100,100,1010,1.9500562381737008,6.991749174917501,2.166821002960205,-1916.5200000000027,-0.015678825438953936,27.950170636177063,0.547223350033164,0.045431502931023715,0.06150390615221113,1396,328.53932947519934,0.30826520919799805
1397,4280.06,1858.009999999998,6936.666666666665,100,100,1007,1.9615299887807214,6.888447533929161,2.168156862258911,-1858.009999999998,-0.007214896904770285,29.78594172000885,0.48926716949790716,0.03850317323667696,0.0655959106516093,1397,328.57275117691955,0.30826520919799805
1398,4282.723,1879.6333333333334,6942.666666666668,100,100,1006,1.970351489782,6.901259111994699,2.179356813430786,-1879.6333333333334,-0.008539326721802354,29.820101141929626,0.47441334184259176,0.09856398639385588,0.07194718066602945,1398,328.6033243579647,0.30826520919799805
1399,4285.746,1852.983333333333,6924.66666666667,100,100,1009,2.3090196228830737,6.86290056161216,2.5262162685394287,-1852.983333333333,-0.007983053743373603,30.53922873735428,0.4329973245039582,0.1048848181781068,0.07394969678716734,1399,328.6069732768091,0.30826520919799805
1400,4292.26,1700.7466666666674,6797.333333333333,100,100,1012,2.3542531629566015,6.716732542819499,2.5756003856658936,-1700.7466666666674,-0.012280197814106941,31.69643783569336,0.49426023196429014,0.06450394470448373,0.06839693547226489,1400,328.6084129236707,0.30826520919799805
1401,4295.19,1813.9766666666674,6874.333333333337,100,100,1010,2.2063616829195825,6.80627062706271,2.4230923652648926,-1813.9766666666674,-0.014693876961246133,22.928890615701675,0.45814117696136236,0.03643773330259137,0.07677734363824129,1401,328.35517902070893,0.30826520919799805
1402,4298.176,1893.1800000000005,7114.666666666668,100,100,1013,2.250024876240108,7.023362948338271,2.4749600887298584,-1893.1800000000005,-0.011921868368517607,29.46890139579773,0.4649721421301365,0.05494382866891101,0.058529260102659464,1402,328.3627967632696,0.30826520919799805
1403,4301.268,1787.8966666666672,6819.666666666668,100,100,1013,2.3818366246312666,6.732148733135901,2.6072850227355957,-1787.8966666666672,-0.007277353812241927,24.279457956552505,0.5027020974084735,0.04217157342645805,0.05519420700147748,1403,328.3622783359512,0.30826520919799805
1404,4304.161,1789.123333333336,6906.999999999999,100,100,1013,2.1904000995436137,6.818361303060216,2.4115121364593506,-1789.123333333336,-0.017835712584201247,25.585496962070465,0.5341678224503994,0.05772740715474356,0.057064416352659464,1404,328.3768875911289,0.30826520919799805
1405,4307.093,1764.3499999999992,6851.000000000002,100,100,1010,2.217898415493788,6.783168316831685,2.4327878952026367,-1764.3499999999992,-0.006481332588009536,25.434581637382507,0.5215986417606473,0.056403200593194924,0.058984374860301614,1405,328.3878339724265,0.30826520919799805
1406,4310.151,1867.9133333333348,7034.666666666666,100,100,1012,2.3402101804296165,6.95125164690382,2.5637729167938232,-1867.9133333333348,-0.011512849596329033,25.69651085138321,0.5211532069370151,0.052981494136474794,0.06813401455292478,1406,328.38966310771974,0.30826520919799805
1407,4313.121,1836.0400000000002,6957.999999999999,100,100,1013,2.256657651153017,6.868706811451134,2.4848146438598633,-1836.0400000000002,-0.009893014910630882,28.87224781513214,0.5610775360837579,0.06832398524784367,0.06233416870236397,1407,328.3984924275915,0.30826520919799805
1408,4315.819,1846.8466666666675,6885.333333333334,100,100,1015,1.9910485687862916,6.7835796387520535,2.215946912765503,-1846.8466666666675,-0.010990150971338153,22.94346398115158,0.4902009190991521,0.10474924051959533,0.05450994294369593,1408,328.4282872753151,0.30826520919799805
1409,4318.488,1834.1266666666666,6910.333333333332,100,100,1014,1.979174556236354,6.814924391847468,2.2002739906311035,-1834.1266666666666,-0.015317657438572496,22.43209210038185,0.5220877798274159,0.04849875143554527,0.0726815682137385,1409,328.4600641158147,0.30826520919799805
1410,4324.253,1819.4433333333334,6908.333333333331,100,100,1011,1.9763074181955511,6.833168480052751,2.1931159496307373,-1819.4433333333334,-0.011534611054230481,21.478537529706955,0.47510668728500605,0.03700222679617582,0.04641544143669307,1410,328.49210112586826,0.30826520919799805
1411,4326.953,1800.0933333333332,6883.333333333334,100,100,1009,2.013355700185613,6.821935910142056,2.224623680114746,-1800.0933333333332,-0.012463368300814182,36.0740442276001,0.45255381520837545,0.0484803714134614,0.07072106190025806,1411,328.2843815849424,0.30826520919799805
1412,4329.613,1887.323333333333,6924.666666666666,100,100,1007,1.9854251239837222,6.876530950016551,2.1963694095611572,-1887.323333333333,-0.01709900694550015,36.527732610702515,0.482479858212173,0.1301031463808613,0.0802443481516093,1412,328.3152592772728,0.30826520919799805
1413,4332.275,1921.91,7104.000000000004,100,100,1009,1.9700199212626037,7.040634291377605,2.1835687160491943,-1921.91,-0.01928295366860766,26.35313367843628,0.5651732152327895,0.04612053207529243,0.07972935261204839,1413,328.346423314462,0.30826520919799805
1414,4334.918,1883.37,6851.33333333333,100,100,1009,1.9626350852091334,6.790221341261972,2.1771280765533447,-1883.37,-0.015580814913846552,31.964224815368652,0.5367818083614111,0.10613632837339537,0.05802574922563508,1414,328.37897973054265,0.30826520919799805
1415,4337.563,1924.2666666666669,7062.000000000001,100,100,1010,1.9658576272944412,6.992079207920793,2.1812660694122314,-1924.2666666666669,-0.01673418330028653,23.701837092638016,0.5092192925512791,0.029406937155727064,0.06722656241618097,1415,328.4116435433927,0.30826520919799805
1416,4340.267,1903.2433333333327,6970.333333333333,100,100,1015,1.9950636467561493,6.867323481116585,2.2234928607940674,-1903.2433333333327,-0.019917330238968134,22.392394453287125,0.5303540695458651,0.08276001565536717,0.07420099398586899,1416,328.4408769726651,0.30826520919799805
1417,4342.95,1875.3800000000006,6918.0,100,100,1009,1.9805285417612335,6.856293359762141,2.196134090423584,-1875.3800000000006,-0.01149424334289506,28.511663287878036,0.509875294752419,0.09163914141390705,0.07458745199255645,1417,328.4702855637788,0.30826520919799805
1418,4345.624,1971.806666666667,7072.333333333332,100,100,1007,1.9946566038619813,7.023171135385633,2.20731520652771,-1971.806666666667,-0.01842943427618593,38.79985845088959,0.5438867788761854,0.016937871914706193,0.06227144261356443,1418,328.49986311579755,0.30826520919799805
1419,4348.288,1944.7633333333329,6956.666666666667,100,100,1014,1.9599329374815087,6.860618014464168,2.182417631149292,-1944.7633333333329,-0.018035154382232577,28.364105761051178,0.4921445995569229,0.0467605629528407,0.06819661473855376,1419,328.53186211323646,0.30826520919799805
1420,4354.169,1913.7666666666678,7035.333333333333,100,100,1008,1.9656055538068777,6.979497354497354,2.1781647205352783,-1913.7666666666678,-0.01460123690776527,27.92581456899643,0.5156649183481932,0.11622303238982568,0.0784505212213844,1420,328.5636733225651,0.30826520919799805
1421,4356.853,1987.9500000000003,7023.66666666667,100,100,1004,1.9955040833196673,6.995683930942898,2.204317569732666,-1987.9500000000003,-0.013239472929853946,38.362263441085815,0.4275273634120822,0.06002649649781233,0.060635653557255864,1421,328.34780077604063,0.30826520919799805
1422,4359.526,1873.3600000000004,7008.333333333336,100,100,1003,1.9940316036635135,6.987371219674313,2.197340726852417,-1873.3600000000004,-0.008645723341032863,29.249552369117737,0.4432611484080553,0.10656819372525206,0.057094840332865715,1422,328.3764939444601,0.30826520919799805
1423,4362.231,1916.216666666666,6911.666666666664,100,100,1003,2.0191201407198656,6.890993685609835,2.223543643951416,-1916.216666666666,-0.01128213747870177,35.11834794282913,0.4286127407103777,0.05201062159903813,0.051246820483356714,1423,328.402863112236,0.30826520919799805
1424,4364.893,1950.7533333333342,6972.333333333337,100,100,1002,1.9903202563711997,6.958416500332671,2.1918060779571533,-1950.7533333333342,-0.010528707527555525,31.201718628406525,0.3959111990407109,0.01930136140435934,0.06061662966385484,1424,328.4321341950139,0.30826520919799805
1425,4367.56,1865.8866666666665,6830.666666666667,100,100,1005,1.997702786425564,6.796683250414594,2.2003793716430664,-1865.8866666666665,-0.012449575122445822,25.4847611784935,0.36244643991813064,0.051224196611656225,0.05975477449828759,1425,328.4616599871114,0.30826520919799805
1426,4370.247,1857.6766666666665,7127.666666666668,100,100,1010,1.9870175221602957,7.057095709570958,2.2015035152435303,-1857.6766666666665,-0.013859773112926632,34.01114809513092,0.3772680424153805,0.08762475883122534,0.06750000000465661,1426,328.49078657132304,0.30826520919799805
1427,4372.944,1898.2966666666666,6904.000000000004,100,100,1006,2.012429519942508,6.862823061630222,2.22550630569458,-1898.2966666666666,-0.017633182578720152,37.83097529411316,0.36610944755375385,0.07079892954425304,0.05133322038454935,1427,328.51825023509565,0.30826520919799805
1428,4375.541,2075.7366666666658,7208.666666666664,100,100,1004,1.9251505984132553,7.179946879150064,2.1334104537963867,-2075.7366666666658,-0.01735850895056501,40.33621859550476,0.41601677145808935,0.058028377388836816,0.06742720166221261,1428,328.5527242802568,0.30826520919799805
1429,4378.156,1919.5333333333335,6961.333333333332,100,100,1005,1.931791344601939,6.92669983416252,2.1371207237243652,-1919.5333333333335,-0.01413802895694971,24.122486978769302,0.5140716684982181,0.06758286922558909,0.06469184043817222,1429,328.58609756116397,0.30826520919799805
1430,4383.813,2018.6366666666665,7049.666666666667,100,100,1004,1.9239975111438443,7.021580345285525,2.1324217319488525,-2018.6366666666665,-0.017743171425536275,32.93558394908905,0.48491490073502064,0.07981318909151014,0.07088955980725586,1430,328.6197518578548,0.30826520919799805
1431,4386.479,1879.4200000000003,7038.333333333337,100,100,1006,1.9822710738276645,6.996355202120613,2.1942214965820312,-1879.4200000000003,-0.01053445175057277,17.85749214887619,0.43525475915521383,0.07143699249718338,0.06052564544370398,1431,328.4208091163931,0.30826520919799805
1432,4389.092,1896.3700000000017,7110.333333333335,100,100,1007,1.9218315797660948,7.060906984442239,2.1302602291107178,-1896.3700000000017,-0.007603919075336307,18.287730515003204,0.4100511595606804,0.14415884321351768,0.07678482355549932,1432,328.4547491247522,0.30826520919799805
1433,4391.712,1891.3333333333328,6876.0,100,100,1006,1.934470774890081,6.834990059642147,2.1417479515075684,-1891.3333333333328,-0.015260972633768688,24.942125022411346,0.4893027953803539,0.09318661981524201,0.06266983691602945,1433,328.48785763125295,0.30826520919799805
1434,4394.31,1823.433333333332,6878.666666666666,100,100,1005,1.9315936310744997,6.844444444444444,2.132840633392334,-1823.433333333332,-0.010720191086875275,30.868187725543976,0.4584455322474241,0.03549060315344832,0.06597222236450762,1434,328.52233216858286,0.30826520919799805
1435,4396.907,1928.2733333333347,6937.0,100,100,1003,1.9277872400245037,6.916251246261217,2.1340858936309814,-1928.2733333333347,-0.015194998821243644,26.749720335006714,0.46329532843083143,0.04194150417606579,0.06318132253363729,1435,328.55639329789904,0.30826520919799805
1436,4399.525,1945.806666666667,7107.333333333333,100,100,1005,1.9378116425006322,7.071973466003317,2.1448328495025635,-1945.806666666667,-0.006872564437799156,23.40633487701416,0.4966796198859811,0.04882074116903823,0.06009114603511989,1436,328.5894251089959,0.30826520919799805
1437,4402.191,1872.17,7042.999999999995,100,100,1006,1.9721778339491582,7.000994035785284,2.180813789367676,-1872.17,-0.01853217778261751,27.627811670303345,0.42301703710108995,0.06424723446434655,0.07027004077099264,1437,328.61886059119297,0.30826520919799805
1438,4405.041,1899.4633333333331,6836.666666666664,100,100,1000,2.159257499151863,6.836666666666664,2.3566946983337402,-1899.4633333333331,-0.01504208502592519,20.054142504930496,0.519825597293675,0.04658820475378889,0.07685546885477379,1438,328.63323805631967,0.30826520919799805
1439,4407.906,1829.2566666666667,6978.333333333328,100,100,1001,2.177399300903149,6.971361971361966,2.37553071975708,-1829.2566666666667,-0.014774768584175035,24.152190774679184,0.4613862242549658,0.0314632377558155,0.07629096787422895,1439,328.6467868549951,0.30826520919799805
1440,4414.535,1868.2766666666682,6882.333333333333,100,100,1005,2.337544678770636,6.848092868988391,2.5467567443847656,-1868.2766666666682,-0.015594606753438711,28.553680658340454,0.4973359340801835,0.05960375281938468,0.06386718759313226,1440,328.64815406465664,0.30826520919799805
1441,4417.477,1970.5499999999997,7010.333333333333,100,100,1002,2.236724951064694,6.996340652029274,2.441972494125366,-1970.5499999999997,-0.01769788278033957,39.477505803108215,0.48933213390409946,0.11676943722341093,0.08161272329743952,1441,328.3890080768686,0.30826520919799805
1442,4420.361,1997.2833333333328,7070.999999999998,100,100,1001,2.1935216791752903,7.063936063936062,2.3928208351135254,-1997.2833333333328,-0.015331767965108156,33.93504822254181,0.47158572264015675,0.04077951827275683,0.05117425671778619,1442,328.4012119606458,0.30826520919799805
1443,4423.383,1868.9600000000003,7004.999999999998,100,100,1007,2.313492156665998,6.956305858987089,2.528149366378784,-1868.9600000000003,-0.01183781266445294,23.129917085170746,0.44659997802227736,0.04167270003381418,0.06697764282580465,1443,328.4045309073335,0.30826520919799805
1444,4426.41,1941.466666666667,7048.9999999999945,100,100,1005,2.3189918410301726,7.013930348258701,2.5304853916168213,-1941.466666666667,-0.01384046662133187,24.11217212677002,0.4226278569549322,0.02189820241983398,0.05926649330649525,1444,328.40701915570287,0.30826520919799805
1445,4429.332,1999.3366666666675,7092.6666666666715,100,100,1000,2.226907998439856,7.092666666666672,2.4297854900360107,-1999.3366666666675,-0.010697087156586349,31.565710842609406,0.4348943857476115,0.05542897977284156,0.06835937511641532,1445,328.41614171691845,0.30826520919799805
1446,4432.18,1973.9266666666672,7205.666666666667,100,100,1009,2.1362683838011827,7.141394119590354,2.358304262161255,-1973.9266666666672,-0.016089691140223294,33.1434480547905,0.45762902218848467,0.02122669001983013,0.04273955669486895,1446,328.43269883910835,0.30826520919799805
1447,4434.86,1950.9300000000005,6983.000000000002,100,100,1002,2.006387923255808,6.9690618762475065,2.2082791328430176,-1950.9300000000005,-0.02022502350155264,36.20482420921326,0.464344572275877,0.04048127046917216,0.05791945685632527,1447,328.46020212950174,0.30826520919799805
1448,4437.533,1990.14,7157.66666666667,100,100,1003,1.9966943183930541,7.1362578929877065,2.201037645339966,-1990.14,-0.011665839643683285,33.42141216993332,0.4446118324995041,0.21878378614928806,0.07391215488314629,1448,328.4883388845298,0.30826520919799805
1449,4440.224,1890.4899999999998,6949.0000000000055,100,100,1005,1.998066765589834,6.914427860696523,2.2033791542053223,-1890.4899999999998,-0.015818081592442468,26.903161346912384,0.3960948814637959,0.0604317529596301,0.06363932345993817,1449,328.51563591677166,0.30826520919799805
1450,4446.119,1989.076666666666,7125.333333333333,100,100,1007,1.9942388245317986,7.075802714333002,2.210204839706421,-1989.076666666666,-0.008675717690493912,38.367301523685455,0.3978740656748414,0.12319186457170872,0.06373628653818741,1450,328.54389324035094,0.30826520919799805
1451,4448.835,1846.9533333333322,6783.666666666668,100,100,1010,2.0103555452770157,6.716501650165018,2.2283430099487305,-1846.9533333333322,-0.01658729079645127,30.832723081111908,0.4287585774436593,0.04902817209222121,0.05257812491618097,1451,328.3331458651966,0.30826520919799805
1452,4451.496,1809.8666666666675,6763.6666666666715,100,100,1004,1.9828863524269698,6.736719787516605,2.1889474391937256,-1809.8666666666675,-0.011931637884117663,44.697125852108,0.3483935594558716,0.029745724154054187,0.07816938916221261,1452,328.36239007168757,0.30826520919799805
1453,4454.157,1869.2633333333338,6822.3333333333285,100,100,1003,1.9873590220196742,6.801927550681285,2.1892006397247314,-1869.2633333333338,-0.01521723804762587,31.45273244380951,0.405712665989995,0.016374937644286547,0.06855241674929857,1453,328.3914410727393,0.30826520919799805
1454,4456.828,2010.9966666666662,7087.0,100,100,1011,1.968220179706156,7.009891196834817,2.1940503120422363,-2010.9966666666662,-0.01888804795453325,35.9785435795784,0.400217198766768,0.02502096878379234,0.07717716018669307,1454,328.4214907946723,0.30826520919799805
1455,4459.489,1897.570000000001,6999.666666666666,100,100,1004,1.9792566715741522,6.971779548472775,2.1834185123443604,-1897.570000000001,-0.00784158316673711,25.614740550518036,0.42613099701702595,0.031305753538617864,0.050603693118318915,1455,328.4506682499784,0.30826520919799805
1456,4462.157,1986.940000000001,6917.333333333333,100,100,1006,1.9797718688886368,6.876076872100729,2.194823980331421,-1986.940000000001,-0.014811125467531383,35.184380650520325,0.4072958128526807,0.03031802373152459,0.0828592050820589,1456,328.4797090348701,0.30826520919799805
1457,4464.827,1940.9633333333331,6837.3333333333385,100,100,1011,1.9767563771659142,6.762940982525557,2.201002597808838,-1940.9633333333331,-0.011797723011113703,32.95685601234436,0.3975009201094508,0.08905534106452251,0.08695235941559076,1457,328.5097730664887,0.30826520919799805
1458,4467.47,1988.8900000000008,7194.999999999997,100,100,1009,1.959798810842038,7.130822596630324,2.1761298179626465,-1988.8900000000008,-0.010442851867992431,41.6361603140831,0.3722418127581477,0.06053558752682875,0.07154815044486895,1458,328.5411903457651,0.30826520919799805
1459,4470.122,1908.9366666666663,6882.333333333331,100,100,1011,1.965949061979806,6.807451368282226,2.184537649154663,-1908.9366666666663,-0.00799862082931213,29.646561950445175,0.36077519273385406,0.031811053173441906,0.08048023912124336,1459,328.5724442689083,0.30826520919799805
1460,4475.86,1921.1366666666675,7111.000000000001,100,100,1006,1.9543479111325182,7.068588469184892,2.163515329360962,-1921.1366666666675,-0.01151244470383972,35.51064521074295,0.425897765904665,0.10410904682066757,0.09330417797900736,1460,328.60328181769955,0.30826520919799805
1461,4478.541,2010.0200000000002,7226.333333333332,100,100,1010,1.9703595050712033,7.154785478547853,2.19305682182312,-2010.0200000000002,-0.010555401153396815,29.31158185005188,0.42633035592734814,0.046855269280058565,0.06937499972991645,1461,328.4049506944853,0.30826520919799805
1462,4481.231,1943.556666666666,7096.666666666667,100,100,1005,2.0060301515093046,7.061359867330017,2.213106870651245,-1943.556666666666,-0.015873170807026327,25.285015642642975,0.45249386690557003,0.06135645977337845,0.07337239594198763,1462,328.43209503872015,0.30826520919799805
1463,4483.865,1936.2799999999995,7002.666666666666,100,100,1008,1.9536572421895384,6.947089947089946,2.167732000350952,-1936.2799999999995,-0.01829259672376793,36.00244998931885,0.5187043743208051,0.014976495987866656,0.06917317723855376,1463,328.4639462607845,0.30826520919799805
1464,4486.49,1897.5266666666676,6938.333333333331,100,100,1010,1.936186338304588,6.869636963696368,2.152737855911255,-1897.5266666666676,-0.011000111815519631,33.68373703956604,0.4535094378516078,0.02138254798694561,0.06275390612427145,1464,328.49688430099,0.30826520919799805
1465,4489.111,1978.7933333333328,6970.999999999999,100,100,1003,1.9500531421710596,6.9501495513459615,2.1550183296203613,-1978.7933333333328,-0.014153309457469732,34.13153174519539,0.505286430940032,0.029912802470789757,0.06294285971671343,1465,328.52852552771503,0.30826520919799805
1466,4491.793,2008.8933333333334,7080.666666666667,100,100,1006,1.9789802169271746,7.0384360503644805,2.19252347946167,-2008.8933333333334,-0.009978649307413434,31.792877435684204,0.4929031655192375,0.05031860646704445,0.08733865479007363,1466,328.5562901669332,0.30826520919799805
1467,4494.412,2030.5299999999986,6997.666666666667,100,100,1007,1.9333956303267323,6.949023502151606,2.1493122577667236,-2030.5299999999986,-0.012191824615001678,30.69230043888092,0.6425494831055403,0.10764881382056046,0.06600108044221997,1467,328.5889031660703,0.30826520919799805
1468,4497.027,1975.5666666666675,7254.000000000005,100,100,1012,1.9259053359973233,7.167984189723325,2.148125171661377,-1975.5666666666675,-0.014466100779827684,27.237735986709595,0.6412333473563194,0.06347025301511167,0.06854717555688694,1468,328.6229120125433,0.30826520919799805
1469,4499.648,1942.893333333334,7270.333333333334,100,100,1008,1.9310149823829148,7.212632275132275,2.143559217453003,-1942.893333333334,-0.017861511354567483,27.875769436359406,0.6449201293289661,0.03652180476638023,0.08707682322710752,1469,328.6554523830183,0.30826520919799805
1470,4505.299,1962.0999999999992,6970.666666666668,100,100,1007,1.9271307856782294,6.92221118834823,2.1399824619293213,-1962.0999999999992,-0.015981996315531433,24.0034196972847,0.6085938876494765,0.06655941815552069,0.0642661233432591,1470,328.68765666473433,0.30826520919799805
1471,4507.95,1976.0166666666669,6926.333333333333,100,100,1004,1.9676630496301604,6.898738379814077,2.1739964485168457,-1976.0166666666669,-0.014597638277336955,33.2601677775383,0.48788761906325817,0.012613651848369045,0.09139737230725586,1471,328.4963283884125,0.30826520919799805
1472,4510.553,1900.1933333333334,6884.333333333332,100,100,1004,1.9335518918089212,6.856905710491366,2.1386971473693848,-1900.1933333333334,-0.014854962821118534,26.007538676261902,0.6024152357131243,0.040388838438957464,0.06942471605725586,1472,328.52932913822656,0.30826520919799805
1473,4513.17,1897.0233333333338,6945.33333333333,100,100,1004,1.9361662350973463,6.917662682602919,2.1381993293762207,-1897.0233333333338,-0.019447585858870298,27.906668663024902,0.5707396594807506,0.010585297484794864,0.07466264255344868,1473,328.561384703094,0.30826520919799805
1474,4515.846,1979.7533333333329,7054.000000000002,100,100,1013,1.9436679158299088,6.963474827245807,2.167558193206787,-1979.7533333333329,-0.016583870339673012,23.954993546009064,0.5954661704599857,0.008115698470646748,0.06634176010265946,1474,328.59090101916763,0.30826520919799805
1475,4518.491,1965.2533333333333,7039.666666666668,100,100,1011,1.9592998023573254,6.963072865150018,2.1800272464752197,-1965.2533333333333,-0.016286581310851034,33.15274089574814,0.5817224159836769,0.03778826364577981,0.07461129012517631,1475,328.6223198440712,0.30826520919799805
1476,4521.078,1902.3866666666681,6972.6666666666715,100,100,1009,1.9030545096765055,6.910472414932281,2.117283344268799,-1902.3866666666681,-0.019829611002933234,29.505785942077637,0.5905484473332763,0.014606498130888212,0.07297313457820565,1476,328.6574504729381,0.30826520919799805
1477,4523.877,1999.340000000003,7187.666666666672,100,100,1009,2.072574627886612,7.123554674595314,2.29154372215271,-1999.340000000003,-0.01985525549389422,35.64973258972168,0.6492847017943859,0.020352250422547513,0.07312260812614113,1477,328.677224283923,0.30826520919799805
1478,4527.028,1945.013333333332,7088.999999999998,100,100,1004,2.435483166204016,7.060756972111552,2.6460983753204346,-1945.013333333332,-0.015310409129597247,26.958084762096405,0.5988507531583309,0.015692839548137272,0.0635209521278739,1478,328.670121944652,0.30826520919799805
1479,4530.025,1918.9033333333346,6920.333333333332,100,100,1008,2.2662575386690036,6.865410052910052,2.4860012531280518,-1918.9033333333346,-0.015066411579027772,31.920242130756378,0.5728354845196009,0.023925353401864413,0.06168619793606922,1479,328.67519586237705,0.30826520919799805
1480,4536.658,1955.036666666668,6995.333333333332,100,100,1003,2.2120249223433888,6.974410103024259,2.420020580291748,-1955.036666666668,-0.012981783365830779,39.10778492689133,0.5622293101623654,0.010129108104592888,0.05878679174929857,1480,328.6847455190063,0.30826520919799805
1481,4539.821,1975.3466666666673,7147.666666666667,100,100,1005,2.425986669137518,7.112106135986734,2.642887592315674,-1975.3466666666673,-0.019368890789337456,28.04940438270569,0.5056280978024006,0.014788265762035735,0.08216145838377997,1481,328.40835567623776,0.30826520919799805
1482,4542.73,1829.013333333333,6785.999999999996,100,100,1010,2.2012832669061746,6.718811881188115,2.421588897705078,-1829.013333333333,-0.010315112944226712,27.758761405944824,0.5608674082905054,0.06552069979807129,0.07257812493480742,1482,328.4203391121703,0.30826520919799805
1483,4545.656,1975.7099999999994,6928.666666666669,100,100,1003,2.226644367627718,6.907942838152212,2.434990406036377,-1975.7099999999994,-0.009847635636106133,39.389920353889465,0.5805784622207284,0.025403508661838714,0.07174327760003507,1483,328.42959113939213,0.30826520919799805
1484,4548.776,1895.0066666666662,7009.333333333333,100,100,1006,2.3968712708849838,6.967528164347249,2.6112241744995117,-1895.0066666666662,-0.015211256803013384,34.83749061822891,0.5359430499374866,0.051839465799275786,0.08345363475382328,1484,328.42550748522314,0.30826520919799805
1485,4551.902,1981.7600000000007,7112.000000000004,100,100,1008,2.4079315463452424,7.055555555555559,2.6306405067443848,-1981.7600000000007,-0.01683726964984089,28.51385670900345,0.5210180515423417,0.047139029931713594,0.08610026049427688,1485,328.42137065284066,0.30826520919799805
1486,4554.876,2074.356666666667,7339.000000000003,100,100,1009,2.265022990060278,7.2735381565906865,2.4904816150665283,-2074.356666666667,-0.016136449477926362,52.2825168967247,0.610133028589189,0.019759410293772817,0.059301259578205645,1486,328.42845801434584,0.30826520919799805
1487,4557.85,1982.6766666666656,7012.0,100,100,1006,2.270807158576869,6.970178926441352,2.4867818355560303,-1982.6766666666656,-0.01735515281325206,31.191754400730133,0.5731188729405403,0.010490151129488368,0.06852921191602945,1487,328.434868386835,0.30826520919799805
1488,4560.629,1859.5566666666675,6976.0,100,100,1005,2.09086885692005,6.9412935323383085,2.298126697540283,-1859.5566666666675,-0.015321553102694452,28.395609080791473,0.5669793263077736,0.03087651367241051,0.07537977449828759,1488,328.45516171734664,0.30826520919799805
1489,4563.402,1889.8733333333325,6881.666666666662,100,100,1009,2.0598785894506633,6.820284109679546,2.276066303253174,-1889.8733333333325,-0.014108667674008757,32.09088158607483,0.5817162487655878,0.01610317952145124,0.07169762440025806,1489,328.4767520810075,0.30826520919799805
1490,4569.752,1836.316666666668,6987.000000000003,100,100,1007,2.2002913590979345,6.938430983118176,2.4112906455993652,-1836.316666666668,-0.018624746153363958,26.504224479198456,0.5499418890103698,0.035756580356974155,0.09280460420995951,1490,328.48864206788335,0.30826520919799805
1491,4572.583,1940.1333333333307,6992.666666666665,100,100,1005,2.1305148245359016,6.957877280265339,2.3399178981781006,-1940.1333333333307,-0.018529164313804358,23.98525160551071,0.5568051524460316,0.026058374118292704,0.06910807313397527,1491,328.25711544475627,0.30826520919799805
1492,4575.359,1936.496666666668,6963.333333333338,100,100,1006,2.065034691641518,6.921802518223994,2.276569366455078,-1936.496666666668,-0.010696232260670513,36.85851699113846,0.5059178778901696,0.019358338806341635,0.07409137225477025,1492,328.27784875330804,0.30826520919799805
1493,4578.246,1927.780000000001,6805.000000000002,100,100,1003,2.1988146562093975,6.784646061814558,2.4040582180023193,-1927.780000000001,-0.014320452057290822,26.312595635652542,0.516867988742888,0.11954790335221332,0.07220884785056114,1493,328.2898888280133,0.30826520919799805
1494,4581.206,1939.2966666666675,6993.33333333333,100,100,1007,2.2468005948401286,6.944720291294271,2.4640655517578125,-1939.2966666666675,-0.015379088988993317,24.443851053714752,0.494241445325315,0.10011149469937664,0.0736785238259472,1494,328.2976297674877,0.30826520919799805
1495,4584.172,1925.833333333334,6993.666666666668,100,100,1014,2.231344477323121,6.897107166337936,2.4646379947662354,-1925.833333333334,-0.016487836895976216,29.628480434417725,0.4610331207513809,0.034266402466528234,0.05931712978053838,1495,328.30639361042427,0.30826520919799805
1496,4587.319,1933.4900000000007,6981.333333333331,100,100,1002,2.4439044951548623,6.967398536260809,2.648608684539795,-1933.4900000000007,-0.01587100065080449,27.305929839611053,0.4719355832785368,0.053380458364699734,0.06917317729676142,1496,328.29968600214244,0.30826520919799805
1497,4590.35,1930.1500000000015,6950.000000000005,100,100,1010,2.3155734648393227,6.8811881188118855,2.5400428771972656,-1930.1500000000015,-0.01762866845820099,25.998101115226746,0.5538760917261243,0.02274716359897866,0.07886718737427145,1497,328.3028733289843,0.30826520919799805
1498,4593.214,1830.8999999999994,6894.999999999997,100,100,1005,2.1675093524593545,6.860696517412933,2.3737800121307373,-1830.8999999999994,-0.01841546449577436,25.327422201633453,0.5409278320148587,0.009928816747560631,0.08828125009313226,1498,328.31695225402524,0.30826520919799805
1499,4596.257,1888.4433333333354,6958.000000000006,100,100,1006,2.326639662367138,6.9165009940357915,2.540897846221924,-1888.4433333333354,-0.015202741604298353,41.863273441791534,0.5700151193886995,0.019076149648753926,0.05494225554866716,1499,328.31850054268045,0.30826520919799805
1500,4602.942,1905.7799999999997,7014.666666666667,100,100,1005,2.377155021097122,6.979767827529022,2.5888633728027344,-1905.7799999999997,-0.01905201398767531,34.7951175570488,0.5269136046990752,0.026204281995887868,0.08674045151565224,1500,328.3169712216424,0.30826520919799805
1501,4605.856,2058.4366666666674,7035.333333333335,100,100,1011,2.1885622150663555,6.9587866798549305,2.4176394939422607,-2058.4366666666674,-0.014223622798454016,39.20899027585983,0.5448519736528397,0.03967757944701589,0.053969439468346536,1501,328.07194860946294,0.30826520919799805
1502,4608.907,2033.45,7070.000000000003,100,100,1006,2.339611629697181,7.027833001988074,2.557894706726074,-2033.45,-0.016626526892650872,34.18075978755951,0.5411773109808564,0.019147964303556364,0.08139436150668189,1502,328.07299265829926,0.30826520919799805
1503,4612.118,1957.0900000000008,7214.333333333337,100,100,1011,2.480992977461353,7.1358391031981565,2.712860107421875,-1957.0900000000008,-0.017193786799907684,26.01981258392334,0.47744865622371435,0.06497457689692965,0.08853209274820983,1503,328.06378541510736,0.30826520919799805
1504,4614.837,1920.6066666666675,7150.0,100,100,1006,2.0254475159929775,7.107355864811133,2.233978271484375,-1920.6066666666675,-0.02022771825431846,23.511489689350128,0.4788999417796731,0.029755010720691644,0.07534391980152577,1504,328.0886043027722,0.30826520919799805
1505,4617.493,2019.7866666666669,7059.666666666669,100,100,1012,1.961271048030216,6.975955204216076,2.1878249645233154,-2019.7866666666669,-0.01206104620359838,28.289943277835846,0.4769464274868369,0.02375251899866271,0.08026592555688694,1505,328.11895767059735,0.30826520919799805
1506,4620.136,2007.3666666666672,7051.333333333332,100,100,1010,1.954809306788784,6.98151815181518,2.1767313480377197,-2007.3666666666672,-0.0023847611155360937,34.39263540506363,0.41640577372163534,0.008737904656300088,0.058027343708090484,1506,328.14987830167814,0.30826520919799805
1507,4622.775,2017.9333333333343,6988.000000000001,100,100,1004,1.9439275909179963,6.960159362549802,2.1524009704589844,-2017.9333333333343,-0.008796035719569772,35.11301237344742,0.5140647813677788,0.01664064739452442,0.06347656296566129,1507,328.179687487674,0.30826520919799805
1508,4625.395,1920.423333333335,7034.000000000002,100,100,1003,1.946221637109653,7.012961116650052,2.1480371952056885,-1920.423333333335,-0.011655186885036528,21.340413630008698,0.43145432136952877,0.0364875516606844,0.06832530908286572,1508,328.2106656650868,0.30826520919799805
1509,4628.109,1906.1466666666677,7007.333333333331,100,100,1007,2.005166433684069,6.958622972525651,2.2207391262054443,-1906.1466666666677,-0.011975036293733865,23.68099468946457,0.42209731321781874,0.03813524966608384,0.07256690465146676,1509,328.23579897074694,0.30826520919799805
1510,4633.862,1929.2133333333325,6884.66666666667,100,100,1008,1.9576005988277583,6.830026455026458,2.1715586185455322,-1929.2133333333325,-0.013959013624116778,33.74660873413086,0.4133818605914712,0.05974545485514682,0.0740559896803461,1510,328.2651495487887,0.30826520919799805
1511,4636.518,2031.1400000000012,7189.333333333334,100,100,1010,1.955398018956,7.118151815181519,2.17783522605896,-2031.1400000000012,-0.018088972152327187,34.63956558704376,0.4271894032135606,0.023407899832818657,0.09720703086350113,1511,328.0757469848713,0.30826520919799805
1512,4639.176,1913.056666666667,7184.000000000004,100,100,1007,1.9651136054475205,7.134061569016885,2.174670696258545,-1913.056666666667,-0.010928253410384059,21.08217978477478,0.4001064649783075,0.04322855761711253,0.06520113011356443,1512,328.10481791463013,0.30826520919799805
1513,4641.858,1931.0600000000006,7049.333333333335,100,100,1006,1.9915020861709212,7.007289595758782,2.203148126602173,-1931.0600000000006,-0.0159984344500117,27.739487171173096,0.3319380208849907,0.02839688631866011,0.06929347850382328,1513,328.1319818145699,0.30826520919799805
1514,4644.831,1904.2999999999995,7020.3333333333385,100,100,1010,2.2312098988424065,6.950825082508256,2.454925775527954,-1904.2999999999995,-0.010230072191916406,33.87056231498718,0.3809012961573899,0.04819231053988915,0.0670898436801508,1514,328.13935938063065,0.30826520919799805
1515,4647.886,1823.963333333331,6982.666666666665,100,100,1009,2.346783252114502,6.9203832177072995,2.564894437789917,-1823.963333333331,-0.013436930516036227,34.27149814367294,0.38153270818293095,0.031209300286718644,0.07957987859845161,1515,328.1407595590087,0.30826520919799805
1516,4650.832,2007.3633333333332,7143.333333333334,100,100,1007,2.23661847218368,7.093677590201921,2.455705404281616,-2007.3633333333332,-0.01171830331441015,32.337962210178375,0.3880624994635582,0.059738660012953915,0.08397398586384952,1516,328.1494503846358,0.30826520919799805
1517,4653.817,1838.4133333333336,6925.666666666666,100,100,1011,2.267415228467453,6.850313221233102,2.489997148513794,-1838.4133333333336,-0.009910932916682214,28.77860653400421,0.39656123518943787,0.036511743935989216,0.07119332120055333,1517,328.15618890755593,0.30826520919799805
1518,4656.691,1948.0700000000008,6989.333333333332,100,100,1003,2.1840918256463864,6.968428049185775,2.3935015201568604,-1948.0700000000008,-0.0137953917728737,29.57387888431549,0.36182714393362403,0.016654790550092002,0.08613054128363729,1518,328.16906505071705,0.30826520919799805
1519,4659.759,1859.5933333333326,6954.999999999997,100,100,1006,2.3656447315505273,6.913518886679918,2.578068494796753,-1859.5933333333326,-0.012947071925736964,27.747320592403412,0.396594749763608,0.04240834510710556,0.06413468084065244,1519,328.16888364025965,0.30826520919799805
1520,4666.245,1902.9533333333331,6886.000000000001,100,100,1003,2.2498914243742556,6.865403788634098,2.454019069671631,-1902.9533333333331,-0.01184281602036208,23.927690088748932,0.3855787366628647,0.018702284227401833,0.054653434082865715,1520,328.177227692802,0.30826520919799805
1521,4669.343,1975.593333333334,7149.666666666671,100,100,1005,2.358065669040256,7.1140961857379805,2.5718472003936768,-1975.593333333334,-0.010906039387919009,28.17002898454666,0.3567479788325727,0.10859768638329115,0.05926649319007993,1521,327.9253760720428,0.30826520919799805
1522,4672.421,1965.2166666666672,7068.0,100,100,1003,2.3766213376632153,7.046859421734796,2.586031198501587,-1965.2166666666672,-0.01498184265801683,27.538301318883896,0.4358901819214225,0.0663951407696004,0.08395030885003507,1522,327.923995759555,0.30826520919799805
1523,4675.13,1912.5033333333347,7037.333333333334,100,100,1008,2.021588788516561,6.981481481481482,2.2348694801330566,-1912.5033333333347,-0.013096087262965739,25.590185463428497,0.38181525748223066,0.013574434044130612,0.05647786473855376,1523,327.94962834014524,0.30826520919799805
1524,4677.811,1796.9999999999982,6761.666666666669,100,100,1004,1.9975744038950132,6.7347277556440925,2.197390556335449,-1796.9999999999982,-0.009656278241891414,26.120947539806366,0.37514222227036953,0.056023274058730976,0.06232244335114956,1524,327.97623772435077,0.30826520919799805
1525,4680.467,1853.493333333333,6913.66666666667,100,100,1005,1.9740696523838968,6.879270315091214,2.180222272872925,-1853.493333333333,-0.014639521250501275,29.257631480693817,0.5050554927438498,0.038748210012272466,0.0698025175370276,1525,328.0048904875873,0.30826520919799805
1526,4683.163,1888.560000000001,6903.666666666664,100,100,1007,2.000419164373324,6.855676928169478,2.213719367980957,-1888.560000000001,-0.019197447574697435,33.462620317935944,0.4817522009834647,0.08147106098476797,0.0592482544016093,1526,328.03104402731515,0.30826520919799805
1527,4685.832,2046.9733333333334,7190.666666666666,100,100,1003,1.9806244266419073,7.169159189099368,2.1869304180145264,-2046.9733333333334,-0.018375921295955777,28.21900188922882,0.5413629934191704,0.00868589206947945,0.06100109010003507,1527,328.05834813991953,0.30826520919799805
1528,4688.596,1805.57,6663.666666666668,100,100,1011,2.0408777457419656,6.591163864160898,2.2612993717193604,-1805.57,-0.019518463115673512,27.67468547821045,0.4858673606067896,0.034111851622924405,0.0747261798242107,1528,328.08050063754973,0.30826520919799805
1529,4691.291,1872.4066666666686,6940.333333333339,100,100,1009,1.9934403374781915,6.878427485959702,2.2069621086120605,-1872.4066666666686,-0.011661582684610039,36.93912374973297,0.45123577024787664,0.04117366939317435,0.07000358705408871,1529,328.1071248647209,0.30826520919799805
1530,4697.119,1875.4500000000005,6922.333333333332,100,100,1010,1.9654273277950833,6.853795379537953,2.180972099304199,-1875.4500000000005,-0.011177910724654794,25.100876480340958,0.4827335327863693,0.0313862205366604,0.049160156049765646,1530,328.1367145894,0.30826520919799805
1531,4699.818,1812.780000000002,6934.66666666667,100,100,1012,1.9762719389632815,6.852437417654812,2.1962544918060303,-1812.780000000002,-0.01647948261233978,26.501513183116913,0.5409066369757056,0.030849220624077134,0.054462139727547765,1531,327.9420639238266,0.30826520919799805
1532,4702.49,1872.9066666666672,7038.0,100,100,1005,1.9904594013550834,7.002985074626865,2.2014529705047607,-1872.9066666666672,-0.014651943405624479,26.15697082877159,0.5251821205019951,0.08781228915177053,0.06617838551755995,1532,327.9694039617232,0.30826520919799805
1533,4705.15,1963.3033333333335,7089.000000000003,100,100,1005,1.9738773127267164,7.053731343283585,2.1811323165893555,-1963.3033333333335,-0.018615200999192894,32.5632044672966,0.5068810563534498,0.03351841605763184,0.07111545151565224,1533,327.9976513509497,0.30826520919799805
1534,4707.839,1823.4799999999993,6681.999999999998,100,100,1008,1.9817584318280708,6.628968253968252,2.1941585540771484,-1823.4799999999993,-0.020242377795511857,31.422494173049927,0.5321570318192244,0.010196535782597493,0.0773111981106922,1534,328.0244166458253,0.30826520919799805
1535,4710.504,2009.5099999999993,7133.66666666667,100,100,1005,1.9793448746158042,7.09817578772803,2.1900603771209717,-2009.5099999999993,-0.01576789654791355,43.258660674095154,0.5104561820626259,0.02609282496632659,0.048394097248092294,1535,328.0521261145673,0.30826520919799805
1536,4713.183,1849.1133333333323,6624.66666666667,100,100,1011,1.9841592471713143,6.552588196505114,2.204035758972168,-1849.1133333333323,-0.016415140562457964,31.503262162208557,0.549619966186583,0.06546176987467334,0.06300742970779538,1536,328.0801996784296,0.30826520919799805
1537,4715.877,1952.1,7255.33333333333,100,100,1013,1.9902651534238343,7.162224415926288,2.2162275314331055,-1952.1,-0.014556391397491097,28.029198110103607,0.5156598947942257,0.02601695009798277,0.09144678665325046,1537,328.1075649850778,0.30826520919799805
1538,4718.605,1872.5200000000007,6942.333333333333,100,100,1010,1.9977646523690091,6.873597359735974,2.2170445919036865,-1872.5200000000007,-0.012081985303666443,34.4177103638649,0.5078002642840147,0.03361643265452585,0.06115234375465661,1538,328.13198164846955,0.30826520919799805
1539,4721.315,1858.3799999999987,6939.0,100,100,1011,1.9974002936342776,6.863501483679525,2.216076374053955,-1858.3799999999987,-0.014368582225870341,26.422269731760025,0.4874750291928649,0.028444437841244508,0.06716260738903657,1539,328.1576937816904,0.30826520919799805
1540,4727.152,1952.270000000001,7212.000000000001,100,100,1013,1.9655536038769816,7.119447186574532,2.192294120788574,-1952.270000000001,-0.01472161547280848,27.988384544849396,0.4996422613039613,0.0758784921199549,0.06634176010265946,1540,328.18692584363606,0.30826520919799805
1541,4729.825,1890.0266666666669,6943.333333333332,100,100,1011,1.960721660408161,6.867787668974612,2.181610584259033,-1890.0266666666669,-0.015514368540607393,32.17149204015732,0.5202119275927544,0.055615602439502254,0.08182061929255724,1541,327.9952427881291,0.30826520919799805
1542,4732.515,1882.4333333333332,6934.333333333332,100,100,1006,1.9979392666467808,6.8929754804506285,2.208164691925049,-1882.4333333333332,-0.019938533514505252,26.342813670635223,0.5273762298747897,0.024678502180904616,0.07271144696278498,1542,328.02138974867165,0.30826520919799805
1543,4735.14,1834.6700000000017,6741.999999999996,100,100,1005,1.9337359203062767,6.708457711442782,2.1363604068756104,-1834.6700000000017,-0.021102391299791634,32.57147943973541,0.5128379594534636,0.014361081972310785,0.08471137168817222,1543,328.0517378808717,0.30826520919799805
1544,4737.764,1928.546666666668,6909.3333333333385,100,100,1005,1.9346688553199765,6.874958540630187,2.1391870975494385,-1928.546666666668,-0.015558240469545126,26.725658237934113,0.5013749916106462,0.036110200384428026,0.07106119795935228,1544,328.082214107107,0.30826520919799805
1545,4740.36,1816.2933333333337,6830.333333333332,100,100,1004,1.919419424579594,6.803120849933598,2.121612071990967,-1816.2933333333337,-0.016689943498931825,29.857945561408997,0.526679702103138,0.03530576967750676,0.06205610791221261,1545,328.1143247788205,0.30826520919799805
1546,4742.978,1899.493333333334,7080.0,100,100,1009,1.9332715572061976,7.016848364717542,2.146472215652466,-1899.493333333334,-0.011412003135774285,25.721080124378204,0.46212850511074066,0.014642379639553837,0.08769132615998387,1546,328.1459272651577,0.30826520919799805
1547,4745.59,1895.2666666666673,6907.333333333335,100,100,1004,1.934931177875042,6.879814077025234,2.1402885913848877,-1895.2666666666673,-0.01370275704539381,38.19063192605972,0.525320440530777,0.005616813296001055,0.06285511376336217,1547,328.1769267643414,0.30826520919799805
1548,4748.257,1894.243333333333,6979.000000000001,100,100,1008,1.971027878180538,6.923611111111112,2.184445858001709,-1894.243333333333,-0.013687463128007948,29.652415454387665,0.51631292514503,0.006992360344156623,0.06787109409924597,1548,328.20485888475463,0.30826520919799805
1549,4750.855,1970.68,6881.0,100,100,999,1.932544747830832,6.887887887887888,2.1290547847747803,-1970.68,-0.014735317032318562,42.59288305044174,0.6223308835178614,0.008461799065116793,0.07100110198371112,1549,328.23567348143587,0.30826520919799805
1550,4756.499,2004.239999999998,6965.666666666666,100,100,1000,1.9330115020275116,6.9656666666666665,2.13374400138855,-2004.239999999998,-0.011466924916021526,47.21087992191315,0.5739935068413615,0.003250083751481725,0.06611328152939677,1550,328.26608873276945,0.30826520919799805
1551,4759.129,1928.1733333333343,7008.333333333332,100,100,1006,1.9271023859405079,6.96653412856196,2.1373729705810547,-1928.1733333333343,-0.01975535397650674,22.472827821969986,0.5081357760354877,0.01930198863556143,0.07398522447329015,1551,328.08649034566605,0.30826520919799805
1552,4761.761,1908.4600000000012,6793.333333333333,100,100,1005,1.9300752237151881,6.759535655058043,2.138373374938965,-1908.4600000000012,-0.016836971626617014,34.95760190486908,0.5515791177749634,0.026405258682643762,0.08332248288206756,1552,328.1161992249073,0.30826520919799805
1553,4764.635,1851.7533333333322,6862.33333333333,100,100,1012,2.1561474326294903,6.780961791831354,2.3801684379577637,-1851.7533333333322,-0.01494356052717194,38.368451952934265,0.5565910395234823,0.007670201564906165,0.07662259647622705,1553,328.1307178738867,0.30826520919799805
1554,4767.568,1940.356666666666,7056.999999999999,100,100,1008,2.1996972226632003,7.000992063492062,2.4194118976593018,-1940.356666666666,-0.016614731051959097,47.783815920352936,0.5810221247375011,0.015387171937618405,0.06933593784924597,1554,328.1402854877541,0.30826520919799805
1555,4770.69,1865.6100000000015,6990.000000000002,100,100,1004,2.392057867199405,6.962151394422313,2.600947856903076,-1865.6100000000015,-0.01583612716058269,27.46612238883972,0.6241804640740156,0.01869471913232701,0.10040838085114956,1555,328.1359691700208,0.30826520919799805
1556,4773.747,1986.9866666666678,7151.999999999998,100,100,1011,2.333853018638686,7.074183976261126,2.561872720718384,-1986.9866666666678,-0.01577838324010372,30.671130776405334,0.593222345225513,0.008126629305479582,0.0752336096484214,1556,328.1376021320308,0.30826520919799805
1557,4776.643,1910.996666666667,6850.333333333334,100,100,1007,2.1881460766617833,6.802714333002318,2.40478777885437,-1910.996666666667,-0.02024490130133927,38.46812701225281,0.5650376947596669,0.02287549299217062,0.07944439793936908,1557,328.14946474323983,0.30826520919799805
1558,4779.547,1916.7199999999982,6973.666666666667,100,100,1009,2.1671454921296482,6.911463495209779,2.387791872024536,-1916.7199999999982,-0.01721161528257653,40.27059870958328,0.6111963912844658,0.01509498508676188,0.07424864452332258,1558,328.16125944030966,0.30826520919799805
1559,4782.71,1961.1333333333334,7017.333333333338,100,100,1011,2.417621757438117,6.940982525552263,2.648390531539917,-1961.1333333333334,-0.014991054020356387,31.772288411855698,0.632920240983367,0.01023117231670767,0.07033164845779538,1559,328.1555612347213,0.30826520919799805
1560,4789.17,1973.7633333333347,7139.333333333334,100,100,1005,2.3371444781083817,7.103814262023218,2.549201011657715,-1973.7633333333347,-0.01594945468241349,24.48206052184105,0.6065080296248198,0.019856854269164614,0.06659071205649525,1560,328.1562925295721,0.30826520919799805
1561,4792.114,2012.6533333333336,7058.6666666666715,100,100,1006,2.214119479173117,7.016567263088143,2.432138442993164,-2012.6533333333336,-0.02316583355423063,36.27022409439087,0.5453104162588716,0.001893154731078539,0.06413468084065244,1561,327.93136581813644,0.30826520919799805
1562,4794.868,1880.793333333334,6827.33333333333,100,100,1005,2.052398607486961,6.793366500829184,2.2614426612854004,-1880.793333333334,-0.01684130256762728,26.29928982257843,0.6076168501749635,0.015364514700195286,0.06957465293817222,1562,327.9525306386022,0.30826520919799805
1563,4797.524,1992.236666666667,7055.66666666667,100,100,1003,1.976074076003227,7.0345629777334695,2.180839776992798,-1992.236666666667,-0.017736439767759293,34.88586986064911,0.5672365706413984,0.005003551719710231,0.08000999281648546,1563,327.9800171619311,0.30826520919799805
1564,4800.206,1922.2300000000005,7119.333333333334,100,100,1012,1.96681304359919,7.034914361001318,2.188281536102295,-1922.2300000000005,-0.018308626429643482,34.88335692882538,0.5894690062850714,0.005693816317943856,0.06959885847754776,1564,328.0075900917328,0.30826520919799805
1565,4802.854,1939.5700000000006,6952.333333333338,100,100,1006,1.9604729636152003,6.910868124585822,2.1697211265563965,-1939.5700000000006,-0.015344412939157337,28.10849690437317,0.6011320278048515,0.010837234985956457,0.06833814550191164,1565,328.03620088330337,0.30826520919799805
1566,4805.522,1993.1233333333344,7048.333333333337,100,100,1000,1.9886488993652165,7.0483333333333364,2.1887660026550293,-1993.1233333333344,-0.018017488589975983,31.65775829553604,0.6078302636742592,0.015465302340089693,0.06777343770954758,1566,328.06219259874274,0.30826520919799805
1567,4808.234,1868.6266666666666,6912.000000000002,100,100,1005,2.0111156226742772,6.877611940298509,2.219093084335327,-1868.6266666666666,-0.014739326317794621,27.826470732688904,0.5491840755566955,0.013249842631921638,0.06394314259523526,1567,328.08615986582055,0.30826520919799805
1568,4810.896,1849.523333333334,6970.0,100,100,1006,1.9741420482264953,6.928429423459245,2.1813995838165283,-1849.523333333334,-0.023527412762632594,25.856845378875732,0.5434582820162177,0.014023685187567025,0.08288043475477025,1568,328.11377521322163,0.30826520919799805
1569,4813.612,1782.5433333333322,6831.0,100,100,1013,2.0059048361811502,6.743336623889437,2.2250356674194336,-1782.5433333333322,-0.010215387563221157,24.55330902338028,0.5540330419316888,0.016115278893266805,0.06681161560118198,1569,328.13904789196863,0.30826520919799805
1570,4819.454,1962.023333333334,6781.333333333335,100,100,1004,1.9945775880385561,6.754316069057106,2.204838752746582,-1962.023333333334,-0.01847178628668189,31.492079257965088,0.5144655918702483,0.010957172758935485,0.06574041210114956,1570,328.16366302656263,0.30826520919799805
1571,4822.156,1926.1733333333336,7044.666666666667,100,100,1003,1.9985721834237917,7.023595879029578,2.2077884674072266,-1926.1733333333336,-0.020167286435025744,24.49775105714798,0.520691447891295,0.01348814196899184,0.06926780520007014,1571,327.973835679307,0.30826520919799805
1572,4824.869,1901.3299999999997,6895.999999999999,100,100,1009,1.9979487626459838,6.834489593657086,2.213904619216919,-1901.3299999999997,-0.0153759770328179,32.16751855611801,0.47432255651801825,0.012673674689722247,0.0682397959753871,1572,327.9986415679865,0.30826520919799805
1573,4827.537,2086.773333333334,7285.333333333335,100,100,1011,1.9654661712248678,7.2060666007253555,2.190643310546875,-2086.773333333334,-0.011575354175874963,33.25625205039978,0.5282063819468021,0.030120650808385108,0.0623946845298633,1573,328.02667286163313,0.30826520919799805
1574,4830.285,1867.6199999999994,6772.666666666665,100,100,1006,2.03200119152243,6.732273028495691,2.241779088973999,-1867.6199999999994,-0.014693835430080071,29.921318888664246,0.45607657730579376,0.02432321853848407,0.07360309106297791,1574,328.04833280728104,0.30826520919799805
1575,4832.946,1916.6899999999996,6765.666666666668,100,100,1005,1.976187264579186,6.732006633499172,2.18315052986145,-1916.6899999999996,-0.011669028492178768,35.10363167524338,0.4851751048117876,0.01671303004695801,0.0712673612870276,1575,328.07568229436515,0.30826520919799805
1576,4835.602,1985.6000000000004,7046.666666666662,100,100,1005,1.9684654713807563,7.011608623548918,2.1795670986175537,-1985.6000000000004,-0.007642627810128033,32.832001745700836,0.5044693239033222,0.021356304586333863,0.06263020844198763,1576,328.1032860777625,0.30826520919799805
1577,4838.266,1827.063333333334,7004.333333333334,100,100,1006,1.9675802173755812,6.962557985420809,2.1738951206207275,-1827.063333333334,-0.01574663890642114,35.26141268014908,0.4631428839638829,0.028526777714432683,0.08033288060687482,1577,328.13060444926623,0.30826520919799805
1578,4840.927,2016.563333333332,7208.333333333327,100,100,1010,1.9672717837994862,7.13696369636963,2.1878821849823,-2016.563333333332,-0.010457870492246002,38.134693920612335,0.47900670021772385,0.017689412779873237,0.06101562490221113,1578,328.1588415254967,0.30826520919799805
1579,4843.547,1888.2533333333338,7078.333333333334,100,100,1001,1.9503353666244345,7.071262071262072,2.144960641860962,-1888.2533333333338,-0.013010463968385011,19.478803277015686,0.5114919878542423,0.03210769235374755,0.07683879556134343,1579,328.1881001761134,0.30826520919799805
1580,4849.416,1908.3466666666668,6949.333333333338,100,100,1003,1.970353938364317,6.92854769026255,2.1728339195251465,-1908.3466666666668,-0.013243864086689427,29.988287270069122,0.5083199460059404,0.021885068708797917,0.06930187158286572,1580,328.2144026326662,0.30826520919799805
1581,4852.106,1973.6266666666675,7051.333333333337,100,100,1007,1.9860200611911456,7.002317113538567,2.202122449874878,-1973.6266666666675,-0.01905030576745048,34.87651175260544,0.5363866668194532,0.010423507970699575,0.06200132943922654,1581,328.02336297911063,0.30826520919799805
1582,4854.754,2013.5300000000018,7136.000000000001,100,100,1010,1.9251904948291803,7.065346534653466,2.1468491554260254,-2013.5300000000018,-0.00842949072830379,27.227589309215546,0.5886905575171113,0.010222537337540416,0.043378906208090484,1582,328.0524465870077,0.30826520919799805
1583,4857.354,1949.0633333333335,6982.999999999999,100,100,1007,1.9160478619549723,6.934458788480635,2.1253533363342285,-1949.0633333333335,-0.014012804836966097,32.97111678123474,0.5349047472700477,0.027852070237713633,0.07625498657580465,1583,328.0841497687809,0.30826520919799805
1584,4859.977,1995.3299999999986,7015.000000000001,100,100,1012,1.9202407103458883,6.9318181818181825,2.146085500717163,-1995.3299999999986,-0.015277575206710026,42.70873141288757,0.5951640401035547,0.014880998598528095,0.08086688711773604,1584,328.1153499241858,0.30826520919799805
1585,4862.598,1949.0166666666669,6956.000000000002,100,100,1004,1.9416796805084762,6.928286852589643,2.1446433067321777,-1949.0166666666669,-0.014413963595870882,35.44148921966553,0.6254671327769756,0.015503586626437027,0.05362215917557478,1585,328.14496577331937,0.30826520919799805
1586,4865.236,1971.9666666666662,7161.666666666667,100,100,1012,1.9281706535772756,7.076745718050066,2.1529171466827393,-1971.9666666666662,-0.017775196465663612,41.816751182079315,0.6688137836754322,0.019770854833041085,0.06035907473415136,1586,328.17501531513454,0.30826520919799805
1587,4867.841,1891.8099999999997,7072.666666666666,100,100,1005,1.9283763212916345,7.037479270315091,2.133600950241089,-1891.8099999999997,-0.015454385720659047,31.281829118728638,0.5368611495941877,0.04619818498395034,0.09504123288206756,1587,328.205838686071,0.30826520919799805
1588,4870.437,2069.876666666667,7176.000000000001,100,100,1004,1.9139089654997525,7.147410358565738,2.1224660873413086,-2069.876666666667,-0.015318874589866027,36.546568751335144,0.6459697419777513,0.01563812660606345,0.06800426146946847,1588,328.23710534642345,0.30826520919799805
1589,4873.034,1905.2200000000005,6847.999999999998,100,100,1010,1.9079260398993398,6.780198019801978,2.1237704753875732,-1905.2200000000005,-0.014918867935193703,31.105234682559967,0.6621958371251822,0.019550392687960993,0.06039062491618097,1589,328.2694228053093,0.30826520919799805
1590,4878.655,1929.0099999999998,6904.999999999999,100,100,1003,1.9234388837811804,6.884346959122631,2.1260859966278076,-1929.0099999999998,-0.018869477848056704,25.579579830169678,0.6587488111108541,0.014272415726736654,0.06637218373361975,1590,328.29928255287416,0.30826520919799805
1591,4881.28,1989.2100000000003,6914.333333333335,100,100,1004,1.921880674878677,6.886786188579019,2.1284897327423096,-1989.2100000000003,-0.019147996208630502,33.00811034440994,0.6193258026614785,0.01600380196396145,0.06378728710114956,1591,328.12599380837185,0.30826520919799805
1592,4884.145,2025.493333333334,7086.666666666666,100,100,1011,2.1329007934111988,7.009561490273656,2.3624515533447266,-2025.493333333334,-0.021599466796033084,35.09463769197464,0.6956323254853487,0.024922337346652057,0.079503676854074,1592,328.14056438966287,0.30826520919799805
1593,4887.372,2006.8433333333337,7179.999999999999,100,100,1007,2.4819806348319724,7.130089374379343,2.702925205230713,-2006.8433333333337,-0.017377069656504318,29.997958481311798,0.6919023655354977,0.009363546632812358,0.06737242336384952,1593,328.1299291185131,0.30826520919799805
1594,4890.316,1975.0733333333335,7049.333333333338,100,100,1011,2.216258160535036,6.972634355423677,2.4439706802368164,-1975.0733333333335,-0.015194107050774619,31.82993972301483,0.6485270000994205,0.018382686263066716,0.08364928024820983,1594,328.13913671310024,0.30826520919799805
1595,4893.239,2005.9100000000012,6938.333333333332,100,100,1006,2.2007488078811757,6.896951623591781,2.419330596923828,-2005.9100000000012,-0.010220987256616354,33.90972536802292,0.704361679032445,0.015360792775027221,0.09555451781488955,1595,328.14872980265716,0.30826520919799805
1596,4896.397,1892.5599999999995,6773.666666666665,100,100,1004,2.4369294822180785,6.746679946879149,2.6465485095977783,-1892.5599999999995,-0.01744171848986298,23.557849556207657,0.6922004902735353,0.013184968524001306,0.07794744335114956,1596,328.1420969834084,0.30826520919799805
1597,4899.624,1956.7166666666678,7266.3333333333385,100,100,1014,2.482695662309976,7.166009204470748,2.72082257270813,-1956.7166666666678,-0.011169363278895617,40.20386207103729,0.71501106582582,4.4806263758800924e-05,0.07573784736450762,1597,328.1329525119263,0.30826520919799805
1598,4902.557,1955.056666666667,6933.000000000004,100,100,1008,2.2008025785215155,6.877976190476194,2.4186346530914307,-1955.056666666667,-0.01849056500941515,34.83188396692276,0.7368554957211018,0.007395249715045793,0.06966145837213844,1598,328.14231546421604,0.30826520919799805
1599,4905.436,2001.250000000001,7210.666666666668,100,100,1005,2.152885371397495,7.1747927031509136,2.362802028656006,-2001.250000000001,-0.019733308407012373,40.21204072237015,0.7238400243222713,0.017862018932646606,0.09041883703321218,1599,328.1545275287617,0.30826520919799805
1600,4912.324,1898.1666666666672,6930.666666666671,100,100,1010,2.4035743566801644,6.862046204620466,2.6277945041656494,-1898.1666666666672,-0.014470881200395525,35.60885143280029,0.6915891319513321,0.01209330688288901,0.07013671833556145,1600,328.15014867826795,0.30826520919799805
1601,4915.284,1905.8966666666684,7016.333333333334,100,100,1011,2.2390922843538497,6.939993405868777,2.4621071815490723,-1905.8966666666684,-0.01968866027891636,32.371706902980804,0.672570638358593,0.0037774223455926403,0.08657896774820983,1601,327.9082967589747,0.30826520919799805
1602,4918.227,1996.653333333332,7172.999999999997,100,100,1010,2.2118310877444722,7.101980198019799,2.4376819133758545,-1996.653333333332,-0.01494459091918543,30.27853363752365,0.6294412231072783,0.028185090617625974,0.08787109353579581,1602,327.91732936005,0.30826520919799805
1603,4921.023,1873.306666666665,6927.999999999996,100,100,1009,2.0910942504954098,6.866204162537162,2.3073127269744873,-1873.306666666665,-0.020593945984728634,37.76707589626312,0.5878692837432027,-0.00022134403843665496,0.0789819834753871,1603,327.9360889550211,0.30826520919799805
1604,4923.82,1991.1199999999997,7050.3333333333385,100,100,1010,2.0503883159000167,6.980528052805286,2.2720577716827393,-1991.1199999999997,-0.018563329591415823,27.368949949741364,0.5953424954786897,0.011428915451688226,0.09044921863824129,1604,327.95491832512056,0.30826520919799805
1605,4926.772,1899.996666666667,7051.666666666667,100,100,1008,2.228797124333805,6.995701058201059,2.4482994079589844,-1899.996666666667,-0.016181469429284334,26.942259669303894,0.5365648362785578,0.016802124449895928,0.0830078125,1605,327.96298559369484,0.30826520919799805
1606,4929.774,1869.34,6984.999999999996,100,100,1007,2.2895035754506363,6.936444885799401,2.505720615386963,-1869.34,-0.017749125778209418,28.78172415494919,0.5840444723144174,0.017616933309909655,0.07567320461384952,1606,327.96758585508434,0.30826520919799805
1607,4932.622,2059.583333333333,7102.333333333331,100,100,1007,2.1358541198640824,7.052962595167161,2.3542215824127197,-2059.583333333333,-0.014846387784928083,36.49296432733536,0.6259274017065763,0.012713142357824836,0.09032164211384952,1607,327.98234544576667,0.30826520919799805
1608,4935.396,1930.5566666666664,6931.666666666668,100,100,1010,2.0514021780904343,6.8630363036303645,2.2698373794555664,-1930.5566666666664,-0.017193366773426533,29.481340289115906,0.6196889858692884,0.01370056808082154,0.08779296837747097,1608,328.0026765870561,0.30826520919799805
1609,4938.218,1992.4566666666672,7123.666666666665,100,100,1007,2.1165416091810005,7.074147633234027,2.3319923877716064,-1992.4566666666672,-0.008105249580694363,34.96845144033432,0.5890573021024466,0.03291426382929785,0.07887300522997975,1609,328.0191444731551,0.30826520919799805
1610,4944.764,2005.4500000000012,7043.666666666666,100,100,1012,2.217368677045907,6.9601449275362315,2.445728063583374,-2005.4500000000012,-0.014524989761412144,29.01471745967865,0.6501982919871807,0.04274037560753641,0.10422926698811352,1610,328.0282272858789,0.30826520919799805
1611,4947.924,1901.186666666665,6966.333333333334,100,100,1011,2.420423640943253,6.890537421694693,2.6454594135284424,-1901.186666666665,-0.017546547402162105,31.293497443199158,0.6270328126847744,0.029772542817227077,0.0780196845298633,1611,327.7845457727125,0.30826520919799805
1612,4950.89,2071.083333333333,7039.666666666667,100,100,1002,2.250515666702937,7.025615435795077,2.4603488445281982,-2071.083333333333,-0.017110724991653115,49.25644463300705,0.65250732190907,0.012470440349716228,0.08870442723855376,1612,327.7905578204371,0.30826520919799805
1613,4953.805,1980.6566666666686,7012.333333333337,100,100,1008,2.189457440210159,6.9566798941798975,2.40971302986145,-1980.6566666666686,-0.013456551401759498,22.396596014499664,0.6741659138351679,0.013063584745395929,0.0791015625,1613,327.801174444108,0.30826520919799805
1614,4956.831,1836.1333333333337,6950.000000000005,100,100,1007,2.2934729869448782,6.9016881827209575,2.50957989692688,-1836.1333333333337,-0.015718594600912184,36.85800886154175,0.5498743625357747,0.010156032643863,0.06311294878832996,1614,327.80422343691754,0.30826520919799805
1615,4959.973,2016.4200000000005,7144.333333333335,100,100,1006,2.4161559630742677,7.101722995361168,2.635037660598755,-2016.4200000000005,-0.01159486552933231,31.463069796562195,0.5717649646103382,-0.0009884408536890987,0.07097061834065244,1615,327.79942635918843,0.30826520919799805
1616,4962.943,1902.4699999999998,7224.333333333337,100,100,1008,2.252659722880852,7.166997354497358,2.4727609157562256,-1902.4699999999998,-0.013050785375526175,25.912744283676147,0.5601824941113591,0.03590453879587585,0.0716145837213844,1616,327.8062951928373,0.30826520919799805
1617,4965.885,1977.330000000001,6974.333333333335,100,100,1009,2.222792567118515,6.9121242153947815,2.4449808597564697,-1977.330000000001,-0.0022423426271416247,39.317512810230255,0.47454258147627115,0.03727375603921246,0.07976921228691936,1617,327.81526496770596,0.30826520919799805
1618,4968.884,1936.416666666666,6956.000000000003,100,100,1005,2.2830751246137924,6.921393034825873,2.4963762760162354,-1936.416666666666,-0.014096909668296576,26.295988857746124,0.5658331131562591,0.03131595019658562,0.08738064242061228,1618,327.81968492678055,0.30826520919799805
1619,4972.121,2003.823333333334,7144.333333333334,100,100,1010,2.485197627372892,7.073597359735974,2.715857744216919,-2003.823333333334,-0.016204733459744602,33.57804548740387,0.5136509062722325,0.011612260466790758,0.06882812490221113,1619,327.8093964091005,0.30826520919799805
1620,4977.969,2000.0166666666657,7008.66666666667,100,100,1012,2.0429533583032917,6.925559947299081,2.270449638366699,-2000.0166666666657,-0.009645558311603963,32.53040987253189,0.5533725041896105,0.026293083839846076,0.08312049333471805,1620,327.830652992677,0.30826520919799805
1621,4980.607,1988.21,7080.66666666667,100,100,1007,1.9426505462161996,7.0314465408805065,2.1565542221069336,-1988.21,-0.01412403685390018,33.071482717990875,0.5571320150047541,0.015995607693184866,0.06457779253832996,1621,327.65621677222106,0.30826520919799805
1622,4983.262,1994.1066666666657,7072.666666666668,100,100,1007,1.9473701079867136,7.02350215160543,2.162888288497925,-1994.1066666666657,-0.013046724547166377,31.923460721969604,0.6239948449656367,0.032801914057927206,0.06973071797983721,1622,327.6837850461764,0.30826520919799805
1623,4985.909,1863.5299999999997,6849.666666666669,100,100,1008,1.959759324751166,6.795304232804235,2.170804500579834,-1863.5299999999997,-0.01405976980458945,32.15213006734848,0.5886842217296362,0.021456353468238376,0.06363932322710752,1623,327.7119315337675,0.30826520919799805
1624,4988.586,1950.7833333333342,7030.999999999995,100,100,1012,1.9494508919508562,6.947628458498019,2.171813488006592,-1950.7833333333342,-0.012353382771834731,27.5964635014534,0.5489731999114156,0.023977465905772988,0.05446213961113244,1624,327.73898961949783,0.30826520919799805
1625,4991.264,1938.696666666667,6832.333333333334,100,100,1012,1.9673965406593068,6.751317523056654,2.1891438961029053,-1938.696666666667,-0.013165883312467486,33.38658690452576,0.5351204490289092,0.04922366445680382,0.06828425510320812,1625,327.7658748223385,0.30826520919799805
1626,4993.924,1930.9833333333343,6986.333333333337,100,100,1010,1.9643710868543771,6.917161716171621,2.182487726211548,-1930.9833333333343,-0.014194946503266692,31.158849716186523,0.5211409740149975,0.047982474745367654,0.07894531229976565,1626,327.7935083011561,0.30826520919799805
1627,4996.573,1911.2633333333347,6944.333333333338,100,100,1010,1.9556092075302753,6.87557755775578,2.1711864471435547,-1911.2633333333347,-0.009759911568835378,33.08161950111389,0.5488267643377185,0.021012186771258712,0.05501953116618097,1627,327.82192987449224,0.30826520919799805
1628,4999.241,1903.5733333333324,6873.666666666668,100,100,1014,1.948878697750638,6.7787639710716645,2.174705743789673,-1903.5733333333324,-0.013316759606823325,31.407273769378662,0.5599447153508663,0.03853120632993523,0.08195891208015382,1628,327.84975767032637,0.30826520919799805
1629,5001.949,1958.7933333333335,7003.333333333338,100,100,1010,1.9826143561622662,6.933993399339938,2.2048535346984863,-1958.7933333333335,-0.011038995813578367,20.57076695561409,0.6693930523470044,0.03766194558920688,0.05667968722991645,1629,327.8742029608669,0.30826520919799805
1630,5008.539,1934.506666666666,7041.666666666668,100,100,1010,2.2378627729537612,6.9719471947194736,2.4628372192382812,-1934.506666666666,-0.015845912508666515,35.171301424503326,0.6157587300986052,0.012292959814658388,0.05919921863824129,1630,327.88162430833086,0.30826520919799805
1631,5011.506,1896.423333333331,6946.333333333327,100,100,1009,2.2282153614902844,6.884373967624704,2.4480998516082764,-1896.423333333331,-0.019259372318629175,27.322745263576508,0.6078807413578033,0.014699237428430934,0.0682397959753871,1631,327.65183200559096,0.30826520919799805
1632,5014.453,1864.8699999999994,6905.666666666664,100,100,1007,2.206132473015294,6.857663025488247,2.416504383087158,-1864.8699999999994,-0.012081463588401675,26.863352745771408,0.5229341220110655,0.046436085445748176,0.07119556178804487,1632,327.6600716046663,0.30826520919799805
1633,5017.435,1818.11,6813.000000000003,100,100,1011,2.2463250224055717,6.738872403560833,2.474429130554199,-1818.11,-0.016893537540454417,25.992994785308838,0.5713393501937389,0.024249622190836817,0.07203584566013888,1633,327.66683160545676,0.30826520919799805
1634,5020.546,1919.2166666666678,6876.333333333334,100,100,1010,2.380736237207409,6.808250825082509,2.6057543754577637,-1919.2166666666678,-0.010885094292461872,22.322560369968414,0.5197549927979708,0.14500486970609927,0.07111328095197678,1634,327.6649747099554,0.30826520919799805
1635,5023.48,1883.743333333332,6982.666666666666,100,100,1008,2.2056162696182064,6.927248677248676,2.42132830619812,-1883.743333333332,-0.014131217962130904,22.639624387025833,0.5571990357711911,0.07495238817136851,0.053710937732830644,1635,327.6742126466778,0.30826520919799805
1636,5026.403,1868.1666666666665,7017.333333333334,100,100,1009,2.1986188304705623,6.954740667327387,2.4154341220855713,-1868.1666666666665,-0.02159641607431695,21.310715466737747,0.588121603243053,0.06516882494906895,0.10737205017358065,1636,327.6844495819354,0.30826520919799805
1637,5029.452,1892.146666666666,6885.333333333334,100,100,1008,2.3392737110418875,6.830687830687832,2.5583484172821045,-1892.146666666666,-0.011578223668038845,26.690165996551514,0.5385452685877681,0.03753678901557578,0.10107421909924597,1637,327.68618337406554,0.30826520919799805
1638,5032.554,1798.673333333334,6753.999999999998,100,100,1008,2.386984622197425,6.700396825396823,2.6040456295013428,-1798.673333333334,-0.015353020338807255,23.58925211429596,0.4804952144622803,0.08829864085419104,0.06982421875,1638,327.6845135351759,0.30826520919799805
1639,5035.291,1965.520000000001,7117.666666666668,100,100,1009,2.019328145749638,7.054179055170136,2.239574432373047,-1965.520000000001,-0.018557415227405727,28.940400421619415,0.6027935761958361,0.03677437770238612,0.0628687022253871,1639,327.7067757764914,0.30826520919799805
1640,5041.132,1921.5299999999995,7083.333333333335,100,100,1010,2.0050177238835483,7.013201320132015,2.2241389751434326,-1921.5299999999995,-0.013201471767388284,32.68775540590286,0.5495664859190583,0.024054726627582568,0.07845703104976565,1640,327.7312574923173,0.30826520919799805
1641,5043.868,2032.4499999999982,7232.666666666662,100,100,1011,2.010060235918762,7.153972964061981,2.2355268001556396,-2032.4499999999982,-0.014096728002186865,40.94804435968399,0.5424243165180087,0.03885648536379449,0.09182559757027775,1641,327.55018817397035,0.30826520919799805
1642,5046.602,1988.6166666666677,7122.333333333334,100,100,1002,2.0400653710586956,7.108117099135064,2.245001792907715,-1988.6166666666677,-0.016929966030147625,25.993472576141357,0.6195470616221428,0.021274650418490637,0.0833798365201801,1642,327.5712988432523,0.30826520919799805
1643,5049.374,1930.1433333333332,6855.333333333329,100,100,1007,1.9935114205608657,6.807679576299234,2.2072384357452393,-1930.1433333333332,-0.017443302378524095,28.30489557981491,0.5124260541051626,0.04479726196950651,0.08362076105549932,1643,327.5909365532756,0.30826520919799805
1644,5052.065,1945.699999999999,7064.000000000002,100,100,1014,1.9855298823125924,6.966469428007891,2.2131547927856445,-1945.699999999999,-0.021002530644182116,36.310298919677734,0.5598200624808669,0.012924067268613726,0.070601852145046,1644,327.6170968901289,0.30826520919799805
1645,5054.766,2026.0199999999995,7028.999999999999,100,100,1008,1.9818079345563928,6.973214285714285,2.2004847526550293,-2026.0199999999995,-0.015576384321320802,33.45232158899307,0.5461186310276389,0.022889548818056937,0.0859375,1645,327.64150788941095,0.30826520919799805
1646,5057.448,1954.2033333333334,7067.333333333335,100,100,1006,1.9883229613635562,7.025182239893971,2.202458381652832,-1954.2033333333334,-0.013789279386401176,30.391880929470062,0.5744649898260832,0.0217534294934012,0.11408797558397055,1646,327.6666218510112,0.30826520919799805
1647,5060.158,2012.953333333334,7141.999999999999,100,100,1010,2.0064465332739423,7.0712871287128705,2.227552652359009,-2012.953333333334,-0.018570284359157085,42.5240221619606,0.5984376231208444,0.016361792462703306,0.07035156234633178,1647,327.6907634363892,0.30826520919799805
1648,5062.865,2040.5933333333346,7300.333333333335,100,100,1012,1.9877951570580392,7.21376811594203,2.213758707046509,-2040.5933333333346,-0.015920696139801294,33.496170938014984,0.5207100119441748,0.020732330089231255,0.0708759015542455,1648,327.71543421996785,0.30826520919799805
1649,5065.539,1862.6333333333334,7017.000000000004,100,100,1011,1.9720272996124806,6.940652818991102,2.18916916847229,-1862.6333333333334,-0.018136075930669904,29.90016883611679,0.497321886010468,0.03637412858370226,0.0862055760808289,1649,327.74205209226926,0.30826520919799805
1650,5071.331,1882.98,6933.333333333333,100,100,1007,1.97483595105049,6.885137371731214,2.1853628158569336,-1882.98,-0.009556304721627384,35.97487962245941,0.5463197883218527,0.012601835253008176,0.07186045532580465,1650,327.7673138385301,0.30826520919799805
1651,5074.015,2063.1166666666672,7127.000000000001,100,100,1009,1.9733219036446632,7.06342913776016,2.195180892944336,-2063.1166666666672,-0.014630532881710678,33.10772866010666,0.6162685751914978,0.028276830944378162,0.07594268175307661,1651,327.5918714229627,0.30826520919799805
1652,5076.726,2006.1466666666645,7148.666666666667,100,100,1010,1.9765910883849063,7.077887788778878,2.2000985145568848,-2006.1466666666645,-0.004400378267746419,28.63787630200386,0.6365609522908926,0.032214422593824565,0.07154296862427145,1652,327.6158487305829,0.30826520919799805
1653,5079.382,1913.123333333334,6776.33333333333,100,100,1002,1.9684178651749211,6.762807717897536,2.173377275466919,-1913.123333333334,-0.013313984032720327,32.44090008735657,0.6268602330237627,0.030423099400650244,0.07628813257906586,1653,327.64180033571785,0.30826520919799805
1654,5082.095,1838.4766666666653,6996.666666666669,100,100,1017,1.9863358907806326,6.879711569977059,2.217038631439209,-1838.4766666666653,-0.01623796662897803,37.89931118488312,0.6202011071145535,0.06456660312687745,0.09190823743119836,1654,327.66702197730206,0.30826520919799805
1655,5084.786,1964.9966666666671,6893.333333333331,100,100,1006,1.9809689861583426,6.852220013253809,2.1917855739593506,-1964.9966666666671,-0.008586773532442749,24.884792864322662,0.662348672747612,0.014532643333950546,0.10901409666985273,1655,327.69146603672385,0.30826520919799805
1656,5087.535,1992.0333333333347,7171.333333333333,100,100,1011,2.03948358267741,7.093306956808441,2.260603666305542,-1992.0333333333347,-0.018813662114553154,29.160347759723663,0.6796888094395399,0.010666941314411815,0.07362515345448628,1656,327.7131083852825,0.30826520919799805
1657,5090.217,1978.5933333333326,7046.666666666665,100,100,1004,1.9613963148771856,7.018592297476758,2.169381618499756,-1978.5933333333326,-0.015171251012361608,27.53312236070633,0.6304435823112726,0.014786644911509939,0.08456143457442522,1657,327.7377252114903,0.30826520919799805
1658,5092.882,1904.7699999999988,6932.666666666667,100,100,1004,1.9718764936069093,6.905046480743692,2.178051233291626,-1904.7699999999988,-0.018056891567539424,27.15400466322899,0.5930230179801583,0.017593456530448748,0.07346413377672434,1658,327.76335448449606,0.30826520919799805
1659,5095.541,1812.5966666666675,6754.33333333333,100,100,1005,1.952491046754245,6.720729684908786,2.1574079990386963,-1812.5966666666675,-0.01713068742537871,34.620669305324554,0.5337568819522858,0.01429506628846866,0.09064670145744458,1659,327.78953837411393,0.30826520919799805
1660,5101.227,1922.45,6976.66666666667,100,100,1010,1.9386382159168398,6.9075907590759105,2.157708168029785,-1922.45,-0.01679219672223553,30.512051343917847,0.5534312045201659,0.022887350103701465,0.07615234353579581,1660,327.8172818690457,0.30826520919799805
1661,5103.876,2027.8199999999995,7161.66666666667,100,100,1008,1.9355540672901073,7.104828042328045,2.1550769805908203,-2027.8199999999995,-0.018652938451850787,36.18923944234848,0.5884770462289453,0.01647449709707871,0.08870442723855376,1661,327.6496099227938,0.30826520919799805
1662,5106.55,1988.3399999999995,7108.666666666662,100,100,1008,1.9652069430097951,7.052248677248673,2.1823906898498535,-1988.3399999999995,-0.01718773227185011,33.27207654714584,0.5650432575494051,0.028562278210301884,0.08072916697710752,1662,327.67548054337453,0.30826520919799805
1663,5109.214,1885.7366666666662,7024.3333333333285,100,100,1008,1.951960318062144,6.968584656084651,2.165801525115967,-1885.7366666666662,-0.014965465641580522,27.21980419754982,0.4879099605605006,0.02538349185124389,0.09423828125,1663,327.7018799559377,0.30826520919799805
1664,5111.815,1866.7766666666687,6797.000000000001,100,100,1002,1.9247215563020559,6.783433133732536,2.1221139430999756,-1866.7766666666687,-0.022954586311243474,31.402522206306458,0.5493511622771621,0.023403861920087365,0.08751860144548118,1664,327.73115525061,0.30826520919799805
1665,5114.43,1947.6366666666672,7114.66666666667,100,100,1013,1.9175575513793532,7.0233629483382725,2.1387810707092285,-1947.6366666666672,-0.018819369084667414,38.37674921751022,0.6159289758652449,0.024474845369695686,0.09085716400295496,1665,327.7616320311597,0.30826520919799805
1666,5117.05,1971.6433333333332,7020.999999999998,100,100,1006,1.9326538767963721,6.979125248508945,2.1412158012390137,-1971.6433333333332,-0.0177083401940763,29.200670421123505,0.5204524109140038,0.02810083417716669,0.10279381822329015,1666,327.79044169039526,0.30826520919799805
1667,5119.679,1877.6199999999997,6780.333333333334,100,100,1007,1.923674377201212,6.733200926845416,2.1347482204437256,-1877.6199999999997,-0.018470959272235632,29.574366629123688,0.6071488270536065,0.008771077978963149,0.07314868667162955,1667,327.81887550124475,0.30826520919799805
1668,5122.319,1956.24,7096.999999999998,100,100,1009,1.9402929606623172,7.033696729435082,2.1582977771759033,-1956.24,-0.020292480592615902,22.860804170370102,0.5773472860455513,0.03152421511913417,0.0879603794310242,1668,327.8468289833102,0.30826520919799805
1669,5125.211,1903.286666666666,6976.66666666667,100,100,1010,2.170141483541799,6.9075907590759105,2.388770341873169,-1903.286666666666,-0.016219525889027864,37.13002932071686,0.49796629697084427,0.016398518171627074,0.07748046866618097,1669,327.85890196915426,0.30826520919799805
1670,5131.819,2004.7766666666682,7048.999999999999,100,100,1006,2.264122960873311,7.006958250497017,2.4819788932800293,-2004.7766666666682,-0.018844241800252348,25.044259816408157,0.6357017047703266,0.031408636445121374,0.08071501390077174,1670,327.8638409634662,0.30826520919799805
1671,5134.874,1892.6066666666673,6946.666666666666,100,100,1006,2.3250512905589216,6.905235255135851,2.5415122509002686,-1892.6066666666673,-0.011980456465607858,24.263932943344116,0.5035533905029297,0.01995768921005947,0.08549167821183801,1671,327.6337370293233,0.30826520919799805
1672,5137.769,1955.1633333333325,7168.999999999998,100,100,1007,2.1659665327850273,7.119165839126115,2.384317636489868,-1955.1633333333325,-0.014434347103815526,31.087962865829468,0.5097586140036583,0.0433293566784414,0.06231299845967442,1672,327.6452000204561,0.30826520919799805
1673,5140.729,1899.6166666666672,6887.333333333333,100,100,1008,2.2386483120961143,6.832671957671957,2.4575295448303223,-1899.6166666666672,-0.01886333792936057,31.035716950893402,0.47646609507501125,0.03357485946617089,0.08382161491317675,1673,327.65258006645263,0.30826520919799805
1674,5143.825,1923.3833333333332,6780.666666666665,100,100,1004,2.3764584660372394,6.753652058432934,2.584618091583252,-1923.3833333333332,-0.021414586633909494,24.063503801822662,0.5313471062108874,0.03112391275135451,0.08846768480725586,1674,327.6505408449423,0.30826520919799805
1675,5146.924,2014.5833333333348,7146.333333333338,100,100,1008,2.3794974210128808,7.089616402116406,2.6005237102508545,-2014.5833333333348,-0.014505814528092742,32.09822714328766,0.5308611886575818,0.028167249296529917,0.072265625,1675,327.6490892142458,0.30826520919799805
1676,5149.865,1932.563333333332,7092.666666666668,100,100,1011,2.2173983184943156,7.015496208374548,2.441277265548706,-1932.563333333332,-0.015129350475035608,24.405352115631104,0.4686390105634928,0.04121488051532651,0.07581763190682977,1676,327.65828541461576,0.30826520919799805
1677,5152.77,1799.5333333333335,6824.999999999999,100,100,1007,2.187632175500929,6.777557100297914,2.3982717990875244,-1799.5333333333335,-0.008370028575882316,32.519715785980225,0.3916180953383446,0.054404003316449234,0.07651471043936908,1677,327.66901214444016,0.30826520919799805
1678,5155.475,1856.9100000000008,6806.999999999997,100,100,1010,2.0060726734210212,6.739603960396037,2.222475051879883,-1856.9100000000008,-0.013646594830788672,35.65395933389664,0.3902038400992751,0.02102216158527881,0.07851562497671694,1678,327.69301239622143,0.30826520919799805
1679,5158.185,1970.7633333333333,7096.333333333332,100,100,1012,1.9994341910277444,7.012187088274044,2.22320556640625,-1970.7633333333333,-0.012941156281158328,23.611775368452072,0.3953813477419317,0.030131700121273752,0.08289513236377388,1679,327.71700012813614,0.30826520919799805
1680,5164.033,1853.833333333333,6809.666666666669,100,100,1004,1.97740687478048,6.7825365205843315,2.1825013160705566,-1853.833333333333,-0.017207755299750715,26.84022358059883,0.41902274172753096,0.026295227129594423,0.08731356565840542,1680,327.74168731619824,0.30826520919799805
1681,5166.774,1935.4200000000012,7081.000000000004,100,100,1016,1.9953049209214542,6.969488188976381,2.2293410301208496,-1935.4200000000012,-0.015956823190208524,28.267642617225647,0.517574954777956,0.03926513412443455,0.07261439738795161,1681,327.5631648825038,0.30826520919799805
1682,5169.468,2033.8933333333332,7174.666666666667,100,100,1004,1.9946396420431505,7.146082337317397,2.2060704231262207,-2033.8933333333332,-0.004622061416739598,39.032204031944275,0.5393705135211349,0.04452405666233972,0.1008078835438937,1682,327.5866794162162,0.30826520919799805
1683,5172.143,2023.7200000000014,7181.333333333333,100,100,1010,1.9658763353519215,7.11023102310231,2.189617872238159,-2023.7200000000014,-0.013996389461681247,29.356891930103302,0.5193894673138857,0.025374991761054844,0.07705078111030161,1683,327.61254985643103,0.30826520919799805
1684,5174.85,1903.3833333333348,6944.000000000002,100,100,1011,1.9859843775694481,6.868447082096935,2.2072300910949707,-1903.3833333333348,-0.013384972757194191,30.995593905448914,0.5770491911098361,0.03632841103535611,0.06607115548104048,1684,327.6365761533109,0.30826520919799805
1685,5177.526,1940.5266666666662,6947.666666666667,100,100,1006,1.9833711731603099,6.90622929092114,2.194990396499634,-1940.5266666666662,-0.010285469063092023,28.01387196779251,0.5812237085774541,0.01905206738592824,0.06247877038549632,1685,327.6615084978395,0.30826520919799805
1686,5180.193,1970.753333333334,7062.333333333331,100,100,1003,1.9666130604837109,7.04120970422067,2.173525810241699,-1970.753333333334,-0.0166380075388588,25.403401881456375,0.6209383923560381,0.008393747586524114,0.07729605725035071,1686,327.6864287087431,0.30826520919799805
1687,5182.921,1870.2466666666678,6875.000000000004,100,100,1008,2.0167675597587644,6.8204365079365115,2.2316970825195312,-1870.2466666666678,-0.017345416941680014,30.846915543079376,0.6603731494396925,0.01600445093936287,0.08105468784924597,1687,327.7084375405851,0.30826520919799805
1688,5185.557,1785.233333333334,6741.000000000002,100,100,1006,1.9474026810000122,6.700795228628232,2.1541190147399902,-1785.233333333334,-0.01992173766484484,24.142939150333405,0.6201157961040735,0.012263668577361386,0.07181980321183801,1688,327.73584485957264,0.30826520919799805
1689,5188.21,2008.1066666666673,7046.999999999999,100,100,1006,1.9467990056456068,7.00497017892644,2.159898519515991,-2008.1066666666673,-0.019558440006221645,26.33987107872963,0.6364483209326863,0.0100492378915078,0.07757302979007363,1689,327.76216936945235,0.30826520919799805
1690,5193.941,1854.500000000001,6918.333333333332,100,100,1007,1.9541173798097768,6.870241641840449,2.1644604206085205,-1854.500000000001,-0.018511675240006298,29.24481898546219,0.6128430338576436,0.008089245511655463,0.059830036479979753,1690,327.7890316251396,0.30826520919799805
1691,5196.603,1870.833333333333,6891.000000000002,100,100,1006,1.9588310109029263,6.849900596421473,2.1668169498443604,-1870.833333333333,-0.017436905181966722,39.27454662322998,0.6240363074466586,0.022281862002273556,0.09389860730152577,1691,327.62015689878194,0.30826520919799805
1692,5199.305,1870.6800000000005,7001.666666666667,100,100,1012,1.9839942681220297,6.918642951251647,2.2034096717834473,-1870.6800000000005,-0.020203418273013085,34.26346981525421,0.6169159710407257,0.03940353110374417,0.0809420074801892,1692,327.64458919436345,0.30826520919799805
1693,5201.946,2026.8266666666668,7086.666666666665,100,100,1008,1.945714484752407,7.030423280423279,2.1628270149230957,-2026.8266666666668,-0.02150338946375996,36.396481692790985,0.7340798899531364,0.013265409952509799,0.06901041697710752,1693,327.6719772214444,0.30826520919799805
1694,5204.598,1905.0199999999988,6961.666666666664,100,100,1005,1.9577370124836615,6.927031509121059,2.165809154510498,-1905.0199999999988,-0.017087872431147844,25.066172897815704,0.594614646397531,0.003149713284074096,0.08123914944007993,1694,327.6981144208519,0.30826520919799805
1695,5207.256,1894.0166666666655,6999.999999999999,100,100,1004,1.9601037857063353,6.97211155378486,2.1639211177825928,-1894.0166666666655,-0.017795946449041367,33.885075986385345,0.6093397717922926,0.002698870808671927,0.07386363693512976,1695,327.723715299666,0.30826520919799805
1696,5209.921,1858.0700000000006,6851.333333333333,100,100,1010,1.9520159408514675,6.783498349834983,2.1690351963043213,-1858.0700000000006,-0.01813393458724022,29.87434297800064,0.6118975831195712,0.016108789153804537,0.07496093737427145,1696,327.749870718476,0.30826520919799805
1697,5212.579,1885.393333333334,6954.666666666666,100,100,1009,1.957863131865704,6.892632969937231,2.1722378730773926,-1885.393333333334,-0.02253422688227147,32.95280998945236,0.6551445201039314,0.02506607462419197,0.07698899862589315,1697,327.7763980202557,0.30826520919799805
1698,5215.216,1956.5133333333354,6985.000000000002,100,100,1008,1.928393849950572,6.929563492063494,2.143035411834717,-1956.5133333333354,-0.02004386077169329,28.01014405488968,0.6417595203965902,0.030204239265003707,0.0904947918606922,1698,327.80386992843745,0.30826520919799805
1699,5217.831,2136.0433333333335,7321.666666666668,100,100,1010,1.9095726723847266,7.24917491749175,2.133028745651245,-2136.0433333333335,-0.013926702958997339,44.31269872188568,0.7817226946353912,0.03598242982843658,0.08249999990221113,1699,327.8331559375317,0.30826520919799805
1700,5223.509,1922.7366666666671,6906.000000000004,100,100,1008,1.9398189519600395,6.85119047619048,2.1521670818328857,-1922.7366666666671,-0.015365770319476724,26.88750731945038,0.6350107882171869,0.03781666039139964,0.08951822918606922,1700,327.86100511901697,0.30826520919799805
1701,5226.161,1931.9566666666665,6982.0,100,100,1004,1.9433621498728282,6.9541832669322705,2.1493217945098877,-1931.9566666666665,-0.012693497468717396,35.42049050331116,0.6265978161245584,0.020262654768885113,0.07923473021946847,1701,327.6956595612311,0.30826520919799805
1702,5228.821,1900.8933333333332,7080.999999999997,100,100,1009,1.9629119934165264,7.017839444995042,2.180011749267578,-1900.8933333333332,-0.021407682565040886,22.125521779060364,0.6858748849481344,0.01796015870058909,0.07777622772846371,1702,327.7218875071103,0.30826520919799805
1703,5231.444,1903.5666666666668,6892.333333333335,100,100,1002,1.9182746517964584,6.878576180971392,2.116745710372925,-1903.5666666666668,-0.010994500655215234,35.73766255378723,0.6703279949724674,0.02004844327166211,0.07305617566453293,1703,327.7490934364354,0.30826520919799805
1704,5234.043,1924.8566666666654,7085.000000000002,100,100,1002,1.916456486594802,7.070858283433136,2.1172525882720947,-1924.8566666666654,-0.023185799596831203,31.798173189163208,0.7366237547248602,0.0072423257297487,0.08344959106761962,1704,327.7778659192601,0.30826520919799805
1705,5236.681,1878.3433333333326,6883.666666666664,100,100,1007,1.9355367421974403,6.835815954981792,2.1441574096679688,-1878.3433333333326,-0.014702578308060765,35.80076289176941,0.642389290034771,0.037590382795315236,0.08250914211384952,1705,327.8049486813966,0.30826520919799805
1706,5239.291,2022.07,7164.666666666669,100,100,1006,1.9191723681660462,7.121935056328697,2.130687952041626,-2022.07,-0.017378717893734574,32.9152507185936,0.66086829546839,0.030054546121391468,0.07048233691602945,1706,327.83369784253375,0.30826520919799805
1707,5241.939,2037.8766666666668,7221.666666666666,100,100,1010,1.9299611888392505,7.150165016501649,2.1520776748657227,-2037.8766666666668,-0.0178602347150445,34.70256733894348,0.6954832971096039,0.02775824767013546,0.07376953086350113,1707,327.86071106904365,0.30826520919799805
1708,5245.02,2079.7566666666635,7144.6666666666615,100,100,1012,2.3266984190766076,7.059947299077729,2.5644071102142334,-2079.7566666666635,-0.01085815648548305,38.45810949802399,0.6853480469435453,0.01339061868020508,0.060096154105849564,1708,327.86109772318105,0.30826520919799805
1709,5248.196,1915.0800000000008,6814.000000000005,100,100,1005,2.4381487549222376,6.780099502487567,2.6519436836242676,-1915.0800000000008,-0.013658507989021018,26.227633774280548,0.6984764747321606,0.043143970677192556,0.08339843759313226,1709,327.85416896353746,0.30826520919799805
1710,5254.551,1920.283333333334,6982.0000000000055,100,100,1006,2.170036582528034,6.940357852882709,2.3827872276306152,-1920.283333333334,-0.011636371375061572,34.75389224290848,0.6446644337847829,0.019282234818092547,0.05506963317748159,1710,327.86563313106376,0.30826520919799805
1711,5257.745,1950.4533333333343,6878.333333333333,100,100,1010,2.432554751164326,6.81023102310231,2.6619749069213867,-1950.4533333333343,-0.013717871508561075,31.536041378974915,0.7300011236220598,0.028224705209140666,0.08171874983236194,1711,327.6422008637417,0.30826520919799805
1712,5260.917,2010.9099999999994,6994.666666666666,100,100,1011,2.4327855603493065,6.918562479393339,2.6628611087799072,-2010.9099999999994,-0.012858889225753956,35.50679498910904,0.6979455575346947,0.03639459962869296,0.09182559768669307,1712,327.6367765050252,0.30826520919799805
1713,5263.809,1953.2533333333342,6832.0,100,100,1009,2.1623258718462037,6.771060455896928,2.383366823196411,-1953.2533333333342,-0.014668942050775513,35.10537278652191,0.6422635763883591,0.02349219864117913,0.09318199928384274,1713,327.6485626808511,0.30826520919799805
1714,5266.672,1979.756666666666,7040.666666666667,100,100,1002,2.1496581818960503,7.026613439787093,2.3546645641326904,-1979.756666666666,-0.011346468469128013,26.65714317560196,0.5956866173073649,0.050033839921525214,0.09191313257906586,1714,327.6605875115491,0.30826520919799805
1715,5269.818,1993.5666666666668,7079.333333333332,100,100,1003,2.4073182433195495,7.058158856763043,2.6152524948120117,-1993.5666666666668,-0.01386311958776787,36.74151664972305,0.586453627794981,0.01582365943613695,0.07298101391643286,1715,327.6553158000836,0.30826520919799805
1716,5272.999,1940.1833333333323,6957.666666666664,100,100,1004,2.4539620522316916,6.929946879150064,2.6663055419921875,-1940.1833333333323,-0.017408734856871888,32.05028873682022,0.5758435651659966,0.03536393653121195,0.10107421898283064,1716,327.6480554202291,0.30826520919799805
1717,5275.947,1862.8566666666666,6703.333333333333,100,100,1008,2.205868253123111,6.6501322751322745,2.4244370460510254,-1862.8566666666666,-0.022212207142729312,34.27908009290695,0.5873957937583327,0.035113747991999844,0.08089192712213844,1717,327.6560446156278,0.30826520919799805
1718,5278.914,1923.2400000000011,6891.333333333335,100,100,1003,2.2580666008618024,6.870721169823863,2.465505361557007,-1923.2400000000011,-0.02126130909891799,28.817513048648834,0.6047017611563206,0.11336014004336903,0.07856785971671343,1718,327.66191793300436,0.30826520919799805
1719,5281.722,1950.423333333333,6992.999999999997,100,100,1004,2.110336056935501,6.965139442231073,2.3177642822265625,-1950.423333333333,-0.01049601729027927,27.379299879074097,0.5611618449911475,0.058549928064167034,0.06627308251336217,1719,327.6777981405283,0.30826520919799805
1720,5288.001,1985.9900000000014,7033.666666666668,100,100,1007,2.128712017326815,6.984773253889442,2.3468704223632812,-1985.9900000000014,-0.017527769319713116,31.456437468528748,0.6200041770935059,0.033497089531010715,0.05827169178519398,1720,327.69203019905893,0.30826520919799805
1721,5290.988,1919.3066666666675,6966.999999999999,100,100,1010,2.241719013660925,6.8980198019801975,2.465609550476074,-1919.3066666666675,-0.018196469027316198,29.87301677465439,0.5983356954529881,0.02059735467628343,0.06624999979976565,1721,327.48516827434656,0.30826520919799805
1722,5293.794,1981.1366666666693,7107.999999999999,100,100,1006,2.0776984130706317,7.065606361829025,2.2918667793273926,-1981.1366666666693,-0.01653136155800894,30.96013569831848,0.6776911150664091,0.01967890934975003,0.06872027856297791,1722,327.50163757425844,0.30826520919799805
1723,5296.61,1936.873333333334,7095.333333333335,100,100,1010,2.094726634008976,7.025082508250827,2.3165977001190186,-1936.873333333334,-0.017636592046983424,32.96006268262863,0.5550134908407927,0.07223320330376737,0.09037109359633178,1723,327.5181653557724,0.30826520919799805
1724,5299.592,1992.8733333333334,7155.666666666665,100,100,1010,2.1857211876909552,7.084818481848183,2.410889148712158,-1992.8733333333334,-0.0208088195649907,36.374076545238495,0.6444282196462154,0.021773219123133458,0.08136718708556145,1724,327.5244787021583,0.30826520919799805
1725,5302.618,1908.610000000002,7150.666666666673,100,100,1009,2.2824473751291663,7.086884704327724,2.5037739276885986,-1908.610000000002,-0.0144138787927659,30.196576058864594,0.6080722184851766,0.026029878448753152,0.10722257639281452,1725,327.52784303695006,0.30826520919799805
1726,5305.72,2037.556666666666,6979.666666666669,100,100,1005,2.3554644748957743,6.944941956882258,2.5713188648223877,-2037.556666666666,-0.01808472123229876,34.5139701962471,0.6014943523332477,0.051813100842991844,0.061859809153247625,1726,327.52573753460916,0.30826520919799805
1727,5308.893,2057.9100000000026,7140.333333333335,100,100,1009,2.4311638270376474,7.076643541460193,2.6592507362365723,-2057.9100000000026,-0.017920340760610998,31.56909555196762,0.629597875289619,0.040084797008603346,0.07965959823923185,1727,327.5200956380197,0.30826520919799805
1728,5311.949,2039.9866666666662,7064.666666666665,100,100,1011,2.3126455982382437,6.987800857237057,2.544883966445923,-2039.9866666666662,-0.016064501891378313,30.56174349784851,0.7096031662076712,0.02889369938930031,0.07802925887517631,1728,327.5219777829308,0.30826520919799805
1729,5314.859,2083.0266666666666,7381.3333333333285,100,100,1004,2.1877951228497663,7.351925630810088,2.4002158641815186,-2083.0266666666666,-0.01335307047702372,38.81282663345337,0.6781752426177263,0.021387465109000914,0.06454190355725586,1729,327.53152351554917,0.30826520919799805
1730,5321.576,1930.0866666666666,7049.000000000002,100,100,1005,2.252755918428858,7.013930348258708,2.470386028289795,-1930.0866666666666,-0.009221398911904544,31.927644312381744,0.5839289873838425,0.041329214021970984,0.07489149319007993,1730,327.5365273781411,0.30826520919799805
1731,5324.637,1987.5666666666664,7204.333333333334,100,100,1003,2.3044158499372207,7.182784978398139,2.5135791301727295,-1987.5666666666664,-0.018994855898199603,34.894114434719086,0.6325173964723945,0.007709768895438174,0.07419603934977204,1731,327.3072554632371,0.30826520919799805
1732,5327.537,1923.0766666666675,6932.333333333333,100,100,1004,2.1687528885858303,6.904714475431606,2.3759024143218994,-1923.0766666666675,-0.009110170038184151,27.407959401607513,0.6152853146195412,0.04203613573918119,0.07213245751336217,1732,327.31749085041025,0.30826520919799805
1733,5330.648,2074.7933333333326,7264.666666666669,100,100,1009,2.3513199176318107,7.199867855963002,2.5788025856018066,-2074.7933333333326,-0.02005835040472448,35.065255999565125,0.6390378065407276,0.027779935218859464,0.07369060901692137,1733,327.31576306650857,0.30826520919799805
1734,5333.622,1919.1299999999994,6981.3333333333285,100,100,1007,2.2533697134176087,6.932803707381657,2.471275806427002,-1919.1299999999994,-0.012275392728042789,47.264570116996765,0.5212644534185529,0.054865325953869615,0.057076961384154856,1734,327.3220600185421,0.30826520919799805
1735,5336.277,1807.1166666666672,6848.000000000001,100,100,1008,1.948580654459961,6.793650793650794,2.1568078994750977,-1807.1166666666672,-0.0132558056502603,28.526031970977783,0.5452012503519654,0.09764220874058083,0.08675130223855376,1735,327.3480875321222,0.30826520919799805
1736,5338.944,1882.84,6952.666666666668,100,100,1012,1.9620202576995573,6.870223978919633,2.183340549468994,-1882.84,-0.01492674247128889,32.00835293531418,0.6137098232284188,0.10265604074811563,0.0694110578042455,1736,327.3740929120402,0.30826520919799805
1737,5341.578,1933.8899999999996,6976.333333333336,100,100,1008,1.9316791664413546,6.920965608465611,2.146618366241455,-1933.8899999999996,-0.011287339264526963,21.21715733408928,0.5969550479203463,0.12410742840438616,0.07373046892462298,1737,327.4014178461285,0.30826520919799805
1738,5344.211,1874.8899999999994,6785.333333333332,100,100,1003,1.9360780638177413,6.7650382186773,2.135197877883911,-1874.8899999999994,-0.009118926245719194,26.685102701187134,0.5168405957520008,0.09562869047658751,0.08272392814978957,1738,327.42774066066136,0.30826520919799805
1739,5346.902,2044.1133333333357,7349.333333333336,100,100,1009,1.9719864201858432,7.283779319458212,2.191378116607666,-2044.1133333333357,-0.008316003193613142,32.492838859558105,0.5346736144274473,0.08034206137381261,0.07443797832820565,1739,327.4516517078662,0.30826520919799805
1740,5352.636,2029.0300000000007,7026.666666666664,100,100,1008,1.955902577416661,6.970899470899469,2.1735599040985107,-2029.0300000000007,-0.01608359388774261,42.72116208076477,0.5756829790771008,0.06063189827546012,0.08528645848855376,1740,327.47709372410446,0.30826520919799805
1741,5355.303,1884.8866666666663,6872.333333333333,100,100,1008,1.9485526786339173,6.817791005291005,2.1610262393951416,-1884.8866666666663,-0.008901479275664315,50.096332252025604,0.5973583711311221,0.1396722423596657,0.08203125017462298,1741,327.31446183468034,0.30826520919799805
1742,5357.926,1975.82,7046.0,100,100,1005,1.9268635837639223,7.010945273631841,2.135221004486084,-1975.82,-0.010805825819261372,30.351213574409485,0.6147564565762877,0.07851002329698531,0.09393446194007993,1742,327.3417585952895,0.30826520919799805
1743,5360.576,2055.9233333333327,7016.000000000003,100,100,1005,1.9547437804181185,6.981094527363187,2.164996385574341,-2055.9233333333327,-0.01104152767220512,40.25705575942993,0.580373814329505,0.1670124110796678,0.06959635420935228,1743,327.36745305179153,0.30826520919799805
1744,5363.329,2025.0133333333338,7063.333333333333,100,100,1013,1.9978145102952833,6.972688384336952,2.227037191390991,-2025.0133333333338,-0.017367072374327108,40.59709745645523,0.563052230514586,0.030264272609201726,0.07024801010265946,1744,327.38829248193844,0.30826520919799805
1745,5366.458,1937.5799999999983,6950.666666666663,100,100,1011,2.354834815091154,6.8750412133201415,2.582549571990967,-1937.5799999999983,-0.016086765041109174,33.46610510349274,0.5333519475534558,0.1067695628880756,0.06189682916738093,1745,327.38574947382574,0.30826520919799805
1746,5369.536,1997.1966666666676,6896.333333333329,100,100,1006,2.3424385683000026,6.855202120609671,2.559971809387207,-1997.1966666666676,-0.017378797056153417,25.21127200126648,0.56894317176193,0.0526275076699676,0.05689538037404418,1746,327.3854737364202,0.30826520919799805
1747,5372.534,1944.5399999999988,6882.666666666666,100,100,1009,2.248017441013383,6.821275189957053,2.46947979927063,-1944.5399999999988,-0.014622334274463356,28.625565469264984,0.5339332455769181,0.05321768966678064,0.06129424419486895,1747,327.3905824737008,0.30826520919799805
1748,5375.431,1838.6533333333357,6931.000000000002,100,100,1010,2.154599602039129,6.8623762376237645,2.3732199668884277,-1838.6533333333357,-0.02039855346083641,26.155490815639496,0.5577331883832812,0.028571498227393022,0.06462890584953129,1748,327.4020128977389,0.30826520919799805
1749,5378.558,1962.9233333333336,7161.333333333332,100,100,1010,2.3845823759462057,7.090429042904289,2.611284017562866,-1962.9233333333336,-0.018723080400377512,27.111093997955322,0.5453692590817809,0.08443739763606573,0.05968749988824129,1749,327.3994555972687,0.30826520919799805
1750,5385.076,1997.9399999999994,7097.666666666668,100,100,1009,2.35235688878395,7.034357449620087,2.57832407951355,-1997.9399999999994,-0.017148164624813944,26.53788846731186,0.5654495386406779,0.15129319127299823,0.05010363517794758,1750,327.39866923463046,0.30826520919799805
1751,5388.081,1911.4099999999996,6807.666666666667,100,100,1005,2.2662556218215038,6.77379767827529,2.4755897521972656,-1911.4099999999996,-0.018028387217782438,25.55087685585022,0.49029669165611267,0.18784286355912627,0.07679036469198763,1751,327.19458968693453,0.30826520919799805
1752,5391.245,2077.353333333333,7167.333333333332,100,100,1004,2.415567631735856,7.138778220451526,2.630829095840454,-2077.353333333333,-0.01581994203661452,30.57164967060089,0.6417935509234667,0.057778954673267435,0.08238636376336217,1752,327.1888119735154,0.30826520919799805
1753,5394.021,1882.336666666668,6819.666666666664,100,100,1006,2.0705131216994883,6.778992710404239,2.281217336654663,-1882.336666666668,-0.017550005461089313,23.34284609556198,0.5665569799020886,0.11236078086221823,0.06570567254675552,1753,327.206909605068,0.30826520919799805
1754,5396.714,2004.6933333333322,7012.333333333329,100,100,1005,1.9821777125468376,6.977446102819234,2.190534830093384,-2004.6933333333322,-0.018438639410305768,27.643031179904938,0.6213539801537991,0.10445466337841935,0.08088107663206756,1754,327.22984558885275,0.30826520919799805
1755,5399.405,2067.2133333333327,7148.000000000003,100,100,1007,1.9832974171003304,7.09831181727905,2.198958396911621,-2067.2133333333327,-0.019806612996035255,42.81274735927582,0.6406509019434452,0.03679795650532469,0.06910738022997975,1755,327.25325493677923,0.30826520919799805
1756,5402.084,2062.8800000000006,7030.0,100,100,1009,1.9689520330161845,6.967294350842418,2.1896510124206543,-2062.8800000000006,-0.012971235380973667,39.244152665138245,0.6947956020012498,0.05220380623359233,0.08225047832820565,1756,327.27777705008475,0.30826520919799805
1757,5404.768,2002.7666666666662,6996.666666666667,100,100,1003,1.9724269202331886,6.9757394483217015,2.1767709255218506,-2002.7666666666662,-0.012942068104166538,31.3184494972229,0.6345597142353654,0.04234067994184443,0.07658066833391786,1757,327.3007977672309,0.30826520919799805
1758,5407.49,2011.0766666666668,7019.0,100,100,1012,1.9972672928244302,6.9357707509881426,2.2255356311798096,-2011.0766666666668,-0.02166578936157748,29.38564497232437,0.5945480223745108,0.06349655239318963,0.08830378629500046,1758,327.32318409751304,0.30826520919799805
1759,5410.206,1958.2433333333333,7136.666666666668,100,100,1010,1.9873142573235576,7.066006600660067,2.2088446617126465,-1958.2433333333333,-0.011440601374488324,29.48768138885498,0.583480941131711,0.028525555608212017,0.07349609350785613,1759,327.3455814668516,0.30826520919799805
1760,5416.026,2027.0166666666667,6992.0,100,100,1004,1.9863830670386005,6.964143426294821,2.196958303451538,-2027.0166666666667,-0.021101071732118726,27.32661658525467,0.6345672430470586,0.016893272160814377,0.06893643480725586,1760,327.3685255956847,0.30826520919799805
1761,5418.732,1895.7166666666674,6934.0,100,100,1005,1.9867668678956245,6.899502487562189,2.1953861713409424,-1895.7166666666674,-0.013905603147577494,30.262821823358536,0.5900499699637294,0.015211077561616548,0.06980251742061228,1761,327.2013015808753,0.30826520919799805
1762,5421.465,2000.8633333333328,7018.333333333332,100,100,1006,2.0282369775412454,6.976474486414843,2.243093490600586,-2000.8633333333328,-0.019287172239273787,24.729008227586746,0.5737670576199889,0.07783683079833281,0.07390030584065244,1762,327.2218743925853,0.30826520919799805
1763,5424.181,1903.3933333333325,6982.666666666664,100,100,1006,2.0039059625842257,6.941020543406227,2.2124898433685303,-1903.3933333333325,-0.01593274131300859,28.42846441268921,0.6029263902455568,0.09944846605503699,0.07759425946278498,1763,327.2435511133571,0.30826520919799805
1764,5426.863,2075.1366666666668,7242.333333333332,100,100,1006,1.9800264418873172,7.199138502319416,2.1921818256378174,-2075.1366666666668,-0.018831744324415922,37.79532927274704,0.621319386176765,0.029498463785785134,0.06929347850382328,1764,327.2671816914783,0.30826520919799805
1765,5429.547,1973.4766666666678,6925.0,100,100,1001,1.9927193828440688,6.918081918081918,2.1946043968200684,-1973.4766666666678,-0.014442404673900455,23.12998127937317,0.5806320048868656,0.07952944581484189,0.07662442815490067,1765,327.28974603268085,0.30826520919799805
1766,5432.245,1970.7833333333342,7057.333333333337,100,100,1008,1.9808837292542207,7.001322751322754,2.1990153789520264,-1970.7833333333342,-0.016392505960538983,26.16334193944931,0.6552141457796097,0.09492617694922956,0.05712890625,1766,327.31271629232674,0.30826520919799805
1767,5434.936,2011.2966666666666,7164.000000000001,100,100,1007,1.9773548145712814,7.114200595829197,2.1952669620513916,-2011.2966666666666,-0.021688355482183397,38.24254268407822,0.6554672438651323,0.032940674645942636,0.08286236668936908,1767,327.335983750263,0.30826520919799805
1768,5437.602,1817.759999999999,6802.0,100,100,1006,1.9650261432106493,6.761431411530815,2.171619176864624,-1817.759999999999,-0.013692886859644204,32.78309202194214,0.5902854241430759,0.12278254404373001,0.07067340356297791,1768,327.3604767009215,0.30826520919799805
1769,5440.361,1954.986666666666,7159.666666666662,100,100,1009,2.0339430135151426,7.095804426825235,2.253124475479126,-1954.986666666666,-0.022627504775300622,39.439707815647125,0.6003725919872522,0.023586159615661018,0.11567283142358065,1769,327.3799218331101,0.30826520919799805
1770,5446.253,2051.776666666666,7142.0000000000055,100,100,1008,1.999929959267666,7.085317460317466,2.2196128368377686,-2051.776666666666,-0.017963306745514274,28.401760160923004,0.6587917422875762,0.017436983329389477,0.08349609421566129,1770,327.40199320400063,0.30826520919799805
1771,5448.94,1892.3699999999992,7006.333333333335,100,100,1007,1.9775257219746338,6.957629923866271,2.189328670501709,-1892.3699999999992,-0.02094278985168785,24.612642735242844,0.5375673109665513,0.03815394368939451,0.10119888617191464,1771,327.2343049767108,0.30826520919799805
1772,5451.642,1927.9100000000028,6893.6666666666715,100,100,1008,1.9893869027746693,6.838955026455031,2.205782175064087,-1927.9100000000028,-0.018710894975811243,29.342595994472504,0.587873786687851,0.04313915604416252,0.09423828142462298,1772,327.25698987201866,0.30826520919799805
1773,5454.305,2052.2200000000003,7052.999999999997,100,100,1002,1.9516524950092557,7.03892215568862,2.1564395427703857,-2052.2200000000003,-0.017009189177770168,26.136430829763412,0.5644743563607335,0.019958993449108675,0.06991722481325269,1773,327.2809366716787,0.30826520919799805
1774,5456.94,2020.6000000000004,7151.333333333336,100,100,1011,1.9256535122533993,7.073524563138809,2.1486237049102783,-2020.6000000000004,-0.017572915588971227,38.787004709243774,0.5647788979113102,0.019475172956617826,0.0676604628097266,1774,327.30818712536154,0.30826520919799805
1775,5459.539,1927.1033333333332,6909.333333333335,100,100,998,1.9224552125744672,6.923179692718772,2.1108038425445557,-1927.1033333333332,-0.01715847128070891,33.54087793827057,0.5527224196121097,0.024136510688549606,0.07637746713589877,1775,327.335155841884,0.30826520919799805
1776,5462.176,2027.8133333333326,7029.999999999998,100,100,1005,1.9220617911384548,6.995024875621889,2.1331334114074707,-2027.8133333333326,-0.020604310964699835,36.11295348405838,0.568816957063973,0.025874870319967158,0.08005642367061228,1776,327.36109943071625,0.30826520919799805
1777,5464.799,1924.5000000000014,6888.333333333334,100,100,1007,1.9250349533561961,6.840450182058921,2.134815216064453,-1924.5000000000014,-0.020517971337540075,23.347988963127136,0.5919257821515203,0.009758194253663532,0.06360122992191464,1777,327.3882250413376,0.30826520919799805
1778,5467.463,1839.263333333334,6971.000000000007,100,100,1004,1.9646488049854172,6.9432270916334735,2.1682941913604736,-1839.263333333334,-0.018302900105481967,29.323825240135193,0.5530457301065326,0.1176443587319227,0.08345170458778739,1778,327.4123843627091,0.30826520919799805
1779,5470.115,1844.9533333333331,6908.66666666667,100,100,1006,1.9507453298736845,6.8674618952949,2.157578945159912,-1844.9533333333331,-0.015172524901572615,20.599500387907028,0.5622983435168862,0.07044593815226108,0.07689368235878646,1779,327.43755814302733,0.30826520919799805
1780,5475.801,1883.740000000002,6943.333333333336,100,100,1005,1.9462794035358066,6.908789386401329,2.15130352973938,-1883.740000000002,-0.01691718347137794,21.858724981546402,0.552361904643476,0.061366475178147084,0.0747612847480923,1780,327.4623743563728,0.30826520919799805
1781,5478.442,1856.7433333333327,6941.666666666667,100,100,1011,1.9276357067262515,6.86613913616881,2.143744468688965,-1856.7433333333327,-0.019129430991597474,31.62859046459198,0.4994804747402668,0.08623394630194525,0.08059512893669307,1781,327.3078160984501,0.30826520919799805
1782,5481.087,1951.8733333333337,7032.000000000001,100,100,1009,1.9313757191527527,6.969276511397424,2.148970127105713,-1951.8733333333337,-0.01283271610736847,36.16968607902527,0.528784423135221,0.03414018209150527,0.0689174106810242,1782,327.3339676546483,0.30826520919799805
1783,5483.871,2063.4133333333343,7028.333333333331,100,100,1005,2.01085402910593,6.993366500829185,2.2245657444000244,-2063.4133333333343,-0.022067465353757143,34.639273285865784,0.5990314623340964,0.011877327408001292,0.07209201401565224,1783,327.3511264228306,0.30826520919799805
1784,5486.753,2036.72,7084.000000000001,100,100,1010,2.1405962384582526,7.013861386138615,2.366702079772949,-2036.72,-0.01666445523733273,34.36438030004501,0.5492405574768782,0.03538118221331388,0.07677734363824129,1784,327.36320006602176,0.30826520919799805
1785,5489.667,1905.696666666666,7095.33333333333,100,100,1006,2.18377117320773,7.053015241882038,2.3947126865386963,-1905.696666666666,-0.016163425869308412,26.52495574951172,0.5797112481668591,0.06575122835420188,0.06207540788454935,1785,327.37265517750745,0.30826520919799805
1786,5492.668,1910.1600000000005,6914.333333333335,100,100,1004,2.279775300660575,6.886786188579019,2.485499382019043,-1910.1600000000005,-0.01753265631850809,30.865122318267822,0.5372535875067115,0.07398397159704473,0.06569602293893695,1786,327.37664743881027,0.30826520919799805
1787,5495.713,1985.063333333334,7105.666666666667,100,100,1008,2.3174424596141936,7.049272486772487,2.5369343757629395,-1985.063333333334,-0.015604718530084938,26.138444483280182,0.5913222143426538,0.047607201522623654,0.06282552098855376,1787,327.3786113496059,0.30826520919799805
1788,5498.59,1997.203333333334,7164.000000000002,100,100,1012,2.140166008110589,7.079051383399212,2.3729660511016846,-1997.203333333334,-0.015973903296981007,39.32077497243881,0.5391030739992857,0.07675044397183228,0.08097956760320812,1788,327.3914176944224,0.30826520919799805
1789,5501.562,1927.2066666666674,7078.333333333339,100,100,1007,2.2268100275658997,7.029129427341946,2.4432785511016846,-1927.2066666666674,-0.017205590556841344,25.309376120567322,0.6198770273476839,0.028450787540350575,0.06928399263415486,1789,327.39755404473624,0.30826520919799805
1790,5508.308,1965.983333333333,7239.333333333332,100,100,1007,2.3242746766049938,7.189010261502813,2.542327404022217,-1965.983333333333,-0.01595411729067564,26.845322906970978,0.6204031389206648,0.012241273749168613,0.08340259292162955,1790,327.3980636425843,0.30826520919799805
1791,5511.311,1884.72,7025.333333333336,100,100,1013,2.2503593281510876,6.935176044751565,2.4799253940582275,-1884.72,-0.017988143750699237,30.182949781417847,0.5944581422954798,0.05438070834497921,0.06038104370236397,1791,327.1849480533255,0.30826520919799805
1792,5514.122,2050.233333333332,7122.666666666662,100,100,1009,2.093631018814331,7.0591344565576435,2.3158907890319824,-2050.233333333332,-0.016145114903338253,32.95789444446564,0.648782055824995,0.034806144911271986,0.07909159734845161,1792,327.20114654200574,0.30826520919799805
1793,5516.83,2057.8066666666655,7073.333333333329,100,100,1006,1.9874039767300766,7.031146454605695,2.2009851932525635,-2057.8066666666655,-0.012148122303187847,43.97393274307251,0.6393528543412685,0.011920444929273799,0.05965523101622239,1793,327.2228574387174,0.30826520919799805
1794,5519.524,1946.046666666666,7079.66666666667,100,100,1005,1.9913736319595678,7.044444444444448,2.201504945755005,-1946.046666666666,-0.020497704157605767,34.94428789615631,0.6517775561660528,0.007677617293666117,0.055230034806299955,1794,327.2452385638508,0.30826520919799805
1795,5522.252,2035.7400000000011,7197.666666666665,100,100,1007,1.9969642505673053,7.147633234028466,2.215205669403076,-2035.7400000000011,-0.01851338829146698,39.646143078804016,0.6920501664280891,-0.0009456742809561547,0.05201753636356443,1795,327.2659426001319,0.30826520919799805
1796,5524.965,2010.5599999999988,7160.333333333331,100,100,1009,1.9890758168779321,7.096465147010239,2.2082245349884033,-2010.5599999999988,-0.018087909556925297,32.15877318382263,0.5842319950461388,0.01002221200906206,0.08329679490998387,1796,327.28786595387015,0.30826520919799805
1797,5527.708,1998.5033333333354,7051.333333333337,100,100,1011,2.008665183676051,6.974612594790639,2.231128692626953,-1998.5033333333354,-0.017876166646601632,52.374916434288025,0.6578375920653343,0.011637936455372255,0.0591011798242107,1797,327.30832455357734,0.30826520919799805
1798,5530.397,1999.1500000000008,7152.333333333332,100,100,1011,1.9701638962091503,7.074513682822287,2.193981885910034,-1999.1500000000008,-0.01491226302459836,25.744043916463852,0.5483211567625403,0.01258003316615941,0.08352481643669307,1798,327.3320321827692,0.30826520919799805
1799,5533.089,1914.3200000000004,6990.333333333336,100,100,1004,1.9901556762230335,6.962483399734398,2.196949005126953,-1914.3200000000004,-0.02679294510744512,27.306249260902405,0.5584695320576429,0.026973744090355467,0.09543679002672434,1799,327.3542103541967,0.30826520919799805
1800,5538.946,2092.4533333333347,7230.0,100,100,1004,2.00415567800577,7.201195219123506,2.21767258644104,-2092.4533333333347,-0.015888898924458772,33.85974597930908,0.6277893045917153,0.045308793618460186,0.07994495751336217,1800,327.37426352345705,0.30826520919799805
1801,5541.634,1903.3499999999995,7033.999999999998,100,100,1008,1.9663954384639741,6.978174603174601,2.183077812194824,-1903.3499999999995,-0.018089539255015552,26.777643382549286,0.6140744183212519,0.0436299856446567,0.07470703148283064,1801,327.2125221781207,0.30826520919799805
1802,5544.347,2007.0000000000011,7021.333333333329,100,100,1012,1.9799895273298835,6.938076416337282,2.206278085708618,-2007.0000000000011,-0.012987986265216023,39.47844284772873,0.5266784904524684,0.02494721866241889,0.058405949792359024,1802,327.234992031339,0.30826520919799805
1803,5547.041,1928.566666666667,7102.999999999998,100,100,1008,1.9701341295749732,7.046626984126982,2.1848700046539307,-1928.566666666667,-0.022337658563628793,39.165633857250214,0.5479696895927191,0.07903698005975457,0.07828776072710752,1803,327.2577002995193,0.30826520919799805
1804,5549.735,1908.6033333333348,7007.333333333336,100,100,1008,1.975384821846438,6.951719576719579,2.188765525817871,-1908.6033333333348,-0.01939792453777045,30.14083829522133,0.5552523313090205,0.017368640001222957,0.07910156284924597,1804,327.28048994960403,0.30826520919799805
1805,5552.425,2011.1233333333337,7039.000000000001,100,100,1010,1.9727478200330002,6.969306930693071,2.194730281829834,-2011.1233333333337,-0.016216558520682156,26.745877504348755,0.5763155221939087,0.023060871091729496,0.06171874993015081,1805,327.30380679053604,0.30826520919799805
1806,5555.114,1957.3900000000003,7158.666666666672,100,100,1008,1.9778973196119454,7.101851851851857,2.1931395530700684,-1957.3900000000003,-0.018538879172410816,32.280557334423065,0.5769059984013438,0.0238392732826469,0.05908203125,1806,327.326830309286,0.30826520919799805
1807,5557.862,1949.566666666667,7044.333333333338,100,100,1016,1.9928435037622052,6.933398950131238,2.2274739742279053,-1949.566666666667,-0.013871808565454558,26.174319744110107,0.5340101784095168,0.04214788514218526,0.08168247784487903,1807,327.34780266527287,0.30826520919799805
1808,5560.555,1844.010000000002,6814.33333333334,100,100,1013,1.9775839107155226,6.726883843369536,2.201032876968384,-1844.010000000002,-0.01578010691446252,31.345776557922363,0.48575980216264725,0.11521441710283398,0.07240381790325046,1808,327.3714566800917,0.30826520919799805
1809,5563.245,1863.080000000001,6931.333333333333,100,100,1010,1.9667004952022786,6.862706270627062,2.1821906566619873,-1863.080000000001,-0.010844009055290371,28.754980444908142,0.5098359575495124,0.035610184582765214,0.09107421862427145,1809,327.39472565434835,0.30826520919799805
1810,5569.035,1992.6700000000005,7141.000000000002,100,100,1011,1.966812859176963,7.0633036597428305,2.18839955329895,-1992.6700000000005,-0.01771231894963421,31.954387962818146,0.5056114187464118,0.012477235421101796,0.09525314066559076,1810,327.4183321376779,0.30826520919799805
1811,5571.733,1968.2666666666667,7022.999999999998,100,100,1004,1.9632882460167045,6.9950199203187235,2.1724538803100586,-1968.2666666666667,-0.020400093169882894,29.392606794834137,0.4905705964192748,0.020609120500012068,0.07546164793893695,1811,327.25761793511845,0.30826520919799805
1812,5574.387,1821.053333333334,6831.333333333333,100,100,1008,1.9518470255120302,6.777116402116402,2.1614341735839844,-1821.053333333334,-0.02151713683269918,23.508037626743317,0.5223224340006709,0.0237869898264762,0.07112630212213844,1812,327.28260541511406,0.30826520919799805
1813,5577.013,1942.566666666667,6877.000000000001,100,100,1007,1.9260315772963552,6.829195630585899,2.137110710144043,-1942.566666666667,-0.01592013717163354,25.66798573732376,0.5042499164119363,0.03507844427440432,0.07256690465146676,1813,327.30905237254143,0.30826520919799805
1814,5579.664,1960.8566666666677,7021.999999999997,100,100,1013,1.9243258648705535,6.931885488647579,2.148405075073242,-1960.8566666666677,-0.014120411942712963,26.600728631019592,0.512946730479598,0.015208429584163241,0.07415426010265946,1814,327.33511812661436,0.30826520919799805
1815,5582.283,1878.3666666666677,7126.000000000002,100,100,1010,1.910453762785338,7.055445544554457,2.127077341079712,-1878.3666666666677,-0.019855714388540946,27.731909692287445,0.47591052297502756,0.04570188874640735,0.09818359359633178,1815,327.36246065071646,0.30826520919799805
1816,5584.904,1772.4800000000023,6780.6666666666715,100,100,1011,1.9178911957209956,6.70689086712826,2.131786584854126,-1772.4800000000023,-0.01821664144517854,32.14663988351822,0.43355123698711395,0.02335315074742539,0.07960899226600304,1816,327.3898494967574,0.30826520919799805
1817,5587.568,1957.439999999999,7034.666666666669,100,100,1006,1.9580342984623156,6.992710404241222,2.168278932571411,-1957.439999999999,-0.013160330185201019,31.578888177871704,0.4927835548296571,0.026083680910232943,0.07037618913454935,1817,327.41381096740776,0.30826520919799805
1818,5590.23,1947.3066666666664,7084.66666666667,100,100,1007,1.9434939422751032,7.035418735518044,2.1554625034332275,-1947.3066666666664,-0.018212982700788416,29.12422665953636,0.4904701132327318,0.015302638516004663,0.09751080442219973,1818,327.43803926938193,0.30826520919799805
1819,5592.888,2032.7666666666662,7176.666666666667,100,100,1014,1.934364595229111,7.077580539119001,2.1639013290405273,-2032.7666666666662,-0.02117223257664591,25.013976633548737,0.4992302171885967,0.010683545588108245,0.07707609969656914,1819,327.4637408332193,0.30826520919799805
1820,5598.581,1972.556666666666,7139.666666666669,100,100,1011,1.931909790827269,7.0619848334981885,2.154366970062256,-1972.556666666666,-0.01839518127962947,32.24659329652786,0.5170764205977321,0.015022371997474693,0.07461129000876099,1820,327.48862989029357,0.30826520919799805
1821,5601.266,1854.0800000000006,7130.000000000004,100,100,1011,1.950216319542802,7.052423343224533,2.166780710220337,-1854.0800000000006,-0.009716542350361124,26.457351088523865,0.4822604479268193,0.05223793801269494,0.09194048738572747,1821,327.33490111958855,0.30826520919799805
1822,5604.11,1794.3299999999997,6893.333333333333,100,100,1005,2.1158601982120553,6.859038142620232,2.320833444595337,-1794.3299999999997,-0.017641616926994175,29.64767223596573,0.4235247541218996,0.04434648314054357,0.09057074668817222,1822,327.34812571815553,0.30826520919799805
1823,5607.268,1893.9533333333331,7044.666666666666,100,100,1011,2.3881839773673876,6.968018463567424,2.6153085231781006,-1893.9533333333331,-0.015590474009513855,24.61931422352791,0.459625001065433,0.015828955903998576,0.07461129012517631,1823,327.34407945121995,0.30826520919799805
1824,5610.397,1979.8833333333334,7045.666666666669,100,100,1006,2.384013421236395,7.003644797879392,2.6035821437835693,-1979.8833333333334,-0.01596804882865399,29.54615819454193,0.44420516584068537,0.04911189235463098,0.08111837645992637,1824,327.3408474821188,0.30826520919799805
1825,5613.319,1965.4833333333338,7101.333333333332,100,100,1010,2.1765773284876038,7.03102310231023,2.401193857192993,-1965.4833333333338,-0.0168316722556483,36.76199769973755,0.44458777736872435,0.038432863697380526,0.0879882809240371,1825,327.35044073016144,0.30826520919799805
1826,5616.297,1957.0966666666673,7096.333333333331,100,100,1010,2.2104353456075607,7.026072607260724,2.4360578060150146,-1957.0966666666673,-0.015596542914863676,32.56546711921692,0.45436675287783146,0.02870204760984052,0.06896484363824129,1826,327.3566561723693,0.30826520919799805
1827,5619.463,1854.9166666666665,6783.0,100,100,1006,2.398492544139578,6.742544731610338,2.615448474884033,-1854.9166666666665,-0.018618954229168594,26.651311695575714,0.46158241014927626,0.03161823128903052,0.08443019725382328,1827,327.3512154069397,0.30826520919799805
1828,5622.575,1851.050000000001,6913.666666666667,100,100,1011,2.3638635997464243,6.838443785031322,2.5879158973693848,-1851.050000000001,-0.018123176938388497,25.845029890537262,0.42029684502631426,0.008893735357560217,0.0835152423242107,1828,327.34985304094374,0.30826520919799805
1829,5625.547,1909.0966666666677,7105.999999999999,100,100,1016,2.1952848411009347,6.994094488188975,2.4339888095855713,-1909.0966666666677,-0.018247142899781466,24.71817797422409,0.4523504823446274,0.020639187005144777,0.07847377250436693,1829,327.3575208800392,0.30826520919799805
1830,5632.196,1904.7799999999988,6852.333333333331,100,100,1013,2.2137638692618125,6.7643961829549175,2.4442410469055176,-1904.7799999999988,-0.014078492691623978,24.112140744924545,0.43400809448212385,0.022394052852177992,0.08298017410561442,1830,327.36408347771936,0.30826520919799805
1831,5635.105,1915.7333333333318,6832.333333333335,100,100,1006,2.1529205782925915,6.791583830351228,2.367598056793213,-1915.7333333333318,-0.015433318156283349,31.073679387569427,0.4502957658842206,0.01671024823008338,0.06755264959065244,1831,327.1605571383519,0.30826520919799805
1832,5638.08,1824.6333333333323,6896.000000000001,100,100,1009,2.2327051568606535,6.8344895936570875,2.4496021270751953,-1824.6333333333323,-0.014766296546440572,22.807416707277298,0.397138100117445,0.017515375842776848,0.08333665487589315,1832,327.1669453528649,0.30826520919799805
1833,5641.036,1901.6566666666672,6940.666666666668,100,100,1014,2.20489921369746,6.844838921762,2.4370477199554443,-1901.6566666666672,-0.018105105962604284,41.88432043790817,0.4497991520911455,0.011511220465763472,0.07969835062976927,1833,327.17522632923317,0.30826520919799805
1834,5643.852,1885.4033333333327,6852.000000000005,100,100,1003,2.0987601194703434,6.831505483549356,2.3024837970733643,-1885.4033333333327,-0.018357722437940538,37.48521429300308,0.42364849243313074,0.020678817436419195,0.08857194765005261,1834,327.1896406006093,0.30826520919799805
1835,5646.661,2010.1933333333334,7124.6666666666615,100,100,1012,2.066689821925537,7.040184453227926,2.2956647872924805,-2010.1933333333334,-0.0160295789828524,31.32127606868744,0.43441338278353214,0.01697763943229802,0.0692232574801892,1835,327.2061407326101,0.30826520919799805
1836,5649.624,1926.67,7000.333333333334,100,100,1009,2.2305706638207785,6.937892302609845,2.450803279876709,-1926.67,-0.015554659184999764,31.91403916478157,0.42584213614463806,0.05878818993733148,0.07541454053716734,1836,327.2130900883786,0.30826520919799805
1837,5652.603,1825.9933333333347,6817.666666666667,100,100,1004,2.2434103599493485,6.79050464807437,2.4487249851226807,-1825.9933333333347,-0.015433061169460416,31.89798730611801,0.43281473871320486,0.056966683394421125,0.08216441771946847,1837,327.2182516185258,0.30826520919799805
1838,5655.481,1807.4966666666667,6919.666666666669,100,100,1017,2.1226106195746315,6.803998688954443,2.3556740283966064,-1807.4966666666667,-0.014774077702895738,28.90839385986328,0.3599405186250806,0.045459155255230144,0.07615474262274802,1838,327.2316595069373,0.30826520919799805
1839,5658.292,1887.9100000000005,7004.000000000004,100,100,1014,2.0598745562735012,6.907297830374757,2.2890429496765137,-1887.9100000000005,-0.014987752540037036,30.074429363012314,0.3818500079214573,0.020425070404598955,0.08076533593703061,1839,327.24821811011327,0.30826520919799805
1840,5664.677,1946.3866666666672,6985.333333333334,100,100,1010,2.1929878234346902,6.916171617161717,2.4179821014404297,-1946.3866666666672,-0.01595175248803571,25.851981312036514,0.36237158440053463,0.0548209615626547,0.08033203112427145,1840,327.25715949801656,0.30826520919799805
1841,5667.805,1911.7999999999988,6926.999999999998,100,100,1002,2.3895373260983437,6.913173652694609,2.59477162361145,-1911.7999999999988,-0.015157937188632786,38.42195135354996,0.4104985482990742,0.03054145428541233,0.08630952390376478,1841,327.053938911033,0.30826520919799805
1842,5670.913,1800.9599999999991,6907.0,100,100,1004,2.374661355409252,6.879482071713148,2.5834999084472656,-1800.9599999999991,-0.0125787184224464,28.33362665772438,0.45160389691591263,0.02877634640026372,0.0920188210438937,1842,327.0517218051658,0.30826520919799805
1843,5673.864,1988.0233333333326,7149.0,100,100,1010,2.209519504426545,7.078217821782178,2.4358530044555664,-1988.0233333333326,-0.01310439221560955,31.58897441625595,0.44594746455550194,0.05144325943547301,0.07705078122671694,1843,327.05967546955173,0.30826520919799805
1844,5676.8,1994.3633333333335,7112.333333333333,100,100,1010,2.1789481162582294,7.041914191419141,2.406338691711426,-1994.3633333333335,-0.013391590677201748,24.496985644102097,0.5062491707503796,0.030953399764257483,0.09685546858236194,1844,327.0684439130502,0.30826520919799805
1845,5679.897,1910.4899999999998,6992.33333333333,100,100,1005,2.364503082921219,6.957545605306796,2.578972578048706,-1910.4899999999998,-0.010065310139907524,35.17614954710007,0.4662013677880168,0.022277516443864442,0.09051649319007993,1845,327.0671068781453,0.30826520919799805
1846,5682.959,1838.5666666666657,7069.666666666667,100,100,1006,2.3164462222241857,7.027501656726309,2.5339877605438232,-1838.5666666666657,-0.01705360464984551,29.256109535694122,0.43097757175564766,0.0374034847409348,0.09907863446278498,1846,327.0678113676275,0.30826520919799805
1847,5685.888,1913.3633333333325,7079.666666666664,100,100,1008,2.1854963285029894,7.023478835978834,2.4049110412597656,-1913.3633333333325,-0.014834261732175946,33.80820274353027,0.4637769525870681,0.034196188586065546,0.07275390625,1847,327.0766120648555,0.30826520919799805
1848,5688.816,1973.0633333333344,7119.666666666667,100,100,1013,2.1736482726014703,7.028298782494242,2.4086313247680664,-1973.0633333333344,-0.012522806588094682,30.62361967563629,0.46774850599467754,0.05737664965636213,0.06664578430354595,1848,327.08631877945703,0.30826520919799805
1849,5691.882,2028.5033333333342,7279.333333333335,100,100,1007,2.316405561538977,7.2287322078781875,2.538595676422119,-2028.5033333333342,-0.013488703407347202,39.95668190717697,0.5972042484208941,0.03547305988467997,0.09786402876488864,1849,327.08711314485913,0.30826520919799805
1850,5698.055,2131.109999999999,7084.333333333334,100,100,1008,2.1627926577662397,7.028108465608466,2.3888466358184814,-2131.109999999999,-0.018764059990644455,59.627137184143066,0.5840324060991406,0.030212534962629434,0.0818684899713844,1850,327.09715877388226,0.30826520919799805
1851,5700.802,1918.8466666666675,7083.333333333336,100,100,1004,2.0163848601231553,7.055112881806111,2.223888635635376,-1918.8466666666675,-0.008278659137431532,29.524415493011475,0.4872267423197627,0.03729966614628211,0.07967862230725586,1851,326.9282333554045,0.30826520919799805
1852,5703.538,1955.276666666668,6898.000000000003,100,100,1008,2.0098010913537268,6.843253968253971,2.2309067249298096,-1955.276666666668,-0.015944823797326535,31.11331307888031,0.5148169193416834,0.11333650668530026,0.07356770848855376,1852,326.94809592212175,0.30826520919799805
1853,5706.337,2079.606666666666,7291.000000000004,100,100,1008,2.0312911724359433,7.2331349206349245,2.252667188644409,-2079.606666666666,-0.0149878662195988,33.622561156749725,0.5524479290470481,0.054235180403338745,0.08040364587213844,1853,326.96437936360985,0.30826520919799805
1854,5709.131,1888.4133333333334,6822.999999999999,100,100,1011,2.0647013834451946,6.748763600395647,2.2901031970977783,-1888.4133333333334,-0.012675341946305707,48.89130699634552,0.48927843011915684,0.03375132733981445,0.08779488387517631,1854,326.9814516267418,0.30826520919799805
1855,5711.955,2081.336666666666,6929.666666666665,100,100,1009,2.060101287346241,6.867855962999668,2.2873640060424805,-2081.336666666666,-0.012600049434695393,48.7844135761261,0.47343464102596045,0.015192073151411023,0.07563376892358065,1855,326.996436601576,0.30826520919799805
1856,5714.639,1963.686666666667,7100.333333333332,100,100,1007,1.9710391268315388,7.050976497848393,2.1867337226867676,-1963.686666666667,-0.011762610578443855,32.77698427438736,0.4812130518257618,0.08778190836892463,0.0983107544016093,1856,327.0190897709415,0.30826520919799805
1857,5717.331,1881.5466666666675,6941.333333333334,100,100,1007,1.9650116173019623,6.8930817610062896,2.1777098178863525,-1881.5466666666675,-0.005964794720057398,35.56240141391754,0.4005429456010461,0.08536199772788677,0.12409615982323885,1857,327.04125248665525,0.30826520919799805
1858,5720.044,1837.9033333333334,6881.333333333334,100,100,1010,1.9845558422626834,6.813201320132014,2.202932834625244,-1837.9033333333334,-0.010186392872128636,33.30293560028076,0.4338567927479744,0.029566917641204782,0.12203124980442226,1858,327.0626731663433,0.30826520919799805
1859,5722.786,1876.7633333333342,6896.000000000001,100,100,1008,2.0026181535083905,6.841269841269842,2.221065044403076,-1876.7633333333342,-0.010892955935560167,29.88027387857437,0.44799397606402636,0.053181363771727774,0.09098307293606922,1859,327.0821195297833,0.30826520919799805
1860,5729.332,1969.6933333333334,7041.333333333337,100,100,1005,2.2061236798114594,7.006301824212275,2.422968864440918,-1969.6933333333334,-0.022028334555216134,36.08782982826233,0.4878791840746999,0.041203511487765354,0.11706814263015985,1860,327.0885468352494,0.30826520919799805
1861,5732.279,2044.516666666667,7202.000000000002,100,100,1008,2.189287499941346,7.1448412698412715,2.4141080379486084,-2044.516666666667,-0.015653868846129626,26.05096361041069,0.5727008301764727,0.057415366914938204,0.11230468773283064,1861,326.8916032043803,0.30826520919799805
1862,5735.293,1993.2266666666665,7037.33333333333,100,100,1010,2.2342192077096366,6.967656765676565,2.46950101852417,-1993.2266666666665,-0.012731192051433027,36.35828697681427,0.48032295424491167,0.06733753679873189,0.09970703069120646,1862,326.89591812313404,0.30826520919799805
1863,5738.286,1903.0466666666662,6990.333333333334,100,100,1007,2.2395860998916266,6.941741145316121,2.457120418548584,-1903.0466666666662,-0.019106171210296452,32.819212555885315,0.45232913736253977,0.0887809940322768,0.08836851711384952,1863,326.90092766319015,0.30826520919799805
1864,5741.355,2070.2933333333335,7270.000000000003,100,100,1006,2.3026116314773666,7.226640159045728,2.527139663696289,-2070.2933333333335,-0.01115251514420379,34.66122680902481,0.4842257294803858,0.029528348364692647,0.08451511571183801,1864,326.90138636549494,0.30826520919799805
1865,5744.284,2031.8633333333335,7093.333333333336,100,100,1009,2.181130527159637,7.030062768417578,2.4064178466796875,-2031.8633333333335,-0.014040488982573152,35.43344122171402,0.5066560115665197,0.03426636963558849,0.09779575886204839,1865,326.9104448703561,0.30826520919799805
1866,5747.183,1944.7466666666678,6798.333333333333,100,100,1004,2.1637668340342615,6.77124833997344,2.377840280532837,-1944.7466666666678,-0.01440527771046618,33.89274138212204,0.5623697731643915,0.021837815838807728,0.11541193211451173,1866,326.9201735541263,0.30826520919799805
1867,5750.182,1969.0366666666648,7048.9999999999945,100,100,1004,2.2562000990021542,7.020916334661349,2.4701812267303467,-1969.0366666666648,-0.02105649485019967,44.11666214466095,0.5360869467258453,0.024465165384754073,0.12557706027291715,1867,326.92425229676763,0.30826520919799805
1868,5753.236,1935.5933333333323,6929.999999999996,100,100,1006,2.3370345922049958,6.8886679920477105,2.5529000759124756,-1935.5933333333323,-0.019263496913481504,39.369095265865326,0.5391545686870813,0.02699147856765194,0.10784646729007363,1868,326.92560184219735,0.30826520919799805
1869,5755.986,2018.6666666666665,7155.0,100,100,1011,2.0223373893103043,7.077151335311573,2.248290538787842,-2018.6666666666665,-0.017058238794561476,29.796764612197876,0.5020891092717648,0.04356984778132755,0.11502374440897256,1869,326.9450307251246,0.30826520919799805
1870,5761.884,1934.0400000000009,6904.333333333334,100,100,1010,2.0086331712543077,6.835973597359737,2.2305400371551514,-1934.0400000000009,-0.022001498691679444,25.17019158601761,0.5302946204319596,0.041402155278774444,0.10423828091006726,1870,326.9652707580886,0.30826520919799805
1871,5764.62,1997.353333333334,7155.333333333332,100,100,1008,2.0019763879457653,7.098544973544972,2.221193313598633,-1997.353333333334,-0.014894271269440651,31.958373427391052,0.5192993553355336,0.026228133756376337,0.11360677098855376,1871,326.80538356457464,0.30826520919799805
1872,5767.351,1968.8733333333332,7177.666666666668,100,100,1007,1.99939523312118,7.127772260840782,2.2148427963256836,-1968.8733333333332,-0.014466427150182426,31.57767164707184,0.5236076442524791,0.01918117360037286,0.0904047538060695,1872,326.82528172435855,0.30826520919799805
1873,5770.071,1949.9266666666663,6959.666666666668,100,100,1005,2.0059953229409175,6.925041459369819,2.2186713218688965,-1949.9266666666663,-0.01436471869237721,29.851520895957947,0.5677461186423898,0.028788246632757364,0.09609375020954758,1873,326.84537960339816,0.30826520919799805
1874,5772.783,1952.5766666666668,7047.6666666666715,100,100,1003,1.9930386848484025,7.026586905948825,2.199901819229126,-1952.5766666666668,-0.01790901308413595,34.182991087436676,0.525541921146214,0.03636268002446741,0.10150572285056114,1874,326.86556944444493,0.30826520919799805
1875,5775.529,1909.4933333333329,7312.666666666666,100,100,1011,2.014152720062989,7.23310253874052,2.2363438606262207,-1909.4933333333329,-0.020498211836638802,45.056538581848145,0.5305590741336346,0.033088607211539056,0.1120940565597266,1875,326.885213416299,0.30826520919799805
1876,5778.266,1863.8966666666668,7015.666666666663,100,100,1006,2.006481709555865,6.973823724320739,2.2173805236816406,-1863.8966666666668,-0.01838672475423664,27.48423719406128,0.5344058554619551,0.03471124203497311,0.10326086962595582,1876,326.9044535838961,0.30826520919799805
1877,5781.062,1866.6766666666656,6739.999999999998,100,100,1011,2.0394834814617147,6.666666666666665,2.2655892372131348,-1866.6766666666656,-0.01944391999131767,36.123556196689606,0.5279442295432091,0.05574270221404731,0.09316597762517631,1877,326.9212279111887,0.30826520919799805
1878,5783.834,1868.6833333333332,6870.333333333333,100,100,1011,2.019862512183679,6.795581932080448,2.2413129806518555,-1868.6833333333332,-0.015450143575435504,21.84210368990898,0.5316857798025012,0.02848438945511589,0.1042815565597266,1878,326.9393562967133,0.30826520919799805
1879,5786.584,1982.4633333333331,7055.9999999999945,100,100,1009,2.027672546804025,6.9930624380574775,2.251875638961792,-1982.4633333333331,-0.007527169305831194,36.21668314933777,0.5394344953820109,0.03595682633022079,0.08859813428716734,1879,326.958351212678,0.30826520919799805
1880,5792.526,1949.333333333334,6982.333333333333,100,100,1002,2.0257783419324342,6.968396540252828,2.2323458194732666,-1949.333333333334,-0.01851143052772386,45.46737325191498,0.510911013931036,0.03083729053469142,0.10856119834352285,1880,326.97586090732955,0.30826520919799805
1881,5795.326,1821.7399999999998,6939.333333333336,100,100,1010,2.0445776219239993,6.870627062706273,2.2659614086151123,-1821.7399999999998,-0.020650034304708242,25.024841785430908,0.5113156577572227,0.04070788407807413,0.0997070309240371,1881,326.8123438183029,0.30826520919799805
1882,5798.094,1937.8166666666664,7002.999999999999,100,100,1011,2.033210681584635,6.926805143422353,2.2585980892181396,-1937.8166666666664,-0.01243333047023043,26.140718519687653,0.5127297583967447,0.040379539132118225,0.0957414221484214,1882,326.8307265935327,0.30826520919799805
1883,5800.872,1893.3233333333337,7008.666666666666,100,100,1007,2.0445997036240677,6.959947037404833,2.2567429542541504,-1893.3233333333337,-0.021703118458390236,28.59550577402115,0.5867540193721652,0.03586576944508124,0.11401886609382927,1883,326.8477640045916,0.30826520919799805
1884,5803.631,1826.8633333333319,6823.666666666663,100,100,1004,2.039065538623567,6.7964807436918955,2.2462732791900635,-1826.8633333333319,-0.01948782047838904,30.012366592884064,0.5640114629641175,0.0361589975291281,0.11483487207442522,1884,326.8653567302731,0.30826520919799805
1885,5806.401,1977.8733333333328,7090.666666666666,100,100,1008,2.0263064502542543,7.034391534391534,2.2467925548553467,-1977.8733333333328,-0.021912096883170307,30.7272310256958,0.47772525902837515,0.04219515719887568,0.11279296921566129,1885,326.8830483116189,0.30826520919799805
1886,5809.164,1878.816666666666,6904.999999999998,100,100,1011,2.0304527206246905,6.829871414441145,2.2539358139038086,-1878.816666666666,-0.017182079318445176,29.34702306985855,0.49571531265974045,0.03259971024817787,0.09550206828862429,1886,326.9016074127753,0.30826520919799805
1887,5811.942,1925.7100000000005,6872.333333333334,100,100,1010,2.0407720785910763,6.804290429042905,2.2653372287750244,-1925.7100000000005,-0.020171824318822473,23.367681086063385,0.5621237708255649,0.012164174535428174,0.11511718737892807,1887,326.91915325321753,0.30826520919799805
1888,5814.636,1959.9833333333333,7118.999999999997,100,100,1010,1.9649054439009932,7.0485148514851454,2.1871824264526367,-1959.9833333333333,-0.013633440248668194,41.834947526454926,0.5371571388095617,0.021266682018904248,0.0978124993853271,1888,326.9414063293228,0.30826520919799805
1889,5817.313,1915.3800000000012,6932.333333333335,100,100,1010,1.9497364366399401,6.8636963696369655,2.1665327548980713,-1915.3800000000012,-0.02019057044526562,27.85612177848816,0.6088513042777777,0.01754087689187145,0.10382812458556145,1889,326.96450699450753,0.30826520919799805
1890,5823.067,1919.3533333333353,6897.33333333333,100,100,1011,1.9613931717352922,6.822288163534451,2.1824896335601807,-1919.3533333333353,-0.016766769404057413,27.40874868631363,0.5461226869374514,0.024045147654987886,0.12455958989448845,1890,326.9876342212958,0.30826520919799805
1891,5825.793,1943.5866666666668,6938.000000000002,100,100,1010,1.9770156451510172,6.869306930693071,2.1999430656433105,-1943.5866666666668,-0.02415057411417365,30.503566443920135,0.6677392367273569,0.0034709060564637184,0.10339843714609742,1891,326.83552078665997,0.30826520919799805
1892,5828.501,1939.6633333333332,6714.666666666666,100,100,1013,1.9566756158309593,6.62849621586048,2.1876752376556396,-1939.6633333333332,-0.01249262603232637,33.850437223911285,0.6379363844171166,0.03921204520156607,0.09535303665325046,1892,326.8574728177828,0.30826520919799805
1893,5831.221,1896.5266666666657,6912.000000000004,100,100,1010,1.972303366735762,6.843564356435647,2.196624517440796,-1896.5266666666657,-0.01725204847753048,29.58224391937256,0.5931186033412814,0.022065929006203078,0.09455078083556145,1893,326.8781997809415,0.30826520919799805
1894,5833.868,1955.4133333333334,6972.333333333336,100,100,1002,1.9363676653961148,6.95841650033267,2.140510320663452,-1955.4133333333334,-0.024131808197125793,25.189918875694275,0.6123220752924681,0.029905856961704558,0.12248883955180645,1894,326.9017006675495,0.30826520919799805
1895,5836.56,1899.8866666666656,6867.333333333332,100,100,1005,1.9764725394565519,6.833167495854062,2.1899611949920654,-1899.8866666666656,-0.01496859680628404,28.407225966453552,0.6497529735788703,0.04163577264989726,0.12033420195803046,1895,326.92304331572507,0.30826520919799805
1896,5839.388,1979.1066666666663,7116.33333333333,100,100,1007,2.070061666053991,7.0668652763985405,2.298797369003296,-1979.1066666666663,-0.02292629180010408,43.018602073192596,0.6962884180247784,0.02083248495546286,0.13462017942219973,1896,326.9371921920862,0.30826520919799805
1897,5842.103,2075.0300000000016,7286.333333333335,100,100,1003,1.994191023942681,7.264539714190763,2.2050540447235107,-2075.0300000000016,-0.024342596996575594,27.43186092376709,0.6745126992464066,0.022079012174799573,0.10833030520007014,1897,326.956917828067,0.30826520919799805
1898,5844.943,1919.190000000001,6958.0,100,100,1009,2.0799374638671724,6.89593657086224,2.30283784866333,-1919.190000000001,-0.017752158688381314,28.257190108299255,0.6193226836621761,0.016143361401191214,0.10368502885103226,1898,326.9706621807202,0.30826520919799805
1899,5847.763,1857.8766666666652,6847.666666666666,100,100,1003,2.1003074788489378,6.8271851113326685,2.3066298961639404,-1857.8766666666652,-0.0219446161063388,34.57166242599487,0.5420442661270499,0.029563300231529865,0.09662291058339179,1899,326.9845352633548,0.30826520919799805
1900,5854.123,1953.386666666666,7007.000000000001,100,100,1005,2.054112339021629,6.972139303482588,2.265587568283081,-1953.386666666666,-0.01301319983031135,26.159665644168854,0.6778600960969925,0.07262200431432575,0.12495659734122455,1900,327.00053097781193,0.30826520919799805
1901,5857.069,1922.539999999999,6881.999999999996,100,100,1012,2.1554615614078054,6.8003952569169925,2.386838674545288,-1922.539999999999,-0.022818232799181715,29.327040433883667,0.6696130335330963,0.040033417637459934,0.1127178487367928,1901,326.8093740410638,0.30826520919799805
1902,5859.976,1980.6033333333337,7241.333333333332,100,100,1010,2.1379764318595282,7.169636963696369,2.3633742332458496,-1980.6033333333337,-0.01360627094982192,33.31428670883179,0.6669510714709759,0.025213553453795612,0.12685546837747097,1902,326.8195806724664,0.30826520919799805
1903,5862.906,1928.9500000000003,7102.333333333332,100,100,1013,2.1786058262065935,7.011187890753536,2.408963918685913,-1928.9500000000003,-0.01975326845422387,25.82235711812973,0.5928674563765526,0.036425164973479696,0.12700840225443244,1903,326.8290426273346,0.30826520919799805
1904,5865.923,1976.0766666666664,7145.333333333331,100,100,1009,2.2610958367475376,7.081598942847702,2.4865097999572754,-1976.0766666666664,-0.014998701692093164,31.816715896129608,0.5933338068425655,0.039394919433107134,0.12934470642358065,1904,326.83295848435944,0.30826520919799805
1905,5868.873,1875.423333333334,7016.333333333336,100,100,1007,2.2140422059304443,6.9675604104601145,2.428886651992798,-1875.423333333334,-0.01999585231533274,26.102962732315063,0.5742498114705086,0.021575114289589692,0.12583111668936908,1905,326.84027952657266,0.30826520919799805
1906,5871.777,1970.1366666666677,6881.66666666667,100,100,1006,2.1616142177417372,6.840622929092117,2.381943941116333,-1970.1366666666677,-0.016734839184209704,37.90438359975815,0.5620497530326247,0.02788429740758147,0.11030910338740796,1906,326.84995200627674,0.30826520919799805
1907,5874.561,2101.37,7312.666666666666,100,100,1010,2.052756432688214,7.24026402640264,2.2787013053894043,-2101.37,-0.016609482874628156,42.01419937610626,0.5530836395919323,0.035318912923685275,0.13591796846594661,1907,326.866990401337,0.30826520919799805
1908,5877.265,2025.286666666666,6987.333333333336,100,100,1005,1.979840396722751,6.952570480928692,2.1909255981445312,-2025.286666666666,-0.02246969862608239,32.37393194437027,0.5931322546675801,0.03854836923710536,0.11783854174427688,1908,326.88760691801104,0.30826520919799805
1909,5879.957,2021.0799999999997,7040.999999999999,100,100,1001,1.98841908319549,7.033966033966033,2.1912221908569336,-2021.0799999999997,-0.01266633317572996,31.070298731327057,0.6485788617283106,0.024194459787395317,0.1403987226076424,1909,326.9081754722414,0.30826520919799805
1910,5885.77,2000.126666666668,7096.333333333339,100,100,1008,1.9689460322196182,7.040013227513233,2.1870083808898926,-2000.126666666668,-0.018590460225823335,45.22901225090027,0.584166819229722,0.01115726454736432,0.11686197924427688,1910,326.9299616082633,0.30826520919799805
1911,5888.491,1976.423333333333,7262.666666666667,100,100,1012,1.9874651213461836,7.176548089591568,2.212909698486328,-1976.423333333333,-0.0187501561595127,32.08771085739136,0.6026578871533275,0.045767771764076315,0.1276667674537748,1911,326.777448188349,0.30826520919799805
1912,5891.208,2058.89,7173.666666666669,100,100,1008,1.9769651768174732,7.116732804232806,2.197296142578125,-2058.89,-0.024241876788437366,43.874704003334045,0.6698129586875439,0.03861507728288416,0.10498046921566129,1912,326.79782754578633,0.30826520919799805
1913,5893.936,2024.3600000000004,7118.000000000002,100,100,1007,2.0040019864795404,7.068520357497519,2.2217161655426025,-2024.3600000000004,-0.01928514800965786,32.93557286262512,0.5806263014674187,0.05871575548371766,0.12089635943993926,1913,326.81741683080816,0.30826520919799805
1914,5896.639,2067.263333333333,7220.666666666666,100,100,1002,1.990625945230325,7.206254158349966,2.198796272277832,-2067.263333333333,-0.02064587629865855,38.3024845123291,0.6082817418500781,0.04759593398193829,0.15501767164096236,1914,326.83758418294775,0.30826520919799805
1915,5899.344,1974.6000000000017,6820.000000000005,100,100,1006,1.973015306680417,6.779324055666009,2.186937093734741,-1974.6000000000017,-0.02070921758422628,49.002426505088806,0.5920380288735032,0.03242846166540403,0.09731657634256408,1915,326.8581812918306,0.30826520919799805
1916,5902.062,2015.0033333333347,6923.333333333331,100,100,1004,2.0018180276163338,6.89575033200531,2.213820457458496,-2015.0033333333347,-0.02529544645221904,31.68881517648697,0.6301150154322386,0.01852671038795961,0.12522194627672434,1916,326.8778516774571,0.30826520919799805
1917,5904.809,2007.3900000000003,7042.333333333332,100,100,1007,2.011110227764977,6.993379675604103,2.2268240451812744,-2007.3900000000003,-0.02037639683112502,44.103636622428894,0.5396877247840166,0.02206638086499879,0.12862574751488864,1917,326.8962444480877,0.30826520919799805
1918,5907.515,1892.5766666666657,7069.666666666666,100,100,1006,1.990600297561704,7.027501656726308,2.202770233154297,-1892.5766666666657,-0.019949374836869538,33.872452318668365,0.6304312702268362,0.03910626715514809,0.12990404246374965,1918,326.9168123591025,0.30826520919799805
1919,5910.237,2052.9566666666674,7209.000000000004,100,100,1006,1.9863930434334809,7.166003976143145,2.2004082202911377,-2052.9566666666674,-0.01812865724787116,32.551769495010376,0.6226403173059225,0.030270393355749547,0.12775985104963183,1919,326.93648238913784,0.30826520919799805
1920,5916.074,2028.8500000000004,7037.666666666667,100,100,1006,1.9836135208143837,6.995692511597085,2.195481300354004,-2028.8500000000004,-0.017967016203328967,45.39985918998718,0.5848195338621736,0.005596291732217651,0.1048318613320589,1920,326.9572381678874,0.30826520919799805
1921,5918.852,2024.8699999999994,7168.666666666668,100,100,1011,2.001520373506617,7.0906693043191575,2.227107048034668,-2024.8699999999994,-0.0169783282908611,40.161261558532715,0.6449974905699492,0.030686599424370797,0.11503331828862429,1921,326.80139336498127,0.30826520919799805
1922,5921.561,1950.2299999999993,7035.000000000001,100,100,1009,1.983390484495334,6.972249752229931,2.2043752670288086,-1950.2299999999993,-0.019307721027871594,41.02420252561569,0.6873740032315254,0.04173519049072638,0.10534917080076411,1922,326.82228812416463,0.30826520919799805
1923,5924.27,2060.429999999999,7257.666666666667,100,100,1007,1.9729798411129202,7.207216153591526,2.191107988357544,-2060.429999999999,-0.017464365053456277,26.774418830871582,0.6960115153342485,0.04345938916958403,0.1422041216865182,1923,326.84278049816726,0.30826520919799805
1924,5927.006,1986.1099999999994,7060.999999999999,100,100,1013,2.003899803945955,6.9703849950641645,2.232638120651245,-1986.1099999999994,-0.022009340464137495,26.779919743537903,0.7474357560276985,0.039955597632797435,0.09781286912038922,1924,326.86283297893453,0.30826520919799805
1925,5929.729,1826.6533333333334,6865.33333333333,100,100,1006,1.9909396616484651,6.824387011265736,2.198657751083374,-1826.6533333333334,-0.02443476056214422,35.77587556838989,0.5955067854374647,0.0579559301113477,0.151409646961838,1925,326.88241254139683,0.30826520919799805
1926,5932.489,2173.2799999999993,7598.000000000002,100,100,1011,2.024693074765128,7.515331355093968,2.256317377090454,-2173.2799999999993,-0.02103432547301054,43.12698179483414,0.7537893448024988,0.04244936905558916,0.13396139745600522,1926,326.9007343940592,0.30826520919799805
1927,5935.159,1938.4500000000005,7010.333333333333,100,100,1007,1.938056007333751,6.961602118503806,2.1476199626922607,-1938.4500000000005,-0.022159168671350926,54.47276413440704,0.7005457561463118,0.04621518419298809,0.1271193481516093,1927,326.92335306340806,0.30826520919799805
1928,5937.838,2078.0966666666673,7245.0,100,100,1008,1.9534219257091912,7.1875,2.1691112518310547,-2078.0966666666673,-0.023262092901859432,37.49399018287659,0.707818478345871,0.008963148997281678,0.12776692723855376,1928,326.9456808544368,0.30826520919799805
1929,5940.494,1922.1000000000008,6822.333333333337,100,100,1011,1.9420533139087282,6.74810418727333,2.1608924865722656,-1922.1000000000008,-0.014574161847122014,34.205044746398926,0.746136985719204,0.027946546593739185,0.11513863375876099,1929,326.9696127851784,0.30826520919799805
1930,5946.247,2015.2066666666674,7247.000000000001,100,100,1004,1.9406509976203283,7.2181274900398416,2.1480400562286377,-2015.2066666666674,-0.019185688346624374,43.064720034599304,0.6980014927685261,1.5424127923324704e-05,0.11687677586451173,1930,326.9916203900451,0.30826520919799805
1931,5948.924,2023.8133333333328,7117.333333333335,100,100,1007,1.9537624632505017,7.067858325057929,2.1694624423980713,-2023.8133333333328,-0.0185112408362329,34.26551032066345,0.7208937183022499,0.017382254416588694,0.10549991670995951,1931,326.8443341668191,0.30826520919799805
1932,5951.591,1998.0833333333326,7183.999999999999,100,100,1013,1.9438252711911324,7.091806515301085,2.1696412563323975,-1998.0833333333326,-0.014571434236131608,44.349670231342316,0.7570226639509201,0.019295966339996085,0.1477373233065009,1932,326.86807544156295,0.30826520919799805
1933,5954.267,2023.5833333333337,7198.333333333334,100,100,1006,1.9486734567665556,7.155400927766734,2.15962290763855,-2023.5833333333337,-0.018231732974527404,31.51804143190384,0.6861725971102715,0.018243198188429233,0.1121348503511399,1933,326.8901208962881,0.30826520919799805
1934,5956.94,1910.3433333333328,7057.333333333337,100,100,1007,1.9448250251227497,7.008275405494873,2.1532390117645264,-1910.3433333333328,-0.015709469938883558,24.092292487621307,0.6364232422783971,0.03940597826294834,0.10878282855264843,1934,326.91245949277464,0.30826520919799805
1935,5959.608,1991.32,7207.666666666668,100,100,1014,1.9387451682011991,7.108152531229456,2.165820360183716,-1991.32,-0.015419189352542162,36.05940222740173,0.604460883885622,0.01996001962106675,0.10197844333015382,1935,326.9362782295654,0.30826520919799805
1936,5962.337,2031.036666666668,7119.666666666668,100,100,1010,1.9813198017620361,7.04917491749175,2.206233024597168,-2031.036666666668,-0.015496001054998487,44.9466735124588,0.6841454729437828,0.054109920594783034,0.0889062499627471,1936,326.9560513358875,0.30826520919799805
1937,5965.311,1991.3366666666657,6967.666666666667,100,100,1006,2.2135898620158687,6.926110006626906,2.4307374954223633,-1991.3366666666657,-0.01658496691379696,37.94794452190399,0.6036505736410618,0.02413894644814718,0.09292204480152577,1937,326.9616455941976,0.30826520919799805
1938,5968.432,1871.3666666666672,6859.666666666667,100,100,1005,2.3685922406020747,6.825538971807629,2.57851505279541,-1871.3666666666672,-0.010444624000228941,35.34311884641647,0.5823191218078136,0.039187475966173224,0.09468315984122455,1938,326.95905835230843,0.30826520919799805
1939,5971.53,1958.1366666666677,7151.000000000001,100,100,1006,2.3533305170377403,7.108349900596423,2.568185567855835,-1958.1366666666677,-0.02386649465188384,30.94902527332306,0.5797074027359486,0.022112299753644038,0.11652938200859353,1939,326.9578995795357,0.30826520919799805
1940,5978.052,1961.8400000000015,6981.999999999999,100,100,1006,2.1968843935198237,6.940357852882703,2.413583755493164,-1961.8400000000015,-0.018290880019776523,32.49809956550598,0.6014407202601433,0.017935242954990827,0.10491677979007363,1940,326.9647630769776,0.30826520919799805
1941,5981.223,2005.5033333333338,7106.333333333334,100,100,1009,2.3899551028038704,7.042946812025108,2.614321231842041,-2005.5033333333338,-0.01617462707508821,29.665720224380493,0.5535003114491701,0.02966462879703613,0.10932517517358065,1941,326.7649682290897,0.30826520919799805
1942,5984.303,2016.6766666666674,7095.666666666669,100,100,1008,2.324104167720569,7.039351851851854,2.5473287105560303,-2016.6766666666674,-0.012522087810793892,21.825277119874954,0.5491381175816059,0.07615755641745636,0.12141927145421505,1942,326.7652190866818,0.30826520919799805
1943,5987.248,1837.816666666666,6709.666666666668,100,100,1012,2.187776184418117,6.630105401844533,2.4127492904663086,-1837.816666666666,-0.021456362621393055,45.726864993572235,0.5431155925616622,0.035558074014261365,0.13322566146962345,1943,326.77349173122855,0.30826520919799805
1944,5990.275,1989.0166666666655,7184.000000000001,100,100,1012,2.2580064240734465,7.098814229249013,2.48893404006958,-1989.0166666666655,-0.020296790054999292,22.9134179353714,0.6113567380234599,0.019880744359397795,0.08240685146301985,1944,326.77729947672424,0.30826520919799805
1945,5993.385,1965.4566666666683,7083.333333333336,100,100,1005,2.3724524385356043,7.048092868988394,2.589155912399292,-1965.4566666666683,-0.015642232669051737,26.160674571990967,0.662254186347127,0.017923923427588306,0.09573567728511989,1945,326.7754390948718,0.30826520919799805
1946,5996.23,2014.6266666666668,7138.666666666668,100,100,1007,2.0985724920057347,7.089043363124794,2.315643787384033,-2014.6266666666668,-0.012576040753629059,29.907233119010925,0.6808537300676107,0.0426603776650154,0.06914893595967442,1946,326.7883132122065,0.30826520919799805
1947,5999.24,1966.5699999999995,7154.000000000001,100,100,1012,2.2522355742723104,7.0691699604743095,2.48091459274292,-1966.5699999999995,-0.020366786746308208,28.944545030593872,0.7056866250932217,0.01591832618578337,0.0677584137301892,1947,326.7930385573287,0.30826520919799805
1948,6002.161,1949.4299999999992,6940.000000000001,100,100,1008,2.1948293651803397,6.884920634920636,2.4130520820617676,-1949.4299999999992,-0.015367789485026151,33.741007804870605,0.5633337404578924,0.03853786001855042,0.08203125017462298,1948,326.8019401258079,0.30826520919799805
1949,6004.938,1896.57,7201.666666666668,100,100,1011,2.0460060327364507,7.123310253874053,2.2638638019561768,-1896.57,-0.010425066575407982,28.67904043197632,0.7403390258550644,0.03570474268417456,0.11551202554255724,1949,326.8192136111161,0.30826520919799805
1950,6011.245,1955.926666666667,7061.666666666668,100,100,1011,2.1144682493127154,6.984833498186615,2.33793306350708,-1955.926666666667,-0.012237542716320604,30.242278695106506,0.6492425221949816,0.02302137972401397,0.08780445787124336,1950,326.83131011842073,0.30826520919799805
1951,6014.139,1984.3766666666668,7019.000000000002,100,100,1009,2.1403891933672092,6.956392467789893,2.3598649501800537,-1984.3766666666668,-0.011929562184377573,32.50553458929062,0.6762937810271978,0.021967347391182557,0.09558354574255645,1951,326.6550947359304,0.30826520919799805
1952,6016.929,1987.0966666666666,6946.666666666668,100,100,1010,2.0384839604525724,6.877887788778879,2.2587997913360596,-1987.0966666666666,-0.014832098182523623,32.00818407535553,0.6796560753136873,0.027845291504490888,0.09267578111030161,1952,326.6714893508995,0.30826520919799805
1953,6019.779,1914.9600000000005,7049.3333333333385,100,100,1012,2.1112571116592074,6.965744400527014,2.334751605987549,-1914.9600000000005,-0.014386261405888945,23.66570857167244,0.6930224876850843,0.02380694822932128,0.06118539680028334,1953,326.68493609279255,0.30826520919799805
1954,6022.826,2003.9899999999993,7021.666666666671,100,100,1008,2.303500001116412,6.965939153439157,2.5279407501220703,-2003.9899999999993,-0.016799807432107627,30.57001256942749,0.7907430026680231,0.027755709787015803,0.10449218796566129,1954,326.68701471999134,0.30826520919799805
1955,6025.75,1853.6533333333332,6984.0,100,100,1007,2.177382323173242,6.93545183714002,2.390920877456665,-1853.6533333333332,-0.016731220879592,34.14316266775131,0.683073004707694,0.02479245674339836,0.08180269261356443,1955,326.6956155216863,0.30826520919799805
1956,6028.849,2090.87,7398.333333333328,100,100,1002,2.354378146054353,7.383566200931464,2.563694715499878,-2090.87,-0.015359677548985928,36.356616377830505,0.777937188744545,0.022980586065386888,0.0726376490201801,1956,326.693859109113,0.30826520919799805
1957,6031.961,2009.1133333333346,7160.33333333333,100,100,1001,2.381877524645201,7.15318015318015,2.5844311714172363,-2009.1133333333346,-0.014411216943699401,34.680930495262146,0.7241232190281153,0.032222895868471824,0.06750190537422895,1957,326.69125878199264,0.30826520919799805
1958,6034.907,1920.173333333334,7151.666666666667,100,100,1003,2.207307076519903,7.13027583914922,2.414489984512329,-1920.173333333334,-0.015463771880604327,27.36415833234787,0.7310236245393753,0.02514088457246544,0.06954033416695893,1958,326.69798153326246,0.30826520919799805
1959,6037.828,2014.4133333333323,6995.0,100,100,1008,2.1701616080087933,6.939484126984127,2.3937313556671143,-2014.4133333333323,-0.019322312262374908,39.30814456939697,0.7490956261754036,0.022329022802296095,0.060546875,1959,326.70690117200394,0.30826520919799805
1960,6044.534,1991.6466666666674,7193.666666666664,100,100,1006,2.3673096411096797,7.150762094102052,2.5831048488616943,-1991.6466666666674,-0.014599078218452632,29.386691689491272,0.7470722328871489,0.049771924772358034,0.05846637242939323,1960,326.7047115183375,0.30826520919799805
1961,6047.49,2032.8600000000015,7167.333333333335,100,100,1007,2.185710725007355,7.117510758027145,2.408029794692993,-2032.8600000000015,-0.018393479229416698,27.206127882003784,0.7531486190855503,0.03124981308428687,0.05867686169221997,1961,326.51777932506604,0.30826520919799805
1962,6050.441,1920.0166666666662,6918.999999999998,100,100,1002,2.1909515971983384,6.905189620758481,2.396368980407715,-1920.0166666666662,-0.01645622809883207,27.85699188709259,0.7653106320649385,0.038957248762017116,0.06036086316453293,1962,326.52415141277226,0.30826520919799805
1963,6053.485,2002.4833333333331,7212.333333333334,100,100,1013,2.2973870676514663,7.11977624218493,2.5346128940582275,-2002.4833333333331,-0.01849295583087951,36.597443997859955,0.6855134684592485,0.007485178008209914,0.08383696945384145,1963,326.5272702867372,0.30826520919799805
1964,6056.21,1967.1733333333323,7137.333333333331,100,100,1014,1.969918440471732,7.038790269559498,2.1964528560638428,-1967.1733333333323,-0.021113428520038724,23.196678012609482,0.7109957747161388,0.017093099206249462,0.0819589119637385,1964,326.5477659847554,0.30826520919799805
1965,6058.915,1934.7633333333322,7188.666666666668,100,100,1008,1.9772909708701754,7.131613756613758,2.195331573486328,-1934.7633333333322,-0.016290246217977256,47.657243967056274,0.6803677827119827,0.037980768483976135,0.06722005223855376,1965,326.568418815355,0.30826520919799805
1966,6061.637,1909.846666666666,6969.333333333332,100,100,1012,1.990723222808861,6.886693017127799,2.2144827842712402,-1909.846666666666,-0.020261418190784752,21.624765276908875,0.6495051924139261,0.026578163591693738,0.07816256047226489,1966,326.58866804996006,0.30826520919799805
1967,6064.35,1955.3766666666668,6912.333333333332,100,100,1005,1.9810013947962084,6.877943615257047,2.190577507019043,-1955.3766666666668,-0.01663772846222855,26.1471885740757,0.6341150654479861,0.018606555051519535,0.06965060788206756,1967,326.60826660182187,0.30826520919799805
1968,6067.122,1848.02,6812.000000000001,100,100,1012,2.0128360672452645,6.731225296442688,2.240483522415161,-1848.02,-0.02030226733768359,44.44129419326782,0.5865653045475483,0.07842595922556939,0.0775615987367928,1968,326.6258517731449,0.30826520919799805
1969,6069.825,1907.903333333332,6804.333333333327,100,100,1007,1.9676632554452522,6.757034094670632,2.1816420555114746,-1907.903333333332,-0.019011375843547285,46.56312680244446,0.5470851669088006,0.02175090512173483,0.09648229693993926,1969,326.6463213711305,0.30826520919799805
1970,6075.647,2036.4733333333324,7098.000000000002,100,100,1010,1.9740725742966527,7.0277227722772295,2.198986053466797,-2036.4733333333324,-0.018551190267316997,42.663637697696686,0.6055814400315285,0.04049338181721396,0.09419921832159162,1970,326.66694969098523,0.30826520919799805
1971,6078.352,1993.2199999999993,7073.666666666665,100,100,1006,1.969732208062652,7.03147779986746,2.181286573410034,-1993.2199999999993,-0.02098265039967373,28.77304720878601,0.5671765329316258,0.024096828641631873,0.08920686168130487,1971,326.51975397465975,0.30826520919799805
1972,6081.072,1991.6099999999992,7100.333333333331,100,100,1007,1.9941255210944133,7.050976497848392,2.2103710174560547,-1991.6099999999992,-0.01606351393274963,26.15339547395706,0.5312869139015675,0.034329543690546416,0.09973404230549932,1972,326.53931850337335,0.30826520919799805
1973,6083.857,1953.3266666666677,6998.333333333335,100,100,1007,2.035465045224472,6.949685534591197,2.249751329421997,-1953.3266666666677,-0.017563567380420864,25.040339708328247,0.5515497960150242,0.016864227764017414,0.09524601022712886,1973,326.5553233794566,0.30826520919799805
1974,6087.027,1892.4066666666672,6863.33333333333,100,100,1006,2.3653813133018082,6.82239893969516,2.5815799236297607,-1892.4066666666672,-0.023175490234280005,32.46030926704407,0.5583779746666551,0.011283078529231716,0.07770040770992637,1974,326.5505357029359,0.30826520919799805
1975,6090.115,1882.8366666666677,6841.333333333336,100,100,1004,2.3220744037553596,6.8140770252324065,2.5337283611297607,-1882.8366666666677,-0.022148981573991477,24.084639132022858,0.560228974558413,0.017973728208744433,0.08385120751336217,1975,326.54981230265605,0.30826520919799805
1976,6093.008,2058.4533333333325,7114.333333333331,100,100,1005,2.1282300503637215,7.078938640132668,2.346730947494507,-2058.4533333333325,-0.018113296013325453,38.503216326236725,0.5929573392495513,0.00043303219717927277,0.08046875015133992,1976,326.5597482223273,0.30826520919799805
1977,6095.956,1959.7833333333322,7187.333333333334,100,100,1017,2.144440215066324,7.067191084890201,2.390934705734253,-1959.7833333333322,-0.020106411102460697,24.680419743061066,0.5610474804416299,0.008699239922862034,0.08634868427179754,1977,326.56861040145753,0.30826520919799805
1978,6098.98,1923.383333333332,7025.666666666665,100,100,1005,2.271838507855969,6.9907131011608605,2.485717535018921,-1923.383333333332,-0.0217171847471036,23.107502162456512,0.5723840510472655,0.03511126588273328,0.09239366336259991,1978,326.5715116348334,0.30826520919799805
1979,6102.074,1800.193333333334,6797.666666666668,100,100,1003,2.338186837964926,6.777334662678632,2.5413308143615723,-1800.193333333334,-0.016533355228602886,26.196147978305817,0.5173418987542391,0.05318013486248674,0.08783384831622243,1979,326.5702902959882,0.30826520919799805
1980,6108.456,1937.0299999999997,6960.666666666664,100,100,1007,2.227992253944966,6.9122807017543835,2.4471442699432373,-1937.0299999999997,-0.01773076073732227,29.49452805519104,0.5903708031401038,0.018695464970733155,0.08512716053519398,1980,326.5750148948068,0.30826520919799805
1981,6111.445,1906.229999999999,6877.666666666663,100,100,1012,2.18787717678043,6.7961133069828685,2.4181878566741943,-1906.229999999999,-0.016907504352275282,27.49462640285492,0.5349412905052304,0.021278054489812348,0.09401292097754776,1981,326.39993044160894,0.30826520919799805
1982,6114.328,1887.6633333333334,6970.333333333332,100,100,1010,2.1396450515108016,6.9013201320132005,2.3622782230377197,-1887.6633333333334,-0.023605087961186655,32.3373858332634,0.5504674706608057,0.01716424534242833,0.09189453069120646,1982,326.41120020288815,0.30826520919799805
1983,6117.058,1923.8000000000015,6879.333333333335,100,100,1006,2.012886081277865,6.838303512259777,2.2242658138275146,-1923.8000000000015,-0.015563076274702325,30.05643630027771,0.5416299914941192,0.018932365914224647,0.09173318604007363,1983,326.4299773925041,0.30826520919799805
1984,6119.787,1979.1200000000008,7338.333333333335,100,100,1006,1.9976588462064668,7.294565937707092,2.2075860500335693,-1979.1200000000008,-0.025957312784157693,28.63691908121109,0.5888967551290989,0.010169717415919877,0.09020465356297791,1984,326.4487771399928,0.30826520919799805
1985,6122.496,1906.0633333333328,7066.999999999998,100,100,1006,1.9951326050240155,7.024850894632205,2.2020413875579834,-1906.0633333333328,-0.01905105239711702,31.12986445426941,0.5321969380602241,0.022030323365470394,0.08266813884256408,1985,326.46865327491633,0.30826520919799805
1986,6125.229,1873.4733333333343,6980.333333333334,100,100,1011,1.985863304137815,6.904385097263436,2.2088401317596436,-1873.4733333333343,-0.019807880860753357,33.19736236333847,0.5427290461957455,0.04606927190616261,0.11001646774820983,1986,326.4880489767157,0.30826520919799805
1987,6127.962,1937.0900000000006,7055.0,100,100,1009,2.006620909982685,6.99207135777998,2.224379062652588,-1937.0900000000006,-0.015361332450993359,33.26812320947647,0.5380507642403245,0.017400946911948267,0.08528977970127016,1987,326.5070872991482,0.30826520919799805
1988,6130.713,1969.423333333335,7047.333333333331,100,100,1009,2.0220721507633272,6.984473075652459,2.2397990226745605,-1969.423333333335,-0.020219480560626835,25.396955460309982,0.5492992512881756,0.025279912264522864,0.08660514961229637,1988,326.5251754453855,0.30826520919799805
1989,6133.446,1903.463333333332,6949.666666666669,100,100,1004,2.0196179295120116,6.921978751660029,2.2270703315734863,-1903.463333333332,-0.017068841611035168,43.226790606975555,0.5303305592387915,0.06283971334050875,0.09299538377672434,1989,326.54332302274656,0.30826520919799805
1990,6139.332,1955.466666666667,7099.666666666669,100,100,1007,2.0008411117650886,7.050314465408807,2.2137088775634766,-1955.466666666667,-0.01652812317479402,34.603800773620605,0.6082717049866915,0.026558886926068226,0.0818442483432591,1990,326.56261944918134,0.30826520919799805
1991,6142.12,1958.429999999998,7095.6666666666615,100,100,1011,2.04308605342956,7.018463567424987,2.2687904834747314,-1958.429999999998,-0.020067661185748875,32.580740094184875,0.5850715218111873,0.014177367920638062,0.08400352351600304,1991,326.410734486224,0.30826520919799805
1992,6144.862,1866.4566666666665,6838.333333333336,100,100,1006,2.008436876534305,6.797548045062958,2.217019557952881,-1866.4566666666665,-0.017715384194161743,29.591577410697937,0.5557633051648736,0.020390306526678614,0.08589504100382328,1992,326.42882314680287,0.30826520919799805
1993,6147.603,1848.703333333334,6797.999999999999,100,100,1009,2.0099785916158344,6.737363726461843,2.225674867630005,-1848.703333333334,-0.015527903044130653,23.664651542901993,0.5698216864839196,0.011003879219060764,0.07139867666410282,1993,326.44740538202245,0.30826520919799805
1994,6150.351,1904.836666666667,6932.333333333331,100,100,1006,2.015083598571961,6.890987408880051,2.225388526916504,-1904.836666666667,-0.02122600033726485,30.725516498088837,0.5347468927502632,0.0279833405984391,0.0900772757595405,1994,326.4651026763953,0.30826520919799805
1995,6153.08,1946.003333333333,6977.666666666663,100,100,1008,2.0021815471986812,6.922288359788356,2.218309164047241,-1946.003333333333,-0.016857263864949346,27.10565948486328,0.5555797470733523,0.032592942035989836,0.06477864616317675,1995,326.4841505540718,0.30826520919799805
1996,6155.837,2054.3799999999997,7123.000000000002,100,100,1009,2.0053300305525332,7.05946481665015,2.2293450832366943,-2054.3799999999997,-0.012671702657826245,32.77718096971512,0.6134075848385692,0.01255661668983521,0.05866350431460887,1996,326.5018106726565,0.30826520919799805
1997,6158.567,1963.653333333334,6971.666666666663,100,100,1003,2.0128961096323676,6.950814223994679,2.219372034072876,-1963.653333333334,-0.018178993836045265,27.383716762065887,0.5757291680201888,0.017482095972809475,0.06951762363314629,1997,326.51995203265955,0.30826520919799805
1998,6161.324,1845.9233333333334,6918.999999999999,100,100,1006,2.0206631230705123,6.877733598409542,2.23043155670166,-1845.9233333333334,-0.01761053508380428,29.557252526283264,0.5816730493679643,0.025128923316515284,0.0726052992977202,1998,326.5371457149898,0.30826520919799805
1999,6164.09,2036.2866666666662,7127.999999999999,100,100,1010,2.0250117821194746,7.057425742574257,2.2498323917388916,-2036.2866666666662,-0.021741455362644047,26.176331758499146,0.5474999053403735,0.029657056991709396,0.09468749992083758,1999,326.55443540303247,0.30826520919799805
2000,6170.082,1925.4366666666654,6914.9999999999945,100,100,1012,2.0304063237051335,6.833003952569165,2.2590372562408447,-1925.4366666666654,-0.016928061973885633,42.32637679576874,0.5174107188358903,0.07221113620471442,0.08717698330292478,2000,326.57100495157835,0.30826520919799805
2001,6172.911,1964.4266666666665,7152.666666666669,100,100,1008,2.050845139098191,7.095899470899473,2.271423578262329,-1964.4266666666665,-0.015853640798013657,30.03110522031784,0.5031826971098781,0.023806911158317234,0.07845052098855376,2001,326.4150477891216,0.30826520919799805
2002,6175.598,1959.7966666666662,7088.66666666667,100,100,1007,1.9665325716898112,7.039390930155581,2.1821160316467285,-1959.7966666666662,-0.006553449667990208,25.867635786533356,0.5258008288219571,0.028115764442190994,0.08033784897997975,2002,326.4360738767356,0.30826520919799805
2003,6178.326,2009.62,7023.66666666667,100,100,1012,1.978333103525721,6.940382081686432,2.2034873962402344,-2009.62,-0.014715075260028243,30.47610768675804,0.504668035544455,0.032872382704226766,0.08631310146301985,2003,326.4557458987053,0.30826520919799805
2004,6181.018,1986.183333333333,7008.333333333333,100,100,1010,1.9678621794936237,6.938943894389439,2.187715768814087,-1986.183333333333,-0.0198664705385454,21.954071521759033,0.4814730267971754,0.025669994713098276,0.08652343729045242,2004,326.47696173583034,0.30826520919799805
2005,6183.698,2004.9433333333318,7013.666666666666,100,100,1005,1.9489235837772414,6.978772802653399,2.160371780395508,-2004.9433333333318,-0.017014479381032288,24.38952398300171,0.502875529229641,0.03388016758253798,0.08717447926755995,2005,326.4980194729401,0.30826520919799805
2006,6186.396,1898.2300000000012,7164.333333333335,100,100,1006,1.9758041728441613,7.121603711066934,2.1859450340270996,-1898.2300000000012,-0.012953541059687268,30.826268434524536,0.424096429720521,0.07519403938931646,0.11009680759161711,2006,326.5181938659973,0.30826520919799805
2007,6189.084,1976.9933333333338,7119.000000000001,100,100,1005,1.9702790057129083,7.08358208955224,2.1793856620788574,-1976.9933333333338,-0.020640465372707695,30.456525564193726,0.44973272923380136,0.04098049830645323,0.11162109416909516,2007,326.5387832857405,0.30826520919799805
2008,6191.751,1763.1766666666672,6805.666666666667,100,100,1008,1.9391384900830286,6.751653439153439,2.148989677429199,-1763.1766666666672,-0.016351707716239616,32.76464194059372,0.46137116476893425,0.033355742576532066,0.09261067712213844,2008,326.56091764268695,0.30826520919799805
2009,6194.45,1868.9133333333334,6854.333333333334,100,100,1007,1.972588182745137,6.806686527639855,2.1851887702941895,-1868.9133333333334,-0.018033703207038343,30.46188348531723,0.4230225756764412,0.05682047602022067,0.09551612345967442,2009,326.5812329572382,0.30826520919799805
2010,6200.227,1835.276666666667,6747.333333333332,100,100,1011,1.9743953491574933,6.673920211012198,2.1936569213867188,-1835.276666666667,-0.013702436699531972,31.689581215381622,0.41868229676038027,0.10659389144711895,0.08754595625214279,2010,326.6020873040578,0.30826520919799805
2011,6202.943,1945.0333333333335,6987.666666666666,100,100,1004,1.9808065724110164,6.959827357237716,2.188856840133667,-1945.0333333333335,-0.015036951284855604,26.823860853910446,0.4255537008866668,0.05233803660303238,0.07381924707442522,2011,326.4588958565489,0.30826520919799805
2012,6205.965,1890.5966666666657,6862.666666666668,100,100,1011,2.2664823926088027,6.7879986811737565,2.4913690090179443,-1890.5966666666657,-0.012925838571391068,26.863214313983917,0.4439893402159214,0.03792576302657835,0.0901118260808289,2012,326.46285980577915,0.30826520919799805
2013,6208.877,1857.5200000000007,6845.333333333332,100,100,1011,2.1482805161148266,6.770853939993405,2.37133526802063,-1857.5200000000007,-0.014609910547733307,21.59304592013359,0.43490563053637743,0.051233393358415924,0.09340533113572747,2013,326.4725793683523,0.30826520919799805
2014,6211.762,1883.3300000000004,6853.333333333329,100,100,1005,2.1480660707184778,6.819237147595353,2.3552796840667725,-1883.3300000000004,-0.012891083781141788,25.853062987327576,0.4835031069815159,0.04538970626890659,0.08005642367061228,2014,326.4827389817618,0.30826520919799805
2015,6214.74,1859.3299999999983,6750.666666666663,100,100,1004,2.2358442249706023,6.723771580345282,2.4422526359558105,-1859.3299999999983,-0.018428552721161395,19.985946387052536,0.44082442205399275,0.016859910196217243,0.07355291210114956,2015,326.48782585906486,0.30826520919799805
2016,6217.711,1926.5199999999995,6946.666666666664,100,100,1003,2.2193017953789513,6.925888999667661,2.424257755279541,-1926.5199999999995,-0.009585170133505017,36.89147585630417,0.45164292864501476,0.030837145604891703,0.07856785971671343,2016,326.4931588951572,0.30826520919799805
2017,6220.581,1929.4066666666654,6983.000000000003,100,100,1012,2.115901875362102,6.900197628458501,2.342796802520752,-1929.4066666666654,-0.013870470691472292,26.917717814445496,0.5272325184196234,0.04370730480150087,0.0917217549867928,2017,326.5051740651552,0.30826520919799805
2018,6223.481,1910.9200000000021,6961.000000000008,100,100,1008,2.13283878953902,6.905753968253976,2.3518221378326416,-1910.9200000000021,-0.01813966903137043,27.195498824119568,0.4395787585526705,0.04234362200804753,0.1002604168606922,2018,326.5150071461534,0.30826520919799805
2019,6226.433,1981.0733333333337,7064.333333333331,100,100,1014,2.170560552340912,6.966798159105849,2.406991481781006,-1981.0733333333337,-0.011285134009085596,25.7942735850811,0.513394239358604,0.04936491325497627,0.09376808442175388,2019,326.5230610033636,0.30826520919799805
2020,6232.853,1815.8966666666674,6605.6666666666715,100,100,1005,2.221195424318462,6.572802653399673,2.4313292503356934,-1815.8966666666674,-0.016704424841009313,29.63547158241272,0.4545042458921671,0.03467413429461885,0.10059678857214749,2020,326.5285296572653,0.30826520919799805
2021,6235.558,1987.4266666666672,7085.0,100,100,1008,1.9747688493225724,7.028769841269841,2.1911702156066895,-1987.4266666666672,-0.015399133961182088,35.10997349023819,0.49815161898732185,0.05692231102148071,0.08610026072710752,2021,326.36808766040525,0.30826520919799805
2022,6238.289,2017.2233333333338,7038.000000000001,100,100,1011,1.9792992092897466,6.961424332344214,2.2049829959869385,-2017.2233333333338,-0.013460242305882275,35.75606656074524,0.5834852214902639,0.02381930348201422,0.07998238387517631,2022,326.3872717943781,0.30826520919799805
2023,6241.028,1981.9166666666677,7107.666666666674,100,100,1010,1.9774744533795383,7.037293729372945,2.1987671852111816,-1981.9166666666677,-0.01936729741282761,27.46988135576248,0.453845227137208,0.01636400956340367,0.1080078121740371,2023,326.40583629769594,0.30826520919799805
2024,6243.755,1874.3533333333326,6951.33333333333,100,100,1005,1.9938261712674255,6.916749585406299,2.201470375061035,-1874.3533333333326,-0.019194042833987623,25.013407766819,0.4935720292851329,0.021139406482689083,0.09511718770954758,2024,326.424288219408,0.30826520919799805
2025,6246.487,1939.9200000000012,6970.333333333331,100,100,1011,1.9995639981327966,6.894493900428617,2.222219705581665,-1939.9200000000012,-0.018101975525496528,57.69531774520874,0.5615496914833784,0.007792760443408042,0.1062346815597266,2025,326.4433258081875,0.30826520919799805
2026,6249.205,1925.6800000000003,6966.666666666668,100,100,1009,1.97993141688532,6.904525933267262,2.1950767040252686,-1925.6800000000003,-0.013288576097693294,33.16969084739685,0.49804786406457424,0.03755548913613893,0.0860072544310242,2026,326.4628298747149,0.30826520919799805
2027,6251.9,1965.4900000000007,7069.000000000001,100,100,1010,1.967737029910567,6.9990099009901,2.1863796710968018,-1965.4900000000007,-0.01511467614909634,35.3454994559288,0.5260782958939672,0.01810078349808464,0.1109960931353271,2027,326.48363362832674,0.30826520919799805
2028,6254.586,1961.9533333333331,6986.33333333333,100,100,1010,1.9587877239930527,6.917161716171615,2.1775310039520264,-1961.9533333333331,-0.0173247919883579,24.581999093294144,0.5316032618284225,0.032492619517142884,0.08722656243480742,2028,326.50490805749223,0.30826520919799805
2029,6257.296,1859.073333333333,6892.666666666664,100,100,1010,1.9727255432119613,6.824422442244222,2.1886825561523438,-1859.073333333333,-0.012653482612222433,35.91399323940277,0.564918115735054,0.0393305726138351,0.09566406207159162,2029,326.5249141289235,0.30826520919799805
2030,6263.147,1981.0666666666668,7178.333333333334,100,100,1003,1.9898383858672168,7.1568627450980395,2.196160078048706,-1981.0666666666668,-0.019504495430737734,32.61684709787369,0.5422950433567166,0.04164721448614728,0.09441996738314629,2030,326.5428951209404,0.30826520919799805
2031,6265.885,1903.1233333333344,7074.333333333338,100,100,1008,1.9956072429767884,7.018187830687835,2.20758318901062,-1903.1233333333344,-0.020169401250313967,26.127420902252197,0.5757296122610569,0.03261021497746697,0.10042317723855376,2031,326.3982569891675,0.30826520919799805
2032,6268.606,1861.7566666666678,6929.666666666668,100,100,1009,1.9816828540196814,6.867855962999671,2.195425510406494,-1861.7566666666678,-0.012858458270784467,30.92229014635086,0.590697119012475,0.02799583806336159,0.07413903053384274,2032,326.4175544002883,0.30826520919799805
2033,6271.32,1991.1633333333332,6925.000000000002,100,100,1007,1.9629846074754351,6.876861966236348,2.178356409072876,-1991.1633333333332,-0.015061195619637147,34.40088224411011,0.6099506476894021,0.02187641513592098,0.0746966419974342,2033,326.4368536025415,0.30826520919799805
2034,6274.026,1944.2366666666674,7152.333333333333,100,100,1005,1.9874982077127963,7.116749585406302,2.198774814605713,-1944.2366666666674,-0.022710844175890088,24.392067074775696,0.5667179375886917,0.0214227657779702,0.09156901063397527,2034,326.45624322958633,0.30826520919799805
2035,6276.757,2118.2666666666664,7313.333333333333,100,100,1013,1.9744382030031802,7.21948009213557,2.2096104621887207,-2118.2666666666664,-0.01843996430397965,43.26866739988327,0.6328777857124805,0.019189941143849865,0.09117961395531893,2035,326.4755898698248,0.30826520919799805
2036,6279.473,1923.2666666666687,7001.6666666666715,100,100,1008,1.9947547636028113,6.946097883597888,2.20920991897583,-1923.2666666666687,-0.018170380615629256,24.844808101654053,0.5777850495651364,0.03725310125082615,0.12174479197710752,2036,326.4949159343564,0.30826520919799805
2037,6282.188,2033.263333333335,7271.999999999997,100,100,1008,1.9736146839152622,7.214285714285712,2.191701889038086,-2033.263333333335,-0.016574223642237484,38.43406540155411,0.6634569559246302,0.02735331956137088,0.08902994799427688,2037,326.51427581051763,0.30826520919799805
2038,6284.885,1871.3033333333326,6780.666666666667,100,100,1007,1.9749625619036602,6.73353194306521,2.183933734893799,-1871.3033333333326,-0.013336174451978877,31.281267642974854,0.6152833243831992,0.01758089309441857,0.11242935486370698,2038,326.5343854652359,0.30826520919799805
2039,6287.589,1993.8399999999997,7174.666666666668,100,100,1004,1.9830689251615825,7.146082337317399,2.190986394882202,-1993.8399999999997,-0.02316226507537067,23.355881571769714,0.662093224003911,0.014418239996302873,0.08757990086451173,2039,326.5536025631624,0.30826520919799805
2040,6293.428,2052.176666666666,7302.999999999996,100,100,1008,1.9757999004454292,7.245039682539679,2.1955246925354004,-2052.176666666666,-0.011426756449509412,37.12089568376541,0.6995083019137383,0.03695058432640508,0.0690104168606922,2040,326.5727275628656,0.30826520919799805
2041,6296.11,1887.826666666666,7109.000000000004,100,100,1000,1.9656224994687364,7.1090000000000035,2.161227226257324,-1887.826666666666,-0.0190072757541202,26.975289940834045,0.6431312151253223,0.02235564596048789,0.10361328115686774,2041,326.43065600330164,0.30826520919799805
2042,6298.824,1961.9066666666665,7113.999999999998,100,100,1011,1.9730361051623488,7.036597428288821,2.1935670375823975,-1961.9066666666665,-0.01562690839637071,28.378820717334747,0.659598708152771,0.04826628974478808,0.0875459560775198,2042,326.4505193603943,0.30826520919799805
2043,6301.536,1878.3066666666668,6891.333333333334,100,100,1010,1.9863184151875943,6.8231023102310235,2.2025790214538574,-1878.3066666666668,-0.01087612786795944,36.209529399871826,0.6525209732353687,0.037580174626782537,0.09072265611030161,2043,326.4702458012236,0.30826520919799805
2044,6304.221,1934.7733333333322,7051.000000000002,100,100,1006,1.9527407554922547,7.0089463220675965,2.163823127746582,-1934.7733333333322,-0.010145695268874988,23.60025781393051,0.6474487017840147,0.030496627266984433,0.09907863463740796,2044,326.4907593852934,0.30826520919799805
2045,6306.876,2023.3999999999983,7128.999999999999,100,100,1005,1.9406109452896303,7.0935323383084565,2.152137517929077,-2023.3999999999983,-0.011859094665851444,32.43581032752991,0.6945170667022467,0.027561339840758592,0.09707031270954758,2045,326.5126593817582,0.30826520919799805
2046,6309.554,1846.5466666666655,7026.666666666664,100,100,1015,1.9492064025757716,6.922824302134645,2.1737561225891113,-1846.5466666666655,-0.017487494682427496,27.319255530834198,0.5545050334185362,0.03579643521516118,0.0905628550099209,2046,326.53495214732504,0.30826520919799805
2047,6312.216,1819.336666666667,6726.000000000003,100,100,1010,1.928245248780171,6.659405940594062,2.1427345275878906,-1819.336666666667,-0.015761725837364793,31.095395982265472,0.595463901758194,0.02316811083437642,0.09419921832159162,2047,326.5572805159155,0.30826520919799805
2048,6314.878,1883.333333333333,7111.000000000004,100,100,1011,1.9371807116934059,7.033630069238382,2.1542158126831055,-1883.333333333333,-0.015073957853019238,26.5066237449646,0.5686329808086157,0.029098741302732378,0.09023629012517631,2048,326.57978005865056,0.30826520919799805
2049,6317.581,1963.8633333333332,7044.666666666668,100,100,1010,1.9731214854377552,6.974917491749176,2.195356845855713,-1963.8633333333332,-0.02015815515187569,32.236315846443176,0.5384598830714822,0.049000209583027754,0.11087890609633178,2049,326.599841473264,0.30826520919799805
2050,6323.391,1943.220000000001,7084.999999999996,100,100,1011,1.9314935697799016,7.00791295746785,2.1500892639160156,-1943.220000000001,-0.01807039845152758,32.72212129831314,0.5815259264782071,0.016799100529169664,0.09732115513179451,2050,326.62134197480816,0.30826520919799805
2051,6326.337,1881.1366666666675,7086.333333333336,100,100,1008,2.1867408750473434,7.030092592592595,2.401707649230957,-1881.1366666666675,-0.014547339815180749,35.14478588104248,0.6182796135544777,0.02975732101549511,0.08854166697710752,2051,326.4669470258296,0.30826520919799805
2052,6329.508,1952.0166666666682,6924.000000000005,100,100,1007,2.4077774564455363,6.875868917576966,2.631103515625,-1952.0166666666682,-0.016822281992062926,33.17627555131912,0.6364350412040949,0.051982399254484335,0.08459732367191464,2052,326.46249876305524,0.30826520919799805
2053,6332.68,2000.6400000000003,7143.333333333331,100,100,1011,2.387547777075796,7.06561160567095,2.619364023208618,-2000.6400000000003,-0.019713875779416412,36.197354435920715,0.6160382861271501,0.038203877258638386,0.0854683673242107,2053,326.45864959135594,0.30826520919799805
2054,6335.634,1899.3700000000015,6963.333333333337,100,100,1004,2.214913047637709,6.9355909694555145,2.4214963912963867,-1899.3700000000015,-0.006851030571851879,28.607808709144592,0.5671056164428592,0.04307693542068591,0.09783380711451173,2054,326.46494667011086,0.30826520919799805
2055,6338.576,1897.0933333333335,6759.666666666665,100,100,1008,2.1801274829952506,6.706018518518517,2.3955492973327637,-1897.0933333333335,-0.016731104667996988,34.06428641080856,0.6266570938751101,0.04904762976366328,0.08593750034924597,2055,326.4724062920344,0.30826520919799805
2056,6341.735,1946.2466666666662,6992.0,100,100,1009,2.3861518321232085,6.929633300297324,2.6092917919158936,-1946.2466666666662,-0.015758394496515393,25.81449246406555,0.6470575388520956,0.01738530626607826,0.09201610303716734,2056,326.4688474007681,0.30826520919799805
2057,6344.932,1898.430000000001,6956.666666666664,100,100,1009,2.4311220030160943,6.894615130492234,2.6553502082824707,-1898.430000000001,-0.018292166874743998,37.32447761297226,0.6031999252736568,0.014640963367128279,0.07755699922563508,2057,326.4634468752497,0.30826520919799805
2058,6347.975,1793.2800000000007,6733.666666666666,100,100,1002,2.3114531954607282,6.72022621423819,2.5096442699432373,-1793.2800000000007,-0.021299366955645382,33.748681247234344,0.5710373455658555,0.033620398924540495,0.08140346012078226,2058,326.464747625192,0.30826520919799805
2059,6350.971,1891.3433333333328,6807.666666666667,100,100,1014,2.2191192326319626,6.713675213675214,2.452181816101074,-1891.3433333333328,-0.016634222818538547,28.686677634716034,0.6215367671102285,0.025652883647126146,0.08089192712213844,2059,326.4704183329126,0.30826520919799805
2060,6357.224,1942.1366666666665,7096.666666666666,100,100,1003,2.2577975073677012,7.075440345629777,2.463249444961548,-1942.1366666666665,-0.013305405096616596,22.059910744428635,0.5118141788989305,0.019159889467118774,0.10540061770007014,2060,326.4741175198675,0.30826520919799805
2061,6360.218,1957.6833333333352,7011.333333333332,100,100,1010,2.2400716825683444,6.941914191419141,2.466695785522461,-1957.6833333333352,-0.01017808195319958,36.00991731882095,0.623959394171834,0.05628165831876686,0.05501953116618097,2061,326.31223999532875,0.30826520919799805
2062,6363.306,1952.8766666666654,7046.333333333329,100,100,1008,2.325484224355831,6.990410052910049,2.5484559535980225,-1952.8766666666654,-0.01873195852385834,30.901188671588898,0.5562538001686335,0.026112245654076105,0.08984375023283064,2062,326.31227453781236,0.30826520919799805
2063,6366.124,1870.8199999999986,6730.666666666665,100,100,1005,2.0945488551714972,6.697180762852403,2.303597927093506,-1870.8199999999986,-0.012146657856646925,25.784367442131042,0.5595021136105061,0.021161865879548714,0.08234592020744458,2063,326.3257005751284,0.30826520919799805
2064,6368.942,1838.4999999999998,6951.333333333332,100,100,1011,2.055025718803126,6.875700626442465,2.277174949645996,-1838.4999999999998,-0.013758672517724335,30.324229776859283,0.5450024548918009,0.024632351160107646,0.0763154873275198,2064,326.3400818103582,0.30826520919799805
2065,6371.92,1924.8466666666668,7055.000000000001,100,100,1009,2.2233127864637034,6.992071357779981,2.443167209625244,-1924.8466666666668,-0.016013575077522546,30.315267384052277,0.550696418620646,0.05780775627499679,0.08356584794819355,2065,326.3458806843199,0.30826520919799805
2066,6374.886,1885.6166666666666,6989.000000000006,100,100,1006,2.2348392648098407,6.947316103379728,2.445347309112549,-1885.6166666666666,-0.018032851308817044,35.922731935977936,0.5114844534546137,0.038233520801441045,0.08863366185687482,2066,326.35188347121095,0.30826520919799805
2067,6377.783,2135.6033333333335,7266.333333333331,100,100,1009,2.15082576662686,7.201519656425502,2.3770034313201904,-2135.6033333333335,-0.012619548186194152,51.27999830245972,0.6326405918225646,0.012850689214246813,0.062380420975387096,2067,326.36185632740404,0.30826520919799805
2068,6380.555,1958.3399999999988,7210.333333333328,100,100,1006,2.0422819108705945,7.167329357190186,2.2538225650787354,-1958.3399999999988,-0.013739200192503631,33.298286497592926,0.6186318481341004,0.03566826879250584,0.0823709242977202,2068,326.37778286406683,0.30826520919799805
2069,6383.44,1981.9166666666665,7033.000000000001,100,100,1011,2.115225322677226,6.956478733926806,2.3389620780944824,-1981.9166666666665,-0.012216742266900837,37.26433378458023,0.6166029190644622,0.030731330713024363,0.07717716001207009,2069,326.3886173135921,0.30826520919799805
2070,6390.012,1960.5999999999992,7009.33333333333,100,100,1010,2.226462672662801,6.939933993399337,2.4508678913116455,-1960.5999999999992,-0.012565490265842527,30.256137311458588,0.5791579438373446,0.07003282808000222,0.07238281238824129,2070,326.3940493501489,0.30826520919799805
2071,6393.198,1780.5533333333342,6694.333333333334,100,100,1008,2.399706846012527,6.641203703703704,2.6227664947509766,-1780.5533333333342,-0.008415345626417547,23.072892248630524,0.5366631308570504,0.039740365515172016,0.06559244799427688,2071,326.206066415314,0.30826520919799805
2072,6396.24,1840.2566666666673,7063.0,100,100,1008,2.2953696424670014,7.006944444444445,2.5124194622039795,-1840.2566666666673,-0.007738740612694528,24.35900929570198,0.5254765162244439,0.06973390773055144,0.07096354168606922,2072,326.20850136136414,0.30826520919799805
2073,6399.209,1818.0399999999997,6910.000000000004,100,100,1014,2.1898577890323963,6.814595660749511,2.4183847904205322,-1818.0399999999997,-0.014189851557603106,25.580175936222076,0.5136756729334593,0.054124439258885104,0.067039207322523,2073,326.2156244360147,0.30826520919799805
2074,6402.246,1911.3300000000017,6852.66666666667,100,100,1007,2.287111223477393,6.805031446540884,2.503479242324829,-1911.3300000000017,-0.011100684409029782,27.244404673576355,0.5678954971954226,0.03443941906152759,0.06346617336384952,2074,326.2181782480842,0.30826520919799805
2075,6405.4,1926.683333333333,6965.000000000004,100,100,1008,2.3968644813904243,6.909722222222226,2.616556167602539,-1926.683333333333,-0.011926897510420531,31.044491171836853,0.5883646374568343,0.01580589546210831,0.06884765642462298,2075,326.21492073020306,0.30826520919799805
2076,6408.44,1899.9933333333327,7209.666666666668,100,100,1006,2.2940577545238447,7.166666666666668,2.506640911102295,-1899.9933333333327,-0.014655531500466168,36.72589302062988,0.5604012561962008,0.05425606728749699,0.06850798259256408,2076,326.2171200073775,0.30826520919799805
2077,6411.4,1962.1033333333332,7276.000000000003,100,100,1015,2.1877036464350126,7.168472906403943,2.4214556217193604,-1962.1033333333332,-0.017689034662907943,42.4819170832634,0.6358469631522894,0.03269178505433956,0.08087713061831892,2077,326.2248723129453,0.30826520919799805
2078,6414.2,1842.0633333333335,6846.333333333334,100,100,1007,2.0685244306307857,6.798742138364781,2.2786922454833984,-1842.0633333333335,-0.007795729674398899,34.98585385084152,0.47342056035995483,0.036577742925146595,0.09307471732608974,2078,326.23945999021174,0.30826520919799805
2079,6416.845,1907.0999999999997,6918.000000000001,100,100,1005,1.9284069653952596,6.88358208955224,2.136212110519409,-1907.0999999999997,-0.016861519601661712,30.781793177127838,0.5748256957158446,0.020548711669107433,0.09352213545935228,2079,326.26157098219585,0.30826520919799805
2080,6422.686,1815.3566666666663,6869.666666666668,100,100,1012,1.9529225281025595,6.788208168642952,2.1702792644500732,-1815.3566666666663,-0.010632209072355181,35.64030861854553,0.510339236818254,0.052702006774779875,0.0673076924867928,2080,326.28212282816423,0.30826520919799805
2081,6425.356,1860.3499999999976,7025.999999999998,100,100,1008,1.947248312746293,6.970238095238093,2.157059669494629,-1860.3499999999976,-0.017997184302657843,22.492095172405243,0.5635430114343762,0.041775741352466866,0.05940755223855376,2081,326.1437779240128,0.30826520919799805
2082,6428.024,1758.593333333334,6886.999999999998,100,100,1011,1.94849772493951,6.812067260138475,2.1598644256591797,-1758.593333333334,-0.011443009483627975,27.684496998786926,0.48159588780254126,0.03561065415851772,0.06716260738903657,2082,326.16570229163676,0.30826520919799805
2083,6430.706,1882.2166666666658,7157.66666666667,100,100,1012,1.9389154151838508,7.072793148880108,2.156827211380005,-1882.2166666666658,-0.015511759149376303,30.02535343170166,0.5988621795549989,0.02511793816665886,0.06557992822490633,2083,326.1870308700047,0.30826520919799805
2084,6433.377,1905.430000000001,7109.66666666667,100,100,1011,1.947233532845576,7.032311242993739,2.1645610332489014,-1905.430000000001,-0.019761683914111927,23.44393128156662,0.6447212658822536,0.047020656158565544,0.0906096815597266,2084,326.20877005836934,0.30826520919799805
2085,6436.078,1912.9200000000003,7190.333333333335,100,100,1015,1.9539513329291724,7.084072249589492,2.181586980819702,-1912.9200000000003,-0.020325939636677504,21.336016356945038,0.6564112082123756,0.029218567462521605,0.08599076676182449,2085,326.2295949095758,0.30826520919799805
2086,6438.817,1841.4700000000012,7010.33333333334,100,100,1014,1.9853446750646306,6.913543721236036,2.2079925537109375,-1841.4700000000012,-0.01439190459495876,30.700028836727142,0.6069783633574843,0.03517773164639948,0.0721932869637385,2086,326.2482896276747,0.30826520919799805
2087,6441.481,1883.4633333333338,7062.666666666664,100,100,1012,1.9400635378282487,6.978919631093541,2.157088279724121,-1883.4633333333338,-0.008615073282271624,24.83967676758766,0.708611698821187,0.042082778076292016,0.0721905049867928,2087,326.27045522221033,0.30826520919799805
2088,6444.351,1824.049999999998,6747.000000000001,100,100,1015,2.0945449278281605,6.64729064039409,2.3235108852386475,-1824.049999999998,-0.01383285626070574,25.63173320889473,0.6069358615204692,0.009004205254314002,0.06737393466755748,2088,326.2827125272959,0.30826520919799805
2089,6447.309,1935.0766666666666,6998.666666666666,100,100,1009,2.1998615447631176,6.93624050214734,2.418564558029175,-1935.0766666666666,-0.017635309253819287,27.100410521030426,0.6549825463443995,0.03796995197626529,0.07758689392358065,2089,326.2894868958229,0.30826520919799805
2090,6453.975,1946.2,7049.000000000002,100,100,1012,2.3819493096949453,6.9654150197628475,2.61053466796875,-1946.2,-0.014598077163100243,34.91737461090088,0.6926037147641182,0.012591579608852044,0.04349459148943424,2090,326.28740186268067,0.30826520919799805
2091,6456.928,1896.276666666666,6811.000000000003,100,100,1008,2.18664325571837,6.756944444444447,2.4030869007110596,-1896.276666666666,-0.00997721723979339,29.8778777718544,0.6949907392263412,0.04887536442402052,0.06787109386641532,2091,326.11622673422823,0.30826520919799805
2092,6459.948,1886.6299999999997,7102.666666666668,100,100,1010,2.2661093049590466,7.032343234323434,2.485952138900757,-1886.6299999999997,-0.017740191193297505,24.753300219774246,0.639392152428627,0.03641955143757514,0.06671874993480742,2092,326.1201409086018,0.30826520919799805
2093,6463.07,1823.456666666668,6992.333333333335,100,100,1011,2.3584394631898133,6.916254533465217,2.5806796550750732,-1823.456666666668,-0.019038364989683032,19.623781383037567,0.6687684115022421,0.010696118741179816,0.05274394922889769,2093,326.11901321688634,0.30826520919799805
2094,6466.223,1845.0633333333324,6903.666666666665,100,100,1017,2.3773683370352012,6.788266142248442,2.617208480834961,-1845.0633333333324,-0.01637413224671036,19.54814487695694,0.6181864067912102,0.009729146644531284,0.06694592931307852,2094,326.117285223521,0.30826520919799805
2095,6469.221,2010.526666666667,7226.666666666668,100,100,1012,2.2069419956887546,7.140974967061925,2.4344730377197266,-2010.526666666667,-0.02012068050680682,33.340384125709534,0.6426122486591339,0.03158179288220708,0.06813401461113244,2095,326.12259678742595,0.30826520919799805
2096,6472.239,1899.443333333333,7068.999999999999,100,100,1016,2.237619587525498,6.95767716535433,2.473794460296631,-1899.443333333333,-0.019775285793002695,21.209970235824585,0.6982679851353168,0.02142431784159271,0.07282366073923185,2096,326.12755019068817,0.30826520919799805
2097,6475.031,1713.7799999999988,6843.999999999995,100,100,1014,2.046299707034283,6.749506903353053,2.2660036087036133,-1713.7799999999988,-0.020649734477046877,26.380815386772156,0.6053852448239923,0.021728833773522638,0.07667824090458453,2097,326.1434706046457,0.30826520919799805
2098,6477.76,1801.86,6827.33333333333,100,100,1011,1.9881620170165344,6.753049785690732,2.204653024673462,-1801.86,-0.017557214538101107,23.841580986976624,0.6029080478474498,0.030472275881038513,0.05469707422889769,2098,326.16211954345505,0.30826520919799805
2099,6480.53,1849.523333333336,6972.333333333341,100,100,1011,2.033330858698894,6.8964721397955895,2.252868413925171,-1849.523333333336,-0.02337519556749612,20.632666438817978,0.6392024792730808,0.018622163051986718,0.07547296304255724,2099,326.1787294940407,0.30826520919799805
2100,6486.437,1869.1433333333343,6926.666666666671,100,100,1015,2.024006993243737,6.824302134646966,2.252697706222534,-1869.1433333333343,-0.021120539400726557,24.223291099071503,0.5941713461652398,0.03327847162654507,0.07143998565152287,2100,326.1955294662656,0.30826520919799805
2101,6489.157,1841.1166666666675,6760.999999999998,100,100,1009,1.9835551034906516,6.70069375619425,2.1971194744110107,-1841.1166666666675,-0.019046045490540564,25.735849678516388,0.6082961559295654,0.035680769658938516,0.07526506698923185,2101,326.05698582930876,0.30826520919799805
2102,6491.896,1802.89,6716.666666666663,100,100,1011,1.9946964389693387,6.643587207385424,2.212885618209839,-1802.89,-0.015533091383986175,24.09324198961258,0.6167468260973692,0.017034350901667494,0.0631318935775198,2102,326.0751599200786,0.30826520919799805
2103,6494.626,1889.5966666666668,7012.333333333336,100,100,1010,1.999748811139587,6.942904290429046,2.2149739265441895,-1889.5966666666668,-0.01927230809815228,30.42163622379303,0.5282133733853698,0.03183937563517247,0.09943359368480742,2103,326.09360792078286,0.30826520919799805
2104,6497.381,1781.8599999999983,6832.999999999996,100,100,1011,2.0002282898675956,6.758654797230461,2.2187118530273438,-1781.8599999999983,-0.020254418021067977,20.484406530857086,0.5940624894574285,0.010855669159354875,0.0615425860742107,2104,326.11095730978866,0.30826520919799805
2105,6500.093,1821.6366666666677,6780.66666666667,100,100,1009,1.9869078281847807,6.720185001651804,2.1994121074676514,-1821.6366666666677,-0.017792179743992165,19.088181883096695,0.501644816249609,0.03166973865882028,0.08915616990998387,2105,326.13011569695004,0.30826520919799805
2106,6502.809,1855.68,6962.333333333334,100,100,1011,1.9661412473250288,6.886580942960766,2.1812961101531982,-1855.68,-0.010134776435734238,22.445905774831772,0.5106608662754297,0.02550640740810195,0.05836397083476186,2106,326.149363119279,0.30826520919799805
2107,6505.512,1806.1200000000013,6944.333333333332,100,100,1013,1.9692117478174451,6.855215531424809,2.1878960132598877,-1806.1200000000013,-0.015802337788045406,25.51100355386734,0.4807271473109722,0.028992833496886306,0.07014666870236397,2107,326.1695993488431,0.30826520919799805
2108,6508.27,1868.2766666666657,6961.0,100,100,1012,1.9862350805068072,6.878458498023716,2.2048487663269043,-1868.2766666666657,-0.018331388535443693,18.299266815185547,0.47876558639109135,0.01563118192825641,0.07508263236377388,2108,326.1868769527333,0.30826520919799805
2109,6511.016,1872.0033333333347,6990.666666666667,100,100,1011,1.9841425300001891,6.914606000659413,2.1995933055877686,-1872.0033333333347,-0.013651988236233592,20.61363971233368,0.4648437602445483,0.034835611691960366,0.07815372268669307,2109,326.20452520205055,0.30826520919799805
2110,6516.879,1775.6933333333325,6827.666666666667,100,100,1012,1.9937988125402555,6.746706192358366,2.2106001377105713,-1775.6933333333325,-0.020272741501685232,23.451981484889984,0.48628571070730686,0.040679092140635476,0.09348707972094417,2110,326.22271947197066,0.30826520919799805
2111,6519.595,1749.7933333333326,6615.666666666667,100,100,1011,1.9799991105254795,6.543686119353776,2.19270658493042,-1749.7933333333326,-0.017175761342514306,23.096231997013092,0.5175604112446308,0.029505296632123645,0.06984336720779538,2111,326.0855747798617,0.30826520919799805
2112,6522.34,1920.4633333333345,6943.333333333337,100,100,1012,1.9934266780801264,6.86100131752306,2.2160143852233887,-1920.4633333333345,-0.016626497206743807,26.49604421854019,0.5643035173416138,0.022766922649680055,0.0804912862367928,2112,326.1035100296213,0.30826520919799805
2113,6525.059,1802.053333333333,6708.000000000002,100,100,1009,1.987251734621343,6.648166501486622,2.1998188495635986,-1802.053333333333,-0.014893321320414543,29.78996467590332,0.5437492625787854,0.041262180340709165,0.10204081633128226,2113,326.12224477063745,0.30826520919799805
2114,6527.856,1874.9933333333338,6973.333333333333,100,100,1007,2.0430729902037736,6.924859318106587,2.258505344390869,-1874.9933333333338,-0.01731893338728696,25.873722672462463,0.5766298174858093,0.014625156505644554,0.061294880229979753,2114,326.13678864128417,0.30826520919799805
2115,6530.589,1878.5899999999992,7011.333333333333,100,100,1011,1.9864195845625063,6.935047807451368,2.2042622566223145,-1878.5899999999992,-0.017881225212477148,31.714020431041718,0.4821276403963566,0.013525194059184287,0.06703814375214279,2115,326.1551015433077,0.30826520919799805
2116,6533.343,1999.6433333333343,7155.000000000003,100,100,1008,2.0091147833025187,7.098214285714288,2.2260043621063232,-1999.6433333333343,-0.020639761467464268,35.27655869722366,0.5154458582401276,0.019339098875207128,0.07470703125,2116,326.1719300492436,0.30826520919799805
2117,6535.998,1885.2833333333351,7005.333333333338,100,100,1008,1.9340429552978584,6.949735449735454,2.145482063293457,-1885.2833333333351,-0.016468348156195134,25.690305709838867,0.5491174170747399,0.021785454257042147,0.08951822924427688,2117,326.19362617217814,0.30826520919799805
2118,6538.676,1934.083333333333,7136.333333333334,100,100,1011,1.9299822926712908,7.058687767886582,2.1501989364624023,-1934.083333333333,-0.018432275508530438,26.870759427547455,0.5055982815101743,0.014771204150747508,0.06361060054041445,2118,326.21465581899776,0.30826520919799805
2119,6541.318,1930.1300000000024,7096.333333333336,100,100,1007,1.9173978139112713,7.047004303210859,2.128708600997925,-1930.1300000000024,-0.02344782027648762,22.962003231048584,0.5362575352191925,0.010736873005953385,0.08113779907580465,2119,326.236864512582,0.30826520919799805
2120,6547.015,2009.6700000000012,7203.666666666665,100,100,1007,1.9348990064634097,7.153591525984772,2.1478993892669678,-2009.6700000000012,-0.01655207754811272,28.771644711494446,0.485914989374578,0.020925402892316924,0.0770964925759472,2120,326.2578445349913,0.30826520919799805
2121,6549.702,1869.4133333333334,6857.666666666668,100,100,1007,1.9475310804348258,6.809996689837803,2.157674789428711,-1869.4133333333334,-0.015539944433839992,38.61553168296814,0.478704915381968,0.03360576610430144,0.07021899917162955,2121,326.1268069552759,0.30826520919799805
2122,6552.368,1920.5433333333335,6713.333333333338,100,100,1005,1.9448580076704867,6.679933665008296,2.1536219120025635,-1920.5433333333335,-0.01010006875731051,34.03430598974228,0.4727300312370062,0.024413589853793383,0.07969835086259991,2122,326.1474164663557,0.30826520919799805
2123,6555.022,2011.2666666666669,7181.333333333335,100,100,1010,1.9248928690310751,7.110231023102312,2.143125295639038,-2011.2666666666669,-0.013456952874548733,34.496036529541016,0.45178485102951527,0.03266937766602496,0.08033203112427145,2123,326.16948496482587,0.30826520919799805
2124,6557.718,1986.0166666666662,7054.666666666668,100,100,1007,1.9392866945095812,7.005627275736512,2.155686378479004,-1986.0166666666662,-0.012863452488090843,45.64841145277023,0.45806849375367165,0.018003252156631788,0.08184424845967442,2124,326.1889162452871,0.30826520919799805
2125,6560.401,2027.9533333333322,7303.0,100,100,1004,1.937363246888056,7.2739043824701195,2.145565986633301,-2027.9533333333322,-0.01611375907668844,27.537453293800354,0.40498450119048357,0.003947128698200686,0.07239879271946847,2125,326.20856910056534,0.30826520919799805
2126,6563.088,1933.8866666666675,6911.333333333335,100,100,1013,1.9283399791691198,6.822639025995395,2.151968002319336,-1933.8866666666675,-0.016973522084299475,28.47398990392685,0.3890124671161175,0.020325887198850978,0.08520047180354595,2126,326.2293549777664,0.30826520919799805
2127,6566.226,1963.230000000001,7181.333333333339,100,100,1008,2.357192660311407,7.12433862433863,2.578227996826172,-1963.230000000001,-0.012445525557268411,51.116191029548645,0.3709751246497035,0.04028635684517212,0.07958984398283064,2127,326.2269908401395,0.30826520919799805
2128,6569.327,1884.923333333334,7069.333333333331,100,100,1005,2.3573011952216056,7.034162520729683,2.569246530532837,-1884.923333333334,-0.01597106014378369,24.785722196102142,0.383490476757288,0.009937294365954585,0.07977430580649525,2128,326.22595405356446,0.30826520919799805
2129,6572.326,2053.860000000001,7169.000000000003,100,100,1010,2.2336117810302296,7.0980198019802,2.463653564453125,-2053.860000000001,-0.018792506540194154,38.311568439006805,0.39906959142535925,0.025293520404375158,0.08619140612427145,2129,326.2308463830328,0.30826520919799805
2130,6578.901,1880.0033333333322,6918.666666666669,100,100,1005,2.171482985134964,6.884245439469322,2.376638889312744,-1880.0033333333322,-0.015653732567443512,24.75684905052185,0.3296330524608493,0.03730559720861493,0.08506944472901523,2130,326.2389482041889,0.30826520919799805
2131,6582.009,1866.7233333333331,6877.000000000005,100,100,1010,2.34946950412549,6.808910891089114,2.5732457637786865,-1866.7233333333331,-0.016612740932032466,31.979506492614746,0.3733839485794306,0.0236542722559534,0.08082031237427145,2131,326.0570572092766,0.30826520919799805
2132,6585.01,1913.6699999999994,7028.666666666666,100,100,1008,2.2423794617347923,6.972883597883597,2.4626638889312744,-1913.6699999999994,-0.017161371826659888,48.10178458690643,0.33973503205925226,0.020283969766751397,0.08138020848855376,2132,326.0614728596907,0.30826520919799805
2133,6588.003,1938.6900000000014,7047.333333333336,100,100,1013,2.206884895939553,6.956893715037844,2.4392685890197754,-1938.6900000000014,-0.016962150431936607,40.385230243206024,0.35088914912194014,0.021541729918681085,0.09099535690620542,2133,326.06709914336693,0.30826520919799805
2134,6591.083,1938.1800000000005,7096.0,100,100,1009,2.3025588704249107,7.032705649157582,2.5253405570983887,-1938.1800000000005,-0.01352451485581696,39.064378440380096,0.3326240321621299,0.02383902836299967,0.06857860303716734,2134,326.06779072425553,0.30826520919799805
2135,6594.02,1891.9866666666658,7027.666666666669,100,100,1007,2.196877159440914,6.9788149619331366,2.409668445587158,-1891.9866666666658,-0.01448129370692186,29.5947163105011,0.347093200776726,0.028319332690443844,0.07829122338443995,2135,326.07527703000784,0.30826520919799805
2136,6596.725,1826.1933333333332,6780.999999999997,100,100,1008,1.9723918630338704,6.727182539682537,2.1806015968322754,-1826.1933333333332,-0.014693289354909211,28.646171271800995,0.3810745719820261,0.018542368034104584,0.07926432322710752,2136,326.09438599408065,0.30826520919799805
2137,6599.426,1852.1400000000017,6962.333333333332,100,100,1008,1.9776660713158356,6.907076719576718,2.187117338180542,-1852.1400000000017,-0.013481084315571934,28.91824859380722,0.3637612606398761,0.03595096193021163,0.07747395837213844,2137,326.1136820201008,0.30826520919799805
2138,6602.118,1739.243333333333,6767.66666666667,100,100,1004,1.968857671196324,6.740703851261623,2.1677520275115967,-1739.243333333333,-0.016868728795088828,30.19006410241127,0.3564719697460532,0.019953303271904588,0.07115589501336217,2138,326.1327422585628,0.30826520919799805
2139,6604.818,1920.5199999999998,7106.666666666665,100,100,1004,1.9694543832057783,7.078353253652057,2.1731154918670654,-1920.5199999999998,-0.018600833311211318,22.23785489797592,0.43477879650890827,0.02518501756276237,0.08087713085114956,2139,326.151432907845,0.30826520919799805
2140,6610.664,1862.6900000000005,6922.666666666666,100,100,1010,1.985344157950713,6.854125412541253,2.201669692993164,-1862.6900000000005,-0.013954210793599486,20.384853214025497,0.41738224029541016,0.021560236709774472,0.08087890595197678,2140,326.1699469571378,0.30826520919799805
2141,6613.39,1848.1066666666668,7046.333333333333,100,100,1007,1.9980891757527257,6.9973518702416415,2.2056164741516113,-1848.1066666666668,-0.013472609512973577,26.815398573875427,0.3900842946022749,0.023762378594256006,0.06391289876773953,2141,326.03369106620306,0.30826520919799805
2142,6616.122,1895.0799999999986,7150.999999999998,100,100,1010,1.9959305945580992,7.080198019801978,2.210848569869995,-1895.0799999999986,-0.017493292631115764,28.978687644004822,0.41085129883140326,0.007472503395547392,0.06437499995809048,2142,326.051734305863,0.30826520919799805
2143,6618.827,1848.5933333333344,6882.666666666668,100,100,1004,1.9733060763098775,6.855245683930944,2.174237012863159,-1848.5933333333344,-0.012376964907161891,21.592209368944168,0.44941000919789076,0.016041503087762976,0.06529652001336217,2143,326.07018237265925,0.30826520919799805
2144,6621.542,1855.700000000002,6910.666666666674,100,100,1009,1.9699419219585872,6.84902543772713,2.183978319168091,-1855.700000000002,-0.01754235359840095,25.535409688949585,0.4621789827942848,0.026045376393085462,0.0733119419310242,2144,326.0888581940617,0.30826520919799805
2145,6624.273,1951.6433333333327,6991.999999999998,100,100,1006,1.9902160000537428,6.950298210735585,2.198167562484741,-1951.6433333333327,-0.01988747692666948,25.200138419866562,0.48385290056467056,0.0451526023716724,0.07574728270992637,2145,326.1062848591803,0.30826520919799805
2146,6626.95,1878.7000000000012,7072.000000000001,100,100,1004,1.958784859013406,7.04382470119522,2.159295082092285,-1878.7000000000012,-0.01547949732048437,33.87756431102753,0.47203068993985653,0.02401958186601405,0.07390802609734237,2146,326.1260460687432,0.30826520919799805
2147,6629.638,1940.1199999999992,6855.666666666664,100,100,1006,1.9556719679700185,6.814777998674616,2.1660895347595215,-1940.1199999999992,-0.016679794061928988,30.43849790096283,0.48107520677149296,0.04410315964196343,0.07738196308491752,2147,326.14557403134353,0.30826520919799805
2148,6632.351,1833.0633333333344,6788.666666666667,100,100,1006,1.9682729610975158,6.748177601060305,2.173732280731201,-1833.0633333333344,-0.01592514105141163,24.01061522960663,0.5118947681039572,0.029193087881139945,0.07232931384351104,2148,326.16382297021664,0.30826520919799805
2149,6635.044,1845.4700000000003,6916.333333333335,100,100,1006,1.9604841913291018,6.875082836315443,2.164965867996216,-1845.4700000000003,-0.02101004507858306,22.355372428894043,0.4952239179983735,0.024480327439960092,0.07905910350382328,2149,326.1830487366632,0.30826520919799805
2150,6640.804,1827.7300000000014,6918.000000000004,100,100,1006,1.95548638262162,6.876739562624258,2.160050868988037,-1827.7300000000014,-0.015402161348902155,24.097388744354248,0.5086491778492928,0.023850622492318507,0.06538722838740796,2150,326.2025346202275,0.30826520919799805
2151,6643.493,1894.3599999999994,6969.666666666667,100,100,1007,1.9611019875610094,6.921218139688845,2.172205686569214,-1894.3599999999994,-0.013899858749937266,28.792712092399597,0.5665993159636855,0.019026675250643166,0.06737242336384952,2151,326.07122394728873,0.30826520919799805
2152,6646.218,1917.3266666666666,7023.0,100,100,1008,1.9737012884838299,6.967261904761905,2.1887693405151367,-1917.3266666666666,-0.011082281242124736,42.08558827638626,0.5002168854698539,0.031264755183656234,0.08707682322710752,2152,326.08922433817565,0.30826520919799805
2153,6648.877,1793.780000000002,6672.666666666672,100,100,1004,1.9433020925533353,6.646082337317403,2.144909143447876,-1793.780000000002,-0.018008989631198347,25.354695439338684,0.49828355852514505,0.0354202206908667,0.08718039793893695,2153,326.10983008205756,0.30826520919799805
2154,6651.551,1837.3166666666666,6804.333333333333,100,100,1008,1.9517653761015805,6.7503306878306875,2.161306142807007,-1837.3166666666666,-0.016844765341375023,23.26258397102356,0.511628950946033,0.012897663429612294,0.0685221356106922,2154,326.1302725082292,0.30826520919799805
2155,6654.228,1960.4033333333327,6902.666666666667,100,100,1011,1.9305012846120535,6.8275634685130235,2.1512880325317383,-1960.4033333333327,-0.013780925190076232,42.41560506820679,0.548898721113801,0.00567073934871587,0.06569776381365955,2155,326.15097450197857,0.30826520919799805
2156,6656.895,1844.3866666666668,6939.666666666668,100,100,1011,1.9359684483176713,6.864160896801848,2.1520462036132812,-1844.3866666666668,-0.01741963776294142,22.888563841581345,0.5001985300332308,0.039311627697316,0.06593711720779538,2156,326.1721715220957,0.30826520919799805
2157,6659.535,1903.4299999999985,7016.666666666666,100,100,1009,1.9128201210943334,6.954079947142384,2.127004384994507,-1903.4299999999985,-0.011571650684345514,27.193040311336517,0.5274700112640858,0.027521372016053647,0.059749681036919355,2157,326.1944110023341,0.30826520919799805
2158,6662.248,1986.6066666666677,6993.333333333333,100,100,1007,1.9662313807437561,6.944720291294273,2.181199312210083,-1986.6066666666677,-0.020329472958110273,36.47280365228653,0.5941523406654596,0.019366792399523547,0.07354346715146676,2158,326.21273445427886,0.30826520919799805
2159,6664.913,1947.1200000000003,7083.000000000003,100,100,1008,1.9333475198465517,7.026785714285717,2.1467981338500977,-1947.1200000000003,-0.015328971669077873,26.710789799690247,0.5567840524017811,0.003375371321453713,0.06689453159924597,2159,326.2335082405564,0.30826520919799805
2160,6670.56,1913.9266666666672,6801.333333333333,100,100,1010,1.9108149513491604,6.7339933993399335,2.126883029937744,-1913.9266666666672,-0.014057762338779867,24.09884798526764,0.5358112454414368,0.024160760985978413,0.06539062492083758,2160,326.2558161114149,0.30826520919799805
2161,6673.225,1991.6033333333337,7015.666666666667,100,100,1005,1.9283470644416352,6.980762852404644,2.135392904281616,-1991.6033333333337,-0.012379629100905731,35.33438614010811,0.5233346782624722,0.0200589523446979,0.057465277903247625,2161,326.1291025851905,0.30826520919799805
2162,6675.913,1919.566666666667,6954.333333333329,100,100,1013,1.9426042443189149,6.8650871997367515,2.1668829917907715,-1919.566666666667,-0.016411049116868526,26.70376020669937,0.5733485529199243,0.014298164933279622,0.05979142105206847,2162,326.1495470321505,0.30826520919799805
2163,6678.607,2021.4833333333352,7143.333333333332,100,100,1002,1.95936985955687,7.129075182967397,2.1660101413726807,-2021.4833333333352,-0.019254457554779947,39.88559329509735,0.5849715052172542,0.002719327821978368,0.06282552087213844,2163,326.1680211810707,0.30826520919799805
2164,6681.273,1818.0366666666698,6887.000000000005,100,100,1007,1.93242492515394,6.839126117179746,2.1393191814422607,-1818.0366666666698,-0.014524140045978129,24.274989128112793,0.5438234275206923,0.026577131618978456,0.06355967419221997,2164,326.18860017494717,0.30826520919799805
2165,6684.198,1876.5699999999997,6962.666666666669,100,100,1014,2.145525642429135,6.866535174227484,2.3736276626586914,-1876.5699999999997,-0.01459501648787409,25.622599124908447,0.48296938091516495,0.01983974690665491,0.07347728579770774,2165,326.1975671118321,0.30826520919799805
2166,6687.184,1914.2933333333328,7013.666666666669,100,100,1010,2.220512869869276,6.944224422442247,2.4428436756134033,-1914.2933333333328,-0.019314223201945424,21.61009120941162,0.544341360218823,0.03640818627900444,0.07648437470197678,2166,326.20291434260145,0.30826520919799805
2167,6690.058,1934.8800000000015,7050.999999999998,100,100,1009,2.117136476249448,6.988107036669969,2.334336757659912,-1934.8800000000015,-0.014809325566602638,22.639256328344345,0.5790061866864562,0.02650327712399303,0.06568877550307661,2167,326.21362401781556,0.30826520919799805
2168,6693.224,1901.5966666666652,7001.6666666666615,100,100,1010,2.377023759740635,6.932343234323427,2.607330560684204,-1901.5966666666652,-0.012856728513725102,25.491309851408005,0.548160801641643,0.02475530125957448,0.08521484362427145,2168,326.2102265353036,0.30826520919799805
2169,6696.414,1883.4800000000023,6745.000000000005,100,100,1005,2.4378963166949763,6.711442786069656,2.650520086288452,-1883.4800000000023,-0.01645823533181101,28.62913817167282,0.5736385686323047,0.03399954096676083,0.07907986117061228,2169,326.2048973206297,0.30826520919799805
2170,6702.785,2007.813333333334,7081.333333333338,100,100,1010,2.249168019999962,7.011221122112215,2.475639820098877,-2007.813333333334,-0.01805724430596456,36.67701971530914,0.5920904688537121,0.04458086131489836,0.060468749958090484,2170,326.2091738467253,0.30826520919799805
2171,6705.965,2032.1633333333345,6980.333333333337,100,100,1013,2.3952319839765175,6.890753537347815,2.634634494781494,-2032.1633333333345,-0.015236381557770073,37.485148429870605,0.6186536401510239,0.01934677855751943,0.061458947602659464,2171,326.04198707635595,0.30826520919799805
2172,6709.181,1967.1033333333314,7040.333333333333,100,100,1005,2.4428947264588072,7.005306799336649,2.6581547260284424,-1967.1033333333314,-0.019518880581017584,28.844147384166718,0.5388053571805358,0.05664378349320032,0.09072265634313226,2172,326.03545504185746,0.30826520919799805
2173,6712.124,1966.9999999999993,7111.000000000005,100,100,1004,2.195996114987865,7.082669322709168,2.4054360389709473,-1966.9999999999993,-0.004146189981838688,26.432483851909637,0.5950127579271793,0.011253371645580046,0.06578480126336217,2173,326.04211825002113,0.30826520919799805
2174,6715.129,1823.343333333334,6973.000000000003,100,100,1006,2.242245227903883,6.931411530815112,2.450256824493408,-1823.343333333334,-0.009042758028954268,31.807963848114014,0.5515747712925076,0.038714455702574924,0.0933041779207997,2174,326.0460053860692,0.30826520919799805
2175,6717.986,1973.163333333334,7090.666666666666,100,100,1009,2.070563032736723,7.027419887677568,2.290067672729492,-1973.163333333334,-0.012870386941358447,25.71940568089485,0.6245511528104544,0.016251414861471858,0.06103515625,2175,326.05755696803305,0.30826520919799805
2176,6720.812,1892.556666666669,6891.333333333336,100,100,1006,2.069739660268527,6.850231941683236,2.2835142612457275,-1892.556666666669,-0.016688276489730924,30.072660386562347,0.6012995028868318,0.022905326419277117,0.08063009509351104,2176,326.07010306658754,0.30826520919799805
2177,6723.851,1857.0433333333337,6783.666666666665,100,100,1006,2.259845426722724,6.743207422133862,2.474928855895996,-1857.0433333333337,-0.01674283854663372,24.002326786518097,0.5872881039977074,0.02207612371421419,0.06375254760496318,2177,326.0723649092343,0.30826520919799805
2178,6726.886,1944.9433333333332,6994.000000000001,100,100,1008,2.269257042840648,6.938492063492064,2.487452983856201,-1944.9433333333332,-0.011582752515096217,26.74441146850586,0.598000893369317,0.02721044999998412,0.05940755223855376,2178,326.07507515237495,0.30826520919799805
2179,6729.752,1938.073333333334,6867.333333333334,100,100,1007,2.1202550141340586,6.819596160211851,2.335115432739258,-1938.073333333334,-0.02214439050294459,28.32151973247528,0.6224897224456072,0.03145484820561251,0.06844248651759699,2179,326.0858996443625,0.30826520919799805
2180,6736.166,1868.4799999999993,6920.999999999998,100,100,1014,2.088883332586691,6.825443786982246,2.317540407180786,-1868.4799999999993,-0.019561174616683275,21.25803831219673,0.6170369256287813,0.009813002838200191,0.07335069449618459,2180,326.0986131604331,0.30826520919799805
2181,6739.326,1923.1433333333346,7060.333333333335,100,100,1006,2.3889895593358674,7.018223989396953,2.605201244354248,-1923.1433333333346,-0.01701819692971185,26.48715841770172,0.6304641095921397,0.02067981383515871,0.07691491185687482,2181,325.92235969065433,0.30826520919799805
2182,6742.267,1901.533333333333,7055.666666666664,100,100,1011,2.1825697321148128,6.978898780085721,2.408851385116577,-1901.533333333333,-0.01964457269059494,23.809278279542923,0.6002806173637509,0.008266603472293355,0.05823950679041445,2182,325.9301874594346,0.30826520919799805
2183,6745.462,1906.8966666666668,6874.666666666669,100,100,1005,2.4294387067283565,6.840464344941959,2.6421051025390625,-1906.8966666666668,-0.014523392193950713,19.913114726543427,0.5374624086543918,0.04311986987158889,0.08296440984122455,2183,325.9248239658459,0.30826520919799805
2184,6748.554,1942.2999999999984,6995.9999999999945,100,100,1008,2.3116285711506546,6.940476190476185,2.533745527267456,-1942.2999999999984,-0.01566930703120306,31.74213069677353,0.667450001463294,0.013756064825429348,0.0751953125,2184,325.92480584458684,0.30826520919799805
2185,6751.596,1867.15,6980.999999999998,100,100,1009,2.2591709616668783,6.918731417244795,2.4794979095458984,-1867.15,-0.01715511392103508,23.552539587020874,0.5941631300374866,0.016953976642980706,0.09896165458485484,2185,325.9273599765638,0.30826520919799805
2186,6754.741,1884.3333333333328,7077.666666666663,100,100,1008,2.3617747027033364,7.021494708994705,2.5825388431549072,-1884.3333333333328,-0.018282468779943883,31.620176434516907,0.6030034888535738,0.03128387240940356,0.07942708337213844,2186,325.9248606246947,0.30826520919799805
2187,6757.941,1862.7833333333351,6784.333333333334,100,100,1009,2.428322400167636,6.72381896266931,2.652693510055542,-1862.7833333333351,-0.023354434815701097,26.78092211484909,0.5640533585101366,0.012983434324269183,0.08397440996486694,2187,325.9198311312206,0.30826520919799805
2188,6761.049,1787.5533333333335,6684.333333333335,100,100,1004,2.361118928339162,6.657702523240373,2.5657825469970703,-1787.5533333333335,-0.021782110154163092,26.27190989255905,0.5318885110318661,0.03451065142144216,0.09033203171566129,2188,325.9185413011173,0.30826520919799805
2189,6764.058,1945.4099999999983,6972.666666666665,100,100,1007,2.230219064139814,6.924197285666996,2.45113468170166,-1945.4099999999983,-0.01678915595402941,29.141545474529266,0.600814962759614,0.018915051681688055,0.08823346043936908,2189,325.92241112713526,0.30826520919799805
2190,6770.878,1926.1966666666694,6962.000000000004,100,100,1008,2.300940868966762,6.906746031746035,2.5237369537353516,-1926.1966666666694,-0.022426629904657602,42.75281059741974,0.6008273251354694,0.021976854204694973,0.09130859409924597,2190,325.9228178176124,0.30826520919799805
2191,6773.777,2090.9766666666665,7105.999999999995,100,100,1010,2.141784161034197,7.035643564356431,2.3708879947662354,-2090.9766666666665,-0.019246153300628066,44.71486395597458,0.5827182056382298,0.012949048290465726,0.08312499988824129,2191,325.75266344931094,0.30826520919799805
2192,6776.488,1949.9133333333336,6931.000000000003,100,100,1012,1.9654571170745632,6.848814229249014,2.190493583679199,-1949.9133333333336,-0.020081115362700075,44.09723389148712,0.6110934633761644,0.016626305776298977,0.0794396037235856,2192,325.7717140756616,0.30826520919799805
2193,6779.161,1984.3566666666666,7180.666666666667,100,100,1007,1.9346542216887348,7.130751406818934,2.1454176902770996,-1984.3566666666666,-0.013666796148754656,29.995170533657074,0.5290821958333254,0.0457342500667437,0.11225274263415486,2193,325.7917797223506,0.30826520919799805
2194,6781.864,1925.0833333333326,6814.666666666661,100,100,1010,1.9611283174328653,6.747194719471941,2.183706521987915,-1925.0833333333326,-0.018483935797121376,27.74601423740387,0.5708796540275216,0.02808596644899808,0.09566406242083758,2194,325.8108480785373,0.30826520919799805
2195,6784.538,1867.0600000000006,6799.0,100,100,1008,1.9420540655061367,6.745039682539683,2.1565380096435547,-1867.0600000000006,-0.011147200246341527,28.099824607372284,0.5582599490880966,0.023811652630683966,0.08479817723855376,2195,325.8310150135016,0.30826520919799805
2196,6787.244,1960.826666666665,7138.666666666667,100,100,1009,1.9578108040438698,7.074991740997688,2.174893617630005,-1960.826666666665,-0.01692028745310381,27.82120144367218,0.545930546708405,0.030888411620253464,0.07755699928384274,2196,325.8497953941888,0.30826520919799805
2197,6789.932,1858.4400000000012,6823.999999999999,100,100,1005,1.9660041787990588,6.79004975124378,2.1696970462799072,-1858.4400000000012,0.00096412371203769,32.270051419734955,0.514553114771843,0.032954266578599345,0.06353081605629995,2197,325.86880104623776,0.30826520919799805
2198,6792.596,2030.0500000000002,6982.333333333335,100,100,1002,1.941012374163529,6.968396540252829,2.1464831829071045,-2030.0500000000002,-0.019394832634134218,31.007048547267914,0.540301495231688,0.01911532109079417,0.08310081867966801,2198,325.8884994156657,0.30826520919799805
2199,6795.294,1790.9699999999991,6810.0,100,100,1011,1.9505535086347887,6.735905044510385,2.1658854484558105,-1790.9699999999991,-0.014939828222850338,30.627714157104492,0.5172602999955416,0.019029871400562115,0.07082950393669307,2199,325.90795331506484,0.30826520919799805
2200,6801.091,1864.7133333333322,6937.333333333331,100,100,1008,1.9671795650668042,6.88227513227513,2.1790552139282227,-1864.7133333333322,-0.018547380343079567,27.47950518131256,0.538822952657938,0.03202140680514276,0.08593750034924597,2200,325.9269963799191,0.30826520919799805
2201,6803.965,1858.0266666666669,6704.333333333333,100,100,1004,2.1010335666763846,6.677622841965471,2.3065288066864014,-1858.0266666666669,-0.008739486278500408,35.176535844802856,0.4710657112300396,0.0611739764608501,0.07284268480725586,2201,325.78826321074195,0.30826520919799805
2202,6807.143,1962.5933333333335,7033.666666666671,100,100,1012,2.3817952570234877,6.950263504611335,2.6145424842834473,-1962.5933333333335,-0.017198366811499,20.507992655038834,0.5574453808367252,0.037404690021503484,0.08597506047226489,2202,325.78483487837747,0.30826520919799805
2203,6810.193,1957.053333333334,7187.000000000004,100,100,1008,2.261981449601802,7.129960317460321,2.483609199523926,-1957.053333333334,-0.014358244119648589,29.731798350811005,0.5697326716035604,0.03221714143364807,0.07503255212213844,2203,325.78694498746603,0.30826520919799805
2204,6813.209,1902.056666666667,6864.666666666666,100,100,1013,2.2367019719294357,6.776571240539651,2.469985008239746,-1902.056666666667,-0.01812361419433728,28.65173241496086,0.6227463465183973,0.01585253556186217,0.07934109680354595,2204,325.79139470950867,0.30826520919799805
2205,6816.428,1728.4966666666662,6817.000000000003,100,100,1008,2.444522518508454,6.762896825396828,2.660304069519043,-1728.4966666666662,-0.018144225410651416,28.25612998008728,0.5372006455436349,0.03125488063960802,0.11360677087213844,2205,325.7854273378843,0.30826520919799805
2206,6819.494,1958.7300000000005,7023.666666666664,100,100,1008,2.3033497021219413,6.967923280423278,2.5257811546325684,-1958.7300000000005,-0.02527729037683457,32.27542316913605,0.6103539373725653,0.01654501853772672,0.10107421909924597,2206,325.7867825826204,0.30826520919799805
2207,6822.55,1882.7400000000011,7008.333333333336,100,100,1006,2.28502982003044,6.966534128561964,2.4987242221832275,-1882.7400000000011,-0.018758141377475113,25.32026731967926,0.629278345964849,0.02797534914134303,0.08052394725382328,2207,325.7883016257935,0.30826520919799805
2208,6825.625,1856.1200000000003,6849.000000000004,100,100,1006,2.299092346191347,6.808151093439368,2.5103633403778076,-1856.1200000000003,-0.01983418600866571,21.170119732618332,0.6725097298622131,0.02937201342137996,0.10464079509256408,2208,325.7889263915386,0.30826520919799805
2209,6828.653,1915.2666666666673,6890.33333333333,100,100,1006,2.2431231629442254,6.849237905897943,2.460537910461426,-1915.2666666666673,-0.020060680981259793,26.958258986473083,0.6564622670412064,0.01796369104704354,0.0689962636679411,2209,325.79182727574596,0.30826520919799805
2210,6835.143,1985.68,7090.666666666666,100,100,1006,2.443528030679615,7.048376408217362,2.6665585041046143,-1985.68,-0.02263267571106553,30.879145085811615,0.6998372413218021,0.007726868730969727,0.07884680712595582,2210,325.7851156001689,0.30826520919799805
2211,6837.903,1907.826666666667,6893.333333333329,100,100,1006,2.0095674927664873,6.852220013253807,2.223151206970215,-1907.826666666667,-0.022393636289052665,30.623319685459137,0.6285897791385651,0.006982966209761798,0.08353855321183801,2211,325.6452860215727,0.30826520919799805
2212,6840.676,2073.639999999999,7112.000000000002,100,100,1007,2.0294360478446554,7.062562065541213,2.2480556964874268,-2073.639999999999,-0.0223947319900617,40.611130714416504,0.677506361156702,0.008021030080271885,0.08291431167162955,2212,325.66048122652967,0.30826520919799805
2213,6843.469,1860.0,6863.666666666667,100,100,1003,2.054828714025936,6.843137254901961,2.259329319000244,-1860.0,-0.02008529797603842,28.4268935918808,0.588130802847445,0.06741298086126335,0.08150890283286572,2213,325.6741694396352,0.30826520919799805
2214,6846.262,1866.8766666666668,6829.666666666666,100,100,1007,2.0427939441802336,6.782191327375041,2.25559663772583,-1866.8766666666668,-0.02571123413508758,20.029873967170715,0.6210025418549776,0.027601437888733926,0.0928461600560695,2214,325.68838995067205,0.30826520919799805
2215,6849.05,1900.4033333333336,7083.333333333334,100,100,1009,2.0423312189206997,7.020151965642551,2.2612481117248535,-1900.4033333333336,-0.01613009860739112,28.517162799835205,0.6070296484977007,0.0069291868749132846,0.07034239452332258,2215,325.703189434411,0.30826520919799805
2216,6851.822,1845.9333333333334,6805.333333333336,100,100,1005,2.0281569168101345,6.771475953565508,2.234435558319092,-1845.9333333333334,-0.01648004964226857,34.25267159938812,0.611524187028408,0.030260215782618616,0.08234592038206756,2216,325.71801313160586,0.30826520919799805
2217,6854.596,1967.1366666666677,6994.999999999999,100,100,1007,2.032325519715892,6.946375372393247,2.2460827827453613,-1967.1366666666677,-0.01672853110358119,24.80507230758667,0.6082814186811447,0.014942957765015308,0.06338306172983721,2217,325.73314644924477,0.30826520919799805
2218,6857.378,1929.0533333333342,6948.333333333335,100,100,1012,2.020781920493945,6.865942028985509,2.2464804649353027,-1929.0533333333342,-0.012385404290398583,27.400825023651123,0.6201155046001077,0.015033095129183494,0.08214393048547208,2218,325.74855326834864,0.30826520919799805
2219,6860.173,1915.7133333333343,6881.333333333333,100,100,1014,2.034522782110185,6.786324786324786,2.265524387359619,-1915.7133333333343,-0.015814717102330178,26.629467993974686,0.611720466054976,0.012105956018785946,0.08675130212213844,2219,325.76365951759317,0.30826520919799805
2220,6866.072,1917.046666666667,6953.000000000003,100,100,1003,2.02339940162604,6.932203389830511,2.228933811187744,-1917.046666666667,-0.015454461798071861,34.92809373140335,0.5763154588639736,-0.004217427514959127,0.08247410971671343,2220,325.7783871066439,0.30826520919799805
2221,6868.843,1943.7766666666669,6808.0,100,100,1009,2.0082059442790223,6.7472745292368685,2.2277355194091797,-1943.7766666666669,-0.02012915090745082,30.671853840351105,0.5447066389024258,0.02075239676196361,0.09148796205408871,2221,325.64538559847216,0.30826520919799805
2222,6871.599,1920.7700000000013,7111.000000000003,100,100,1007,2.0090581946557733,7.06156901688183,2.224691390991211,-1920.7700000000013,-0.015162435796810314,34.176195085048676,0.5674501620233059,0.018770058850350324,0.07776138628832996,2222,325.6613177304364,0.30826520919799805
2223,6874.38,1959.243333333336,7040.333333333338,100,100,1005,2.026656813993679,7.005306799336655,2.237982988357544,-1959.243333333336,-0.019471827952656895,34.762948393821716,0.6268867775797844,0.02428101556142792,0.06869574659503996,2223,325.67580066010777,0.30826520919799805
2224,6877.198,1741.2433333333352,6700.333333333331,100,100,1016,2.0010581693344376,6.594816272965877,2.228642225265503,-1741.2433333333352,-0.017089798813685775,32.655016005039215,0.6189897134900093,0.007263165811309591,0.08844866073923185,2224,325.6900425043463,0.30826520919799805
2225,6879.956,1865.8699999999992,6743.666666666669,100,100,1008,1.9931697427795918,6.690145502645505,2.208029270172119,-1865.8699999999992,-0.01379448059014976,42.89584040641785,0.594799093902111,0.005269609908282291,0.08772786520421505,2225,325.7060014131895,0.30826520919799805
2226,6882.722,1914.2200000000018,7043.333333333337,100,100,1006,2.016269583018982,7.001325381047054,2.227052927017212,-1914.2200000000018,-0.018979300337377936,26.757115304470062,0.6144425217062235,0.022942326810152736,0.08063009520992637,2226,325.72127672228385,0.30826520919799805
2227,6885.463,1987.243333333333,7187.666666666669,100,100,1012,1.9898762825918808,7.102437417654811,2.218003511428833,-1987.243333333333,-0.018762303050607443,33.70477741956711,0.656047485768795,0.021620788636937505,0.07793719979235902,2227,325.73858872947983,0.30826520919799805
2228,6888.191,1955.103333333336,7139.666666666671,100,100,1009,1.9859993065143424,7.075982821275194,2.205397129058838,-1955.103333333336,-0.02141147496877238,28.40559208393097,0.5552671626210213,0.03216761981130567,0.07372050371486694,2228,325.75607927212405,0.30826520919799805
2229,6890.898,1924.826666666666,6907.666666666667,100,100,1006,1.981096322533432,6.866467859509609,2.188997983932495,-1924.826666666666,-0.012755269417539239,33.69547480344772,0.5955856302753091,0.01531801866076421,0.08638332225382328,2229,325.7740642122422,0.30826520919799805
2230,6896.644,1892.313333333331,6867.666666666661,100,100,1006,1.9781556669909648,6.826706428098072,2.1896541118621826,-1892.313333333331,-0.0173963321140036,31.510533094406128,0.6307092439383268,0.016579569170062314,0.06861413037404418,2230,325.7918675185882,0.30826520919799805
2231,6899.334,1996.2599999999998,7029.666666666665,100,100,1009,1.9226163518185866,6.966963990749916,2.1420624256134033,-1996.2599999999998,-0.014011962048243731,45.07124400138855,0.6379468683153391,0.014390841090062167,0.09140824247151613,2231,325.66780559673276,0.30826520919799805
2232,6902.035,1856.4800000000002,6705.333333333334,100,100,1005,1.9688373136181216,6.671973466003317,2.1764841079711914,-1856.4800000000002,-0.003129458404146135,28.842291831970215,0.6024741744622588,0.030345533610670827,0.08242187520954758,2232,325.68599175706083,0.30826520919799805
2233,6904.745,1940.5066666666653,7109.666666666668,100,100,1007,1.9609533257730667,7.060244952002649,2.1740338802337646,-1940.5066666666653,-0.015510441735386848,32.45732545852661,0.6476367935538292,0.017840000669821166,0.08442071126773953,2233,325.70397163927305,0.30826520919799805
2234,6907.415,1932.12,7046.666666666669,100,100,1009,1.933053023264004,6.983812355467462,2.150861978530884,-1932.12,-0.014606348355300725,36.13564974069595,0.6808962021023035,0.020265211431251373,0.06125438428716734,2234,325.72414538922857,0.30826520919799805
2235,6910.101,1979.5033333333338,7165.0,100,100,1008,1.947653769873016,7.108134920634921,2.1626548767089844,-1979.5033333333338,-0.011966960388235748,39.275496900081635,0.6931909769773483,0.017045158685505157,0.07649739598855376,2235,325.7434280090189,0.30826520919799805
2236,6912.817,2093.7366666666676,7203.000000000003,100,100,1012,1.9501527670583148,7.117588932806327,2.179910898208618,-2093.7366666666676,-0.01934112119488418,38.3995840549469,0.783291282132268,0.028481269924668595,0.0780123199801892,2236,325.7618586733034,0.30826520919799805
2237,6915.487,1942.6866666666665,6963.999999999998,100,100,1003,1.947514554611031,6.943170488534395,2.151569366455078,-1942.6866666666665,-0.019150082720443606,25.867415249347687,0.7157447896897793,0.02824260335910367,0.08050962956622243,2237,325.78109356006854,0.30826520919799805
2238,6918.172,1856.2266666666674,6757.333333333329,100,100,1006,1.9442999995152501,6.717031146454602,2.1515285968780518,-1856.2266666666674,-0.023787970596458763,32.47101414203644,0.6845902185887098,0.03298407769398182,0.07644786004675552,2238,325.80006737374447,0.30826520919799805
2239,6920.831,1878.4866666666667,6930.333333333337,100,100,1006,1.9289943350017975,6.88899933730948,2.1393802165985107,-1878.4866666666667,-0.01264658774016425,25.211792945861816,0.6853776145726442,0.008534134336514398,0.09175441600382328,2239,325.82024374886294,0.30826520919799805
2240,6927.037,2106.806666666666,7218.666666666666,100,100,1006,1.9895395635031015,7.175612988734261,2.2060651779174805,-2106.806666666666,-0.01861295197159052,51.338003396987915,0.7311809677630663,0.011516655213199556,0.09319803002290428,2240,325.8362021572957,0.30826520919799805
2241,6930.107,1900.5099999999998,6967.000000000002,100,100,1004,2.2891992042156537,6.939243027888448,2.4987521171569824,-1900.5099999999998,-0.022053510299883783,23.841422349214554,0.7095570079982281,0.012153196534200106,0.0705788352061063,2241,325.67420292604504,0.30826520919799805
2242,6933.187,1882.516666666666,6885.666666666667,100,100,1003,2.3139862396827677,6.865071452309738,2.524066209793091,-1882.516666666666,-0.018868565988668706,27.499616980552673,0.7064838707447052,0.021834881150425645,0.11077171145007014,2242,325.6741938043283,0.30826520919799805
2243,6936.235,1867.8366666666664,6956.666666666668,100,100,1011,2.2780803140689474,6.880975931421037,2.502041816711426,-1867.8366666666664,-0.017452749831136316,28.236051738262177,0.6595579581335187,0.014071321966184769,0.07950367697048932,2243,325.67688056035644,0.30826520919799805
2244,6939.221,1890.723333333334,6933.66666666667,100,100,1006,2.2296915511243327,6.892312789927107,2.4429495334625244,-1890.723333333334,-0.021545586409047246,29.70805710554123,0.6052003912627697,0.009286652435548604,0.07789147447329015,2244,325.6816630201548,0.30826520919799805
2245,6942.249,1983.789999999999,7212.666666666666,100,100,1004,2.2871248017990986,7.183930942895086,2.49630069732666,-1983.789999999999,-0.014008175407070667,29.105903327465057,0.6105173612013459,0.003254902669141302,0.07501775561831892,2245,325.68424745644313,0.30826520919799805
2246,6945.421,1913.816666666667,7102.333333333334,100,100,1010,2.397960793379104,7.032013201320132,2.626206874847412,-1913.816666666667,-0.020450440992135555,24.1380215883255,0.5191261256113648,0.03129620188701665,0.08410156227182597,2246,325.6808885890443,0.30826520919799805
2247,6948.43,1934.8466666666668,7041.000000000003,100,100,1012,2.2273339925190294,6.9575098814229275,2.4597020149230957,-1934.8466666666668,-0.019373078597709537,26.67644625902176,0.571602432988584,0.03212251037621172,0.07974008447490633,2247,325.6854980495358,0.30826520919799805
2248,6951.473,1900.3433333333337,7105.6666666666715,100,100,1014,2.266199309291608,7.007560815253128,2.4992740154266357,-1900.3433333333337,-0.017333659256109968,34.21191740036011,0.5648579448461533,0.024187025068385992,0.07987919566221535,2248,325.6888119158183,0.30826520919799805
2249,6954.366,1952.296666666667,6991.333333333332,100,100,1010,2.1280834671469533,6.922112211221121,2.3533377647399902,-1952.296666666667,-0.018858887488022447,27.126689195632935,0.6106324335560203,0.01277577659493545,0.0810937499627471,2249,325.6985772672215,0.30826520919799805
2250,6960.232,2013.3166666666668,7138.000000000001,100,100,1009,1.9822416277196189,7.074331020812687,2.2019333839416504,-2013.3166666666668,-0.017309994669631124,38.57276666164398,0.5776146715506911,0.02679347322555259,0.08025749336229637,2250,325.71612356025105,0.30826520919799805
2251,6962.965,1935.1100000000004,6898.333333333334,100,100,1007,1.9875525308693385,6.850380668652765,2.2030487060546875,-1935.1100000000004,-0.019669630273710936,34.36944419145584,0.5788682857528329,0.01731345099688042,0.09959898586384952,2251,325.5858809525743,0.30826520919799805
2252,6965.714,2034.5599999999997,7131.666666666667,100,100,1011,1.9835239354821343,7.054071876030333,2.2108256816864014,-2034.5599999999997,-0.019182332092896104,31.873516261577606,0.5850181914865971,0.02924425416131271,0.08218443649820983,2252,325.60252953807714,0.30826520919799805
2253,6968.425,1939.6299999999997,6940.0,100,100,1002,1.9871325371740478,6.926147704590818,2.188159704208374,-1939.6299999999997,-0.018852984998375177,27.751764953136444,0.5952839963138103,0.012170402602350805,0.08612351212650537,2253,325.61964134439825,0.30826520919799805
2254,6971.146,1930.5199999999998,6930.666666666666,100,100,1009,1.975317539973046,6.868847043277172,2.191221237182617,-1930.5199999999998,-0.015775065345223993,28.034726440906525,0.547722646035254,0.015135069190364447,0.07331194198923185,2254,325.63727838524915,0.30826520919799805
2255,6973.918,1885.016666666668,6964.666666666673,100,100,1006,2.00379344023242,6.923127899271047,2.2148537635803223,-1885.016666666668,-0.01633541379123926,30.089808404445648,0.5461150649935007,0.024036260041611968,0.0950662363320589,2255,325.6521151193898,0.30826520919799805
2256,6976.695,1989.1699999999996,7043.000000000002,100,100,1011,2.0104845681547396,6.966369930761624,2.2378690242767334,-1989.1699999999996,-0.021555806044489145,43.66949152946472,0.5333280088379979,0.029553462110925466,0.08071959274820983,2256,325.6673871432926,0.30826520919799805
2257,6979.437,1967.0800000000029,7123.333333333338,100,100,1010,1.9831467326499965,7.052805280528057,2.2055752277374268,-1967.0800000000029,-0.016339167894329876,26.390965700149536,0.5622051283717155,0.031037548837048234,0.06611328106373549,2257,325.68414473735834,0.30826520919799805
2258,6982.14,1842.596666666666,6711.333333333333,100,100,1003,1.970650548122801,6.691259554669325,2.1717617511749268,-1842.596666666666,-0.02037249703425914,30.772261798381805,0.6189789418131113,0.03641663863527356,0.08100926608312875,2258,325.7017350009609,0.30826520919799805
2259,6984.875,1903.603333333334,7015.999999999999,100,100,1009,1.9795623382025493,6.953419226957383,2.1944682598114014,-1903.603333333334,-0.016348348202882335,23.762474954128265,0.534735918045044,0.025078827507968526,0.09325175383128226,2259,325.7186572641082,0.30826520919799805
2260,6990.639,1938.93,6894.999999999998,100,100,1004,1.9700291844370563,6.867529880478086,2.177664279937744,-1938.93,-0.01937375299166888,26.36717391014099,0.5906958365812898,0.023450588898413116,0.09916548314504325,2260,325.73644264664364,0.30826520919799805
2261,6993.358,1846.73,6866.0,100,100,1005,1.9650322379340506,6.8318407960199,2.1718015670776367,-1846.73,-0.007157538027968258,28.103383600711823,0.5813211603090167,0.02645674821542343,0.07252604176755995,2261,325.61080079126566,0.30826520919799805
2262,6996.04,1962.9600000000003,7019.999999999997,100,100,1005,1.9527361175712588,6.985074626865669,2.159248113632202,-1962.9600000000003,-0.016719283012207597,24.27777087688446,0.575423632748425,0.025528046309773345,0.09092881972901523,2262,325.629630416831,0.30826520919799805
2263,6998.74,1839.2733333333338,6844.999999999999,100,100,1010,1.948784751988173,6.777227722772277,2.1637983322143555,-1839.2733333333338,-0.014329806319437921,30.76529359817505,0.5182306561619043,0.034993877339729806,0.08982421865221113,2263,325.6483477693338,0.30826520919799805
2264,7001.433,2000.9166666666663,7096.999999999999,100,100,1008,1.9566577370463323,7.040674603174602,2.171722173690796,-2000.9166666666663,-0.018626729433890432,25.819914907217026,0.5157599775120616,0.006246019460377283,0.09228515648283064,2264,325.667066677974,0.30826520919799805
2265,7004.145,1852.1066666666677,6832.666666666667,100,100,1010,1.9697237615750198,6.765016501650165,2.1858952045440674,-1852.1066666666677,-0.01645530285895802,24.931674897670746,0.5561671769246459,0.01697488170611905,0.09707031236030161,2265,325.68514618179734,0.30826520919799805
2266,7006.888,1890.4466666666665,6905.333333333332,100,100,1006,1.9721534801184184,6.864148442677268,2.1812663078308105,-1890.4466666666665,-0.023787506157532334,24.703568637371063,0.5175701370462775,0.020530538175080437,0.0765115488320589,2266,325.70122897943276,0.30826520919799805
2267,7009.59,1900.8633333333348,6774.000000000005,100,100,1006,1.9695349902083086,6.733598409542748,2.1796982288360596,-1900.8633333333348,-0.017411603941582143,29.571320176124573,0.5449387123808265,0.0219973527964612,0.08648947020992637,2267,325.71917594238244,0.30826520919799805
2268,7012.283,2046.6499999999996,7101.666666666671,100,100,1007,1.9339180726959355,7.052300562727577,2.147968053817749,-2046.6499999999996,-0.015682899160310626,23.719207912683487,0.5905605787411332,0.03695433684333693,0.07301363011356443,2268,325.737697895054,0.30826520919799805
2269,7014.98,1964.7299999999998,6993.666666666666,100,100,1013,1.9439840036548255,6.903915761763738,2.1672024726867676,-1964.7299999999998,-0.016775522206444293,30.590766966342926,0.6113139539957047,0.0342664132608661,0.08393831085413694,2269,325.7568922325654,0.30826520919799805
2270,7020.659,1944.6666666666663,6854.999999999999,100,100,1005,1.9205105479398918,6.820895522388059,2.1275618076324463,-1944.6666666666663,-0.011168941331561655,26.89346092939377,0.5671757282689214,0.024222988075052854,0.08874782989732921,2270,325.77673092366797,0.30826520919799805
2271,7023.379,1898.266666666668,7166.333333333329,100,100,1012,1.962808499171623,7.081357048748349,2.1848652362823486,-1898.266666666668,-0.012589360005222261,27.935937464237213,0.5271115461364388,0.08945829110598424,0.10899939946830273,2271,325.6545041142898,0.30826520919799805
2272,7026.048,1909.7066666666685,7077.333333333337,100,100,1007,1.9396713013689533,7.028136378682559,2.1483047008514404,-1909.7066666666685,-0.014064734772546217,23.045783311128616,0.5833596745505929,0.02903056633658707,0.06174160569207743,2272,325.6740999454568,0.30826520919799805
2273,7028.733,1886.953333333335,6839.666666666665,100,100,1012,1.927631818818245,6.758563899868246,2.149109363555908,-1886.953333333335,-0.016409764854870446,30.156254589557648,0.5810203067958355,0.036596968086087145,0.07767427898943424,2273,325.69370647092364,0.30826520919799805
2274,7031.408,1783.6833333333345,6644.666666666671,100,100,1009,1.9451451915426123,6.585398083911468,2.155665636062622,-1783.6833333333345,-0.015121539472602308,24.563779175281525,0.6014458034187555,0.017378097247274127,0.07635124336229637,2274,325.7132776407163,0.30826520919799805
2275,7034.061,1843.8933333333327,6990.666666666665,100,100,1010,1.9219166338720386,6.92145214521452,2.1344776153564453,-1843.8933333333327,-0.017281982116401196,24.768152207136154,0.5343875754624605,0.021920583880273625,0.09050781233236194,2275,325.73400731954763,0.30826520919799805
2276,7036.74,1919.2233333333338,6866.66666666667,100,100,1008,1.9344791645481665,6.812169312169315,2.1476223468780518,-1919.2233333333338,-0.013445254182443023,32.29778391122818,0.5232708193361759,0.008268908241007011,0.05598958337213844,2276,325.75323928622055,0.30826520919799805
2277,7039.4,1890.5200000000002,6998.333333333334,100,100,1013,1.9171844031533036,6.9085225403093125,2.1390254497528076,-1890.5200000000002,-0.016641226422507316,23.263239324092865,0.5154609112069011,0.05162202647625236,0.06302513275295496,2277,325.77404874347184,0.30826520919799805
2278,7042.06,1955.2699999999998,7109.666666666664,100,100,1010,1.9226042557240344,7.0392739273927365,2.1405889987945557,-1955.2699999999998,-0.020653631421737373,24.14844912290573,0.5041676294058561,0.03672521634143777,0.09099609358236194,2278,325.79446052281924,0.30826520919799805
2279,7045.052,1942.8466666666654,6918.666666666667,100,100,1007,2.214532773160258,6.8705726580602455,2.4292900562286377,-1942.8466666666654,-0.016815722454339266,25.560787796974182,0.526794521138072,0.047288274770835415,0.09139170544221997,2279,325.7990020908977,0.30826520919799805
2280,7051.868,1936.7600000000011,7004.666666666671,100,100,1006,2.438874753811406,6.962889330682575,2.654949426651001,-1936.7600000000011,-0.016249882173724473,27.77335548400879,0.5765592772513628,0.026195367288892157,0.07018512242939323,2280,325.79191542812384,0.30826520919799805
2281,7054.829,1973.2266666666653,7020.666666666667,100,100,1003,2.199536891062656,6.99966766367564,2.408247709274292,-1973.2266666666653,-0.015583128133584978,19.546182602643967,0.5536288237199187,0.023658160003833473,0.07759129721671343,2281,325.632256764771,0.30826520919799805
2282,7057.877,1877.1833333333336,6894.333333333337,100,100,1006,2.2786249507081586,6.853214049039102,2.492166757583618,-1877.1833333333336,-0.020146883907727897,29.767267107963562,0.5388181023299694,0.015469390578800812,0.0809060800820589,2282,325.63415987731184,0.30826520919799805
2283,7061.03,1877.999999999999,6901.666666666668,100,100,1006,2.3958007942757407,6.86050364479788,2.60967755317688,-1877.999999999999,-0.022322484757751226,22.84473603963852,0.49748055078089237,0.027067379262007307,0.0982931386679411,2283,325.63123703341824,0.30826520919799805
2284,7064.209,1843.953333333333,6772.666666666662,100,100,1006,2.4086285291552527,6.732273028495689,2.6221249103546143,-1843.953333333333,-0.015587873465847224,31.503419876098633,0.5246950350701809,0.022871322580613196,0.07712720788549632,2284,325.62713146913444,0.30826520919799805
2285,7067.135,1939.6433333333355,6924.000000000001,100,100,1004,2.165113344433276,6.896414342629483,2.3760764598846436,-1939.6433333333355,-0.018465683504473418,27.092723071575165,0.5500419214367867,0.034554414814920165,0.07208806835114956,2285,325.6343540909821,0.30826520919799805
2286,7070.118,1908.7133333333343,6895.000000000002,100,100,1004,2.209396016194051,6.86752988047809,2.4187371730804443,-1908.7133333333343,-0.016391189536079764,30.05959177017212,0.5315561722964048,0.034813996568118455,0.06747159105725586,2286,325.63897336245145,0.30826520919799805
2287,7073.319,1956.4066666666668,6980.000000000008,100,100,1005,2.430071246194009,6.945273631840804,2.648550510406494,-1956.4066666666668,-0.01428875484270975,27.510028660297394,0.5402596555650234,0.020000029497168725,0.0755859378259629,2287,325.6337096169535,0.30826520919799805
2288,7076.157,1862.9100000000008,6922.999999999997,100,100,1005,2.082233234141856,6.888557213930346,2.2896268367767334,-1862.9100000000008,-0.01242856471799314,20.86266502737999,0.49397528264671564,0.02748868196795229,0.08661024319007993,2288,325.6451292157034,0.30826520919799805
2289,7079.19,1847.9099999999994,6837.999999999999,100,100,1001,2.2584083920380067,6.831168831168831,2.4561386108398438,-1847.9099999999994,-0.0126230189925991,36.36384868621826,0.5070587499067187,0.03026338959170971,0.06414348306134343,2289,325.64700018623006,0.30826520919799805
2290,7085.517,1866.876666666668,7068.666666666663,100,100,1007,2.316905561068799,7.019529956967888,2.5308589935302734,-1866.876666666668,-0.018607519916258752,29.297008097171783,0.5028308723121881,0.02515422779833898,0.08575049857608974,2290,325.6478634085283,0.30826520919799805
2291,7088.364,1867.1799999999994,6974.666666666665,100,100,1008,2.0665052561237225,6.9193121693121675,2.2809054851531982,-1867.1799999999994,-0.018104105722159147,20.70702362060547,0.5038724699988961,0.05241381298401393,0.09895833348855376,2291,325.50979915823143,0.30826520919799805
2292,7091.366,1916.8066666666666,6946.666666666669,100,100,1003,2.2503503459920795,6.925888999667666,2.4535062313079834,-1916.8066666666666,-0.015866843983530998,19.08606806397438,0.5174617078155279,0.023351668900431832,0.06587254721671343,2292,325.5134638254554,0.30826520919799805
2293,7094.38,1857.0033333333322,6932.666666666668,100,100,1003,2.2813309092447907,6.911930874044534,2.4850358963012695,-1857.0033333333322,-0.011645494378171861,23.054533779621124,0.5225287340581417,0.025082366835704306,0.07466160994954407,2293,325.5165165620599,0.30826520919799805
2294,7097.285,1875.4466666666674,6934.333333333337,100,100,1008,2.138595042832469,6.879298941798945,2.3555431365966797,-1875.4466666666674,-0.016195832344237715,29.534715592861176,0.5087152551859617,0.012804892066924367,0.08512369822710752,2294,325.5253184957149,0.30826520919799805
2295,7100.11,1885.573333333334,6916.333333333336,100,100,1002,2.0801702591203926,6.902528276779776,2.2830402851104736,-1885.573333333334,-0.019617204961832613,25.5736762881279,0.48953350353986025,0.018875712372391718,0.08333333354676142,2295,325.53694413457015,0.30826520919799805
2296,7103.147,1926.2733333333335,7024.0,100,100,1009,2.2530076282036124,6.961347869177404,2.473522186279297,-1926.2733333333335,-0.017952471622265875,21.97474181652069,0.5394389070570469,0.02957794751273468,0.07601243630051613,2296,325.5397987232803,0.30826520919799805
2297,7106.15,1930.1200000000003,6925.666666666666,100,100,1009,2.2180833529802806,6.863891641889659,2.439006805419922,-1930.1200000000003,-0.013355212744500022,24.282901018857956,0.5087633337825537,0.02517428399733035,0.08739237859845161,2297,325.54426400667364,0.30826520919799805
2298,7109.326,1801.893333333334,6876.000000000003,100,100,1009,2.3930622388196165,6.81466798810704,2.610046863555908,-1801.893333333334,-0.018274805799592286,27.397865116596222,0.5514804888516665,0.018159349376219325,0.07586296228691936,2298,325.54071474255824,0.30826520919799805
2299,7112.561,1908.3666666666668,7004.66666666667,100,100,1011,2.4478669665453534,6.92845367622816,2.678814172744751,-1908.3666666666668,-0.012396923848427832,24.1677907705307,0.5300335148349404,0.024955343222245574,0.08010684768669307,2299,325.53479337225866,0.30826520919799805
2300,7118.938,1901.3833333333343,7128.333333333333,100,100,1012,2.207867094069874,7.0438076416337285,2.4322516918182373,-1901.3833333333343,-0.01712387049337849,26.899157226085663,0.48247580975294113,0.03418652958498569,0.09021935105556622,2300,325.5398151737313,0.30826520919799805
2301,7122.059,1922.0933333333332,6784.999999999999,100,100,1004,2.3427330675456983,6.757968127490039,2.5540571212768555,-1922.0933333333332,-0.009433461120352149,20.917669773101807,0.47280821576714516,0.042652955853554886,0.06538529833778739,2301,325.3837070961005,0.30826520919799805
2302,7125.292,1938.6333333333337,6863.333333333332,100,100,1003,2.454433898447993,6.842804918577599,2.663304090499878,-1938.6333333333337,-0.019490612030494958,21.48204493522644,0.49903499335050583,0.015399502921354724,0.07075535994954407,2302,325.37685417256597,0.30826520919799805
2303,7128.249,1904.5833333333346,6883.66666666667,100,100,1007,2.198018469938374,6.835815954981797,2.4145495891571045,-1904.5833333333346,-0.018284397723618895,23.21511745452881,0.5251674624159932,0.034018188882328104,0.09662774251773953,2303,325.3831297824339,0.30826520919799805
2304,7131.264,1870.539999999999,6945.666666666666,100,100,1013,2.233147186981946,6.856531753866403,2.4638991355895996,-1870.539999999999,-0.017502830225566868,31.58040761947632,0.4698373209685087,0.06366340041859075,0.07513082260265946,2304,325.3876383015856,0.30826520919799805
2305,7134.154,1856.113333333334,6879.999999999998,100,100,1006,2.155048708814691,6.838966202783299,2.36555814743042,-1856.113333333334,-0.01634430221747607,24.392394810914993,0.49389750324189663,0.014087224153627176,0.06511124316602945,2305,325.3968206926645,0.30826520919799805
2306,7136.87,1805.9066666666663,6696.000000000004,100,100,1009,1.9520460850650554,6.636273538156594,2.166008949279785,-1805.9066666666663,-0.01560124906245619,29.093065410852432,0.47120132949203253,0.032447802026581485,0.07957987859845161,2306,325.41435489882866,0.30826520919799805
2307,7139.567,1994.09,7058.999999999999,100,100,1008,1.9613409727638114,7.00297619047619,2.177973508834839,-1994.09,-0.016884178505279124,33.031892240047455,0.46760780829936266,0.0215172737625835,0.0810546875,2307,325.43262804813196,0.30826520919799805
2308,7142.271,1828.9733333333345,6776.000000000005,100,100,1003,1.9627091730643038,6.755732801595219,2.163386106491089,-1828.9733333333345,-0.015678889176342636,30.020003497600555,0.47888834308832884,0.0377580322092399,0.07806822331622243,2308,325.44986227993934,0.30826520919799805
2309,7144.968,1885.1833333333352,6976.0000000000055,100,100,1009,1.9551453907947296,6.91377601585729,2.170725107192993,-1885.1833333333352,-0.017728558741509914,27.19761300086975,0.5083090141415596,0.006718515203829156,0.08082549413666129,2309,325.46820097532793,0.30826520919799805
2310,7150.733,1860.49,6878.666666666667,100,100,1007,1.9421055588118414,6.830850711684873,2.150092124938965,-1860.49,-0.01610006211558357,28.8093820810318,0.48331536538898945,0.018456136735039763,0.07092544878832996,2310,325.48682896022973,0.30826520919799805
2311,7153.418,1814.796666666667,6834.666666666665,100,100,1009,1.943900594298568,6.773703336636933,2.157533645629883,-1814.796666666667,-0.015631202259100974,23.97374826669693,0.5296076405793428,0.03627945361949969,0.09641063446179032,2311,325.3655806237014,0.30826520919799805
2312,7156.115,2011.6900000000012,7069.333333333332,100,100,1014,1.9347294880338086,6.971729125575278,2.1637625694274902,-2011.6900000000012,-0.012871662271209061,30.351022005081177,0.42567840218544006,0.020991820781659953,0.06868489587213844,2312,325.38466670480915,0.30826520919799805
2313,7158.867,1858.7233333333324,7031.333333333336,100,100,1010,1.9755680175120067,6.961716171617164,2.191929578781128,-1858.7233333333324,-0.011054061178583652,39.419333815574646,0.44317707139998674,0.038206624158192426,0.08673828083556145,2313,325.40066348128386,0.30826520919799805
2314,7161.557,1837.3266666666664,6765.666666666666,100,100,1011,1.9494428274725608,6.692054071876029,2.1651878356933594,-1837.3266666666664,-0.015083073172718287,22.253482222557068,0.5194255579262972,0.02429260733333649,0.08633961458690464,2314,325.4196136373926,0.30826520919799805
2315,7164.455,1875.450000000001,6912.666666666668,100,100,1014,2.1004054249453503,6.817225509533203,2.3287105560302734,-1875.450000000001,-0.014944460592232645,23.822716563940048,0.4960271408781409,0.04220138804521412,0.07139756972901523,2315,325.4295123649155,0.30826520919799805
2316,7167.568,1952.3633333333332,7028.666666666668,100,100,1013,2.3243391891180187,6.938466600855546,2.5562148094177246,-1952.3633333333332,-0.01646318845450878,33.047363221645355,0.5510654039680958,0.015013847696536686,0.07952535385265946,2316,325.4294960229043,0.30826520919799805
2317,7170.686,1734.0866666666664,6819.000000000004,100,100,1009,2.3267017829723886,6.758176412289399,2.5424091815948486,-1734.0866666666664,-0.01974552305182442,26.067250072956085,0.5524451620876789,0.027816643902042415,0.09017259208485484,2317,325.42868637705186,0.30826520919799805
2318,7173.69,1845.956666666667,6935.333333333334,100,100,1010,2.2267056445794013,6.866666666666667,2.4469151496887207,-1845.956666666667,-0.013605889747850597,31.732319116592407,0.5737484162673354,0.02028250267903786,0.06541015615221113,2318,325.4332047390242,0.30826520919799805
2319,7176.643,1936.096666666666,7042.666666666664,100,100,1002,2.2043682652955017,7.028609447771122,2.4080610275268555,-1936.096666666666,-0.016066674375906587,20.59511297941208,0.5662286821752787,0.0184033880395873,0.06136067712213844,2319,325.4389324188864,0.30826520919799805
2320,7183.363,1903.743333333333,6913.666666666664,100,100,1006,2.288995030040762,6.8724320742213365,2.502666711807251,-1903.743333333333,-0.020119768800213933,26.27240526676178,0.5653803329914808,0.0311440333534847,0.07625679345801473,2320,325.43999261631876,0.30826520919799805
2321,7186.298,1968.6066666666677,7076.333333333334,100,100,1010,2.1650985155328373,7.006270627062707,2.3862810134887695,-1968.6066666666677,-0.0177806380961556,39.888290882110596,0.5090906508266926,0.007763564124616096,0.07523437484633178,2321,325.2822362614325,0.30826520919799805
2322,7189.237,1869.4066666666668,6909.333333333332,100,100,1011,2.162245992326079,6.834157599736233,2.3852720260620117,-1869.4066666666668,-0.0145855747978203,19.05182895064354,0.5473685832694173,0.026256307333824225,0.08157169143669307,2322,325.2898957188725,0.30826520919799805
2323,7192.263,1900.7133333333331,6814.000000000001,100,100,1004,2.264100499242448,6.786852589641435,2.4734416007995605,-1900.7133333333331,-0.011954371875617653,29.87729036808014,0.5356944156810641,0.013596073196822545,0.05965909082442522,2323,325.29259819543717,0.30826520919799805
2324,7195.065,1953.0400000000006,7197.333333333338,100,100,1009,2.055159862138464,7.1331351172778374,2.2750508785247803,-1953.0400000000006,-0.015300861414289102,33.535594165325165,0.5524305300787091,0.017003678214678075,0.06681481190025806,2324,325.3061692470797,0.30826520919799805
2325,7197.81,1874.6299999999985,6931.666666666671,100,100,1008,1.9929582363508258,6.876653439153443,2.2053956985473633,-1874.6299999999985,-0.011466048134025186,22.586558490991592,0.5029008463025093,0.06246218150954519,0.06917317712213844,2325,325.322192365186,0.30826520919799805
2326,7200.543,1816.26,6895.999999999997,100,100,1010,1.995019897896944,6.827722772277225,2.21091365814209,-1816.26,-0.0185141630936414,31.29048389196396,0.48853390943259,0.0118402127554873,0.06359375000465661,2326,325.33895611989624,0.30826520919799805
2327,7203.307,1824.973333333333,6812.666666666669,100,100,1013,1.9917143149088117,6.72523856531754,2.2130446434020996,-1824.973333333333,-0.0158539590483997,26.255793869495392,0.5892613977193832,0.037601152318529785,0.06957547180354595,2327,325.35473161073196,0.30826520919799805
2328,7206.04,1861.0433333333347,6687.000000000004,100,100,1006,2.0015020852456717,6.6471172962226674,2.2096755504608154,-1861.0433333333347,-0.016583492106292397,32.636464178562164,0.5075526908040047,0.012176835516584106,0.07341202459065244,2328,325.3709242814775,0.30826520919799805
2329,7208.796,1849.0166666666678,6898.666666666669,100,100,1010,1.9927009884821307,6.830363036303632,2.2103164196014404,-1849.0166666666678,-0.017864567111246288,25.95436120033264,0.5538940206170082,0.009210446507495362,0.07322265615221113,2329,325.38663811101907,0.30826520919799805
2330,7214.68,1827.6633333333332,6866.333333333332,100,100,1013,1.9963131251037929,6.778216518591641,2.215311050415039,-1827.6633333333332,-0.019764127064263448,31.20351004600525,0.5253516752272844,0.023118456549127586,0.07806051010265946,2330,325.403321834615,0.30826520919799805
2331,7217.463,1837.8299999999988,6953.666666666669,100,100,1016,2.012392910936202,6.844160104986878,2.2434568405151367,-1837.8299999999988,-0.013677395996637642,29.90530401468277,0.5941521786153316,0.001226359909196617,0.06535993330180645,2331,325.27705465098296,0.30826520919799805
2332,7220.201,1848.5566666666657,6899.666666666667,100,100,1010,1.9765494048991932,6.831353135313532,2.1914029121398926,-1848.5566666666657,-0.013490790675859898,21.862830191850662,0.601870458573103,0.019960432415246032,0.08318359358236194,2332,325.293584699777,0.30826520919799805
2333,7222.928,1864.463333333334,6808.333333333334,100,100,1005,1.9746001983589645,6.7744610281923725,2.18202543258667,-1864.463333333334,-0.01681922102579847,21.73056650161743,0.5889550549909472,0.01262711793242488,0.08131510426755995,2333,325.30993281021375,0.30826520919799805
2334,7225.638,1832.2099999999998,6801.666666666663,100,100,1008,1.9644446437023506,6.747685185185182,2.1758968830108643,-1832.2099999999998,-0.015692946675699204,23.375959187746048,0.5509014064446092,0.03302394698403077,0.06803385482635349,2334,325.32738355531063,0.30826520919799805
2335,7228.373,1919.756666666666,6909.0,100,100,1006,1.9780779332635372,6.86779324055666,2.1887552738189697,-1919.756666666666,-0.01595101272687316,40.374790132045746,0.5402748137712479,0.016770820238889428,0.06549337663454935,2335,325.34349111743654,0.30826520919799805
2336,7231.103,2003.2733333333326,7195.333333333337,100,100,1008,1.9732514885531383,7.138227513227516,2.188870429992676,-2003.2733333333326,-0.018179833656176925,29.4079470038414,0.5647265566512942,0.014108603565546218,0.06526692723855376,2336,325.360083563361,0.30826520919799805
2337,7233.864,1889.4866666666683,6870.000000000001,100,100,1005,1.9987602985755943,6.835820895522389,2.2082860469818115,-1889.4866666666683,-0.013174878724385053,28.215106189250946,0.5592414354905486,0.014004450244101463,0.07119140645954758,2337,325.37478058339116,0.30826520919799805
2338,7236.568,1949.4333333333336,7042.666666666669,100,100,1005,1.9642172128759066,7.007628524046437,2.1736674308776855,-1949.4333333333336,-0.013846193789504468,29.08229923248291,0.5225488226860762,0.008361048145161476,0.07183159730629995,2338,325.39207644730936,0.30826520919799805
2339,7239.292,1977.11,7027.333333333334,100,100,1003,1.9755353951494274,7.006314390162846,2.179049491882324,-1977.11,-0.014389896301508998,30.313267409801483,0.47969819512218237,0.019257873529568315,0.08927598129957914,2339,325.4082058034255,0.30826520919799805
2340,7245.187,1866.4133333333332,6787.666666666667,100,100,1007,1.9784237317326585,6.7404832836809,2.18973445892334,-1866.4133333333332,-0.01700282987440005,24.317372381687164,0.5015279846265912,0.014655718739959411,0.0785613363259472,2340,325.42480537948,0.30826520919799805
2341,7247.918,1878.4333333333334,6849.666666666664,100,100,1004,1.9910821724317567,6.822377158034526,2.1971073150634766,-1878.4333333333334,-0.016801864141598344,20.882358014583588,0.525205004028976,0.0309548841760261,0.08136541210114956,2341,325.29838305288905,0.30826520919799805
2342,7250.668,1917.4899999999989,6922.333333333331,100,100,1009,1.998190086531546,6.860588040964649,2.216796398162842,-1917.4899999999989,-0.015515403065364808,33.93614149093628,0.4869446558877826,0.011697603345965035,0.07698899856768548,2342,325.31415463738637,0.30826520919799805
2343,7253.404,2003.946666666666,7037.666666666666,100,100,1011,1.9726459931584055,6.961094625783052,2.1981632709503174,-2003.946666666666,-0.020414583443198353,28.53282457590103,0.446569187566638,0.018505805932363728,0.08853209298104048,2343,325.3308335755573,0.30826520919799805
2344,7256.081,1885.0733333333349,6782.333333333333,100,100,1007,1.9440137046641766,6.735187024164183,2.1558802127838135,-1885.0733333333349,-0.01710307755274698,31.029979407787323,0.4788763392716646,0.015363127145974431,0.08397398586384952,2344,325.34958863850375,0.30826520919799805
2345,7258.766,1880.6466666666652,6870.666666666665,100,100,1007,1.9294003954401393,6.822906322409796,2.138423204421997,-1880.6466666666652,-0.014605241711251438,24.53224939107895,0.4362064506858587,0.011213336321816314,0.08197930501773953,2345,325.3680353469584,0.30826520919799805
2346,7261.451,1872.6566666666665,6954.33333333333,100,100,1002,1.9541013983083877,6.9404524284763776,2.1525368690490723,-1872.6566666666665,-0.017256263177841902,25.17161273956299,0.46058889105916023,0.023483281540393364,0.08135695697274059,2346,325.38565053944905,0.30826520919799805
2347,7264.168,1809.4299999999996,6900.999999999996,100,100,1006,1.9658668964006984,6.85984095427435,2.1730566024780273,-1809.4299999999996,-0.013695771514903754,33.783859610557556,0.4149185102432966,0.0197854558518884,0.08296535338740796,2347,325.40242618160926,0.30826520919799805
2348,7266.857,2036.8633333333332,7078.666666666667,100,100,1006,1.945019185600458,7.036447978793904,2.1580264568328857,-2036.8633333333332,-0.01571969795440964,35.57900619506836,0.46769995521754026,0.01779181956590037,0.09037449071183801,2348,325.420457882705,0.30826520919799805
2349,7269.533,1895.723333333333,6859.000000000001,100,100,1006,1.942147315427972,6.818091451292247,2.1498122215270996,-1895.723333333333,-0.01759856683202088,22.670996338129044,0.4390801079571247,0.029847255202184897,0.08014181413454935,2349,325.4390762280372,0.30826520919799805
2350,7275.247,1828.7466666666658,6738.999999999997,100,100,1007,1.9193131086123365,6.692154915590861,2.126805305480957,-1828.7466666666658,-0.016427224996732548,34.40253013372421,0.465229325927794,0.030452591869106982,0.07913272897712886,2350,325.4582090805325,0.30826520919799805
2351,7277.953,1838.426666666668,6869.666666666672,100,100,1006,1.9597463197746938,6.828694499668661,2.166323184967041,-1838.426666666668,-0.01427506934851408,23.702778428792953,0.5073834387585521,0.01910683177266037,0.07415506150573492,2351,325.3391256517096,0.30826520919799805
2352,7280.621,1906.4999999999989,6919.666666666668,100,100,1006,1.920805369627849,6.87839628893307,2.1282031536102295,-1906.4999999999989,-0.01931813231203705,30.024227499961853,0.5310943592339754,0.01797470496239839,0.07213824725477025,2352,325.35809570105414,0.30826520919799805
2353,7283.335,1823.8333333333346,6725.000000000002,100,100,1004,1.9482160359296383,6.698207171314743,2.151193380355835,-1823.8333333333346,-0.014962541230488569,22.96781685948372,0.44569385051727295,0.045370220566837816,0.09201882127672434,2353,325.3747597976262,0.30826520919799805
2354,7286.481,1847.216666666667,6901.333333333332,100,100,1006,2.388749900343411,6.860172299536115,2.601027727127075,-1847.216666666667,-0.014991144620580599,38.587113201618195,0.5123577117919922,0.004421411842486123,0.06910241185687482,2354,325.37229890101787,0.30826520919799805
2355,7289.533,1887.6133333333335,6963.333333333331,100,100,1006,2.283986876454856,6.921802518223987,2.495213031768799,-1887.6133333333335,-0.01908252079738304,24.92634665966034,0.49028298538178205,0.044193220704983105,0.07164996629580855,2355,325.37408882956856,0.30826520919799805
2356,7292.54,2027.6933333333343,7041.333333333331,100,100,1010,2.2084245530860773,6.9716171617161695,2.4409124851226807,-2027.6933333333343,-0.013464986172039062,31.313079595565796,0.5016177566722035,0.025682205901830457,0.07683593721594661,2356,325.3783987243046,0.30826520919799805
2357,7295.653,1892.2433333333342,6832.333333333331,100,100,1011,2.3105865469686946,6.757995384108142,2.537705659866333,-1892.2433333333342,-0.015642521699192002,33.08322513103485,0.4781264867633581,0.015319676052968134,0.0626436123275198,2357,325.3781860411001,0.30826520919799805
2358,7298.817,1970.2799999999995,6856.666666666665,100,100,1005,2.406286072236166,6.822553897180762,2.619527816772461,-1970.2799999999995,-0.016940551402512938,26.07960307598114,0.595460208132863,0.02409474460000638,0.08052300388226286,2358,325.37480405701353,0.30826520919799805
2359,7301.895,1893.766666666665,6792.666666666667,100,100,1006,2.3122024842747164,6.7521537442014585,2.5252983570098877,-1893.766666666665,-0.01936523339827545,25.095357954502106,0.5360814006999135,0.01781999901868403,0.07651154906488955,2359,325.37544542621595,0.30826520919799805
2360,7308.32,1937.436666666667,6939.000000000001,100,100,1009,2.2133515361554337,6.877106045589693,2.4366376399993896,-1937.436666666667,-0.014963776688091457,32.39980626106262,0.5136075867339969,0.020697467116406187,0.07864317577332258,2360,325.38051906878087,0.30826520919799805
2361,7311.515,1973.056666666667,6963.666666666662,100,100,1008,2.405566962792479,6.908399470899466,2.6291849613189697,-1973.056666666667,-0.01315861038165167,28.80514919757843,0.5494022108614445,0.01608873776785913,0.07633463572710752,2361,325.22315287268754,0.30826520919799805
2362,7314.459,1959.7166666666685,6971.333333333337,100,100,1005,2.1804350254529004,6.936650082918743,2.3952748775482178,-1959.7166666666685,-0.015891519200522453,35.80697911977768,0.5359139861539006,0.015523165251579485,0.062348090345039964,2362,325.2296763091417,0.30826520919799805
2363,7317.229,1951.3433333333344,6956.333333333334,100,100,1005,2.0144764167159352,6.921724709784412,2.2266557216644287,-1951.3433333333344,-0.018686685536522418,37.525792717933655,0.4856432769447565,0.01605472166556865,0.08262803847901523,2363,325.2438985983981,0.30826520919799805
2364,7319.931,1926.3466666666673,6956.666666666667,100,100,1004,1.957390440346866,6.928950863213812,2.162708282470703,-1926.3466666666673,-0.017556242644786835,31.405308842658997,0.5568623933941126,0.02190817569498904,0.07697088085114956,2364,325.26097859149894,0.30826520919799805
2365,7322.7,1822.7599999999998,6859.0,100,100,1006,1.9962202776575213,6.818091451292246,2.2054460048675537,-1822.7599999999998,-0.019592185912188143,31.079748570919037,0.5111989779397845,0.050532506975287106,0.0925186820095405,2365,325.2753904403037,0.30826520919799805
2366,7325.434,1972.690000000001,7073.999999999997,100,100,1002,1.9768711562666246,7.059880239520956,2.1797049045562744,-1972.690000000001,-0.017737545291311108,25.774155378341675,0.6064848005771637,0.016092375313746743,0.06887090776581317,2366,325.29075482020505,0.30826520919799805
2367,7328.147,1895.836666666667,6862.333333333333,100,100,1004,1.9774839647978812,6.834993359893758,2.185194253921509,-1895.836666666667,-0.015618842124240473,32.34969699382782,0.5614493666216731,0.014979643874539761,0.05455433251336217,2367,325.3073374008657,0.30826520919799805
2368,7330.872,1946.2599999999998,6856.999999999997,100,100,1003,1.9717450644347374,6.836490528414753,2.1778995990753174,-1946.2599999999998,-0.01259340823162347,27.2059183716774,0.5544194523245096,0.014916977095708717,0.07223155885003507,2368,325.3232332028925,0.30826520919799805
2369,7333.583,1943.34,6989.666666666667,100,100,1007,1.961799403314979,6.9410791128765315,2.1757380962371826,-1943.34,-0.018249646294862032,29.399795591831207,0.5278173703700304,0.03125676382842357,0.06191821797983721,2369,325.34032371855926,0.30826520919799805
2370,7339.456,1974.7399999999982,6901.999999999995,100,100,1005,1.9656987063846185,6.867661691542284,2.175121545791626,-1974.7399999999982,-0.0109505356522277,33.424627006053925,0.5429763933643699,0.02869084229314467,0.08471137168817222,2370,325.3564126604218,0.30826520919799805
2371,7342.185,1856.743333333334,6919.666666666671,100,100,1004,1.9673116527640622,6.8920982735723815,2.171527147293091,-1856.743333333334,-0.012804338563000783,23.477143824100494,0.5489844102412462,0.03938307104181149,0.07532848021946847,2371,325.2327266483647,0.30826520919799805
2372,7344.917,1987.246666666667,7032.333333333333,100,100,1010,1.9758561385177666,6.962706270627063,2.1964950561523438,-1987.246666666667,-0.0174893454532139,24.961702466011047,0.5698156887665391,0.02211005915160058,0.07580078102182597,2372,325.2492975720783,0.30826520919799805
2373,7347.618,1846.736666666667,6845.000000000001,100,100,1008,1.9570418651075294,6.790674603174604,2.1693220138549805,-1846.736666666667,-0.01046495873015374,23.63688313961029,0.4990918580442667,0.01191357758216327,0.0750325524713844,2373,325.2669314337941,0.30826520919799805
2374,7350.324,1901.9566666666674,6867.999999999998,100,100,1004,1.9528532869867106,6.8406374501992016,2.1570613384246826,-1901.9566666666674,-0.01155404734890908,29.210694789886475,0.5711886724457145,0.02742939509334974,0.08500532689504325,2374,325.2837518466931,0.30826520919799805
2375,7353.048,1804.8500000000013,6746.333333333331,100,100,1005,1.9717072627845391,6.712769485903812,2.174732208251953,-1804.8500000000013,-0.015604275977239013,27.817254960536957,0.5722732497379184,0.009094016641029157,0.08123914944007993,2375,325.29996279938905,0.30826520919799805
2376,7355.75,1779.4133333333366,6819.6666666666715,100,100,1011,1.939636796439282,6.745466534784047,2.155839443206787,-1779.4133333333366,-0.014779145654756576,40.09574443101883,0.5263849636539817,0.01795642734214198,0.06715303321834654,2376,325.3178914725122,0.30826520919799805
2377,7358.42,1931.3500000000004,7066.33333333333,100,100,1005,1.9352244770395297,7.0311774461028165,2.1416537761688232,-1931.3500000000004,-0.017956620489712805,27.21251654624939,0.6466965414583683,0.02312038002128247,0.08355034736450762,2377,325.3364466086783,0.30826520919799805
2378,7361.132,1983.4699999999998,7244.333333333334,100,100,1002,1.9778216582074197,7.229873586161012,2.179182291030884,-1983.4699999999998,-0.00921896006911993,28.70345801115036,0.605440222658217,0.01521654287353158,0.06261625746265054,2378,325.3526978646811,0.30826520919799805
2379,7363.848,1963.1566666666663,7115.666666666664,100,100,1007,1.9553323729979217,7.0662032439589515,2.167572259902954,-1963.1566666666663,-0.017445746634621173,38.72383761405945,0.6192987309768796,0.02293058412760729,0.0826857544016093,2379,325.3694893079581,0.30826520919799805
2380,7369.771,1928.823333333335,6777.333333333339,100,100,1002,1.9830654688019624,6.76380572188956,2.188495635986328,-1928.823333333335,-0.01782051718328148,40.782909631729126,0.6191977402195334,0.008680208105943166,0.06482514884555712,2380,325.3844892510585,0.30826520919799805
2381,7372.481,1961.2100000000012,7033.333333333332,100,100,1006,1.9574843940258426,6.991385023194167,2.1684422492980957,-1961.2100000000012,-0.019453325250651687,24.53028279542923,0.6943276356905699,0.0147203848719073,0.07477072038454935,2381,325.2607798649971,0.30826520919799805
2382,7375.16,2096.0899999999997,7018.333333333334,100,100,1007,1.922751043006674,6.969546507778881,2.1395533084869385,-2096.0899999999997,-0.019987705803941935,39.678209483623505,0.5946738701313734,0.003559994584065862,0.0668425863259472,2382,325.27916601609104,0.30826520919799805
2383,7377.837,1990.9466666666672,7089.0,100,100,1005,1.931746865724635,7.053731343283582,2.140793800354004,-1990.9466666666672,-0.0178846248309128,38.83960294723511,0.6123556466773152,0.007619536612764932,0.08632812515133992,2383,325.2973651692611,0.30826520919799805
2384,7380.511,2073.423333333333,7247.666666666666,100,100,1010,1.925091486018483,7.175907590759075,2.1473004817962646,-2073.423333333333,-0.015981409611413255,34.0943301320076,0.6310159265995026,0.03650829468824668,0.07132812484633178,2384,325.3163623069759,0.30826520919799805
2385,7383.205,2074.993333333334,7262.666666666665,100,100,1006,1.9362021864125243,7.219350563286944,2.1512069702148438,-2074.993333333334,-0.01862008438911289,33.61588406562805,0.6571600716561079,0.012286522414797219,0.06568444322329015,2385,325.333927978183,0.30826520919799805
2386,7385.927,2008.3566666666668,7102.666666666668,100,100,1013,1.9644535033341206,7.011516946363937,2.1906015872955322,-2008.3566666666668,-0.02121727290796116,27.827809929847717,0.6111162733286619,0.011295903670543339,0.06391877960413694,2386,325.35117111357977,0.30826520919799805
2387,7388.606,1951.7300000000012,6999.333333333332,100,100,1011,1.9316865465420452,6.923178371249587,2.1508469581604004,-1951.7300000000012,-0.019727463310118765,53.49311566352844,0.6462635677307844,0.011617099702561973,0.06006816797889769,2387,325.3700339686123,0.30826520919799805
2388,7391.279,1966.0866666666666,7119.666666666667,100,100,1007,1.9206421070823736,7.0701754385964914,2.132016897201538,-1966.0866666666666,-0.015465828590095043,35.224540054798126,0.6202285932376981,0.014990537165431306,0.07319024251773953,2388,325.3886142371216,0.30826520919799805
2389,7393.973,2008.8333333333348,7090.666666666668,100,100,1005,1.9393785068978422,7.055389718076286,2.148836612701416,-2008.8333333333348,-0.01686891572899185,25.759264171123505,0.6344657931476831,0.013830513991706539,0.06959635438397527,2389,325.40599334741296,0.30826520919799805
2390,7399.702,1897.3233333333346,6932.000000000001,100,100,1005,1.9204353220964694,6.8975124378109465,2.1299216747283936,-1897.3233333333346,-0.019362136023119092,24.3539617061615,0.5567175261676311,0.007584538587252609,0.08080512168817222,2390,325.4241315523001,0.30826520919799805
2391,7402.368,2000.8533333333328,7059.333333333333,100,100,1010,1.912673266770521,6.989438943894389,2.1327266693115234,-2000.8533333333328,-0.018337225425057113,31.5583713054657,0.6249641133472323,0.03834750974056078,0.06205078086350113,2391,325.30914343559436,0.30826520919799805
2392,7405.466,1956.7300000000014,7084.333333333336,100,100,1005,2.339228657792457,7.049087893864016,2.5505576133728027,-1956.7300000000014,-0.010770752443931997,37.96861696243286,0.5318723358213902,0.01244848349597305,0.07090928836259991,2392,325.3087830067733,0.30826520919799805
2393,7408.469,1860.0933333333326,6723.0,100,100,1011,2.2131000014674194,6.649851632047477,2.4361727237701416,-1860.0933333333326,-0.01951211190316826,25.3901349902153,0.5640718406066298,0.03353573734057136,0.05457261041738093,2393,325.31337118604176,0.30826520919799805
2394,7411.528,1909.0466666666669,7054.000000000002,100,100,1007,2.264727806892568,7.004965243296923,2.4812111854553223,-1909.0466666666669,-0.01277556928107515,25.816365033388138,0.5241659786552191,0.04748994437613874,0.08885679836384952,2394,325.3149529715444,0.30826520919799805
2395,7414.769,1827.9533333333343,6827.0,100,100,1001,2.4634566417170483,6.8201798201798205,2.664104700088501,-1827.9533333333343,-0.012459013261832297,46.76775681972504,0.5446126256138086,0.008819955590297468,0.06875238171778619,2395,325.30779503625786,0.30826520919799805
2396,7417.917,1921.4466666666665,6986.666666666667,100,100,1007,2.3811362464583916,6.9380999668983785,2.599149227142334,-1921.4466666666665,-0.017215785512235016,38.580345809459686,0.6048747412860394,0.011734704443369992,0.06967877293936908,2396,325.3054540535582,0.30826520919799805
2397,7420.868,1917.2333333333331,7072.666666666665,100,100,1009,2.182163727216836,7.009580442682522,2.401594400405884,-1917.2333333333331,-0.010326944582629949,30.028383791446686,0.5978054441511631,0.020300897926063044,0.08018773916410282,2397,325.3120762169193,0.30826520919799805
2398,7423.874,2011.6866666666665,7100.666666666668,100,100,1007,2.229343097339742,7.05130751406819,2.449197292327881,-2011.6866666666665,-0.0184153257869184,25.246525704860687,0.6254852432757616,0.013971659333037678,0.06875415547983721,2398,325.31599416693626,0.30826520919799805
2399,7426.987,1911.0933333333332,6969.000000000003,100,100,1009,2.3304580773593355,6.906838453914769,2.550917387008667,-1911.0933333333332,-0.017223502218257636,40.158695697784424,0.6243465188890696,0.014254025496484246,0.07759685901692137,2399,325.31550157413506,0.30826520919799805
2400,7433.647,1956.9999999999986,6951.666666666665,100,100,1006,2.4467321066695003,6.910205434062291,2.663583755493164,-1956.9999999999986,-0.014042494411114603,25.02683448791504,0.6141961142420769,0.006455103983171284,0.06793478288454935,2400,325.30924368210685,0.30826520919799805
2401,7436.695,1951.0699999999995,7053.666666666666,100,100,1010,2.2575394077558477,6.983828382838284,2.4830124378204346,-1951.0699999999995,-0.016069306177087128,32.37948936223984,0.6570092979818583,0.012766387699230108,0.06443359365221113,2401,325.1619273207849,0.30826520919799805
2402,7439.526,1976.8866666666665,7050.000000000003,100,100,1009,2.061425867108342,6.98711595639247,2.2797343730926514,-1976.8866666666665,-0.017982210832997225,26.090872049331665,0.624746979214251,0.027753881542594172,0.06467235321179032,2402,325.1737863665942,0.30826520919799805
2403,7442.427,1891.5366666666678,6949.333333333337,100,100,1004,2.1026115539851062,6.921646746347945,2.309864044189453,-1891.5366666666678,-0.02028241113293916,21.794989496469498,0.5865204092115164,0.007302688383788336,0.07546164793893695,2403,325.18195607779154,0.30826520919799805
2404,7445.495,2021.683333333332,7148.333333333331,100,100,1011,2.281064392849582,7.0705572040883595,2.5122077465057373,-2021.683333333332,-0.010960668849293143,24.392952382564545,0.6688895700499415,0.020204025284328964,0.05141314351931214,2404,325.18374649855735,0.30826520919799805
2405,7448.518,2033.2366666666662,6953.000000000001,100,100,1002,2.250132435480107,6.939121756487027,2.4602718353271484,-2033.2366666666662,-0.01804049519705586,40.84279799461365,0.6662039402872324,0.0031927587479003705,0.07163783488795161,2405,325.1863015471137,0.30826520919799805
2406,7451.359,1936.1366666666665,7066.999999999996,100,100,1010,2.061333366794198,6.997029702970293,2.284348249435425,-1936.1366666666665,-0.01786647387780249,27.852883100509644,0.7212091758847237,0.018185945438744966,0.06386718747671694,2406,325.19787178534034,0.30826520919799805
2407,7454.201,1949.4733333333343,6918.999999999996,100,100,1004,2.068252691491674,6.891434262948204,2.2746658325195312,-1949.4733333333343,-0.02004080353071913,32.481555104255676,0.6815188005566597,0.009816926263738424,0.06307705980725586,2407,325.2085811387925,0.30826520919799805
2408,7457.217,1969.6366666666656,7110.000000000003,100,100,1009,2.2351874128109577,7.046580773042619,2.4579412937164307,-1969.6366666666656,-0.01235385745530948,43.10074198246002,0.6665518647059798,0.019605245579441544,0.07131895702332258,2408,325.21232324994037,0.30826520919799805
2409,7460.253,2027.2833333333328,7034.333333333338,100,100,1007,2.2547338661934733,6.985435286329034,2.4752538204193115,-2027.2833333333328,-0.016261604032479227,25.377708971500397,0.7357607875019312,0.008224665369198192,0.05930019944207743,2409,325.2149654653872,0.30826520919799805
2410,7466.793,2020.990000000001,7206.000000000002,100,100,1011,2.1142998033661016,7.1275964391691415,2.3391005992889404,-2020.990000000001,-0.020252662303391844,33.89063024520874,0.6795811075717211,0.003678102650155779,0.06728707137517631,2410,325.22429344859825,0.30826520919799805
2411,7469.767,1916.7600000000023,6946.333333333334,100,100,1005,2.2002684562907215,6.911774461028193,2.4110171794891357,-1916.7600000000023,-0.016569662373512983,31.700480580329895,0.6351865585893393,0.016911440431158553,0.061501736170612276,2411,325.07066057301154,0.30826520919799805
2412,7472.73,1893.7033333333338,6953.999999999998,100,100,1007,2.1980049634489203,6.905660377358489,2.411696434020996,-1893.7033333333338,-0.012198718206491321,27.78161907196045,0.6156973456963897,0.024737114898016443,0.06600108032580465,2412,325.076525478247,0.30826520919799805
2413,7475.962,1894.6333333333328,6952.666666666664,100,100,1004,2.464018627723857,6.924966799468789,2.6721370220184326,-1894.6333333333328,-0.018033368163742125,25.82461369037628,0.6553466850891709,0.01101934204052668,0.055264559807255864,2413,325.07028471094105,0.30826520919799805
2414,7479.189,2019.413333333334,7163.666666666669,100,100,1003,2.4426307061228414,7.14223994682619,2.6527554988861084,-2019.413333333334,-0.014702657237648964,30.823635041713715,0.7010202119126916,0.007759978223475628,0.05806004733312875,2414,325.06414056662015,0.30826520919799805
2415,7482.197,1944.7933333333337,7024.333333333332,100,100,1008,2.212563986956541,6.968584656084655,2.4308695793151855,-1944.7933333333337,-0.013576584824477322,23.089412331581116,0.6261099949479103,0.017474515341746155,0.06298828142462298,2415,325.0681775975101,0.30826520919799805
2416,7485.187,2015.8033333333349,7060.333333333333,100,100,1010,2.211883763026557,6.990429042904291,2.438985586166382,-2015.8033333333349,-0.020454995858017355,23.78586322069168,0.6634139027446508,0.03653118973306846,0.05912109347991645,2416,325.07324623985784,0.30826520919799805
2417,7488.304,1802.8799999999974,6866.9999999999945,100,100,1004,2.3473446217757017,6.839641434262942,2.5565309524536133,-1802.8799999999974,-0.01689947652630508,30.898143470287323,0.665791411884129,0.0190858208516147,0.06041370751336217,2417,325.0719869671383,0.30826520919799805
2418,7491.462,1991.056666666666,6833.666666666667,100,100,1002,2.3916028925643382,6.820026613439787,2.601510524749756,-1991.056666666666,-0.018461585568729788,43.390315890312195,0.6071364423260093,0.010409093927592039,0.06261625769548118,2418,325.06870681356855,0.30826520919799805
2419,7494.317,1911.8433333333344,6988.333333333331,100,100,1006,2.097127834037798,6.946653412856194,2.3080265522003174,-1911.8433333333344,-0.018910335144028068,26.784481406211853,0.5886326711624861,0.008190507236577105,0.08101222827099264,2419,325.0791298688914,0.30826520919799805
2420,7500.048,1781.8399999999995,6827.666666666667,100,100,1008,1.9458959335073207,6.773478835978836,2.153578519821167,-1781.8399999999995,-0.019809587975032628,24.925643980503082,0.687448512762785,0.02161984746635426,0.052571614913176745,2420,325.0972496167888,0.30826520919799805
2421,7502.74,1849.8033333333328,6807.666666666671,100,100,1002,1.943095307773957,6.794078509647376,2.143264055252075,-1849.8033333333328,-0.020922222000081092,32.97330558300018,0.6006876155734062,0.012430084971128963,0.07138206856325269,2421,324.98208369754167,0.30826520919799805
2422,7505.438,1967.6533333333336,6925.333333333332,100,100,1003,1.9600312065347985,6.904619474908606,2.165560007095337,-1967.6533333333336,-0.02063841139897704,29.687959134578705,0.6655847690999508,0.019404455295443768,0.09345476003363729,2422,324.9988849661719,0.30826520919799805
2423,7508.14,1966.3666666666675,7163.999999999996,100,100,1009,1.9537351831214131,7.100099108027747,2.1699724197387695,-1966.3666666666675,-0.01880641165189445,28.99155306816101,0.6411515157669783,0.006314662939985283,0.06467235332820565,2423,325.0163005215866,0.30826520919799805
2424,7510.84,1893.756666666667,6973.333333333332,100,100,1007,1.9453884779393318,6.924859318106586,2.1554737091064453,-1893.756666666667,-0.017058141122106463,20.87069481611252,0.6099290437996387,0.01236001074721571,0.08628033543936908,2424,325.0335403675674,0.30826520919799805
2425,7513.53,1992.6266666666672,6944.333333333331,100,100,1010,1.9385850476562092,6.875577557755774,2.1587955951690674,-1992.6266666666672,-0.017097404575906694,36.34833878278732,0.6235897047445178,0.01555642065795837,0.07349609374068677,2425,325.0516185577791,0.30826520919799805
2426,7516.258,1927.8500000000013,7118.333333333334,100,100,1004,1.973592232359922,7.089973439575034,2.177509307861328,-1927.8500000000013,-0.01696543290745467,38.59756076335907,0.6123372325673699,0.005226515007962007,0.057262073969468474,2426,325.0672130113886,0.30826520919799805
2427,7518.96,1927.019999999999,7047.0,100,100,1014,1.937956705251323,6.949704142011834,2.1652462482452393,-1927.019999999999,-0.017389990476658568,25.42524415254593,0.6344049274921417,0.019401654091780074,0.08116319472901523,2427,325.08523606932266,0.30826520919799805
2428,7521.685,1882.2866666666678,7004.333333333336,100,100,1011,1.9633067279186331,6.9281239696669985,2.179806709289551,-1882.2866666666678,-0.01327538548503071,29.39561754465103,0.6592620443552732,0.021638744641677476,0.07840265054255724,2428,325.10188425886076,0.30826520919799805
2429,7524.619,1875.5066666666667,7092.333333333335,100,100,1007,2.162157892815532,7.043032108573321,2.3736424446105957,-1875.5066666666667,-0.016289011691696942,28.071069598197937,0.6615373976528645,0.018170915875089122,0.061294880288187414,2429,325.10893772416574,0.30826520919799805
2430,7531.123,1975.4900000000025,6994.666666666667,100,100,1007,2.334795728656015,6.946044356173453,2.552743673324585,-1975.4900000000025,-0.01880595227703452,35.45407998561859,0.6649876218289137,0.01149658521899255,0.06311294878832996,2430,325.10789708293436,0.30826520919799805
2431,7534.226,1984.713333333333,6951.000000000005,100,100,1012,2.266821047367543,6.868577075098819,2.4996337890625,-1984.713333333333,-0.018665219482500106,38.627180099487305,0.7182313445955515,0.013821981690853136,0.0667818512301892,2431,324.9623693199809,0.30826520919799805
2432,7537.343,1884.9800000000012,6813.333333333334,100,100,1003,2.342739980482122,6.792954469923563,2.550583600997925,-1884.9800000000012,-0.009719376335851848,29.300183475017548,0.6508443960919976,0.014153208874631673,0.053926689783111215,2432,324.96104465685414,0.30826520919799805
2433,7540.437,1958.270000000002,6880.333333333338,100,100,1007,2.311534358696252,6.83250579278385,2.5309252738952637,-1958.270000000002,-0.019871741242241114,32.25624108314514,0.715159472078085,0.001692280038696481,0.06666597403818741,2433,324.961288843805,0.30826520919799805
2434,7543.466,1925.3299999999979,6997.999999999998,100,100,1015,2.2344532985873338,6.8945812807881754,2.4710943698883057,-1925.3299999999979,-0.02331921466975473,30.9901904463768,0.6716553345322609,0.012104211204132298,0.08194247155915946,2434,324.96533838713185,0.30826520919799805
2435,7546.502,1909.8966666666654,7064.333333333327,100,100,1011,2.2325495552293715,6.9874711506758915,2.458923578262329,-1909.8966666666654,-0.015739213791675866,30.29897403717041,0.6927459295839071,0.014141558909614105,0.0648360907798633,2435,324.96858909066145,0.30826520919799805
2436,7549.691,1993.0766666666686,6906.000000000002,100,100,1005,2.39570149306245,6.871641791044778,2.6107184886932373,-1993.0766666666686,-0.021441634104121476,28.05501013994217,0.630341237410903,0.011520029642269947,0.0689019097480923,2436,324.9644155372955,0.30826520919799805
2437,7552.778,1986.3633333333319,7046.666666666669,100,100,1006,2.3248573553620675,7.00463883366468,2.5433881282806396,-1986.3633333333319,-0.01468579366337508,31.24952518939972,0.6080424506217241,0.00985563036374515,0.06852921209065244,2437,324.9648166592649,0.30826520919799805
2438,7555.499,1833.9566666666658,6834.666666666664,100,100,1005,1.984879700930335,6.8006633499170785,2.1905293464660645,-1833.9566666666658,-0.018762423074804246,28.877649903297424,0.6521680541336536,0.007594987120683072,0.06595052091870457,2438,324.98079513398847,0.30826520919799805
2439,7558.224,1856.4266666666683,6871.333333333336,100,100,1003,1.97573000860446,6.850780990362249,2.1776885986328125,-1856.4266666666683,-0.011998718022368848,28.05510663986206,0.601985989138484,0.008113692711049225,0.054891897016204894,2439,324.9963155423979,0.30826520919799805
2440,7564.133,1939.0766666666666,6901.0,100,100,1002,1.9873470080060933,6.887225548902196,2.1903817653656006,-1939.0766666666666,-0.019530459481757134,25.816794276237488,0.6160682672634721,0.008222965145250782,0.07603236625436693,2440,325.0114554238059,0.30826520919799805
2441,7566.93,1839.3999999999987,6874.666666666665,100,100,1008,2.006261111611301,6.820105820105819,2.216470241546631,-1839.3999999999987,-0.01814559637568891,32.99116462469101,0.6296190153807402,0.009680414183094399,0.06722005241317675,2441,324.8880264988257,0.30826520919799805
2442,7569.686,1907.8400000000017,7000.333333333336,100,100,1006,2.0074222702533007,6.958581842279658,2.2177369594573975,-1907.8400000000017,-0.01616385069064563,23.127835005521774,0.6345167402178049,0.0030193357197276782,0.06519616162404418,2442,324.90265546848184,0.30826520919799805
2443,7572.431,1944.2933333333322,6994.999999999997,100,100,1011,1.9834894181664897,6.918892185954498,2.207350730895996,-1944.2933333333322,-0.017561780812684447,31.307137846946716,0.5728937955573201,0.005706843683583429,0.06765088863903657,2443,324.9183586381931,0.30826520919799805
2444,7575.174,1898.5233333333347,6925.333333333333,100,100,1010,1.990165442371243,6.856765676567656,2.2076375484466553,-1898.5233333333347,-0.019302500935737044,31.029667735099792,0.605068170465529,0.009879949146125,0.05976562493015081,2444,324.9340484078784,0.30826520919799805
2445,7577.966,1954.6700000000005,6939.333333333334,100,100,1008,2.027511509599179,6.8842592592592595,2.2467892169952393,-1954.6700000000005,-0.014637644228059798,24.59363952279091,0.5668751848861575,0.009704350180982146,0.06689453148283064,2445,324.9473478094093,0.30826520919799805
2446,7580.677,1893.21,7004.000000000004,100,100,1001,1.9648951055206634,6.997002997003,2.1604549884796143,-1893.21,-0.015966002421919256,29.337043583393097,0.617838466539979,0.02199935903718142,0.06533441296778619,2446,324.9631862934741,0.30826520919799805
2447,7583.419,1916.923333333333,6962.0,100,100,1009,1.9876982159940277,6.8999008919722495,2.2054147720336914,-1916.923333333333,-0.019861064560245723,39.626057863235474,0.6685760114341974,0.008731854708457831,0.07947026449255645,2447,324.9787287221055,0.30826520919799805
2448,7586.185,1868.3733333333332,6939.333333333335,100,100,1012,2.002880729554523,6.8570487483530975,2.224881649017334,-1868.3733333333332,-0.01951882627326995,29.436179518699646,0.699924610555172,0.002074918389553204,0.060960036295000464,2448,324.99365067778007,0.30826520919799805
2449,7588.904,1847.3899999999996,6826.999999999999,100,100,1003,1.9752811554611354,6.806580259222332,2.18122935295105,-1847.3899999999996,-0.015284036984667182,30.969913125038147,0.638104360550642,0.010811373216711218,0.06076262705028057,2449,325.00939677968125,0.30826520919799805
2450,7594.846,2005.8966666666672,6930.333333333333,100,100,1006,2.009247910952525,6.8889993373094764,2.2266905307769775,-2005.8966666666672,-0.020411108736880124,35.373939752578735,0.5781112276017666,0.003783654417929938,0.06804093084065244,2450,325.02288091081374,0.30826520919799805
2451,7597.561,1871.2433333333329,6869.666666666666,100,100,1005,1.9605833837827342,6.835489220563847,2.1679985523223877,-1871.2433333333329,-0.013851235707988963,23.654007136821747,0.5838700318709016,0.025654268196376506,0.12362196203321218,2451,324.90376273617136,0.30826520919799805
2452,7600.294,1982.9033333333346,7168.3333333333385,100,100,1007,1.9695090364420633,7.118503806686533,2.1812362670898438,-1982.9033333333346,-0.0187290299218148,24.856612026691437,0.6215751403942704,0.004388245353766251,0.05059424857608974,2452,324.9193972923792,0.30826520919799805
2453,7603.035,2052.4666666666662,7171.666666666668,100,100,1006,1.9716305159926637,7.128893306825714,2.184324264526367,-2052.4666666666662,-0.020726503105834126,27.889600813388824,0.67472087405622,0.00964956409734441,0.0769998305477202,2453,324.9345797692898,0.30826520919799805
2454,7605.794,1894.6466666666665,7004.999999999997,100,100,1004,1.986159261944982,6.977091633466133,2.192538261413574,-1894.6466666666665,-0.020437681290786713,27.158459842205048,0.6537839835509658,0.004250442085321993,0.0832741477061063,2454,324.94869956848225,0.30826520919799805
2455,7608.554,1947.1066666666657,6976.666666666667,100,100,1008,1.99841230018397,6.921296296296297,2.216252565383911,-1947.1066666666657,-0.018899839837104082,31.77915644645691,0.632119351066649,0.017443809811084066,0.10123697924427688,2455,324.9633234454096,0.30826520919799805
2456,7611.317,1828.8599999999994,6739.666666666669,100,100,1008,1.9966258939045172,6.686177248677251,2.2084224224090576,-1828.8599999999994,-0.01623639854369685,33.630827605724335,0.5944961728528142,0.004857296580667025,0.07617187523283064,2456,324.97779336778433,0.30826520919799805
2457,7614.037,1940.5700000000004,7079.333333333333,100,100,1007,1.9614000004959453,7.030122476001324,2.1736602783203125,-1940.5700000000004,-0.018456499557942152,33.08175337314606,0.579423270188272,0.009639665971917566,0.0880568481516093,2457,324.99396614505844,0.30826520919799805
2458,7616.739,1900.8999999999996,6949.000000000002,100,100,1010,1.9346492061861744,6.880198019801982,2.153477668762207,-1900.8999999999996,-0.013283552718348801,23.659972190856934,0.5661300243809819,0.006953490665182471,0.08695312472991645,2458,325.0112574735,0.30826520919799805
2459,7619.406,1952.2933333333328,6839.666666666667,100,100,1007,1.9208918570225473,6.792121813968885,2.133465051651001,-1952.2933333333328,-0.012582330702571198,35.10294723510742,0.5767290452495217,0.017267110022658017,0.07877950428519398,2459,325.0296672644997,0.30826520919799805
2460,7625.096,1894.5300000000018,6859.000000000003,100,100,1005,1.931123280392691,6.82487562189055,2.1388115882873535,-1894.5300000000018,-0.01618706970475614,32.551243126392365,0.5277828294783831,0.011182902904693037,0.08024088584352285,2460,325.04741085785395,0.30826520919799805
2461,7627.805,1904.47,6978.333333333334,100,100,1011,1.934262807826437,6.902406857896473,2.1526522636413574,-1904.47,-0.01633230602601543,25.967491507530212,0.62066082470119,0.005874815076822415,0.0779143690597266,2461,324.93605591602807,0.30826520919799805
2462,7630.463,1958.3200000000004,7017.666666666668,100,100,1005,1.9180507435050993,6.982752902155888,2.128359079360962,-1958.3200000000004,-0.015398724004626274,46.19522416591644,0.6217383900657296,0.005647391124512069,0.09314236138015985,2462,324.9545792853232,0.30826520919799805
2463,7633.137,1992.266666666666,6876.666666666667,100,100,1010,1.9056062390428443,6.808580858085809,2.127718687057495,-1992.266666666666,-0.018806592794135213,36.25467532873154,0.587279537692666,0.005484993645950453,0.07369140582159162,2463,324.97307158627467,0.30826520919799805
2464,7635.818,1878.8633333333323,6857.333333333332,100,100,1004,1.9280310762875466,6.830013280212482,2.1314311027526855,-1878.8633333333323,-0.015071842353790998,38.3112291097641,0.583374036476016,0.011686242840369232,0.08789062523283064,2464,324.9904770600727,0.30826520919799805
2465,7638.532,1883.28,6835.333333333334,100,100,1007,1.9676222474256007,6.787818603111553,2.1797564029693604,-1883.28,-0.013133171247318387,33.65108114480972,0.5729273473843932,0.010900078217673581,0.08499210397712886,2465,325.0068263299222,0.30826520919799805
2466,7641.18,2019.2,7128.000000000002,100,100,1004,1.8985231064465935,7.0996015936255,2.106484889984131,-2019.2,-0.013592660194262862,45.09101700782776,0.5480748619884253,0.011650461019598879,0.07310902001336217,2466,325.0255919976258,0.30826520919799805
2467,7644.015,2009.903333333334,7064.333333333337,100,100,1010,2.0466007910078705,6.994389438943898,2.27254581451416,-2009.903333333334,-0.013776663206954254,41.669764280319214,0.5064132250845432,0.014819540447206236,0.09308593720197678,2467,325.037153265872,0.30826520919799805
2468,7647.005,1871.5066666666673,6908.666666666665,100,100,1006,2.206961927860494,6.867461895294896,2.418529748916626,-1871.5066666666673,-0.017676641116850078,24.440133929252625,0.48644738364964724,0.032264985791698564,0.0896951430477202,2468,325.04168986231963,0.30826520919799805
2469,7650.05,1898.4266666666663,6924.333333333333,100,100,1012,2.2353925884852237,6.842226613965744,2.462374448776245,-1898.4266666666663,-0.010780883836559951,31.328194499015808,0.53035241458565,0.013816767270327546,0.08263221173547208,2469,325.04457596870395,0.30826520919799805
2470,7656.721,1897.9033333333316,6863.666666666663,100,100,1007,2.349351535069404,6.815954981794104,2.568739175796509,-1897.9033333333316,-0.01274279982317239,26.859690308570862,0.6264366880059242,0.02066445392119931,0.09280460432637483,2470,325.04251465259193,0.30826520919799805
2471,7659.626,1871.9233333333336,7010.999999999998,100,100,1001,2.150304495825895,7.0039960039960025,2.3506391048431396,-1871.9233333333336,-0.016202722385060042,42.722332775592804,0.583260415121913,0.03301997128437506,0.11678258329629898,2471,324.9003171531017,0.30826520919799805
2472,7662.617,1960.3666666666657,6913.666666666665,100,100,1006,2.1990678917938773,6.872432074221337,2.4151499271392822,-1960.3666666666657,-0.014504491235129535,33.064076125621796,0.6018216013908386,0.02115155995124951,0.10152004100382328,2472,324.90481099223746,0.30826520919799805
2473,7665.746,1940.6933333333325,7105.333333333335,100,100,1011,2.3180335319327408,7.02802505769865,2.545978546142578,-1940.6933333333325,-0.013338149758055806,34.69616138935089,0.655165359377861,0.024686315195140196,0.08694278518669307,2473,324.9040630452606,0.30826520919799805
2474,7668.739,1981.343333333335,7010.333333333339,100,100,1004,2.165268526637029,6.982403718459501,2.378434896469116,-1981.343333333335,-0.016512298840098083,33.58731371164322,0.6010134508833289,0.022469199437182397,0.09441583836451173,2474,324.9081649036303,0.30826520919799805
2475,7671.768,1995.7499999999998,6982.000000000007,100,100,1007,2.2510296929638756,6.9334657398212585,2.4677493572235107,-1995.7499999999998,-0.015780734713189304,41.439581513404846,0.5534667959436774,0.02012213563284604,0.12716090376488864,2475,324.9111527845976,0.30826520919799805
2476,7674.605,1980.2666666666662,7020.666666666665,100,100,1005,2.079598112518329,6.985737976782751,2.2940750122070312,-1980.2666666666662,-0.01763086096616462,30.071770429611206,0.5789853138849139,0.018304177472600713,0.0970703128259629,2476,324.9220152714186,0.30826520919799805
2477,7677.364,1847.5133333333338,6791.999999999997,100,100,1011,1.9872011859789787,6.718100890207713,2.206040620803833,-1847.5133333333338,-0.010946518566925079,38.6133708357811,0.5800967449322343,0.03880312376713846,0.09022671589627862,2477,324.9369543120931,0.30826520919799805
2478,7680.13,2032.3033333333328,7138.6666666666615,100,100,1010,2.0013306927313974,7.067986798679863,2.227707862854004,-2032.3033333333328,-0.014406338916160166,47.509458780288696,0.6475839233025908,0.01634543142426992,0.09861328103579581,2478,324.95138907764454,0.30826520919799805
2479,7682.889,1882.34,6907.999999999996,100,100,1004,1.9935543845552373,6.880478087649399,2.2022409439086914,-1882.34,-0.01394966890802607,27.03179919719696,0.5900186374783516,0.031428584621608024,0.09241832396946847,2479,324.9654055440359,0.30826520919799805
2480,7688.731,1972.2866666666657,7115.666666666666,100,100,1003,1.984559123149905,7.094383516118311,2.1924848556518555,-1972.2866666666657,-0.016618558671325445,32.09947234392166,0.5807786472141743,0.03505584373488091,0.08368913549929857,2480,324.9803289317507,0.30826520919799805
2481,7691.481,1960.2333333333331,7027.0,100,100,1009,1.9825407345636172,6.9643211100099105,2.201423406600952,-1960.2333333333331,-0.012944370799232274,43.29902625083923,0.5725384959951043,0.018338484362175222,0.07282366056460887,2481,324.86402409647235,0.30826520919799805
2482,7694.242,1962.2033333333322,6962.666666666668,100,100,1006,1.9904201749386359,6.921139827700465,2.2046515941619873,-1962.2033333333322,-0.017151472449768335,40.39324253797531,0.59152642916888,0.016094863327452913,0.09389860759256408,2482,324.87813654221145,0.30826520919799805
2483,7696.984,1985.4200000000003,7021.333333333334,100,100,1007,1.982778847650389,6.972525653757034,2.1990904808044434,-1985.4200000000003,-0.015438134141732007,32.11205345392227,0.6063446393236518,0.015422856027726084,0.07785488688386977,2483,324.8932507944222,0.30826520919799805
2484,7699.741,1869.1166666666693,7094.333333333335,100,100,1004,1.990305776851608,7.066069057104915,2.194794178009033,-1869.1166666666693,-0.013825850910507143,37.46078288555145,0.5881902854889631,0.030572083058359567,0.09011008543893695,2484,324.9072731935517,0.30826520919799805
2485,7702.514,2026.4399999999996,7195.333333333333,100,100,1008,2.0126283700284104,7.138227513227513,2.2341396808624268,-2026.4399999999996,-0.0216573296347633,40.282687187194824,0.5759742660447955,0.031722068846647744,0.10872395848855376,2485,324.9211996277712,0.30826520919799805
2486,7705.264,1873.9933333333338,6940.666666666667,100,100,1008,1.9830359152466472,6.885582010582011,2.197237253189087,-1873.9933333333338,-0.015270546078681946,39.882376194000244,0.5094420295208693,0.02242194408609066,0.11051432299427688,2486,324.93604689250515,0.30826520919799805
2487,7708.032,1988.8300000000006,7180.000000000001,100,100,1007,1.9911626642181464,7.130089374379345,2.2056753635406494,-1988.8300000000006,-0.014735137228854,33.689167976379395,0.5371972126886249,0.04740792374650482,0.09209815482608974,2487,324.9499798815407,0.30826520919799805
2488,7710.772,2000.2300000000005,7037.6666666666715,100,100,1011,1.9573243304950754,6.9610946257830575,2.181131362915039,-2000.2300000000005,-0.0117359102005139,30.3500155210495,0.5315681807696819,0.04769545605086023,0.07486979209352285,2488,324.9656409184243,0.30826520919799805
2489,7713.466,1942.1700000000003,7044.999999999999,100,100,1009,1.943673735910914,6.982160555004954,2.160935401916504,-1942.1700000000003,-0.016615527914837003,27.90497052669525,0.48820851743221283,0.03681691717793001,0.09941007615998387,2489,324.98297761725263,0.30826520919799805
2490,7719.314,1927.4433333333334,7092.666666666671,100,100,1012,1.9418742056069123,7.008563899868252,2.166811227798462,-1927.4433333333334,-0.013834728790243389,33.308456122875214,0.5471908869221807,0.03342303225508658,0.09329927898943424,2490,324.99971388678597,0.30826520919799805
2491,7722.032,1914.5133333333329,6953.66666666667,100,100,1009,1.9585918720508857,6.8916418896597325,2.1747219562530518,-1914.5133333333329,-0.017043627216480672,25.453593969345093,0.563492426648736,0.028172798920422792,0.10065569198923185,2491,324.88416702518384,0.30826520919799805
2492,7724.755,1981.4166666666674,6987.999999999996,100,100,1005,1.95611363128569,6.953233830845767,2.167755126953125,-1981.4166666666674,-0.0229294509626925,31.952759861946106,0.5231157038360834,0.027339709802618017,0.11002604220993817,2492,324.89974939439196,0.30826520919799805
2493,7727.522,1953.2199999999998,6906.666666666665,100,100,1007,2.0001849022951963,6.858656074147632,2.2196104526519775,-1953.2199999999998,-0.00976644444745034,29.46413505077362,0.57832445576787,0.027509327250299975,0.08948013628832996,2493,324.913747799553,0.30826520919799805
2494,7730.299,1931.1266666666672,6915.666666666663,100,100,1010,1.9741698016071378,6.847194719471944,2.1921136379241943,-1931.1266666666672,-0.017609734000870958,41.27391630411148,0.5335504896938801,0.02294594752311241,0.07732421834953129,2494,324.9276808796084,0.30826520919799805
2495,7733.045,1896.913333333332,6917.999999999999,100,100,1009,1.987767987999958,6.85629335976214,2.2043821811676025,-1896.913333333332,-0.013476767227984965,38.72050780057907,0.5889644464477897,0.020526972162770107,0.07995854580076411,2495,324.9427663795808,0.30826520919799805
2496,7735.71,1934.4166666666663,7010.333333333334,100,100,1002,1.9206717575969037,6.996340652029275,2.119995594024658,-1934.4166666666663,-0.017365150910336524,28.428131878376007,0.573210665024817,0.034363783452135976,0.10804966534487903,2496,324.96035388861725,0.30826520919799805
2497,7738.376,1927.5200000000011,6946.333333333337,100,100,1008,1.9124792643918818,6.891203703703707,2.1284778118133545,-1927.5200000000011,-0.018376258201897144,41.763735234737396,0.56399582978338,0.024583455997344572,0.10058593773283064,2497,324.97864115111787,0.30826520919799805
2498,7741.053,1944.8900000000006,7007.333333333337,100,100,1005,1.9356324369856968,6.972470978441131,2.1429805755615234,-1944.8900000000006,-0.0168910576030612,29.693805515766144,0.7131986320018768,0.031191593341645785,0.10508897597901523,2498,324.99609496304544,0.30826520919799805
2499,7743.842,1975.3233333333346,7160.66666666667,100,100,1012,1.970922235047938,7.075757575757579,2.197509288787842,-1975.3233333333346,-0.020417197607457638,36.680270195007324,0.6246751938015223,0.0161955083895009,0.1165489787235856,2499,325.0097406985368,0.30826520919799805
2500,7749.534,1930.566666666667,7001.999999999999,100,100,1004,1.9292122503766693,6.974103585657369,2.134173631668091,-1930.566666666667,-0.021275375853292644,27.26685881614685,0.6578388642519712,0.013364677994104568,0.10693359398283064,2500,325.0273560003669,0.30826520919799805
2501,7752.221,1889.0999999999997,6868.999999999997,100,100,1002,1.9314437132178175,6.855289421157682,2.133697509765625,-1889.0999999999997,-0.011652565095573664,34.49147254228592,0.6250723917037249,0.020284610545786563,0.09214564738795161,2501,324.9172263559702,0.30826520919799805
2502,7754.898,2006.966666666669,7241.333333333333,100,100,1006,1.9280835007137764,7.198144466534128,2.139665365219116,-2006.966666666669,-0.012898403219878674,48.01551675796509,0.6242330465465784,0.10827222630905453,0.08258322020992637,2502,324.9347644232867,0.30826520919799805
2503,7757.641,1877.1833333333325,6802.666666666669,100,100,1003,1.9787783641182444,6.782319707544037,2.1841812133789062,-1877.1833333333325,-0.014767775486689061,32.19456821680069,0.6544125135987997,0.05195281729538692,0.10662699863314629,2503,324.94917022809915,0.30826520919799805
2504,7760.341,1945.2800000000009,7117.000000000003,100,100,1006,1.938664311567177,7.074552683896623,2.1476802825927734,-1945.2800000000009,-0.018793811206705868,29.24652498960495,0.6489076521247625,0.015392254670587135,0.08063009520992637,2504,324.9657355493753,0.30826520919799805
2505,7763.053,1965.5633333333328,7082.666666666667,100,100,1008,1.9436537693273128,7.026455026455027,2.159576177597046,-1965.5633333333328,-0.021560438093729317,31.623341143131256,0.6874744296073914,0.017706931052089203,0.09781901072710752,2505,324.98205098922386,0.30826520919799805
2506,7766.118,1897.5899999999992,7070.666666666669,100,100,1008,2.2600226195266706,7.014550264550267,2.478801727294922,-1897.5899999999992,-0.016180762206204236,39.4419487118721,0.6869460940361023,0.022941263370739762,0.09944661473855376,2506,324.98360103645473,0.30826520919799805
2507,7769.418,1985.9266666666676,7057.666666666667,100,100,1006,2.4945442343758377,7.01557322730285,2.713669538497925,-1985.9266666666676,-0.01979448873316869,32.384070724248886,0.7202926315367222,0.01666693310107803,0.09750764281488955,2507,324.97506203756495,0.30826520919799805
2508,7772.588,1918.4000000000005,7010.999999999998,100,100,1007,2.3854018847736445,6.962264150943394,2.6037144660949707,-1918.4000000000005,-0.013060242286883295,32.35961604118347,0.6108157029375434,0.01939008307090262,0.10368184838443995,2508,324.9720846116464,0.30826520919799805
2509,7775.596,2039.2000000000005,7102.333333333333,100,100,1009,2.203932209669569,7.038982490915097,2.430600881576538,-2039.2000000000005,-0.018378370194113813,34.70267415046692,0.6740617621690035,0.013875899974664208,0.07709861290641129,2509,324.97611504722835,0.30826520919799805
2510,7782.273,1966.053333333333,7017.999999999998,100,100,1005,2.199190645478666,6.983084577114426,2.412325620651245,-1966.053333333333,-0.019977594492956996,28.989054560661316,0.6225175093859434,0.02017262379740714,0.08841145853511989,2510,324.98013386503976,0.30826520919799805
2511,7785.419,1992.6566666666674,6978.000000000004,100,100,1008,2.359856149673255,6.922619047619051,2.5825862884521484,-1992.6566666666674,-0.015985953737981617,25.755458921194077,0.5725750168785453,0.02594479733670596,0.09586588572710752,2511,324.8246609362386,0.30826520919799805
2512,7788.481,1918.240000000003,7020.000000000008,100,100,1009,2.277993460022452,6.957383548067401,2.5039331912994385,-1918.240000000003,-0.020072335319127887,28.157963186502457,0.6204041335731745,0.044130595269962214,0.10121372761204839,2512,324.8265032831525,0.30826520919799805
2513,7791.547,1951.8500000000006,7126.333333333332,100,100,1008,2.263974207467289,7.069775132275131,2.4832346439361572,-1951.8500000000006,-0.02157579525373876,26.466288954019547,0.6088051898404956,0.0674129584513139,0.12516276072710752,2513,324.828098758778,0.30826520919799805
2514,7794.559,1926.603333333334,6969.000000000002,100,100,1008,2.2195599219504936,6.913690476190478,2.4414174556732178,-1926.603333333334,-0.013526465103495866,35.88695007562637,0.6083164354786277,0.03406548286147881,0.08935546875,2514,324.83186406852786,0.30826520919799805
2515,7797.473,1849.8233333333344,6837.666666666666,100,100,1003,2.1082595207079398,6.817215021601861,2.3121213912963867,-1849.8233333333344,-0.016499922436196357,30.027648746967316,0.6015055514872074,0.028621042281884,0.07687590830028057,2515,324.8391018662273,0.30826520919799805
2516,7800.465,1888.5600000000006,6928.333333333333,100,100,1005,2.2098272646179615,6.893864013266998,2.4212722778320312,-1888.5600000000006,-0.017574862227775156,30.836683750152588,0.6024772059172392,0.017146701939054765,0.09329427103511989,2516,324.8433443543293,0.30826520919799805
2517,7803.541,1969.4399999999996,6996.666666666664,100,100,1006,2.289336679154307,6.954937044400262,2.509016990661621,-1969.4399999999996,-0.014450998161919415,26.251578271389008,0.6034944821149111,0.012921337969601154,0.09039572009351104,2517,324.84418006442746,0.30826520919799805
2518,7806.375,2079.396666666668,7253.000000000003,100,100,1004,2.0551741058498516,7.224103585657374,2.26922607421875,-2079.396666666668,-0.01555326720699668,42.74612075090408,0.6152715133503079,0.01868286679564335,0.09059836692176759,2518,324.8548877095422,0.30826520919799805
2519,7809.212,1881.8533333333346,7085.333333333337,100,100,1006,2.069060737568011,7.043074884029162,2.2808265686035156,-1881.8533333333346,-0.015650651999749243,25.893564641475677,0.6020684316754341,0.025460548287810525,0.09476902196183801,2519,324.8656637250968,0.30826520919799805
2520,7815.692,1972.579999999999,7137.666666666669,100,100,1002,2.2691564866575877,7.123419827012643,2.4750616550445557,-1972.579999999999,-0.008729313092771918,35.87350940704346,0.654627637937665,0.022527151340909768,0.08456566242966801,2520,324.8678765401618,0.30826520919799805
2521,7818.603,1979.6266666666666,7205.0,100,100,1004,2.130972013244799,7.176294820717131,2.3440887928009033,-1979.6266666666666,-0.01424065840546973,33.38153612613678,0.6116582686081529,0.025606384166167118,0.08358487230725586,2521,324.73203698266826,0.30826520919799805
2522,7821.482,1850.8233333333344,6723.333333333335,100,100,1004,2.0786494010154053,6.696547144754318,2.285205364227295,-1850.8233333333344,-0.011851013550767675,24.964173793792725,0.7175045516341925,0.021981838952342514,0.08380681835114956,2522,324.74093941853164,0.30826520919799805
2523,7824.549,1947.7600000000002,7027.999999999998,100,100,1010,2.2695499038932345,6.958415841584157,2.4958441257476807,-1947.7600000000002,-0.012308256875257939,30.975743353366852,0.6461698152124882,0.02944250711152563,0.1065429684240371,2523,324.74273747315925,0.30826520919799805
2524,7827.555,2003.1400000000008,7060.666666666669,100,100,1004,2.2173988062608245,7.0325365205843315,2.431454658508301,-2003.1400000000008,-0.012709676986560225,30.119682729244232,0.7045848295092583,0.02571684763097437,0.09605823876336217,2524,324.7462218984117,0.30826520919799805
2525,7830.793,2052.369999999999,7240.666666666664,100,100,1007,2.437170802327955,7.19033432638199,2.6600329875946045,-2052.369999999999,-0.01635678586899303,30.68731391429901,0.6703404206782579,0.02717866543389391,0.09458111657295376,2525,324.7405528416556,0.30826520919799805
2526,7833.907,1990.6266666666668,7056.0,100,100,1006,2.34225546690278,7.013916500994036,2.5653083324432373,-1990.6266666666668,-0.02100343799975235,32.47868698835373,0.6779828816652298,0.015723456202977104,0.08784816571278498,2526,324.7398851282944,0.30826520919799805
2527,7836.914,2010.9099999999996,7174.666666666668,100,100,1007,2.2224255207678176,7.124793114862629,2.442417860031128,-2010.9099999999996,-0.016047195182181895,26.113662362098694,0.622403665445745,0.019622775093012024,0.09129820461384952,2527,324.74378095453426,0.30826520919799805
2528,7839.883,2083.386666666667,7158.333333333334,100,100,1005,2.1952949248865914,7.122719734660034,2.4116945266723633,-2083.386666666667,-0.03056795970769599,33.47941517829895,0.7288275603204966,0.039767206471879035,0.14274088572710752,2528,324.7489787820006,0.30826520919799805
2529,7843.039,1969.3966666666656,7054.999999999999,100,100,1005,2.3702899502608834,7.019900497512437,2.5834007263183594,-1969.3966666666656,-0.010719703452195972,37.677815318107605,0.7046401612460613,0.013714828819502145,0.10702039976604283,2529,324.74645411627705,0.30826520919799805
2530,7849.779,1926.1366666666681,7069.333333333334,100,100,1011,2.4653634994450133,6.992416749093308,2.6934096813201904,-1926.1366666666681,-0.023017188359517604,27.745498180389404,0.6606972422450781,0.01417142417631112,0.11308976728469133,2530,324.7396522246366,0.30826520919799805
2531,7852.772,2121.900000000001,7411.333333333336,100,100,1013,2.1927816354782714,7.316222441592632,2.4295287132263184,-2121.900000000001,-0.013143534073606133,39.20979231595993,0.8012659326195717,0.02409175073262304,0.13546580215916038,2531,324.6016680483205,0.30826520919799805
2532,7855.495,1943.5699999999988,7092.666666666665,100,100,1008,1.9691156733657293,7.03637566137566,2.18503999710083,-1943.5699999999988,-0.013959394884295762,28.183279633522034,0.6755244303494692,0.03358673425100278,0.134765625,2532,324.6174818826519,0.30826520919799805
2533,7858.22,2013.0466666666669,7081.666666666664,100,100,1010,1.9457800003773726,7.011551155115509,2.168896436691284,-2013.0466666666669,-0.012484809616580606,33.1563755273819,0.6807040795683861,0.0018054953252431005,0.0971289062872529,2533,324.6334579726966,0.30826520919799805
2534,7860.965,1884.4299999999982,6862.333333333331,100,100,1012,1.9815892282286254,6.780961791831355,2.204247236251831,-1884.4299999999982,-0.01612247503362596,23.349967867136,0.6700994279235601,0.015550853044260293,0.09641676698811352,2534,324.64882208964065,0.30826520919799805
2535,7863.727,2043.223333333333,7314.666666666667,100,100,1007,1.990778551343551,7.263819927176432,2.210944414138794,-2043.223333333333,-0.02118511256412603,28.672184646129608,0.6075148647651076,0.03714799754379783,0.10567652876488864,2535,324.6628279295517,0.30826520919799805
2536,7866.444,1914.843333333334,6943.333333333337,100,100,1010,1.954398416144091,6.874587458745878,2.1731412410736084,-1914.843333333334,-0.010788037034217268,25.478602349758148,0.5731451362371445,0.01843478221417172,0.08792968722991645,2536,324.67911956275776,0.30826520919799805
2537,7869.186,1955.23,7044.666666666665,100,100,1011,1.9679435220907207,6.968018463567423,2.1909000873565674,-1955.23,-0.02108586792019196,34.24743354320526,0.6240708949044347,0.029350001219427213,0.10428155679255724,2537,324.69443172562654,0.30826520919799805
2538,7871.941,1886.5466666666669,6925.666666666665,100,100,1007,1.9776780534463507,6.877523998675934,2.1911656856536865,-1886.5466666666669,-0.009654130437411368,37.41957086324692,0.6286760699003935,0.025580841102055274,0.10230011597741395,2538,324.7087497226774,0.30826520919799805
2539,7874.662,1816.3699999999997,6810.0,100,100,1010,1.9536061396840776,6.742574257425742,2.1692440509796143,-1816.3699999999997,-0.013766927644610405,22.207020699977875,0.6125760534778237,0.026111762548680417,0.10355468711350113,2539,324.7248363632276,0.30826520919799805
2540,7880.507,1892.3199999999988,7142.666666666666,100,100,1004,1.9906126525099075,7.114209827357237,2.1974031925201416,-1892.3199999999988,-0.014370222459547222,30.95392483472824,0.6590607184916735,0.0210539237014018,0.10284978710114956,2540,324.7388532145456,0.30826520919799805
2541,7883.233,1872.3599999999997,6864.999999999999,100,100,1007,1.9594046666195326,6.817279046673286,2.170877695083618,-1872.3599999999997,-0.011280182283371687,38.18375426530838,0.7199903558939695,0.038384493622288574,0.1410093915183097,2541,324.62684428247223,0.30826520919799805
2542,7886.0,2027.9033333333334,7256.666666666669,100,100,1008,2.0041688474030086,7.199074074074076,2.219177007675171,-2027.9033333333334,-0.019697086070664227,35.02715677022934,0.680018462240696,0.013686788892300683,0.11507161473855376,2542,324.6407846844487,0.30826520919799805
2543,7889.188,1928.3466666666664,6997.333333333332,100,100,1001,2.3771294715491447,6.990342990342989,2.5785977840423584,-1928.3466666666664,-0.01180487242527306,29.425767421722412,0.6929397396743298,0.020254258983186446,0.10201505292207003,2543,324.6364528046613,0.30826520919799805
2544,7892.308,1893.490000000001,6914.666666666664,100,100,1010,2.321477426506468,6.846204620462044,2.546905040740967,-1893.490000000001,-0.019192964187823236,36.91193753480911,0.7180890012532473,0.02243672847544076,0.09142578125465661,2544,324.63609187217264,0.30826520919799805
2545,7895.366,1851.9233333333332,6885.999999999999,100,100,1012,2.267837451712004,6.804347826086955,2.4944634437561035,-1851.9233333333332,-0.014005428965901956,47.22497057914734,0.7160444762557745,0.017293499120569322,0.11279296898283064,2545,324.63857473743576,0.30826520919799805
2546,7898.316,1869.1566666666668,6885.999999999999,100,100,1004,2.18298705120801,6.858565737051792,2.390613555908203,-1869.1566666666668,-0.02045773423742503,33.28710997104645,0.6738229263573885,0.023589185999298934,0.11616654857061803,2546,324.6444046254041,0.30826520919799805
2547,7901.372,2051.8233333333324,7182.666666666666,100,100,1003,2.277195514695104,7.161183117314722,2.489043951034546,-2051.8233333333324,-0.02156268060207367,40.644247233867645,0.7178063374012709,0.015749045902339276,0.10586618864908814,2547,324.6457709001798,0.30826520919799805
2548,7904.582,1923.489999999999,6859.666666666667,100,100,1005,2.4256015912309956,6.825538971807629,2.6375222206115723,-1923.489999999999,-0.012261089803359937,40.430380165576935,0.6517368350178003,0.009062422512215562,0.12760416697710752,2548,324.64106697055405,0.30826520919799805
2549,7907.604,1899.1099999999994,7052.666666666668,100,100,1014,2.205101777849943,6.955292570677187,2.4365789890289307,-1899.1099999999994,-0.01582075876649469,36.76796168088913,0.6109357913956046,0.00438475323971943,0.08955439832061529,2549,324.64524138232696,0.30826520919799805
2550,7913.937,1842.1999999999994,6889.333333333334,100,100,1003,2.2193583276109807,6.8687271518777,2.422722578048706,-1842.1999999999994,-0.01949453420820646,26.93742710351944,0.6143212150782347,0.009789296069357079,0.098803143016994,2550,324.6487492810915,0.30826520919799805
2551,7916.689,1851.0000000000002,6815.666666666667,100,100,1010,1.971255447415838,6.748184818481849,2.187505006790161,-1851.0000000000002,-0.02121088490821421,28.451183795928955,0.6754331272095442,0.02997371776291402,0.13052734336815774,2551,324.52696091760004,0.30826520919799805
2552,7919.428,1822.6400000000003,6743.333333333333,100,100,1005,1.9841045769051977,6.7097844112769485,2.1892611980438232,-1822.6400000000003,-0.009390348233864643,33.029140055179596,0.5696337157860398,0.03154686627385672,0.14281684067100286,2552,324.54163530874627,0.30826520919799805
2553,7922.197,2031.9666666666678,7297.666666666671,100,100,1011,1.995395650349292,7.218265743488299,2.2188313007354736,-2031.9666666666678,-0.01877510332269594,29.51617407798767,0.6449482217431068,0.03080766603898155,0.112706801854074,2553,324.5558474167664,0.30826520919799805
2554,7924.951,1916.3166666666664,7024.999999999998,100,100,1010,1.989934558399243,6.955445544554454,2.2048771381378174,-1916.3166666666664,-0.015547666233032942,44.59199112653732,0.6312897950410843,0.02259548374422593,0.09943359333556145,2554,324.57047362480824,0.30826520919799805
2555,7927.713,2032.643333333334,7161.333333333336,100,100,1010,1.9822003950346445,7.090429042904293,2.2051198482513428,-2032.643333333334,-0.017978390271309763,54.565673828125,0.6095113959163427,0.02223170235811267,0.10423828091006726,2555,324.5847769845295,0.30826520919799805
2556,7930.466,1915.5600000000009,6912.999999999998,100,100,1004,1.9821775855683903,6.885458167330675,2.186936855316162,-1915.5600000000009,-0.017733294109348208,25.829884827136993,0.6038418039679527,0.02922294034578954,0.11194957396946847,2556,324.5986866124328,0.30826520919799805
2557,7933.239,2001.1566666666674,7206.000000000001,100,100,1008,1.9906423621005305,7.148809523809525,2.2059898376464844,-2001.1566666666674,-0.01635045895818621,40.73870825767517,0.5968056144192815,0.01678002593689598,0.11263020848855376,2557,324.61231333825725,0.30826520919799805
2558,7935.989,1937.4666666666658,6913.0,100,100,1004,1.9927241050302462,6.885458167330677,2.1978132724761963,-1937.4666666666658,-0.013237502076663077,27.346955835819244,0.6008414067327976,0.02489041767694289,0.12850674730725586,2558,324.6263415130749,0.30826520919799805
2559,7938.759,1932.3000000000009,7118.666666666669,100,100,1007,1.9989508469362467,7.069182389937109,2.2124276161193848,-1932.3000000000009,-0.02282864472363144,29.11577582359314,0.5769503451883793,0.022377547988071456,0.08934507943922654,2559,324.6399158184668,0.30826520919799805
2560,7944.633,1933.756666666666,6978.666666666669,100,100,1010,1.9795836635293569,6.909570957095712,2.197956085205078,-1933.756666666666,-0.01408620277652517,29.38301908969879,0.5870197210460901,0.023854116971051553,0.11972656194120646,2560,324.65483840749783,0.30826520919799805
2561,7947.419,2086.7000000000007,7285.0000000000055,100,100,1012,1.9939562256112988,7.198616600790519,2.220193862915039,-2086.7000000000007,-0.014085329399676993,41.835150480270386,0.6767801931127906,0.020374506573716644,0.10704627423547208,2561,324.54057439500855,0.30826520919799805
2562,7950.154,1929.686666666666,6942.000000000002,100,100,1006,1.9703069589541444,6.900596421471175,2.179624557495117,-1929.686666666666,-0.015451721148565412,24.46641430258751,0.6383132860064507,0.025285977026214823,0.0911599863320589,2562,324.5554720810605,0.30826520919799805
2563,7952.931,1891.523333333333,7051.666666666665,100,100,1006,2.0080628231117803,7.009609012591119,2.219559669494629,-1891.523333333333,-0.013580273720435798,34.794930815696716,0.7254493162035942,0.016304577475239057,0.08513077441602945,2563,324.5686594898019,0.30826520919799805
2564,7955.7,1909.2100000000005,6858.000000000003,100,100,1010,1.9854280192838374,6.790099009900993,2.202294111251831,-1909.2100000000005,-0.014649587537860498,34.80157655477524,0.7175147011876106,0.013352218928048387,0.12050781224388629,2564,324.5826285575856,0.30826520919799805
2565,7958.424,1983.5999999999997,7021.666666666663,100,100,1006,1.963804274377141,6.979787939032469,2.1756629943847656,-1983.5999999999997,-0.014597435685573146,39.96612638235092,0.644590312615037,0.030687165275594452,0.10366423265077174,2565,324.59793295103344,0.30826520919799805
2566,7961.161,1915.2633333333326,6951.666666666664,100,100,1005,1.9854216908211286,6.91708126036484,2.1933746337890625,-1915.2633333333326,-0.014756111428141594,35.35503000020981,0.6633813828229904,0.013371743807510938,0.08689236117061228,2566,324.6125612845762,0.30826520919799805
2567,7963.92,1971.2499999999989,6922.333333333337,100,100,1007,1.9851232380139185,6.874213836477991,2.2000222206115723,-1971.2499999999989,-0.016342102317139506,33.06804829835892,0.6984944362193346,0.01716191646119114,0.09213971043936908,2567,324.626572728242,0.30826520919799805
2568,7966.679,1808.4066666666668,6933.999999999996,100,100,1005,1.9917963185018641,6.899502487562185,2.194864511489868,-1808.4066666666668,-0.008423029561527073,35.202207148075104,0.6115972800180316,0.026189802505541593,0.10213758726604283,2568,324.64027556495313,0.30826520919799805
2569,7969.469,1938.9533333333325,7050.666666666669,100,100,1009,2.0134007922586927,6.987776676577472,2.230264186859131,-1938.9533333333325,-0.010604887618683279,38.18495813012123,0.6515943491831422,0.03937908991065342,0.09989835764281452,2569,324.65323312356753,0.30826520919799805
2570,7975.25,1859.9966666666662,6980.3333333333285,100,100,1006,1.9671562622823413,6.938701126573886,2.171767234802246,-1859.9966666666662,-0.014129426272120327,39.670358180999756,0.6250030491501093,0.029672760756511707,0.1150857680477202,2570,324.66810790422755,0.30826520919799805
2571,7977.929,2117.9866666666653,7069.999999999999,100,100,998,1.9260243466497213,7.084168336673346,2.1260948181152344,-2117.9866666666653,-0.02205562556628138,67.44678664207458,0.7033031098544598,0.019515040359692648,0.11762438318692148,2571,324.5601856693409,0.30826520919799805
2572,7980.618,1864.4666666666662,6754.333333333334,100,100,1008,1.940090872050773,6.7007275132275135,2.150097608566284,-1864.4666666666662,-0.01566160866059363,27.885940581560135,0.6020369045436382,0.015797089276020415,0.09521484375,2572,324.5771027591335,0.30826520919799805
2573,7983.342,2044.730000000001,7179.999999999996,100,100,1008,1.9402136891758779,7.123015873015869,2.1590640544891357,-2044.730000000001,-0.022454387973994017,30.76766413450241,0.7227218635380268,0.02108156464601052,0.08626302087213844,2573,324.5926313424416,0.30826520919799805
2574,7986.029,2013.8100000000009,7170.000000000001,100,100,1007,1.929285302305041,7.120158887785502,2.1443560123443604,-2013.8100000000009,-0.018428782757837325,41.66830724477768,0.6819329652935266,0.0073394030041527,0.09533951111370698,2574,324.60951355405416,0.30826520919799805
2575,7988.744,1926.2399999999998,6915.999999999996,100,100,1011,1.9382635028074788,6.840751730959442,2.1591904163360596,-1926.2399999999998,-0.019795674190390855,27.706700146198273,0.6387746222317219,0.01896518979629036,0.08535347762517631,2575,324.62575370014196,0.30826520919799805
2576,7991.404,1922.6366666666672,6865.333333333335,100,100,1000,1.9162061017705128,6.865333333333335,2.113367795944214,-1922.6366666666672,-0.019000611326191574,38.21600544452667,0.6491294857114553,0.01485823357506888,0.09853515634313226,2576,324.6428417446983,0.30826520919799805
2577,7994.103,1885.6533333333348,6918.333333333336,100,100,1005,1.938655025288648,6.8839137645107815,2.1441636085510254,-1885.6533333333348,-0.01607575814705342,21.489215195178986,0.611374830827117,0.0037726131158706266,0.08381076395744458,2577,324.658979590891,0.30826520919799805
2578,7996.814,1950.0866666666675,7100.666666666674,100,100,1010,1.9288939608279432,7.030363036303638,2.1480934619903564,-1950.0866666666675,-0.01568788246368058,34.114759624004364,0.5680562537163496,0.049183369243110064,0.08499999972991645,2578,324.6751669910428,0.30826520919799805
2579,7999.478,1929.730000000001,7067.666666666667,100,100,1002,1.9217864275647851,7.053559547571524,2.1229653358459473,-1929.730000000001,-0.02224443992599845,29.456536829471588,0.611585034057498,0.035733895223529544,0.09214564762078226,2579,324.69232018581204,0.30826520919799805
2580,8005.617,1855.8299999999986,6749.666666666665,100,100,1004,1.9398937260396258,6.722775564409029,2.142209053039551,-1855.8299999999986,-0.019285031245090067,22.2617147564888,0.6016769306734204,0.01560186461210833,0.09259588061831892,2580,324.70819922377143,0.30826520919799805
2581,8008.764,1811.8666666666659,6851.666666666668,100,100,1013,2.323498520866838,6.7637380717341244,2.5507445335388184,-1811.8666666666659,-0.0186593504040502,26.11780098080635,0.5601478032767773,0.025059598512598313,0.09252469055354595,2581,324.56768691398315,0.30826520919799805
2582,8011.77,1792.2466666666667,6920.333333333334,100,100,1009,2.218849952374211,6.858605880409647,2.434055805206299,-1792.2466666666667,-0.02205621189204976,31.851032316684723,0.6093334117904305,0.019746107544051483,0.08953483740333468,2582,324.57190040087784,0.30826520919799805
2583,8014.708,1901.5866666666668,6929.000000000004,100,100,1005,2.1575514415964783,6.894527363184083,2.367974042892456,-1901.5866666666668,-0.02016086532967165,26.33240509033203,0.6231086999177933,0.011765922405174933,0.09964192728511989,2583,324.57826527982377,0.30826520919799805
2584,8017.853,1852.5200000000007,7011.999999999999,100,100,1006,2.3413521875756946,6.970178926441351,2.5509536266326904,-1852.5200000000007,-0.021180534036830068,27.44177770614624,0.6081145517528057,0.013395019639574457,0.10287873650668189,2584,324.5764183335763,0.30826520919799805
2585,8020.978,1964.2500000000002,7020.0,100,100,1009,2.3246837494437047,6.957383548067393,2.5470821857452393,-1964.2500000000002,-0.02145901380572468,34.33947640657425,0.5923111448064446,0.019424411584623158,0.10786033142358065,2585,324.57576112734245,0.30826520919799805
2586,8024.045,1901.746666666668,7038.333333333336,100,100,1009,2.262895637352437,6.975553353154941,2.4824886322021484,-1901.746666666668,-0.02325783288688399,27.28696322441101,0.6709162872284651,0.00947368122433545,0.07924107112921774,2586,324.5774341883967,0.30826520919799805
2587,8027.024,1994.13,7166.333333333336,100,100,1009,2.1692639242394343,7.1024116286752585,2.390312910079956,-1994.13,-0.02291790151502937,29.060783684253693,0.6391784679144621,0.020854176975262817,0.10223014990333468,2587,324.582665393184,0.30826520919799805
2588,8030.022,1943.6500000000003,7070.333333333332,100,100,1005,2.19848477582804,7.035157545605306,2.410501718521118,-1943.6500000000003,-0.020919678325299174,22.101369738578796,0.7125063799321651,0.023748945866827853,0.08535156270954758,2588,324.58664602710246,0.30826520919799805
2589,8033.095,1865.933333333334,6850.666666666668,100,100,1007,2.287952431228822,6.8030453492221135,2.49996280670166,-1865.933333333334,-0.01337866805261001,28.79014492034912,0.6699250042438507,0.023734971196972765,0.07389669172698632,2589,324.5878450671951,0.30826520919799805
2590,8038.959,1813.9366666666672,6770.333333333331,100,100,1003,1.9458167503076278,6.750083084081088,2.145559072494507,-1813.9366666666672,-0.01727105595637113,26.206170916557312,0.6813070345669985,0.011018303299351828,0.07514989096671343,2590,324.60298426594613,0.30826520919799805
2591,8041.74,1903.343333333334,6965.333333333332,100,100,1010,1.985727524209657,6.896369636963695,2.2034928798675537,-1903.343333333334,-0.020322714059147984,34.43616163730621,0.6714113838970661,0.01871371010201983,0.06750000000465661,2591,324.48923174603584,0.30826520919799805
2592,8044.52,1975.3866666666684,7216.666666666665,100,100,1008,2.0104339302402905,7.159391534391533,2.2270009517669678,-1975.3866666666684,-0.018074307998176664,31.689906537532806,0.6713878344744444,0.025696710094052833,0.07519531261641532,2592,324.50240183263156,0.30826520919799805
2593,8047.303,2034.796666666667,7204.999999999999,100,100,1011,1.992276657264934,7.1266073194856565,2.2172629833221436,-2034.796666666667,-0.012890284997411072,33.76376557350159,0.6903919577598572,0.024884827555069933,0.07633463572710752,2593,324.5158142331421,0.30826520919799805
2594,8050.053,1864.0900000000004,6850.000000000002,100,100,1013,1.9722251729030247,6.762092793682134,2.1966192722320557,-1864.0900000000004,-0.01793457067105919,32.88307374715805,0.6780950985848904,0.017350003006868064,0.07952535385265946,2594,324.5307982219582,0.30826520919799805
2595,8052.806,1856.0266666666666,6855.000000000003,100,100,1004,1.9818901386301209,6.8276892430278915,2.186570167541504,-1856.0266666666666,-0.015348151442594826,34.02990120649338,0.6544153429567814,0.03981014378950931,0.07328657689504325,2595,324.54452585600933,0.30826520919799805
2596,8055.557,2051.900000000001,7302.000000000002,100,100,1012,1.9762126467533028,7.2154150197628475,2.2039668560028076,-2051.900000000001,-0.015233984217047691,46.24085587263107,0.7266823649406433,0.0022975636966293678,0.08210637024603784,2596,324.559319417394,0.30826520919799805
2597,8058.325,1863.0333333333338,6747.666666666669,100,100,1000,1.9949131987523288,6.747666666666669,2.194617748260498,-1863.0333333333338,-0.024605043523479253,26.339823305606842,0.6308941710740328,0.01690046391740907,0.08017578144790605,2597,324.57192000088725,0.30826520919799805
2598,8061.115,2075.9633333333327,7231.0,100,100,1004,2.009256475858309,7.202191235059761,2.2198469638824463,-2075.9633333333327,-0.021199907059781253,41.70751339197159,0.6668826285749674,0.004282235036953352,0.08083274168893695,2598,324.5841495698962,0.30826520919799805
2599,8063.868,1965.8300000000004,6978.666666666669,100,100,1005,1.9789154201152905,6.943946932006636,2.185941219329834,-1965.8300000000004,-0.01660108077339828,27.917503237724304,0.7012863606214523,0.014984127861680463,0.08193359395954758,2599,324.59794649003544,0.30826520919799805
2600,8069.678,1988.8366666666664,7158.000000000001,100,100,1005,1.9560334336392544,7.1223880597014935,2.1662492752075195,-1988.8366666666664,-0.02019302205007989,33.00461691617966,0.6561490632593632,0.022806860441050958,0.11295572947710752,2600,324.6134965476837,0.30826520919799805
2601,8072.399,1898.0433333333328,6924.000000000005,100,100,1005,1.9654080563627963,6.889552238805975,2.1716177463531494,-1898.0433333333328,-0.02281423460226506,28.22151815891266,0.694234911352396,0.009045813138072845,0.08792317728511989,2601,324.5038887482802,0.30826520919799805
2602,8075.143,2050.736666666667,7331.666666666669,100,100,1010,1.9760175271531437,7.259075907590761,2.195378303527832,-2050.736666666667,-0.01679000409785658,45.5164355635643,0.6364397369325161,0.00989132710674312,0.08277343737427145,2602,324.5187162292967,0.30826520919799805
2603,8077.927,1900.6233333333325,6843.333333333334,100,100,1007,2.0124884783553907,6.795762992386628,2.2224249839782715,-1900.6233333333325,-0.020630328264815034,29.50848948955536,0.5995281087234616,0.010276964658260113,0.0896567483432591,2603,324.53153766717315,0.30826520919799805
2604,8080.7,1905.4166666666663,7122.333333333337,100,100,1007,1.9878370396269425,7.072823568354853,2.1982979774475098,-1905.4166666666663,-0.018520949699450284,34.68738132715225,0.6266944883391261,0.02098138822839246,0.09613946126773953,2604,324.5447692024452,0.30826520919799805
2605,8083.467,1842.306666666667,6778.666666666667,100,100,1011,2.002805242734997,6.704912627761293,2.2193570137023926,-1842.306666666667,-0.0202762620174326,23.922233879566193,0.6189300548285246,0.010475286111613968,0.0967179846484214,2605,324.5587822824156,0.30826520919799805
2606,8086.309,1879.4000000000008,6872.333333333334,100,100,1011,2.0486864473893647,6.7975601714474125,2.2691404819488525,-1879.4000000000008,-0.01988945237826556,27.205681174993515,0.5881891250610352,0.016560646141442703,0.0821748623275198,2606,324.569706163383,0.30826520919799805
2607,8089.078,2051.7200000000003,7249.666666666666,100,100,1011,1.977181898542375,7.170787998681173,2.202990770339966,-2051.7200000000003,-0.01863231579773128,36.90184170007706,0.5766648398712277,0.017173586355056614,0.10293160262517631,2607,324.58364290005426,0.30826520919799805
2608,8091.817,1954.2866666666657,7144.999999999997,100,100,1002,1.97138393099351,7.130738522954089,2.1723389625549316,-1954.2866666666657,-0.02273698098724708,33.96648061275482,0.5666166357696056,0.014124988185358234,0.09847005212213844,2608,324.59756196494686,0.30826520919799805
2609,8094.525,1985.426666666667,6941.666666666667,100,100,1013,1.9418951636502062,6.8525830865416255,2.1676905155181885,-1985.426666666667,-0.021907062735408545,28.513458788394928,0.5708677871152759,0.0078103176565491594,0.09397110855206847,2609,324.6140938907076,0.30826520919799805
2610,8100.237,1893.103333333334,6928.333333333329,100,100,1010,1.9227976239941056,6.859735973597356,2.137298583984375,-1893.103333333334,-0.012084949528798461,43.003865361213684,0.5406266748905182,0.02384591964801075,0.10236328118480742,2610,324.6309445785386,0.30826520919799805
2611,8102.976,1939.98,7124.666666666667,100,100,1009,1.9683946511081472,7.061116617112653,2.1851062774658203,-1939.98,-0.017098073847591877,19.05575993657112,0.5411690939217806,0.010725525164161809,0.10106425359845161,2611,324.5247702896938,0.30826520919799805
2612,8105.683,1850.7933333333322,6791.666666666667,100,100,1008,1.9404700390637912,6.737764550264551,2.1509556770324707,-1850.7933333333322,-0.015005066903540865,27.21507430076599,0.5632985141128302,0.034043065999867395,0.09912109375,2612,324.5407014501058,0.30826520919799805
2613,8108.348,1994.1066666666663,7190.333333333331,100,100,1005,1.913837411566012,7.154560530679931,2.1237032413482666,-1994.1066666666663,-0.018399985041469336,25.850496292114258,0.6079366682097316,0.012109712351957569,0.08604600699618459,2613,324.5579714325859,0.30826520919799805
2614,8111.033,1803.923333333334,6666.0,100,100,1008,1.9310723233964324,6.613095238095238,2.1389119625091553,-1803.923333333334,-0.016864400065969676,29.456945538520813,0.5893578641116619,0.0056931726103357505,0.08121744799427688,2614,324.57482167025296,0.30826520919799805
2615,8113.752,1950.0300000000007,7112.000000000004,100,100,1011,1.9428852606338147,7.034619188921863,2.162966012954712,-1950.0300000000007,-0.017300376457569655,27.071415305137634,0.6302704475820065,0.01360970634414116,0.09475528518669307,2615,324.5906944882566,0.30826520919799805
2616,8116.443,1968.836666666666,6931.333333333332,100,100,1004,1.9322821720404944,6.903718459495351,2.138767719268799,-1968.836666666666,-0.01865094935055822,37.83101803064346,0.5993420602753758,0.016976791281194892,0.08647017064504325,2616,324.60674635643073,0.30826520919799805
2617,8119.15,1908.176666666667,6918.999999999998,100,100,1007,1.9396561091116518,6.870903674280038,2.1496732234954834,-1908.176666666667,-0.022275048424489796,36.63537806272507,0.5471826177090406,-0.0003688587312353775,0.08748545532580465,2617,324.6225270058743,0.30826520919799805
2618,8121.88,1922.3333333333346,7021.333333333332,100,100,1009,1.940122101044262,6.958704988437396,2.1553845405578613,-1922.3333333333346,-0.022932321327971295,33.836284160614014,0.6411767704412341,0.026622035507898545,0.10297751892358065,2618,324.6376670611309,0.30826520919799805
2619,8124.989,1976.1900000000005,7133.666666666667,100,100,1014,2.302128106816736,7.03517422748192,2.5378265380859375,-1976.1900000000005,-0.015769658202771097,26.67362892627716,0.6110062450170517,0.014371847624715883,0.08031322341412306,2619,324.63823233385176,0.30826520919799805
2620,8131.505,1966.7633333333338,6924.666666666668,100,100,1005,2.3398550264352,6.890215588723053,2.5537877082824707,-1966.7633333333338,-0.014020036440342665,25.358844459056854,0.6109290597960353,0.025473276575212367,0.07111545151565224,2620,324.6366535566953,0.30826520919799805
2621,8134.628,1948.6300000000006,7101.000000000004,100,100,1006,2.3076672948967243,7.058648111332012,2.5257985591888428,-1948.6300000000006,-0.01835457468405366,27.925240248441696,0.6534667136147618,0.02100947683356935,0.0853006113320589,2621,324.50077416564915,0.30826520919799805
2622,8137.878,1963.1766666666665,7038.66666666667,100,100,1008,2.4422542638993554,6.982804232804236,2.6652586460113525,-1963.1766666666665,-0.018838396528735757,21.778165996074677,0.667699983343482,0.03823698149790289,0.08642578142462298,2622,324.49501457666787,0.30826520919799805
2623,8141.028,1957.196666666667,7065.0,100,100,1009,2.35388890022783,7.001982160555005,2.57755970954895,-1957.196666666667,-0.020941057096933946,25.034583866596222,0.6588391764089465,0.009230698284227401,0.07845384220127016,2623,324.49344912127765,0.30826520919799805
2624,8144.017,1948.08,6915.333333333332,100,100,1008,2.1943300594030584,6.860449735449734,2.4123189449310303,-1948.08,-0.01767972990637645,37.37677335739136,0.6187003944069147,0.00956916032009758,0.09163411473855376,2624,324.49811052652746,0.30826520919799805
2625,8147.088,1917.720000000001,6904.666666666665,100,100,1002,2.27273692852797,6.89088489687292,2.475311756134033,-1917.720000000001,-0.012563507072627544,24.723440945148468,0.6515388991683722,0.017452824129577493,0.08551897323923185,2625,324.4987467561357,0.30826520919799805
2626,8150.333,1996.4899999999993,7076.999999999995,100,100,1001,2.440983917076628,7.069930069930066,2.6467442512512207,-1996.4899999999993,-0.01597112277522683,35.49469131231308,0.6999124251306057,0.01456712925573811,0.08318645181134343,2626,324.49237631915133,0.30826520919799805
2627,8153.494,1980.5766666666666,7153.66666666667,100,100,1010,2.3652924748026942,7.082838283828385,2.5923049449920654,-1980.5766666666666,-0.019081168487900868,28.680088341236115,0.65618831012398,0.011003204119333532,0.07900390611030161,2627,324.49046885171015,0.30826520919799805
2628,8156.521,1946.5766666666689,6966.333333333333,100,100,1005,2.2348959203948504,6.93167495854063,2.4462554454803467,-1946.5766666666689,-0.014804720529355109,31.059594452381134,0.655856410972774,0.02176723904267419,0.07718099001795053,2628,324.493257827036,0.30826520919799805
2629,8159.535,1938.3466666666666,6816.999999999996,100,100,1004,2.226586952671943,6.789840637450196,2.4363996982574463,-1938.3466666666666,-0.01996500079985708,33.02958732843399,0.6876959260553122,0.014328592944366392,0.08722478710114956,2629,324.4964399417071,0.30826520919799805
2630,8165.732,1973.0566666666664,7198.666666666667,100,100,1009,2.0746124864023314,7.1344565576478365,2.2956483364105225,-1973.0566666666664,-0.014630774734541774,51.36913204193115,0.6138772051781416,0.007075070941937156,0.08859813446179032,2630,324.50568052105325,0.30826520919799805
2631,8168.762,1963.933333333334,6937.666666666667,100,100,1006,2.239229325941073,6.8962889330682575,2.4569931030273438,-1963.933333333334,-0.018516937736421824,24.089110136032104,0.6413042284548283,0.016005824094463605,0.07292374334065244,2631,324.3765635183471,0.30826520919799805
2632,8171.767,2079.8033333333333,7037.000000000003,100,100,1005,2.2299313387226554,7.001990049751247,2.4455082416534424,-2079.8033333333333,-0.018267422914505005,44.20188844203949,0.6551875360310078,0.01421361156826606,0.10460069472901523,2632,324.38028952721896,0.30826520919799805
2633,8174.641,1985.7300000000012,7095.999999999998,100,100,1012,2.0815411061711107,7.01185770750988,2.309325933456421,-1985.7300000000012,-0.017268356401473284,35.69877249002457,0.6857947111129761,0.017695947841275483,0.11068960395641625,2633,324.39002157624157,0.30826520919799805
2634,8177.586,1811.98,6784.000000000001,100,100,1008,2.148356249404421,6.730158730158731,2.362732410430908,-1811.98,-0.020177230064291507,30.30675518512726,0.5110794389620423,0.018557731273176614,0.0927734375,2634,324.3964476567111,0.30826520919799805
2635,8180.656,1991.9433333333334,7057.000000000001,100,100,1006,2.266129521860428,7.0149105367793245,2.4822447299957275,-1991.9433333333334,-0.015472257451619953,27.64663827419281,0.5658263247460127,0.02868459598903428,0.09205163072329015,2635,324.39771039214065,0.30826520919799805
2636,8183.681,1916.8600000000006,6843.000000000004,100,100,1010,2.2248149501381094,6.775247524752479,2.448302984237671,-1916.8600000000006,-0.019205937278456986,31.99327176809311,0.5140062291175127,0.030238945022574626,0.09558593737892807,2636,324.40122108440585,0.30826520919799805
2637,8186.865,1970.7166666666678,7146.333333333334,100,100,1005,2.3898611947968234,7.110779436152571,2.604372262954712,-1970.7166666666678,-0.015162612951826304,42.8729208111763,0.5539813740178943,0.02014517721545417,0.09560546895954758,2637,324.3978052331422,0.30826520919799805
2638,8190.064,1880.6600000000005,6905.333333333334,100,100,1009,2.4091808728336535,6.84373967624711,2.629340648651123,-1880.6600000000005,-0.01924057729775086,21.82309877872467,0.5741325551643968,0.03966488310834393,0.11747648240998387,2638,324.3943462242772,0.30826520919799805
2639,8193.117,1899.8600000000008,6926.3333333333385,100,100,1005,2.248800697328699,6.89187396351576,2.4614810943603516,-1899.8600000000008,-0.01796085067326203,36.680792421102524,0.5449930764734745,0.024259301819256507,0.10285373288206756,2639,324.39609491568376,0.30826520919799805
2640,8199.834,1889.4066666666663,6791.666666666666,100,100,1010,2.1564843553800763,6.724422442244224,2.3776638507843018,-1889.4066666666663,-0.010117003810591996,24.418429493904114,0.534766299650073,0.03673540541785769,0.10263671819120646,2640,324.40186320805793,0.30826520919799805
2641,8203.042,1872.5833333333326,6890.666666666664,100,100,1002,2.4287208586888474,6.876912840984695,2.631117105484009,-1872.5833333333326,-0.015036959724966437,26.77771109342575,0.5726701561361551,0.021622849053528626,0.09877232147846371,2641,324.2488700221448,0.30826520919799805
2642,8206.074,1851.7933333333335,6858.333333333334,100,100,1009,2.236613378434546,6.797158903204494,2.455472469329834,-1851.7933333333335,-0.017744332551956177,28.39414793252945,0.5393802411854267,0.032124317993293516,0.09524473856436089,2642,324.252013556839,0.30826520919799805
2643,8209.03,1995.8900000000006,7055.333333333338,100,100,1007,2.143551936546986,7.006289308176105,2.3606584072113037,-1995.8900000000006,-0.01112029206706211,29.55436933040619,0.49292862322181463,0.016420143059804104,0.0782912231516093,2643,324.2579672991664,0.30826520919799805
2644,8212.278,1896.7199999999998,6926.333333333334,100,100,1010,2.441384259491495,6.857755775577559,2.6682770252227783,-1896.7199999999998,-0.016435638619896054,30.097287356853485,0.5398155162110925,0.026080413963427418,0.09169921837747097,2644,324.25264469845075,0.30826520919799805
2645,8215.025,1908.7366666666662,6873.666666666668,100,100,1005,1.9787688555418332,6.839469320066336,2.185196876525879,-1908.7366666666662,-0.015873527445364743,32.42777103185654,0.5494141848757863,0.009469181219174061,0.06381293409503996,2645,324.2665787941387,0.30826520919799805
2646,8217.757,2008.243333333333,7015.000000000001,100,100,1010,1.9483613832346578,6.945544554455447,2.1695032119750977,-2008.243333333333,-0.015497437590966001,34.380985617637634,0.5395138720050454,0.024018920856178738,0.10384765604976565,2646,324.28168428876444,0.30826520919799805
2647,8220.469,1854.38,6899.333333333334,100,100,1008,1.95188124768994,6.84457671957672,2.165374755859375,-1854.38,-0.022034138906747103,28.277075231075287,0.5598326455801725,0.038870837714057416,0.09847005223855376,2647,324.29730631478077,0.30826520919799805
2648,8223.223,1862.3066666666691,6965.666666666673,100,100,1009,1.9693585751648361,6.9035348529897655,2.186403512954712,-1862.3066666666691,-0.01580616267165169,26.89637851715088,0.5090680550783873,0.031120383595407475,0.11030173767358065,2648,324.31139176314343,0.30826520919799805
2649,8225.921,2025.2499999999993,7050.333333333331,100,100,1002,1.9409440122284516,7.036260811709911,2.147676467895508,-2025.2499999999993,-0.006092635914683342,65.06820440292358,0.6129689943045378,0.017748655402101576,0.10121372807770967,2649,324.32685816400897,0.30826520919799805
2650,8231.685,2039.1233333333316,7247.999999999999,100,100,1009,1.938181365904748,7.183349851337957,2.1583092212677,-2039.1233333333316,-0.016022610943764448,33.25462883710861,0.5359509903937578,0.03394498832676618,0.09554368606768548,2650,324.34292839826475,0.30826520919799805
2651,8234.398,1851.9833333333358,6736.333333333335,100,100,1009,1.9447023769641227,6.676247109349192,2.156240224838257,-1851.9833333333358,-0.016492762049892917,23.992543756961823,0.597364648245275,0.01743256996269338,0.09847337362589315,2651,324.23804374636495,0.30826520919799805
2652,8237.128,2008.1666666666654,7237.666666666666,100,100,1011,1.9550403535391851,7.158918562479393,2.178300142288208,-2008.1666666666654,-0.008781597134657204,30.790115773677826,0.5479745687916875,0.038020158746803645,0.10305606643669307,2652,324.25329418121885,0.30826520919799805
2653,8239.889,1983.8400000000017,7169.000000000004,100,100,1003,1.9699385837008314,7.147557328015956,2.1766650676727295,-1983.8400000000017,-0.020332223270088434,36.023324966430664,0.5814141007140279,0.015664541933801956,0.10638853558339179,2653,324.26636819284425,0.30826520919799805
2654,8242.611,1982.79,7058.666666666668,100,100,1008,1.9592266863106662,7.002645502645504,2.17744779586792,-1982.79,-0.016057839849963784,48.55142855644226,0.5726733924821019,0.04102642319048755,0.09456380223855376,2654,324.28161909631115,0.30826520919799805
2655,8245.832,1986.0599999999995,7119.999999999999,100,100,1012,2.4020458488097494,7.035573122529644,2.6345200538635254,-1986.0599999999995,-0.010239250434096903,26.957371473312378,0.6532052643597126,0.022572674202820053,0.09232271672226489,2655,324.27763463390374,0.30826520919799805
2656,8249.031,1993.6199999999997,7183.999999999998,100,100,1006,2.40303021793163,7.141153081510932,2.6213295459747314,-1993.6199999999997,-0.014197610784322023,25.84924340248108,0.6706409379839897,0.03453846526099369,0.10160495946183801,2656,324.2738443419901,0.30826520919799805
2657,8252.085,1975.3566666666673,6944.333333333335,100,100,1000,2.261541298823431,6.944333333333335,2.4638876914978027,-1975.3566666666673,-0.01601130439667031,33.195984840393066,0.6221956899389625,0.01511718389519956,0.07753906259313226,2657,324.2750242842884,0.30826520919799805
2658,8255.017,2045.5500000000006,7181.000000000001,100,100,1011,2.129364986494036,7.1028684470820975,2.359555721282959,-2045.5500000000006,-0.015488094999454916,29.990674793720245,0.612337569706142,0.029347143645281903,0.11771407816559076,2658,324.28231410158446,0.30826520919799805
2659,8258.174,1901.1033333333337,6952.000000000005,100,100,1009,2.341022794005693,6.889990089197229,2.5638575553894043,-1901.1033333333337,-0.01711364829679951,33.478710889816284,0.6413765298202634,0.028380633317283355,0.10271843103691936,2659,324.28052859990436,0.30826520919799805
2660,8264.875,1960.7633333333338,6934.666666666664,100,100,1004,2.3942250993559173,6.907038512616199,2.6087183952331543,-1960.7633333333338,-0.020821404235903174,42.00020945072174,0.6998293679207563,0.0076182326665730216,0.09765625023283064,2660,324.27724574876447,0.30826520919799805
2661,8267.86,1912.773333333333,6749.000000000002,100,100,1010,2.191334159463865,6.682178217821784,2.4177310466766357,-1912.773333333333,-0.015978076495230198,39.818961441516876,0.6228261860087514,0.012772807691362686,0.09134765609633178,2661,324.1442010838926,0.30826520919799805
2662,8271.04,2034.960000000001,7002.333333333335,100,100,1012,2.3543602766712075,6.919301712779975,2.591872453689575,-2034.960000000001,-0.020471076073590666,35.93005323410034,0.6448464374989271,0.02296963041953859,0.0943134015542455,2662,324.1419360084274,0.30826520919799805
2663,8274.062,2013.6700000000005,7216.000000000001,100,100,1006,2.230175745013405,7.17296222664016,2.448977470397949,-2013.6700000000005,-0.01655459258472547,33.63384699821472,0.600292980670929,0.018748353395494632,0.10192340350477025,2663,324.1451260390597,0.30826520919799805
2664,8276.867,1975.6166666666672,7018.666666666668,100,100,1011,2.013844609008153,6.942301351796902,2.239283800125122,-1975.6166666666672,-0.015178092464338988,25.68198710680008,0.642150491476059,0.031552862710668705,0.091222426854074,2664,324.1574250267243,0.30826520919799805
2665,8279.683,2027.9533333333322,7091.666666666666,100,100,1007,2.035320356586262,7.04237007613373,2.256596088409424,-2027.9533333333322,-0.01626686711097136,38.352007031440735,0.624110633507371,0.026623428631864954,0.1323553854599595,2665,324.16879987187076,0.30826520919799805
2666,8282.463,2007.8899999999992,7020.666666666668,100,100,1002,2.009310080282234,7.006653359946775,2.21606707572937,-2007.8899999999992,-0.019256363331805915,38.41508960723877,0.7097664698958397,0.009306858089985326,0.08730933791957796,2666,324.18097595026535,0.30826520919799805
2667,8285.25,2056.8333333333335,7296.333333333331,100,100,1005,2.002453831700951,7.260033167495852,2.2178139686584473,-2056.8333333333335,-0.015161852061282843,33.86711627244949,0.6664478648453951,0.026679813177906908,0.10634765634313226,2667,324.19324192523993,0.30826520919799805
2668,8288.012,2067.583333333334,7148.333333333336,100,100,1009,1.9861821610641153,7.084572183680214,2.20947003364563,-2067.583333333334,-0.01737955620046705,37.69474720954895,0.678472694940865,0.022760029147320893,0.09363042062614113,2668,324.2069456385669,0.30826520919799805
2669,8290.805,2055.38,7244.666666666665,100,100,1010,2.010635047975817,7.172937293729372,2.234858512878418,-2055.38,-0.014903777355357306,32.26907706260681,0.6203680280596018,0.028825007670093328,0.0958007809240371,2669,324.21952853551795,0.30826520919799805
2670,8296.673,1872.4333333333334,6865.333333333331,100,100,1008,1.981940377311456,6.810846560846559,2.196636199951172,-1872.4333333333334,-0.02236501348670572,36.806628584861755,0.6420000772923231,0.019582050590543076,0.1116536462213844,2670,324.23364828529503,0.30826520919799805
2671,8299.429,1882.5366666666687,6861.6666666666715,100,100,1006,1.986378230798849,6.820742213386353,2.1948606967926025,-1882.5366666666687,-0.0115804185916204,28.120535284280777,0.5347549961879849,0.023841348134737927,0.1095236074179411,2671,324.12531078623596,0.30826520919799805
2672,8302.191,1817.726666666667,6743.666666666671,100,100,1008,1.9865196431748613,6.690145502645507,2.197401285171509,-1817.726666666667,-0.017875635589007288,40.65500396490097,0.5696658538654447,0.00853700459265383,0.08723958348855376,2672,324.1388850811653,0.30826520919799805
2673,8304.967,1924.1433333333334,7112.333333333335,100,100,1009,2.001320812168159,7.048893293690123,2.216989517211914,-1924.1433333333334,-0.016925308271311224,32.80381840467453,0.5920970337465405,0.035191432703868486,0.10204081609845161,2673,324.15204774517554,0.30826520919799805
2674,8307.742,1955.3766666666677,6975.000000000004,100,100,1007,1.9929014900542033,6.926514399205565,2.2079756259918213,-1955.3766666666677,-0.021448588115163147,28.85123234987259,0.613338727504015,0.014119416764060588,0.08348570443922654,2674,324.1649778991089,0.30826520919799805
2675,8310.459,1870.340000000001,7012.666666666669,100,100,1000,1.9650990986265242,7.012666666666669,2.161642074584961,-1870.340000000001,-0.016886483412235975,32.14655786752701,0.5884465919807553,0.0369869276182726,0.10712890652939677,2675,324.17934096016626,0.30826520919799805
2676,8313.244,1967.293333333333,6942.666666666665,100,100,1004,1.9958741011875367,6.91500664010624,2.2057881355285645,-1967.293333333333,-0.014092635945416987,35.274999380111694,0.5894245393574238,0.022358347872796003,0.08939985814504325,2676,324.19149569397285,0.30826520919799805
2677,8315.989,1952.486666666666,7068.999999999999,100,100,1008,1.9674243063375811,7.012896825396824,2.1839239597320557,-1952.486666666666,-0.021958824654575437,34.46201431751251,0.6202021483331919,0.019829385084449314,0.11246744822710752,2677,324.20567980827764,0.30826520919799805
2678,8318.749,1823.0433333333349,6782.333333333331,100,100,1003,1.994796507691933,6.762047191758057,2.19541335105896,-1823.0433333333349,-0.016919023066293448,28.604542434215546,0.5745332427322865,0.022227518500585575,0.10149436770007014,2678,324.21868429197133,0.30826520919799805
2679,8321.484,1883.1500000000015,7055.333333333336,100,100,1003,1.9768574283201088,7.034230641409108,2.179194211959839,-1883.1500000000015,-0.019217402033973485,31.28160834312439,0.575071545317769,0.027581389724218752,0.10001816833391786,2679,324.2326770945666,0.30826520919799805
2680,8327.406,2005.9333333333323,7197.999999999996,100,100,1011,1.9837719076022904,7.119683481701283,2.2058658599853516,-2005.9333333333323,-0.018533458234742284,26.261637151241302,0.6123257232829928,0.012641618825000478,0.11710133287124336,2680,324.2460205153613,0.30826520919799805
2681,8330.139,1874.35,6913.0,100,100,1007,1.9471180719363226,6.864945382323734,2.1564061641693115,-1874.35,-0.016425996436737478,27.314286172389984,0.6026708101853728,0.023105552631022874,0.10998794867191464,2681,324.13806407356697,0.30826520919799805
2682,8332.869,1849.766666666666,6810.666666666666,100,100,1005,1.9582197005253525,6.776782752902156,2.1647748947143555,-1849.766666666666,-0.01776286738459021,25.79611760377884,0.5772450622171164,0.0281042779533891,0.11102430569007993,2682,324.15247228491677,0.30826520919799805
2683,8335.571,1976.946666666665,7049.66666666666,100,100,1009,1.930456790829408,6.98678559629996,2.1473734378814697,-1976.946666666665,-0.017918295576237142,42.68775528669357,0.6982929483056068,0.0239502651093062,0.09915098827332258,2683,324.16845160834504,0.30826520919799805
2684,8338.277,1851.0999999999997,6785.666666666667,100,100,1007,1.9380916579364769,6.738497186362132,2.146735668182373,-1851.0999999999997,-0.016364675015211105,30.3975732922554,0.6239499198272824,0.02707913644007931,0.0963576294016093,2684,324.18400169691114,0.30826520919799805
2685,8340.964,1898.0999999999988,6959.999999999997,100,100,1005,1.928338308387728,6.925373134328355,2.132725238800049,-1898.0999999999988,-0.014233441668693558,24.58383882045746,0.60272332187742,0.03447557327308459,0.11023220513015985,2685,324.2000644623694,0.30826520919799805
2686,8343.682,2010.6833333333334,7057.000000000001,100,100,1014,1.9251034530550168,6.959566074950692,2.1542885303497314,-2010.6833333333334,-0.017977974261157215,27.778133034706116,0.6513655241578817,0.011334023671224713,0.09474464692175388,2686,324.21596412022427,0.30826520919799805
2687,8346.378,1946.4733333333322,7174.666666666671,100,100,1010,1.9272484173444975,7.103630363036308,2.1437387466430664,-1946.4733333333322,-0.021871356846531853,30.28832656145096,0.667871467769146,0.02025209916610038,0.11275390617083758,2687,324.232255213641,0.30826520919799805
2688,8349.103,1971.9466666666651,7274.66666666667,100,100,1008,1.9616359121365738,7.21693121693122,2.175231456756592,-1971.9466666666651,-0.016914276231545955,25.265327990055084,0.6417001187801361,0.022970189507759642,0.12679036520421505,2688,324.24720708648164,0.30826520919799805
2689,8351.81,2023.023333333333,7137.666666666664,100,100,1002,1.933740519318068,7.123419827012639,2.138354778289795,-2023.023333333333,-0.009813109296374023,31.251794397830963,0.7231763619929552,0.01812006955879042,0.11460658500436693,2689,324.2620476837332,0.30826520919799805
2690,8357.543,2062.826666666667,7179.666666666665,100,100,1007,1.9334449841804588,7.129758358159548,2.149221181869507,-2062.826666666667,-0.019726760016055778,34.555717170238495,0.688186657615006,0.01592450269527035,0.1109125663060695,2690,324.2778591034652,0.30826520919799805
2691,8360.252,1908.1366666666675,6960.000000000005,100,100,1009,1.9240487648203703,6.897918731417249,2.138995409011841,-1908.1366666666675,-0.017748148064129055,39.091276466846466,0.6531320968642831,0.016934686442255042,0.09509526437614113,2691,324.17581188085785,0.30826520919799805
2692,8362.99,2048.0366666666673,7116.000000000004,100,100,1011,1.9411350153414229,7.03857566765579,2.165562391281128,-2048.0366666666673,-0.023686172789894044,37.247264087200165,0.6700040325522423,0.009457451644266257,0.10526769328862429,2692,324.19052898007,0.30826520919799805
2693,8366.157,1835.95,6782.999999999999,100,100,1002,2.368418263278887,6.76946107784431,2.569206714630127,-1835.95,-0.01949842768954113,23.879642069339752,0.6065424662083387,0.0514795700146351,0.12107049860060215,2693,324.1875543454952,0.30826520919799805
2694,8369.194,2027.8233333333349,7197.333333333333,100,100,1004,2.2346458186310127,7.1686586985391765,2.4494919776916504,-2027.8233333333349,-0.022245305764954537,39.198418974876404,0.6422965805977583,0.019556003433535807,0.12149325315840542,2694,324.1898633360886,0.30826520919799805
2695,8372.202,1922.7633333333351,6870.000000000006,100,100,1007,2.1920839126675937,6.8222442899702145,2.40948486328125,-1922.7633333333351,-0.018732863303739578,25.66696321964264,0.6035204585641623,0.03664703022877802,0.11770694772712886,2695,324.1936982412761,0.30826520919799805
2696,8375.267,1890.226666666668,7112.333333333336,100,100,1002,2.2830940124731205,7.098137059214906,2.4849915504455566,-1890.226666666668,-0.020866211903921794,25.990335285663605,0.5505005214363337,0.01988320744567318,0.12613932322710752,2696,324.19466800014396,0.30826520919799805
2697,8378.501,1849.830000000001,6888.333333333334,100,100,1008,2.4309730158873006,6.833664021164021,2.651128053665161,-1849.830000000001,-0.019833207043120638,31.499209880828857,0.5503171449527144,0.011641248864179943,0.09554036473855376,2697,324.18988539519705,0.30826520919799805
2698,8381.631,1871.7033333333325,6830.333333333333,100,100,1010,2.314120097579158,6.762706270627063,2.5362389087677,-1871.7033333333325,-0.014992874173913151,39.34423279762268,0.5323541946709156,0.034043724423099775,0.09818359347991645,2698,324.1892914099072,0.30826520919799805
2699,8384.701,1977.5799999999997,7014.666666666662,100,100,1007,2.245711121877402,6.965905329361134,2.4644405841827393,-1977.5799999999997,-0.018699613166972995,36.77365446090698,0.6281101927161217,0.0033656582309049554,0.08645694807637483,2699,324.190678385159,0.30826520919799805
2700,8391.388,1793.500000000001,6720.333333333335,100,100,1012,2.2647670946882767,6.640645586297762,2.492800235748291,-1793.500000000001,-0.017282860644627362,32.15426433086395,0.5544420015066862,0.015438251961313654,0.06884765636641532,2700,324.19251701903664,0.30826520919799805
2701,8394.288,1937.8533333333344,7023.999999999996,100,100,1005,2.1256575123430115,6.989054726368155,2.3371851444244385,-1937.8533333333344,-0.015897054108791053,32.06028228998184,0.5923459026962519,0.012185237799712922,0.07496744813397527,2701,324.0607204521751,0.30826520919799805
2702,8397.05,1954.79,7113.666666666665,100,100,1013,1.9773038495828463,7.0223757815070735,2.2050082683563232,-1954.79,-0.016239792632404715,31.183206021785736,0.6090885028243065,0.03566518665320473,0.08383696945384145,2702,324.07476138152265,0.30826520919799805
2703,8399.821,1825.6033333333316,6883.66666666667,100,100,1007,1.972759481821886,6.835815954981797,2.1832962036132812,-1825.6033333333316,-0.01811488118255511,33.807796359062195,0.5265585174784064,0.034309683524043066,0.07633809803519398,2703,324.08781257883953,0.30826520919799805
2704,8402.578,1943.3600000000004,7052.666666666667,100,100,1006,1.9935229621923882,7.010603048376408,2.2036867141723633,-1943.3600000000004,-0.01431309338659048,38.53408968448639,0.5323058813810349,0.019017481325136032,0.1052139945095405,2704,324.10111694040154,0.30826520919799805
2705,8405.343,1855.7600000000007,7005.000000000001,100,100,1006,1.9844034782733035,6.963220675944335,2.1902706623077393,-1855.7600000000007,-0.01126161077991128,24.85377687215805,0.5229277163743973,0.011902323123649694,0.07007897447329015,2705,324.1142051425552,0.30826520919799805
2706,8408.121,1822.1599999999994,7018.666666666666,100,100,1005,2.013792634584862,6.983747927031509,2.2196733951568604,-1822.1599999999994,-0.014841360214632004,18.982569605112076,0.5951680084690452,0.026235245179123012,0.07286241330439225,2706,324.1266942676197,0.30826520919799805
2707,8410.954,2006.9900000000007,7064.333333333335,100,100,1014,2.0201497060739064,6.966798159105853,2.2532546520233154,-2006.9900000000007,-0.014203474434907548,30.99226152896881,0.6259899362921715,0.019234401457651984,0.06646050361450762,2707,324.1380163453591,0.30826520919799805
2708,8413.716,1788.5766666666675,6666.666666666664,100,100,1005,1.9809213907119647,6.633499170812601,2.1850318908691406,-1788.5766666666675,-0.011961758078541607,26.702695608139038,0.5037582451477647,0.03053191935759969,0.09427083353511989,2708,324.1510659524169,0.30826520919799805
2709,8416.506,2022.9266666666665,7088.333333333332,100,100,1012,1.9964657113298392,7.004281949934122,2.2272701263427734,-2022.9266666666665,-0.018056863686069846,28.320604294538498,0.6232797354459763,0.01422642064790125,0.05987079336773604,2709,324.1638593619611,0.30826520919799805
2710,8422.426,1943.0699999999997,6933.333333333336,100,100,1007,2.0065830176318844,6.885137371731218,2.2215163707733154,-1943.0699999999997,-0.019184129778295755,37.77275437116623,0.5448456220328808,0.012052470887283562,0.07971451105549932,2710,324.17589800275636,0.30826520919799805
2711,8425.2,1832.0599999999988,6759.666666666666,100,100,1010,1.971607625433751,6.692739273927392,2.1854019165039062,-1832.0599999999988,-0.014707888709381223,25.364184141159058,0.5921079162508249,0.037289106636308134,0.08958984329365194,2711,324.06875615496944,0.30826520919799805
2712,8427.951,1945.9400000000012,6927.333333333333,100,100,1008,1.9643510900168044,6.872354497354497,2.1789097785949707,-1945.9400000000012,-0.019262548652477562,20.077850937843323,0.6509206220507622,0.016899544054467697,0.09179687546566129,2712,324.08257752117845,0.30826520919799805
2713,8430.697,1936.3599999999992,7148.999999999998,100,100,1006,1.9671690847472867,7.106361829025843,2.1762800216674805,-1936.3599999999992,-0.014668661708128639,35.51735317707062,0.6061359141021967,0.03684222338051768,0.07457965350477025,2713,324.0963334354644,0.30826520919799805
2714,8433.475,1971.686666666667,7152.333333333335,100,100,1011,1.9724690396814035,7.07451368282229,2.1935551166534424,-1971.686666666667,-0.012418166792485863,26.31367999315262,0.6065720170736313,0.026125616292119958,0.07410386035917327,2714,324.109462142307,0.30826520919799805
2715,8436.208,1972.6766666666665,6984.333333333331,100,100,1011,1.947000390955023,6.90834157599736,2.1675469875335693,-1972.6766666666665,-0.018291565240360796,28.874602615833282,0.7270166929811239,0.018562691588613234,0.08657896774820983,2715,324.12430279824315,0.30826520919799805
2716,8438.936,1877.3933333333337,6818.999999999999,100,100,1008,1.959599801690303,6.764880952380952,2.171508312225342,-1877.3933333333337,-0.019300994521472603,27.24237549304962,0.6681131068617105,0.023497491631133016,0.07649739598855376,2716,324.13896691164973,0.30826520919799805
2717,8441.688,1939.9599999999998,6843.000000000001,100,100,1013,1.9591779868474262,6.755182625863772,2.184026002883911,-1939.9599999999998,-0.018202260718680918,27.39149934053421,0.6762260878458619,0.00861459684165311,0.09175081085413694,2717,324.1533070724667,0.30826520919799805
2718,8444.425,1885.9900000000002,6948.333333333333,100,100,1011,1.9615324409623307,6.872733267392021,2.182755947113037,-1885.9900000000002,-0.020880432944977656,25.399920105934143,0.7427277285605669,0.015000334897194989,0.09023629012517631,2718,324.1679401909754,0.30826520919799805
2719,8447.184,1825.6433333333314,6785.3333333333285,100,100,1009,1.9702331036766778,6.724810042946808,2.1839115619659424,-1825.6433333333314,-0.01819430571049452,45.03770333528519,0.6922274325042963,0.009377521859278204,0.06786112871486694,2719,324.1815121846589,0.30826520919799805
2720,8452.987,1975.7533333333338,7139.000000000004,100,100,1004,1.949610857643647,7.1105577689243065,2.1568472385406494,-1975.7533333333338,-0.018006828089710325,27.496063470840454,0.7345869150012732,0.01411455801280681,0.07421875023283064,2720,324.1960080244677,0.30826520919799805
2721,8455.668,1833.6566666666681,6770.000000000001,100,100,1005,1.9097612940229067,6.7363184079602,2.115737199783325,-1833.6566666666681,-0.013034746167249978,48.178001165390015,0.7522957883775234,0.018506311029341305,0.09943576401565224,2721,324.0938907759748,0.30826520919799805
2722,8458.341,1890.29,6858.666666666667,100,100,998,1.9260086208994394,6.872411489645959,2.116563558578491,-1890.29,-0.008414810174144804,25.073825925588608,0.6828137896955013,0.027221424294111785,0.08046361012384295,2722,324.1094257251302,0.30826520919799805
2723,8461.024,1950.0333333333342,6895.000000000001,100,100,1003,1.9294325035280833,6.874376869391825,2.133676767349243,-1950.0333333333342,-0.016318885260261595,38.6412016749382,0.7203474557027221,0.01602143766649533,0.10929551208391786,2723,324.12519133582464,0.30826520919799805
2724,8463.825,1864.0599999999988,6920.666666666665,100,100,1009,1.971540237524029,6.858936240502146,2.1901674270629883,-1864.0599999999988,-0.018885596306063235,39.483313739299774,0.6809565257281065,0.010947053939162288,0.06876793690025806,2724,324.1371421644585,0.30826520919799805
2725,8466.551,1907.0066666666658,6948.666666666667,100,100,1007,1.9629930471816464,6.900364117841774,2.1747028827667236,-1907.0066666666658,-0.014903128438163549,33.00778889656067,0.6975313387811184,0.013205031456891447,0.07403174857608974,2725,324.1517105265279,0.30826520919799805
2726,8469.246,1991.176666666665,7111.666666666662,100,100,1009,1.9153860285490516,7.048232573505117,2.1323840618133545,-1991.176666666665,-0.018275088514201343,30.75107342004776,0.663020096719265,0.025686384418804664,0.09911112888948992,2726,324.1676956777886,0.30826520919799805
2727,8471.957,1996.5900000000024,7134.3333333333385,100,100,1011,1.9361203744580082,7.056709528519622,2.159703493118286,-1996.5900000000024,-0.018113501835614443,27.13621735572815,0.6411316245794296,0.0259072039698367,0.09878599899820983,2727,324.18332163303813,0.30826520919799805
2728,8474.657,1846.463333333334,6810.333333333335,100,100,1007,1.9280479630398033,6.762992386626946,2.135315418243408,-1846.463333333334,-0.014074409729801118,25.73934668302536,0.6215089485049248,0.03762368697789498,0.11064245295710862,2728,324.1988328530324,0.30826520919799805
2729,8477.375,1963.803333333333,7013.666666666671,100,100,1009,1.93797274491758,6.951106706309882,2.1576156616210938,-1963.803333333333,-0.01781000994378701,34.032849967479706,0.7013191487640142,0.016367018055461813,0.08558872772846371,2729,324.2139371874979,0.30826520919799805
2730,8483.204,1898.0499999999997,6970.666666666668,100,100,1004,1.9341832679878193,6.942895086321382,2.140455722808838,-1898.0499999999997,-0.015418074675835669,24.500302016735077,0.6151901371777058,0.026734222017694265,0.08571555418893695,2730,324.22880040986865,0.30826520919799805
2731,8486.253,1960.8533333333332,7267.666666666669,100,100,1011,2.2341311569800038,7.188592152983847,2.4598495960235596,-1960.8533333333332,-0.017197318840771914,42.87745797634125,0.6440902799367905,0.03365290230431128,0.10745059751207009,2731,324.112192022789,0.30826520919799805
2732,8489.219,1934.9466666666663,6992.0,100,100,1004,2.171385061622883,6.964143426294821,2.3806724548339844,-1934.9466666666663,-0.016276926893624477,34.85646450519562,0.561967839486897,0.020670000958489254,0.08735795482061803,2732,324.1172618182369,0.30826520919799805
2733,8492.31,2030.5266666666678,7030.0,100,100,1007,2.280128898599408,6.981132075471698,2.505793333053589,-2030.5266666666678,-0.014126027352176607,26.28393852710724,0.6923561710864305,0.01928255179518601,0.08969830418936908,2733,324.11782554105014,0.30826520919799805
2734,8495.565,1960.7800000000002,7091.999999999997,100,100,1010,2.4385279192045184,7.021782178217819,2.6696770191192627,-1960.7800000000002,-0.01471284153740271,40.473785519599915,0.6380853950977325,0.021270119410473853,0.09414062497671694,2734,324.11251311421734,0.30826520919799805
2735,8498.699,1901.5466666666696,7039.666666666674,100,100,1011,2.3171527223232267,6.963072865150024,2.5460364818573,-1901.5466666666696,-0.014887512341374531,27.5209139585495,0.5684802290052176,0.03234564865124412,0.08218443649820983,2735,324.1119756163903,0.30826520919799805
2736,8501.749,1945.916666666666,7103.333333333335,100,100,1011,2.2524819992856666,7.026046818331686,2.4804234504699707,-1945.916666666666,-0.010852835141122341,31.242362082004547,0.6193439038470387,0.011686294441460632,0.0950042128097266,2736,324.114621811056,0.30826520919799805
2737,8504.872,1907.8699999999994,7109.333333333332,100,100,1002,2.3373409191577763,7.095143047238855,2.5401270389556885,-1907.8699999999994,-0.01992802569293417,31.7409006357193,0.6690573673695326,0.022908692808414344,0.0887509302701801,2737,324.11338816677244,0.30826520919799805
2738,8508.213,1954.3966666666672,7069.999999999998,100,100,1010,2.5182903965584713,6.999999999999998,2.7497127056121826,-1954.3966666666672,-0.02078822930343449,38.40145391225815,0.6659460449591279,0.018604423021315597,0.11128906230442226,2738,324.10484630169753,0.30826520919799805
2739,8511.365,1908.0066666666667,7001.0,100,100,1010,2.3509261395441055,6.931683168316832,2.574859619140625,-1908.0066666666667,-0.01996960089309141,25.007601588964462,0.6199723687022924,0.03329631690576207,0.0976757809985429,2739,324.10348569462985,0.30826520919799805
2740,8517.725,1981.34,6979.6666666666615,100,100,1012,2.189860570501249,6.896903820816859,2.4184465408325195,-1981.34,-0.017928317305631936,28.088604629039764,0.6582947690039873,0.010424335217976477,0.0668194112367928,2740,324.10837962964496,0.30826520919799805
2741,8520.584,1891.9033333333325,6956.0,100,100,1006,2.079599999955061,6.914512922465208,2.2893788814544678,-1891.9033333333325,-0.008000567322596908,36.94207262992859,0.7017800845205784,0.04262205315171741,0.14232336962595582,2741,323.9896383925223,0.30826520919799805
2742,8523.604,1975.296666666667,6925.333333333331,100,100,1006,2.2039411538123166,6.884029158383033,2.4223084449768066,-1975.296666666667,-0.021180013805860654,35.557324945926666,0.7264830749481916,0.013139240560121834,0.09379245946183801,2742,323.9928780681606,0.30826520919799805
2743,8526.634,1791.773333333332,6935.666666666669,100,100,1007,2.2303382321579943,6.887454485269781,2.4446208477020264,-1791.773333333332,-0.016681840468663722,29.55749410390854,0.6886573247611523,0.019294402045488823,0.06834898586384952,2743,323.9958388505272,0.30826520919799805
2744,8529.601,1981.010000000001,6981.333333333331,100,100,1005,2.1679273666350625,6.946600331674956,2.382317304611206,-1981.010000000001,-0.015597923193126917,31.85461276769638,0.718610942363739,0.02585451292907237,0.0916992190759629,2744,324.00096705946686,0.30826520919799805
2745,8532.485,1893.8866666666672,6919.666666666671,100,100,1004,2.0918073684563376,6.8920982735723815,2.2968502044677734,-1893.8866666666672,-0.024703268660232425,28.00977772474289,0.7736116088926792,0.010790697524498682,0.08185369335114956,2745,324.0091285159498,0.30826520919799805
2746,8535.437,2057.383333333334,7153.666666666668,100,100,1004,2.143091631963278,7.1251660026560435,2.3542840480804443,-2057.383333333334,-0.025608350173570216,41.16704535484314,0.8273414243012667,0.025872090940538328,0.10498046875,2746,324.01468561030686,0.30826520919799805
2747,8538.514,1973.2233333333322,6923.666666666664,100,100,1002,2.287288124002925,6.909846972721222,2.4945790767669678,-1973.2233333333322,-0.02075260880519636,32.692145586013794,0.7828137949109077,0.002552421821746975,0.0877743677701801,2747,324.0152619964487,0.30826520919799805
2748,8541.508,1978.2466666666667,6962.333333333336,100,100,1010,2.17883089075492,6.893399339933996,2.402421712875366,-1978.2466666666667,-0.021582519257208332,30.96495631337166,0.7742280047386885,0.011663304941066599,0.09322265605442226,2748,324.0199443568676,0.30826520919799805
2749,8544.603,1883.796666666667,6994.0000000000055,100,100,1005,2.2901063686496212,6.959203980099508,2.4998433589935303,-1883.796666666667,-0.018325721262954175,23.42066115140915,0.7472169380635023,0.019996845709101763,0.07934027817100286,2749,324.0202027219677,0.30826520919799805
2750,8551.185,1824.5333333333328,6980.666666666668,100,100,1003,2.3438545362466754,6.95978730475241,2.544856309890747,-1824.5333333333328,-0.011073688277974725,33.14402434229851,0.7715302221477032,0.022043225057132076,0.09222837921697646,2750,324.01857220428235,0.30826520919799805
2751,8554.263,2066.796666666665,7102.666666666666,100,100,1006,2.2603184905664153,7.060304837640821,2.4809768199920654,-2066.796666666665,-0.019599799008574337,33.9660609960556,0.8089996203780174,0.010755986433650833,0.07984459929866716,2751,323.8891683815839,0.30826520919799805
2752,8557.496,2040.1866666666683,6940.333333333333,100,100,1008,2.427557540021741,6.885251322751323,2.653505802154541,-2040.1866666666683,-0.01968970923917368,31.996651232242584,0.7997134644538164,0.0038087004359113052,0.10074869822710752,2752,323.8845888984558,0.30826520919799805
2753,8560.652,2001.8933333333325,6917.66666666667,100,100,1002,2.3332200604007616,6.903858948769131,2.5414915084838867,-2001.8933333333325,-0.01392576057696715,35.75726503133774,0.7723639346659184,0.0081254801061732,0.07017299119615927,2753,323.8822066647146,0.30826520919799805
2754,8563.671,2077.5966666666664,7220.666666666664,100,100,1005,2.216935523123068,7.184742951907128,2.4333016872406006,-2077.5966666666664,-0.01710466609802097,33.855718314647675,0.7825380805879831,0.021912578151386697,0.09100477444007993,2754,323.88539277186334,0.30826520919799805
2755,8566.755,2090.9633333333322,7293.666666666669,100,100,1011,2.2652435200988994,7.2143092647543705,2.497314691543579,-2090.9633333333322,-0.019834868900943547,37.00539058446884,0.7297611907124519,0.020546698178804945,0.10072955000214279,2755,323.88683027196737,0.30826520919799805
2756,8569.983,1926.213333333334,6942.666666666668,100,100,1001,2.413863235699398,6.935730935730937,2.617504835128784,-1926.213333333334,-0.020147060335148126,36.141525864601135,0.7364257033914328,0.013081506782327779,0.07775581162422895,2756,323.8816373752393,0.30826520919799805
2757,8573.168,1974.8499999999997,7019.666666666671,100,100,1009,2.3894492549243926,6.957053187974896,2.614617347717285,-1974.8499999999997,-0.023744750418700278,24.796488046646118,0.7599628902971745,0.018372112164797727,0.10233976412564516,2757,323.8789793311427,0.30826520919799805
2758,8575.892,1965.7200000000005,7196.333333333334,100,100,1004,1.9425332646648144,7.167662682602923,2.148655652999878,-1965.7200000000005,-0.01709298067726195,28.098569452762604,0.7486815378069878,0.017021340514475014,0.09028764232061803,2758,323.89318785998876,0.30826520919799805
2759,8578.604,2003.7666666666673,7160.000000000003,100,100,1005,1.95046059673754,7.124378109452739,2.157989978790283,-2003.7666666666673,-0.0225624677259475,37.720137774944305,0.7980272173881531,0.008099468959699152,0.08170572947710752,2759,323.9079431124826,0.30826520919799805
2760,8584.423,1963.6100000000006,7131.333333333336,100,100,1017,1.9374792512154597,7.012127171419209,2.1698505878448486,-1963.6100000000006,-0.017092171707190573,27.65196180343628,0.7552370857447386,0.014647861153207486,0.1090580455493182,2760,323.9228246781978,0.30826520919799805
2761,8587.184,1876.3633333333337,6852.333333333337,100,100,1007,1.9666494525573193,6.804700430321089,2.1763477325439453,-1876.3633333333337,-0.021468522609211504,27.217974305152893,0.7547877319157124,0.0038291409946396016,0.1002638794016093,2761,323.8200221066574,0.30826520919799805
2762,8589.895,2006.0299999999988,7149.0000000000055,100,100,1009,1.9421637285781361,7.085232903865219,2.157742500305176,-2006.0299999999988,-0.014735462376847863,36.61445325613022,0.729694290086627,0.008008262360817753,0.08649553556460887,2762,323.83525560724667,0.30826520919799805
2763,8592.603,1932.3733333333323,7005.666666666669,100,100,1003,1.9556964082078838,6.98471252907943,2.156796455383301,-1932.3733333333323,-0.012053200392983854,30.57687819004059,0.7065598424524069,0.015575549434288405,0.10760356113314629,2763,323.84993598097975,0.30826520919799805
2764,8595.318,1977.9400000000005,7003.333333333334,100,100,1003,1.944155233460901,6.982386174808907,2.1483469009399414,-1977.9400000000005,-0.01763449690770358,31.75421440601349,0.7913279756903648,0.0068921810561732855,0.08055505086667836,2764,323.8643592977658,0.30826520919799805
2765,8598.093,1912.51,6951.666666666666,100,100,1017,1.9785460172131322,6.835463782366436,2.212317705154419,-1912.51,-0.017486446304246783,26.157150268554688,0.6775147989392281,0.00244978802948026,0.08555201510898769,2765,323.8781118589651,0.30826520919799805
2766,8600.865,1945.2866666666655,7035.6666666666615,100,100,1012,1.9539720355809147,6.952239789196306,2.1758458614349365,-1945.2866666666655,-0.015944350328936707,33.37129330635071,0.6707393517717719,0.020377960172481835,0.08826622646301985,2766,323.8913901734193,0.30826520919799805
2767,8603.702,1830.683333333333,6859.666666666667,100,100,1011,2.0324347188841814,6.78503132212331,2.248805522918701,-1830.683333333333,-0.016637811553664505,27.377144753932953,0.7047231141477823,0.0114506576792337,0.08547794132027775,2767,323.9020997246673,0.30826520919799805
2768,8606.816,1932.9700000000003,7035.000000000005,100,100,1007,2.3139648459936826,6.986097318768624,2.528635263442993,-1932.9700000000003,-0.013748501311056316,36.210862815380096,0.7269738111644983,0.01877054214128293,0.07176695461384952,2768,323.9019400379052,0.30826520919799805
2769,8609.867,1996.8533333333348,7133.333333333334,100,100,1004,2.2640550783668383,7.104913678618859,2.473189115524292,-1996.8533333333348,-0.021625354595016688,43.00204527378082,0.7376533653587103,0.014357939915498719,0.11146129295229912,2769,323.90372475339666,0.30826520919799805
2770,8616.446,1941.6766666666656,7061.333333333329,100,100,1014,2.1633738663352484,6.9638395792241905,2.395690441131592,-1941.6766666666656,-0.013873473682906479,40.11861276626587,0.7006636839359999,0.021168337341805454,0.07042100722901523,2770,323.90974331384456,0.30826520919799805
2771,8619.443,1885.6633333333343,6994.999999999997,100,100,1006,2.195570774021823,6.953280318091449,2.406140089035034,-1885.6633333333343,-0.013268322043586522,30.86096715927124,0.7143145240843296,0.02477162874856731,0.08031165110878646,2771,323.7782172195012,0.30826520919799805
2772,8622.433,1957.5566666666664,6996.333333333331,100,100,1012,2.1741773706323397,6.9133728590250305,2.4029717445373535,-1957.5566666666664,-0.013857633661245927,28.385830342769623,0.6780121512711048,0.011184264192706905,0.10606971196830273,2772,323.78333584696134,0.30826520919799805
2773,8625.489,1829.8933333333337,6857.333333333337,100,100,1012,2.23065622490481,6.77602108036891,2.4548232555389404,-1829.8933333333337,-0.014762192557100207,26.646133422851562,0.6611911952495575,0.022922043564904016,0.07373046927386895,2773,323.785923423814,0.30826520919799805
2774,8628.504,1801.8433333333348,6771.0,100,100,1005,2.2209180141358975,6.737313432835821,2.426718235015869,-1801.8433333333348,-0.010617157036904246,25.392461836338043,0.5471159471198916,0.02423007613833761,0.060601128556299955,2774,323.7892512579459,0.30826520919799805
2775,8631.722,1913.4033333333327,6928.999999999999,100,100,1008,2.4029798596674237,6.874007936507936,2.6218767166137695,-1913.4033333333327,-0.01825165585614741,33.07760524749756,0.6288384757936001,0.002967521533719264,0.06542968767462298,2775,323.7853222763165,0.30826520919799805
2776,8634.635,1918.9300000000003,6989.000000000001,100,100,1011,2.1227541022439342,6.912957467853611,2.3461437225341797,-1918.9300000000003,-0.018396479077637196,28.515307784080505,0.653416027314961,0.02206736407970311,0.09854664537124336,2776,323.7931723852806,0.30826520919799805
2777,8637.4,1827.9266666666663,6886.999999999996,100,100,1012,1.9791075117055974,6.805335968379443,2.197800636291504,-1827.9266666666663,-0.014117420127149671,33.2905113697052,0.6440251152962446,0.017256339589948766,0.0696739784325473,2777,323.8067071291543,0.30826520919799805
2778,8640.168,1954.9433333333345,6984.333333333332,100,100,1012,1.9824282591058155,6.9015151515151505,2.208871364593506,-1954.9433333333345,-0.01597879154724069,33.34354931116104,0.7212978471070528,0.05279960117695737,0.10854867822490633,2778,323.8201103839516,0.30826520919799805
2779,8642.97,2049.7033333333343,7121.333333333332,100,100,1011,1.9999538078714387,7.043850972634354,2.2255818843841553,-2049.7033333333343,-0.014804750855546445,40.52773982286453,0.7341038789600134,0.0061593098453158746,0.0755782782798633,2779,323.832090008477,0.30826520919799805
2780,8648.867,1957.0566666666664,6946.999999999996,100,100,1005,1.97547074692296,6.91243781094527,2.182863235473633,-1957.0566666666664,-0.01827629911713302,29.27699702978134,0.7257581008598208,0.023269682613317855,0.09141710097901523,2780,323.84501108972114,0.30826520919799805
2781,8651.633,2012.443333333332,7054.666666666665,100,100,1007,1.9788785478980637,7.00562727573651,2.192991256713867,-2012.443333333332,-0.012709184898994863,37.122294485569,0.6654002582654357,0.00852863275576965,0.0797560669016093,2781,323.74039065154767,0.30826520919799805
2782,8654.438,1911.7266666666665,7022.000000000002,100,100,1009,2.015034093916586,6.9593657086224,2.229062557220459,-1911.7266666666665,-0.01323505665641278,24.06007272005081,0.657351708970964,0.01592085437005153,0.06917649880051613,2782,323.7520603178937,0.30826520919799805
2783,8657.237,1870.0666666666666,6992.000000000004,100,100,1012,1.995054447840303,6.909090909090913,2.2171359062194824,-1870.0666666666666,-0.01425365440081805,27.579901218414307,0.6112973745912313,0.01787167781003518,0.07117638236377388,2783,323.76426385707947,0.30826520919799805
2784,8660.041,1954.4133333333332,7085.000000000003,100,100,1015,2.0017813792534795,6.980295566502465,2.2325265407562256,-1954.4133333333332,-0.01862620172323659,24.971908569335938,0.6904589049518108,0.017525461080367677,0.10642755683511496,2784,323.77662434972075,0.30826520919799805
2785,8662.827,1935.21,6972.999999999996,100,100,1012,1.9805047438128414,6.890316205533593,2.2051753997802734,-1935.21,-0.011614180635660887,31.252929389476776,0.7051076237112284,0.024556999196647666,0.08060396648943424,2785,323.7893265160437,0.30826520919799805
2786,8665.574,1958.5900000000006,6939.333333333337,100,100,1005,1.9698965177866654,6.904809286898843,2.1787872314453125,-1958.5900000000006,-0.011852398340124637,44.40305244922638,0.6105421027168632,0.020917101430313778,0.08653428847901523,2786,323.8026833877529,0.30826520919799805
2787,8668.384,1995.4299999999994,7025.666666666665,100,100,1009,1.9877665056371683,6.962999669639906,2.2047479152679443,-1995.4299999999994,-0.0159986064536497,46.39445477724075,0.7378801517188549,0.013897141951019876,0.11656967457383871,2787,323.81409556129654,0.30826520919799805
2788,8671.144,1946.7766666666669,6959.0,100,100,1006,1.9853820070294779,6.917495029821073,2.1957383155822754,-1946.7766666666669,-0.018828839238267392,29.09048557281494,0.6732805594801903,0.01125115567992907,0.08150050975382328,2788,323.8270610809298,0.30826520919799805
2789,8673.931,2029.6966666666674,6926.666666666668,100,100,1012,1.9773936750166663,6.8445322793148895,2.2044641971588135,-2029.6966666666674,-0.02097341720946133,42.36764007806778,0.6681406330317259,0.018262832141772378,0.11936598620377481,2789,323.8396736707687,0.30826520919799805
2790,8679.834,1983.0633333333344,7165.333333333335,100,100,1009,1.963565907047875,7.101420548397755,2.182666301727295,-1983.0633333333344,-0.01929371035657823,31.305208921432495,0.5953798657283187,0.03367350318876561,0.12074497772846371,2790,323.8526047541692,0.30826520919799805
2791,8682.602,1951.86,7056.666666666666,100,100,1013,1.9747195459685316,6.96610727212899,2.200218915939331,-1951.86,-0.015696616319473833,27.560380816459656,0.6306485664099455,0.027192337525775656,0.09000036865472794,2791,323.74914141259296,0.30826520919799805
2792,8685.371,1840.4866666666658,6770.3333333333285,100,100,1004,1.9907208162580665,6.743359893758296,2.1921398639678955,-1840.4866666666658,-0.017208952805958688,25.276170670986176,0.5677667493000627,0.03230171212635469,0.0818093039561063,2792,323.76154018000153,0.30826520919799805
2793,8688.151,1920.713333333333,7053.999999999997,100,100,1004,1.9989182259581344,7.025896414342626,2.206223964691162,-1920.713333333333,-0.018204232677817345,21.36600837111473,0.61176388990134,0.0258472999339574,0.08536044042557478,2793,323.7735019738484,0.30826520919799805
2794,8690.905,1860.0166666666669,6886.666666666665,100,100,1005,1.971440200244461,6.852404643449418,2.1762492656707764,-1860.0166666666669,-0.01728762628044933,36.703224897384644,0.5680172042921185,0.029369636613409966,0.09468315984122455,2794,323.78654644348,0.30826520919799805
2795,8693.654,1850.6866666666674,7009.000000000004,100,100,1014,1.9618937860727972,6.912228796844185,2.1854348182678223,-1850.6866666666674,-0.016612192208413035,23.80110675096512,0.5737757924944162,0.02361070818369626,0.0938042534980923,2795,323.80080375465224,0.30826520919799805
2796,8696.378,1926.8633333333335,6910.666666666668,100,100,1012,1.93260286579446,6.828722002635048,2.1544435024261475,-1926.8633333333335,-0.02030008952715434,24.17692071199417,0.5498435981571674,0.022980476067459676,0.08601262036245316,2796,323.81573762524084,0.30826520919799805
2797,8699.058,1877.4299999999996,6771.666666666671,100,100,1005,1.9201249749497025,6.737976782752906,2.1236400604248047,-1877.4299999999996,-0.02102502156049013,25.96683830022812,0.6141057573258877,0.006433827809814829,0.07216796884313226,2797,323.8315057087849,0.30826520919799805
2798,8701.776,1912.2366666666658,7097.666666666664,100,100,1010,1.9119903986978501,7.027392739273925,2.126680374145508,-1912.2366666666658,-0.01743492332752794,27.97697788476944,0.5570935374125838,0.014591698407457443,0.10013671847991645,2798,323.84644294573945,0.30826520919799805
2799,8704.524,1988.1100000000006,7205.333333333334,100,100,1013,1.9519569591075727,7.112866074366568,2.179746389389038,-1988.1100000000006,-0.013185236777644604,35.317772805690765,0.6296764416620135,0.02683843632985372,0.07838296005502343,2799,323.86056410605596,0.30826520919799805
2800,8710.328,2022.8466666666677,7290.333333333335,100,100,1011,1.9446781396121524,7.211012199142765,2.1662700176239014,-2022.8466666666677,-0.015163057541940361,21.949834048748016,0.6272682696580887,0.023383131829177728,0.0919404873275198,2800,323.8745977724762,0.30826520919799805
2801,8713.052,2037.4566666666663,7081.0,100,100,1006,1.9343325038066514,7.038767395626243,2.144313097000122,-2037.4566666666663,-0.022585525584872812,29.28669238090515,0.5317231873050332,0.026898603849986102,0.09094768995419145,2801,323.7750648525703,0.30826520919799805
2802,8715.781,1915.9999999999998,6835.333333333334,100,100,1007,1.9425605764786427,6.787818603111553,2.1531574726104736,-1915.9999999999998,-0.01994901872240007,22.298991978168488,0.5481522548943758,0.021492595169547712,0.11348902911413461,2802,323.7892586387846,0.30826520919799805
2803,8718.499,1917.8433333333332,6797.66666666667,100,100,1011,1.9407268054184572,6.723705901747448,2.161320924758911,-1917.8433333333332,-0.01854400458978489,29.02920138835907,0.5463333260267973,0.00918983796145767,0.08706724888179451,2803,323.804229239125,0.30826520919799805
2804,8721.252,1761.6933333333343,6721.0,100,100,1003,1.9553192410198368,6.700897308075772,2.152113676071167,-1761.6933333333343,-0.015029147209133953,33.449738919734955,0.5040518157184124,0.021721769677242264,0.09806504333391786,2804,323.8170571243534,0.30826520919799805
2805,8724.173,1902.3800000000006,6965.666666666668,100,100,1006,2.127331708512541,6.92412193505633,2.3381998538970947,-1902.3800000000006,-0.014315578609966906,22.94533085823059,0.5235234815627337,0.009883953403914347,0.08922809100477025,2805,323.82393315744145,0.30826520919799805
2806,8727.174,1913.3400000000004,6977.666666666667,100,100,1012,2.1638180836234535,6.894927536231885,2.3894588947296143,-1913.3400000000004,-0.01731056497374084,26.830081701278687,0.486667905934155,0.021090173213451635,0.09630408673547208,2806,323.8285241635378,0.30826520919799805
2807,8730.184,1917.3900000000006,6921.0,100,100,1007,2.2067600802695075,6.872889771598809,2.4240877628326416,-1917.3900000000006,-0.022170783719047904,32.6090402007103,0.5394525043666363,0.0035132843331666663,0.08805684797698632,2807,323.8322436661818,0.30826520919799805
2808,8733.31,1894.5766666666664,6983.333333333332,100,100,1012,2.2866672965313266,6.90052700922266,2.516435384750366,-1894.5766666666664,-0.018682913621887565,31.961347341537476,0.49796117562800646,0.03444229439628543,0.08240685146301985,2808,323.8322074457465,0.30826520919799805
2809,8736.41,1904.8800000000017,6833.6666666666715,100,100,1008,2.285677580013206,6.779431216931222,2.504385471343994,-1904.8800000000017,-0.01842370815575123,23.28141164779663,0.4792536934837699,0.016601917413936462,0.10416666697710752,2809,323.83267614931464,0.30826520919799805
2810,8742.883,1810.6633333333323,6778.999999999999,100,100,1010,2.231961683287184,6.711881188118811,2.4491913318634033,-1810.6633333333323,-0.022126199764898047,23.170571386814117,0.46965568512678146,0.020233484050550032,0.10624999972060323,2810,323.8349048698577,0.30826520919799805
2811,8746.024,2003.5600000000018,7156.000000000003,100,100,1011,2.311810187955823,7.078140454995057,2.5429675579071045,-2003.5600000000018,-0.022739056752470788,31.593790769577026,0.5418820837512612,0.024158273514331086,0.1037932753097266,2811,323.70777152493,0.30826520919799805
2812,8749.17,1793.8333333333337,6856.666666666664,100,100,1006,2.316534791834223,6.815772034459905,2.5291433334350586,-1793.8333333333337,-0.01867853110888973,26.218118906021118,0.47291204798966646,0.015172968785918783,0.09147843084065244,2812,323.7063623038839,0.30826520919799805
2813,8752.208,1867.079999999999,6762.666666666667,100,100,1000,2.2333035985939205,6.762666666666667,2.4313864707946777,-1867.079999999999,-0.01185638562310487,29.136779248714447,0.4858025824651122,0.011647763356450014,0.08623046876164153,2813,323.7082485127865,0.30826520919799805
2814,8755.034,1905.253333333336,7078.33333333334,100,100,1011,2.0204917893908054,7.001318826244649,2.241457939147949,-1905.253333333336,-0.018556236405856907,21.98089164495468,0.472541113384068,0.023639058344997466,0.09427657828200608,2814,323.71923043313814,0.30826520919799805
2815,8757.836,1854.0333333333338,7017.666666666663,100,100,1015,1.9831412821650285,6.913957307060752,2.2105624675750732,-1854.0333333333338,-0.0178633737959899,24.553330421447754,0.5216819709166884,0.022319033880194183,0.09225852228701115,2815,323.73156864266997,0.30826520919799805
2816,8760.597,1922.9566666666665,6944.333333333333,100,100,1005,1.9891837837674946,6.909784411276949,2.198423147201538,-1922.9566666666665,-0.019142736739013344,26.288389950990677,0.5290115056559443,0.027289823185128625,0.09203559067100286,2816,323.74426114690124,0.30826520919799805
2817,8763.378,1904.2700000000007,7059.333333333332,100,100,1008,1.9861550614540835,7.003306878306877,2.2009220123291016,-1904.2700000000007,-0.015113255067262799,22.537284672260284,0.49237241595983505,0.030716888169990852,0.10530598973855376,2817,323.7565603585765,0.30826520919799805
2818,8766.148,1936.5900000000004,7063.0,100,100,1010,1.9842346541187035,6.9930693069306935,2.2037839889526367,-1936.5900000000004,-0.016189359361305833,25.97570687532425,0.4515717038884759,0.02251621438699658,0.08082031249068677,2818,323.76947290100765,0.30826520919799805
2819,8768.918,1846.4000000000015,6820.666666666669,100,100,1009,1.9668348855131312,6.759828212751902,2.182511806488037,-1846.4000000000015,-0.02178046540939249,26.45945930480957,0.4818887747824192,0.009407742130861152,0.0872827647253871,2819,323.78224607992297,0.30826520919799805
2820,8774.823,1849.6233333333312,6909.333333333331,100,100,1004,1.9834062750813035,6.881806108897741,2.1885507106781006,-1849.6233333333312,-0.014776698604691774,24.65410679578781,0.45008775778114796,0.022434232174418867,0.09144176146946847,2820,323.7947238327741,0.30826520919799805
2821,8777.644,1894.4366666666665,6969.333333333334,100,100,1012,2.007766995117024,6.886693017127801,2.2351818084716797,-1894.4366666666665,-0.011590458008868154,26.4303357899189,0.48807900957763195,0.023531821432698052,0.09547776472754776,2821,323.6900969821689,0.30826520919799805
2822,8780.411,1924.2333333333338,6861.999999999999,100,100,1001,1.9820801200592644,6.855144855144855,2.18123722076416,-1924.2333333333338,-0.017220714536961168,44.39637577533722,0.46441271528601646,0.022026970502338372,0.09981183265335858,2822,323.7020562285277,0.30826520919799805
2823,8783.19,1875.2000000000012,6893.333333333332,100,100,1010,1.9930002966545302,6.825082508250824,2.211336851119995,-1875.2000000000012,-0.011150860955240205,36.38694417476654,0.4931132020428777,0.02087803897302365,0.07921874977182597,2823,323.7146042994017,0.30826520919799805
2824,8785.9,1870.4466666666665,6764.333333333331,100,100,1000,1.9589619028847665,6.764333333333331,2.151510238647461,-1870.4466666666665,-0.018770845257677138,33.027426064014435,0.38372834119945765,0.03432480987976305,0.09287109394790605,2824,323.7285985386507,0.30826520919799805
2825,8788.626,1829.916666666666,6819.666666666665,100,100,1006,1.9586444319740575,6.77899271040424,2.1666462421417236,-1829.916666666666,-0.01749471720540896,27.650176525115967,0.40898815263062716,0.014323121205961797,0.09164826781488955,2825,323.7426591089632,0.30826520919799805
2826,8791.389,1872.0500000000002,7020.0,100,100,1008,1.9756284751883146,6.964285714285714,2.186518430709839,-1872.0500000000002,-0.013211150537244976,21.82470566034317,0.38401101995259523,0.025789713843551,0.0966796875,2826,323.75560402344473,0.30826520919799805
2827,8794.213,1850.4133333333348,6713.6666666666715,100,100,1008,1.992446625774305,6.660383597883603,2.206299304962158,-1850.4133333333348,-0.010494512011064216,38.69161593914032,0.3328076470643282,0.028712333070870955,0.09163411473855376,2827,323.76621274810503,0.30826520919799805
2828,8796.934,1905.2166666666672,6902.999999999997,100,100,1005,1.9542788059232914,6.868656716417908,2.1601102352142334,-1905.2166666666672,-0.010935425118077546,26.29548341035843,0.3448943803086877,0.03234926878121769,0.09154730918817222,2828,323.7803080811811,0.30826520919799805
2829,8799.677,1871.6566666666663,6997.333333333333,100,100,1007,1.952121349984767,6.948692485931811,2.159475564956665,-1871.6566666666663,-0.0126021428295644,32.01555025577545,0.3482928015291691,0.04009968887112336,0.09422789211384952,2829,323.7937991598363,0.30826520919799805
2830,8805.511,1897.81,6916.66666666667,100,100,1004,1.9614855577729537,6.889110225763615,2.164585828781128,-1897.81,-0.011652437620796263,28.988742887973785,0.3521727481856942,0.038284314916381845,0.11128373583778739,2830,323.807618018272,0.30826520919799805
2831,8808.279,1900.7399999999993,7061.666666666664,100,100,1013,1.9633838130475592,6.971043106284959,2.187105178833008,-1900.7399999999993,-0.014214651775546372,45.774837493896484,0.3656163401901722,0.04554535764691536,0.07455962570384145,2831,323.7065993918406,0.30826520919799805
2832,8810.982,1871.356666666668,6879.000000000004,100,100,1003,1.941695811453527,6.858424725822536,2.1421353816986084,-1871.356666666668,-0.013316934811882675,28.4579336643219,0.3485032534226775,0.05242977639863966,0.08858330291695893,2832,323.7211322935551,0.30826520919799805
2833,8813.744,1767.7366666666649,6759.666666666664,100,100,1009,1.9549536156469016,6.699372315824246,2.1648757457733154,-1767.7366666666649,-0.013036969816312194,27.291543006896973,0.3038716418668628,0.04151517584978137,0.0950952647253871,2833,323.73415327261534,0.30826520919799805
2834,8816.452,1857.3766666666677,6950.33333333333,100,100,1006,1.946029719312455,6.908880053015239,2.1513097286224365,-1857.3766666666677,-0.010915965249296278,26.562435686588287,0.3366316994652152,0.0251216999386088,0.08307150163454935,2834,323.7488240862247,0.30826520919799805
2835,8819.144,1898.680000000001,7092.333333333333,100,100,1004,1.9187524936076594,7.064077025232403,2.120152235031128,-1898.680000000001,-0.012019577086903155,27.82659375667572,0.34022390795871615,0.03979104317113524,0.09579190355725586,2835,323.76390212743644,0.30826520919799805
2836,8821.889,1824.2766666666669,6793.666666666669,100,100,1009,1.9397522300681167,6.7330690452593345,2.150212526321411,-1824.2766666666669,-0.011297258897684515,31.43160170316696,0.3575098682194948,0.04259390123479534,0.09843351412564516,2836,323.7774722330947,0.30826520919799805
2837,8824.607,1855.6933333333332,6763.333333333335,100,100,1004,1.9538522912727379,6.736387782204517,2.157982349395752,-1855.6933333333332,-0.01282909035217017,30.107011377811432,0.34251194167882204,0.04592496414989,0.09645774168893695,2837,323.79152039733805,0.30826520919799805
2838,8827.313,1910.4433333333334,6973.666666666668,100,100,1005,1.934840298484807,6.938971807628525,2.138009548187256,-1910.4433333333334,-0.00933009316213429,36.30597460269928,0.41931151133030653,0.04840865846927045,0.07879774324828759,2838,323.8061076566419,0.30826520919799805
2839,8830.025,1816.6799999999996,6743.333333333338,100,100,1009,1.9386282452124626,6.683184671291712,2.1504135131835938,-1816.6799999999996,-0.010755172494100407,26.139019072055817,0.4392533004283905,0.03182741490309127,0.0747369258897379,2839,323.8209772820234,0.30826520919799805
2840,8835.829,1867.3133333333335,6916.666666666667,100,100,1010,1.9506334638370588,6.848184818481848,2.1648430824279785,-1867.3133333333335,-0.011210691533051431,22.557368904352188,0.4816064480692148,0.022220130602363497,0.08068359363824129,2840,323.8347982138095,0.30826520919799805
2841,8838.517,1930.5866666666666,6940.999999999997,100,100,1004,1.9205978093390534,6.913346613545814,2.1264421939849854,-1930.5866666666666,-0.014743543637450784,23.72972708940506,0.41991391126066446,0.04720818570785923,0.08087713085114956,2841,323.7376665320965,0.30826520919799805
2842,8841.246,1876.983333333334,6786.333333333334,100,100,1002,1.9561223566770078,6.7727877578176985,2.1559107303619385,-1876.983333333334,-0.014982321299612522,30.925440669059753,0.39896060433238745,0.019916014025511686,0.09774925617966801,2842,323.75110137706554,0.30826520919799805
2843,8844.085,1811.5833333333335,6984.000000000001,100,100,1005,2.0482267674744428,6.949253731343284,2.25414776802063,-1811.5833333333335,-0.012129298353102058,24.709738790988922,0.39786112401634455,0.027653387260215823,0.08820529538206756,2843,323.7607844566578,0.30826520919799805
2844,8847.059,1877.2333333333322,6900.333333333333,100,100,1007,2.1627726921878287,6.852366765971532,2.3749783039093018,-1877.2333333333322,-0.016875881585292518,26.67263013124466,0.46767472196370363,0.045492304634535685,0.09422789211384952,2844,323.7657831855024,0.30826520919799805
2845,8850.319,1824.4733333333338,6940.666666666668,100,100,1006,2.435999204868462,6.899271040424123,2.648796558380127,-1824.4733333333338,-0.012971845921128988,31.455323219299316,0.45807908196002245,0.053127008155570365,0.08179772412404418,2845,323.7602009302266,0.30826520919799805
2846,8853.558,1880.0933333333332,7001.333333333332,100,100,1004,2.4318469124076243,6.9734395750332,2.642618179321289,-1880.0933333333332,-0.018361405527684838,28.903358101844788,0.5127957705408335,0.026064137564389966,0.09592507127672434,2846,323.7551606831339,0.30826520919799805
2847,8856.626,1915.230000000001,6937.000000000002,100,100,1005,2.2560485564542945,6.902487562189057,2.467860221862793,-1915.230000000001,-0.014034406223800033,22.124432802200317,0.5292323110625148,0.035153618362528505,0.06345486117061228,2847,323.7564842466284,0.30826520919799805
2848,8859.668,1918.596666666668,6891.6666666666715,100,100,1008,2.2044064454449757,6.836970899470904,2.4211390018463135,-1918.596666666668,-0.01687517249956727,29.647043347358704,0.4797159796580672,0.01702136059611803,0.06868489598855376,2848,323.75908007054755,0.30826520919799805
2849,8862.809,1941.3000000000018,6959.000000000005,100,100,1007,2.3323151952556547,6.910625620655416,2.5488245487213135,-1941.3000000000018,-0.012100193474907428,28.17698037624359,0.4568598344922066,0.030064204387599602,0.07119556178804487,2849,323.757973386289,0.30826520919799805
2850,8869.56,1745.4900000000007,6550.000000000002,100,100,1009,2.3944776017648954,6.49157581764123,2.608215570449829,-1745.4900000000007,-0.007176911807619035,25.967306196689606,0.38352107536047697,0.04539936450237292,0.10955436830408871,2850,323.7540092006343,0.30826520919799805
2851,8872.581,1830.4100000000017,6959.333333333337,100,100,1012,2.1878152161058066,6.876811594202902,2.410141944885254,-1830.4100000000017,-0.009389474522322416,30.576601028442383,0.44920152705162764,0.023916288464533864,0.0600961540476419,2851,323.62918322168633,0.30826520919799805
2852,8875.567,1897.1800000000014,6968.000000000001,100,100,1009,2.1655555007789133,6.905847373637266,2.3829543590545654,-1897.1800000000014,-0.00686165172373876,33.30400347709656,0.4212016277015209,0.08060477342951344,0.08739237883128226,2852,323.63396600090584,0.30826520919799805
2853,8878.462,1971.0966666666668,6921.666666666666,100,100,1012,2.081815316709929,6.839591567852437,2.3080997467041016,-1971.0966666666668,-0.007803888409398496,34.28089600801468,0.4293542020022869,0.06681957814726047,0.07421875023283064,2853,323.64242898013543,0.30826520919799805
2854,8881.474,1763.9766666666674,6826.333333333332,100,100,1007,2.208753425143326,6.778881165177093,2.416745901107788,-1763.9766666666674,-0.008490651205647737,25.871156752109528,0.35211539966985583,0.04476262197840697,0.06435962422983721,2854,323.6460549314328,0.30826520919799805
2855,8884.59,1784.3900000000003,6821.666666666664,100,100,1017,2.2476815176494016,6.707636840380201,2.48213791847229,-1784.3900000000003,-0.005853823844518047,30.45001792907715,0.35149323055520654,0.09454577166616218,0.05003597866743803,2855,323.6470224406152,0.30826520919799805
2856,8887.531,1768.7733333333338,6915.000000000002,100,100,1012,2.1286918957701153,6.833003952569172,2.3475282192230225,-1768.7733333333338,-0.007682094466872513,31.889358401298523,0.35838792473077774,0.0675978648578166,0.08507361798547208,2856,323.65379653409536,0.30826520919799805
2857,8890.384,1753.7466666666678,6803.666666666665,100,100,1008,2.0515661695205223,6.749669312169311,2.2588181495666504,-1753.7466666666678,-0.0032445741235278547,24.829933881759644,0.3880698112770915,0.055798039848014014,0.06494140671566129,2857,323.66330660987427,0.30826520919799805
2858,8893.35,1712.3,6631.666666666666,100,100,1009,2.1776663027777605,6.572514040303931,2.3874075412750244,-1712.3,-0.0025692586787045,33.855956733226776,0.43997242022305727,0.05053194653009996,0.07965959806460887,2858,323.6688051798316,0.30826520919799805
2859,8896.447,1759.7133333333334,6949.333333333335,100,100,1015,2.2787483742809282,6.846633825944172,2.5065300464630127,-1759.7133333333334,-0.004533253726549447,27.971915185451508,0.619180278852582,0.04347296971536707,0.11780894873663783,2859,323.67021157678545,0.30826520919799805
2860,8902.719,1900.226666666665,6912.666666666667,100,100,1006,2.2027068605940885,6.87143803843605,2.4138739109039307,-1900.226666666665,-0.007319012365769595,40.80890995264053,0.5797902559861541,0.03190193374030059,0.09810207202099264,2860,323.6723530181057,0.30826520919799805
2861,8905.827,1811.6300000000006,6848.999999999999,100,100,1011,2.2940408472067553,6.774480712166171,2.5192835330963135,-1811.6300000000006,-0.011453293496742845,27.05302494764328,0.5655297189950943,0.045195879887614865,0.06935508595779538,2861,323.5558041599151,0.30826520919799805
2862,8908.823,1770.5833333333337,6703.333333333335,100,100,1012,2.1863790504356455,6.6238471673254296,2.4086546897888184,-1770.5833333333337,-0.012700806779321283,21.510268926620483,0.4665635675191879,0.0458789191179676,0.0687725362367928,2862,323.5605784317686,0.30826520919799805
2863,8911.966,1851.2566666666658,6982.666666666666,100,100,1013,2.3112558730558916,6.8930569266205985,2.5397491455078125,-1851.2566666666658,-0.012681292719207704,19.817019820213318,0.5292900949716568,0.015724377193691907,0.05147221405059099,2863,323.56013503288455,0.30826520919799805
2864,8915.175,1778.7866666666662,6755.666666666667,100,100,1013,2.371691609916681,6.668970055939454,2.6016483306884766,-1778.7866666666662,-0.014508325839415193,22.16809594631195,0.4854832524433732,0.02980224755447125,0.06847914215177298,2864,323.5572953107548,0.30826520919799805
2865,8918.302,1824.343333333334,6732.0,100,100,1009,2.3091744316088327,6.67195242814668,2.527924060821533,-1824.343333333334,-0.010632209421601146,37.222639977931976,0.48113267682492733,0.022251389491430018,0.06260961410589516,2865,323.5569848325667,0.30826520919799805
2866,8921.29,1743.3133333333335,6764.999999999997,100,100,1015,2.1797321189717924,6.665024630541869,2.4069604873657227,-1743.3133333333335,-0.013490592129528522,21.06230828166008,0.49383390694856644,0.015064962346514221,0.055735085159540176,2866,323.5624067779581,0.30826520919799805
2867,8924.37,1905.3700000000003,6843.333333333333,100,100,1012,2.2605084985533264,6.762187088274045,2.486146926879883,-1905.3700000000003,-0.009880607103696093,26.52940809726715,0.5524900602176785,0.0269866410526447,0.0770357574801892,2867,323.56414527429325,0.30826520919799805
2868,8927.639,1736.0533333333324,6622.000000000001,100,100,1016,2.4420177165508696,6.517716535433072,2.681192398071289,-1736.0533333333324,-0.013804529968183488,25.103979170322418,0.5199476946145296,0.011601296224398538,0.05922154034487903,2868,323.55947057950567,0.30826520919799805
2869,8930.869,1779.1366666666665,6777.000000000001,100,100,1016,2.393226573627816,6.670275590551182,2.6288373470306396,-1779.1366666666665,-0.008268644916824996,21.169683903455734,0.481997299939394,0.008394352400500793,0.057268415577709675,2869,323.5561862758302,0.30826520919799805
2870,8936.817,1870.5033333333338,6921.333333333333,100,100,1016,2.0881293274601553,6.812335958005249,2.320661783218384,-1870.5033333333338,-0.013806573755573481,19.244254738092422,0.57146524079144,0.025250705439248122,0.07735770125873387,2870,323.5653800433362,0.30826520919799805
2871,8939.544,1861.996666666668,7182.666666666669,100,100,1011,1.9439810071265808,7.104516979887902,2.1587557792663574,-1861.996666666668,-0.01516014855587855,28.204032599925995,0.5471451180055737,0.021055218454421265,0.06716260756365955,2871,323.46896422883987,0.30826520919799805
2872,8942.33,1900.499999999999,7056.66666666667,100,100,1013,1.980018261971774,6.966107272128993,2.2051548957824707,-1900.499999999999,-0.019191802362911403,28.311184525489807,0.5266620172187686,0.026598866366839502,0.09038730850443244,2872,323.48146014217014,0.30826520919799805
2873,8945.079,1764.5066666666646,6915.3333333333285,100,100,1008,1.9705273819180014,6.8604497354497305,2.1787517070770264,-1764.5066666666646,-0.01858903613174334,22.951246738433838,0.5295403087511659,0.01813632998164394,0.05940755212213844,2873,323.49474783942344,0.30826520919799805
2874,8947.839,1832.5499999999988,6903.999999999998,100,100,1010,1.971060494744763,6.835643564356434,2.183255434036255,-1832.5499999999988,-0.01893592899432406,18.44574362039566,0.5576859824359417,0.00934733661415521,0.06484374962747097,2874,323.50782968329,0.30826520919799805
2875,8950.569,1856.3033333333326,6892.666666666665,100,100,1008,1.9542661697385715,6.837962962962961,2.1642463207244873,-1856.3033333333326,-0.01593808684265241,23.297193825244904,0.6064532520249486,0.005181122140129446,0.07828776049427688,2875,323.5218157110037,0.30826520919799805
2876,8953.308,1804.309999999997,6769.66666666666,100,100,1011,1.9521921846378156,6.69601055060995,2.1664772033691406,-1804.309999999997,-0.014970055490266532,20.87238284945488,0.515379904769361,0.01033980354986852,0.0660615810775198,2876,323.5357360827759,0.30826520919799805
2877,8956.062,1858.9866666666674,6877.333333333333,100,100,1013,1.9701928924723195,6.7890753537347805,2.1927945613861084,-1858.9866666666674,-0.020033783745020628,20.400493294000626,0.5554977152496576,0.016260653916106094,0.07769199600443244,2877,323.54933598365443,0.30826520919799805
2878,8958.854,1841.9566666666678,6841.000000000001,100,100,1015,1.98261664854592,6.739901477832513,2.211235761642456,-1841.9566666666678,-0.016098460415378213,22.011011332273483,0.5664444845169783,0.01133705688698683,0.07428977271774784,2878,323.56181407504033,0.30826520919799805
2879,8961.583,1910.956666666666,6952.666666666664,100,100,1005,1.9459092538961353,6.918076285240462,2.150010347366333,-1910.956666666666,-0.017404695507138968,27.113613426685333,0.558354614302516,0.010574525469564833,0.0776150175370276,2879,323.57540634188405,0.30826520919799805
2880,8968.051,1876.4499999999991,6949.666666666664,100,100,1011,2.2287913945869247,6.874052093636661,2.451418161392212,-1876.4499999999991,-0.015214888378977776,23.580152928829193,0.5437981085851789,0.01142480439011706,0.08071001863572747,2880,323.57815343093733,0.30826520919799805
2881,8971.062,1862.2399999999993,6957.666666666664,100,100,1005,2.1949082580557215,6.923051409618571,2.3986425399780273,-1862.2399999999993,-0.01512387942057103,30.169283628463745,0.5472604362294078,0.01646436422743136,0.0736328128259629,2881,323.4582980471802,0.30826520919799805
2882,8974.063,1806.253333333333,6807.666666666669,100,100,1010,2.167655841106235,6.7402640264026425,2.3877036571502686,-1806.253333333333,-0.01918420777656138,26.93988960981369,0.5141587136313319,0.015257386618031887,0.06039062491618097,2882,323.46264468519416,0.30826520919799805
2883,8977.241,1878.6199999999997,6782.333333333329,100,100,1005,2.3616070643678975,6.748590381426198,2.5736658573150635,-1878.6199999999997,-0.01980534801259637,39.6670241355896,0.5064158942550421,0.0022421804314944893,0.0795681425370276,2883,323.4600757029639,0.30826520919799805
2884,8980.264,1962.583333333333,7064.666666666666,100,100,1005,2.209025870461888,7.029519071310116,2.4203474521636963,-1962.583333333333,-0.019456250010989606,31.25128185749054,0.5364973833784461,0.017373329268593807,0.0815212675370276,2884,323.46309640146694,0.30826520919799805
2885,8983.259,1699.3600000000004,6794.333333333337,100,100,1009,2.2008934569830303,6.7337297654443375,2.4136879444122314,-1699.3600000000004,-0.020221583370584995,26.270634710788727,0.4666729513555765,0.019092308226390742,0.09993821731768548,2885,323.4675573376175,0.30826520919799805
2886,8986.478,1811.5300000000018,6755.333333333333,100,100,1013,2.40201846055635,6.668641000329055,2.629857301712036,-1811.5300000000018,-0.020143565023317933,21.01653289794922,0.5033649019896984,0.013899465131544275,0.08656397415325046,2886,323.46443246358984,0.30826520919799805
2887,8989.69,1827.029999999999,6811.333333333337,100,100,1012,2.353315217247446,6.730566534914364,2.581014394760132,-1827.029999999999,-0.017661869758740067,32.39334672689438,0.5325698386877775,0.009796668418857735,0.09063251246698201,2887,323.4614491530724,0.30826520919799805
2888,8992.73,1877.1466666666674,6832.0,100,100,1006,2.2302462231501137,6.791252485089463,2.4440348148345947,-1877.1466666666674,-0.0185040911892429,38.0290669798851,0.5366118215024471,0.01383956678546383,0.0665548574179411,2888,323.46396037450785,0.30826520919799805
2889,8995.488,1717.4600000000005,6682.333333333334,100,100,1007,1.9877434958118387,6.635882158225754,2.192392587661743,-1717.4600000000005,-0.02057960641104728,29.554203927516937,0.4631109917536378,0.013560846215113997,0.0895216919016093,2889,323.4767624925144,0.30826520919799805
2890,9001.384,1899.7533333333329,6956.999999999998,100,100,1011,1.978733331912946,6.881305637982194,2.1995222568511963,-1899.7533333333329,-0.013562172331148759,32.83241242170334,0.5060706967487931,0.013695358818949899,0.09036075393669307,2890,323.48914876965745,0.30826520919799805
2891,9004.263,1842.6133333333337,6840.999999999999,100,100,1005,2.046953732106112,6.806965174129353,2.256803512573242,-1842.6133333333337,-0.01769285777118057,22.60818675160408,0.4889091718941927,0.009114534957916476,0.08167317719198763,2891,323.3853936141796,0.30826520919799805
2892,9007.05,1889.5833333333328,6722.333333333337,100,100,1004,2.0168195207291597,6.695551128818065,2.222230911254883,-1889.5833333333328,-0.014180053607560694,30.10712105035782,0.5006539346650243,0.011826605754322372,0.07985617918893695,2892,323.3967734368962,0.30826520919799805
2893,9009.837,1758.6800000000005,6721.666666666667,100,100,1003,2.0022879360226966,6.7015619807244935,2.198559284210205,-1758.6800000000005,-0.018681666493648663,20.85316714644432,0.4516370389610529,0.019845668473863043,0.08589207846671343,2893,323.4080946034892,0.30826520919799805
2894,9012.647,1848.5066666666662,6832.666666666669,100,100,1015,1.9875304433952998,6.731691297208541,2.2158684730529785,-1848.5066666666662,-0.016653673141263425,29.255065143108368,0.456701023504138,0.021568826865404844,0.07615411910228431,2894,323.4198453018412,0.30826520919799805
2895,9015.446,1984.7533333333338,7150.666666666665,100,100,1013,1.9912080940866783,7.058900954261269,2.218749523162842,-1984.7533333333338,-0.01797814352903515,29.870560944080353,0.49125737603753805,0.009473023284954252,0.07466096710413694,2895,323.43180843101857,0.30826520919799805
2896,9018.279,1878.0166666666657,6917.999999999999,100,100,1014,2.0163300794115773,6.822485207100591,2.2452199459075928,-1878.0166666666657,-0.013193487655371428,29.369617462158203,0.4965934492647648,0.022523827625263948,0.0796079282881692,2896,323.4426533528642,0.30826520919799805
2897,9021.07,1817.4333333333336,6777.6666666666715,100,100,1005,2.0150173123027035,6.743946932006638,2.218327283859253,-1817.4333333333336,-0.014514976792270318,18.903952479362488,0.49384565092623234,0.021675534018868348,0.07175564259523526,2897,323.4539957162958,0.30826520919799805
2898,9023.89,1896.303333333334,7054.666666666666,100,100,1009,2.0175305280762443,6.9917409976874785,2.2339696884155273,-1896.303333333334,-0.014887850556988269,30.792334616184235,0.5079621216282248,0.005988559143588645,0.08491111290641129,2898,323.4646974995661,0.30826520919799805
2899,9026.681,1846.5300000000002,6905.999999999999,100,100,1008,2.0048758952826677,6.851190476190475,2.2192180156707764,-1846.5300000000002,-0.01214947015978396,24.76516592502594,0.4910785360261798,0.013506042192602763,0.07682291697710752,2899,323.47635778878146,0.30826520919799805
2900,9032.598,1937.7466666666678,6980.333333333334,100,100,1008,1.994195536156887,6.924933862433863,2.2098774909973145,-1937.7466666666678,-0.01773641409818083,27.48602992296219,0.5048784883692861,0.014941603503757506,0.08447265659924597,2900,323.48838381944864,0.30826520919799805
2901,9035.374,1818.2566666666673,6855.333333333339,100,100,1005,1.9769366161054491,6.821227197346606,2.1821625232696533,-1818.2566666666673,-0.015511775462073274,18.78054592013359,0.45970109943300486,0.013614038132800488,0.0633789065759629,2901,323.387930386194,0.30826520919799805
2902,9038.14,1875.1733333333332,6841.333333333329,100,100,1009,1.9754224966351235,6.780310538486947,2.1908493041992188,-1875.1733333333332,-0.018700057873502374,29.980392575263977,0.4871136248111725,0.01552089030155912,0.07980907196179032,2902,323.4006123356366,0.30826520919799805
2903,9040.914,1888.420000000001,6857.666666666666,100,100,1012,1.9670577062728258,6.776350461133069,2.1889522075653076,-1888.420000000001,-0.017928692395798862,25.529558062553406,0.47115448769181967,0.015570960342301987,0.08251953148283064,2903,323.4133236825397,0.30826520919799805
2904,9043.705,1920.6299999999994,7035.666666666669,100,100,1011,1.9893429280534152,6.959116386416092,2.2115087509155273,-1920.6299999999994,-0.01771089294925332,23.347803235054016,0.47838822565972805,0.013271519452246139,0.0730219823308289,2904,323.42530689645713,0.30826520919799805
2905,9046.489,1835.8366666666668,6798.666666666665,100,100,1007,1.9928688219727166,6.751406818934126,2.204346179962158,-1835.8366666666668,-0.01724461035337299,21.42517977952957,0.45825537480413914,0.013481716177921044,0.0651076294016093,2905,323.43708915373867,0.30826520919799805
2906,9049.347,1857.5133333333342,6775.333333333337,100,100,1004,2.032403983973501,6.748339973439578,2.2398438453674316,-1857.5133333333342,-0.01915551832644269,19.128558039665222,0.48280707746744156,0.002937799899427773,0.09548117918893695,2906,323.4458965549371,0.30826520919799805
2907,9052.123,1844.820000000001,6783.333333333332,100,100,1009,1.9879260655848827,6.7228278823918055,2.201249599456787,-1844.820000000001,-0.01896643708460033,23.90699791908264,0.450134196318686,0.021721335899201222,0.10418327478691936,2907,323.45816347820556,0.30826520919799805
2908,9054.849,1876.1733333333334,6884.333333333334,100,100,1008,1.923859223704009,6.829695767195767,2.1373062133789062,-1876.1733333333334,-0.014719435072038323,24.138276249170303,0.4393085325136781,0.017896720517455833,0.07112630212213844,2908,323.4721219746502,0.30826520919799805
2909,9057.567,1907.93,6885.999999999997,100,100,1008,1.9400286715060089,6.831349206349204,2.152255058288574,-1907.93,-0.017930095746123698,26.899707078933716,0.4523739041760564,0.022727446681528818,0.08447265659924597,2909,323.4863259107848,0.30826520919799805
2910,9063.361,1891.6933333333345,6990.0,100,100,1010,1.9177326729687134,6.920792079207921,2.1354892253875732,-1891.6933333333345,-0.01711651630466804,29.30637162923813,0.45947430096566677,0.020060199516592547,0.08019531250465661,2910,323.5008727388337,0.30826520919799805
2911,9066.069,1838.7933333333356,6868.666666666672,100,100,1011,1.9183674605902281,6.793933399274652,2.1339001655578613,-1838.7933333333356,-0.01522856391966343,21.097397089004517,0.41901044687256217,0.03204684966476634,0.0918351721484214,2911,323.40587676451236,0.30826520919799805
2912,9068.806,1911.2,7060.666666666671,100,100,1011,1.9392409492247211,6.983844378503136,2.158892869949341,-1911.2,-0.016989508585538715,19.88540056347847,0.4510824289172888,0.030020899463124806,0.08462584263179451,2912,323.4197403317607,0.30826520919799805
2913,9071.536,1807.6766666666656,6859.999999999998,100,100,1016,1.941623524272279,6.751968503937006,2.1661086082458496,-1807.6766666666656,-0.016335709136910737,34.93356776237488,0.41536908131092787,0.015712400316260755,0.07491629477590322,2913,323.43443021554424,0.30826520919799805
2914,9074.271,1836.3433333333323,6905.666666666669,100,100,1013,1.9317072076559332,6.817045080618627,2.1518614292144775,-1836.3433333333323,-0.016438397811725736,23.738076895475388,0.42588603869080544,0.017479273017670494,0.07934109680354595,2914,323.44856055019756,0.30826520919799805
2915,9076.979,1861.9333333333304,6984.999999999998,100,100,1008,1.922273709963534,6.92956349206349,2.133805513381958,-1861.9333333333304,-0.012669602001551539,21.31877762079239,0.48703263606876135,0.018655745199794183,0.0751953125,2915,323.46314001010177,0.30826520919799805
2916,9079.725,1927.2366666666671,7136.000000000002,100,100,1009,1.9486854324759721,7.072348860257683,2.164191246032715,-1927.2366666666671,-0.016630149460979737,25.532195419073105,0.40137621480971575,0.04270256058953237,0.09832389978691936,2916,323.47641424704653,0.30826520919799805
2917,9082.433,1926.3900000000008,7144.333333333338,100,100,1013,1.9210503428120824,7.052648897663709,2.144660234451294,-1926.3900000000008,-0.012563297234009951,26.664725840091705,0.4949686573818326,0.02762524233548902,0.07484522415325046,2917,323.491520089003,0.30826520919799805
2918,9085.426,1900.3300000000006,6880.333333333332,100,100,1012,2.169630238892172,6.798748353096178,2.3949244022369385,-1900.3300000000006,-0.01656946260482073,22.298336416482925,0.4231002042070031,0.024927166290581226,0.0858248199801892,2918,323.4963299580465,0.30826520919799805
2919,9088.505,1846.4599999999998,6900.666666666665,100,100,1009,2.257713480488876,6.839114634952097,2.4751172065734863,-1846.4599999999998,-0.015283397398889065,27.608483970165253,0.39540072437375784,0.022135416882520076,0.09129862888948992,2919,323.4977684490123,0.30826520919799805
2920,9095.122,1907.4066666666652,6833.999999999996,100,100,1006,2.376280021534355,6.793240556660036,2.5903708934783936,-1907.4066666666652,-0.015876230085268617,27.623917520046234,0.42216540314257145,0.014543514113029232,0.07428243913454935,2920,323.494637671999,0.30826520919799805
2921,9098.138,1868.6900000000016,7049.666666666672,100,100,1011,2.1855623125532526,6.972964061984839,2.40817928314209,-1868.6900000000016,-0.019287459726911038,16.38851410150528,0.4499363787472248,0.016435395740700187,0.08095894637517631,2921,323.3769320252847,0.30826520919799805
2922,9101.158,1913.1199999999997,7044.666666666667,100,100,1006,2.177878331567048,7.0026507620941025,2.391170024871826,-1913.1199999999997,-0.02072454133303836,19.53750589489937,0.45800659991800785,0.03481489294426865,0.07916525134351104,2922,323.38018456735466,0.30826520919799805
2923,9104.363,1897.1500000000008,7003.333333333335,100,100,1009,2.3710079291767125,6.940865543442354,2.5917775630950928,-1897.1500000000008,-0.018765867222100496,20.778281956911087,0.45520476065576077,0.010464088940352667,0.07195671240333468,2923,323.3771546201663,0.30826520919799805
2924,9107.432,1735.9966666666658,6726.666666666665,100,100,1006,2.2714780319563554,6.686547382372431,2.4797441959381104,-1735.9966666666658,-0.015686590981204063,32.07809507846832,0.4342475663870573,0.05157778623106424,0.0740701425820589,2924,323.37865246869774,0.30826520919799805
2925,9110.55,1839.0266666666669,6675.666666666667,100,100,1011,2.263829277636728,6.603033300362678,2.4874982833862305,-1839.0266666666669,-0.016560436692088842,29.178442537784576,0.49328192975372076,0.06332220925105503,0.09707222750876099,2925,323.3789339207002,0.30826520919799805
2926,9113.555,1881.5733333333328,6923.000000000001,100,100,1012,2.184308697115225,6.840909090909092,2.409156560897827,-1881.5733333333328,-0.014420595485717058,22.205248832702637,0.5317884897813201,0.011846288238302805,0.06986177910584956,2926,323.3833554320986,0.30826520919799805
2927,9116.352,1812.52,6999.333333333334,100,100,1017,1.9770420832704156,6.882333661094724,2.2093656063079834,-1812.52,-0.012091127835446969,18.897106021642685,0.43500866182148457,0.056244746381707955,0.06767406803555787,2927,323.39567995347306,0.30826520919799805
2928,9119.132,1938.5800000000008,7000.333333333336,100,100,1007,1.9896582912102474,6.951671631909966,2.203172206878662,-1938.5800000000008,-0.020221564918756485,27.60402226448059,0.4479746064171195,0.02179367094504414,0.07602642918936908,2928,323.4075204836675,0.30826520919799805
2929,9121.962,1946.2166666666674,7128.000000000005,100,100,1010,1.9930800992423798,7.057425742574262,2.2125868797302246,-1946.2166666666674,-0.01692045188974589,25.00682508945465,0.5167527664452791,0.037304097870219266,0.08708984358236194,2929,323.4179280223292,0.30826520919799805
2930,9127.945,1959.5366666666669,7088.999999999999,100,100,1015,1.9875406906962982,6.984236453201969,2.220134735107422,-1959.5366666666669,-0.015847005182877183,25.576781153678894,0.5181909836828709,0.015236790546623524,0.06598011334426701,2930,323.4294356607624,0.30826520919799805
2931,9130.722,1841.9333333333332,6719.0,100,100,1014,1.9604240615780537,6.626232741617357,2.18394136428833,-1841.9333333333332,-0.015772173785080668,21.361516416072845,0.4975219266489148,0.016035821914556436,0.05638744216412306,2931,323.32984633850367,0.30826520919799805
2932,9133.484,1945.746666666667,6966.666666666667,100,100,1010,1.9703673285266181,6.897689768976898,2.1886842250823975,-1945.746666666667,-0.018029275233857334,34.69546318054199,0.543067348189652,0.02407718809627113,0.05740234372206032,2932,323.3426745708544,0.30826520919799805
2933,9136.281,1837.6200000000013,6959.333333333337,100,100,1014,1.9789429977802555,6.863247863247866,2.2040181159973145,-1837.6200000000013,-0.01576485892292112,25.396636188030243,0.5666571781039238,0.020543492697470356,0.06770833348855376,2933,323.35466901215926,0.30826520919799805
2934,9139.084,1906.1133333333332,6938.333333333335,100,100,1011,2.008095646874001,6.862842070557206,2.2337779998779297,-1906.1133333333332,-0.01760274008847773,22.473127722740173,0.48336140625178814,0.017312433785264147,0.06995825679041445,2934,323.36609298648517,0.30826520919799805
2935,9141.876,1854.6400000000003,6805.666666666667,100,100,1011,1.9895323439575843,6.731618859215299,2.207125186920166,-1854.6400000000003,-0.012413725977239665,29.810330748558044,0.5071200327947736,0.03966090911853826,0.06788066803710535,2935,323.37794323138024,0.30826520919799805
2936,9144.624,1834.0999999999995,7028.333333333333,100,100,1013,1.9538827227366038,6.938137545245146,2.1773252487182617,-1834.0999999999995,-0.014963309396989644,35.20642697811127,0.5242963200435042,0.019486091685394058,0.049924454651772976,2936,323.3915280930546,0.30826520919799805
2937,9147.38,1865.7033333333354,6962.666666666673,100,100,1009,1.954567987297369,6.900561612157258,2.168879270553589,-1865.7033333333354,-0.013571417075581849,22.966461688280106,0.4852117896080017,0.020633606021874584,0.08870774833485484,2937,323.404394045168,0.30826520919799805
2938,9150.147,1864.3366666666648,6831.666666666663,100,100,1009,1.9889608508057162,6.770730095804423,2.200016498565674,-1864.3366666666648,-0.01372966911731055,24.83003741502762,0.4920423571020365,0.04703713616618188,0.06286870205076411,2938,323.4168804116729,0.30826520919799805
2939,9152.949,1846.6366666666654,6855.333333333333,100,100,1016,1.9864276584098481,6.747375328083989,2.216188430786133,-1846.6366666666654,-0.017531855366542004,27.372308433055878,0.463326932862401,0.02635858116991585,0.0634068085346371,2939,323.42886536545217,0.30826520919799805
2940,9158.811,1837.5600000000009,6814.333333333334,100,100,1008,1.9582977162956792,6.760251322751324,2.1693685054779053,-1837.5600000000009,-0.011452918814029545,29.239297926425934,0.46293114963918924,0.007858616729208734,0.05973307293606922,2940,323.44158739985625,0.30826520919799805
2941,9161.564,1846.71,6836.333333333333,100,100,1010,1.9626491096811276,6.768646864686469,2.177896499633789,-1846.71,-0.013871115632355213,20.58871966600418,0.5076163941994309,0.028780414526409004,0.07322265615221113,2941,323.34501931505906,0.30826520919799805
2942,9164.321,1784.0233333333329,6879.333333333336,100,100,1013,1.960967124052721,6.791049687397172,2.1764957904815674,-1784.0233333333329,-0.01343099694349803,19.719483077526093,0.44246985018253326,0.036099416043725796,0.07806051010265946,2942,323.35827142531474,0.30826520919799805
2943,9167.071,1850.9033333333348,6800.333333333336,100,100,1010,1.9662895064690324,6.733003300330036,2.1833860874176025,-1850.9033333333348,-0.01706605718936771,31.020683139562607,0.5430048713460565,0.016128151095472276,0.06443359353579581,2943,323.3714362576533,0.30826520919799805
2944,9169.819,1862.1966666666665,7091.333333333331,100,100,1007,1.9571344584805563,7.042039059913933,2.1644487380981445,-1862.1966666666665,-0.012270248145796359,28.70252788066864,0.4853849234059453,0.05769915838027373,0.07930934149771929,2944,323.38436910793905,0.30826520919799805
2945,9172.605,1866.0466666666669,6746.666666666665,100,100,1012,1.975541996604877,6.666666666666665,2.1959190368652344,-1866.0466666666669,-0.015460366266779602,19.41810581088066,0.5419910727068782,0.02160504996936652,0.07256610604235902,2945,323.3964453382725,0.30826520919799805
2946,9175.316,1922.6566666666652,6873.000000000002,100,100,1004,1.9288836660436854,6.84561752988048,2.1327221393585205,-1922.6566666666652,-0.017245725553948432,33.614626824855804,0.6211605966091156,0.0317337208907702,0.06405362230725586,2946,323.410336932384,0.30826520919799805
2947,9178.028,1893.5499999999984,6854.999999999999,100,100,1005,1.9406023892847386,6.820895522388059,2.1460728645324707,-1893.5499999999984,-0.019458167342236266,28.963060081005096,0.5927074505016208,0.03542155037212069,0.06031901063397527,2947,323.42428475733215,0.30826520919799805
2948,9180.729,1892.833333333332,7153.666666666667,100,100,1005,1.9151970137151617,7.118076285240464,2.1206414699554443,-1892.833333333332,-0.0158911622420419,29.84739488363266,0.651562855578959,0.011959339810346137,0.06289062515133992,2948,323.43858910023204,0.30826520919799805
2949,9183.505,1896.3400000000004,6947.33333333333,100,100,1008,1.9618666687858335,6.892195767195764,2.175370216369629,-1896.3400000000004,-0.01076914177974686,28.276412844657898,0.5050189457833767,0.01361549449939048,0.07568359375,2949,323.4505646350605,0.30826520919799805
2950,9189.264,1883.11,6980.333333333336,100,100,1012,1.9274002935906702,6.897562582345193,2.1482961177825928,-1883.11,-0.01742084082798101,19.905876845121384,0.5771865658462048,0.02991314625251107,0.07500751211773604,2950,323.4646236965109,0.30826520919799805
2951,9191.973,1835.0400000000002,6833.333333333331,100,100,1007,1.9276137001324138,6.785832505792782,2.1369855403900146,-1835.0400000000002,-0.019555074686650187,37.58472430706024,0.6421213652938604,0.013116887548676459,0.06772564782295376,2951,323.372265669458,0.30826520919799805
2952,9194.702,1847.0599999999997,6943.333333333334,100,100,1011,1.9332684459520317,6.867787668974613,2.1507341861724854,-1847.0599999999997,-0.01562779484083876,31.29531455039978,0.5684968307614326,0.03477313085386413,0.06508501875214279,2952,323.38625006699596,0.30826520919799805
2953,9197.44,1826.45,6919.999999999997,100,100,1007,1.958241214552134,6.871896722939422,2.167147159576416,-1826.45,-0.015392438450362533,18.515875160694122,0.5576637526974082,0.008805296063655987,0.06861909903818741,2953,323.39945739905534,0.30826520919799805
2954,9200.152,1745.2600000000002,6730.0,100,100,1006,1.9272419461558312,6.68986083499006,2.131989002227783,-1745.2600000000002,-0.015229885408189148,23.631764590740204,0.5196225345134735,0.007806524801708292,0.06462296209065244,2954,323.41345245635233,0.30826520919799805
2955,9202.92,1890.9233333333334,6838.666666666671,100,100,1010,1.9589749477241225,6.770957095709575,2.174912214279175,-1890.9233333333334,-0.016749068163335323,26.17455530166626,0.5878551946952939,0.01763789326651022,0.06039062491618097,2955,323.42594293794957,0.30826520919799805
2956,9205.985,1875.8633333333337,6843.000000000002,100,100,1004,2.244236950129011,6.815737051792831,2.4522294998168945,-1875.8633333333337,-0.012982633896172047,28.514344036579132,0.5840153275057673,0.011689114850014448,0.07674893480725586,2956,323.427310171366,0.30826520919799805
2957,9209.272,1933.2300000000012,7048.33333333333,100,100,1001,2.4587591415965235,7.041292041292039,2.661827802658081,-1933.2300000000012,-0.0203449540422298,25.238711655139923,0.5860297987237573,0.01859063355368562,0.05947503796778619,2957,323.4205571628754,0.30826520919799805
2958,9212.472,1837.490000000001,6897.333333333334,100,100,1006,2.377544827139001,6.856196156394964,2.591097831726074,-1837.490000000001,-0.007204147492302582,25.950308978557587,0.5297106988728046,0.04997191236179788,0.06666100560687482,2958,323.41741493918136,0.30826520919799805
2959,9215.457,1858.403333333332,6911.666666666664,100,100,1004,2.177515140325536,6.8841301460823345,2.381178379058838,-1858.403333333332,-0.015869622235186398,22.350662231445312,0.5116826361045241,0.029731445960351266,0.057927911868318915,2959,323.4216015095619,0.30826520919799805
2960,9222.281,1874.6666666666672,6978.666666666668,100,100,1012,2.2316732239797195,6.895915678524376,2.4581429958343506,-1874.6666666666672,-0.017175491724628955,27.46590554714203,0.5752683682367206,0.012179556157207116,0.06764573347754776,2960,323.42377958293827,0.30826520919799805
2961,9225.608,1870.3866666666656,6813.666666666667,100,100,1006,2.5070166981604993,6.773028495692512,2.723947286605835,-1870.3866666666656,-0.01136891875648871,28.263157963752747,0.5434681605547667,0.02238908439176157,0.06307319970801473,2961,323.2844927602329,0.30826520919799805
2962,9228.637,1799.4300000000012,6738.33333333333,100,100,1012,2.1996746019629594,6.658432147562579,2.422192096710205,-1799.4300000000012,-0.016857008449733257,33.00995111465454,0.566784511320293,0.015356564112153137,0.07061298098415136,2962,323.2880573052689,0.30826520919799805
2963,9231.678,1850.179999999999,6957.333333333335,100,100,1012,2.205425395083654,6.87483530961792,2.4311203956604004,-1850.179999999999,-0.018607226404128596,29.240546762943268,0.5776810776442289,0.02317578140718979,0.05694110598415136,2963,323.2911704738188,0.30826520919799805
2964,9234.65,1897.0333333333328,6955.000000000002,100,100,1009,2.1676545074519704,6.892963330029734,2.3858156204223633,-1897.0333333333328,-0.01075048593338579,35.21097540855408,0.5299982698634267,0.04417266571545042,0.05738799413666129,2964,323.29637635241386,0.30826520919799805
2965,9237.553,1895.7466666666662,6907.333333333333,100,100,1013,2.075362487660256,6.818690358670615,2.299448251724243,-1895.7466666666662,-0.013950418237072881,26.742937088012695,0.5826312769204378,0.028820472545703524,0.06174454605206847,2965,323.30446824716523,0.30826520919799805
2966,9240.598,1899.9633333333338,6846.0,100,100,1007,2.230753326652592,6.798411122144985,2.4443907737731934,-1899.9633333333338,-0.012418087280821055,25.438172042369843,0.5580423837527633,0.020641055431042332,0.05539394938386977,2966,323.3068894015595,0.30826520919799805
2967,9243.732,1910.1100000000004,6817.666666666667,100,100,1007,2.3075985077624286,6.77027474346243,2.526845693588257,-1910.1100000000004,-0.012168130502686836,32.254781007766724,0.6035325955599546,0.0256493934939499,0.06200132961384952,2967,323.3062082000401,0.30826520919799805
2968,9246.645,1878.676666666666,7036.666666666663,100,100,1019,2.087821686316841,6.905462872096824,2.326892375946045,-1878.676666666666,-0.013707112986594439,23.88297727704048,0.5745468474924564,0.01839250250486657,0.05754270375473425,2968,323.3145828295211,0.30826520919799805
2969,9249.59,1811.8499999999992,6783.666666666664,100,100,1013,2.1021100693600214,6.696610727212897,2.324866533279419,-1811.8499999999992,-0.016711912991013378,22.591382443904877,0.5197754614055157,0.02163290105818305,0.07785782730206847,2969,323.3211922754663,0.30826520919799805
2970,9256.074,1823.053333333332,6827.999999999995,100,100,1007,2.214066933261558,6.780536246276063,2.4235177040100098,-1823.053333333332,-0.018858011317206547,33.57265192270279,0.5688921930268407,0.017042179661075352,0.09555767918936908,2970,323.32387249345317,0.30826520919799805
2971,9259.051,1867.7900000000002,6976.333333333336,100,100,1009,2.152078195772253,6.914106375949788,2.3718619346618652,-1867.7900000000002,-0.013879136757168453,24.545373409986496,0.4979182854294777,0.03658622497096076,0.055395009578205645,2971,323.20850959946057,0.30826520919799805
2972,9261.959,1849.6266666666663,6885.666666666665,100,100,1006,2.1069742553815556,6.844599072233265,2.315889835357666,-1849.6266666666663,-0.01880326122045517,21.242142111063004,0.5794506371021271,0.017951017449377105,0.06500509509351104,2972,323.2156493082813,0.30826520919799805
2973,9264.968,1974.5600000000004,7150.999999999996,100,100,1006,2.1850173978392355,7.1083499005964175,2.399550199508667,-1974.5600000000004,-0.014894744468620047,31.529956340789795,0.604992188513279,0.017378327524056658,0.07048233709065244,2973,323.2192539460123,0.30826520919799805
2974,9268.073,1735.9833333333333,6557.000000000003,100,100,1009,2.2305206120396317,6.498513379583749,2.4443905353546143,-1735.9833333333333,-0.0204485182184726,23.523499220609665,0.5078630978241563,0.04362074870005017,0.08074577478691936,2974,323.2198488775689,0.30826520919799805
2975,9271.338,1931.0266666666678,7114.000000000002,100,100,1015,2.409570049632139,7.008866995073894,2.6486358642578125,-1931.0266666666678,-0.014704205037560314,30.130991876125336,0.5608366373926401,0.02358739096962381,0.0599698152509518,2975,323.21548898502544,0.30826520919799805
2976,9274.553,1843.766666666667,6885.0,100,100,1010,2.370127326910301,6.816831683168317,2.594420909881592,-1843.766666666667,-0.011296426295302808,25.2856165766716,0.5403372934088111,0.031345659866929054,0.05152343737427145,2976,323.2123512832876,0.30826520919799805
2977,9277.66,1770.4100000000012,6726.333333333331,100,100,1005,2.284916715849358,6.692868988391374,2.49190354347229,-1770.4100000000012,-0.01673363579902798,22.29938644170761,0.5050193620845675,0.053246559109538794,0.055512152845039964,2977,323.2124283498493,0.30826520919799805
2978,9280.687,1923.3733333333325,7044.999999999997,100,100,1011,2.195894859112158,6.968348170128583,2.4202523231506348,-1923.3733333333325,-0.014775338233448565,27.9013754427433,0.49600084964185953,0.01939704177493695,0.06484566512517631,2978,323.21593354872675,0.30826520919799805
2979,9283.862,1893.6366666666665,6986.666666666668,100,100,1013,2.3422141152370615,6.897005593945378,2.571784496307373,-1893.6366666666665,-0.008414176001679152,29.561790585517883,0.5222060373052955,0.05054137598199304,0.07523216400295496,2979,323.2145212040538,0.30826520919799805
2980,9290.6,1870.3200000000004,6834.333333333334,100,100,1010,2.3874200979653413,6.7666666666666675,2.612835645675659,-1870.3200000000004,-0.014134474564343691,22.58366596698761,0.5062844380736351,0.029931887849670602,0.06568359350785613,2980,323.211625460579,0.30826520919799805
2981,9293.557,1913.503333333334,6926.333333333333,100,100,1008,2.147284722129356,6.8713624338624335,2.3650217056274414,-1913.503333333334,-0.014904676761943847,26.08772286772728,0.48411799035966396,0.029484971946658334,0.06510416674427688,2981,323.094472003535,0.30826520919799805
2982,9296.303,1863.5133333333338,6951.000000000001,100,100,1005,1.9534439767076082,6.916417910447762,2.159308910369873,-1863.5133333333338,-0.01472747977823019,26.536804854869843,0.4716408485546708,0.03337481756170746,0.05194227449828759,2982,323.1071678016286,0.30826520919799805
2983,9299.062,1935.0600000000006,6981.333333333335,100,100,1008,1.9548083336779936,6.925925925925927,2.168527364730835,-1935.0600000000006,-0.010058948071673512,26.668205976486206,0.4760594079270959,0.030283870652056066,0.06998697924427688,2983,323.11970030539607,0.30826520919799805
2984,9301.838,1897.9133333333345,6978.666666666668,100,100,1006,1.9512569590121744,6.937044400265077,2.1598458290100098,-1897.9133333333345,-0.01570766029180959,22.748674631118774,0.4399868305772543,0.07028508921212051,0.07409137242939323,2984,323.1313955093612,0.30826520919799805
2985,9304.605,1923.6099999999997,7056.000000000001,100,100,1007,1.9782469714247246,7.006951340615691,2.1922500133514404,-1923.6099999999997,-0.017010225623380393,24.289998769760132,0.5616596918553114,0.015549301511782687,0.055435505229979753,2985,323.14353253841347,0.30826520919799805
2986,9307.378,1746.9433333333352,6774.333333333335,100,100,1015,1.9627685687307435,6.674220032840724,2.186530351638794,-1746.9433333333352,-0.020040290371980518,21.650541990995407,0.5558462096378207,0.016145230722031556,0.0764737215358764,2986,323.15631822951167,0.30826520919799805
2987,9310.125,1868.7633333333322,6864.666666666666,100,100,1010,1.9550932673875723,6.796699669966996,2.1725692749023438,-1868.7633333333322,-0.01729063072707504,23.80385684967041,0.49193638656288385,0.022715903374773916,0.07496093725785613,2987,323.16950133226715,0.30826520919799805
2988,9312.874,1890.31,6878.666666666667,100,100,1014,1.9364452646922181,6.7836949375410915,2.16337513923645,-1890.31,-0.014060308343687211,24.058899730443954,0.46464876271784306,0.023130242225306574,0.0879087095381692,2988,323.1829363055313,0.30826520919799805
2989,9315.617,1875.713333333334,6763.999999999999,100,100,1007,1.9587277044711382,6.716981132075471,2.1693596839904785,-1875.713333333334,-0.013700726791284978,26.762924313545227,0.48188026808202267,0.01608918500278378,0.06990733032580465,2989,323.19588433914475,0.30826520919799805
2990,9321.426,1871.3166666666668,6929.333333333331,100,100,1004,1.9532148419012987,6.90172642762284,2.157461166381836,-1871.3166666666668,-0.013987770187668502,23.382793843746185,0.537996300496161,0.013390144307777518,0.07523970189504325,2990,323.20849930768765,0.30826520919799805
2991,9324.382,1760.2733333333338,6874.000000000001,100,100,1013,2.1200696920501647,6.7857847976308,2.343773603439331,-1760.2733333333338,-0.01131287420867011,28.216775119304657,0.44111117254942656,0.0203391053219093,0.07006375305354595,2991,323.1083814511206,0.30826520919799805
2992,9327.43,1814.8600000000006,6575.999999999999,100,100,1004,2.2459890439724215,6.5498007968127485,2.4562435150146484,-1814.8600000000006,-0.017246209987206385,27.147645473480225,0.503081395290792,0.031563280208501965,0.07324218796566129,2992,323.1104310896304,0.30826520919799805
2993,9330.532,1895.4333333333334,7043.333333333336,100,100,1007,2.2727816252134065,6.994372724263491,2.487278461456299,-1895.4333333333334,-0.02202689554542303,22.636988520622253,0.4653856856748462,0.028220030308148125,0.07305518595967442,2993,323.1109764037236,0.30826520919799805
2994,9333.687,1798.8633333333325,6732.000000000001,100,100,1010,2.3285959419646844,6.665346534653466,2.5519280433654785,-1798.8633333333325,-0.01573005528189242,17.273611783981323,0.43678238708525896,0.029229626605228987,0.08074218721594661,2994,323.10994397484615,0.30826520919799805
2995,9336.76,1828.0633333333346,6907.999999999999,100,100,1007,2.266354917718769,6.859980139026812,2.4792661666870117,-1828.0633333333346,-0.021304945752490312,20.92742070555687,0.46917891316115856,0.05097818473223015,0.0729201294016093,2995,323.11145524331357,0.30826520919799805
2996,9339.835,1873.263333333333,6982.333333333335,100,100,1013,2.2457307997561426,6.8927278710102025,2.47432541847229,-1873.263333333333,-0.01475456720800139,23.556797564029694,0.5336053241044283,0.017596751556993695,0.07327903900295496,2996,323.11352036485636,0.30826520919799805
2997,9342.879,1854.626666666666,6810.666666666666,100,100,1012,2.2177938737707734,6.729907773386033,2.442650556564331,-1854.626666666666,-0.021168481674976647,29.761602342128754,0.5221439255401492,0.014675709331640974,0.08105468773283064,2997,323.11656899623836,0.30826520919799805
2998,9346.071,1862.8300000000008,6992.000000000002,100,100,1005,2.3894988059469346,6.95721393034826,2.600071430206299,-1862.8300000000008,-0.020798533805646002,29.0550816655159,0.5382318664342165,0.019110355591692496,0.06659071194007993,2998,323.11372847863527,0.30826520919799805
2999,9349.135,1817.15,6805.6666666666715,100,100,1011,2.2465287830724825,6.7316188592153035,2.473736524581909,-1817.15,-0.014385117799974978,20.26792797446251,0.5192893864586949,0.03781777113363205,0.06362017488572747,2999,323.11600287962847,0.30826520919799805
3000,9355.287,1755.6533333333325,6690.666666666671,100,100,1008,2.1616661714875907,6.637566137566141,2.3749191761016846,-1755.6533333333325,-0.014075516490265727,21.321095407009125,0.4973434330895543,0.0323451954027405,0.0712890625,3000,323.1207206584985,0.30826520919799805
