step,wall_clock_s,mean_flow_time,makespan,n_completed,n_orders,n_decisions,decision_time_ms,sim_time_per_decision,solve_wall_clock_s,reward_sum,policy_loss,value_loss,entropy,approx_kl,clip_fraction,episode,sps,gpu_mem_gb
1,2.942,2227.209999999999,7334.000000000002,100,100,1003,2.0499225339786347,7.312063808574279,2.269718885421753,-2227.209999999999,-0.030323718645377085,1578.1767196655273,1.417246788740158,0.006210738363733981,0.10755813925061375,1,340.94745677724427,0.30826520919799805
2,5.548,2179.4800000000023,7227.333333333336,100,100,1002,2.0375640709891902,7.212907518296742,2.252472162246704,-2179.4800000000023,-0.04488686192780733,1499.3168182373047,1.3593403846025467,0.026397624678793363,0.2220749636180699,2,361.39244897826757,0.30826520919799805
3,8.164,2229.7500000000005,7541.0,100,100,1007,2.0167432952479873,7.488579940417081,2.2400994300842285,-2229.7500000000005,-0.037213009083643556,1594.9539527893066,1.3517991192638874,0.026120973569049966,0.21299451449885964,3,368.9629236650498,0.30826520919799805
4,10.815,2312.58,7839.6666666666615,100,100,1009,2.0532799792144636,7.769739015526919,2.284745216369629,-2312.58,-0.03884217428276315,1666.0772399902344,1.3072013966739178,0.027785062193288468,0.23011001199483871,4,371.78286190265226,0.30826520919799805
5,13.482,2201.836666666667,7579.333333333336,100,100,1008,2.069956249980596,7.519179894179897,2.2956066131591797,-2201.836666666667,-0.03785487706772983,1498.603858947754,1.2764565385878086,0.004644539483706467,0.22249348973855376,5,373.0048804694624,0.30826520919799805
6,16.096,2188.886666666666,7585.0,100,100,1008,2.0127014891292516,7.524801587301587,2.240575075149536,-2188.886666666666,-0.04061026812996715,1504.8025550842285,1.2813411951065063,0.02246710298641119,0.22607422014698386,6,375.07113398604554,0.30826520919799805
7,18.716,2320.733333333332,7614.999999999997,100,100,1004,2.0293302805509894,7.58466135458167,2.2505810260772705,-2320.733333333332,-0.032239986350759864,1721.7519264221191,1.173247441649437,0.03036930377857061,0.22110262839123607,7,376.2030313826617,0.30826520919799805
8,21.355,2300.3600000000015,7497.999999999999,100,100,1008,2.0387828348219275,7.438492063492062,2.271754026412964,-2300.3600000000015,-0.033230927656404674,1641.5634078979492,1.118543617427349,0.020909307881083805,0.2247721361927688,8,376.9116979732684,0.30826520919799805
9,23.916,2330.0766666666677,7710.666666666667,100,100,1001,1.9737318675447773,7.702963702963704,2.1854500770568848,-2330.0766666666677,-0.034253937599714845,1710.1870574951172,1.084084702655673,0.0284514181985287,0.2907774383202195,9,378.4054724449015,0.30826520919799805
10,29.639,2165.066666666666,7400.0,100,100,1003,1.974567796028445,7.377866400797608,2.1852734088897705,-2165.066666666666,-0.027141318772919476,1459.482650756836,1.0353591479361057,0.016640488349366933,0.23544240556657314,10,379.84023048986995,0.30826520919799805
11,32.254,2224.0800000000004,7312.333333333332,100,100,1006,2.0184752491541635,7.268721007289595,2.240878105163574,-2224.0800000000004,-0.021231584949418902,1563.827766418457,1.0238368678838015,0.016546559832931962,0.2721212632022798,11,342.8770889911028,0.30826520919799805
12,34.858,2252.93,7642.0,100,100,1005,2.003627063692617,7.603980099502488,2.2228169441223145,-2252.93,-0.036701036093290895,1555.830711364746,0.9742578938603401,0.028009800786094274,0.24251302098855376,12,346.09321834466675,0.30826520919799805
13,37.434,2168.95,7431.666666666667,100,100,1008,1.9833884926767842,7.372685185185185,2.2037134170532227,-2168.95,-0.02168069826439023,1434.7400817871094,0.9422406833618879,0.029703756095841527,0.23486328218132257,13,349.19863190520994,0.30826520919799805
14,40.025,2286.670000000001,7681.000000000002,100,100,1008,1.9956850177665715,7.6200396825396846,2.2202701568603516,-2286.670000000001,-0.02244904759572819,1590.5183944702148,0.9067666362971067,0.025124312902335078,0.23258463572710752,14,351.78393150097503,0.30826520919799805
15,42.581,2199.376666666667,7471.666666666666,100,100,999,1.9846828781428176,7.479145812479145,2.1864235401153564,-2199.376666666667,-0.009683682408649474,1507.6582336425781,0.8400054182857275,0.018866914775571786,0.21440554922446609,15,354.12183070351057,0.30826520919799805
16,45.193,2349.4999999999986,7516.000000000002,100,100,1007,2.0053246282337023,7.4637537239324745,2.2329723834991455,-2349.4999999999986,-0.015228609699988738,1644.1680946350098,0.8020285330712795,0.05165831444901414,0.23834358295425773,16,355.94296665632174,0.30826520919799805
17,47.804,2200.5499999999993,7500.666666666668,100,100,1009,2.010842320500948,7.433762801453586,2.2384676933288574,-2200.5499999999993,-0.006084866414312273,1465.4549255371094,0.7696749363094568,0.04775270562095102,0.2185008767992258,17,357.6161164280682,0.30826520919799805
18,50.373,2263.42,7449.000000000005,100,100,1003,1.9826120591340801,7.426719840478569,2.1993587017059326,-2263.42,-0.003386834927368909,1557.1056480407715,0.6413846714422107,0.07915845986281056,0.20373819069936872,18,359.278221016689,0.30826520919799805
19,52.897,2205.273333333333,7407.000000000002,100,100,1006,1.9409070573710128,7.362823061630221,2.1570992469787598,-2205.273333333333,-0.010131503455340862,1462.3791122436523,0.6707124076783657,0.06166125775780529,0.2179645043797791,19,361.15434637815275,0.30826520919799805
20,58.476,2314.353333333334,7593.666666666671,100,100,1006,1.931871371075259,7.548376408217367,2.1503326892852783,-2314.353333333334,-0.001997550658416003,1665.7266578674316,0.7204464133828878,0.07573209058318753,0.22271993895992637,20,362.90798797031476,0.30826520919799805
21,61.014,2183.3433333333323,7476.0,100,100,999,1.9625583586671778,7.483483483483483,2.1671528816223145,-2183.3433333333323,-0.009952592372428626,1426.3941116333008,0.6608945559710264,0.08933914604131132,0.2317332741804421,21,345.96776478740003,0.30826520919799805
22,63.524,2247.579999999999,7617.333333333334,100,100,1006,1.9209306166603584,7.571901921802519,2.1406846046447754,-2247.579999999999,-0.005183311062864959,1488.184139251709,0.6780507164075971,0.09749399119755253,0.21248726267367601,22,348.1373504629345,0.30826520919799805
23,66.104,2300.333333333333,7552.666666666665,100,100,1008,1.9323195422960755,7.492724867724866,2.1545825004577637,-2300.333333333333,-0.013380724645685405,1535.9856338500977,0.665101544931531,0.06831281308404868,0.20231119822710752,23,349.8049367473987,0.30826520919799805
24,68.648,2350.6800000000017,7659.333333333332,100,100,1011,1.9424221549564502,7.575997362347509,2.1743905544281006,-2350.6800000000017,-0.005864912294782698,1595.2005729675293,0.6045040916651487,0.15930731289699906,0.1919424026273191,24,351.561489427057,0.30826520919799805
25,71.167,2240.4900000000025,7500.333333333336,100,100,1004,1.937328982171584,7.470451527224438,2.1506950855255127,-2240.4900000000025,-0.000520208035595715,1457.9341354370117,0.598587291315198,0.12351938788197003,0.19659978756681085,25,353.2237140490854,0.30826520919799805
26,73.698,2187.7766666666657,7517.999999999996,100,100,1011,1.9304139491697565,7.436201780415427,2.1569719314575195,-2187.7766666666657,-0.004116414580494165,1372.2075481414795,0.6259111985564232,0.13478730869246647,0.212230009958148,26,354.8168304295627,0.30826520919799805
27,76.263,2175.9733333333347,7375.000000000003,100,100,1007,1.968369015992842,7.323733862959288,2.1873393058776855,-2175.9733333333347,-0.013321348582394421,1354.3400650024414,0.6906058331951499,0.11566447039149352,0.2068754150532186,27,356.082390724393,0.30826520919799805
28,78.814,2260.429999999999,7613.999999999997,100,100,1010,1.942191089130016,7.5386138613861355,2.1697158813476562,-2260.429999999999,-0.014720200560986996,1438.4629974365234,0.5717528965324163,0.08723422201001085,0.18019531201571226,28,357.3739090170095,0.30826520919799805
29,81.393,2272.8533333333335,7554.999999999998,100,100,1010,1.9557809911317903,7.480198019801978,2.185542583465576,-2272.8533333333335,-0.003993763879407197,1419.840560913086,0.5793359205126762,0.14621606581204105,0.18218749994412065,29,358.4607291584825,0.30826520919799805
30,87.883,2249.13,7329.999999999999,100,100,1009,2.4093700721915314,7.264618434093161,2.6410889625549316,-2249.13,-0.006228864134754986,1379.8122520446777,0.6634095208719373,0.1121579696336994,0.20573580963537097,30,357.5884130286503,0.30826520919799805
31,90.646,2302.0299999999993,7483.666666666663,100,100,1002,2.161402494633596,7.468729208250163,2.3740313053131104,-2302.0299999999993,-0.0037146119866520166,1484.7376098632812,0.675182037986815,0.15570946139632724,0.2297014514915645,31,344.0516698764591,0.30826520919799805
32,93.712,2166.703333333333,7247.999999999999,100,100,1009,2.4411985133769964,7.183349851337957,2.6720144748687744,-2166.703333333333,-0.003201242827344686,1236.5133571624756,0.5864655869081616,0.22351651944336481,0.23713528318330646,32,343.5644598973812,0.30826520919799805
33,96.637,2340.74,7615.666666666669,100,100,1006,2.2973209764404783,7.5702451954937064,2.5236551761627197,-2340.74,-0.002941033089882694,1436.1245384216309,0.7644403949379921,0.1603124210232636,0.2000042460858822,33,343.57492239276974,0.30826520919799805
34,99.496,2208.5099999999998,7409.666666666665,100,100,1007,2.24146633681794,7.358159549817939,2.4647371768951416,-2208.5099999999998,-0.007042156939860433,1253.2921810150146,0.7356624882668257,0.23957104705186794,0.2112699463032186,34,343.8234586270219,0.30826520919799805
35,102.36,2206.1400000000012,7415.333333333336,100,100,1005,2.2578115403578054,7.378441127694861,2.4790244102478027,-2206.1400000000012,-0.003946229466237128,1230.2255744934082,0.7456576703116298,0.29573036247165874,0.20311414962634444,35,344.0222498103284,0.30826520919799805
36,105.308,2249.2900000000004,7410.666666666667,100,100,1003,2.335928016734994,7.388501163177136,2.553370475769043,-2249.2900000000004,0.0019772757950704545,1316.4183654785156,0.7448530662804842,0.18315882570459507,0.16884311381727457,36,343.9165920141073,0.30826520919799805
37,108.074,2235.0066666666667,7468.333333333333,100,100,1003,2.1582071798002107,7.445995347291459,2.3767764568328857,-2235.0066666666667,0.011692805273924023,1213.0282611846924,0.6106743551790714,0.34569388258387335,0.141760537866503,37,344.39272511730053,0.30826520919799805
38,110.863,2280.4033333333336,7553.000000000001,100,100,1008,2.1760399799354166,7.493055555555556,2.402646064758301,-2280.4033333333336,0.005506971821887419,1262.2840614318848,0.6324576837942004,0.13286758083995664,0.13704427098855376,38,344.8219121196402,0.30826520919799805
39,113.477,2320.9700000000016,7667.333333333334,100,100,1008,2.014839186957697,7.606481481481482,2.2420027256011963,-2320.9700000000016,0.015494827646762133,1296.1991443634033,0.586549305357039,0.9940599240362644,0.16097005270421505,39,345.765138916359,0.30826520919799805
40,119.281,2418.389999999999,7786.666666666667,100,100,1005,2.0275323341290155,7.747927031509121,2.2529349327087402,-2418.389999999999,-0.010226688056718558,1405.5418128967285,0.7698501814156771,0.15820888307644054,0.18275824678130448,40,346.59637889338353,0.30826520919799805
41,121.908,2097.5366666666664,7231.333333333333,100,100,1005,2.0239899485182034,7.19535655058043,2.241443395614624,-2097.5366666666664,0.0042396633652970195,983.75341796875,0.6735263802111149,0.5299755587620893,0.18039279570803046,41,338.33952851095756,0.30826520919799805
42,124.498,2202.2466666666655,7368.666666666664,100,100,1007,1.9979694127100551,7.317444554783182,2.218877077102661,-2202.2466666666655,0.004135692375712097,1114.553331375122,0.6676929229870439,0.5739099606580567,0.1883207275532186,42,339.38893858753454,0.30826520919799805
43,127.126,2283.6266666666675,7593.000000000002,100,100,1011,2.011066371861488,7.51038575667656,2.242659091949463,-2283.6266666666675,-0.004375609918497503,1172.1627826690674,0.6798183489590883,0.22874516654701438,0.13493796018883586,43,340.3245055447761,0.30826520919799805
44,129.717,2296.253333333335,7467.333333333333,100,100,1008,1.9975544655896975,7.408068783068782,2.223876714706421,-2296.253333333335,-0.01101934292819351,1167.8351726531982,0.8102514818310738,0.1663554068945814,0.1606445317156613,44,341.2957648118225,0.30826520919799805
45,132.345,2214.8800000000033,7470.333333333339,100,100,1008,2.015034527941016,7.411044973544979,2.2408790588378906,-2214.8800000000033,-0.00917073548771441,1059.774326324463,0.7258244203403592,0.17667021867237054,0.12467447947710752,45,342.136088577462,0.30826520919799805
46,134.972,2268.5666666666675,7571.333333333331,100,100,1002,2.0353647723641553,7.556220891550231,2.2448930740356445,-2268.5666666666675,-0.01018920133356005,1135.7511157989502,0.7135969586670399,0.14180749881779775,0.11704799137078226,46,342.9009208910731,0.30826520919799805
47,137.619,2242.4800000000014,7437.333333333335,100,100,1008,2.045692261451641,7.37830687830688,2.274433135986328,-2242.4800000000014,-0.002933600451797247,1043.536190032959,0.7516326773911715,0.20721733527898323,0.10774739598855376,47,343.6288403392119,0.30826520919799805
48,140.197,2272.8933333333325,7534.000000000001,100,100,1007,1.97942522430724,7.481628599801391,2.2069571018218994,-2272.8933333333325,0.0140995365800336,1055.8041324615479,0.6948989126831293,0.4410135477373842,0.1129591919016093,48,344.49331493374115,0.30826520919799805
49,142.782,2297.9833333333327,7477.33333333333,100,100,1007,1.9919784504239555,7.425355842436276,2.216550588607788,-2297.9833333333327,-0.006308520212769508,1132.7230472564697,0.7040065350010991,0.1643590871244669,0.12551944772712886,49,345.3090076757913,0.30826520919799805
50,148.513,2336.996666666668,7559.000000000001,100,100,1010,1.9540993074914164,7.484158415841585,2.1838159561157227,-2336.996666666668,0.01486315275542438,1135.5904693603516,0.7034537317231297,0.3172036283649504,0.14605468744412065,50,346.1647894904953,0.30826520919799805
51,151.082,2280.2066666666647,7583.666666666661,100,100,1008,1.963610715479479,7.52347883597883,2.190873384475708,-2280.2066666666647,-0.0009636528266128153,1021.4832363128662,0.8155963737517595,0.1264752926217625,0.130859375,51,339.6972093952744,0.30826520919799805
52,153.665,2394.613333333331,7706.666666666667,100,100,1005,1.9865364174529985,7.66832504145937,2.2078933715820312,-2394.613333333331,0.0010418909369036555,1139.2120323181152,0.8900815472006798,0.16893234268354718,0.18638237891718745,52,340.52957985854715,0.30826520919799805
53,156.223,2246.6799999999994,7490.333333333334,100,100,1006,1.966558551419504,7.445659377070909,2.1861584186553955,-2246.6799999999994,-0.0021230169950285926,916.6265869140625,0.7812605630606413,0.22624700012238463,0.11557404918130487,53,341.390975196858,0.30826520919799805
54,158.812,2266.913333333334,7529.666666666665,100,100,1007,1.9804178766005458,7.477325388944057,2.203299045562744,-2266.913333333334,-0.004845374613068998,930.520938873291,0.8211430851370096,0.22316532670811284,0.11206574086099863,54,342.165644072926,0.30826520919799805
55,161.378,2268.5833333333344,7535.333333333332,100,100,1006,1.9736755483091306,7.490390987408879,2.1937432289123535,-2268.5833333333344,-0.0069262145552784204,922.9619388580322,0.7928810250014067,0.1809221971925581,0.1289062504656613,55,342.9585071336672,0.30826520919799805
56,163.933,2320.706666666667,7586.999999999999,100,100,1005,1.9615602984199698,7.549253731343283,2.181960344314575,-2320.706666666667,0.007033444766420871,956.3013134002686,0.757959607988596,0.1380440971115604,0.12814670149236917,56,343.74487128159876,0.30826520919799805
57,166.531,2166.6833333333348,7668.333333333329,100,100,1006,1.9996864813755806,7.622597746852216,2.218447208404541,-2166.6833333333348,0.0016709311166778207,769.7594547271729,0.73509830981493,0.2182738953997614,0.12173063884256408,57,344.4216109903684,0.30826520919799805
58,169.105,2367.2666666666673,7607.0,100,100,1007,1.975320655664812,7.554121151936445,2.203155755996704,-2367.2666666666673,-0.006265702191740274,958.1228713989258,0.7883350700139999,0.1690549760533031,0.12151969713158906,58,345.13375603335345,0.30826520919799805
59,171.663,2184.7200000000007,7443.666666666667,100,100,1005,1.9692839793999917,7.4066334991708125,2.1847801208496094,-2184.7200000000007,-0.0028459208260755986,774.2002239227295,0.7038515573367476,0.3372932497150032,0.09108072920935228,59,345.84523465234065,0.30826520919799805
60,177.249,2231.3799999999997,7483.333333333334,100,100,1002,1.932312973994323,7.4683965402528285,2.1395275592803955,-2231.3799999999997,-0.0016280629206448793,802.6757678985596,0.7302272561937571,0.22826550767058507,0.0767764137708582,60,346.6138121424717,0.30826520919799805
61,179.775,2189.2133333333327,7439.666666666667,100,100,1002,1.9283815349327649,7.424817032601464,2.1364424228668213,-2189.2133333333327,-0.0034254865313414484,766.436918258667,0.7852010168135166,0.23563430360445636,0.11981491860933602,61,341.3897640516779,0.30826520919799805
62,182.331,2252.233333333332,7641.0,100,100,1001,1.965524876591648,7.6333666333666335,2.1752729415893555,-2252.233333333332,0.003926830569980666,796.8834810256958,0.7087582815438509,0.4488290004810551,0.07738662324845791,62,342.0922336554989,0.30826520919799805
63,184.859,2308.7433333333333,7565.333333333334,100,100,1011,1.9248979231554546,7.483020112100231,2.155466318130493,-2308.7433333333333,-0.0030868840985931456,816.3622283935547,0.720128221437335,0.4240360234398395,0.08193550887517631,63,342.88381467155335,0.30826520919799805
64,187.366,2197.2500000000014,7332.666666666668,100,100,1004,1.9259524889488842,7.303452855245685,2.138158082962036,-2197.2500000000014,-0.00141683139372617,688.8083152770996,0.7056426461786032,0.17919431632617489,0.06911399192176759,64,343.65298786725856,0.30826520919799805
65,189.874,2225.3866666666654,7581.666666666668,100,100,1001,1.9278214795730793,7.5740925740925755,2.1344988346099854,-2225.3866666666654,0.0001913313171826303,719.0688419342041,0.6528356811031699,0.39928235158731695,0.0963343174662441,65,344.38677049253937,0.30826520919799805
66,192.402,2221.633333333332,7570.333333333334,100,100,1011,1.9296446085551018,7.48796571051764,2.157613515853882,-2221.633333333332,-0.00825779273873195,708.633487701416,0.6928878081962466,0.17066862418141682,0.12724034977145493,66,345.1175251604202,0.30826520919799805
67,194.909,2307.7233333333334,7551.33333333333,100,100,1004,1.9199572711351858,7.521248339973437,2.1324315071105957,-2307.7233333333334,0.0008151137153618038,760.6510429382324,0.7971252258867025,0.15532536775572225,0.09232954564504325,67,345.82787683127486,0.30826520919799805
68,197.447,2239.9766666666656,7514.666666666667,100,100,1010,1.9364714868007098,7.440264026402641,2.163360595703125,-2239.9766666666656,-0.005152525787707418,678.8890247344971,0.7859037648886442,0.2935692226164974,0.11509765591472387,68,346.4988299378377,0.30826520919799805
69,199.973,2249.2133333333336,7493.666666666668,100,100,1007,1.926621450495082,7.441575637206224,2.147785186767578,-2249.2133333333336,-0.008654693374410272,622.8743324279785,0.7018216084688902,0.24841835784900468,0.16377160837873816,69,347.15773279774294,0.30826520919799805
70,206.543,2188.6200000000003,7406.666666666666,100,100,1003,2.2610131588951123,7.384513127284811,2.4767916202545166,-2188.6200000000003,-0.002749144332483411,583.209264755249,0.6648158170282841,0.5893916961795185,0.139784702565521,70,347.17989915530063,0.30826520919799805
71,209.394,2250.060000000001,7452.666666666665,100,100,1005,2.224644676050106,7.415588723051408,2.444485902786255,-2250.060000000001,-0.009635112655814737,650.5202617645264,0.6869468195363879,0.1631150940520456,0.08591579867061228,71,341.12830388811807,0.30826520919799805
72,212.247,2203.876666666666,7359.333333333335,100,100,1003,2.2185117660688305,7.337321369225658,2.4385271072387695,-2203.876666666666,-0.0015433206572197378,593.447587966919,0.6731869392096996,0.17125270988617558,0.110987463966012,72,341.26765921450675,0.30826520919799805
73,215.351,2228.3466666666673,7539.333333333333,100,100,998,2.4783736475573512,7.55444221776887,2.6835365295410156,-2228.3466666666673,-0.007567264314275235,588.9411668777466,0.6848449185490608,0.20274959819653304,0.10994037834461778,73,340.9824432821249,0.30826520919799805
74,218.456,2322.5700000000006,7635.333333333333,100,100,1004,2.483854481469899,7.604913678618858,2.706049919128418,-2322.5700000000006,-0.006120768201071769,658.344274520874,0.7326690638437867,0.1005301967379637,0.12207031343132257,74,340.7326681248225,0.30826520919799805
75,221.296,2242.116666666669,7444.66666666667,100,100,999,2.232247847715044,7.452118785452122,2.4397799968719482,-2242.116666666669,-0.012088561023119837,537.3593835830688,0.7948112804442644,0.09561726052197628,0.12746644648723304,75,340.8733736521816,0.30826520919799805
76,224.153,2276.203333333334,7578.333333333333,100,100,1007,2.234860177243419,7.525653757034094,2.4627678394317627,-2276.203333333334,-0.0031524418736808,573.9180736541748,0.7743283156305552,0.5403259118902497,0.12347282213158906,76,341.0211540861215,0.30826520919799805
77,227.245,2362.2799999999993,7689.999999999999,100,100,1006,2.4537948298334675,7.644135188866798,2.687589645385742,-2362.2799999999993,0.002817857777699828,616.3509330749512,0.7735014278441668,0.9282061036792584,0.12032948387786746,77,340.8077905990308,0.30826520919799805
78,230.32,2211.976666666668,7407.333333333336,100,100,1000,2.4452289978507906,7.4073333333333355,2.652919054031372,-2211.976666666668,-0.01417177653638646,486.2825412750244,0.6951940059661865,0.22472519087023102,0.10429687501164153,78,340.600459687991,0.30826520919799805
79,233.279,2247.813333333333,7354.333333333334,100,100,1000,2.353432299452834,7.354333333333334,2.5659234523773193,-2247.813333333333,-0.010345764399971813,474.18522930145264,0.7200320195406675,0.25387659907573834,0.11708984384313226,79,340.5660705558411,0.30826520919799805
80,239.692,2319.1633333333343,7641.000000000001,100,100,1004,2.3897036828195297,7.610557768924304,2.6139962673187256,-2319.1633333333343,2.951221540570259e-05,499.1304473876953,0.8021979685872793,0.2802463845873717,0.15269886422902346,80,340.4771996804319,0.30826520919799805
81,242.543,2307.626666666669,7480.333333333333,100,100,1001,2.2372765200013496,7.472860472860472,2.4541709423065186,-2307.626666666669,-0.008569589990656823,492.38764095306396,0.7903265189379454,0.14306696319545154,0.1024676060769707,81,335.82562289904615,0.30826520919799805
82,245.563,2249.15,7386.666666666671,100,100,1002,2.4040043919845417,7.371922821024621,2.6229379177093506,-2249.15,0.005516241333680227,437.8569145202637,0.7928583770990372,0.47480971620825585,0.0985398069024086,82,335.77566680373576,0.30826520919799805
83,248.567,2229.59,7395.000000000001,100,100,1007,2.3863412105259156,7.3435948361469725,2.6146504878997803,-2229.59,-0.009335171460406855,422.88969898223877,0.6943403771147132,0.29778578398691025,0.1444273602683097,83,335.76889963258225,0.30826520919799805
84,251.359,2227.6899999999982,7400.666666666665,100,100,1006,2.1846554671167944,7.356527501656725,2.406041145324707,-2227.6899999999982,-0.0014361342473421246,389.33733081817627,0.7418159674853086,0.7154582114308141,0.10551120922900736,84,336.0412429921802,0.30826520919799805
85,254.128,2223.706666666668,7472.3333333333385,100,100,1009,2.151655598462359,7.405682193591019,2.3777289390563965,-2223.706666666668,-0.0038835424929857254,379.05870628356934,0.6778410719707608,0.20873553080309648,0.06794084823923185,85,336.35153472143224,0.30826520919799805
86,257.144,2198.9666666666676,7454.666666666667,100,100,1004,2.393720518130683,7.424966799468792,2.6155447959899902,-2198.9666666666676,-0.009231545904185623,362.9927673339844,0.6960559841245413,0.2688389402173925,0.08638139232061803,86,336.30921470908476,0.30826520919799805
87,260.208,2238.1466666666647,7484.333333333331,100,100,1004,2.445808663872438,7.454515272244354,2.664766788482666,-2238.1466666666647,0.0033980929874815047,370.66716289520264,0.7774129183962941,0.225974516106362,0.06556285521946847,87,336.2077436095021,0.30826520919799805
88,263.255,2284.9333333333334,7543.333333333333,100,100,1005,2.4057851748689267,7.505804311774461,2.628925323486328,-2284.9333333333334,-0.0034751806961139664,367.19908905029297,0.7279620282351971,0.3114290808880469,0.1014648440759629,88,336.1346452030295,0.30826520919799805
89,266.337,2161.293333333332,7300.999999999995,100,100,1002,2.450222553807997,7.286427145708578,2.666714668273926,-2161.293333333332,-0.011640335898846388,287.0108714103699,0.7807614933699369,0.16948034026427194,0.08389136951882392,89,336.00693371255136,0.30826520919799805
90,272.752,2301.786666666667,7622.000000000003,100,100,1005,2.3055561190350584,7.5840796019900525,2.5280137062072754,-2301.786666666667,-0.0025660477112978697,348.21055364608765,0.7742311451584101,0.3523143785132561,0.08589409734122455,90,336.07836879015815,0.30826520919799805
91,275.813,2316.7533333333326,7490.000000000006,100,100,1003,2.4166379876273236,7.467597208374881,2.636302947998047,-2316.7533333333326,-0.0023270426027011126,374.16018295288086,0.7298655332997441,0.20614899671636522,0.08588072331622243,91,331.7423464112656,0.30826520919799805
92,278.893,2366.889999999999,7613.666666666666,100,100,1003,2.4561147538179964,7.590893984712529,2.677079677581787,-2366.889999999999,-0.011082988930866122,365.64665031433105,0.7967985514551401,0.10763392952503636,0.07588799064978957,92,331.67582488607997,0.30826520919799805
93,281.843,2380.753333333333,7802.333333333338,100,100,1006,2.316199998842519,7.755798542080853,2.5453484058380127,-2380.753333333333,0.0017589903436601162,346.63718605041504,0.7998397070914507,0.3432056273741182,0.09045940916985273,93,331.7735846985518,0.30826520919799805
94,284.733,2276.2899999999995,7641.333333333336,100,100,1004,2.265902989788864,7.61088977423639,2.4848430156707764,-2276.2899999999995,-0.0072970164474099874,334.2987370491028,0.7791461925953627,0.17233059581485577,0.11141690379008651,94,331.9334037921772,0.30826520919799805
95,287.793,2282.92,7448.6666666666715,100,100,1006,2.408308349410905,7.404241219350568,2.639798402786255,-2282.92,-0.005179559288080782,282.7078742980957,0.7311195135116577,0.3846616547962185,0.11060631810687482,95,331.89785399268936,0.30826520919799805
96,290.831,2260.4866666666667,7443.0000000000055,100,100,1010,2.395230989631192,7.3693069306930745,2.6341447830200195,-2260.4866666666667,0.0001532253809273243,260.3312363624573,0.7000196930021048,0.477923339989502,0.08437499986030161,96,331.90399200929966,0.30826520919799805
97,293.39,2413.293333333333,7720.666666666666,100,100,1003,1.9628126590892465,7.697573944832169,2.180638551712036,-2413.293333333333,-0.01127338467631489,358.34873390197754,0.7156795468181372,0.47486824248335324,0.095373819116503,97,332.42832365597656,0.30826520919799805
98,295.94,2273.043333333333,7612.999999999998,100,100,1006,1.9572120306598648,7.5675944333996,2.1761631965637207,-2273.043333333333,-0.0021257538464851677,266.2800521850586,0.6902192989364266,1.3552839954645606,0.09997027856297791,98,332.9629490883699,0.30826520919799805
99,298.491,2219.8633333333323,7450.000000000005,100,100,1006,1.9561954290017294,7.405566600397619,2.175584316253662,-2219.8633333333323,-0.012211151712108403,198.86201763153076,0.6749639417976141,0.29322734523157123,0.09544836962595582,99,333.48690276697164,0.30826520919799805
100,304.276,2317.513333333334,7576.666666666665,100,100,1007,2.023536047311879,7.523998675935119,2.253148078918457,-2317.513333333334,-0.0037931054830551147,255.83090734481812,0.7085462659597397,0.3371114289620891,0.08876329776830971,100,333.90990543280674,0.30826520919799805
101,306.827,2212.7766666666666,7438.0000000000055,100,100,1001,1.9571157882909302,7.430569430569436,2.1681690216064453,-2212.7766666666666,0.01276416820473969,205.21817874908447,0.6306537296622992,0.7727165307151154,0.09584603644907475,101,330.97201573248697,0.30826520919799805
102,309.376,2099.8033333333337,7194.666666666668,100,100,1005,1.9549593053739611,7.158872305140963,2.168783187866211,-2099.8033333333337,-0.004044639179483056,153.7909128665924,0.5783836198970675,0.9607454735451029,0.09008246543817222,102,331.49331371088783,0.30826520919799805
103,311.925,2353.5800000000004,7603.333333333329,100,100,1008,1.9465052569608412,7.542989417989414,2.1744179725646973,-2353.5800000000004,0.0006818617694079876,258.7519359588623,0.5809753052890301,0.7206829857277626,0.0791015625,103,332.01619518842375,0.30826520919799805
104,314.478,2236.4066666666677,7465.33333333333,100,100,1007,1.9533728907632066,7.413439258523665,2.176356792449951,-2236.4066666666677,0.0009151788690360263,182.22849035263062,0.6340799489989877,0.5933133558719419,0.07846783543936908,104,332.52212126038944,0.30826520919799805
105,317.105,2212.843333333335,7368.000000000004,100,100,1010,2.0128678201955954,7.295049504950499,2.243225336074829,-2212.843333333335,0.0015519763110205531,174.71706342697144,0.663668917492032,0.7150878763059154,0.0796874996740371,105,332.95258461265615,0.30826520919799805
106,319.674,2199.0499999999997,7429.999999999997,100,100,1006,1.9695982114813675,7.3856858846918465,2.1880431175231934,-2199.0499999999997,-0.003216329263523221,178.58202815055847,0.6546342670917511,0.22271699614066165,0.10101053025573492,106,333.42442846148657,0.30826520919799805
107,322.519,2332.133333333332,7636.66666666667,100,100,1005,2.224842984048622,7.59867330016584,2.4467341899871826,-2332.133333333332,-0.012053610640577972,210.3835415840149,0.6309467516839504,0.34491526398051064,0.07566189242061228,107,333.5987817769584,0.30826520919799805
108,325.39,2304.2666666666664,7671.333333333334,100,100,1000,2.2676727017387748,7.671333333333334,2.479869842529297,-2304.2666666666664,-0.008522116419044323,187.52885150909424,0.6773389903828502,0.24547646286373492,0.10019531240686774,108,333.72891363056675,0.30826520919799805
109,328.269,2208.9999999999995,7457.000000000003,100,100,1002,2.2499611775043182,7.4421157684630765,2.4636731147766113,-2208.9999999999995,-0.0025663216947577894,171.62131261825562,0.7300114538520575,0.32709184431587346,0.08410063246265054,109,333.8547036254896,0.30826520919799805
110,334.89,2301.2466666666674,7424.333333333333,100,100,1000,2.29159959719982,7.424333333333333,2.505805015563965,-2301.2466666666674,-0.010792438173666596,181.25400805473328,0.7093016989529133,0.33704703381226864,0.08701171894790605,110,333.9522029178833,0.30826520919799805
111,337.78,2187.923333333335,7361.666666666667,100,100,1000,2.2785743011627346,7.361666666666667,2.487156391143799,-2187.923333333335,-0.012756271768012084,113.85303449630737,0.6197040379047394,0.2006018076899636,0.07792968780267984,111,330.3751329586541,0.30826520919799805
112,340.625,2288.8,7561.000000000004,100,100,1002,2.234694114007881,7.545908183632738,2.4498291015625,-2288.8,-0.008921246801037341,161.0166974067688,0.6943869460374117,0.3457158756646095,0.10270182299427688,112,330.5573904544379,0.30826520919799805
113,343.645,2227.143333333333,7362.666666666666,100,100,1004,2.391176593473248,7.333333333333333,2.6126482486724854,-2227.143333333333,-0.009309053770266473,136.76919555664062,0.6480202218517661,0.20434092550567584,0.07914595189504325,113,330.5732860324012,0.30826520919799805
114,346.624,2261.960000000001,7504.333333333332,100,100,1007,2.3388606765517426,7.4521681562396545,2.569079637527466,-2261.960000000001,0.0005697671440429986,151.5275001525879,0.6898127561435103,0.20340358985413332,0.10305851022712886,114,330.6382040061289,0.30826520919799805
115,349.556,2216.6766666666676,7450.000000000001,100,100,1007,2.3141210517719344,7.398212512413109,2.5414328575134277,-2216.6766666666676,-0.0008216697606258094,113.90447425842285,0.7333551794290543,0.279878172899771,0.08996841753832996,115,330.7452984654952,0.30826520919799805
116,352.297,2366.906666666666,7772.6666666666715,100,100,999,2.1482314306168675,7.780447113780452,2.3592331409454346,-2366.906666666666,-0.011140825554321054,187.7633900642395,0.7142641451209784,0.2637275333981961,0.07002453948371112,116,331.0071845132192,0.30826520919799805
117,354.964,2235.9,7464.999999999996,100,100,1003,2.0701904286252537,7.442671984047853,2.2847564220428467,-2235.9,-0.008738722477573901,148.7714192867279,0.6578616518527269,0.2397535126656294,0.06439634808339179,117,331.3460103153277,0.30826520919799805
118,357.593,2308.3833333333328,7597.33333333333,100,100,1006,2.022440556254401,7.55202120609675,2.2472636699676514,-2308.3833333333328,-0.014914923231117427,134.40401935577393,0.6767749655991793,0.17853501385252457,0.08774201781488955,118,331.72357140651974,0.30826520919799805
119,360.269,2257.793333333333,7678.666666666668,100,100,1005,2.0733170152238722,7.640464344941958,2.2938313484191895,-2257.793333333333,-0.01160199276637286,145.55807757377625,0.6898695081472397,0.16023480000148993,0.07815755228511989,119,332.0487895129168,0.30826520919799805
120,366.168,2241.116666666665,7517.666666666664,100,100,1005,2.0266256733005172,7.48026533996683,2.2475922107696533,-2241.116666666665,0.0019736418034881353,112.21814727783203,0.6348323691636324,0.42226675841084216,0.08506944449618459,120,332.4030806870813,0.30826520919799805
121,368.792,2307.580000000001,7506.33333333333,100,100,1009,2.0136337946985945,7.439378923026095,2.241201400756836,-2307.580000000001,-0.0021831902558915317,149.74137330055237,0.6995646115392447,0.4790740301978076,0.08566844707820565,121,329.83646543399055,0.30826520919799805
122,371.438,2309.29,7397.000000000004,100,100,1006,2.044738467993811,7.35288270377734,2.267829179763794,-2309.29,-0.011314217932522297,158.44738268852234,0.649659595452249,0.39907670285901986,0.09886633837595582,122,330.19497753784094,0.30826520919799805
123,374.079,2174.213333333332,7519.66666666667,100,100,1009,2.0345976229847524,7.452593326726134,2.25935435295105,-2174.213333333332,0.007363698786150508,107.23788571357727,0.6386060798540711,2.658144034910947,0.07289341487921774,123,330.5616207842997,0.30826520919799805
124,376.731,2300.0733333333364,7585.333333333337,100,100,1003,2.0506004005501555,7.562645397141911,2.2665011882781982,-2300.0733333333364,-0.008749375876504928,146.7335171699524,0.6878416929394007,0.21121421111456584,0.05904796498361975,124,330.8964155732446,0.30826520919799805
125,379.391,2076.826666666667,7532.333333333338,100,100,1005,2.0454875607071306,7.494859038142624,2.2567670345306396,-2076.826666666667,0.00038357835728675127,82.10719680786133,0.5999116087332368,0.5173061391687952,0.05263671895954758,125,331.22599337366296,0.30826520919799805
126,382.012,2211.1999999999975,7474.666666666662,100,100,1002,2.0364010967955575,7.459747172322018,2.2478721141815186,-2211.1999999999975,-0.004224821750540286,121.38450860977173,0.6342059476301074,0.7189429844402184,0.05471075151581317,126,331.57561169987497,0.30826520919799805
127,384.597,2207.803333333335,7394.666666666672,100,100,1005,1.9891792043014915,7.357877280265345,2.2058815956115723,-2207.803333333335,-0.015346658299677074,109.65089178085327,0.6084481989964843,0.37110630809911527,0.1210503475740552,127,331.960327669043,0.30826520919799805
128,387.194,2192.0299999999993,7449.999999999999,100,100,1005,1.9988130328630036,7.412935323383084,2.216780424118042,-2192.0299999999993,-0.01467286836123094,87.69464135169983,0.6367987571284175,0.40910142299253494,0.09896918415324762,128,332.3298341876987,0.30826520919799805
129,389.795,2133.579999999999,7456.666666666666,100,100,1003,1.9923114634034478,7.43436357593885,2.201859474182129,-2133.579999999999,-0.013518492807634175,77.6883362531662,0.6179906073957682,0.5206513028315385,0.08246275456622243,129,332.68554665064437,0.30826520919799805
130,395.578,2295.2699999999995,7451.0,100,100,1006,2.0117291257898167,7.406560636182903,2.234915018081665,-2295.2699999999995,-0.0014849278377369046,126.14779496192932,0.6702277604490519,0.4738994557992555,0.07311480992939323,130,333.0346119384593,0.30826520919799805
131,398.168,2173.086666666666,7444.666666666671,100,100,1003,1.9939847464384446,7.422399468261885,2.2047410011291504,-2173.086666666666,-0.01121316064381972,81.5121283531189,0.6268242001533508,0.9096041012671776,0.07269712921697646,131,330.7349945698222,0.30826520919799805
132,400.753,2181.1666666666656,7338.999999999999,100,100,1004,1.9954395414593507,7.309760956175298,2.2089269161224365,-2181.1666666666656,-0.009473739424720407,95.40588808059692,0.6051812218502164,0.6977892882277956,0.07697088085114956,132,331.10679918900667,0.30826520919799805
133,403.361,2189.3433333333346,7499.000000000004,100,100,1005,1.9965202983153696,7.461691542288561,2.213310718536377,-2189.3433333333346,-0.014168761495966464,88.81211519241333,0.6579035753384233,0.215833319365629,0.08416883699828759,133,331.4574961028927,0.30826520919799805
134,405.969,2233.896666666666,7378.333333333332,100,100,1003,2.003197107071304,7.356264539714189,2.218266248703003,-2233.896666666666,-0.013055133109446615,87.80548632144928,0.6087662847712636,0.40339947694155853,0.12639671145007014,134,331.79879625788874,0.30826520919799805
135,408.584,2163.983333333333,7355.999999999999,100,100,1003,2.021370790012047,7.333998005982053,2.2336654663085938,-2163.983333333333,-0.015195279382169247,82.8006899356842,0.6573472134768963,0.2553176824876573,0.09417014895007014,135,332.13007578435577,0.30826520919799805
136,411.174,2214.113333333333,7548.999999999998,100,100,1002,2.0055562862382827,7.533932135728541,2.215287685394287,-2214.113333333333,-0.014507191866869107,76.81305527687073,0.5759882964193821,0.3762808114697691,0.10658482159487903,136,332.4750754833733,0.30826520919799805
137,413.701,2179.5566666666664,7411.000000000005,100,100,1006,1.931236776112251,7.366799204771376,2.1517364978790283,-2179.5566666666664,0.008151050074957311,73.21789360046387,0.6896606683731079,0.37926815835089656,0.13879925291985273,137,332.87547737816936,0.30826520919799805
138,416.243,2270.769999999999,7620.333333333333,100,100,1005,1.9369817926173112,7.582421227197346,2.151547908782959,-2270.769999999999,-0.001437256287317723,103.75715351104736,0.664145321585238,0.9114773816399975,0.08835720492061228,138,333.25741534285004,0.30826520919799805
139,418.789,2255.583333333332,7652.000000000001,100,100,1006,1.9422596405912005,7.606361829025846,2.1586477756500244,-2255.583333333332,-0.012539235001895577,87.0557804107666,0.5978449750691652,0.25796304451068863,0.11663553002290428,139,333.63333781302094,0.30826520919799805
140,424.384,2266.2433333333324,7498.333333333335,100,100,1000,1.9504854016704485,7.498333333333335,2.157089948654175,-2266.2433333333324,-0.012848808168200776,81.36431050300598,0.5997948432341218,0.27893254125956446,0.10322265652939677,140,333.99679395793055,0.30826520919799805
141,426.899,2177.8866666666663,7412.333333333335,100,100,1002,1.9270290407777844,7.397538256819695,2.1332781314849854,-2177.8866666666663,-0.005866550258360803,84.17186796665192,0.5898648891597986,0.47462332995564793,0.12316313246265054,141,331.9850432399664,0.30826520919799805
142,429.404,2227.9800000000005,7609.666666666666,100,100,1003,1.915717150079103,7.586905948820205,2.1268203258514404,-2227.9800000000005,-0.019846150069497526,90.07833766937256,0.6919071692973375,0.2246218133077491,0.139818768016994,142,332.3846072338453,0.30826520919799805
143,431.937,2240.31,7495.000000000001,100,100,1009,1.9329057491132464,7.428146679881071,2.1573429107666016,-2240.31,-0.010017139720730484,104.83170676231384,0.654749863781035,1.258382060288568,0.1439532837830484,143,332.7704766589515,0.30826520919799805
144,434.457,2387.156666666666,7716.66666666666,100,100,1002,1.9295013986273246,7.70126413838988,2.141387939453125,-2387.156666666666,-0.01712818071246147,116.90839529037476,0.677827631123364,0.6133088403148577,0.1381603425834328,144,333.14711052287237,0.30826520919799805
145,437.056,2296.9866666666667,7528.0,100,100,1002,1.9929265490028554,7.512974051896207,2.206191301345825,-2296.9866666666667,-0.015422623662743717,94.4000540971756,0.6453754790127277,0.283952283061808,0.10484095994615927,145,333.4589374531034,0.30826520919799805
146,439.584,2269.2833333333324,7515.333333333329,100,100,1008,1.923841171937677,7.455687830687827,2.146549940109253,-2269.2833333333324,-0.012977621867321432,78.81782495975494,0.6509546041488647,0.3093087617744459,0.09619140648283064,146,333.83364129503207,0.30826520919799805
147,442.371,2247.136666666667,7533.333333333332,100,100,1007,2.1572060565822113,7.4809665673618,2.381162405014038,-2247.136666666667,-0.02080970793031156,82.78506684303284,0.6880779936909676,0.23330122212064452,0.10616481024771929,147,334.0069814065643,0.30826520919799805
148,445.358,2218.9700000000007,7431.333333333332,100,100,1008,2.3527023804490454,7.372354497354496,2.580904960632324,-2218.9700000000007,-0.011794728692620993,55.90433382987976,0.7293324563652277,0.1502928396948846,0.09830729174427688,148,334.0303484121133,0.30826520919799805
149,448.31,2157.0433333333335,7413.333333333333,100,100,1003,2.336900796976167,7.391159853772017,2.5511558055877686,-2157.0433333333335,-0.02037846259190701,57.701040625572205,0.7271276246756315,0.18964266899274662,0.10902298334985971,149,334.0682773949302,0.30826520919799805
150,454.697,2363.0799999999986,7575.666666666666,100,100,1002,2.1844587811387837,7.5605455755156346,2.4024205207824707,-2363.0799999999986,0.00226055015809834,93.36829400062561,0.7746891118586063,0.811905939495773,0.08163597481325269,150,334.21355772713827,0.30826520919799805
151,457.739,2271.3600000000006,7623.666666666665,100,100,1010,2.3895998034709236,7.548184818481847,2.6267459392547607,-2271.3600000000006,-0.019632888957858086,68.79612255096436,0.7261111997067928,0.15940574457636103,0.10863281227648258,151,331.5817834195571,0.30826520919799805
152,460.654,2213.0333333333333,7402.333333333333,100,100,1002,2.293145511659074,7.387558216899534,2.504749298095703,-2213.0333333333333,-0.005547130604099948,91.72466611862183,0.7272984674200416,0.3141552818415221,0.11342075909487903,152,331.6593043285192,0.30826520919799805
153,463.595,2337.5233333333317,7605.666666666665,100,100,1006,2.310817097970997,7.56030483764082,2.537959575653076,-2337.5233333333317,-0.021220182767137885,84.74862718582153,0.737672220915556,0.3770861307857558,0.08559782634256408,153,331.7251636566868,0.30826520919799805
154,466.505,2208.0133333333333,7381.666666666667,100,100,1008,2.276391563345752,7.323082010582011,2.5054354667663574,-2208.0133333333333,-0.01566140539944172,48.86130893230438,0.6973643209785223,0.2789770228409907,0.08121744822710752,154,331.8165604483007,0.30826520919799805
155,469.463,2137.1066666666666,7402.333333333333,100,100,1006,2.330009742208551,7.358184227965539,2.551631212234497,-2137.1066666666666,-0.018966731266118586,43.22005468606949,0.7150979563593864,0.21805207972647622,0.10084069322329015,155,331.86883726767957,0.30826520919799805
156,472.174,2186.8866666666695,7466.333333333336,100,100,1003,2.1163728800792607,7.4440013293453,2.3303768634796143,-2186.8866666666695,-0.013127171550877392,83.71385097503662,0.8236126787960529,0.4299214658822166,0.136378088966012,156,332.0874095773583,0.30826520919799805
157,474.784,2284.853333333333,7655.333333333336,100,100,1000,2.0230172999436036,7.655333333333336,2.231405735015869,-2284.853333333333,-0.008415439748205245,82.15909481048584,0.8002149909734726,0.19652882288210094,0.10390625009313226,157,332.3678928350394,0.30826520919799805
158,477.411,2229.0066666666694,7352.333333333338,100,100,1003,2.030250946466522,7.330342306414095,2.2433948516845703,-2229.0066666666694,-0.0158499201934319,62.43272268772125,0.81701491586864,0.14159961136465427,0.09176280885003507,158,332.6399465899657,0.30826520919799805
159,480.027,2244.556666666667,7420.333333333331,100,100,1002,2.009583630379728,7.40552228875582,2.221203327178955,-2244.556666666667,-0.008008072851225734,62.580416679382324,0.8443010170012712,0.2587897005432751,0.10756138409487903,159,332.91445215246296,0.30826520919799805
160,486.047,2114.946666666667,7298.999999999997,100,100,1006,2.0586813124920615,7.255467196819083,2.279172420501709,-2114.946666666667,-0.006316301412880421,64.7326740026474,0.7116236360743642,1.1418736959894886,0.12073284666985273,160,333.15978445776716,0.30826520919799805
161,488.635,2304.903333333336,7492.333333333334,100,100,1009,1.9734364731663725,7.425503799141064,2.2007040977478027,-2304.903333333336,-0.017871609947178513,71.71662020683289,0.7670080550014973,0.3030531191325281,0.10286790458485484,161,331.1738544386382,0.30826520919799805
162,491.229,2222.6966666666654,7728.999999999998,100,100,1006,1.9960443354554283,7.68290258449304,2.2124462127685547,-2222.6966666666654,-0.00918626270868117,75.70461297035217,0.711072014644742,0.2851099439576501,0.11134935496374965,162,331.4725895248174,0.30826520919799805
163,493.85,2353.883333333332,7593.666666666663,100,100,1005,2.0051330343046367,7.5558872305140925,2.225348711013794,-2353.883333333332,-0.017922254977747798,81.2133059501648,0.7397827655076981,0.10455866815755144,0.11547309043817222,163,331.74864891775815,0.30826520919799805
164,496.448,2265.2866666666678,7539.000000000001,100,100,1010,1.9864760429165003,7.464356435643565,2.2180604934692383,-2265.2866666666678,-0.0187259852536954,64.10013592243195,0.6661322498694062,0.21340780024183914,0.10097656247671694,164,332.0467944335072,0.30826520919799805
165,499.065,2288.039999999999,7606.666666666663,100,100,1008,2.004806148530435,7.546296296296293,2.230970859527588,-2288.039999999999,-0.01499308052007109,66.54603517055511,0.7465504687279463,0.18120451467257226,0.1334635424427688,165,332.3253786954897,0.30826520919799805
166,501.647,2208.106666666666,7373.666666666666,100,100,1007,1.9823457828844049,7.3224097980801055,2.2033426761627197,-2208.106666666666,-0.015541023225523531,61.893330812454224,0.7081403499469161,0.30768445541980327,0.12098986003547907,166,332.6222742953354,0.30826520919799805
167,504.209,2192.346666666665,7423.666666666665,100,100,1008,1.9613566451765123,7.364748677248675,2.1827566623687744,-2192.346666666665,-0.01565000065602362,70.8406571149826,0.6936631910502911,0.07045282283070264,0.10319010418606922,167,332.93150113907024,0.30826520919799805
168,506.829,2214.0966666666664,7419.666666666671,100,100,1009,2.001775222935698,7.353485298975888,2.226614236831665,-2214.0966666666664,-0.019421442905695585,54.57270288467407,0.7018873766064644,0.25041984655399574,0.11983816884458065,168,333.20083947138784,0.30826520919799805
169,509.424,2240.283333333334,7456.666666666667,100,100,1003,1.9966015937633197,7.434363575938851,2.2089948654174805,-2240.283333333334,-0.016382720205001533,69.45948231220245,0.7042783163487911,0.4030049319626414,0.10492369206622243,169,333.4725486257294,0.30826520919799805
170,515.141,2318.3933333333316,7703.666666666667,100,100,1005,2.0118835800331993,7.665339966832504,2.2340314388275146,-2318.3933333333316,-0.012454570387490094,78.1559511423111,0.6936683617532253,0.18250035718665458,0.10354817716870457,170,333.73068569980455,0.30826520919799805
171,517.689,2239.876666666667,7477.333333333332,100,100,999,1.9618817814835556,7.484818151484817,2.1641244888305664,-2239.876666666667,-0.01400378457037732,77.11181449890137,0.692850680090487,0.24000196265114937,0.10033553710673004,171,332.0205028758205,0.30826520919799805
172,520.229,2276.09,7295.333333333335,100,100,1001,1.9474239779411109,7.288045288045289,2.1552815437316895,-2276.09,-0.011382749187760055,85.73235321044922,0.7043002396821976,0.29176132554130163,0.10713605140335858,172,332.32353999129333,0.30826520919799805
173,522.778,2269.1466666666656,7634.333333333332,100,100,1000,1.9470291003817692,7.634333333333332,2.152631998062134,-2269.1466666666656,-0.009490354161243886,78.1282913684845,0.7993364669382572,0.2256274796964135,0.1644531248603016,173,332.6155216959706,0.30826520919799805
174,525.353,2321.7966666666666,7587.666666666666,100,100,1006,1.9611592437409116,7.5424121935056325,2.181859016418457,-2321.7966666666666,-0.022973473562160507,75.23834252357483,0.688994787633419,0.23564777344290633,0.10481063229963183,174,332.8996583667628,0.30826520919799805
175,527.959,2358.1499999999996,7796.333333333334,100,100,1009,1.9955832518801477,7.726792203501818,2.2259624004364014,-2358.1499999999996,-0.012135701952502131,74.41224074363708,0.6752101387828588,0.6486991256315378,0.12487045582383871,175,333.16782219421447,0.30826520919799805
176,530.533,2230.6933333333327,7589.333333333332,100,100,1008,1.9701621035531547,7.5291005291005275,2.1935367584228516,-2230.6933333333327,-0.01854028576053679,66.11926794052124,0.6020361678674817,0.2502418516596663,0.1284179692156613,176,333.4513186769784,0.30826520919799805
177,533.037,2290.8800000000006,7531.333333333336,100,100,1003,1.9136553351439587,7.508806912595549,2.124269485473633,-2290.8800000000006,-0.014071934041567147,55.03746747970581,0.6167533248662949,0.1378902379074134,0.13077988708391786,177,333.7666440718534,0.30826520919799805
178,535.576,2256.6466666666674,7618.666666666665,100,100,1006,1.9423738581398742,7.573227302849568,2.1604819297790527,-2256.6466666666674,-0.015430763363838196,67.70173013210297,0.6347766146063805,0.2596823593485169,0.13538128416985273,178,334.0630055112158,0.30826520919799805
179,538.098,2195.9666666666662,7573.666666666664,100,100,1004,1.9339020922872798,7.543492695883132,2.1462771892547607,-2195.9666666666662,-0.01333471736870706,66.30220890045166,0.6011066306382418,0.18466523545066593,0.1159889914561063,179,334.36262139193803,0.30826520919799805
180,543.686,2214.1433333333325,7608.333333333332,100,100,1002,1.9408359302453206,7.593147039254823,2.152555465698242,-2214.1433333333325,-0.020450739772059023,51.23403650522232,0.5794153064489365,0.38930921074643265,0.12223307299427688,180,334.64928415493137,0.30826520919799805
181,546.217,2211.9699999999975,7785.333333333325,100,100,1008,1.9275690503982044,7.723544973544965,2.1478021144866943,-2211.9699999999975,-0.01788354557356797,56.68717014789581,0.5574801191687584,0.21782571740914136,0.11816406273283064,181,333.072648310724,0.30826520919799805
182,548.733,2246.8766666666693,7625.333333333332,100,100,1001,1.918783718761946,7.617715617715617,2.1252806186676025,-2246.8766666666693,-0.01838099572341889,51.634570717811584,0.6089431755244732,0.11265393377107102,0.09850180987268686,182,333.3696286747412,0.30826520919799805
183,551.263,2125.860000000001,7422.333333333333,100,100,1007,1.9185108246185558,7.370738166170142,2.1320033073425293,-2125.860000000001,-0.021526090684346855,54.08020108938217,0.5889181988313794,0.14184946228124318,0.0958693481516093,183,333.6669826973846,0.30826520919799805
184,553.851,2246.3333333333344,7469.333333333333,100,100,1009,1.9117049569203135,7.402708952758506,2.1357979774475098,-2246.3333333333344,-0.02466427779290825,60.96956145763397,0.5491709038615227,0.1140018944061012,0.12134287320077419,184,333.9296278731967,0.30826520919799805
185,556.428,2245.7200000000016,7683.666666666667,100,100,1008,1.9615068449638784,7.622685185185185,2.1863722801208496,-2245.7200000000016,0.013416345289442688,62.889078974723816,0.539742567576468,2.154292022518348,0.13037109375,185,334.19448060958075,0.30826520919799805
186,558.938,2215.4333333333334,7408.333333333337,100,100,1007,1.911472890326289,7.356835484938765,2.13264536857605,-2215.4333333333334,-0.004084263870026916,49.03037488460541,0.5390636119991541,0.4261612683039857,0.10509474668651819,186,334.49489022103455,0.30826520919799805
187,561.477,2298.873333333334,7492.33333333333,100,100,1005,1.9223977095767188,7.455058043117742,2.1406736373901367,-2298.873333333334,-0.0006897937273606658,80.50615358352661,0.5361393084749579,1.042255176944309,0.09879557299427688,187,334.77236964897753,0.30826520919799805
188,564.525,2347.913333333333,7707.333333333333,100,100,1004,2.4086496033483145,7.676626826029216,2.630687952041626,-2347.913333333333,-0.010612722020596266,75.72778558731079,0.5590761378407478,0.23100878291734261,0.09015447460114956,188,334.74344446243794,0.30826520919799805
189,567.633,2317.9866666666658,7619.333333333336,100,100,1011,2.4565047478307,7.536432575008245,2.695953369140625,-2317.9866666666658,-0.015881503612035885,69.50477266311646,0.5605366583913565,0.42324918256053934,0.09354894375428557,189,334.69146690688905,0.30826520919799805
190,574.099,2247.9100000000008,7568.999999999999,100,100,1006,2.3522464179843072,7.5238568588469175,2.576993227005005,-2247.9100000000008,-0.0036941222206223756,62.58241331577301,0.555341181345284,0.3807230514794355,0.0860861074179411,190,334.70148688070987,0.30826520919799805
191,577.121,2348.0166666666673,7501.66666666667,100,100,1006,2.3786355861671877,7.4569251159708445,2.60756516456604,-2348.0166666666673,-0.01841470698127523,80.42792332172394,0.5837454991415143,0.44814931827932014,0.10423743212595582,191,332.67547202976834,0.30826520919799805
192,580.182,2141.97,7341.666666666663,100,100,1009,2.4161178409145005,7.276181037330687,2.64534068107605,-2141.97,-0.014192719536367804,58.464061856269836,0.5418343553319573,0.5312009796471102,0.09411870199255645,192,332.65919995353846,0.30826520919799805
193,583.074,2214.440000000002,7550.000000000003,100,100,1001,2.275039960693505,7.542457542457545,2.486163854598999,-2214.440000000002,-0.016776224074419588,56.908732295036316,0.5818732902407646,0.2218412626098143,0.11156631074845791,193,332.725923903881,0.30826520919799805
194,585.812,2255.863333333334,7612.000000000003,100,100,1005,2.108688256703317,7.574129353233833,2.3305015563964844,-2255.863333333334,-0.016543302568607032,54.63453412055969,0.6074198512360454,0.2890352775793872,0.11966145841870457,194,332.88683124695126,0.30826520919799805
195,588.748,2202.3533333333335,7726.333333333333,100,100,1008,2.295966169474432,7.665013227513227,2.523663282394409,-2202.3533333333335,-0.005261324462480843,66.08780336380005,0.5598243670538068,0.8960971407504985,0.11702473973855376,195,332.93871202093976,0.30826520919799805
196,591.722,2248.3900000000017,7487.999999999997,100,100,1009,2.3360013884720203,7.421209117938551,2.568068027496338,-2248.3900000000017,-0.012587113480549306,62.244126200675964,0.4998783548362553,0.2528112466534367,0.11038145731436089,196,332.9705666588216,0.30826520919799805
197,594.52,2240.4599999999987,7611.999999999999,100,100,1003,2.167288734065044,7.589232303090727,2.382755756378174,-2240.4599999999987,-0.019258127955254167,59.5065895318985,0.6261541368439794,0.17168703687639209,0.1446788697503507,197,333.090302924029,0.30826520919799805
198,597.355,2232.316666666667,7364.333333333331,100,100,1000,2.2279547004727647,7.364333333333331,2.437675714492798,-2232.316666666667,-0.01058177079539746,86.03840839862823,0.6504852846264839,0.278951355125173,0.16230468824505806,198,333.18405991587105,0.30826520919799805
199,600.171,2135.973333333334,7232.333333333331,100,100,1002,2.1936339352924947,7.217897538256818,2.405538320541382,-2135.973333333334,-0.01391745696309954,57.429680824279785,0.6249572997912765,0.35217290008222335,0.12611607188591734,199,333.2899987071822,0.30826520919799805
200,606.333,2356.5333333333333,7686.666666666666,100,100,1003,2.112788135573038,7.6636756397474235,2.3340909481048584,-2356.5333333333333,-0.017467341167503037,97.61449480056763,0.6344909565523267,0.14596097388857743,0.125158975366503,200,333.44489676511637,0.30826520919799805
201,609.204,2226.76,7585.33333333333,100,100,1008,2.2415075382302767,7.525132275132272,2.4702391624450684,-2226.76,-0.01644041607505642,66.0241711139679,0.6132951984182,0.13600067554943962,0.1181640625,201,331.64928511042274,0.30826520919799805
202,611.962,2250.836666666666,7435.666666666668,100,100,1004,2.136631473269039,7.406042496679948,2.3538928031921387,-2250.836666666666,-0.01643564784899354,72.79206717014313,0.6371821817010641,0.08776208908238914,0.12291370797902346,202,331.7959149116447,0.30826520919799805
203,614.658,2247.78,7514.333333333331,100,100,1007,2.077804869105586,7.462098642833497,2.3003334999084473,-2247.78,-0.015536861610598862,68.92752766609192,0.6000265926122665,0.21888943750673207,0.15005817753262818,203,331.97803475621555,0.30826520919799805
204,617.451,2282.6933333333336,7498.333333333339,100,100,1008,2.165230258325455,7.438822751322757,2.3940601348876953,-2282.6933333333336,-0.017725539742968976,70.99614548683167,0.5607263427227736,0.1905475894745905,0.11832682369276881,204,332.1088831362964,0.30826520919799805
205,620.34,2298.4800000000005,7496.333333333331,100,100,1010,2.2530884164994083,7.42211221122112,2.485403060913086,-2298.4800000000005,-0.022963107156101614,65.95271956920624,0.6149244550615549,0.0802249302068958,0.1387499994598329,205,332.19021296968776,0.30826520919799805
206,623.199,2299.2966666666675,7612.666666666668,100,100,1001,2.2315947055401697,7.605061605061606,2.4424753189086914,-2299.2966666666675,-0.019519941124599427,71.48742949962616,0.6231922945007682,0.08630877421637706,0.1385408726055175,206,332.2727398053758,0.30826520919799805
207,626.279,2291.206666666666,7666.333333333332,100,100,1003,2.436214554585992,7.6434031239614475,2.6542060375213623,-2291.206666666666,-0.01917095619137399,55.704262495040894,0.6441785618662834,0.07788721696124412,0.14323673699982464,207,332.23992232848417,0.30826520919799805
208,629.266,2356.846666666667,7587.333333333333,100,100,1003,2.356774675899398,7.5646394150880685,2.579458236694336,-2356.846666666667,-0.022473346907645464,63.6909943819046,0.5960874687880278,0.10178817779524252,0.124659338966012,208,332.2570980296804,0.30826520919799805
209,632.133,2276.14,7378.333333333332,100,100,1009,2.2147005929023664,7.31252064750578,2.4491186141967773,-2276.14,-0.023312972451094538,72.99843180179596,0.6289565358310938,0.05304941818030784,0.11590202490333468,209,332.3464614566742,0.30826520919799805
210,638.655,2299.430000000002,7649.3333333333385,100,100,1002,2.188454489939346,7.634065202927483,2.4020276069641113,-2299.430000000002,-0.01839687884785235,55.837095737457275,0.6322569670155644,0.18964893231895985,0.12007068493403494,210,332.4516313441947,0.30826520919799805
211,641.654,2190.3166666666666,7376.333333333335,100,100,1001,2.3770675313873935,7.36896436896437,2.5889031887054443,-2190.3166666666666,-0.019656233838759363,70.46391952037811,0.6237087305635214,0.09241671942436369,0.10500428709201515,211,330.53659591029265,0.30826520919799805
212,644.505,2318.086666666668,7483.000000000001,100,100,1006,2.2178794235124384,7.438369781312129,2.441850423812866,-2318.086666666668,-0.016194235358852893,51.848307371139526,0.6392425689846277,0.46973701364186127,0.15675951074808836,212,330.6351830569592,0.30826520919799805
213,647.37,2222.3433333333346,7403.666666666672,100,100,1002,2.2348873213838836,7.388888888888895,2.449371576309204,-2222.3433333333346,-0.020805849169846624,67.86109054088593,0.6850579455494881,0.29566592323681107,0.09800502250436693,213,330.71986149418706,0.30826520919799805
214,650.407,2236.796666666667,7518.0000000000055,100,100,1001,2.4091833153391606,7.510489510489516,2.6216530799865723,-2236.796666666667,-0.01614683191291988,60.272241711616516,0.5882471287623048,0.13805308430164587,0.1209627476055175,214,330.71463050346085,0.30826520919799805
215,653.021,2265.7099999999987,7602.666666666669,100,100,1007,2.0051766649376908,7.549817941079115,2.229785919189453,-2265.7099999999987,-0.026004301267676055,74.52471387386322,0.6707143373787403,0.14756592553749215,0.11348902911413461,215,330.93266500123406,0.30826520919799805
216,655.586,2186.4999999999995,7405.999999999999,100,100,1005,1.9659592056489406,7.36915422885572,2.1821858882904053,-2186.4999999999995,-0.016462250554468483,57.26657783985138,0.6224082019180059,0.3085623598381062,0.10724826413206756,216,331.17095186281944,0.30826520919799805
217,658.131,2268.836666666665,7636.333333333332,100,100,1005,1.9444652755434315,7.598341625207295,2.162991523742676,-2268.836666666665,-0.008684969099704176,51.24615228176117,0.644891413860023,0.2532505167328054,0.09599609393626451,217,331.41707604273773,0.30826520919799805
218,660.675,2302.1033333333335,7541.666666666668,100,100,1003,1.9443021927740154,7.519109338650716,2.160269021987915,-2302.1033333333335,-0.016678097599651664,67.18730938434601,0.6432654578238726,0.09881480719923275,0.10395848483312875,218,331.65912115057426,0.30826520919799805
219,663.215,2182.796666666667,7361.999999999998,100,100,1004,1.9404477096836183,7.332669322709162,2.1526997089385986,-2182.796666666667,-0.01599496355629526,71.47561049461365,0.6300310119986534,0.4375255424565694,0.13512073922902346,219,331.90299271518876,0.30826520919799805
220,668.905,2215.7366666666667,7662.000000000001,100,100,1009,1.9586992089390178,7.593657086223985,2.181318759918213,-2215.7366666666667,-0.01009383809287101,58.432668566703796,0.5832501342520118,0.9511070247826865,0.15751554537564516,220,332.133364834577,0.30826520919799805
221,671.465,2365.266666666664,7741.666666666668,100,100,1006,1.9488994030524454,7.695493704440028,2.169440507888794,-2365.266666666664,-0.01362263027112931,72.84213173389435,0.5754042733460665,0.23180978095479077,0.12404466769658029,221,330.8260788154052,0.30826520919799805
222,674.027,2259.1399999999994,7310.66666666667,100,100,1010,1.945028611975215,7.2382838283828415,2.1757919788360596,-2259.1399999999994,-0.02342884024255909,57.502992033958435,0.5607500122860074,0.0781282917603221,0.11646484350785613,222,331.06727844652033,0.30826520919799805
223,676.565,2250.7600000000007,7497.999999999999,100,100,1001,1.9483631402328536,7.490509490509489,2.1573188304901123,-2250.7600000000007,-0.019592722004745156,72.69139516353607,0.5615056343376637,0.11710275176301366,0.13301495765335858,223,331.3042233117293,0.30826520919799805
224,679.114,2129.0033333333336,7239.999999999999,100,100,1011,1.9391861536496795,7.161226508407516,2.161623239517212,-2129.0033333333336,-0.005423187918495387,64.2545667886734,0.4866414610296488,0.362604700596421,0.14519186643883586,224,331.54987030371797,0.30826520919799805
225,681.779,2192.1366666666668,7450.999999999999,100,100,1001,2.0479478518135257,7.443556443556442,2.2546064853668213,-2192.1366666666668,-0.02060107240686193,52.61788809299469,0.5389051716774702,0.19252118686563335,0.13576600584201515,225,331.72173323667306,0.30826520919799805
226,684.781,2315.1366666666668,7574.000000000001,100,100,1002,2.3653516966474064,7.558882235528943,2.5832791328430176,-2315.1366666666668,-0.015351076202932745,63.72866678237915,0.60676484182477,1.8374770640220959,0.1693638393189758,226,331.73072975697323,0.30826520919799805
227,687.596,2087.379999999999,7319.000000000002,100,100,1001,2.203613988237342,7.311688311688314,2.4099981784820557,-2087.379999999999,-0.02384251670446247,58.71871638298035,0.587181388400495,0.1082933990546735,0.1324671299662441,227,331.82879100819383,0.30826520919799805
228,690.433,2272.536666666667,7387.333333333337,100,100,1006,2.194141650967722,7.343273691186219,2.419814109802246,-2272.536666666667,-0.015814597951248288,57.72529578208923,0.5633314177393913,0.1025655176708824,0.14336362155154347,228,331.92235739720724,0.30826520919799805
229,693.368,2274.8199999999983,7500.666666666664,100,100,1011,2.2930833820804484,7.419057039235079,2.5317156314849854,-2274.8199999999983,-0.023859221604652703,80.31269967556,0.5439931433647871,0.10729693313624011,0.15618298156186938,229,331.97510303695793,0.30826520919799805
230,699.92,2185.446666666666,7433.333333333336,100,100,1010,2.4269444571743435,7.359735973597362,2.658968925476074,-2185.446666666666,-0.024686354852747172,64.40305125713348,0.5979020521044731,0.09310462563007604,0.16101562464609742,230,331.96140198031225,0.30826520919799805
231,702.813,2199.583333333334,7540.666666666668,100,100,1007,2.258384208955137,7.488248924197287,2.481544256210327,-2199.583333333334,-0.022358291025739163,68.87738621234894,0.621738531626761,0.03715364882373251,0.14220412215217948,231,330.38371515716034,0.30826520919799805
232,705.81,2270.5166666666664,7675.666666666666,100,100,1005,2.3661152230325473,7.63747927031509,2.5896148681640625,-2270.5166666666664,-0.01690797705668956,71.5595817565918,0.6395795792341232,0.04488986772776116,0.1571614588610828,232,330.40507392502366,0.30826520919799805
233,708.766,2184.4666666666667,7356.666666666667,100,100,1005,2.325045772531621,7.320066334991709,2.545538902282715,-2184.4666666666667,-0.01709319549263455,51.81649136543274,0.7043838370591402,0.054188347905437695,0.11547309043817222,233,330.44463541661304,0.30826520919799805
234,711.603,2306.8133333333335,7611.333333333336,100,100,1012,2.197205437703441,7.521080368906459,2.4356112480163574,-2306.8133333333335,-0.021268474927637726,56.50771760940552,0.6693908348679543,0.5265644308674382,0.14449368987698108,234,330.54961298727505,0.30826520919799805
235,714.219,2204.486666666668,7324.000000000004,100,100,1002,2.003132735221961,7.309381237524954,2.215832471847534,-2204.486666666668,-0.019257855776231736,58.142659068107605,0.6551834354177117,0.04795620130971656,0.12816220265813172,235,330.7415079511994,0.30826520919799805
236,716.828,2115.4366666666665,7442.666666666669,100,100,1000,2.000405899947509,7.4426666666666685,2.2046380043029785,-2115.4366666666665,-0.026974609470926225,59.5626482963562,0.6362675940617919,0.04381074286357034,0.12304687511641532,236,330.9335171166855,0.30826520919799805
237,719.426,2383.9066666666677,7837.333333333331,100,100,1007,1.9850297898050424,7.782853359814629,2.209775447845459,-2383.9066666666677,-0.01989149348810315,75.86480915546417,0.7167808804661036,0.033801948295149487,0.11241896590217948,237,331.13794293011523,0.30826520919799805
238,722.05,2214.7033333333334,7540.333333333339,100,100,1010,2.0033589108976178,7.465676567656772,2.2317378520965576,-2214.7033333333334,-0.01807425171136856,47.95295685529709,0.660446927882731,0.10889692083219416,0.11685546860098839,238,331.3332322937138,0.30826520919799805
239,724.61,2222.2233333333324,7536.333333333335,100,100,1004,1.9598968117868907,7.506308100929616,2.1736481189727783,-2222.2233333333324,-0.02413975988747552,59.33315122127533,0.661591624841094,0.018766783492537797,0.12642045482061803,239,331.5478742746761,0.30826520919799805
240,730.331,2197.633333333333,7304.666666666666,100,100,1001,1.973450948069287,7.297369297369297,2.179363489151001,-2197.633333333333,-0.024826154811307788,50.247040927410126,0.7422365956008434,0.021390193491242826,0.13442025519907475,240,331.7541084933717,0.30826520919799805
241,732.915,2216.583333333332,7395.666666666668,100,100,1008,1.9692977158618825,7.3369708994709,2.1917026042938232,-2216.583333333332,-0.020998679101467133,51.67046892642975,0.7222074456512928,0.08995661039080005,0.11572265625,241,330.5322038414498,0.30826520919799805
242,735.502,2257.6833333333325,7486.666666666666,100,100,1004,1.9841593640589292,7.4568393094289505,2.1988439559936523,-2257.6833333333325,-0.021093615039717406,60.49953842163086,0.6943862270563841,0.03524869790999219,0.15367542626336217,242,330.7345270763572,0.30826520919799805
243,738.107,2192.0466666666657,7482.333333333329,100,100,1011,1.9914738855321923,7.4009231783712455,2.219154119491577,-2192.0466666666657,-0.02309445104037877,54.285048604011536,0.7742224261164665,0.07575074175838381,0.13272633287124336,243,330.93708796175827,0.30826520919799805
244,740.691,2267.906666666666,7426.333333333329,100,100,1007,1.9742778553040152,7.374710360807676,2.196284770965576,-2267.906666666666,-0.02255219337530434,54.73767936229706,0.8192293383181095,0.03315453070536023,0.1211664725560695,244,331.14209122018855,0.30826520919799805
245,743.301,2151.2833333333324,7550.000000000001,100,100,1013,1.9794397824007175,7.453109575518264,2.210480213165283,-2151.2833333333324,-0.026493222918361425,80.43500399589539,0.785269295796752,0.10806281341501744,0.1628740420565009,245,331.3425599481932,0.30826520919799805
246,745.87,2152.416666666666,7476.333333333334,100,100,1007,1.963147864530886,7.424362793776895,2.18274188041687,-2152.416666666666,-0.024119018984492868,55.53737086057663,0.8243174739181995,0.05209003835625481,0.1569045044016093,246,331.5509671703672,0.30826520919799805
247,748.429,2273.9199999999996,7606.999999999998,100,100,1007,1.950130288677832,7.554121151936443,2.172412633895874,-2273.9199999999996,-0.023066776630003005,59.47292232513428,0.7872437238693237,0.027551735012821155,0.11770694772712886,247,331.7628536416711,0.30826520919799805
248,751.028,2235.5,7326.33333333333,100,100,1001,1.9971973044782891,7.319014319014316,2.2097766399383545,-2235.5,-0.019964855746366084,69.40234792232513,0.794187381863594,0.026451708614331437,0.1298113560769707,248,331.94757889151776,0.30826520919799805
249,753.612,2127.7866666666687,7512.0000000000055,100,100,1003,1.98358853611304,7.489531405782658,2.194307327270508,-2127.7866666666687,-0.022523477440699935,61.00934886932373,0.7563461530953646,0.032206500829488505,0.14395212568342686,249,332.1406200477136,0.30826520919799805
250,759.344,2246.5100000000007,7502.999999999996,100,100,1007,1.9789373387916471,7.450844091360473,2.198065996170044,-2246.5100000000007,-0.0172218686202541,50.997313380241394,0.7364089917391539,0.016610431091976352,0.17705909220967442,250,332.335890031637,0.30826520919799805
251,761.944,2231.6866666666647,7440.666666666664,100,100,1007,1.9905933477456175,7.388944058258852,2.211310386657715,-2231.6866666666647,-0.024185148358810693,67.44431102275848,0.7483246363699436,0.03229403161094524,0.16937125963158906,251,331.1515298792115,0.30826520919799805
252,764.54,2214.6300000000006,7381.999999999997,100,100,1007,1.978199699983304,7.330685203574973,2.200913190841675,-2214.6300000000006,-0.022053373977541924,54.95071542263031,0.7462887540459633,0.025670620045275427,0.1359499664977193,252,331.34422805360776,0.30826520919799805
253,767.176,2235.2700000000013,7407.6666666666615,100,100,1008,2.01505247772845,7.348875661375656,2.2432780265808105,-2235.2700000000013,-0.02849926840281114,60.75006866455078,0.7472139652818441,0.021982008365739603,0.1359049486927688,253,331.5197304842219,0.30826520919799805
254,769.791,2295.683333333336,7629.6666666666715,100,100,1009,1.9969138772779755,7.561612157251409,2.2254629135131836,-2295.683333333336,-0.027522298914846033,70.1418821811676,0.8082094751298428,0.019512901140842587,0.1534598213620484,254,331.7044049589302,0.30826520919799805
255,772.333,2181.973333333334,7333.666666666662,100,100,1007,1.9398411103989466,7.282687851704729,2.158912420272827,-2181.973333333334,-0.018975307000800967,46.79100447893143,0.7887922078371048,0.04053195345477434,0.12924908532295376,255,331.9168454786209,0.30826520919799805
256,774.877,2203.476666666668,7517.0,100,100,1013,1.9285949659584365,7.420533070088845,2.158905267715454,-2203.476666666668,-0.022819645470008254,43.15957832336426,0.7928004302084446,0.024755260194069706,0.12810473190620542,256,332.13406509193,0.30826520919799805
257,777.399,2267.0000000000014,7727.333333333333,100,100,1003,1.9239246254927986,7.704220671319375,2.1358749866485596,-2267.0000000000014,-0.019092711387202144,70.10824871063232,0.8029930889606476,0.033501232239359524,0.115404705516994,257,332.3468872712302,0.30826520919799805
258,779.971,2209.163333333336,7249.333333333337,100,100,1013,1.9422219165206427,7.156301414939128,2.1731960773468018,-2209.163333333336,-0.018409545795293525,68.55528950691223,0.7827262133359909,0.02035188677837141,0.1517449151724577,258,332.5494749119604,0.30826520919799805
259,782.512,2154.9866666666685,7407.333333333334,100,100,1007,1.922088282602694,7.355842436279378,2.140862226486206,-2154.9866666666685,-0.02445884025655687,62.838308453559875,0.7980159427970648,0.047246469286619686,0.16972448443993926,259,332.7566036495011,0.30826520919799805
260,788.084,2320.64,7780.333333333335,100,100,1005,1.9243498490335633,7.741625207296851,2.1418888568878174,-2320.64,-0.02516356302658096,65.41126275062561,0.8371506109833717,0.012455250973289367,0.13883463549427688,260,332.96577503335374,0.30826520919799805
261,790.613,2232.4233333333336,7531.333333333336,100,100,1004,1.926883566517947,7.501328021248343,2.1405975818634033,-2232.4233333333336,-0.02243460452882573,43.706905245780945,0.7772515825927258,0.021691557582016685,0.13099254271946847,261,331.8883798267331,0.30826520919799805
262,793.154,2231.683333333334,7617.0,100,100,1008,1.9335429534539654,7.556547619047619,2.154895544052124,-2231.683333333334,-0.02395702397916466,64.057004570961,0.8557632230222225,0.05967571232758928,0.1730143236927688,262,332.0958293832901,0.30826520919799805
263,795.714,2181.0933333333332,7431.333333333334,100,100,1005,1.9539070674751084,7.39436152570481,2.166642665863037,-2181.0933333333332,-0.015180158079601824,79.53190851211548,0.7432821597903967,0.03018691620309255,0.10041232663206756,263,332.29008131058197,0.30826520919799805
264,798.269,2151.4733333333334,7228.66666666667,100,100,1002,1.946184829833867,7.214238190286098,2.1548027992248535,-2151.4733333333334,-0.021169339743210003,44.461387395858765,0.7348139733076096,0.05330496819806285,0.12393043166957796,264,332.4819694715793,0.30826520919799805
265,800.825,2226.726666666667,7665.000000000004,100,100,1011,1.933289218199293,7.581602373887244,2.1591796875,-2226.726666666667,-0.023055759724229574,45.45384305715561,0.8319146689027548,0.028868645775219193,0.13079235656186938,265,332.6831586742581,0.30826520919799805
266,803.867,2235.5033333333336,7503.333333333331,100,100,1008,2.3997263901586097,7.443783068783067,2.631617784500122,-2235.5033333333336,-0.017679804121144116,67.57189238071442,0.7543264422565699,0.03794472834124463,0.11588541697710752,266,332.67831506879287,0.30826520919799805
267,806.855,2254.6533333333314,7645.333333333336,100,100,1005,2.353979405525386,7.607296849087897,2.578031301498413,-2254.6533333333314,-0.012644531554542482,60.40406513214111,0.7804749011993408,0.0547389266139362,0.1165798616129905,267,332.6917452206121,0.30826520919799805
268,809.714,2214.4999999999995,7502.000000000002,100,100,1005,2.2399769163463468,7.464676616915424,2.4602248668670654,-2214.4999999999995,-0.01645313191693276,58.581427335739136,0.6722941612824798,0.07489632037322735,0.13415798643836752,268,332.75818220984405,0.30826520919799805
269,812.579,2245.6366666666668,7464.333333333336,100,100,1001,2.2370007973476933,7.45687645687646,2.4465510845184326,-2245.6366666666668,-0.013273685879539698,69.230752825737,0.6501017212867737,0.07405448776989942,0.11684212973341346,269,332.816740658418,0.30826520919799805
270,819.182,2241.283333333334,7695.333333333333,100,100,1004,2.3249728106327754,7.664674634794157,2.543842077255249,-2241.283333333334,-0.012025809613987803,52.43941277265549,0.639448125846684,0.7818974603869719,0.13099254295229912,270,332.8429286126123,0.30826520919799805
271,822.085,2177.913333333332,7598.666666666662,100,100,1011,2.241555685992698,7.515990768216283,2.4744925498962402,-2177.913333333332,-0.023231978455442004,47.532303273677826,0.730662003159523,0.1386168281242135,0.096105239354074,271,331.4196977301188,0.30826520919799805
272,824.937,2274.4400000000005,7501.333333333334,100,100,1008,2.2179296630340453,7.441798941798942,2.443819046020508,-2274.4400000000005,-0.00722359394421801,46.03110611438751,0.6923314603045583,0.24548148177564144,0.17659505270421505,272,331.49548807876687,0.30826520919799805
273,827.891,2195.2333333333345,7531.333333333331,100,100,1008,2.3155031769189036,7.471560846560845,2.542027473449707,-2195.2333333333345,-0.013985446828883141,45.40914535522461,0.715079196728766,0.08424070882756496,0.14029947947710752,273,331.5304140186113,0.30826520919799805
274,830.871,2185.82,7591.999999999999,100,100,1006,2.35182922620467,7.546719681908548,2.572108030319214,-2185.82,-0.022503566491650417,59.59732961654663,0.7495868131518364,0.07684726787982754,0.16174847120419145,274,331.55216051319525,0.30826520919799805
275,833.493,2336.746666666667,7566.666666666663,100,100,1007,2.003563652619675,7.514068189341274,2.230228900909424,-2336.746666666667,-0.020319676434155554,75.96167647838593,0.7261958513408899,0.07059193834720645,0.16851936420425773,275,331.71707235757026,0.30826520919799805
276,836.055,2195.643333333333,7374.666666666667,100,100,1002,1.9542616780404887,7.359946773120426,2.1630098819732666,-2195.643333333333,-0.022570096043637022,65.92487561702728,0.6632943646982312,0.11045224519330077,0.12765066989231855,276,331.89927126893355,0.30826520919799805
277,838.653,2242.763333333334,7353.333333333335,100,100,1008,1.9817685497978272,7.294973544973547,2.206526517868042,-2242.763333333334,-0.0169860768946819,66.21338093280792,0.676231486722827,0.0854559534418513,0.14469401072710752,277,332.07306007325656,0.30826520919799805
278,841.252,2037.703333333333,7176.666666666665,100,100,1005,1.997435123738439,7.140961857379766,2.210188150405884,-2037.703333333333,-0.023914421093650162,54.682111859321594,0.6326571321114898,0.11576406162203057,0.14842664962634444,278,332.2420801891785,0.30826520919799805
279,843.858,2229.396666666667,7423.666666666663,100,100,1004,1.9728178275513475,7.394090305444884,2.185880422592163,-2229.396666666667,-0.020528408233076334,50.49971956014633,0.6140357218682766,0.06369910518696997,0.14928089478053153,279,332.40563456493646,0.30826520919799805
280,849.56,2197.2866666666673,7733.3333333333385,100,100,1006,1.968849302689817,7.6872100728959625,2.18357515335083,-2197.2866666666673,-0.018745554552879184,42.37093561887741,0.6310016438364983,0.10721135349740507,0.15548573434352875,280,332.5843401891856,0.30826520919799805
281,852.15,2124.143333333333,7463.333333333334,100,100,1010,1.9781461401639673,7.38943894389439,2.1999945640563965,-2124.143333333333,-0.021032408578321338,41.5680456161499,0.5769060924649239,0.053460790863027796,0.1378515623509884,281,331.5365712926928,0.30826520919799805
282,854.757,2132.5899999999997,7379.666666666667,100,100,1014,1.9736711042143287,7.277777777777778,2.207014799118042,-2132.5899999999997,-0.015578738995827734,58.675617933273315,0.634467595256865,0.05602312787959818,0.12818287080153823,282,331.71195966750014,0.30826520919799805
283,857.371,2144.9399999999987,7397.666666666669,100,100,1006,1.991052786096612,7.3535453943008635,2.207120656967163,-2144.9399999999987,-0.01875159639166668,49.74718999862671,0.5573256686329842,0.07469543763727415,0.13712211325764656,283,331.8743162990985,0.30826520919799805
284,859.964,2094.3133333333335,7497.666666666664,100,100,1008,1.9883119041748745,7.438161375661373,2.206338882446289,-2094.3133333333335,-0.018178559723310173,42.335132360458374,0.5639169029891491,0.03869228650000878,0.11425781267462298,284,332.0451542613318,0.30826520919799805
285,862.583,2206.976666666668,7611.333333333333,100,100,1011,1.9996509368878694,7.528519617540389,2.2264461517333984,-2206.976666666668,-0.01909552316647023,44.768107414245605,0.5864193048328161,0.08630116303538671,0.14874387299641967,285,332.2091288039997,0.30826520919799805
286,865.139,2177.7433333333333,7608.999999999998,100,100,1007,1.9509730895966395,7.556107249255212,2.167764663696289,-2177.7433333333333,-0.024584832252003253,54.430383801460266,0.5434120548889041,0.13000676809087963,0.1298724232474342,286,332.39156724206214,0.30826520919799805
287,867.701,2151.1933333333327,7497.333333333333,100,100,1006,1.95479055424082,7.452617627567926,2.1695964336395264,-2151.1933333333327,-0.012288746191188693,46.234066128730774,0.5455860355868936,0.06504421837598784,0.13792883837595582,287,332.569782654328,0.30826520919799805
288,870.28,2132.106666666667,7461.333333333337,100,100,1002,1.9623073875883634,7.4464404524284795,2.16900634765625,-2132.106666666667,-0.016385699243983254,39.65660309791565,0.6388603132218122,0.1341673673596233,0.1386021210346371,288,332.7355297160468,0.30826520919799805
289,872.868,2132.6566666666677,7443.000000000003,100,100,1011,1.9678651842516206,7.362017804154306,2.1936168670654297,-2132.6566666666677,-0.01557380537269637,38.669592440128326,0.6044869273900986,0.028883239392598625,0.15678615239448845,289,332.90748867240603,0.30826520919799805
290,878.54,2019.6033333333337,7389.000000000003,100,100,1006,1.968436481692193,7.344930417495033,2.176135540008545,-2019.6033333333337,-0.026173338410444558,46.387914061546326,0.6463967049494386,0.02830564160103677,0.15920091746374965,290,333.0794030194096,0.30826520919799805
291,881.112,2159.2333333333354,7521.000000000001,100,100,1011,1.9562670643902895,7.439169139465876,2.1814703941345215,-2159.2333333333354,-0.023619911051355302,42.563561856746674,0.6234301161020994,0.027351755161362235,0.14738434506580234,291,332.0815091563048,0.30826520919799805
292,883.67,2075.4100000000003,7383.666666666664,100,100,1005,1.9567326349507443,7.346932006633497,2.167990207672119,-2075.4100000000003,-0.023537768109235913,42.176963806152344,0.687777740880847,0.03038697828014847,0.13906250009313226,292,332.2573444412999,0.30826520919799805
293,886.246,2027.51,7204.666666666668,100,100,1003,1.9732474595269305,7.183117314722501,2.1797540187835693,-2027.51,-0.01832256215857342,50.155665934085846,0.7028179690241814,0.07067351443402003,0.13881949451752007,293,332.4233801074968,0.30826520919799805
294,888.844,2170.606666666667,7486.000000000003,100,100,1004,1.9786848627036415,7.456175298804784,2.192293882369995,-2170.606666666667,-0.027059402083978057,52.673235297203064,0.6629035994410515,0.030737086373846978,0.14226740063168108,294,332.58149008597644,0.30826520919799805
295,891.414,2208.4166666666665,7471.000000000001,100,100,1003,1.9672764734488541,7.4486540378863415,2.1781527996063232,-2208.4166666666665,-0.021184742159675807,45.57156324386597,0.6174473026767373,0.031373699023788504,0.14716569753363729,295,332.7477560810507,0.30826520919799805
296,893.964,2210.503333333333,7522.333333333335,100,100,1011,1.9320846704764312,7.440487965710519,2.1581902503967285,-2210.503333333333,-0.014056734158657491,48.82256442308426,0.6029518898576498,0.12422028885339387,0.16058708680793643,296,332.9293946979231,0.30826520919799805
297,896.491,2197.5299999999997,7356.333333333335,100,100,1010,1.911998418215109,7.283498349834985,2.1362557411193848,-2197.5299999999997,-0.01812505448469892,48.090053617954254,0.6417345926165581,0.041352060572535265,0.12230468716006726,297,333.1177120094558,0.30826520919799805
298,899.022,2241.6499999999996,7548.666666666665,100,100,1010,1.91784851727915,7.473927392739273,2.144604206085205,-2241.6499999999996,-0.017364288622047752,51.06358116865158,0.5964108407497406,0.039846594125265256,0.12927734339609742,298,333.30340232028675,0.30826520919799805
299,901.546,2211.323333333333,7396.000000000001,100,100,1002,1.9276321347674612,7.381237524950101,2.1364524364471436,-2211.323333333333,-0.019400118268094957,57.867868423461914,0.6530162114650011,0.024717759421037044,0.12095424119615927,299,333.48144635964525,0.30826520919799805
300,907.125,2317.229999999999,7687.0,100,100,1006,1.932465802752237,7.641153081510934,2.151456117630005,-2317.229999999999,-0.011156006279634312,69.31838810443878,0.6442524408921599,0.022323736964608543,0.12385360058397055,300,333.65742829395776,0.30826520919799805
301,909.655,2171.083333333334,7337.000000000001,100,100,1005,1.9258955242204947,7.300497512437812,2.138535499572754,-2171.083333333334,-0.023388223024085164,61.03880715370178,0.6545546501874924,0.04016370640601963,0.1146484378259629,301,332.71958511661444,0.30826520919799805
302,912.151,2209.943333333333,7447.333333333334,100,100,1004,1.9000224112597965,7.417662682602923,2.109668731689453,-2209.943333333333,-0.015344546700362116,46.11244350671768,0.5833752425387502,0.05339454475324601,0.14248934690840542,302,332.91000988017237,0.30826520919799805
303,914.676,2162.5799999999986,7401.999999999995,100,100,1001,1.933832565293676,7.3946053946053905,2.1379010677337646,-2162.5799999999986,-0.015437311143614352,44.2439381480217,0.5816364353522658,0.03798678266321076,0.1333484179340303,303,333.08523229946417,0.30826520919799805
304,917.223,2266.2099999999978,7596.666666666663,100,100,1010,1.9292212867104255,7.521452145214518,2.1562793254852295,-2266.2099999999978,-0.01221524178981781,57.878225207328796,0.6421834155917168,0.05412214024545392,0.12265624990686774,304,333.26129139942833,0.30826520919799805
305,919.761,2133.3233333333333,7348.666666666668,100,100,1010,1.9170967344480503,7.275907590759077,2.1387147903442383,-2133.3233333333333,-0.014320237474748865,56.03975301980972,0.5126172862946987,0.07892387340689311,0.12376953102648258,305,333.439749760611,0.30826520919799805
306,922.476,2164.446666666667,7403.666666666668,100,100,1006,2.07249085554505,7.359509609012592,2.2894787788391113,-2164.446666666667,-0.020914107386488467,44.09573817253113,0.6093931291252375,0.05860115753603168,0.11633831495419145,306,333.549391045271,0.30826520919799805
307,925.463,2159.706666666667,7383.666666666669,100,100,1005,2.3523699501483,7.3469320066335015,2.569624185562134,-2159.706666666667,-0.01387715556393232,48.452521562576294,0.5257542515173554,0.04401638331182767,0.14711371529847383,307,333.558583607728,0.30826520919799805
308,928.568,2274.1433333333316,7578.666666666663,100,100,1010,2.451341781686844,7.5036303630363,2.6887896060943604,-2274.1433333333316,-0.01833923044614494,42.710649609565735,0.6246802154928446,0.04769167985068634,0.09916015586350113,308,333.5309239073731,0.30826520919799805
309,931.53,2247.8900000000012,7675.333333333332,100,100,1004,2.3180176306838742,7.644754316069056,2.538058042526245,-2247.8900000000012,-0.019045732682570815,61.701507687568665,0.5643167961388826,0.08186315742932493,0.11656605126336217,309,333.5479102753144,0.30826520919799805
310,938.063,2246.4733333333347,7587.333333333331,100,100,1008,2.208854265013037,7.5271164021164,2.4346749782562256,-2246.4733333333347,-0.01964640780352056,49.42926061153412,0.5921299997717142,0.051648905071488116,0.11018880270421505,310,333.60862404140954,0.30826520919799805
311,941.163,2148.0766666666677,7515.0,100,100,1006,2.4550307140996677,7.470178926441352,2.677678346633911,-2148.0766666666677,-0.01368723250925541,42.51891219615936,0.5298974374309182,0.09234094240673585,0.11544667137786746,311,332.2738801324448,0.30826520919799805
312,944.023,2191.003333333332,7386.0,100,100,1005,2.2364190059125573,7.349253731343284,2.4526455402374268,-2191.003333333332,-0.01883077569073066,60.74018371105194,0.519950027577579,0.08183466343325563,0.12845052091870457,312,332.33239660660297,0.30826520919799805
313,946.898,2073.51,7337.666666666664,100,100,1008,2.224950594753618,7.279431216931214,2.4515817165374756,-2073.51,-0.01818958466174081,39.602263391017914,0.5664675496518612,0.0718169875908643,0.10970052098855376,313,332.38736498909293,0.30826520919799805
314,949.969,2092.216666666666,7317.666666666668,100,100,1007,2.4271204573071774,7.266799073154586,2.649137258529663,-2092.216666666666,-0.020492998097324744,47.98954141139984,0.5160764250904322,0.09349985473090783,0.12046002323040739,314,332.37308513370215,0.30826520919799805
315,952.823,2144.0466666666657,7530.66666666667,100,100,1012,2.2161637364772586,7.441370223978923,2.4483869075775146,-2144.0466666666657,-0.014337591925141169,40.37387353181839,0.5190402064472437,0.0749682802852476,0.1048302287235856,315,332.43946844296255,0.30826520919799805
316,955.621,2210.4233333333345,7546.999999999996,100,100,1010,2.1623964352293474,7.472277227722769,2.390906810760498,-2210.4233333333345,-0.009501632244791836,44.9475200176239,0.6348340176045895,0.04555858472303953,0.12496093707159162,316,332.52307921463034,0.30826520919799805
317,958.522,2292.9399999999987,7973.999999999994,100,100,1007,2.2660492552451736,7.91857000993048,2.4916391372680664,-2292.9399999999987,-0.0165258229826577,75.48900723457336,0.5907128974795341,0.06449428327323403,0.14824010897427797,317,332.5673076374782,0.30826520919799805
318,961.275,2155.493333333334,7495.333333333335,100,100,1003,2.1356008952698957,7.472914589564641,2.3486266136169434,-2155.493333333334,-0.023982289363630116,47.47439223527908,0.5771324476227164,0.06352612027694704,0.13615098129957914,318,332.6580835267779,0.30826520919799805
319,963.955,2182.453333333332,7438.666666666667,100,100,1011,2.0490472778884286,7.357731618859216,2.276068687438965,-2182.453333333332,-0.020734797115437686,46.70716071128845,0.5733269117772579,0.039353926869807765,0.1476428466849029,319,332.78196381667505,0.30826520919799805
320,970.25,2114.2599999999998,7270.666666666667,100,100,1009,2.148290588202027,7.205814337628015,2.374424695968628,-2114.2599999999998,-0.01595387136330828,48.32953763008118,0.6074659619480371,0.027250731309322873,0.11987802875228226,320,332.86554409919466,0.30826520919799805
321,973.048,2174.4433333333354,7347.0,100,100,1007,2.1593876859559766,7.295928500496524,2.3807103633880615,-2174.4433333333354,-0.020332085085101426,51.11999213695526,0.6273894747719169,0.0586526936822338,0.15086851693922654,321,331.7440711824038,0.30826520919799805
322,975.777,2233.763333333333,7519.999999999995,100,100,1007,2.09597149834244,7.467725918570006,2.3188257217407227,-2233.763333333333,-0.0163274192600511,59.362369775772095,0.6360864015296102,0.030123163131065667,0.1521879150532186,322,331.8484618324064,0.30826520919799805
323,978.597,2145.7466666666664,7338.333333333331,100,100,1005,2.197445671083359,7.301824212271971,2.413052797317505,-2145.7466666666664,-0.017715876922011375,42.51729655265808,0.6354622943326831,0.020778520505700726,0.1405056423973292,323,331.9189130252733,0.30826520919799805
324,981.472,2167.3633333333332,7468.000000000005,100,100,1008,2.2352650799254503,7.4087301587301635,2.459484100341797,-2167.3633333333332,-0.01818798983003944,42.83944380283356,0.6546680480241776,0.029292611172422767,0.1481119793606922,324,331.97388822240225,0.30826520919799805
325,984.421,2137.873333333333,7533.666666666672,100,100,1009,2.3056842407259657,7.466468450611172,2.532311201095581,-2137.873333333333,-0.02088872782769613,44.42458027601242,0.6832474693655968,0.04176588297559647,0.12976323312614113,325,332.00441761281235,0.30826520919799805
326,987.477,2136.119999999999,7533.333333333334,100,100,1006,2.4257973168613702,7.4884029158383045,2.6459062099456787,-2136.119999999999,-0.021087141940370202,48.42552292346954,0.6731775160878897,0.02723098475689767,0.10277258860878646,326,331.9954875139474,0.30826520919799805
327,990.448,2208.8633333333323,7709.666666666664,100,100,1011,2.3212999982425884,7.6257830530827535,2.5524280071258545,-2208.8633333333323,-0.02116439741803333,52.430376172065735,0.7073278613388538,0.05244713939464418,0.1409026503097266,327,332.0204086126119,0.30826520919799805
328,993.259,2093.9900000000007,7342.333333333332,100,100,1012,2.1648500975140412,7.2552700922266125,2.395672082901001,-2093.9900000000007,-0.023876709979958832,37.495396971702576,0.6944320239126682,0.0247726282759686,0.11155348550528288,328,332.09984808412736,0.30826520919799805
329,996.156,2043.7533333333342,7286.333333333333,100,100,1010,2.236672474237362,7.214191419141914,2.4636778831481934,-2043.7533333333342,-0.01926225735223852,40.19756990671158,0.6282093562185764,0.05581253784475848,0.10041015618480742,329,332.14767297884873,0.30826520919799805
330,1002.9,2225.7533333333345,7429.666666666666,100,100,1012,2.4530411050967844,7.341567852437417,2.6953372955322266,-2225.7533333333345,-0.01768088957760483,69.44827103614807,0.7204106785356998,0.04129014191858005,0.14216496422886848,330,332.1232070509633,0.30826520919799805
331,1005.707,2129.9233333333336,7501.333333333332,100,100,1009,2.1509690781569755,7.4344235216385846,2.3773651123046875,-2129.9233333333336,-0.02279776125214994,36.378524005413055,0.6446639150381088,0.038333477765263524,0.11116868606768548,331,331.00332224010793,0.30826520919799805
332,1008.583,2203.2766666666666,7527.666666666669,100,100,1004,2.226601692892433,7.497675962815407,2.444676637649536,-2203.2766666666666,-0.014537447365000844,55.135470271110535,0.6831166632473469,0.027070454409113154,0.11146129295229912,332,331.054488073799,0.30826520919799805
333,1011.478,2188.370000000001,7445.333333333333,100,100,1008,2.2762858160791755,7.386243386243386,2.5028274059295654,-2188.370000000001,-0.01925988867878914,38.70411437749863,0.5890335766598582,0.06316323583450867,0.1051432293606922,333,331.1034344741372,0.30826520919799805
334,1014.057,2165.7733333333335,7453.999999999998,100,100,1005,1.9724267683181893,7.4169154228855705,2.1876282691955566,-2165.7733333333335,-0.0029463203391060233,51.835089802742004,0.626154231838882,0.05743850694307184,0.12195095524657518,334,331.25248628984536,0.30826520919799805
335,1016.663,2225.8333333333344,7475.666666666668,100,100,1011,1.978088721276457,7.394329047148039,2.209718704223633,-2225.8333333333344,-0.01131034007994458,53.57145547866821,0.6396076306700706,0.08889567486039596,0.15971583989448845,335,331.39801277294555,0.30826520919799805
336,1019.254,2128.150000000001,7451.333333333334,100,100,1007,1.9773015884919298,7.399536577292288,2.1960866451263428,-2128.150000000001,-0.02018383122049272,40.65584582090378,0.7103493642061949,0.050012716579658445,0.12999709090217948,336,331.5436237387585,0.30826520919799805
337,1021.889,2157.7400000000002,7378.3333333333385,100,100,1006,1.9993771371666793,7.334327369118626,2.2180826663970947,-2157.7400000000002,-0.017504547140561044,47.07809466123581,0.6555699072778225,0.028558023423101986,0.139202615711838,337,331.6732723857989,0.30826520919799805
338,1024.509,2197.4766666666665,7582.666666666669,100,100,1013,1.9875187553218976,7.485357025337284,2.2204699516296387,-2197.4766666666665,-0.018365227813774254,59.10272693634033,0.6862017661333084,0.0452990686026169,0.12446565460413694,338,331.8136305754155,0.30826520919799805
339,1027.101,2173.590000000001,7742.000000000002,100,100,1006,1.9840183887708465,7.695825049701791,2.2019286155700684,-2173.590000000001,-0.021435722650494426,46.72947007417679,0.5769562209025025,0.04177498086937703,0.13657014281488955,339,331.9555373836377,0.30826520919799805
340,1032.841,2176.413333333333,7623.999999999996,100,100,1005,1.9910510460294746,7.5860696517412896,2.2061374187469482,-2176.413333333333,-0.018144945323001593,55.93362784385681,0.6645692400634289,0.027361100430425722,0.10290798614732921,340,332.09279118889293,0.30826520919799805
341,1035.454,2139.840000000002,7421.333333333339,100,100,1010,1.9857308886124578,7.347854785478554,2.2138607501983643,-2139.840000000002,-0.019728713421500288,47.265774846076965,0.6214022329077125,0.04149151543606422,0.12363281194120646,341,331.2237951988975,0.30826520919799805
342,1038.06,2151.653333333332,7411.666666666664,100,100,1009,1.9857676897513634,7.3455566567558614,2.2086193561553955,-2151.653333333332,-0.016635611274978146,50.68360245227814,0.656655672006309,0.01881257312197704,0.12318638362921774,342,331.36432812391564,0.30826520919799805
343,1040.629,2229.5266666666657,7477.33333333333,100,100,1004,1.961279480390629,7.447543160690568,2.1745007038116455,-2229.5266666666657,-0.02030026988359168,53.039921283721924,0.6861209813505411,0.011536448633705731,0.10893110814504325,343,331.5110517235088,0.30826520919799805
344,1043.539,2152.3933333333334,7331.999999999997,100,100,1003,2.2718194406247463,7.310069790628113,2.4864656925201416,-2152.3933333333334,-0.018635390035342425,42.50830441713333,0.6729100188240409,0.014528520099702291,0.111010174266994,344,331.5477717503879,0.30826520919799805
345,1046.423,2159.256666666666,7477.333333333331,100,100,1006,2.245838766839822,7.4327369118621585,2.46829891204834,-2159.256666666666,-0.017155918525531888,47.605409264564514,0.6203726511448622,0.020354778491309844,0.14671790087595582,345,331.59535436610116,0.30826520919799805
346,1049.214,2212.9966666666674,7445.333333333331,100,100,1006,2.151838169922908,7.400927766732933,2.3752388954162598,-2212.9966666666674,-0.02558760909596458,45.18622291088104,0.6482917778193951,0.016340261354343966,0.1248301628511399,346,331.67204764758117,0.30826520919799805
347,1051.966,2186.3633333333332,7560.000000000006,100,100,1001,2.109764034619795,7.552447552447559,2.3202462196350098,-2186.3633333333332,-0.02225314441602677,42.50635528564453,0.5903484132140875,0.04546448387554847,0.16340748802758753,347,331.75581303043816,0.30826520919799805
348,1054.951,2185.5099999999998,7548.333333333333,100,100,1008,2.3348393846794755,7.488425925925926,2.5640807151794434,-2185.5099999999998,-0.02601921942550689,38.10495698451996,0.588003734126687,0.03262467388412915,0.12711588572710752,348,331.77276005385676,0.30826520919799805
349,1057.879,2310.5099999999993,7515.333333333334,100,100,1001,2.2960240756357826,7.507825507825508,2.509204149246216,-2310.5099999999993,-0.017756919492967427,65.35170185565948,0.5583644434809685,0.017667650416115066,0.16182355117052794,349,331.80056302697517,0.30826520919799805
350,1064.154,2291.4833333333336,7448.0,100,100,1008,2.212769842045086,7.388888888888889,2.4460463523864746,-2291.4833333333336,-0.02420389500912279,76.37437212467194,0.6274044224992394,0.022567992127733305,0.1241861981106922,350,331.8557030728263,0.30826520919799805
351,1067.079,2197.8433333333287,7335.666666666661,100,100,1004,2.275967231415494,7.306440903054443,2.4968955516815186,-2197.8433333333287,-0.023027684597764164,63.074180245399475,0.557529971934855,0.030706742054462666,0.11092862254008651,351,330.82558874588557,0.30826520919799805
352,1069.981,2115.659999999999,7158.666666666669,100,100,1004,2.2676511976331755,7.13014608233732,2.485046863555908,-2115.659999999999,-0.01933687730343081,42.190988063812256,0.5520235523581505,0.0247971006683656,0.11936257127672434,352,330.8667934823852,0.30826520919799805
353,1072.659,2178.9199999999983,7521.666666666667,100,100,1009,2.0520692759048567,7.4545754872811365,2.2781543731689453,-2178.9199999999983,-0.022221078746952116,48.99102807044983,0.5690251141786575,0.023063591099344194,0.12097417080076411,353,330.98128916850214,0.30826520919799805
354,1075.263,2148.2666666666673,7325.000000000001,100,100,1006,1.9884850886774437,7.281312127236581,2.204692840576172,-2148.2666666666673,-0.01728157832985744,59.109527707099915,0.5619660820811987,0.013978276554553304,0.1145974867977202,354,331.1153896805122,0.30826520919799805
355,1077.894,2223.4300000000007,7506.666666666666,100,100,1006,1.9936822062019428,7.461895294897283,2.211897850036621,-2223.4300000000007,-0.01420951948966831,40.98366338014603,0.58170878700912,0.01858247766722343,0.11272928025573492,355,331.2403496550874,0.30826520919799805
356,1080.523,2184.6866666666665,7685.999999999998,100,100,1009,2.0062871154109745,7.617443012884042,2.231673002243042,-2184.6866666666665,-0.02263807918643579,45.86843645572662,0.5445027649402618,0.0374815354225575,0.11038145731436089,356,331.36811682524063,0.30826520919799805
357,1083.143,2184.136666666666,7547.333333333337,100,100,1001,2.0172954064800397,7.539793539793543,2.2231690883636475,-2184.136666666666,-0.022731155157089233,42.40687656402588,0.47986933402717113,0.054467371344799176,0.10408727079629898,357,331.4908426784462,0.30826520919799805
358,1085.759,2154.250000000001,7307.333333333336,100,100,1007,1.9996363472872318,7.256537570340949,2.2184414863586426,-2154.250000000001,-0.025551716069458053,45.22786366939545,0.4901177203282714,0.04187025926512433,0.12391954730264843,358,331.6196853383252,0.30826520919799805
359,1088.396,2190.39,7431.666666666662,100,100,1002,2.0162653704982496,7.416833000665331,2.2272024154663086,-2190.39,-0.015583057014737278,59.6948219537735,0.48045195918530226,0.03543064051336842,0.10023716522846371,359,331.73671231360885,0.30826520919799805
360,1094.202,2138.1899999999996,7412.000000000002,100,100,1005,2.0052539331801422,7.375124378109454,2.217092752456665,-2138.1899999999996,-0.020102155482163653,58.67790067195892,0.4708638805896044,0.056373569830611814,0.12074652803130448,360,331.8628860851832,0.30826520919799805
361,1096.884,2150.396666666666,7311.666666666669,100,100,1009,2.031777404471161,7.246448629005618,2.2592618465423584,-2150.396666666666,-0.015915809955913574,59.59924387931824,0.5433918498456478,0.07627294902340509,0.11112882639281452,361,331.00588126355757,0.30826520919799805
362,1099.499,2125.4333333333348,7352.000000000004,100,100,1002,2.009342614530647,7.337325349301401,2.2179336547851562,-2125.4333333333348,-0.02208570041693747,42.75652718544006,0.5228571696206927,0.045837977530027274,0.11679222481325269,362,331.1298792279114,0.30826520919799805
363,1102.125,2247.87,7376.333333333332,100,100,1000,2.0208366001024842,7.376333333333332,2.229837656021118,-2247.87,-0.018476889352314174,56.34724009037018,0.5310272788628936,0.06553924441686831,0.09853515645954758,363,331.2482920273795,0.30826520919799805
364,1104.741,2097.366666666667,7281.333333333336,100,100,1004,2.0047130497530534,7.252324037184597,2.2166483402252197,-2097.366666666667,-0.01102379715302959,36.950709998607635,0.527989505790174,0.06879572743491735,0.10324929025955498,364,331.37273063525504,0.30826520919799805
365,1107.402,2240.7799999999993,7574.666666666668,100,100,1011,2.0076641931523715,7.4922518958127275,2.2372612953186035,-2240.7799999999993,-0.01829854224342853,47.67471623420715,0.5738441357389092,0.07943711928965058,0.1028167128097266,365,331.489319762294,0.30826520919799805
366,1110.018,2150.5800000000004,7487.999999999999,100,100,1005,2.004054824668747,7.450746268656715,2.21720814704895,-2150.5800000000004,-0.013883625040762126,41.81088250875473,0.5670748194679618,0.04365036273520673,0.10863715317100286,366,331.6136698572944,0.30826520919799805
367,1112.676,2196.4033333333336,7551.000000000001,100,100,1008,2.034092757856429,7.49107142857143,2.257892608642578,-2196.4033333333336,-0.019831494078971446,56.50703465938568,0.5488969795405865,0.042572942045808304,0.09895833348855376,367,331.72721783505307,0.30826520919799805
368,1115.318,2072.859999999999,7241.666666666668,100,100,1009,1.9991311216514605,7.177073009580444,2.21891450881958,-2072.859999999999,-0.018232934700790793,44.269333839416504,0.5571870524436235,0.041187693474057596,0.0861866227351129,368,331.84618148111105,0.30826520919799805
369,1117.939,2117.5000000000005,7255.33333333333,100,100,1005,2.0045547261926813,7.219237147595353,2.218395948410034,-2117.5000000000005,-0.02037844283040613,35.60381942987442,0.578714489005506,0.05889338278939249,0.10013020841870457,369,331.9670641203387,0.30826520919799805
370,1123.764,2130.6266666666647,7242.000000000004,100,100,1003,2.008223330002215,7.220338983050851,2.217686891555786,-2130.6266666666647,-0.017255855418625288,52.56069266796112,0.541772891767323,0.0527210224972805,0.10858012340031564,370,332.0847985316661,0.30826520919799805
371,1126.433,2165.676666666666,7501.333333333333,100,100,1002,2.044201895576937,7.486360612109115,2.254411458969116,-2165.676666666666,-0.014980573789216578,36.81278622150421,0.5408224314451218,0.042806819757970516,0.08410063269548118,371,331.2438797230006,0.30826520919799805
372,1129.063,2188.0733333333324,7395.999999999998,100,100,1006,2.0111146136270337,7.351888667992046,2.2296576499938965,-2188.0733333333324,-0.017027223424520344,56.03999221324921,0.5971604995429516,0.026798391198099125,0.08483355975477025,372,331.3632186742516,0.30826520919799805
373,1131.716,2219.4833333333345,7579.666666666671,100,100,1003,2.0421383848343257,7.5569956796277875,2.255188465118408,-2219.4833333333345,-0.017936618998646736,50.52994430065155,0.5737983090803027,0.06486128301548888,0.10737645369954407,373,331.4726549709637,0.30826520919799805
374,1134.306,2189.476666666666,7537.33333333333,100,100,1010,1.947723465884049,7.462706270627059,2.1757118701934814,-2189.476666666666,-0.017833906633313745,42.87377893924713,0.6087135644629598,0.06141147404741787,0.08513671858236194,374,331.60616109439457,0.30826520919799805
375,1136.862,2158.646666666668,7273.000000000004,100,100,1007,1.942775273037096,7.222442899702089,2.1594109535217285,-2158.646666666668,-0.012933654252265114,52.11845052242279,0.5489359982311726,0.07295655511552468,0.11380069772712886,375,331.7465237253596,0.30826520919799805
376,1139.444,2261.446666666666,7572.999999999998,100,100,1006,1.959301191673727,7.5278330019880695,2.1803171634674072,-2261.446666666666,-0.012747151544317603,69.3084192276001,0.6334522413089871,0.059896402795857284,0.10124405566602945,376,331.8776037203646,0.30826520919799805
377,1142.073,2217.653333333334,7747.999999999997,100,100,1010,1.9960056440582001,7.671287128712868,2.222710371017456,-2217.653333333334,-0.016441432002466172,41.14405184984207,0.6091587450355291,0.04799879729398526,0.08603515604045242,377,331.9981421117767,0.30826520919799805
378,1144.617,2065.0799999999995,7452.666666666666,100,100,1001,1.9462313675149516,7.445221445221445,2.1496708393096924,-2065.0799999999995,-0.01597350463271141,40.267985105514526,0.5853153979405761,0.03384160218411125,0.12031964538618922,378,332.13461010651645,0.30826520919799805
379,1147.179,2151.2966666666666,7371.333333333333,100,100,1005,1.951231841294475,7.334660033167496,2.1656360626220703,-2151.2966666666666,-0.019818796892650425,47.35072386264801,0.614406599663198,0.032199650107941125,0.09825303836259991,379,332.2688947364608,0.30826520919799805
380,1152.834,2120.4099999999994,7359.666666666668,100,100,1006,1.956273658940787,7.315772034459909,2.1729133129119873,-2120.4099999999994,-0.017074247560231015,53.09544587135315,0.5937758227810264,0.08211689587915316,0.11595618212595582,380,332.39738020525436,0.30826520919799805
381,1155.427,2201.6133333333337,7429.666666666666,100,100,1005,1.9617627841647511,7.392703150912106,2.1757936477661133,-2201.6133333333337,-0.016755268443375826,40.097506642341614,0.5968127809464931,0.03607191037735902,0.09755859384313226,381,331.63770426574445,0.30826520919799805
382,1158.011,2187.059999999999,7609.999999999999,100,100,1002,1.9795062884125123,7.594810379241516,2.18853497505188,-2187.059999999999,-0.01729081434677937,45.41795480251312,0.6056329002603889,0.110338809521636,0.11411830375436693,382,331.76282233437956,0.30826520919799805
383,1160.579,2072.99,7245.333333333333,100,100,1011,1.9431835820927892,7.166501813386086,2.1677122116088867,-2072.99,-0.01601140934508294,44.929592967033386,0.6176282307133079,0.04908286876161583,0.11343443673104048,383,331.8998402771083,0.30826520919799805
384,1163.397,2177.9633333333336,7380.333333333334,100,100,1004,2.178514641347857,7.350929614873839,2.395317554473877,-2177.9633333333336,-0.01924569089896977,41.70357918739319,0.6015896489843726,0.0648263386101462,0.10693359398283064,384,331.95889200417616,0.30826520919799805
385,1166.285,2188.163333333333,7447.333333333331,100,100,1010,2.239665345376413,7.373597359735972,2.4693751335144043,-2188.163333333333,-0.015901016420684755,39.42363089323044,0.5349495112895966,0.0255601371100056,0.08603515615686774,385,332.0029358700585,0.30826520919799805
386,1169.129,2142.290000000001,7310.000000000003,100,100,1007,2.2060135052268426,7.259185700099308,2.428102731704712,-2142.290000000001,-0.01763831835705787,43.76982194185257,0.5690265269950032,0.06775346595350129,0.08166763611370698,386,332.0566024619022,0.30826520919799805
387,1171.864,2024.3533333333335,7319.333333333329,100,100,1005,2.1083697528388368,7.282918739635154,2.3202648162841797,-2024.3533333333335,-0.013342762540560216,41.34444469213486,0.46276122238487005,0.06512367077084491,0.08527560788206756,387,332.139276964176,0.30826520919799805
388,1174.634,2246.123333333333,7636.33333333333,100,100,1006,2.127271371353862,7.590788601722992,2.349424123764038,-2246.123333333333,-0.01606880419421941,62.54275739192963,0.5400925036519766,0.07035320087743457,0.09691321337595582,388,332.2123461868388,0.30826520919799805
389,1177.56,2060.876666666667,7173.333333333332,100,100,1005,2.282643881719096,7.13764510779436,2.497784376144409,-2060.876666666667,-0.012283646152354777,38.02977603673935,0.4793981369584799,0.1249067286735226,0.07864583341870457,389,332.2403542419068,0.30826520919799805
390,1183.796,2243.7799999999993,7487.3333333333285,100,100,1006,2.2529649111270076,7.4426772697150385,2.475607395172119,-2243.7799999999993,-0.016018724185414612,56.66388297080994,0.5692529436200857,0.07815104143082863,0.09009850537404418,390,332.2757876641621,0.30826520919799805
391,1186.61,2216.0300000000007,7447.333333333331,100,100,1008,2.1659745020553514,7.388227513227511,2.3945538997650146,-2216.0300000000007,-0.010576913075055927,44.097949862480164,0.5432714559137821,0.07706238548234978,0.09244791674427688,391,331.4036526168418,0.30826520919799805
392,1189.488,2123.3433333333332,7193.333333333331,100,100,1005,2.2355906457978474,7.157545605306797,2.45259690284729,-2123.3433333333332,-0.009673868247773498,30.3580961227417,0.5411753281950951,0.05071885241341079,0.1175781253259629,392,331.446876082562,0.30826520919799805
393,1192.305,2165.8966666666656,7253.000000000003,100,100,1010,2.187093960739082,7.181188118811884,2.4167611598968506,-2165.8966666666656,-0.01927912625251338,49.0801859498024,0.6719558127224445,0.03906627628748538,0.09685546858236194,393,331.5107437969516,0.30826520919799805
394,1194.899,2128.639999999999,7270.333333333332,100,100,1003,1.978383946454418,7.248587570621468,2.1906256675720215,-2128.639999999999,-0.019755773959332146,36.40177685022354,0.6892408449202776,0.029665284637303557,0.07711437123361975,394,331.6305466509113,0.30826520919799805
395,1197.471,2166.1600000000008,7462.000000000004,100,100,1002,1.964741615702151,7.4471057884231575,2.1711959838867188,-2166.1600000000008,-0.015455013723112643,47.81724411249161,0.6635449547320604,0.037500324404390994,0.08210100466385484,395,331.7549072167021,0.30826520919799805
396,1200.064,2100.0366666666687,7292.333333333341,100,100,1011,1.9722477774505165,7.212990438509734,2.195544958114624,-2100.0366666666687,-0.021523749106563628,48.26909279823303,0.632228234782815,0.052786609193844924,0.15105124097317457,396,331.88059027100553,0.30826520919799805
397,1202.635,2097.5800000000004,7234.666666666667,100,100,1003,1.9600658024292614,7.213027583914922,2.166588068008423,-2097.5800000000004,-0.022217507066670805,38.13023525476456,0.6663397401571274,0.056925988144939765,0.10418559238314629,397,332.00505532625806,0.30826520919799805
398,1205.22,2067.2866666666678,7292.333333333332,100,100,1001,1.9862881118941542,7.285048285048284,2.1899118423461914,-2067.2866666666678,-0.013856204321200494,43.27372455596924,0.6070918757468462,0.03639358530926984,0.08943883352912962,398,332.12363273968623,0.30826520919799805
399,1207.816,2159.8433333333332,7540.66666666667,100,100,1004,1.973048108305218,7.510624169986722,2.183764934539795,-2159.8433333333332,-0.020326039753854275,38.97622185945511,0.6145731676369905,0.050583109119543224,0.07932350900955498,399,332.24105226350684,0.30826520919799805
400,1213.494,2101.2866666666655,7443.666666666665,100,100,1003,1.951017246278911,7.421402459288799,2.1570074558258057,-2101.2866666666655,-0.014165310771204531,35.31058079004288,0.6752277072519064,0.0354908697627252,0.09808775456622243,400,332.36498615183086,0.30826520919799805
401,1216.111,2117.546666666666,7188.0,100,100,1013,1.9771371165250022,7.095755182625863,2.207885265350342,-2117.546666666666,-0.010396522528026253,54.39809989929199,0.6475065192207694,0.053960604323947337,0.08743919525295496,401,331.6326873643571,0.30826520919799805
402,1218.683,2050.7233333333343,7092.333333333337,100,100,1007,1.9605115206094594,7.043032108573324,2.1734516620635986,-2050.7233333333343,-0.008979849240859039,49.088324189186096,0.6503849504515529,0.07951856419094838,0.07651471032295376,402,331.7588899586351,0.30826520919799805
403,1221.28,2099.886666666667,7337.333333333335,100,100,1003,1.9737358930672064,7.315387171817881,2.1828453540802,-2099.886666666667,-0.01335086568724364,36.75466859340668,0.6619976982474327,0.06746796321385773,0.08367777965031564,403,331.87476136103663,0.30826520919799805
404,1223.875,2057.7066666666656,7385.333333333331,100,100,1011,1.9726945593046683,7.304978569073523,2.196629524230957,-2057.7066666666656,-0.015823932393686846,49.24521905183792,0.6492524165660143,0.06942518108371587,0.06741153507027775,404,331.9971219924359,0.30826520919799805
405,1226.48,2106.4533333333325,7325.999999999999,100,100,1006,1.987265011899277,7.282306163021868,2.2042858600616455,-2106.4533333333325,-0.01321403420297429,30.02162230014801,0.6597694456577301,0.053267456009052694,0.07935631804866716,405,332.1121972535422,0.30826520919799805
406,1229.077,2092.0633333333326,7360.0,100,100,1008,1.9720640886502916,7.301587301587301,2.1902172565460205,-2092.0633333333326,-0.0165858317486709,34.68954575061798,0.6827469170093536,0.030319940062327078,0.09895833337213844,406,332.23074792503695,0.30826520919799805
407,1231.674,2161.733333333335,7388.0000000000055,100,100,1003,1.9869804551782215,7.3659022931206435,2.1976587772369385,-2161.733333333335,-0.01984848256688565,38.421493113040924,0.743501678109169,0.01608955828487524,0.08733421191573143,407,332.3443894210021,0.30826520919799805
408,1234.286,2172.373333333332,7201.999999999998,100,100,1003,1.9855719855461913,7.180458624127615,2.197880744934082,-2172.373333333332,-0.011780855304095894,49.648693203926086,0.729407163336873,0.050729604619846214,0.09368186770007014,408,332.45408091218826,0.30826520919799805
409,1236.905,2270.750000000002,7648.333333333335,100,100,1008,1.9894087282221926,7.587632275132276,2.2127180099487305,-2270.750000000002,-0.01911757653579116,45.45326232910156,0.7694204673171043,0.05531893824081635,0.08170572947710752,409,332.56474016980604,0.30826520919799805
410,1242.619,2099.75,7341.333333333331,100,100,1004,1.9967658388422824,7.312084993359892,2.2072548866271973,-2099.75,-0.01864720170851797,33.970312893390656,0.796498779207468,0.03045325685525313,0.08553799730725586,410,332.673619711535,0.30826520919799805
411,1245.219,2244.986666666668,7573.0,100,100,1010,1.95879307068368,7.498019801980198,2.18566632270813,-2244.986666666668,-0.015914717689156532,47.89440155029297,0.8238607589155436,0.04092842442332767,0.0749023436801508,411,331.96174182225144,0.30826520919799805
412,1247.811,2209.4733333333334,7438.666666666665,100,100,1009,1.9532479671161433,7.372315824248429,2.178297758102417,-2209.4733333333334,-0.020862362114712596,51.9039489030838,0.8862750269472599,0.021035024408774916,0.10095463937614113,412,332.08066527173213,0.30826520919799805
413,1250.39,2283.4199999999987,7530.999999999998,100,100,1001,1.9722093918037924,7.523476523476521,2.178288698196411,-2283.4199999999987,-0.02092468272894621,54.71076172590256,0.7606455180794001,0.033050847814593,0.06621570093557239,413,332.19625127254704,0.30826520919799805
414,1252.937,2213.466666666666,7510.666666666669,100,100,1010,1.925146237412228,7.436303630363039,2.1499481201171875,-2213.466666666666,-0.01306226164160762,43.212512850761414,0.6912141423672438,0.09362814097403316,0.09460937487892807,414,332.32734406048513,0.30826520919799805
415,1255.455,2167.333333333333,7384.666666666668,100,100,1004,1.912455081562159,7.355245683930944,2.1222481727600098,-2167.333333333333,-0.012885431729955599,40.04871046543121,0.7255110014230013,0.03686573415325256,0.07244318188168108,415,332.46031707094363,0.30826520919799805
416,1258.006,2203.846666666667,7570.999999999997,100,100,1011,1.9266474781314724,7.488625123639958,2.152379035949707,-2203.846666666667,-0.01691368129104376,45.95735239982605,0.814287606626749,0.0661681883939309,0.09756050887517631,416,332.5901283753297,0.30826520919799805
417,1260.549,2229.3066666666664,7634.000000000005,100,100,1009,1.921625968486041,7.56590683845392,2.1459012031555176,-2229.3066666666664,-0.021614269178826362,51.18229699134827,0.6247345143929124,0.0897874248912558,0.12885642517358065,417,332.7192009938443,0.30826520919799805
418,1263.097,2198.9066666666663,7398.999999999999,100,100,1011,1.9265475781251236,7.318496538081107,2.152482748031616,-2198.9066666666663,-0.016785487183369696,42.305869579315186,0.6839144378900528,0.13537535483192187,0.09171070787124336,418,332.84852116178695,0.30826520919799805
419,1265.651,2048.4666666666662,7260.999999999999,100,100,1011,1.9354593490308443,7.1819980217606325,2.156270980834961,-2048.4666666666662,-0.015153604093939066,37.37525951862335,0.583715034648776,0.08682044082888751,0.09316597762517631,419,332.975618221173,0.30826520919799805
420,1271.216,2104.296666666667,7261.0,100,100,1010,1.9181325758512289,7.189108910891089,2.1398870944976807,-2104.296666666667,-0.013425469805952162,37.418395936489105,0.6084278225898743,0.09798541838972596,0.09259765595197678,420,333.10559627346936,0.30826520919799805
421,1273.769,2082.3600000000006,7388.333333333339,100,100,1004,1.9340263935876454,7.358897742363884,2.138814687728882,-2082.3600000000006,-0.017454326705774292,58.46638107299805,0.5486861728131771,0.04359471634961665,0.08966619311831892,421,332.4346090708882,0.30826520919799805
422,1276.354,2069.2566666666667,7164.66666666667,100,100,1007,1.947634856659612,7.114862628268789,2.161175489425659,-2069.2566666666667,-0.017225599731318653,45.39881354570389,0.5945491874590516,0.07858907749323407,0.08406748657580465,422,332.5502447239151,0.30826520919799805
423,1278.902,2249.963333333333,7492.000000000001,100,100,1010,1.9255097021837488,7.417821782178219,2.1509478092193604,-2249.963333333333,-0.01089595552184619,46.96647548675537,0.6082889949902892,0.07399209168215748,0.09070312487892807,423,332.67759368013105,0.30826520919799805
424,1281.492,2163.7266666666656,7298.999999999997,100,100,1010,1.9423927714135314,7.226732673267324,2.1646134853363037,-2163.7266666666656,-0.02015891272458248,44.18653601408005,0.5110914548859,0.1542027235191199,0.13402343704365194,424,332.79344751499434,0.30826520919799805
425,1284.364,2050.5133333333342,7318.666666666667,100,100,1008,2.2282821403692536,7.260582010582011,2.447812557220459,-2050.5133333333342,-0.014004206750541925,42.18759948015213,0.4794098837301135,0.12260155276453588,0.09521484375,425,332.8342851472156,0.30826520919799805
426,1287.444,2044.8933333333355,7411.3333333333385,100,100,1005,2.435009750834115,7.374461028192377,2.652195930480957,-2044.8933333333355,-0.014023871684912592,43.628865480422974,0.5052020652219653,0.12067318968911422,0.09704861138015985,426,332.81835294349673,0.30826520919799805
427,1290.523,2198.9466666666654,7559.0,100,100,1006,2.4248705777639588,7.513916500994036,2.6505401134490967,-2198.9466666666654,-0.011414225533371791,39.33824402093887,0.5276621002703905,0.09943955564449425,0.09213654906488955,427,332.8041030818487,0.30826520919799805
428,1293.365,2281.8233333333324,7561.333333333335,100,100,1003,2.2046577261068143,7.538717181787971,2.4211509227752686,-2281.8233333333324,-0.014879637048579752,53.75257259607315,0.5667071752250195,0.027110705384984612,0.10442405520007014,428,332.84803575073875,0.30826520919799805
429,1296.255,2261.1566666666663,7728.666666666665,100,100,1010,2.229025839749576,7.65214521452145,2.4609644412994385,-2261.1566666666663,-0.013234270212706178,50.022686183452606,0.5103139178827405,0.044558358375070384,0.06589843740221113,429,332.88514198530015,0.30826520919799805
430,1303.075,2190.7566666666658,7328.999999999997,100,100,1007,2.432375273375024,7.278053624627604,2.6574583053588867,-2190.7566666666658,-0.017121384560596198,37.41257131099701,0.5031698569655418,0.056492759358661715,0.09790558472741395,430,332.8658047255288,0.30826520919799805
431,1305.881,2148.2099999999996,7399.999999999998,100,100,1008,2.1566857152114003,7.341269841269839,2.378528594970703,-2148.2099999999996,-0.015013838128652424,47.60822385549545,0.558498514816165,0.14598821194522316,0.1269531254656613,431,331.9745736758449,0.30826520919799805
432,1308.724,2128.0666666666657,7615.333333333335,100,100,1008,2.192307440661049,7.554894179894181,2.416074514389038,-2128.0666666666657,-0.017770678125089034,39.65039563179016,0.4593401364982128,0.11700438549451064,0.1386718754656613,432,332.0233340311379,0.30826520919799805
433,1311.704,2281.3833333333337,7648.333333333333,100,100,1010,2.323028911711962,7.572607260726072,2.554868698120117,-2281.3833333333337,-0.01503580843564123,58.256204187870026,0.5107814120128751,0.04574766373843886,0.09162109345197678,433,332.039202455465,0.30826520919799805
434,1314.439,2162.0966666666677,7324.333333333334,100,100,1006,2.043564311389776,7.280649436713055,2.2611958980560303,-2162.0966666666677,-0.013252163713332266,47.8972909450531,0.4104444133117795,0.07397428473632317,0.1172299591707997,434,332.11367127986875,0.30826520919799805
435,1317.334,2137.196666666667,7375.333333333334,100,100,1010,2.2488179205142256,7.302310231023103,2.476436138153076,-2137.196666666667,-0.008347003604285419,41.07903462648392,0.4478652663528919,0.09923353220074205,0.09685546858236194,435,332.15049087481145,0.30826520919799805
436,1320.181,2183.820000000001,7539.666666666668,100,100,1009,2.1953328063331243,7.472414932276182,2.4204704761505127,-2183.820000000001,-0.00789466529386118,43.85084015130997,0.42013009637594223,0.13546813011635095,0.08840880100615323,436,332.1983090583364,0.30826520919799805
437,1322.985,2172.7266666666656,7255.666666666665,100,100,1004,2.135300299313209,7.226759628154049,2.35189151763916,-2172.7266666666656,-0.00997981391265057,37.31079947948456,0.4265516810119152,0.14402728253480745,0.07981179025955498,437,332.25322029441696,0.30826520919799805
438,1325.663,2152.423333333335,7327.000000000002,100,100,1007,2.050504666779009,7.2760675273088395,2.2683334350585938,-2152.423333333335,-0.01231245743110776,42.98297339677811,0.4112395728006959,0.0688005790943862,0.08641539211384952,438,332.3415644996198,0.30826520919799805
439,1328.473,2113.353333333333,7494.666666666667,100,100,1012,2.155739030425286,7.405797101449275,2.386082649230957,-2113.353333333333,-0.01117036395589821,28.328198194503784,0.44855002127587795,0.17536924526575604,0.08469801698811352,439,332.4004003316456,0.30826520919799805
440,1334.603,2147.5666666666652,7393.999999999998,100,100,1009,2.1821894946926235,7.328047571853318,2.4063029289245605,-2147.5666666666652,-0.01341555395629257,32.58684813976288,0.4478778447955847,0.05662886275240453,0.08299784763948992,440,332.45490803135385,0.30826520919799805
441,1337.368,2139.3066666666673,7416.000000000003,100,100,1012,2.107838834677326,7.328063241106722,2.341928482055664,-2139.3066666666673,-0.01395671593490988,60.19455587863922,0.39405735582113266,0.15072109476022888,0.09127103420905769,441,331.7006610977956,0.30826520919799805
442,1340.249,2097.29,7418.666666666663,100,100,1008,2.2313589291852187,7.359788359788356,2.453282594680786,-2097.29,-0.010366309084929526,34.940318524837494,0.4180245688185096,0.11029817946837284,0.08805338572710752,442,331.7397582099029,0.30826520919799805
443,1343.158,2124.7700000000004,7293.999999999997,100,100,1010,2.2346641603248694,7.221782178217819,2.4600577354431152,-2124.7700000000004,-0.012554675715364283,31.739962458610535,0.43479382432997227,0.07718042798660463,0.08416015608236194,443,331.77340626440235,0.30826520919799805
444,1346.168,2067.523333333333,7298.000000000001,100,100,1013,2.3462771954518713,7.204343534057257,2.5813231468200684,-2067.523333333333,-0.014622291084378958,30.370076417922974,0.45333857275545597,0.10571669597993605,0.10259433975443244,444,331.7840317400478,0.30826520919799805
445,1349.198,2059.836666666667,7345.333333333338,100,100,1006,2.3802814129869607,7.301524188204113,2.598423957824707,-2059.836666666667,-0.01687444665003568,33.83057814836502,0.4632822750136256,0.08771830869955011,0.09563943650573492,445,331.7845518638753,0.30826520919799805
446,1352.123,1998.1100000000004,7381.33333333333,100,100,1005,2.2688886570044566,7.344610281923711,2.4808619022369385,-1998.1100000000004,-0.01359111478086561,35.66218388080597,0.39416173473000526,0.09729821806831751,0.08255208353511989,446,331.80999052143125,0.30826520919799805
447,1354.922,2123.5966666666673,7413.0000000000055,100,100,1011,2.1504475758157664,7.332344213649857,2.3791985511779785,-2123.5966666666673,-0.018029673607088625,34.099568367004395,0.4098323034122586,0.11390510375281337,0.09023629000876099,447,331.8708173245665,0.30826520919799805
448,1357.898,2180.830000000001,7300.0,100,100,1007,2.3261374396724253,7.249255213505462,2.5476255416870117,-2180.830000000001,-0.016534964233869687,46.10794252157211,0.4408457539975643,0.06014023537863977,0.09245137928519398,448,331.88491174324196,0.30826520919799805
449,1360.958,2155.116666666668,7574.33333333333,100,100,1010,2.404495349296802,7.499339933993396,2.634456157684326,-2155.116666666668,-0.014744547312147915,39.86596465110779,0.46858246345072985,0.08415247034281492,0.09601562470197678,449,331.88098762678345,0.30826520919799805
450,1367.322,2067.4766666666656,7320.666666666666,100,100,1009,2.3051916752693615,7.2553683515031375,2.5302233695983887,-2067.4766666666656,-0.01937354903202504,50.823364555835724,0.40883219987154007,0.13095491688727634,0.0959522477351129,450,331.9019399455182,0.30826520919799805
451,1370.38,2084.733333333332,7240.666666666666,100,100,1013,2.3893629805702505,7.147745969068772,2.6237411499023438,-2084.733333333332,-0.01865913107758388,38.67020982503891,0.4799817791208625,0.06695967830455629,0.09195349365472794,451,331.07470906186165,0.30826520919799805
452,1373.003,2129.26,7526.6666666666715,100,100,1006,2.0020106358585092,7.4817760106030535,2.2170910835266113,-2129.26,-0.014733383781276643,39.88851308822632,0.5223069870844483,0.08555109573353548,0.08810292184352875,452,331.174829033276,0.30826520919799805
453,1375.576,2182.579999999998,7284.000000000002,100,100,1009,1.9504661058935053,7.219028741328049,2.1716911792755127,-2182.579999999998,-0.015610239912348334,53.93731164932251,0.4964594589546323,0.12472697256453102,0.09159757662564516,453,331.28887368189123,0.30826520919799805
454,1378.168,2083.1766666666676,7300.333333333331,100,100,1016,1.956969291277919,7.185367454068239,2.191565752029419,-2083.1766666666676,-0.01338276156457141,40.61102342605591,0.48088157176971436,0.09057475409645122,0.08049665205180645,454,331.4030623915261,0.30826520919799805
455,1380.755,2055.7900000000004,7305.333333333332,100,100,1016,1.944780512667063,7.19028871391076,2.1757049560546875,-2055.7900000000004,-0.01624663348775357,42.59776067733765,0.4845746885985136,0.16853522704332136,0.08628627262078226,455,331.5179664970173,0.30826520919799805
456,1383.339,2047.7900000000002,7071.333333333333,100,100,1003,1.9610383833831888,7.050182784978398,2.1676652431488037,-2047.7900000000002,-0.006283044465817511,48.21561646461487,0.4859114708378911,0.16636375082816812,0.08393895369954407,456,331.6240252853344,0.30826520919799805
457,1385.89,2077.386666666668,7419.999999999999,100,100,1007,1.938378452110662,7.368421052631578,2.1499409675598145,-2077.386666666668,-0.017065146821551025,38.99186986684799,0.458045894280076,0.15724909100390505,0.08126246626488864,457,331.7399003417026,0.30826520919799805
458,1388.466,2180.313333333333,7452.0,100,100,1009,1.9495050562222602,7.385530227948464,2.172943592071533,-2180.313333333333,-0.010719291400164366,48.16068911552429,0.426904184743762,0.12340453431534115,0.08799027430359274,458,331.8511640642222,0.30826520919799805
459,1391.01,2169.2166666666653,7391.999999999996,100,100,1003,1.9368631124555886,7.369890329012957,2.1465859413146973,-2169.2166666666653,-0.01373594906181097,73.22931230068207,0.421697192825377,0.08285229824468843,0.08515397924929857,459,331.9651571060665,0.30826520919799805
460,1396.685,2217.123333333332,7389.9999999999945,100,100,1009,1.9499169489760155,7.324083250743305,2.1733267307281494,-2217.123333333332,-0.003486887231701985,53.45387780666351,0.4610017081722617,0.027920136737520806,0.07462731172563508,460,332.0765184605498,0.30826520919799805
461,1399.272,2253.9199999999996,7647.999999999999,100,100,1006,1.9486094443090483,7.602385685884691,2.1642987728118896,-2253.9199999999996,-0.01722010876983404,49.039916813373566,0.42879143729805946,0.0369631092689815,0.10081946308491752,461,331.4453150875413,0.30826520919799805
462,1401.997,2207.550000000001,7530.333333333335,100,100,1007,2.070639620381551,7.4779874213836495,2.2901971340179443,-2207.550000000001,-0.015438726659340318,54.402647256851196,0.43989964853972197,0.04738488963084819,0.09276304836384952,462,331.5193083349128,0.30826520919799805
463,1404.972,2115.286666666666,7366.666666666665,100,100,1005,2.3301627859936573,7.330016583747925,2.548194646835327,-2115.286666666666,-0.009179604996461421,34.95433568954468,0.4414698574692011,0.10686171674933576,0.11748046893626451,463,331.5327852840739,0.30826520919799805
464,1407.939,2131.553333333334,7287.333333333336,100,100,1007,2.3255897707850584,7.236676597153263,2.550196647644043,-2131.553333333334,-0.015411618689540774,33.95877718925476,0.5167319057509303,0.03906784937134944,0.09485122992191464,464,331.54907032541087,0.30826520919799805
465,1410.762,1962.0966666666664,7090.333333333331,100,100,1008,2.167056248239648,7.034060846560845,2.3854103088378906,-1962.0966666666664,-0.01755841833073646,42.63365709781647,0.5104568740352988,0.08162012566754129,0.0895182293606922,465,331.60013361956555,0.30826520919799805
466,1413.561,2184.1866666666697,7537.333333333333,100,100,1006,2.1429657055459415,7.4923790589794566,2.3633460998535156,-2184.1866666666697,-0.021920089959166944,44.92587608098984,0.5399272479116917,0.030501048371661454,0.11041525134351104,466,331.6555656456587,0.30826520919799805
467,1416.425,2095.426666666667,7299.333333333336,100,100,1008,2.2184698397131073,7.241402116402119,2.4443695545196533,-2095.426666666667,-0.014196920325048268,51.133145570755005,0.5266176890581846,0.07639659817505162,0.1214192712213844,467,331.69645585686845,0.30826520919799805
468,1419.462,2227.92,7536.000000000003,100,100,1007,2.378825820004891,7.483614697120162,2.604633092880249,-2227.92,-0.013837221718858927,39.9528591632843,0.4584443997591734,0.035144103793754766,0.12995553482323885,468,331.69606503134054,0.30826520919799805
469,1422.359,2065.01,7379.666666666666,100,100,1004,2.259442727781825,7.3502656042496675,2.467853546142578,-2065.01,-0.01653406597324647,49.286879658699036,0.482462334446609,0.04006264091003686,0.09752308251336217,469,331.726350429424,0.30826520919799805
470,1428.859,2159.0400000000004,7346.33333333333,100,100,1005,2.2593074629954364,7.3097844112769454,2.475440502166748,-2159.0400000000004,-0.01752335682976991,46.863063752651215,0.555472681298852,0.0334179340643459,0.10311414976604283,470,331.7548489174348,0.30826520919799805
471,1431.729,2162.803333333334,7450.666666666665,100,100,1008,2.2345126003889915,7.39153439153439,2.4580423831939697,-2162.803333333334,-0.019529137935023755,44.016577303409576,0.631605408154428,0.005787758607766591,0.0875651043606922,471,330.96139859065806,0.30826520919799805
472,1434.354,2121.1966666666676,7336.333333333333,100,100,1000,2.0065043991198763,7.336333333333333,2.2087578773498535,-2121.1966666666676,-0.007034781650872901,101.40492880344391,0.6529223946854472,0.0428464024735149,0.0988281249301508,472,331.052755570517,0.30826520919799805
473,1436.966,2218.413333333333,7364.33333333333,100,100,1007,1.9849614692711324,7.3131413439258495,2.204812526702881,-2218.413333333333,-0.013495047111064196,47.72692275047302,0.666596719995141,0.04149692378996406,0.09702252317219973,473,331.15206021520254,0.30826520919799805
474,1439.547,2096.0233333333335,7336.333333333338,100,100,1003,1.9725826516671334,7.314390162844803,2.179499864578247,-2096.0233333333335,-0.01602460310095921,46.75043559074402,0.5996985221281648,0.059626005870086374,0.09317087614908814,474,331.25480188146753,0.30826520919799805
475,1442.16,2248.0033333333336,7637.666666666667,100,100,1010,1.9823958413758416,7.562046204620462,2.210603952407837,-2248.0033333333336,-0.014710327901411802,49.06447511911392,0.6320203067734838,0.02763061448786175,0.11400390602648258,475,331.3551387685987,0.30826520919799805
476,1444.76,2200.0499999999993,7444.666666666668,100,100,1002,1.9888030948347883,7.429807052561545,2.196192741394043,-2200.0499999999993,-0.010587155469693244,59.482571601867676,0.6206997241824865,0.021477928072272334,0.1131649927701801,476,331.4523608966402,0.30826520919799805
477,1447.392,2114.776666666667,7240.3333333333385,100,100,1005,1.993784577057544,7.204311774461034,2.208378791809082,-2114.776666666667,-0.012823698460124433,39.86556440591812,0.5894233509898186,0.04921378361177631,0.08681640634313226,477,331.54401346051367,0.30826520919799805
478,1449.995,2106.8366666666675,7412.333333333333,100,100,1006,1.9835161052599817,7.368124585818422,2.1994667053222656,-2106.8366666666675,-0.013861937681213021,48.725575387477875,0.5918272342532873,0.061438602322596125,0.10357931395992637,478,331.64254338056855,0.30826520919799805
479,1452.606,2091.170000000001,7357.000000000003,100,100,1004,1.9967408355212293,7.3276892430278915,2.206867218017578,-2091.170000000001,-0.015317816694732755,40.23182499408722,0.5239668032154441,0.04164773053707904,0.08376242918893695,479,331.73758893936457,0.30826520919799805
480,1458.441,2102.380000000001,7119.333333333336,100,100,1009,2.031591475241595,7.055830855632642,2.2545204162597656,-2102.380000000001,-0.013843420485500246,58.05858612060547,0.5937949912622571,0.05797892313421471,0.08735251915641129,480,331.82309856637045,0.30826520919799805
481,1461.05,2187.2400000000002,7426.000000000002,100,100,1004,1.9844231074926373,7.396414342629484,2.1962010860443115,-2187.2400000000002,-0.00791881891200319,52.096519470214844,0.6619514636695385,0.06748286518995883,0.1288618608377874,481,331.19842383050855,0.30826520919799805
482,1463.656,2205.7166666666667,7456.999999999999,100,100,1009,1.9763553014571518,7.390485629335975,2.202021598815918,-2205.7166666666667,-0.013919472054112703,43.43820506334305,0.6616313764825463,0.0105192410555901,0.09584263386204839,482,331.2978999406133,0.30826520919799805
483,1466.25,2199.12,7564.666666666669,100,100,1007,1.9696598822600555,7.512082092022511,2.1884286403656006,-2199.12,-0.014737221179530025,44.50947505235672,0.6159726874902844,0.03475880722544389,0.10266373003832996,483,331.39841719056125,0.30826520919799805
484,1468.867,2194.9300000000007,7532.0,100,100,1009,1.9724104055955756,7.464816650148662,2.198115587234497,-2194.9300000000007,-0.014940850960556418,50.702463150024414,0.6946541611105204,0.04404624272865476,0.09933035727590322,484,331.4952526433291,0.30826520919799805
485,1471.483,2254.006666666666,7395.666666666666,100,100,1002,1.9933028945266205,7.38090485695276,2.2044355869293213,-2254.006666666666,-0.014841012540273368,56.55842339992523,0.6877185050398111,0.003459075443970505,0.0995396210346371,485,331.5865537170289,0.30826520919799805
486,1474.109,2259.2166666666676,7814.333333333333,100,100,1012,1.9872841878937697,7.721673254281949,2.218916654586792,-2259.2166666666676,-0.023487301121349446,53.25761532783508,0.6484077973291278,0.0579554946089047,0.08875450730556622,486,331.682394435234,0.30826520919799805
487,1476.705,2017.9266666666665,7276.666666666669,100,100,1011,1.9613819998946007,7.197494230135182,2.1829519271850586,-2017.9266666666665,-0.018609873804962263,39.286779940128326,0.5917297573760152,0.053148083825362846,0.07437193638179451,487,331.78387737457734,0.30826520919799805
488,1479.314,2134.476666666666,7303.000000000002,100,100,1004,1.975180579472771,7.273904382470121,2.1851985454559326,-2134.476666666666,-0.019237887696363032,64.90483033657074,0.6174427876248956,0.02856951728608692,0.10227272752672434,488,331.8773938043523,0.30826520919799805
489,1481.908,2098.896666666666,7362.666666666663,100,100,1005,1.9672156214269239,7.326036484245436,2.1777844429016113,-2098.896666666666,-0.022750879172235727,49.92492735385895,0.5972130075097084,0.03027090965588286,0.10519748297519982,489,331.9746904028542,0.30826520919799805
490,1487.779,2173.6833333333348,7395.000000000004,100,100,1009,2.015462635330509,7.329038652130826,2.2414870262145996,-2173.6833333333348,-0.021724463149439543,42.63859963417053,0.6703944355249405,0.012273378823010717,0.10286790505051613,490,332.06068129111077,0.30826520919799805
491,1490.376,2106.173333333336,7196.33333333334,100,100,1008,1.9670580334763692,7.139219576719584,2.188466787338257,-2106.173333333336,-0.022691172547638416,42.29973840713501,0.6889766789972782,0.025075643905438483,0.11458333348855376,491,331.4418252742197,0.30826520919799805
492,1492.946,2181.1133333333346,7422.3333333333385,100,100,1013,1.933343730809908,7.327081276735774,2.1634318828582764,-2181.1133333333346,-0.022393173072487116,52.57245492935181,0.6807345859706402,0.021046258334536105,0.10287993820384145,492,331.54979571516577,0.30826520919799805
493,1495.494,2166.7000000000007,7478.666666666671,100,100,1011,1.9195264079363907,7.397296406198487,2.1429004669189453,-2166.7000000000007,-0.02171105043089483,43.267413854599,0.6976893097162247,0.01748185661563184,0.12992110941559076,493,331.66097302322487,0.30826520919799805
494,1498.049,2073.8033333333315,7454.000000000002,100,100,1010,1.9321484148898853,7.380198019801982,2.1518092155456543,-2073.8033333333315,-0.02139032378909178,50.938108086586,0.7227832581847906,0.028189931261294987,0.12083984375931323,494,331.76948580524885,0.30826520919799805
495,1500.61,2184.6533333333336,7534.999999999998,100,100,1003,1.9462919256168,7.512462612163508,2.1561503410339355,-2184.6533333333336,-0.022483352746348828,58.279743909835815,0.735613769851625,0.016383778645831626,0.11981059215031564,495,331.8717872055432,0.30826520919799805
496,1503.173,2170.8133333333344,7494.333333333333,100,100,1005,1.9473209960932905,7.457048092868988,2.1594178676605225,-2170.8133333333344,-0.020564259495586157,44.445173263549805,0.7519497275352478,0.013555957968492294,0.09992404538206756,496,331.9745138934395,0.30826520919799805
497,1505.724,2166.879999999999,7268.666666666662,100,100,1005,1.9351660690979282,7.232504145936978,2.148336172103882,-2166.879999999999,-0.025771257583983243,57.78468561172485,0.7024500165134668,0.010376811802416341,0.11534288211259991,497,332.0794824030597,0.30826520919799805
498,1508.295,2291.6599999999994,7486.0,100,100,1006,1.9372574540427248,7.441351888667992,2.156519889831543,-2291.6599999999994,-0.022840630619612057,46.13148367404938,0.7147612106055021,0.010166731270146556,0.10892917797900736,498,332.18032726790324,0.30826520919799805
499,1510.839,2150.3233333333333,7384.333333333335,100,100,1008,1.9237596239286683,7.325727513227514,2.142141342163086,-2150.3233333333333,-0.022682011825963855,43.50554895401001,0.6790299955755472,0.05464467718047672,0.12548828189028427,499,332.28817708575315,0.30826520919799805
500,1516.456,2083.2200000000007,7254.333333333331,100,100,1011,1.9278721069791802,7.17540389053742,2.149446725845337,-2083.2200000000007,-0.02325124479830265,44.58433085680008,0.702845411375165,0.05178402964520501,0.1020890783984214,500,332.39506448434565,0.30826520919799805
501,1519.014,2217.563333333334,7294.333333333335,100,100,1006,1.9307942359956356,7.250828363154408,2.1470041275024414,-2217.563333333334,-0.016865945799509063,49.04869306087494,0.7387087512761354,0.038069162066676654,0.10988451144658029,501,331.82767612515636,0.30826520919799805
502,1521.585,2067.456666666668,7078.33333333333,100,100,1002,1.9559210555315643,7.064204923486358,2.1603713035583496,-2067.456666666668,-0.018085396382957697,39.216872692108154,0.7080166283994913,0.014560457231709734,0.09635416709352285,502,331.9256961125486,0.30826520919799805
503,1524.34,2190.1533333333327,7451.000000000003,100,100,1009,2.0993538117783865,7.384539147670964,2.3268160820007324,-2190.1533333333327,-0.02285548608051613,40.35635995864868,0.6829491183161736,0.028154690200608457,0.10125358728691936,503,331.9875822924715,0.30826520919799805
504,1527.231,2126.3866666666668,7476.666666666663,100,100,1004,2.238182669048164,7.446879150066398,2.449744939804077,-2126.3866666666668,-0.019328825175762177,47.37085211277008,0.6625141529366374,0.039887520018965006,0.09490411961451173,504,332.0165714896339,0.30826520919799805
505,1530.261,2136.3599999999988,7350.333333333331,100,100,1007,2.3531313798766744,7.29923866269447,2.575488805770874,-2136.3599999999988,-0.022236825549043715,36.19374364614487,0.691357733681798,0.028469743723690044,0.10164561169221997,505,332.01714340225135,0.30826520919799805
506,1533.08,2205.9433333333345,7469.000000000001,100,100,1002,2.1611881269720157,7.454091816367266,2.37048602104187,-2205.9433333333345,-0.022958192450460047,38.90304505825043,0.7539976257830858,0.01860517130990047,0.11369977716822177,506,332.0603783725706,0.30826520919799805
507,1535.986,2103.413333333334,7363.333333333335,100,100,1006,2.2587992060442583,7.319416832339299,2.477780818939209,-2103.413333333334,-0.018060569767840207,39.95461827516556,0.6486445795744658,0.023927304173412267,0.09678583592176437,507,332.0869982582053,0.30826520919799805
508,1538.93,2124.5600000000004,7347.333333333331,100,100,1010,2.2821692039839703,7.274587458745873,2.513054847717285,-2124.5600000000004,-0.01897858938900754,60.192455410957336,0.7187055889517069,0.04001167845126474,0.10542968707159162,508,332.10793387515525,0.30826520919799805
509,1541.879,2190.656666666667,7525.333333333329,100,100,1010,2.2910006901037208,7.4508250825082465,2.520766258239746,-2190.656666666667,-0.021934591117314994,33.50341200828552,0.688300097361207,0.04184845295822015,0.11373046855442226,509,332.1279189891254,0.30826520919799805
510,1548.168,2165.153333333334,7283.999999999998,100,100,1009,2.1504367697324946,7.219028741328046,2.379117965698242,-2165.153333333334,-0.01957862265408039,48.4354407787323,0.6433981135487556,0.034799701228621416,0.10756138386204839,510,332.17824711318326,0.30826520919799805
511,1551.005,2139.9199999999996,7453.333333333333,100,100,1009,2.1701880058733334,7.386851668318466,2.3934853076934814,-2139.9199999999996,-0.01945873606018722,37.35313582420349,0.6289252517744899,0.021042238571681082,0.09422831633128226,511,331.47466422160386,0.30826520919799805
512,1553.605,2221.093333333334,7371.333333333334,100,100,1013,1.9598488657076099,7.276735768344851,2.1909098625183105,-2221.093333333334,-0.023859246575739235,45.476447343826294,0.6511623002588749,0.029287966470292304,0.09720482025295496,512,331.5719848921981,0.30826520919799805
513,1556.201,2122.8533333333344,7230.333333333336,100,100,1003,1.9771020922388283,7.208707211698241,2.1870388984680176,-2122.8533333333344,-0.021526600525248796,44.468763172626495,0.6285386141389608,0.023837248045310844,0.09857603558339179,513,331.66353522684483,0.30826520919799805
514,1558.807,2131.5166666666673,7446.666666666668,100,100,1007,1.9650047698382809,7.394902350215162,2.1837880611419678,-2131.5166666666673,-0.02217261609621346,43.547139167785645,0.6113686002790928,0.034703017150604865,0.11042428493965417,514,331.7549513102965,0.30826520919799805
515,1561.413,2104.5333333333347,7318.333333333336,100,100,1012,1.9714559269415606,7.231554677206853,2.1993329524993896,-2104.5333333333347,-0.02497061964822933,37.44758898019791,0.6605413723737001,0.01681154799007345,0.12796724843792617,515,331.8494212865328,0.30826520919799805
516,1564.011,1967.2533333333326,7098.66666666667,100,100,1009,1.9729511389588223,7.0353485298975915,2.1874794960021973,-1967.2533333333326,-0.021334123477572575,50.94006448984146,0.5981110753491521,0.0388178697830881,0.11499521660152823,516,331.9432967037621,0.30826520919799805
517,1566.616,2122.71,7285.666666666663,100,100,1001,1.9965743243398442,7.278388278388275,2.1998682022094727,-2122.71,-0.022693668648571474,31.515542924404144,0.6278750980272889,0.020808393877814524,0.1020745993591845,517,332.0302581625317,0.30826520919799805
518,1569.223,2200.013333333334,7320.666666666664,100,100,1007,1.976362661696238,7.269778219132735,2.1994898319244385,-2200.013333333334,-0.02438942453591153,53.01533782482147,0.699896028265357,0.010987290566845331,0.09915226022712886,518,332.1204377436546,0.30826520919799805
519,1571.845,2151.856666666667,7401.333333333332,100,100,1004,1.9863906372811615,7.371845949535191,2.1968605518341064,-2151.856666666667,-0.02225519809871912,61.873427629470825,0.6469323141500354,0.02181504002510337,0.11745383497327566,519,332.2050706550655,0.30826520919799805
520,1577.601,2072.869999999999,7095.666666666667,100,100,1011,1.9684745786199391,7.018463567424992,2.1929664611816406,-2072.869999999999,-0.019736892194487154,35.62133181095123,0.6540408153086901,0.02263656269860803,0.10891544143669307,520,332.29879585970855,0.30826520919799805
521,1580.184,2162.390000000001,7444.333333333335,100,100,1005,1.9593370147049427,7.407296849087896,2.1726412773132324,-2162.390000000001,-0.023445308150257915,49.845033407211304,0.6431186525151134,0.0141773343202658,0.11107855947921053,521,331.7277778009572,0.30826520919799805
522,1582.788,2147.2899999999995,7424.666666666666,100,100,1001,1.9796287721640744,7.417249417249416,2.18479061126709,-2147.2899999999995,-0.023862506786826998,34.880968034267426,0.6632022503763437,0.0056351812309003435,0.10490901279263198,522,331.8144023347506,0.30826520919799805
523,1585.39,2064.8600000000006,7329.333333333332,100,100,1014,1.9630467448212736,7.228139381985534,2.1938679218292236,-2064.8600000000006,-0.025889261451084167,44.71592855453491,0.6255649067461491,0.02433336098329164,0.10029658570419997,523,331.90943579522656,0.30826520919799805
524,1587.95,2062.4800000000005,7221.666666666662,100,100,1007,1.9357141994944262,7.171466401853687,2.1525275707244873,-2062.4800000000005,-0.022315969574265182,32.82225811481476,0.631484660319984,0.01147623558426858,0.09240982355549932,524,332.00846773541775,0.30826520919799805
525,1590.581,2150.243333333333,7439.333333333332,100,100,1010,1.990909107020217,7.365676567656765,2.214982509613037,-2150.243333333333,-0.018297943548532203,60.463969349861145,0.6012422535568476,0.019493457133648917,0.09740234341006726,525,332.09445876309684,0.30826520919799805
526,1593.198,2173.5766666666673,7446.666666666667,100,100,1009,1.9797049547020416,7.380244466468451,2.2034122943878174,-2173.5766666666673,-0.023883497895440087,46.592856884002686,0.6069719046354294,0.018171305091527756,0.10369499353691936,526,332.182234033553,0.30826520919799805
527,1595.803,1992.836666666668,7296.6666666666715,100,100,1010,1.9647758402216184,7.224422442244229,2.1815059185028076,-1992.836666666668,-0.01767847780138254,37.2849280834198,0.5790974320843816,0.016428677990916185,0.08917968708556145,527,332.2728176413792,0.30826520919799805
528,1598.425,2183.37,7570.666666666664,100,100,1009,1.9895651142830093,7.503138420878756,2.2126481533050537,-2183.37,-0.0179853547597304,38.406642496585846,0.5740381367504597,0.017862625390989706,0.09633091511204839,528,332.3590628526096,0.30826520919799805
529,1601.015,2025.6566666666674,7346.666666666669,100,100,1009,1.964390781598223,7.281136438718205,2.1816234588623047,-2025.6566666666674,-0.021454348985571414,33.5197337269783,0.5809238590300083,0.011847736590425484,0.10241948312614113,529,332.4515740616126,0.30826520919799805
530,1606.755,2127.186666666666,7374.333333333338,100,100,1009,1.963568581369723,7.308556326395776,2.184129476547241,-2127.186666666666,-0.02120993856806308,41.52149587869644,0.6267824303358793,0.01397258676297497,0.0858179209753871,530,332.5428963192889,0.30826520919799805
531,1609.37,2083.530000000001,7431.333333333332,100,100,1008,1.9689408737966525,7.372354497354496,2.185624837875366,-2083.530000000001,-0.02193219509354094,36.12858873605728,0.5769102610647678,0.018368732771705254,0.11588541674427688,531,331.9790728023072,0.30826520919799805
532,1611.943,2139.3399999999997,7422.000000000004,100,100,1010,1.9443612847716945,7.348514851485152,2.167145252227783,-2139.3399999999997,-0.016647131415084004,35.66863149404526,0.5579021442681551,0.02303786268021213,0.08548828097991645,532,332.07574069503397,0.30826520919799805
533,1614.507,2159.4833333333345,7448.333333333332,100,100,1011,1.9328945601252152,7.367293109132871,2.1582915782928467,-2159.4833333333345,-0.01939694260363467,44.897096991539,0.6124006612226367,0.005165640053746756,0.09976256149820983,533,332.1745537965463,0.30826520919799805
534,1617.057,2231.7400000000007,7511.333333333335,100,100,1005,1.9278160234987365,7.473963515754562,2.1395604610443115,-2231.7400000000007,-0.017237281343113864,40.95347332954407,0.5503593757748604,0.019916869008739013,0.08465711819007993,534,332.2722313628425,0.30826520919799805
535,1619.619,2137.153333333334,7381.666666666669,100,100,1009,1.93623498294916,7.315824248430792,2.1559033393859863,-2137.153333333334,-0.013047624554019421,39.51929014921188,0.5262063248082995,0.024344477576960344,0.06711375957820565,535,332.3694619361717,0.30826520919799805
536,1622.175,2184.8433333333332,7398.666666666666,100,100,1006,1.9365597385996454,7.354539430086149,2.1507911682128906,-2184.8433333333332,-0.020963910734280944,53.48888397216797,0.55893824249506,0.053437460570421536,0.08833644696278498,536,332.46600805973725,0.30826520919799805
537,1624.736,2211.5233333333344,7549.333333333335,100,100,1008,1.9203206357483322,7.489417989417991,2.13906192779541,-2211.5233333333344,-0.014399972162209451,37.50242519378662,0.564433466643095,0.012891051155747846,0.10074869822710752,537,332.56263766498364,0.30826520919799805
538,1627.305,2089.016666666667,7262.666666666671,100,100,1009,1.9282778009460322,7.197885695407999,2.1461000442504883,-2089.016666666667,-0.019746716381632723,30.878194510936737,0.5966613590717316,0.025913342760759406,0.08724290505051613,538,332.65732364817967,0.30826520919799805
539,1629.856,2132.7000000000007,7293.999999999995,100,100,1014,1.91561686480326,7.193293885601573,2.145184278488159,-2132.7000000000007,-0.020158651343081146,35.38434064388275,0.6086218170821667,0.016421151623944752,0.07796223962213844,539,332.75882812196556,0.30826520919799805
540,1635.442,2011.0399999999995,7073.000000000003,100,100,1005,1.932837809806699,7.037810945273635,2.1407554149627686,-2011.0399999999995,-0.023294350306969136,32.330989718437195,0.5462756985798478,0.03218288980133366,0.1318684897851199,540,332.8552541037417,0.30826520919799805
541,1638.047,2169.723333333334,7452.333333333336,100,100,1013,1.966173151050127,7.356696281671605,2.1957757472991943,-2169.723333333334,-0.014373575133504346,52.96123945713043,0.539453144185245,0.009369426690682303,0.08625994995236397,541,332.32689510798895,0.30826520919799805
542,1640.633,2135.200000000003,7319.666666666672,100,100,1013,1.950578182578999,7.225732148733141,2.1790900230407715,-2135.200000000003,-0.019307763024698943,38.54787057638168,0.5366397006437182,0.046185318373318296,0.08021631790325046,542,332.420662472036,0.30826520919799805
543,1643.467,2136.196666666666,7324.000000000001,100,100,1011,2.176226111880617,7.2443125618199815,2.4037814140319824,-2136.196666666666,-0.01840354228625074,51.33827072381973,0.5978242419660091,0.03999993938487023,0.0793792128097266,543,332.4624039385765,0.30826520919799805
544,1646.414,2203.416666666667,7507.333333333334,100,100,1010,2.2784240549605452,7.433003300330034,2.510707378387451,-2203.416666666667,-0.012283392396057025,38.902080714702606,0.5368051119148731,0.03162558266922133,0.09902343736030161,544,332.4806901610177,0.30826520919799805
545,1649.515,2125.9766666666656,7365.666666666666,100,100,1011,2.43138466845612,7.28552588196505,2.663360834121704,-2125.9766666666656,-0.020448287774343044,42.32557386159897,0.5616781041026115,0.02367770835189731,0.08633961458690464,545,332.4685539190812,0.30826520919799805
546,1652.596,2060.8599999999988,7188.666666666669,100,100,1010,2.4193980207777406,7.11749174917492,2.6482226848602295,-2060.8599999999988,-0.018998581101186574,24.6015345454216,0.6210505561903119,0.019021080937818624,0.09246093733236194,546,332.45992227537255,0.30826520919799805
547,1655.471,2096.5933333333332,7394.66666666667,100,100,1012,2.2143258873314373,7.306982872200266,2.4462454319000244,-2096.5933333333332,-0.016955108381807804,38.45605105161667,0.6430763173848391,0.02446471916482551,0.09401292086113244,547,332.4938371769451,0.30826520919799805
548,1658.301,2211.9,7476.999999999998,100,100,1010,2.1698962408348477,7.402970297029701,2.396652936935425,-2211.9,-0.016528553620446473,54.95331168174744,0.6202364694327116,0.05126386630604429,0.07425781222991645,548,332.5358003682599,0.30826520919799805
549,1661.432,2039.5600000000006,7170.000000000002,100,100,1011,2.460803561033285,7.0919881305638,2.6899194717407227,-2039.5600000000006,-0.018547780578956008,36.80405879020691,0.5547071928158402,0.02810050878247239,0.08278760756365955,549,332.51733173157805,0.30826520919799805
550,1668.004,2025.3333333333348,7113.333333333333,100,100,1008,2.4154298597649255,7.056878306878307,2.6380913257598877,-2025.3333333333348,-0.01832440053112805,37.443418860435486,0.5511278547346592,0.03546438844387012,0.07470703142462298,550,332.5080331949079,0.30826520919799805
551,1670.871,2115.586666666667,7344.333333333334,100,100,1003,2.212335394926607,7.322366234629445,2.422004222869873,-2115.586666666667,-0.011475220875581726,36.98267316818237,0.6272625457495451,0.0529645672722836,0.06515715841669589,551,331.8424951558162,0.30826520919799805
552,1673.546,2099.5566666666678,7266.666666666664,100,100,1006,2.0441129206768633,7.223326706428096,2.2597506046295166,-2099.5566666666678,-0.01539630099432543,32.27166533470154,0.6170598221942782,0.029005334770772606,0.0851095449179411,552,331.91311523016395,0.30826520919799805
553,1676.27,2112.940000000001,7423.000000000002,100,100,1007,2.0762082414059737,7.3714001986097335,2.294724702835083,-2112.940000000001,-0.024873718211892992,45.50737524032593,0.6032357336953282,0.022664184696623124,0.10337017948040739,553,331.9744992086738,0.30826520919799805
554,1679.194,2138.5633333333335,7377.000000000004,100,100,1009,2.2690655110723257,7.311199207135782,2.4977760314941406,-2138.5633333333335,-0.01827791272808099,39.55798876285553,0.5920263286679983,0.02890758884313982,0.08119419647846371,554,331.9974238123561,0.30826520919799805
555,1682.165,2174.203333333334,7309.000000000002,100,100,1009,2.293712787405838,7.243805748265611,2.5235979557037354,-2174.203333333334,-0.018919343943707645,36.48050928115845,0.5561652174219489,0.018156037745939102,0.08276865445077419,555,332.0109678467758,0.30826520919799805
556,1684.909,2108.4600000000005,7390.333333333332,100,100,1008,2.1050845221791876,7.331679894179893,2.3252017498016357,-2108.4600000000005,-0.01811961951898411,45.00071853399277,0.4663485437631607,0.038662906270474195,0.09619140648283064,556,332.06841721939213,0.30826520919799805
557,1687.637,2097.566666666669,7208.333333333333,100,100,1002,2.098207983923537,7.193945442448436,2.303126573562622,-2097.566666666669,-0.008971610339358449,44.33123469352722,0.49143002554774284,0.04630432586418465,0.0838913694024086,557,332.12561325516936,0.30826520919799805
558,1690.559,2186.410000000001,7498.333333333332,100,100,1002,2.285388424739747,7.483366600133066,2.4957070350646973,-2186.410000000001,-0.01493507536360994,55.54925799369812,0.46714351512491703,0.052681967194075696,0.09981863852590322,558,332.1440319973336,0.30826520919799805
559,1693.456,2236.3600000000006,7400.333333333331,100,100,1007,2.248824031282745,7.348891095663685,2.47415828704834,-2236.3600000000006,-0.020275140122976154,59.794129729270935,0.49262382462620735,0.04759681870928034,0.08504404907580465,559,332.17047607913713,0.30826520919799805
560,1699.521,2123.6200000000003,7351.666666666669,100,100,1004,2.1540336650601435,7.322377158034531,2.369554281234741,-2123.6200000000003,-0.014171803857607301,49.097308576107025,0.5382735133171082,0.08238201942003798,0.08034446043893695,560,332.21570180161757,0.30826520919799805
561,1702.378,2170.8333333333344,7374.000000000001,100,100,1004,2.203162747599459,7.344621513944224,2.4201977252960205,-2170.8333333333344,-0.01868536591064185,46.536668956279755,0.5177763467654586,0.061625055939657614,0.10666725877672434,561,331.6090270865568,0.30826520919799805
562,1705.245,2060.496666666665,7205.666666666666,100,100,1006,2.2222764401698476,7.162690523525513,2.4388480186462402,-2060.496666666665,-0.021385450454545207,39.42119383811951,0.5377157889306545,0.03901691404462326,0.08082116162404418,562,331.6415045540333,0.30826520919799805
563,1708.378,2210.0366666666655,7591.999999999998,100,100,1008,2.449840179271257,7.53174603174603,2.6782236099243164,-2210.0366666666655,-0.008558656118111685,52.57345801591873,0.6085996497422457,0.03548749089168268,0.06722005212213844,563,331.62327733203267,0.30826520919799805
564,1711.396,2191.150000000002,7521.666666666667,100,100,1007,2.352627804766427,7.469380999668984,2.5780177116394043,-2191.150000000002,-0.019231831771321595,52.231701731681824,0.5856757583096623,0.03933948888879968,0.08948013611370698,564,331.62707019242004,0.30826520919799805
565,1714.281,2003.7900000000006,7331.000000000002,100,100,1006,2.2328142164678684,7.287276341948312,2.449859619140625,-2003.7900000000006,-0.021522688737604767,35.86241698265076,0.6078200535848737,0.03401990506972652,0.11918308422900736,565,331.65567055980654,0.30826520919799805
566,1717.148,2060.990000000001,7407.66666666667,100,100,1013,2.201868708775014,7.312602829878252,2.434356451034546,-2060.990000000001,-0.02037321697571315,35.57181119918823,0.5688795112073421,0.023389553223751136,0.10426186630502343,566,331.6917678352407,0.30826520919799805
567,1720.143,2118.7999999999993,7356.666666666671,100,100,1010,2.330820792294707,7.283828382838288,2.5625298023223877,-2118.7999999999993,-0.015714326757006347,38.59375989437103,0.5977083593606949,0.018911587525508367,0.08123046834953129,567,331.70144368564985,0.30826520919799805
568,1723.182,2015.2666666666667,7248.999999999999,100,100,1007,2.3887118179204965,7.198609731876861,2.606396436691284,-2015.2666666666667,-0.01974719765712507,37.50813525915146,0.5853153550997376,0.006450512122682994,0.09334483026759699,568,331.700954572322,0.30826520919799805
569,1726.123,2038.57,7003.666666666668,100,100,1009,2.269211693526577,6.9411959035348545,2.496000289916992,-2038.57,-0.020631660474464297,34.37416523694992,0.5624745553359389,0.03046990208167699,0.07679966511204839,569,331.7203518323057,0.30826520919799805
570,1732.399,2167.7033333333334,7343.333333333335,100,100,1009,2.2862755172683813,7.277832837793196,2.514540672302246,-2167.7033333333334,-0.01945057965349406,34.02302724123001,0.6149299163371325,0.01954265897074947,0.09641063457820565,570,331.737284121997,0.30826520919799805
571,1734.974,2020.576666666667,7191.666666666669,100,100,1008,1.9475645851112888,7.134589947089949,2.163572311401367,-2020.576666666667,-0.024258549325168133,35.030374109745026,0.6163426665589213,0.01420717236760538,0.08349609375,571,331.19048464497564,0.30826520919799805
572,1737.564,2130.0399999999995,7383.333333333335,100,100,1012,1.952068779429811,7.295783926218711,2.1770272254943848,-2130.0399999999995,-0.0204373974702321,43.86206203699112,0.5720045045018196,0.01187195514285122,0.08503605774603784,572,331.27929247491556,0.30826520919799805
573,1740.18,2171.916666666666,7300.000000000003,100,100,1011,1.9755272014420313,7.2205736894164225,2.2025930881500244,-2171.916666666666,-0.019467366335447878,41.38010507822037,0.6663765031844378,0.007852947028368362,0.06875191495055333,573,331.36235752529444,0.30826520919799805
574,1742.788,2184.4199999999996,7426.333333333329,100,100,1004,1.9744734070634848,7.396746347941563,2.1869056224823,-2184.4199999999996,-0.022161750064697117,39.376865923404694,0.6467102505266666,0.012359926982753677,0.07297585275955498,574,331.44241464848216,0.30826520919799805
575,1745.383,2103.3466666666677,7339.9999999999945,100,100,1011,1.9578821958262846,7.2601384767556825,2.181715488433838,-2103.3466666666677,-0.014196668285876513,41.43916231393814,0.5805216645821929,0.03048002510331571,0.08033662691013888,575,331.52904287028224,0.30826520919799805
576,1747.979,2064.07,7305.000000000001,100,100,1012,1.9614045445396833,7.218379446640317,2.186128616333008,-2064.07,-0.018196100369095802,36.39336967468262,0.5700461501255631,0.03377285007445607,0.09904597385320812,576,331.6156218096415,0.30826520919799805
577,1750.566,2012.4833333333352,7176.333333333334,100,100,1010,1.9500358430161555,7.1052805280528055,2.1697545051574707,-2012.4833333333352,-0.021604513749480247,37.21528100967407,0.7558346223086119,0.02156951821234543,0.10033203102648258,577,331.70237505167245,0.30826520919799805
578,1753.161,1959.1066666666666,7137.999999999995,100,100,1012,1.9636023704518413,7.053359683794462,2.1836819648742676,-1959.1066666666666,-0.012945458758622408,41.22265434265137,0.6489512892439961,0.1402638160798233,0.1526066716760397,578,331.78876186785664,0.30826520919799805
579,1755.77,2192.8566666666693,7542.666666666668,100,100,1007,1.947703674415269,7.490235021516056,2.168055534362793,-2192.8566666666693,-0.02441260265186429,41.31808429956436,0.7189948093146086,0.01193909095309209,0.08996841736370698,579,331.8692845449902,0.30826520919799805
580,1761.521,2008.4733333333331,6982.666666666666,100,100,1004,1.963491831716907,6.95484727755644,2.1725759506225586,-2008.4733333333331,-0.02171241119503975,32.020461559295654,0.6507241753861308,0.015705239315138897,0.07484019896946847,580,331.95080152954375,0.30826520919799805
581,1764.502,2257.396666666666,7529.333333333335,100,100,1010,2.3052010891525683,7.454785478547857,2.5382840633392334,-2257.396666666666,-0.018992078272276558,55.09758532047272,0.6725990567356348,0.016100530010589864,0.07761718740221113,581,331.368297452388,0.30826520919799805
582,1767.53,2090.7466666666674,7324.0,100,100,1008,2.366859227116774,7.265873015873016,2.590172290802002,-2090.7466666666674,-0.01891259558033198,44.20803093910217,0.626445047557354,0.008110712042252999,0.06559244793606922,582,331.3709888629083,0.30826520919799805
583,1770.533,2123.126666666667,7287.333333333332,100,100,1016,2.326113091553488,7.172572178477689,2.5728392601013184,-2123.126666666667,-0.020500472775893286,43.20383095741272,0.6258463431149721,0.02988406378426589,0.09842354943975806,583,331.3826086710681,0.30826520919799805
584,1773.354,2023.1799999999994,7142.666666666671,100,100,1006,2.171648108718869,7.100066269052356,2.3876380920410156,-2023.1799999999994,-0.014602447219658643,43.72756040096283,0.6017181379720569,0.02172610916022677,0.08765709947329015,584,331.42290349958813,0.30826520919799805
585,1776.312,2113.2000000000007,7217.000000000001,100,100,1005,2.2978110441622968,7.181094527363185,2.5139613151550293,-2113.2000000000007,-0.015455311397090554,51.79957318305969,0.525085081346333,0.05552502493810607,0.09853515640133992,585,331.43665363077037,0.30826520919799805
586,1779.366,2035.239999999999,7169.666666666669,100,100,1010,2.387933465790483,7.0986798679868,2.61605167388916,-2035.239999999999,-0.021655949880369008,31.36447912454605,0.5194118116050959,0.05728030044701882,0.09275390626862645,586,331.4355291911334,0.30826520919799805
587,1782.394,2187.683333333333,7372.000000000004,100,100,1005,2.370476516528954,7.335323383084581,2.5897350311279297,-2187.683333333333,-0.019057770492509007,39.88837516307831,0.5239702109247446,0.04820328044479538,0.10236545163206756,587,331.43629877042224,0.30826520919799805
588,1785.271,2157.5733333333324,7476.666666666671,100,100,1004,2.2259582658725017,7.446879150066405,2.4399986267089844,-2157.5733333333324,-0.01710274379729526,36.82040947675705,0.5132324593141675,0.024270285517559387,0.09814453148283064,588,331.46451117236234,0.30826520919799805
589,1788.114,2067.426666666666,7383.666666666666,100,100,1004,2.1677322709372646,7.354249667994687,2.3812179565429688,-2067.426666666666,-0.02115919772768393,33.873338758945465,0.635179397650063,0.015188263616437325,0.11354758543893695,589,331.49900318865775,0.30826520919799805
590,1794.291,2131.9433333333322,7467.0,100,100,1010,2.3569405973326454,7.393069306930693,2.5900490283966064,-2131.9433333333322,-0.02253989118617028,44.04629582166672,0.63412612862885,0.012034998049784917,0.09664062492083758,590,331.50515486457454,0.30826520919799805
591,1796.931,2087.1600000000008,7277.333333333334,100,100,1009,1.9940562945226628,7.212421539478032,2.21472430229187,-2087.1600000000008,-0.01847829471807927,29.218756198883057,0.5969963585957885,0.0253693090780871,0.08142338937614113,591,330.9960564623662,0.30826520919799805
592,1799.564,2107.893333333335,7345.333333333335,100,100,1007,1.9992829211215306,7.294273419397552,2.218393087387085,-2107.893333333335,-0.02016548701794818,38.23058861494064,0.6111474120989442,0.02489277198947093,0.1094477225560695,592,331.0712686486798,0.30826520919799805
593,1802.23,2142.406666666668,7470.333333333336,100,100,1013,2.0145302102188527,7.374465284633105,2.246943235397339,-2142.406666666668,-0.021014912228565663,49.58326590061188,0.5542637994512916,0.019142875749821542,0.09222066635265946,593,331.1437160306238,0.30826520919799805
594,1804.862,2185.9033333333336,7489.666666666667,100,100,1008,1.9786664681363155,7.430224867724868,2.2000749111175537,-2185.9033333333336,-0.01851227122824639,36.96027082204819,0.5339932572096586,0.02034941854799399,0.11100260447710752,594,331.2192210758516,0.30826520919799805
595,1807.502,2234.683333333334,7537.333333333334,100,100,1012,1.9922328095058561,7.4479578392621875,2.2234792709350586,-2234.683333333334,-0.01670945418300107,40.59857231378555,0.5876636113971472,0.018507442455302225,0.08203125011641532,595,331.2953080451809,0.30826520919799805
596,1810.118,2058.3833333333337,7330.333333333335,100,100,1010,1.9833581197066326,7.257755775577559,2.204402208328247,-2058.3833333333337,-0.016782128484919667,33.250812232494354,0.5506116496399045,0.01865550827642437,0.08939453097991645,596,331.37453209308944,0.30826520919799805
597,1812.759,2126.603333333333,7214.333333333335,100,100,1010,2.002864650515194,7.142904290429044,2.2267587184906006,-2126.603333333333,-0.019427687511779368,39.781390964984894,0.6222909661009908,0.007645026496902574,0.0773437499301508,597,331.44891364131416,0.30826520919799805
598,1815.385,2042.5966666666677,7151.333333333332,100,100,1008,1.9766761921808154,7.094576719576718,2.194606065750122,-2042.5966666666677,-0.02287108250311576,38.66798037290573,0.590586899779737,0.012647976851440035,0.09912109375,598,331.524699220438,0.30826520919799805
599,1818.033,2092.1499999999996,7384.999999999999,100,100,1006,2.014885288195696,7.340954274353876,2.230285406112671,-2092.1499999999996,-0.01944340398767963,34.65315008163452,0.5291094370186329,0.020003809506306425,0.08901579480152577,599,331.59526642853143,0.30826520919799805
600,1823.797,2162.66,7370.33333333333,100,100,1008,1.9809200392854918,7.3118386243386215,2.2018795013427734,-2162.66,-0.02097777184098959,42.746918082237244,0.5593385603278875,0.011590210364374798,0.0802408856106922,600,331.6723240150492,0.30826520919799805
601,1826.403,2124.73,7473.999999999997,100,100,1008,1.9691782724712827,7.414682539682537,2.1872751712799072,-2124.73,-0.019790770020335913,37.278991997241974,0.5436270702630281,0.06385480252356501,0.09130859375,601,331.17939559450423,0.30826520919799805
602,1829.009,2157.9900000000016,7428.6666666666715,100,100,1003,1.976363810409763,7.406447324692594,2.1858201026916504,-2157.9900000000016,-0.02285229362314567,33.95097953081131,0.5488657131791115,0.026038819309178507,0.09077489096671343,602,331.2559236660319,0.30826520919799805
603,1831.65,2037.546666666668,7344.999999999998,100,100,1013,1.9974874641455762,7.250740375123394,2.225811004638672,-2037.546666666668,-0.02070752895087935,33.36855059862137,0.5355835696682334,0.02179326790610503,0.09203640930354595,603,331.33136697396674,0.30826520919799805
604,1834.254,2182.7633333333324,7375.666666666671,100,100,1007,1.9695547169126209,7.324395895398879,2.1884841918945312,-2182.7633333333324,-0.018899011716712266,35.71502596139908,0.5218559922650456,0.037814302664628485,0.10186377982608974,604,331.4099048015476,0.30826520919799805
605,1836.883,2086.063333333333,7312.0,100,100,1014,1.9683106498162701,7.211045364891519,2.200990676879883,-2086.063333333333,-0.0183249918918591,42.8096644282341,0.5447682170197368,0.022851623813039623,0.0957573784980923,605,331.48771025979926,0.30826520919799805
606,1839.511,2038.1733333333334,7325.66666666667,100,100,1010,1.9907981181508023,7.253135313531356,2.210069179534912,-2038.1733333333334,-0.009796239610295743,35.72442775964737,0.5036075497046113,0.04683510305767413,0.11253906227648258,606,331.5630654640549,0.30826520919799805
607,1842.089,2048.0133333333333,7387.999999999997,100,100,1007,1.9516782510735264,7.336643495531279,2.164726972579956,-2048.0133333333333,-0.018335213651880622,39.57622742652893,0.4798787413164973,0.05041101184906438,0.09289810486370698,607,331.6458101446298,0.30826520919799805
608,1844.702,2114.4333333333316,7305.666666666667,100,100,1008,1.9790048602208983,7.247685185185185,2.196716070175171,-2114.4333333333316,-0.01592020271345973,30.79457837343216,0.45827164500951767,0.016680827397067333,0.099609375,608,331.7223971269665,0.30826520919799805
609,1847.392,2077.5466666666666,7391.66666666667,100,100,1012,2.021124901543574,7.3040184453227965,2.2503163814544678,-2077.5466666666666,-0.012055121420416981,27.881372094154358,0.5660491399466991,0.05789881844975753,0.10621995222754776,609,331.78726415209803,0.30826520919799805
610,1853.093,2119.296666666667,7171.666666666667,100,100,1011,1.976247573696062,7.093636663369601,2.2049922943115234,-2119.296666666667,-0.02014668140327558,37.47954797744751,0.5371686490252614,0.040103988045302685,0.09133731632027775,610,331.86401184876627,0.30826520919799805
611,1855.675,2114.646666666668,7294.000000000002,100,100,1011,1.9408122650886546,7.214638971315531,2.166337251663208,-2114.646666666668,-0.016100439943329548,58.3718820810318,0.5414077416062355,0.03743445756845176,0.10344860656186938,611,331.39587915688384,0.30826520919799805
612,1858.243,2110.7866666666664,7439.000000000003,100,100,1014,1.9143333296241933,7.336291913214993,2.1453375816345215,-2110.7866666666664,-0.01734888186911121,38.873637557029724,0.5187676250934601,0.05075694695551647,0.0887948494637385,612,331.48348449982365,0.30826520919799805
613,1860.864,2146.0400000000004,7349.000000000003,100,100,1012,1.958716007684847,7.2618577075098845,2.188347101211548,-2146.0400000000004,-0.01988015038659796,39.87691557407379,0.5272732255980372,0.018508023822505493,0.12210787273943424,613,331.5605832834375,0.30826520919799805
614,1863.417,2150.203333333334,7401.333333333331,100,100,1007,1.9275615705767242,7.349884144323069,2.1432881355285645,-2150.203333333334,-0.021301093467627652,42.66938841342926,0.537407174706459,0.021846061317774,0.09795752965146676,614,331.64663684175554,0.30826520919799805
615,1865.983,2104.8633333333323,7355.333333333336,100,100,1011,1.9299560803394953,7.275304978569076,2.1531474590301514,-2104.8633333333323,-0.025688536028610542,31.76001524925232,0.503775293007493,0.03455229334940668,0.09524356632027775,615,331.732596595819,0.30826520919799805
616,1868.564,2099.2800000000007,7489.66666666667,100,100,1014,1.9352135104512984,7.386259040105197,2.168210029602051,-2099.2800000000007,-0.01964225195115432,40.00542551279068,0.5053876861929893,0.05245538425515406,0.11548755806870759,616,331.81690894658004,0.30826520919799805
617,1871.12,2123.1566666666668,7478.333333333335,100,100,1007,1.927138432557949,7.426348891095665,2.143400192260742,-2123.1566666666668,-0.021949949790723622,34.934838950634,0.48953835014253855,0.044323633606836665,0.12990358984097838,617,331.9017557681769,0.30826520919799805
618,1873.677,2111.7633333333315,7301.666666666668,100,100,1007,1.929505261483435,7.250910294604437,2.1454854011535645,-2111.7633333333315,-0.017692737805191427,26.119846045970917,0.5223858449608088,0.029279599333676742,0.10194689128547907,618,331.98628303130744,0.30826520919799805
619,1876.285,2178.226666666667,7422.333333333337,100,100,1018,1.9423668946355421,7.291093647675184,2.182943344116211,-2178.226666666667,-0.021163727156817913,40.11634820699692,0.5290715647861362,0.02439077533199452,0.0933290678076446,619,332.0674315980562,0.30826520919799805
620,1882.026,2065.283333333334,7190.333333333332,100,100,1013,1.9338300110549764,7.098058571898649,2.1596028804779053,-2065.283333333334,-0.021142375422641635,42.059203147888184,0.539929311722517,0.07327165385504486,0.09624668350443244,620,332.1522072933952,0.30826520919799805
621,1884.85,2132.1566666666668,7515.999999999999,100,100,1008,2.1605810553800047,7.456349206349206,2.381838798522949,-2132.1566666666668,-0.018027538375463337,47.60285145044327,0.4948301073163748,0.019233684412029106,0.07910156284924597,621,331.6306238962807,0.30826520919799805
622,1887.783,2071.100000000001,7482.0,100,100,1013,2.260865846226821,7.385982230997039,2.4951229095458984,-2071.100000000001,-0.01946840205346234,28.68901652097702,0.550407106988132,0.03501333660460659,0.09195349365472794,622,331.65200125572176,0.30826520919799805
623,1890.736,2212.276666666669,7396.333333333332,100,100,1014,2.2751243583650442,7.29421433267587,2.5193727016448975,-2212.276666666669,-0.020373346225824207,59.28042721748352,0.5415319334715605,0.024151954159606248,0.08360460062976927,623,331.6703651577562,0.30826520919799805
624,1893.576,2132.8399999999983,7337.666666666667,100,100,1013,2.1632497523187753,7.243501151694637,2.3978404998779297,-2132.8399999999983,-0.012502552213845775,33.65122163295746,0.4906903551891446,0.04444222020538291,0.08617703430354595,624,331.7078493118069,0.30826520919799805
625,1896.512,2035.670000000001,7278.666666666668,100,100,1016,2.2551896656482064,7.164041994750657,2.49459171295166,-2035.670000000001,-0.018345001502893865,27.613412141799927,0.4575178688392043,0.08820481935254065,0.09200613881694153,625,331.7300616088898,0.30826520919799805
626,1899.438,2090.4066666666668,7286.666666666665,100,100,1010,2.2558843574053284,7.214521452145213,2.4846158027648926,-2090.4066666666668,-0.01856159942690283,39.923718214035034,0.49587645195424557,0.06627926586952526,0.10011718701571226,626,331.7509868312866,0.30826520919799805
627,1902.411,2188.116666666667,7362.000000000002,100,100,1010,2.297689803958972,7.289108910891091,2.5268232822418213,-2188.116666666667,-0.01838178775506094,34.818404376506805,0.4671167768537998,0.02345253116072854,0.09162109333556145,627,331.7631673217216,0.30826520919799805
628,1905.334,2112.1533333333336,7383.000000000001,100,100,1013,2.2539605164986845,7.288252714708786,2.4883480072021484,-2112.1533333333336,-0.017591199604794383,50.57530605792999,0.40402428340166807,0.04660896136920201,0.10979879135265946,628,331.7858869173498,0.30826520919799805
629,1908.169,2120.346666666667,7286.333333333336,100,100,1011,2.143747181425278,7.207055720408839,2.37442946434021,-2120.346666666667,-0.009396962588652968,31.953299045562744,0.37821652879938483,0.07684598356718197,0.10573682631365955,629,331.823018678982,0.30826520919799805
630,1914.111,2174.0300000000007,7466.000000000002,100,100,1015,2.1811266029437113,7.355665024630544,2.422278881072998,-2174.0300000000007,-0.012398010701872408,36.28756469488144,0.35704193776473403,0.06414502023835666,0.10179332364350557,630,331.8575632493744,0.30826520919799805
631,1916.734,2126.223333333333,7512.999999999998,100,100,1017,1.966498425640642,7.3874139626352,2.204341411590576,-2126.223333333333,-0.012785297760274261,29.557918071746826,0.34331538528203964,0.07773627189453691,0.08555201510898769,631,331.4002171675446,0.30826520919799805
632,1919.337,2114.163333333333,7256.999999999999,100,100,1007,1.957679345654444,7.206554121151935,2.173891544342041,-2114.163333333333,-0.017881968233268708,35.010320603847504,0.36471804743632674,0.07504897529724985,0.09844581095967442,632,331.4753570890245,0.30826520919799805
633,1921.985,2046.3666666666668,7327.333333333338,100,100,1009,2.003846580681379,7.261975553353159,2.2244181632995605,-2046.3666666666668,-0.014543707657139748,44.943164348602295,0.3711274601519108,0.06846625354592106,0.09662986232433468,633,331.54364528547256,0.30826520919799805
634,1924.586,2098.040000000001,7287.666666666669,100,100,1004,1.9787011941267822,7.258632138114212,2.1879119873046875,-2098.040000000001,-0.010519575793296099,34.540118515491486,0.2657312653027475,0.09019082440499915,0.10333806835114956,634,331.6172742219986,0.30826520919799805
635,1927.195,2091.4333333333343,7233.000000000003,100,100,1006,1.9796657048269484,7.189860834990062,2.1933844089508057,-2091.4333333333343,-0.010562721232417971,36.74785363674164,0.28525598626583815,0.081107582358527,0.09886633860878646,635,331.69038109338277,0.30826520919799805
636,1929.829,2039.2400000000002,7328.999999999999,100,100,1003,1.993117249057306,7.307078763708873,2.2004685401916504,-2039.2400000000002,-0.011092693253885955,43.673124611377716,0.3713868157938123,0.09155012702103704,0.09246684238314629,636,331.7574565251442,0.30826520919799805
637,1932.447,2213.3166666666675,7368.333333333337,100,100,1012,1.971712745813535,7.28096179183136,2.2004621028900146,-2213.3166666666675,-0.011977846326772124,41.933249056339264,0.4156698351725936,0.05100931474589743,0.10054837772622705,637,331.83172841441416,0.30826520919799805
638,1935.052,2106.2033333333347,7177.66666666667,100,100,1007,1.9683583928346116,7.127772260840784,2.184349298477173,-2106.2033333333347,-0.0054280831245705485,43.97718167304993,0.49662421736866236,0.04650556028354913,0.10522980336099863,638,331.9054965627792,0.30826520919799805
639,1937.736,2029.2600000000014,7202.666666666668,100,100,1010,2.045016731642703,7.131353135313533,2.2721776962280273,-2029.2600000000014,-0.0114288724726066,44.16166788339615,0.48906675539910793,0.06942350632016314,0.1309570309240371,639,331.96674459778643,0.30826520919799805
640,1943.554,2057.309999999999,7226.666666666662,100,100,1007,1.9881913615085458,7.1764316451506085,2.20501971244812,-2057.309999999999,-0.014048330951482058,36.94259595870972,0.47432020492851734,0.05642506797448732,0.07989112340146676,640,332.0346491880164,0.30826520919799805
641,1946.202,2162.6266666666666,7323.333333333332,100,100,1012,1.9953668965560498,7.236495388669301,2.225302219390869,-2162.6266666666666,-0.009243067790521309,44.22751349210739,0.4718609219416976,0.08719971788377734,0.12019230844452977,641,331.56015155224924,0.30826520919799805
642,1948.829,2225.9599999999987,7424.333333333337,100,100,1006,1.977054573499244,7.380053015241885,2.1947531700134277,-2225.9599999999987,-0.00907504663337022,39.664635181427,0.5107659036293626,0.07850905643135775,0.10786769725382328,642,331.6295853114584,0.30826520919799805
643,1951.445,2024.8766666666666,7226.000000000004,100,100,1006,1.976249801554156,7.182902584493045,2.190054416656494,-2024.8766666666666,-0.009634539805119857,43.05959129333496,0.4670373182743788,0.05130803366773762,0.0988663382595405,643,331.7003647099228,0.30826520919799805
644,1954.056,2080.7233333333334,7312.666666666667,100,100,1007,1.976984309457065,7.261833829857664,2.1927244663238525,-2080.7233333333334,-0.01754685491323471,42.92053461074829,0.5488113928586245,0.041027390743693104,0.1276491852477193,644,331.77245621994655,0.30826520919799805
645,1956.693,2142.2699999999995,7370.000000000001,100,100,1016,1.9811328750756372,7.253937007874017,2.2176733016967773,-2142.2699999999995,-0.018280569231137633,45.13389033079147,0.4710872760042548,0.02810786281224864,0.10407366091385484,645,331.8445915896702,0.30826520919799805
646,1959.306,2149.4966666666655,7311.999999999997,100,100,1008,1.9544441468222806,7.253968253968251,2.1761186122894287,-2149.4966666666655,-0.01418784745328594,37.885249853134155,0.5239545358344913,0.05101404339802684,0.10205078148283064,646,331.91652035762604,0.30826520919799805
647,1961.892,2023.5099999999989,7144.666666666663,100,100,1006,1.9578559638443542,7.102054340622926,2.1705799102783203,-2023.5099999999989,-0.019417921779677272,40.52823144197464,0.5362068163231015,0.040411375695839524,0.09417459275573492,647,331.9917738781728,0.30826520919799805
648,1964.495,2127.6266666666675,7352.333333333334,100,100,1010,1.9604806912749415,7.27953795379538,2.183626174926758,-2127.6266666666675,-0.01794305449584499,35.938907504081726,0.6100262198597193,0.04941286404209677,0.10152343707159162,648,332.0660788098694,0.30826520919799805
649,1967.109,2102.2399999999993,7416.000000000001,100,100,1008,1.9777589287037873,7.357142857142858,2.198293924331665,-2102.2399999999993,-0.020257987489458174,36.81317335367203,0.5420459751039743,0.043991728518449236,0.08902994822710752,649,332.13715086926396,0.30826520919799805
650,1972.802,2216.6166666666677,7423.000000000002,100,100,1004,1.9514499994206327,7.393426294820719,2.163792848587036,-2216.6166666666677,-0.023656340374145657,48.74596118927002,0.5969255175441504,0.02845218604488764,0.10231711668893695,650,332.2114899580871,0.30826520919799805
651,1975.38,2191.1399999999994,7408.666666666669,100,100,1013,1.9272906203071154,7.313589996709446,2.1543703079223633,-2191.1399999999994,-0.022218436584807932,38.17556041479111,0.6176253249868751,0.028356170383631252,0.10241008270531893,651,331.76748510934135,0.30826520919799805
652,1977.927,2061.96,7214.333333333336,100,100,1006,1.919712427523076,7.171305500331347,2.131821393966675,-2061.96,-0.009820057544857264,32.86696457862854,0.5725977653637528,0.024830604837916326,0.11039402184542269,652,331.84892921893436,0.30826520919799805
653,1980.487,1964.9833333333333,7115.000000000002,100,100,1009,1.9235774031051087,7.05153617443013,2.1374568939208984,-1964.9833333333333,-0.01659076486248523,44.78463900089264,0.4893476730212569,0.04369770806079032,0.09426817577332258,653,331.9296414185315,0.30826520919799805
654,1983.032,2086.0000000000005,7367.666666666666,100,100,1007,1.9204529307971319,7.3164515061238,2.1341042518615723,-2086.0000000000005,-0.02067838958464563,38.542067885398865,0.5686436770483851,0.01807976826967206,0.0946746175759472,654,332.0113975650361,0.30826520919799805
655,1985.586,1935.15,6915.333333333329,100,100,1010,1.9219245526497022,6.846864686468643,2.136716365814209,-1935.15,-0.02347310830373317,54.84293258190155,0.5798111753538251,0.022535688320203917,0.11039062484633178,655,332.0928700420232,0.30826520919799805
656,1988.141,2110.656666666667,7419.666666666664,100,100,1016,1.9093528536595696,7.302821522309709,2.142282009124756,-2110.656666666667,-0.02129909722134471,58.50941491127014,0.5668105715885758,0.021222967538051307,0.11293247831054032,656,332.1772033276866,0.30826520919799805
657,1990.711,2208.3100000000004,7413.999999999998,100,100,1012,1.9239476287650983,7.3260869565217375,2.1538476943969727,-2208.3100000000004,-0.02504253073129803,43.28994429111481,0.6577145364135504,0.02657824991911184,0.09964693547226489,657,332.2566169869345,0.30826520919799805
658,1993.272,1980.2466666666658,7107.999999999996,100,100,1009,1.9219932597494205,7.044598612487608,2.1348636150360107,-1980.2466666666658,-0.01571680116467178,45.31828045845032,0.5405168775469065,0.03870796306000557,0.10917570115998387,658,332.3358949792502,0.30826520919799805
659,1995.877,2099.5933333333332,7324.000000000001,100,100,1008,1.9548015869019317,7.265873015873017,2.1772022247314453,-2099.5933333333332,-0.018174977973103523,47.88877332210541,0.6508909054100513,0.01730632573890034,0.08821614616317675,659,332.40729391832946,0.30826520919799805
660,2001.67,2153.636666666666,7502.999999999999,100,100,1015,1.9464392111788096,7.392118226600984,2.181230068206787,-2153.636666666666,-0.023219285532832146,36.371547162532806,0.5916019966825843,0.021861755987629294,0.11780894873663783,660,332.48288940511605,0.30826520919799805
661,2004.659,2099.3266666666673,7354.333333333337,100,100,1007,2.3102922566917603,7.3032108573320125,2.531359910964966,-2099.3266666666673,-0.023096547869499773,52.341851592063904,0.6912489682435989,0.033364126858941745,0.11983668501488864,661,331.95973270087006,0.30826520919799805
662,2007.553,2061.4099999999994,7266.333333333333,100,100,1010,2.226636236266113,7.194389438943894,2.4502525329589844,-2061.4099999999994,-0.016240507131442428,42.573606848716736,0.4758904818445444,0.05305211839731783,0.1314257811754942,662,331.9842447241747,0.30826520919799805
663,2010.573,2029.3800000000006,7173.6666666666715,100,100,1007,2.3540679269212244,7.123800066203248,2.5754432678222656,-2029.3800000000006,-0.01688454923714744,47.13311719894409,0.6063499199226499,0.030418419381021522,0.10469996626488864,663,331.98653011209274,0.30826520919799805
664,2013.706,2159.640000000001,7238.66666666667,100,100,1011,2.4497942630759817,7.159907682162878,2.687093496322632,-2159.640000000001,-0.020413080404978245,45.670627772808075,0.5872715758159757,0.04248096355877351,0.14176432322710752,664,331.9719256595914,0.30826520919799805
665,2016.704,2216.12,7378.333333333335,100,100,1010,2.312685940921823,7.305280528052807,2.5455334186553955,-2216.12,-0.01665874375612475,59.22739350795746,0.6417767023667693,0.023265868258022238,0.13923828094266355,665,331.9793384450808,0.30826520919799805
666,2019.593,2071.813333333333,7168.999999999997,100,100,1003,2.219924829869623,7.1475573280159495,2.4315671920776367,-2071.813333333333,-0.014539533120114356,67.29244339466095,0.6717878542840481,0.030051424415432848,0.13928506523370743,666,332.0010951734729,0.30826520919799805
667,2022.55,2055.606666666665,7282.3333333333285,100,100,1013,2.2767020745923685,7.188877920368538,2.5102453231811523,-2055.606666666665,-0.015488134056795388,43.38036781549454,0.6974002374336123,0.021758162169135176,0.13551186677068472,667,332.01658254129615,0.30826520919799805
668,2025.641,2063.1800000000007,7336.000000000001,100,100,1008,2.4190543646534297,7.277777777777779,2.644538640975952,-2063.1800000000007,-0.017969397478736937,38.17274236679077,0.6809220183640718,0.027067062459536828,0.15348307299427688,668,332.00756426069074,0.30826520919799805
669,2028.674,2145.5800000000017,7311.999999999997,100,100,1010,2.3601980211379208,7.239603960396037,2.596001386642456,-2145.5800000000017,-0.020889841252937913,47.2675467133522,0.7145542092621326,0.041345869860379025,0.1563281244598329,669,332.0089313107778,0.30826520919799805
670,2035.018,2144.6333333333328,7284.000000000003,100,100,1011,2.226634818137532,7.2047477744807145,2.460120439529419,-2144.6333333333328,-0.015200861162156798,28.414949893951416,0.6928068399429321,0.04157495270737854,0.1350528495386243,670,332.03156057550575,0.30826520919799805
671,2037.771,2164.13,7518.999999999998,100,100,1014,2.07860148038818,7.415187376725837,2.3149659633636475,-2164.13,-0.017850551281298976,39.08258539438248,0.6414743410423398,0.03338628344499739,0.1420898442156613,671,331.52062010385515,0.30826520919799805
672,2040.574,2203.9466666666667,7420.66666666667,100,100,1000,2.154371600947343,7.42066666666667,2.358581781387329,-2203.9466666666667,-0.01465481542982161,45.03941512107849,0.6413965206593275,0.04260100546525791,0.14365234365686774,672,331.55520983434894,0.30826520919799805
673,2043.452,2104.9466666666667,7435.0,100,100,1010,2.2149305950877913,7.361386138613861,2.444065570831299,-2104.9466666666667,-0.017235894047189504,31.03385591506958,0.6826333170756698,0.04720179462310625,0.14087890612427145,673,331.58248417943554,0.30826520919799805
674,2046.331,2162.463333333332,7313.333333333333,100,100,1014,2.1938519733517086,7.212360289283366,2.4334332942962646,-2162.463333333332,-0.01091758266557008,55.377193570137024,0.690441781654954,0.03256356868951116,0.18527560820803046,674,331.6117170383899,0.30826520919799805
675,2049.073,1980.1600000000008,7321.000000000003,100,100,1010,2.0883710884332363,7.248514851485151,2.3114984035491943,-1980.1600000000008,-0.023058290826156735,43.72563910484314,0.684016652405262,0.0361033038207097,0.15746093727648258,675,331.6607309945092,0.30826520919799805
676,2051.859,2073.623333333334,7410.333333333328,100,100,1014,2.118626334020203,7.3080210387902635,2.352590799331665,-2073.623333333334,-0.020610751817002892,29.245611488819122,0.625590787269175,0.04291981122514699,0.12120225699618459,676,331.70459809332027,0.30826520919799805
677,2054.793,2103.663333333334,7240.333333333332,100,100,1006,2.2841578507545974,7.197150430748839,2.501420736312866,-2103.663333333334,-0.021670867514330894,45.08340227603912,0.6976984012871981,0.026609166692651343,0.13625169824808836,677,331.7204573027837,0.30826520919799805
678,2057.688,2152.5866666666675,7567.000000000005,100,100,1012,2.2204358666986153,7.477272727272732,2.455150842666626,-2152.5866666666675,-0.022246396518312395,34.67948758602142,0.7033257381990552,0.01660018499751459,0.11132812546566129,678,331.74563665317777,0.30826520919799805
679,2060.431,2064.206666666667,7318.333333333335,100,100,1016,2.0626770640910403,7.203083989501314,2.2988932132720947,-2064.206666666667,-0.012553872773423791,51.13603746891022,0.6022676704451442,0.02389763332757866,0.10770089295692742,679,331.7971299787768,0.30826520919799805
680,2066.852,2168.0633333333326,7511.666666666667,100,100,1014,2.36119211321197,7.407955292570677,2.6023619174957275,-2168.0633333333326,-0.011366675433237106,45.88791573047638,0.5649149231612682,0.0329879211858497,0.16391782416030765,680,331.79897962737294,0.30826520919799805
681,2069.735,2046.773333333333,7214.666666666666,100,100,1005,2.2096407924088375,7.178772802653399,2.425856590270996,-2046.773333333333,-0.015577613725326955,43.284417152404785,0.4875756213441491,0.06820873067772482,0.11616753484122455,681,331.281008394324,0.30826520919799805
682,2072.775,2131.859999999999,7382.666666666666,100,100,1015,2.3278103483005843,7.273563218390804,2.5759479999542236,-2131.859999999999,-0.013434070468065329,34.206990242004395,0.4672684082761407,0.0554676325264154,0.11106178932823241,682,331.2848956069383,0.30826520919799805
683,2075.786,2124.5733333333333,7331.666666666663,100,100,1006,2.3541683886592715,7.287939032471832,2.572401762008667,-2124.5733333333333,-0.013973049935884774,37.80947172641754,0.5626748707145452,0.05798301097092917,0.11088230297900736,683,331.28903097631127,0.30826520919799805
684,2078.705,2100.626666666666,7313.000000000001,100,100,1013,2.1877328736288337,7.219151036525174,2.4236836433410645,-2100.626666666666,-0.014921498397598043,49.700252532958984,0.6344032222405076,0.05245456337434007,0.1355302920565009,684,331.3111089430125,0.30826520919799805
685,2081.599,2064.1733333333327,7372.666666666662,100,100,1008,2.2073189498365133,7.314153439153435,2.43154239654541,-2064.1733333333327,-0.01649755274411291,29.973372995853424,0.6160246208310127,0.026903785012109438,0.11149088572710752,685,331.3346949498853,0.30826520919799805
686,2084.646,2056.8433333333346,7183.333333333336,100,100,1009,2.369859762701166,7.1192599933928005,2.5971903800964355,-2056.8433333333346,-0.009828464477322996,42.416132271289825,0.527201384305954,0.04047661153890658,0.10433274845127016,686,331.3344088280168,0.30826520919799805
687,2087.639,2079.3533333333344,7509.333333333334,100,100,1009,2.3200165505065953,7.442352163858606,2.54587984085083,-2079.3533333333344,-0.01242403918877244,40.00539815425873,0.5527764521539211,0.06406100837921258,0.12945432029664516,687,331.3427123831817,0.30826520919799805
688,2090.468,2080.226666666668,7338.666666666666,100,100,1007,2.1671628591751584,7.287653095001654,2.388047218322754,-2080.226666666668,-0.024375104811042547,29.879964649677277,0.5847010193392634,0.0352269673239789,0.11641871673054993,688,331.37601079485256,0.30826520919799805
689,2093.129,2063.5633333333335,7162.333333333332,100,100,1014,2.0047477325948075,7.063445101906639,2.236992359161377,-2063.5633333333335,-0.017637156881392002,44.62276220321655,0.603554617613554,0.04475348834239412,0.13053385447710752,689,331.439180757883,0.30826520919799805
690,2098.915,2070.1533333333323,7189.333333333334,100,100,1011,1.9880536101706894,7.111111111111112,2.2131803035736084,-2070.1533333333323,-0.018834523565601557,46.1417236328125,0.6450321758165956,0.0339269707146741,0.11711090756580234,690,331.5046714363798,0.30826520919799805
691,2101.61,2110.0733333333324,7327.666666666663,100,100,1012,2.0240717373094466,7.240777338603422,2.2604660987854004,-2110.0733333333324,-0.017127085477113724,60.00295317173004,0.6664326656609774,0.029140282204025425,0.12300931522622705,691,331.0644474160202,0.30826520919799805
692,2104.245,2083.436666666665,7458.333333333331,100,100,1010,1.9868136608355338,7.384488448844882,2.2114064693450928,-2083.436666666665,-0.017548565985634923,37.46358662843704,0.7043880317360163,0.04732258849253412,0.11177734332159162,692,331.12969254055486,0.30826520919799805
693,2106.862,2081.8000000000006,7318.333333333334,100,100,1005,1.9711408961045356,7.281923714759536,2.178920269012451,-2081.8000000000006,-0.02101929287891835,31.865535140037537,0.681253207847476,0.02101309435965959,0.12922092038206756,693,331.19537436988355,0.30826520919799805
694,2109.501,2160.1233333333325,7439.333333333336,100,100,1015,1.976936945595361,7.329392446633828,2.2144806385040283,-2160.1233333333325,-0.014534354617353529,34.33683788776398,0.7312011606991291,0.0330544200114673,0.12383700255304575,694,331.2622001356115,0.30826520919799805
695,2112.149,2171.146666666668,7560.666666666671,100,100,1012,1.998357015354522,7.4710144927536275,2.2292799949645996,-2171.146666666668,-0.020237246295437217,34.32546013593674,0.6848627775907516,0.04262677626684308,0.1029522237367928,695,331.325985219027,0.30826520919799805
696,2114.759,2101.1666666666656,7226.000000000005,100,100,1005,1.9736185061759246,7.1900497512437855,2.1891205310821533,-2101.1666666666656,-0.00795763824135065,45.53099989891052,0.6255616024136543,0.045146456206566654,0.1088433163240552,696,331.3923554607551,0.30826520919799805
697,2117.399,2108.6166666666672,7449.333333333337,100,100,1010,1.9710750521926006,7.375577557755779,2.1956982612609863,-2108.6166666666672,-0.01739707839442417,26.81479114294052,0.6991883907467127,0.04153028829023242,0.13453124999068677,697,331.45620436384905,0.30826520919799805
698,2119.999,2143.363333333332,7253.333333333333,100,100,1009,1.9573208112620386,7.188635612817971,2.1786510944366455,-2143.363333333332,-0.027697658399119973,30.483732283115387,0.7393553499132395,0.01917329836214776,0.10962412320077419,698,331.5256152411248,0.30826520919799805
699,2122.666,2179.3033333333337,7629.666666666666,100,100,1012,2.0135198619719152,7.5391963109354405,2.244544267654419,-2179.3033333333337,-0.024149122764356434,47.263471245765686,0.7187237367033958,0.03458138035239244,0.13679387047886848,699,331.5858233534883,0.30826520919799805
700,2129.0,2084.5633333333326,7343.000000000001,100,100,1012,2.02157480488973,7.255928853754941,2.2487728595733643,-2084.5633333333326,-0.013070765446173027,51.31834602355957,0.7044795546680689,0.03057888506737072,0.09386268071830273,700,331.6410867494962,0.30826520919799805
701,2131.929,2157.2033333333347,7485.666666666665,100,100,1013,2.220891311494422,7.389601842711417,2.4588189125061035,-2157.2033333333347,-0.021224085125140846,34.39486241340637,0.747244643047452,0.15015297094214475,0.09468049835413694,701,331.0951300322957,0.30826520919799805
702,2134.711,2064.389999999999,7280.666666666667,100,100,1010,2.117223663389277,7.208580858085809,2.3406593799591064,-2064.389999999999,-0.012463900726288557,42.634654462337494,0.680013757199049,0.0434283304894052,0.11484374979045242,702,331.1365863225706,0.30826520919799805
703,2137.569,2129.076666666666,7329.0,100,100,1008,2.169199702620972,7.270833333333333,2.3940467834472656,-2129.076666666666,-0.020110598823521286,33.88591581583023,0.7494430840015411,0.023585911141708493,0.13004557322710752,703,331.16549179906514,0.30826520919799805
704,2140.53,2145.5633333333335,7381.666666666668,100,100,1015,2.259604828753348,7.2725779967159285,2.502437114715576,-2145.5633333333335,-0.019716159615200013,38.15134537220001,0.7284764554351568,0.028693043284874875,0.13424183195456862,704,331.18169610356614,0.30826520919799805
705,2143.528,2103.48,7159.666666666665,100,100,1013,2.303335832331701,7.067785455742019,2.5420637130737305,-2103.48,-0.0221610500884708,36.672817289829254,0.7388572879135609,0.06052092049503699,0.11762971710413694,705,331.1908404398869,0.30826520919799805
706,2146.393,1999.976666666667,7231.333333333332,100,100,1009,2.191518833749993,7.166831846712916,2.4134771823883057,-1999.976666666667,-0.01038089940266218,28.576911568641663,0.667878407984972,0.043003481876439764,0.08611686830408871,706,331.21895194239494,0.30826520919799805
707,2149.206,2064.2300000000005,7184.000000000001,100,100,1009,2.1467854310846097,7.119920713577801,2.3683738708496094,-2064.2300000000005,-0.016063732968177646,45.08641463518143,0.6590089946985245,0.034445250923454296,0.13212492037564516,707,331.2551061517694,0.30826520919799805
708,2152.039,2037.8266666666666,7311.666666666669,100,100,1009,2.170369967636426,7.246448629005618,2.3933379650115967,-2037.8266666666666,-0.023204178549349308,39.218525528907776,0.7210520934313536,0.022552683971298393,0.14110331609845161,708,331.2877044032755,0.30826520919799805
709,2154.701,2093.9033333333336,7328.33333333333,100,100,1013,2.005153503875742,7.234287594603485,2.2340190410614014,-2093.9033333333336,-0.015845911693759263,37.78165936470032,0.7419013734906912,0.025412799601326697,0.10003316635265946,709,331.34849480068146,0.30826520919799805
710,2160.524,2054.876666666665,7248.333333333335,100,100,1009,2.0031692750698435,7.1836802114304605,2.2219719886779785,-2054.876666666665,-0.010630926000885665,35.23503363132477,0.6763918735086918,0.035885291028534994,0.12558793020434678,710,331.40737886705523,0.30826520919799805
711,2163.193,1982.3266666666657,7288.000000000003,100,100,1007,2.0245681212782163,7.237338629592853,2.2416529655456543,-1982.3266666666657,-0.01771201056544669,32.1485760807991,0.671565243974328,0.041292208537925035,0.10053399251773953,711,330.97968852858514,0.30826520919799805
712,2165.861,2157.7200000000003,7474.333333333335,100,100,1013,1.9937024688760052,7.378413951957882,2.227243661880493,-2157.7200000000003,-0.016273249522782862,34.83767521381378,0.6385404020547867,0.03269331868796144,0.10731132095679641,712,331.03969314397017,0.30826520919799805
713,2168.509,2046.6099999999997,7254.666666666666,100,100,1012,1.9937522742499711,7.1686429512516465,2.2214901447296143,-2046.6099999999997,-0.015655492563382722,28.49143660068512,0.7104353699833155,0.053711929635028355,0.1155724162235856,713,331.10222075405676,0.30826520919799805
714,2171.173,2144.983333333334,7556.333333333331,100,100,1010,2.0137967308983207,7.481518151815179,2.2390763759613037,-2144.983333333334,-0.021184141660341993,39.68733239173889,0.6977142496034503,0.00661231650155969,0.08744140586350113,714,331.1611036007161,0.30826520919799805
715,2173.832,2098.6699999999996,7201.333333333337,100,100,1011,1.9938981216483769,7.122980547312895,2.222752332687378,-2098.6699999999996,-0.027816846559289843,35.06331878900528,0.6758303558453918,0.027925282276555663,0.12906901072710752,715,331.2210806904267,0.30826520919799805
716,2176.481,1974.9233333333334,7275.333333333338,100,100,1014,1.9953355015874557,7.174884944115718,2.2226223945617676,-1974.9233333333334,-0.012262939882930368,30.648570477962494,0.6152171604335308,0.037572998597170226,0.116644965717569,716,331.28387258140947,0.30826520919799805
717,2179.165,2111.1633333333302,7313.9999999999945,100,100,1015,2.015603055461801,7.205911330049256,2.2528858184814453,-2111.1633333333302,-0.015364509890787303,41.12885069847107,0.60381796117872,0.035863441946276,0.09397194581106305,717,331.34160015564686,0.30826520919799805
718,2181.818,2040.3666666666666,7146.333333333335,100,100,1006,2.003196223035351,7.103711066931744,2.2161824703216553,-2040.3666666666666,-0.014748365967534482,31.165908455848694,0.5663211718201637,0.029629098266013898,0.08901579480152577,718,331.39971810554994,0.30826520919799805
719,2184.497,2136.6833333333325,7442.6666666666615,100,100,1013,2.018162588793913,7.3471536689700505,2.2517693042755127,-2136.6833333333325,-0.020501700055319816,36.777217745780945,0.6062640398740768,0.04440067397808889,0.07984780380502343,719,331.45711814567494,0.30826520919799805
720,2190.355,2095.9399999999996,7187.000000000001,100,100,1009,2.021555204084743,7.1228939544103085,2.244755744934082,-2095.9399999999996,-0.01285646902397275,39.876897752285004,0.5490472773090005,0.0231541316898074,0.11210538912564516,720,331.51402244951714,0.30826520919799805
721,2193.075,2123.9100000000003,7285.0,100,100,1012,2.0439596867405996,7.198616600790514,2.278456211090088,-2123.9100000000003,-0.01185908104525879,49.83048915863037,0.6015077009797096,0.032742562809289666,0.12454927968792617,721,331.0821521505744,0.30826520919799805
722,2195.728,2111.916666666667,7501.000000000002,100,100,1016,1.9904017731672021,7.382874015748033,2.2273359298706055,-2111.916666666667,-0.016894167580176145,50.70945465564728,0.6031561410054564,0.05550085107097402,0.09953962080180645,722,331.1448821133918,0.30826520919799805
723,2198.397,2030.78,7262.000000000003,100,100,1009,2.009350942965593,7.197224975222996,2.2304704189300537,-2030.78,-0.02292828110512346,36.01286041736603,0.6043133903294802,0.03465107836382231,0.11420798767358065,723,331.2018439515964,0.30826520919799805
724,2201.073,2017.1433333333323,7169.999999999997,100,100,1011,2.016966863448753,7.091988130563796,2.2396507263183594,-2017.1433333333323,-0.015934560680761933,40.733661115169525,0.6200962234288454,0.0644152355598635,0.09329044132027775,724,331.25843483383574,0.30826520919799805
725,2203.754,2132.626666666667,7334.333333333334,100,100,1013,2.008874529558036,7.240210595590655,2.245072364807129,-2132.626666666667,-0.010396063880762085,62.75317466259003,0.6307707130908966,0.03928095095034223,0.10259433975443244,725,331.31513182374874,0.30826520919799805
726,2206.418,2004.7499999999989,7197.333333333335,100,100,1009,2.0023118904159505,7.133135117277835,2.222691774368286,-2004.7499999999989,-0.018689654651097953,30.666934728622437,0.6016418309882283,0.05827175763261039,0.07732780615333468,726,331.3724179345257,0.30826520919799805
727,2209.078,2114.2566666666667,7376.666666666671,100,100,1007,2.0151985108634123,7.325388944058263,2.2333827018737793,-2114.2566666666667,-0.005460564338136464,40.255779504776,0.547569215297699,0.055541801175422734,0.07949634303804487,727,331.42914911129895,0.30826520919799805
728,2211.75,2065.0399999999986,7409.666666666668,100,100,1013,2.0158879594741297,7.31457716354064,2.2484352588653564,-2065.0399999999986,-0.013451460166834295,46.85834741592407,0.6688147597014904,0.06413813960534753,0.08442659210413694,728,331.4868069670765,0.30826520919799805
729,2214.392,2127.163333333334,7251.000000000005,100,100,1011,1.9805051440936832,7.17210682492582,2.2074341773986816,-2127.163333333334,-0.017228822980541736,40.921094834804535,0.618245167657733,0.03230071060534101,0.11245787423104048,729,331.54788769666027,0.30826520919799805
730,2220.042,2084.8133333333344,7281.999999999999,100,100,1009,1.9266965305912644,7.217046580773042,2.1476263999938965,-2084.8133333333344,-0.018178064201492816,39.50973689556122,0.6648666989058256,0.03515258785773767,0.09877232136204839,730,331.6185417706774,0.30826520919799805
731,2222.695,2080.423333333333,7275.000000000001,100,100,1012,1.9921842890491583,7.188735177865613,2.2221710681915283,-2080.423333333333,-0.012447343033272773,35.89469772577286,0.6544601414352655,0.05713598139845999,0.08905498823150992,731,331.21865402981047,0.30826520919799805
732,2225.327,2099.3999999999987,7132.666666666668,100,100,1012,1.9626570146543751,7.048089591567853,2.1907811164855957,-2099.3999999999987,-0.016028167156036943,35.1083419919014,0.6380124120041728,0.05152580743015278,0.11944110598415136,732,331.28159555300584,0.30826520919799805
733,2227.919,1987.4633333333325,7119.333333333332,100,100,1005,1.958410548792216,7.083913764510778,2.168570041656494,-1987.4633333333325,-0.013657718081958592,29.688995867967606,0.6590642612427473,0.05565064513939433,0.1048828128259629,733,331.3472846173661,0.30826520919799805
734,2230.52,1980.2699999999988,7131.666666666664,100,100,1016,1.9481596447560408,7.019356955380575,2.181129217147827,-1980.2699999999988,-0.017300561245065182,31.643360376358032,0.6218661703169346,0.02091609406124917,0.0756138397846371,734,331.4164173483071,0.30826520919799805
735,2233.114,2096.3599999999988,7369.666666666663,100,100,1007,1.9492598799868397,7.3184376034425656,2.168853759765625,-2096.3599999999988,-0.017923798935953528,43.77707213163376,0.7075117882341146,0.02321776504140871,0.08850357355549932,735,331.4825681076819,0.30826520919799805
736,2235.728,2030.0200000000002,7146.000000000005,100,100,1007,1.9662898696742603,7.096325719960283,2.181969165802002,-2030.0200000000002,-0.017974812944885343,25.274548530578613,0.5938913337886333,0.054564328591368394,0.10456490982323885,736,331.54527976483274,0.30826520919799805
737,2238.375,2034.9899999999993,7157.333333333331,100,100,1009,1.9829666992645745,7.093491906177731,2.2054226398468018,-2034.9899999999993,-0.01595690887188539,34.108438551425934,0.6692513329908252,0.03488599108095514,0.09569315984845161,737,331.6039972759713,0.30826520919799805
738,2240.994,2198.87,7363.666666666668,100,100,1006,1.9469463217135141,7.319748177601062,2.167058229446411,-2198.87,-0.008858132699970156,54.27075469493866,0.6633324092254043,0.030991909552540164,0.08842136571183801,738,331.6653359042036,0.30826520919799805
739,2243.921,2083.49,7301.33333333333,100,100,1014,2.246278896330832,7.200525969756736,2.4864561557769775,-2083.49,-0.011868036934174597,40.398198783397675,0.6204190468415618,0.06386353209381923,0.08156105317175388,739,331.68453257570195,0.30826520919799805
740,2250.148,2016.5866666666657,7244.666666666665,100,100,1012,2.144196839278873,7.158761528326744,2.3746957778930664,-2016.5866666666657,-0.021357116056606174,43.289862513542175,0.7203212212771177,0.024434144448605366,0.1214693512301892,740,331.7198484688795,0.30826520919799805
741,2253.177,2000.6166666666675,7146.333333333336,100,100,1004,2.342599301355004,7.117861885790175,2.5567972660064697,-2000.6166666666675,-0.016564290737733245,38.80294334888458,0.6935901883989573,0.0471742599074787,0.0862038352061063,741,331.21678956504996,0.30826520919799805
742,2256.163,2017.5999999999997,7185.000000000002,100,100,1007,2.3051706056481427,7.135054617676268,2.52891206741333,-2017.5999999999997,-0.014582062023691833,52.249812841415405,0.6778944842517376,0.02666190837044269,0.10501163545995951,742,331.2248179719074,0.30826520919799805
743,2259.037,2078.4400000000005,7359.333333333337,100,100,1014,2.1780251451406105,7.257725180802107,2.414950370788574,-2078.4400000000005,-0.01488652138505131,34.307109355926514,0.6953537128865719,0.04902327627860359,0.08295355876907706,743,331.25223766875854,0.30826520919799805
744,2261.877,2122.816666666667,7463.000000000002,100,100,1011,2.1571131544252147,7.381800197823939,2.387819290161133,-2122.816666666667,-0.017912387032993138,31.193775594234467,0.6816161647439003,0.034572419041069224,0.09341490548104048,744,331.2832052223823,0.30826520919799805
745,2264.852,2126.943333333333,7195.666666666671,100,100,1008,2.3046496020729785,7.138558201058205,2.5311944484710693,-2126.943333333333,-0.014959975145757198,32.78864824771881,0.6476702662184834,0.02743662503780797,0.08186848973855376,745,331.29317020793457,0.30826520919799805
746,2267.759,1954.8099999999995,6991.666666666666,100,100,1012,2.221591601432614,6.908761528326745,2.45858097076416,-1954.8099999999995,-0.013541585300117731,42.316805481910706,0.6580084022134542,0.01222717274868046,0.0789888824801892,746,331.31473738855624,0.30826520919799805
747,2270.579,2129.6599999999994,7281.000000000001,100,100,1008,2.1437605134292785,7.2232142857142865,2.3678998947143555,-2129.6599999999994,-0.010221470904070884,45.68313384056091,0.577300475910306,0.0377603384295071,0.10400390625,747,331.34731448859225,0.30826520919799805
748,2273.231,1984.4266666666676,7200.999999999999,100,100,1009,2.0091899896107015,7.136769078295341,2.2260680198669434,-1984.4266666666676,-0.018006991711445153,62.06254434585571,0.5956491343677044,0.042186792685242835,0.12325613759458065,748,331.4045412975341,0.30826520919799805
749,2275.852,2116.163333333333,7196.333333333335,100,100,1007,1.965100796062725,7.14630916914929,2.183021306991577,-2116.163333333333,-0.01486427482450381,43.012444853782654,0.6357377478852868,0.020570337474055123,0.08264419867191464,749,331.46527965337117,0.30826520919799805
750,2281.642,2152.4033333333336,7511.666666666667,100,100,1013,1.9598928904657318,7.4152681803224745,2.1897246837615967,-2152.4033333333336,-0.012801425473298877,38.608322739601135,0.6382000967860222,0.03310031216824427,0.10639924835413694,750,331.52939607158,0.30826520919799805
751,2284.282,2077.816666666669,7295.000000000003,100,100,1014,1.9655407296633256,7.194280078895466,2.19687819480896,-2077.816666666669,-0.011658678180538118,31.571872532367706,0.7165906522423029,0.04634909982269164,0.14225260459352285,751,331.1294705938248,0.30826520919799805
752,2286.909,2073.8066666666673,7329.999999999999,100,100,1011,1.982548960385997,7.2502472799208695,2.204425573348999,-2073.8066666666673,-0.02218831976642832,32.85183137655258,0.7045848574489355,0.022508004531118786,0.09048521774820983,752,331.19120106972116,0.30826520919799805
753,2289.51,2102.076666666668,7295.000000000003,100,100,1009,1.959700592769526,7.229930624380578,2.1805670261383057,-2102.076666666668,-0.018574059300590307,37.7482151389122,0.720730721950531,0.011504591264383635,0.08968431130051613,753,331.25554384751666,0.30826520919799805
754,2292.11,2093.8533333333353,7258.333333333338,100,100,1005,1.9648818906155687,7.222222222222227,2.1761393547058105,-2093.8533333333353,-0.022658957517705858,40.65916186571121,0.6802819035947323,0.017371725778502878,0.10103081609122455,754,331.3183531620224,0.30826520919799805
755,2294.751,2047.0433333333342,7179.666666666669,100,100,1010,1.9921617814118393,7.10858085808581,2.2172775268554688,-2047.0433333333342,-0.018409610725939274,37.09429270029068,0.716034721583128,0.0192625939816935,0.08214843738824129,755,331.37715677478064,0.30826520919799805
756,2297.39,2046.7700000000007,7278.333333333333,100,100,1014,1.9585801764020303,7.17784352399737,2.190986156463623,-2046.7700000000007,-0.017304313136264682,29.472159683704376,0.7616760339587927,0.021013563447922934,0.10203269717749208,756,331.43780822864477,0.30826520919799805
757,2299.986,2061.8133333333335,7125.000000000001,100,100,1015,1.9382419700050735,7.019704433497538,2.168640613555908,-2061.8133333333335,-0.02056638360954821,26.49573540687561,0.7005605604499578,0.012116995716496604,0.0823419742519036,757,331.5050830101119,0.30826520919799805
758,2302.647,2042.3200000000006,7160.000000000004,100,100,1008,2.014764284438801,7.103174603174606,2.236448049545288,-2042.3200000000006,-0.022948569268919528,39.71917903423309,0.6661649560555816,0.012061292029102333,0.07828776043606922,758,331.5597492927009,0.30826520919799805
759,2305.315,2160.4733333333347,7425.333333333334,100,100,1011,2.0060695352679456,7.344543356412793,2.2368271350860596,-2160.4733333333347,-0.017664187296759337,41.68032222986221,0.6739929728209972,0.0529039567700238,0.08097809483297169,759,331.61451121595206,0.30826520919799805
760,2311.125,2046.9466666666683,7359.333333333335,100,100,1013,1.9799600191449291,7.264889766370518,2.2083675861358643,-2046.9466666666683,-0.022732962272129953,31.9321191906929,0.6445684190839529,0.031931340345181525,0.08157982025295496,760,331.67442799769447,0.30826520919799805
761,2313.792,2054.2533333333336,7147.666666666668,100,100,1010,2.008630891819254,7.076897689768978,2.2354836463928223,-2054.2533333333336,-0.02052477770484984,39.809697449207306,0.6336328219622374,0.03519935037184041,0.09560546861030161,761,331.27406465418574,0.30826520919799805
762,2316.432,1945.1366666666675,7066.000000000005,100,100,1011,1.9912502485899481,6.9891196834817055,2.2118771076202393,-1945.1366666666675,-0.014048566110432148,40.30320078134537,0.6411042455583811,0.02080307926007663,0.08669385744724423,762,331.3328626804252,0.30826520919799805
763,2319.079,2152.119999999999,7275.33333333333,100,100,1011,1.9896619196227658,7.196175403890535,2.2184364795684814,-2152.119999999999,-0.022558467462658882,31.561548590660095,0.7064537573605776,0.021104583851411007,0.10610064351931214,763,331.39054239663045,0.30826520919799805
764,2321.724,2045.5666666666666,7333.999999999999,100,100,1010,1.985836732962012,7.261386138613861,2.2103445529937744,-2045.5666666666666,-0.023521555121988058,32.5559698343277,0.693669218569994,0.05273826937627746,0.1030468747485429,764,331.4480529011033,0.30826520919799805
765,2324.364,1999.5033333333338,7095.999999999998,100,100,1008,1.9746116084870808,7.039682539682538,2.1916587352752686,-1999.5033333333338,-0.021357216755859554,29.51969414949417,0.6917811091989279,0.016675900988047943,0.09163411462213844,765,331.505343008107,0.30826520919799805
766,2327.041,2094.8300000000004,7316.999999999999,100,100,1009,2.0111823560415267,7.251734390485629,2.237332344055176,-2094.8300000000004,-0.018196589837316424,47.3397998213768,0.6017009131610394,0.02883059621672146,0.1095145083963871,766,331.55767285865414,0.30826520919799805
767,2329.669,2021.3433333333326,7180.666666666669,100,100,1006,1.9892382709296499,7.137839628893309,2.203083038330078,-2021.3433333333326,-0.01733020565006882,30.720275163650513,0.6373658254742622,0.04112872674159007,0.08629840367939323,767,331.61530686589776,0.30826520919799805
768,2332.3,2125.8833333333328,7433.000000000004,100,100,1010,1.9632588123377082,7.359405940594063,2.188185930252075,-2125.8833333333328,-0.02054981898982078,25.5535007417202,0.6224609836935997,0.009480725027970038,0.09984374977648258,768,331.6744315175467,0.30826520919799805
769,2334.905,2080.5566666666673,7210.999999999999,100,100,1013,1.9511168825863938,7.118460019743336,2.1805362701416016,-2080.5566666666673,-0.02070533047663048,33.33994448184967,0.60454046074301,0.01487139568234852,0.10757849365472794,769,331.7380556849497,0.30826520919799805
770,2340.641,1995.696666666667,7299.666666666671,100,100,1006,1.9830527850084199,7.256129887342615,2.1938281059265137,-1995.696666666667,-0.023259222856722772,35.24757444858551,0.5813967008143663,0.08082617660693359,0.09411090356297791,770,331.7969172165512,0.30826520919799805
771,2343.245,1939.5399999999997,7135.000000000002,100,100,1012,1.9495417003882423,7.050395256916998,2.1743087768554688,-1939.5399999999997,-0.017662073427345604,31.220783352851868,0.48987220972776413,0.060104160984337796,0.09870793344452977,771,331.4186383083366,0.30826520919799805
772,2345.842,2092.5366666666673,7276.666666666664,100,100,1010,1.9326028724127255,7.204620462046202,2.1568455696105957,-2092.5366666666673,-0.021132190129719675,34.33771896362305,0.5772592509165406,0.030165862393914722,0.10255859314929694,772,331.48221343168103,0.30826520919799805
773,2348.437,2105.9433333333336,7233.999999999998,100,100,1010,1.936667227407567,7.162376237623761,2.160336971282959,-2105.9433333333336,-0.01744205562863499,32.589666962623596,0.5252460613846779,0.0358749647057266,0.08589843730442226,773,331.54606384703504,0.30826520919799805
774,2351.039,2133.759999999999,7308.666666666668,100,100,1009,1.950145785962633,7.24347538817311,2.174367904663086,-2133.759999999999,-0.01909024902852252,34.87240970134735,0.5891411425545812,0.06971967613208108,0.0786431758897379,774,331.6083330812723,0.30826520919799805
775,2353.653,2129.8266666666664,7261.66666666667,100,100,1008,1.9684845255041081,7.204034391534394,2.186692953109741,-2129.8266666666664,-0.014409597672056407,68.8583391904831,0.4707951257005334,0.04789305629674345,0.1083984375,775,331.66829459820207,0.30826520919799805
776,2356.285,2115.056666666668,7356.333333333337,100,100,1009,1.959177501692563,7.29071688140073,2.1812872886657715,-2115.056666666668,-0.015734686807263643,41.71974915266037,0.4842061856761575,0.04752933404233772,0.10095463937614113,776,331.72596002582264,0.30826520919799805
777,2358.892,2107.2599999999998,7186.666666666667,100,100,1008,1.9600412713424746,7.12962962962963,2.1815199851989746,-2107.2599999999998,-0.021089146321173757,30.752214074134827,0.482017470523715,0.05498629432258895,0.09863281284924597,777,331.78666559527915,0.30826520919799805
778,2361.558,1998.176666666668,7271.333333333336,100,100,1007,1.9907636526100847,7.220787818603114,2.2076497077941895,-1998.176666666668,-0.012692097399849445,34.081423342227936,0.4715012116357684,0.09416129675810225,0.08756856713443995,778,331.8385554379833,0.30826520919799805
779,2364.663,1944.42,7226.000000000002,100,100,1018,2.4008806481543923,7.098231827111986,2.648242473602295,-1944.42,-0.014285997138358653,44.82199269533157,0.41049735620617867,0.1328825144446455,0.08777276403270662,779,331.8333751226117,0.30826520919799805
780,2371.176,2053.6899999999996,7253.666666666662,100,100,1003,2.39200747557029,7.231970754403452,2.603515625,-2053.6899999999996,-0.013269323855638504,40.659081637859344,0.4496519071981311,0.028332333436992485,0.08808366628363729,780,331.827737135134,0.30826520919799805
781,2374.082,2000.8233333333326,7076.0,100,100,1011,2.2021141442130334,6.9990108803165185,2.436008930206299,-2000.8233333333326,-0.011787751340307295,39.18386596441269,0.4490238525904715,0.072133812456741,0.09316597762517631,781,331.36509434005654,0.30826520919799805
782,2377.136,2084.079999999999,7259.333333333332,100,100,1006,2.3784588442172923,7.216037110669316,2.598609447479248,-2084.079999999999,-0.013465279480442405,35.483774185180664,0.44152072351425886,0.06491515062225517,0.08648947020992637,782,331.36267490613113,0.30826520919799805
783,2380.148,2054.920000000001,7290.333333333336,100,100,1007,2.348180935309336,7.239655743131416,2.5667102336883545,-2054.920000000001,-0.00969500100472942,29.880893349647522,0.3355801487341523,0.13728177138182218,0.07899767230264843,783,331.3663123195512,0.30826520919799805
784,2383.025,1955.0433333333328,6955.333333333332,100,100,1005,2.2005425858779333,6.920729684908788,2.414875030517578,-1955.0433333333328,-0.010022402741014957,29.707101583480835,0.4478637306019664,0.03104304814223724,0.08095703140133992,784,331.3880317723556,0.30826520919799805
785,2385.925,2032.0833333333328,7150.999999999999,100,100,1005,2.2284685583108694,7.115422885572138,2.4452807903289795,-2032.0833333333328,-0.019769770849961787,26.865533232688904,0.4108650963753462,0.05835720275717904,0.09530164976604283,785,331.4064839696977,0.30826520919799805
786,2388.964,2077.2433333333324,7432.666666666666,100,100,1008,2.354141370377629,7.373677248677248,2.5792410373687744,-2077.2433333333324,-0.0190694322809577,27.260644614696503,0.4255617931485176,0.04595816501387162,0.0804036459303461,786,331.40689811357083,0.30826520919799805
787,2391.922,2077.826666666667,7264.333333333334,100,100,1007,2.2933587898725003,7.213836477987422,2.5150718688964844,-2077.826666666667,-0.008796020993031561,38.928835928440094,0.4495914513245225,0.04530059211538173,0.11628365982323885,787,331.41805764534456,0.30826520919799805
788,2394.781,2051.093333333334,7285.0,100,100,1012,2.180594860727019,7.198616600790514,2.4098944664001465,-2051.093333333334,-0.0139211337082088,39.71966087818146,0.437749732285738,0.018258822237839922,0.08999399049207568,788,331.4449885320004,0.30826520919799805
789,2397.674,2092.9733333333334,7293.999999999999,100,100,1008,2.2259160709042574,7.23611111111111,2.4495351314544678,-2092.9733333333334,-0.015513272141106427,36.836068511009216,0.47157674841582775,0.048720940758357756,0.09830729174427688,789,331.46534405978196,0.30826520919799805
790,2403.743,2093.2599999999998,7248.333333333335,100,100,1007,2.051045682420908,7.1979476994372735,2.2679786682128906,-2093.2599999999998,-0.01812103169504553,30.736115634441376,0.44313673954457045,0.041294379298051354,0.08783868013415486,790,331.5079743746185,0.30826520919799805
791,2406.687,1978.8033333333342,7078.333333333332,100,100,1006,2.269209443224005,7.0361166335321395,2.483633041381836,-1978.8033333333342,-0.006827819655882195,41.51854360103607,0.4270828366279602,0.05213933636696311,0.06717051629675552,791,331.06047953626586,0.30826520919799805
792,2409.622,2108.863333333331,7355.9999999999945,100,100,1010,2.243732375042089,7.283168316831678,2.473085641860962,-2108.863333333331,-0.015554891782812774,36.164286494255066,0.47531886026263237,0.029441378439514665,0.1001367187127471,792,331.0764425835542,0.30826520919799805
793,2412.344,1965.7200000000005,7118.333333333338,100,100,1009,2.065955497517377,7.054839775355141,2.284930467605591,-1965.7200000000005,-0.012755217467201874,42.766466081142426,0.45981499552726746,0.0559818868568982,0.0722955196397379,793,331.1211493841471,0.30826520919799805
794,2415.075,2068.273333333333,7352.666666666667,100,100,1015,2.0552404935980957,7.244006568144499,2.2885704040527344,-2068.273333333333,-0.022976850741542876,56.08052456378937,0.4865365456789732,0.041115023639576975,0.09984019887633622,794,331.1669823682338,0.30826520919799805
795,2418.02,2003.1699999999996,7169.000000000001,100,100,1011,2.2711958458672927,7.090999010880317,2.5019567012786865,-2003.1699999999996,-0.014432188647333533,34.338458836078644,0.4607998672872782,0.033619097936025355,0.0912032782798633,795,331.1817143484266,0.30826520919799805
796,2420.925,1988.11,7159.000000000002,100,100,1012,2.2333844867626964,7.074110671936761,2.4626150131225586,-1988.11,-0.020821212034206837,32.03658711910248,0.47640811931341887,0.023539416259154677,0.08702674298547208,796,331.2023855685323,0.30826520919799805
797,2423.872,1931.8000000000015,7042.999999999999,100,100,1000,2.2920783986337483,7.042999999999999,2.49135684967041,-1931.8000000000015,-0.011863719555549324,48.01888328790665,0.45028132013976574,0.029303999021067284,0.08027343760477379,797,331.212161598055,0.30826520919799805
798,2426.86,2052.7,7176.666666666666,100,100,1008,2.29773352972217,7.119708994708994,2.524627685546875,-2052.7,-0.015948350890539587,33.24997133016586,0.43100232165306807,0.03464094114679028,0.07991536473855376,798,331.21970211806126,0.30826520919799805
799,2429.756,1980.79,6978.999999999998,100,100,1003,2.2259841458119847,6.958125623130607,2.435215711593628,-1980.79,-0.011520265776198357,41.06012785434723,0.3741338374093175,0.07081679644034011,0.08709574863314629,799,331.2377933667919,0.30826520919799805
800,2436.226,2106.960000000001,7136.33333333333,100,100,1008,2.198806845135839,7.079695767195764,2.4246175289154053,-2106.960000000001,-0.015676492359489202,43.958065152168274,0.400711297057569,0.026710435180575587,0.09977213572710752,800,331.2582130719457,0.30826520919799805
801,2439.286,2112.1999999999994,7326.333333333331,100,100,1007,2.360186493347927,7.275405494869246,2.58408784866333,-2112.1999999999994,-0.00909453589702025,40.90562945604324,0.4261080287396908,0.08210811601020396,0.07940284232608974,801,330.7697841817363,0.30826520919799805
802,2442.133,2044.6066666666673,7179.333333333334,100,100,1004,2.1860232057033175,7.150730411686587,2.397265911102295,-2044.6066666666673,-0.015954074217006564,46.21895605325699,0.38029647804796696,0.05741528837097576,0.09352805418893695,802,330.7952539964116,0.30826520919799805
803,2444.978,1959.3733333333334,6974.666666666668,100,100,1003,2.182699000817591,6.953805250913926,2.391160726547241,-1959.3733333333334,-0.018808287975843996,39.874631106853485,0.40785349905490875,0.0726145503576845,0.08927598083391786,803,330.82076122023614,0.30826520919799805
804,2447.966,2040.41,7318.666666666664,100,100,1010,2.293299998982007,7.246204620462044,2.528590202331543,-2040.41,-0.019104788021650165,51.966267466545105,0.4081897670403123,0.0836943488830002,0.10207031248137355,804,330.8294034233758,0.30826520919799805
805,2450.988,2081.9366666666674,7194.333333333336,100,100,1005,2.3585713412890685,7.158540630182424,2.5788588523864746,-2081.9366666666674,-0.02143074182095006,52.54434597492218,0.42998580541461706,0.038918358834052924,0.10133463563397527,805,330.8316319866474,0.30826520919799805
806,2453.636,1961.1633333333336,7121.333333333334,100,100,1009,1.9983473748228964,7.057813016187645,2.2191174030303955,-1961.1633333333336,-0.016573241038713604,39.377155900001526,0.37487632781267166,0.10173167706670938,0.10305723827332258,806,330.8856244514436,0.30826520919799805
807,2456.239,2039.116666666668,7186.33333333333,100,100,1001,1.9697692314094002,7.179154179154176,2.1720118522644043,-2039.116666666668,-0.015626765904016793,41.17493277788162,0.34797170106321573,0.09269541559478967,0.08080459199845791,807,330.94273330042955,0.30826520919799805
808,2458.883,2068.93,7254.999999999996,100,100,1006,1.9847699805536858,7.211729622266398,2.1999435424804688,-2068.93,-0.012077402614522725,27.32644683122635,0.34062968473881483,0.07696119164029369,0.08687160327099264,808,330.99593693316854,0.30826520919799805
809,2461.54,2057.836666666668,7215.000000000002,100,100,1004,2.0013009969087547,7.186254980079683,2.2151479721069336,-2057.836666666668,-0.012035876763548004,35.39378237724304,0.3503921013325453,0.08045960646995809,0.09636896359734237,809,331.04648235803717,0.30826520919799805
810,2467.375,2079.396666666668,7199.666666666673,100,100,1006,1.9999480115205317,7.1567263088137905,2.216707229614258,-2079.396666666668,-0.01072043861495331,34.91105943918228,0.3655959526076913,0.08665022085915552,0.08336871629580855,810,331.0990182232576,0.30826520919799805
811,2469.984,2079.34,7212.999999999998,100,100,1007,1.955831677619601,7.162859980139025,2.1725447177886963,-2079.34,-0.011826330155599862,40.58702528476715,0.40100051229819655,0.05479770769306924,0.07465508626773953,811,330.7296209023766,0.30826520919799805
812,2472.612,2031.0700000000006,7102.333333333333,100,100,1005,1.9893748254807138,7.066998341625207,2.1984572410583496,-2031.0700000000006,-0.016599677270278335,53.599260687828064,0.46112709306180477,0.029046337420368218,0.08766276045935228,812,330.7845602903198,0.30826520919799805
813,2475.245,2146.8500000000013,7396.333333333335,100,100,1001,1.9915383594058507,7.388944388944391,2.198049545288086,-2146.8500000000013,-0.010916776489466429,39.32557988166809,0.49434250872582197,0.04585609661444323,0.07473084959201515,813,330.83714271346247,0.30826520919799805
814,2477.904,2257.1933333333322,7567.666666666662,100,100,1011,1.9851267074338879,7.485328058028351,2.217658758163452,-2257.1933333333322,-0.006025884882546961,47.51574623584747,0.5179709233343601,0.041115948242804734,0.08790019928710535,814,330.89015111850034,0.30826520919799805
815,2480.535,2101.870000000001,7227.333333333335,100,100,1006,1.984887476015288,7.184227965540094,2.20222806930542,-2101.870000000001,-0.0103007327998057,37.851645946502686,0.5758990701287985,0.08002197001769673,0.11311141354963183,815,330.9446765042391,0.30826520919799805
816,2483.425,2070.5733333333333,7191.333333333333,100,100,1002,2.2229227545752956,7.176979374584165,2.4315576553344727,-2070.5733333333333,-0.017199415568029508,43.78224837779999,0.6695528756827116,0.017770706090232125,0.0853329615201801,816,330.9630573642386,0.30826520919799805
817,2486.317,2078.7766666666657,7161.000000000002,100,100,1007,2.2152314803497393,7.111221449851045,2.4370782375335693,-2078.7766666666657,-0.013882800645660609,48.21491938829422,0.5970105174928904,0.05108294129604474,0.08739195461384952,817,330.98316452928003,0.30826520919799805
818,2489.177,2052.0800000000004,7338.66666666667,100,100,1012,2.1754875508819893,7.25164690382082,2.406529664993286,-2052.0800000000004,-0.013533520279452205,37.359689474105835,0.6039951546117663,0.02758317392999743,0.07838792097754776,818,331.0093886666263,0.30826520919799805
819,2492.036,1958.8399999999997,7110.000000000001,100,100,1004,2.1760082685164144,7.08167330677291,2.388826847076416,-1958.8399999999997,-0.007147364143747836,48.27789604663849,0.7121972665190697,0.036776198918232694,0.12020596605725586,819,331.03250874534314,0.30826520919799805
820,2498.494,2129.143333333333,7370.666666666671,100,100,1006,2.2637616312057225,7.326706428098082,2.4884586334228516,-2129.143333333333,-0.010639924323186278,38.1866597533226,0.590512259863317,0.04921057848696364,0.09476902172900736,820,331.0453135428028,0.30826520919799805
821,2501.351,2087.7900000000004,7362.333333333333,100,100,1005,2.1816268660572926,7.325704809286899,2.401057004928589,-2087.7900000000004,-0.015693430264946073,43.90487736463547,0.6665471717715263,0.07164257628028281,0.09105902793817222,821,330.6036934210538,0.30826520919799805
822,2504.235,1941.77,7013.999999999999,100,100,1006,2.2105939355799205,6.972166998011928,2.423591136932373,-1941.77,-0.01385867822682485,44.72004324197769,0.6050873948261142,0.05352736754139187,0.09818699071183801,822,330.6248093686586,0.30826520919799805
823,2507.203,2151.296666666666,7419.66666666667,100,100,1007,2.2686719966084947,7.368090036411787,2.4943249225616455,-2151.296666666666,-0.005955943081062287,30.128678917884827,0.6357269762083888,0.033795124138123356,0.10039893607608974,823,330.63497682903284,0.30826520919799805
824,2510.124,1954.8400000000004,7180.333333333332,100,100,1006,2.2320941335449427,7.137508283631543,2.4474375247955322,-1954.8400000000004,-0.016647282405756414,41.84520488977432,0.5191531479358673,0.03694717042890261,0.07262652850477025,824,330.65100693015097,0.30826520919799805
825,2512.831,2136.3100000000004,7273.999999999999,100,100,1008,2.052716768091722,7.21626984126984,2.27435302734375,-2136.3100000000004,-0.015776020067278296,38.490884363651276,0.5563838751986623,0.025451612847973593,0.08772786462213844,825,330.6959159588473,0.30826520919799805
826,2515.462,2085.349999999998,7196.999999999996,100,100,1000,1.9989051005104557,7.1969999999999965,2.201544761657715,-2085.349999999998,-0.009088439517654479,38.355605483055115,0.5844108862802386,0.033770772904972546,0.08935546921566129,826,330.7476494852131,0.30826520919799805
827,2518.089,2116.9033333333336,7298.666666666666,100,100,1004,1.9729038818963838,7.269588313413014,2.1832408905029297,-2116.9033333333336,-0.016308885562466457,41.24003887176514,0.5418493216857314,0.021581365623205784,0.10529119335114956,827,330.8011974408216,0.30826520919799805
828,2520.729,2164.2099999999996,7303.0,100,100,1001,1.9988826187383328,7.2957042957042955,2.2037549018859863,-2164.2099999999996,-0.01355582952965051,44.116815865039825,0.5530874533578753,0.051437518777674995,0.07820836501196027,828,330.85187616704616,0.30826520919799805
829,2523.415,2231.9399999999982,7369.666666666663,100,100,1006,2.018900895509758,7.325712392312787,2.24194598197937,-2231.9399999999982,-0.019455687259323895,46.47187352180481,0.5050307307392359,0.03214259598098579,0.09878141980152577,829,330.89837152342324,0.30826520919799805
830,2529.292,2116.39,7242.999999999999,100,100,1010,2.001553269605715,7.17128712871287,2.227482557296753,-2116.39,-0.018217906530480832,34.6198245882988,0.5663100434467196,0.030170727433869615,0.09392578119877726,830,330.948963643989,0.30826520919799805
831,2531.934,1996.6533333333336,7164.999999999998,100,100,1006,1.9958452291501534,7.122266401590456,2.2058115005493164,-1996.6533333333336,-0.018240455479826778,37.655436396598816,0.4942810097709298,0.020780354854650795,0.07808254100382328,831,330.5812765682763,0.30826520919799805
832,2534.602,1942.3866666666672,6880.333333333332,100,100,1005,2.0273264693281616,6.846102819237147,2.2365968227386475,-1942.3866666666672,-0.015227447031065822,32.95810568332672,0.5298311188817024,0.030773234873777255,0.08059895853511989,832,330.6297817319317,0.30826520919799805
833,2537.281,1977.3833333333334,7127.000000000003,100,100,1007,2.0214179751547396,7.077457795431979,2.2375292778015137,-1977.3833333333334,-0.012704581313300878,41.199355602264404,0.49347994569689035,0.03379336261423305,0.10204039211384952,833,330.67760642884906,0.30826520919799805
834,2539.921,1988.5899999999995,7137.666666666664,100,100,1004,1.9955220119749377,7.10922974767596,2.2005388736724854,-1988.5899999999995,-0.01376959221670404,34.66615837812424,0.5526854190975428,0.04249160914332606,0.09130859375,834,330.729209832525,0.30826520919799805
835,2542.606,2046.213333333333,7514.999999999999,100,100,1010,2.027774257193513,7.44059405940594,2.248317003250122,-2046.213333333333,-0.012560794944874942,34.09107095003128,0.5326590277254581,0.031222333811456338,0.06945312500465661,835,330.7771957541497,0.30826520919799805
836,2545.274,1994.1366666666656,7145.333333333332,100,100,1011,2.009253116286775,7.067589845037915,2.2316973209381104,-1994.1366666666656,-0.018036965586361475,31.193094730377197,0.5612010788172483,0.02968707231048029,0.07692823238903657,836,330.82767860635863,0.30826520919799805
837,2547.947,2080.8433333333314,7313.666666666669,100,100,1000,2.021391700138338,7.313666666666669,2.224132776260376,-2080.8433333333314,-0.01713846973143518,41.84153497219086,0.5779164293780923,0.050842034241213696,0.08417968777939677,837,330.87321887978953,0.30826520919799805
838,2550.644,2150.613333333333,7368.333333333334,100,100,1007,2.0337849088954667,7.31711353856339,2.2557239532470703,-2150.613333333333,-0.013535470992792398,40.84184789657593,0.6049207588657737,0.046117644968035165,0.07824966753832996,838,330.91796637424517,0.30826520919799805
839,2553.346,1840.4500000000003,6845.333333333335,100,100,1005,2.031856813625576,6.811276948590383,2.23795223236084,-1840.4500000000003,-0.019285607675556093,36.98408371210098,0.4941622046753764,0.02430239239583898,0.07350260426755995,839,330.9613759684447,0.30826520919799805
840,2559.226,2147.8466666666664,7384.333333333333,100,100,1006,2.027783599343321,7.340291583830351,2.2459347248077393,-2147.8466666666664,-0.014211733941920102,45.58378469944,0.5997988842427731,0.022974069361225702,0.07710597838740796,840,331.00761986240144,0.30826520919799805
841,2561.888,2078.223333333333,7432.999999999999,100,100,1005,1.9936413952469159,7.396019900497511,2.2076504230499268,-2078.223333333333,-0.012816987582482398,34.8928057551384,0.6196722015738487,0.04039510802249424,0.08129340293817222,841,330.64293409705573,0.30826520919799805
842,2564.533,2006.4033333333343,7083.666666666666,100,100,1004,2.000977588883338,7.055444887118194,2.2091219425201416,-2006.4033333333343,-0.012257436173968017,38.096932888031006,0.5437670508399606,0.03844750557618681,0.06791548314504325,842,330.69334248147044,0.30826520919799805
843,2567.206,2091.1733333333327,7297.999999999997,100,100,1010,2.012602871140963,7.225742574257423,2.2413949966430664,-2091.1733333333327,-0.014520529250148684,35.180665493011475,0.5854688799008727,0.02790789174468955,0.08025390608236194,843,330.7424314799005,0.30826520919799805
844,2569.906,2127.5600000000004,7314.333333333334,100,100,1006,2.0286385683948267,7.270709078860173,2.24619722366333,-2127.5600000000004,-0.012547069869469851,41.12127524614334,0.5700653688982129,0.030811195640126243,0.07086447020992637,844,330.7864526516552,0.30826520919799805
845,2572.521,2042.3500000000008,7237.999999999997,100,100,1012,1.9560382415479778,7.152173913043476,2.1840896606445312,-2042.3500000000008,-0.014103657740633935,35.11101722717285,0.5926557779312134,0.033940820809220895,0.07523287297226489,845,330.8435197915928,0.30826520919799805
846,2575.11,2044.0400000000018,7254.666666666669,100,100,1006,1.937390261359335,7.2113982770046405,2.152684211730957,-2044.0400000000018,-0.012730764399748296,34.24331533908844,0.574077570810914,0.028352090550470166,0.07203209935687482,846,330.9016933924932,0.30826520919799805
847,2577.716,2032.5366666666666,7185.999999999999,100,100,1009,1.960675323029428,7.121902874132804,2.1794497966766357,-2032.5366666666666,-0.011642941099125892,32.58014625310898,0.6184939024969935,0.02362339448154671,0.08554886747151613,847,330.95857840229155,0.30826520919799805
848,2580.3,2073.51,7392.666666666667,100,100,1004,1.930251891378766,7.363213811420983,2.1395750045776367,-2073.51,-0.017315599718131125,40.91430115699768,0.5359528502449393,0.02042255053675035,0.07919034105725586,848,331.01621484031966,0.30826520919799805
849,2582.919,2167.7999999999984,7547.666666666666,100,100,1002,1.98022026056052,7.532601463739188,2.189704418182373,-2167.7999999999984,-0.021231420279946178,59.67683696746826,0.6035655299201608,0.011977915099123493,0.10484095988795161,849,331.06857757183195,0.30826520919799805
850,2588.543,2114.0200000000004,7273.333333333334,100,100,1008,1.9371999033388594,7.215608465608466,2.1570498943328857,-2114.0200000000004,-0.017444132885430008,38.33935421705246,0.6168141691014171,0.01642163537326269,0.08886718773283064,850,331.1269883008169,0.30826520919799805
851,2591.153,2142.0933333333323,7375.999999999999,100,100,1008,1.9530958321873129,7.317460317460316,2.175441265106201,-2142.0933333333323,-0.021433506393805146,37.425539553165436,0.5916117997840047,0.007007396219705697,0.0721028646803461,851,330.79440979537475,0.30826520919799805
852,2593.742,2025.4533333333322,7243.666666666664,100,100,1008,1.92661746150984,7.186177248677247,2.144148588180542,-2025.4533333333322,-0.01775319717125967,33.5387846827507,0.5726489033550024,0.007438943033776013,0.07763671921566129,852,330.85282058101,0.30826520919799805
853,2596.368,2187.866666666666,7404.666666666668,100,100,1004,1.9631165339967673,7.3751660026560435,2.177887201309204,-2187.866666666666,-0.006470934138633311,63.3536194562912,0.5753655368462205,0.023481512605940225,0.08433948876336217,853,330.9049955347864,0.30826520919799805
854,2598.976,1955.3266666666675,7083.666666666669,100,100,1009,1.9548751251832965,7.0204823257350535,2.1744463443756104,-1955.3266666666675,-0.02285584673518315,29.624944806098938,0.5780145768076181,0.0351281314251537,0.09592235321179032,854,330.96119716796863,0.30826520919799805
855,2601.634,2119.3933333333334,7133.0,100,100,1006,1.984790951975438,7.0904572564612325,2.202888250350952,-2119.3933333333334,-0.01820708005107008,43.85913211107254,0.6104037100449204,0.03414795492426492,0.0883152179303579,855,331.0096595712187,0.30826520919799805
856,2604.499,1999.8000000000002,7205.333333333334,100,100,1004,2.201040835324786,7.176626826029217,2.4121785163879395,-1999.8000000000002,-0.01569295724038966,39.10784900188446,0.6257239263504744,0.013531193988455925,0.07506214501336217,856,331.0310578614056,0.30826520919799805
857,2607.486,2142.006666666667,7361.333333333333,100,100,1006,2.3073029827519096,7.3174287607687205,2.5285561084747314,-2142.006666666667,-0.018124429800081998,34.1503244638443,0.5785561995580792,0.03385165659710765,0.10434358031488955,857,331.0376171039865,0.30826520919799805
858,2610.409,2053.8333333333326,7222.666666666666,100,100,1011,2.2396439179533063,7.144081767227167,2.4686474800109863,-2053.8333333333326,-0.01497754079173319,28.82511579990387,0.5626797210425138,0.04389304221331258,0.08854166720993817,858,331.05432629572374,0.30826520919799805
859,2613.241,2047.8533333333337,7292.000000000003,100,100,1006,2.139045030182268,7.248508946322071,2.360319137573242,-2047.8533333333337,-0.016777108889073133,39.06868898868561,0.6158248772844672,0.019803163304459304,0.08912194287404418,859,331.08045574616,0.30826520919799805
860,2619.699,2063.9866666666667,7344.333333333329,100,100,1009,2.148876015703324,7.278823918070693,2.3723204135894775,-2063.9866666666667,-0.011825226712971926,38.4143705368042,0.6466429904103279,0.017534119200718123,0.06906688446179032,860,331.1055243299567,0.30826520919799805
861,2622.58,2097.390000000001,7286.33333333333,100,100,1000,2.2011098981602117,7.286333333333331,2.4082603454589844,-2097.390000000001,-0.021280817687511444,37.61956483125687,0.6638797856867313,0.014162019579089247,0.0947265625,861,330.66750055851134,0.30826520919799805
862,2625.446,2086.8900000000012,7433.333333333334,100,100,1007,2.1800228400117057,7.38166170142337,2.4033303260803223,-2086.8900000000012,-0.018476071767508984,38.08745718002319,0.6712958421558142,0.012126693269237876,0.07399019272997975,862,330.6901511706933,0.30826520919799805
863,2628.347,2094.8900000000003,7374.999999999999,100,100,1006,2.220573756153182,7.331013916500993,2.4393858909606934,-2094.8900000000003,-0.015331375878304243,40.62458282709122,0.6419397126883268,0.0161986733401136,0.07368800975382328,863,330.70785289046825,0.30826520919799805
864,2631.232,2110.2800000000016,7198.0,100,100,1006,2.2169275336137884,7.155069582504971,2.4384236335754395,-2110.2800000000016,-0.01277623578789644,36.23184514045715,0.5728198857977986,0.015022315667010844,0.07857082225382328,864,330.7276187418461,0.30826520919799805
865,2633.859,2022.7133333333345,7125.000000000004,100,100,1009,1.9625851338059153,7.061446977205157,2.181330919265747,-2022.7133333333345,-0.014042231370694935,27.879384338855743,0.5532489642500877,0.012082151508366223,0.0635463169310242,865,330.78086172994557,0.30826520919799805
866,2636.501,2090.3866666666668,7198.666666666668,100,100,1011,1.9754009878881917,7.120342894823608,2.201484203338623,-2090.3866666666668,-0.021033482276834548,31.220599114894867,0.5614556735381484,0.021262863323499914,0.07925474899820983,866,330.8328148827236,0.30826520919799805
867,2639.108,2164.573333333334,7263.666666666668,100,100,1004,1.9499615559018628,7.234727755644092,2.1624820232391357,-2164.573333333334,-0.00854977424023673,41.709181010723114,0.5737306643277407,0.015957124182023108,0.07412997167557478,867,330.8864228920067,0.30826520919799805
868,2641.745,2095.4900000000007,7334.66666666667,100,100,1012,1.967793180659715,7.247694334650859,2.1977264881134033,-2095.4900000000007,-0.015180478396359831,32.270352840423584,0.5454901298508048,0.04194868442573352,0.1034405049867928,868,330.9392376089538,0.30826520919799805
869,2644.369,2157.5233333333326,7394.000000000005,100,100,1005,1.964634028958407,7.357213930348263,2.177311420440674,-2157.5233333333326,-0.015723863733001053,34.72740662097931,0.5897874478250742,0.02267967396619497,0.08003472269047052,869,330.990933683478,0.30826520919799805
870,2650.083,1979.2100000000012,7153.333333333337,100,100,1003,1.9488308076391132,7.131937520771023,2.1548779010772705,-1979.2100000000012,-0.015287228801753372,30.860978722572327,0.5590396402403712,0.02249660177039914,0.10369731113314629,870,331.04568161623905,0.30826520919799805
871,2652.742,2037.7200000000003,7316.333333333332,100,100,1013,1.9911565646200062,7.222441592629153,2.21960711479187,-2037.7200000000003,-0.023414954775944352,29.79389137029648,0.6178955193608999,0.021418858574179467,0.09848540695384145,871,330.7062254176528,0.30826520919799805
872,2655.375,2103.2299999999996,7326.666666666664,100,100,1010,1.9582915818318725,7.254125412541252,2.18241810798645,-2103.2299999999996,-0.023293273872695863,48.57534545660019,0.6345887770876288,0.02281751119880937,0.12300781207159162,872,330.7585747958809,0.30826520919799805
873,2658.018,2058.8366666666666,7192.666666666669,100,100,1006,1.9930249504063642,7.149768058316768,2.211697578430176,-2058.8366666666666,-0.018801002472173423,29.449490010738373,0.6950599532574415,0.013252893986646086,0.10797384520992637,873,330.808107918106,0.30826520919799805
874,2660.629,2208.766666666667,7495.333333333335,100,100,1004,1.9618898420965678,7.4654714475431625,2.1771130561828613,-2208.766666666667,-0.016160682018380612,46.19458419084549,0.6636288650333881,0.007464019250619458,0.07235440332442522,874,330.86089913193723,0.30826520919799805
875,2663.281,2018.6733333333336,7283.333333333335,100,100,1007,2.0018903689566248,7.232704402515725,2.2185637950897217,-2018.6733333333336,-0.020876052789390087,31.766708731651306,0.623249089345336,0.014698992785270093,0.11073595355264843,875,330.90954690377185,0.30826520919799805
876,2665.951,2057.8399999999992,7294.000000000002,100,100,1012,2.002193479294421,7.207509881422927,2.229687213897705,-2057.8399999999992,-0.01698970067081973,30.8393417596817,0.6596694057807326,0.015036780481750611,0.08522385847754776,876,330.95769503473423,0.30826520919799805
877,2668.6,2003.7033333333343,7154.000000000004,100,100,1009,1.9883729428158126,7.090188305252729,2.209350109100342,-2003.7033333333343,-0.01594291627407074,39.575572192668915,0.6218952964991331,0.007036198403511662,0.08314732112921774,877,331.00727065803574,0.30826520919799805
878,2671.256,2169.5399999999995,7505.000000000002,100,100,1005,2.001976516834502,7.467661691542291,2.2180871963500977,-2169.5399999999995,-0.017305119486991316,46.678805470466614,0.6363194994628429,0.008547674086003099,0.10704210086259991,878,331.0545328133036,0.30826520919799805
879,2673.902,2066.336666666667,7246.000000000001,100,100,1002,1.986158084349257,7.231536926147705,2.1941027641296387,-2066.336666666667,-0.01393172552343458,55.86621975898743,0.5733413510024548,0.03883776249131188,0.12369791697710752,879,331.10147931176596,0.30826520919799805
880,2679.714,2081.1466666666656,7280.333333333332,100,100,1010,2.0105797989930183,7.208250825082507,2.2352283000946045,-2081.1466666666656,-0.014235360722523183,41.03052085638046,0.574887185357511,0.013048530803644098,0.09169921861030161,880,331.14829888121693,0.30826520919799805
881,2682.371,2035.7266666666671,7112.333333333333,100,100,1009,1.979909914202353,7.048893293690122,2.200502872467041,-2035.7266666666671,-0.01659486338030547,40.36942845582962,0.5782854910939932,0.005054682624177076,0.08172233728691936,881,330.80880097624475,0.30826520919799805
882,2685.026,1983.9400000000003,7210.999999999998,100,100,1010,1.9970056425669405,7.1396039603960375,2.218886137008667,-1983.9400000000003,-0.014764194522285834,37.62949472665787,0.6062011141330004,0.017140007184934802,0.09818359359633178,882,330.8578930677753,0.30826520919799805
883,2687.685,1917.0200000000018,7130.6666666666715,100,100,1007,2.000061170611431,7.081098973849723,2.214632272720337,-1917.0200000000018,-0.015383285179268569,50.97995948791504,0.6352552073076367,0.01639855898974929,0.1000457113259472,883,330.9052602208787,0.30826520919799805
884,2690.36,1907.51,6938.66666666667,100,100,1006,2.01394284147747,6.897282968853548,2.227537155151367,-1907.51,-0.0143652776023373,30.467915654182434,0.6291098203510046,0.013059371958661359,0.0855978261679411,884,330.95011140671795,0.30826520919799805
885,2692.948,1981.0033333333333,7059.666666666667,100,100,1010,1.9283565353731265,6.9897689768976905,2.1496617794036865,-1981.0033333333333,-0.020299941825214773,34.62679988145828,0.6997980494052172,0.013674078796611866,0.09650390595197678,885,331.00707622831186,0.30826520919799805
886,2695.568,2131.256666666667,7365.333333333329,100,100,1006,1.966591055132819,7.32140490390987,2.183436870574951,-2131.256666666667,-0.018421433866024017,36.382473945617676,0.6020826399326324,0.031281398463761434,0.08120329515077174,886,331.0586089157647,0.30826520919799805
887,2698.165,2089.276666666667,7264.999999999997,100,100,1005,1.9493149252914226,7.228855721393032,2.1602563858032227,-2089.276666666667,-0.021005621121730655,49.988062620162964,0.6497802454978228,0.012279372916964348,0.10061848978511989,887,331.112444456288,0.30826520919799805
888,2700.794,1987.2233333333354,7129.666666666672,100,100,1006,1.958352783356958,7.0871438038436105,2.17057466506958,-1987.2233333333354,-0.02408926037605852,35.86028814315796,0.6690069567412138,0.014831204949587118,0.07377292797900736,888,331.1625793219313,0.30826520919799805
889,2703.413,2018.453333333333,7070.333333333332,100,100,1000,1.983145202160813,7.070333333333332,2.185518741607666,-2018.453333333333,-0.021218478679656982,40.909106731414795,0.6328865438699722,0.00791975799802458,0.09541015629656613,889,331.2116411083448,0.30826520919799805
890,2709.091,2099.8300000000004,7227.0,100,100,1010,1.9370916842409216,7.155445544554455,2.1613385677337646,-2099.8300000000004,-0.01894416770664975,39.810792207717896,0.6709025725722313,0.012890233170764986,0.06701171863824129,890,331.2660282108579,0.30826520919799805
891,2711.701,2019.1066666666668,7057.333333333336,100,100,1011,1.9494274986491462,6.980547312891529,2.1718084812164307,-2019.1066666666668,-0.015638385026250035,33.69796401262283,0.6106937918812037,0.019137933317324496,0.08730660262517631,891,330.9447164713107,0.30826520919799805
892,2714.306,2126.899999999999,7271.999999999999,100,100,1008,1.934300890882566,7.2142857142857135,2.156919002532959,-2126.899999999999,-0.01469649068894796,50.709896087646484,0.7027578912675381,0.011853571515530348,0.08398437523283064,892,330.9984059866745,0.30826520919799805
893,2716.892,2012.6833333333325,7201.3333333333285,100,100,1007,1.934381729836253,7.151274412446205,2.152142286300659,-2012.6833333333325,-0.017622099549043924,40.327596843242645,0.6363907530903816,0.021072664244456973,0.07749127293936908,893,331.054007179847,0.30826520919799805
894,2719.467,2139.8100000000004,7082.333333333337,100,100,1000,1.9355379985645413,7.082333333333336,2.139942169189453,-2139.8100000000004,-0.02012847049627453,44.42310631275177,0.6808424647897482,0.007702666425757343,0.09238281240686774,894,331.10828081385273,0.30826520919799805
895,2722.199,2170.8133333333344,7363.333333333333,100,100,1006,2.0568937377515386,7.319416832339297,2.277803897857666,-2170.8133333333344,-0.01875153579749167,82.74945294857025,0.6893431767821312,0.0074671673064585775,0.07135275145992637,895,331.14555223512485,0.30826520919799805
896,2725.07,2095.190000000001,7217.333333333335,100,100,1002,2.191197606474682,7.202927478376582,2.402048110961914,-2095.190000000001,-0.019514948478899896,37.969808876514435,0.664972010999918,0.010158420500374632,0.09047154034487903,896,331.1642916400455,0.30826520919799805
897,2728.004,2115.5,7277.666666666665,100,100,1010,2.238702574412864,7.205610561056104,2.469329595565796,-2115.5,-0.013885132444556803,40.12798082828522,0.6545059634372592,0.017705868332996033,0.08939453097991645,897,331.17843728873095,0.30826520919799805
898,2731.105,2077.860000000001,7094.0,100,100,1010,2.389378118384076,7.023762376237624,2.6226935386657715,-2077.860000000001,-0.017674582137260586,40.27899128198624,0.5876546064391732,0.013287312824104447,0.08898437488824129,898,331.17223843492013,0.30826520919799805
899,2734.184,2099.8366666666657,7239.999999999999,100,100,1007,2.3968590856062724,7.189672293942403,2.62272310256958,-2099.8366666666657,-0.014702347631100565,51.08008337020874,0.6093445513397455,0.04400943093423848,0.07611993001773953,899,331.1675341921583,0.30826520919799805
900,2740.641,2178.263333333332,7415.333333333334,100,100,1011,2.213508108792906,7.334652159577976,2.4457130432128906,-2178.263333333332,-0.017920657817739993,41.03061157464981,0.6015824852511287,0.017842539971752558,0.10318053013179451,900,331.18346011923285,0.30826520919799805
901,2743.726,2149.3133333333326,7229.999999999997,100,100,1006,2.3798233594293623,7.186878727634192,2.6028854846954346,-2149.3133333333326,-0.015480295463930815,34.53142076730728,0.5891471840441227,0.02458892302820459,0.06912364135496318,901,330.7509532518179,0.30826520919799805
902,2746.722,2118.8133333333335,7312.999999999999,100,100,1009,2.2996466797688835,7.247770069375618,2.529203414916992,-2118.8133333333335,-0.015276467078365386,39.03427082300186,0.518194786272943,0.022112121994723566,0.08014787948923185,902,330.7575482988862,0.30826520919799805
903,2749.591,2043.043333333335,7192.333333333334,100,100,1009,2.1741325089918417,7.128179715890321,2.3975837230682373,-2043.043333333335,-0.009155002888292074,43.601553559303284,0.6079561039805412,0.04488182866043644,0.10369499353691936,903,330.7793694054705,0.30826520919799805
904,2752.45,2108.3300000000013,7262.999999999999,100,100,1012,2.1699482186010894,7.1768774703557305,2.4044153690338135,-2108.3300000000013,-0.013487691699992865,32.953886687755585,0.5528440298512578,0.007636989699676633,0.08837890677386895,904,330.8034857114853,0.30826520919799805
905,2755.249,2074.2999999999997,7183.000000000001,100,100,1012,2.1136603778294423,7.097826086956522,2.345458745956421,-2074.2999999999997,-0.009221127140335739,39.20646768808365,0.5665763188153505,0.005071189363661688,0.07132662273943424,905,330.8348495711665,0.30826520919799805
906,2758.029,2041.3200000000004,7126.000000000004,100,100,1006,2.1006799231016746,7.083499005964218,2.3148648738861084,-2041.3200000000004,-0.01737912546377629,37.72048705816269,0.5543647296726704,0.023111866554245353,0.08619225537404418,906,330.86597619774415,0.30826520919799805
907,2760.956,2203.0600000000013,7286.333333333337,100,100,1009,2.236833993776547,7.221341261975557,2.46645188331604,-2203.0600000000013,-0.022535288706421852,42.803202986717224,0.6221480630338192,0.014732497136719758,0.08528977970127016,907,330.88068810671007,0.30826520919799805
908,2763.863,2043.3066666666682,7225.000000000005,100,100,1005,2.2395653735883347,7.1890547263681635,2.45451283454895,-2043.3066666666682,-0.01289175235433504,40.93637013435364,0.5908788973465562,0.02934717635071138,0.08193359384313226,908,330.8962687776969,0.30826520919799805
909,2766.605,2047.6366666666668,7105.0,100,100,1012,2.0549175901920074,7.020750988142293,2.2845542430877686,-2047.6366666666668,-0.01315074454760179,32.22938472032547,0.6112247817218304,0.050244735371961724,0.08158052910584956,909,330.9340735765822,0.30826520919799805
910,2772.854,2063.246666666666,7303.666666666665,100,100,1007,2.075933467605093,7.252896391923203,2.2952678203582764,-2063.246666666666,-0.013189630379201844,39.31282651424408,0.5325501691550016,0.022897455188285676,0.07518492336384952,910,330.9688906156124,0.30826520919799805
911,2775.753,2083.586666666667,7134.33333333333,100,100,1009,2.198089096336132,7.070697059795174,2.4234304428100586,-2083.586666666667,-0.006905853224452585,29.01627415418625,0.609883745200932,0.032755177990111406,0.08825932699255645,911,330.56970805300824,0.30826520919799805
912,2778.577,1990.756666666667,7072.000000000001,100,100,1003,2.0900729789230543,7.050847457627119,2.3006670475006104,-1990.756666666667,-0.009262381470762193,35.95294463634491,0.4847319098189473,0.03980479473466403,0.09441996715031564,912,330.594763924992,0.30826520919799805
913,2781.362,1994.0499999999997,7166.666666666671,100,100,1008,2.107488292076307,7.1097883597883635,2.3254916667938232,-1994.0499999999997,-0.010669371054973453,37.87539541721344,0.5512239979580045,0.06790969200665131,0.09944661473855376,913,330.62614729394403,0.30826520919799805
914,2784.204,2064.1200000000003,7273.666666666663,100,100,1005,2.165683879475318,7.237479270315088,2.3841116428375244,-2064.1200000000003,-0.012887999371741898,40.95280861854553,0.5749699277803302,0.031830748568609124,0.07990451401565224,914,330.6495630451732,0.30826520919799805
915,2787.091,2038.286666666666,7218.333333333331,100,100,1006,2.166263617030817,7.175281643472497,2.3815038204193115,-2038.286666666666,-0.012773310852935538,34.283181607723236,0.6189941558986902,0.0413762699754443,0.08765709947329015,915,330.6680596120756,0.30826520919799805
916,2790.118,2062.433333333334,7118.333333333329,100,100,1009,2.3284020843593507,7.054839775355133,2.5569889545440674,-2062.433333333334,-0.01130922231823206,38.538227915763855,0.6393324267119169,0.03331808307848405,0.09085020702332258,916,330.6709614030061,0.30826520919799805
917,2793.225,2027.0566666666664,7103.666666666667,100,100,1010,2.4102141567745643,7.033333333333333,2.6407907009124756,-2027.0566666666664,-0.01376887847436592,26.253653198480606,0.6241404032334685,0.04409555285383249,0.06408203113824129,917,330.66470376509545,0.30826520919799805
918,2796.118,2075.6233333333325,7307.333333333334,100,100,1009,2.1830271578525866,7.242153947803106,2.4101836681365967,-2075.6233333333325,-0.010559266083873808,45.73053419589996,0.5700549716129899,0.05567989461997058,0.06369579071179032,918,330.6834875874998,0.30826520919799805
919,2799.028,2213.8800000000015,7442.333333333336,100,100,1010,2.208088811874242,7.368646864686471,2.4426910877227783,-2213.8800000000015,-0.013812450575642288,35.38779032230377,0.6419897796586156,0.06888579053338617,0.07884765602648258,919,330.7004932978864,0.30826520919799805
920,2805.697,2066.723333333334,7267.000000000001,100,100,1005,2.3174814929703795,7.2308457711442795,2.5346767902374268,-2066.723333333334,-0.013728423742577434,40.43745195865631,0.6443820558488369,0.019814281848084647,0.0609375003259629,920,330.70516987990544,0.30826520919799805
921,2808.647,2045.323333333333,7266.666666666664,100,100,1012,2.1686819173798715,7.180500658761526,2.4050817489624023,-2045.323333333333,-0.017915244679898024,29.79584950208664,0.664910214021802,0.01655030676192837,0.054950420977547765,921,330.2861040692127,0.30826520919799805
922,2811.475,2110.146666666666,7226.999999999998,100,100,1007,2.1476257211402014,7.176762661370406,2.369325637817383,-2110.146666666666,-0.01820376666728407,38.108577251434326,0.574863038957119,0.06841658423945773,0.09915226022712886,922,330.31203551026186,0.30826520919799805
923,2814.097,2059.913333333333,6945.666666666665,100,100,1006,1.9634365807491063,6.904241219350562,2.181586265563965,-2059.913333333333,-0.018708928721025586,40.30957335233688,0.6745009319856763,0.04489900996850338,0.07477072009351104,923,330.3617331430909,0.30826520919799805
924,2816.739,2074.629999999998,7139.999999999996,100,100,1010,1.9747552490737843,7.069306930693066,2.1995766162872314,-2074.629999999998,-0.013547444192226976,31.621728122234344,0.5555223599076271,0.03920669957551581,0.07650390616618097,924,330.41050327794596,0.30826520919799805
925,2819.405,2098.4766666666656,7190.999999999997,100,100,1010,1.9885788126479798,7.119801980198017,2.213897705078125,-2098.4766666666656,-0.016788389766588807,30.63520658016205,0.6137311942875385,0.01655802876484813,0.07460937497671694,925,330.4562076724388,0.30826520919799805
926,2822.054,2094.486666666666,7315.666666666663,100,100,1010,1.9804893078808072,7.24323432343234,2.2049500942230225,-2094.486666666666,-0.016586809972068295,25.66404163837433,0.6194784436374903,0.019977930503955577,0.06630859372671694,926,330.5039497241818,0.30826520919799805
927,2824.686,2024.2800000000009,7271.333333333336,100,100,1010,1.9713713850890573,7.199339933993402,2.1950602531433105,-2024.2800000000009,-0.00909621751634404,27.802825391292572,0.5511478148400784,0.0471391470546223,0.06951171858236194,927,330.5535469503621,0.30826520919799805
928,2827.343,2156.0266666666676,7166.333333333334,100,100,1010,1.9649595048711959,7.095379537953796,2.197282075881958,-2156.0266666666676,-0.016247361665591598,42.302847504615784,0.5943506080657244,0.05245124733482953,0.08212890604045242,928,330.60030153990266,0.30826520919799805
929,2829.989,2006.5400000000002,7151.333333333338,100,100,1012,1.9765761853453405,7.0665349143610054,2.2060515880584717,-2006.5400000000002,-0.013219037326052785,36.249487817287445,0.5294412123039365,0.05765584803884849,0.05258413474075496,929,330.6486478064501,0.30826520919799805
930,2835.777,2182.2333333333327,7153.33333333333,100,100,1009,1.9773421198733305,7.089527585067721,2.202791213989258,-2182.2333333333327,-0.014538015268044546,43.718530774116516,0.5494175786152482,0.06212578403938096,0.08269889978691936,930,330.6959101184033,0.30826520919799805
931,2838.428,2163.656666666667,7399.66666666667,100,100,1010,1.9728760387158335,7.326402640264029,2.199150323867798,-2163.656666666667,-0.004220273724058643,37.02150273323059,0.6302117053419352,0.03030496317660436,0.09511718747671694,931,330.3769090380732,0.30826520919799805
932,2841.103,2065.343333333334,7132.999999999998,100,100,1010,1.989910398762083,7.06237623762376,2.21712064743042,-2065.343333333334,-0.01156724279280752,35.18303406238556,0.614090365357697,0.026959513812471414,0.05431640602182597,932,330.4214576892979,0.30826520919799805
933,2843.947,2098.3699999999994,7066.000000000001,100,100,1002,2.1699767460081794,7.051896207584831,2.379563331604004,-2098.3699999999994,-0.014924483490176499,34.091502249240875,0.6614994369447231,0.0218552702353918,0.09070405509555712,933,330.44316575099896,0.30826520919799805
934,2847.005,2097.8366666666684,7336.333333333334,100,100,1010,2.309586534318099,7.263696369636964,2.5400333404541016,-2097.8366666666684,-0.01199463871307671,31.996325969696045,0.538977362215519,0.04097990118316375,0.07775390625465661,934,330.44298961723905,0.30826520919799805
935,2849.946,2129.553333333333,7375.999999999997,100,100,1012,2.2611767800180647,7.288537549407112,2.4981603622436523,-2129.553333333333,-0.012648266623727977,32.11101448535919,0.6457044444978237,0.01909047706067213,0.050818810472264886,935,330.4570949612069,0.30826520919799805
936,2852.848,2071.53,7482.666666666673,100,100,1010,2.206946833469527,7.4085808580858155,2.437023639678955,-2071.53,-0.015064980601891875,45.15957295894623,0.6883587725460529,0.018246446943521732,0.09148437494877726,936,330.47507285097663,0.30826520919799805
937,2855.71,1990.2533333333338,6843.333333333333,100,100,1012,2.1761137334834197,6.762187088274045,2.4050004482269287,-1990.2533333333338,-0.01169583440059796,45.227272033691406,0.5836655516177416,0.09230415660567814,0.09495192347094417,937,330.4982347946157,0.30826520919799805
938,2858.547,2053.1400000000003,7159.666666666666,100,100,1004,2.1542850597733745,7.131142098273572,2.3673977851867676,-2053.1400000000003,-0.016655127692501992,41.13892585039139,0.5380382081493735,0.03652133893046994,0.07115589501336217,938,330.521378897139,0.30826520919799805
939,2861.549,1985.92,7047.666666666663,100,100,1004,2.306202093540019,7.019588313413012,2.5179443359375,-1985.92,-0.01908382456167601,49.467969477176666,0.5935881594195962,0.03541717775806319,0.09716796898283064,939,330.52554795113934,0.30826520919799805
940,2867.88,2106.9533333333343,7228.000000000004,100,100,1011,2.242633531010101,7.14935707220574,2.474813222885132,-2106.9533333333343,-0.011139581562019885,37.40601259469986,0.6057607401162386,0.01896377236698754,0.07193053024820983,940,330.5392694188424,0.30826520919799805
941,2870.914,2001.0900000000015,7143.666666666668,100,100,1008,2.3407711297973974,7.0869708994709,2.5638766288757324,-2001.0900000000015,-0.013949975080322474,36.73279815912247,0.6038872255012393,0.006501256473711692,0.08447265659924597,941,330.1505638471381,0.30826520919799805
942,2873.571,1926.6033333333332,7158.666666666665,100,100,1009,1.9972334001850194,7.094813346547736,2.2119367122650146,-1926.6033333333332,-0.018584835615911288,35.21348387002945,0.572925977408886,0.026867597713135183,0.09832389990333468,942,330.19649724017785,0.30826520919799805
943,2876.247,2163.2400000000002,7323.000000000001,100,100,1008,2.009302679364318,7.264880952380953,2.2329764366149902,-2163.2400000000002,-0.01694054633844644,33.21770483255386,0.5813582437112927,0.01921798983858025,0.07763671892462298,943,330.239681844681,0.30826520919799805
944,2878.951,2078.743333333333,7251.999999999998,100,100,1008,2.027901785267103,7.194444444444443,2.248425245285034,-2078.743333333333,-0.015836249134736136,37.04820227622986,0.5188246918842196,0.03934312528144801,0.099609375,944,330.2796818166083,0.30826520919799805
945,2881.626,1931.5800000000004,6937.333333333334,100,100,1011,2.003366765879375,6.861852950873723,2.228510856628418,-1931.5800000000004,-0.004107836379262153,28.14943391084671,0.5651594782248139,0.020860927637841087,0.10024126875214279,945,330.32395870943753,0.30826520919799805
946,2884.285,2055.2166666666667,7168.333333333339,100,100,1003,2.0106787625505245,7.146892655367238,2.2196755409240723,-2055.2166666666667,-0.01804820151301101,34.12646675109863,0.6688804943114519,0.015165175127549446,0.07807957846671343,946,330.36713072516255,0.30826520919799805
947,2886.942,2054.2333333333327,7279.666666666663,100,100,1007,1.999382026513896,7.2290632240979775,2.2164008617401123,-2054.2333333333327,-0.023463831399567425,51.010671854019165,0.6082739438861609,0.059746651466412004,0.12227809149771929,947,330.4118817289116,0.30826520919799805
948,2889.595,2002.7000000000016,7080.6666666666715,100,100,1007,1.9923460753283129,7.031446540880508,2.2084169387817383,-2002.7000000000016,-0.02060307573992759,28.85975033044815,0.5843789400532842,0.03373780679976335,0.10971783543936908,948,330.4569912385361,0.30826520919799805
949,2892.261,1976.3966666666665,7155.333333333333,100,100,1004,2.015413444297225,7.126826029216467,2.2250237464904785,-1976.3966666666665,-0.021399526711320505,44.93494987487793,0.5701381508260965,0.027911048688110895,0.07523970189504325,949,330.4995141436422,0.30826520919799805
950,2898.073,2033.3699999999988,7242.999999999998,100,100,1001,1.9786590390460013,7.2357642357642336,2.180631399154663,-2033.3699999999988,-0.01665476951166056,32.846874952316284,0.6370934043079615,0.018449418697855435,0.08498475584201515,950,330.5449025690131,0.30826520919799805
951,2900.731,2082.379999999999,7406.000000000002,100,100,1008,1.9969707343354082,7.347222222222224,2.215654134750366,-2082.379999999999,-0.01552764349617064,36.502391278743744,0.6117049241438508,0.02842449346644571,0.10319010447710752,951,330.2270798309855,0.30826520919799805
952,2903.45,2009.8733333333337,7100.333333333334,100,100,1004,2.0527677272865734,7.072045152722445,2.2631335258483887,-2009.8733333333337,-0.020820009987801313,28.922720789909363,0.5253342604264617,0.02562023997597862,0.07208806835114956,952,330.2636515044581,0.30826520919799805
953,2906.132,2044.6000000000013,7038.333333333332,100,100,1002,2.0315157714998815,7.024284763805721,2.240196943283081,-2044.6000000000013,-0.01802046928787604,43.237888276576996,0.6274675335735083,0.013586047396529466,0.08214750757906586,953,330.3037049947228,0.30826520919799805
954,2908.819,1909.443333333333,7101.333333333331,100,100,1006,2.0162018906338064,7.058979456593769,2.2278566360473633,-1909.443333333333,-0.019912890798877925,32.90358638763428,0.5796796716749668,0.02328647098329384,0.08814538060687482,954,330.34440674055656,0.30826520919799805
955,2911.502,2042.1599999999994,7024.66666666667,100,100,1002,2.017032635651953,7.01064537591484,2.2257912158966064,-2042.1599999999994,-0.0069914155174046755,38.06695747375488,0.5883276993408799,0.021176800233661197,0.06991722487146035,955,330.3841170956803,0.30826520919799805
956,2914.208,2026.2566666666671,7199.333333333334,100,100,1002,2.0392824357288135,7.184963406520294,2.2448389530181885,-2026.2566666666671,-0.01796725142048672,36.786543786525726,0.5440434673801064,0.03950034490117105,0.09872581856325269,956,330.42115198680204,0.30826520919799805
957,2916.942,2090.723333333334,7173.333333333334,100,100,1007,2.0506195636149847,7.123469049983449,2.271648406982422,-2090.723333333334,-0.017223410919541493,42.53909778594971,0.6287221722304821,0.018395355124084745,0.08925157901830971,957,330.45669026150074,0.30826520919799805
958,2919.619,2052.2866666666673,7129.333333333334,100,100,1011,2.0034388703746404,7.05176393010221,2.231727123260498,-2052.2866666666673,-0.01225768419681117,30.37041997909546,0.5992863299325109,0.03347387567919213,0.12542126281186938,958,330.49995615000216,0.30826520919799805
959,2922.282,2107.7966666666666,7268.666666666665,100,100,1009,1.9972152628163309,7.203832177073008,2.22050404548645,-2107.7966666666666,-0.013655450253281742,37.25662165880203,0.5548600573092699,0.05354693943809252,0.09637077490333468,959,330.5440270612803,0.30826520919799805
960,2928.132,2072.2933333333344,7225.333333333333,100,100,1009,1.996848664391413,7.160885365047902,2.2219700813293457,-2072.2933333333344,-0.018967641051858664,46.06218123435974,0.5124266035854816,0.026255223441694397,0.08521006070077419,960,330.5874469539756,0.30826520919799805
961,2930.803,1978.7466666666703,7264.666666666673,100,100,1003,2.0041817562201487,7.242937853107351,2.2094640731811523,-1978.7466666666703,-0.017335369891952723,32.036411583423615,0.49340588320046663,0.05225274342956254,0.10565043613314629,961,330.26972044973667,0.30826520919799805
962,2933.41,2008.9366666666665,7078.333333333331,100,100,1010,1.9460738620416511,7.008250825082506,2.166219472885132,-2008.9366666666665,-0.013470530393533409,33.18342822790146,0.568717785179615,0.027869149736943655,0.09037109347991645,962,330.3203319164861,0.30826520919799805
963,2936.046,2079.136666666666,7159.66666666667,100,100,1005,1.979466668788844,7.124046434494199,2.1955974102020264,-2079.136666666666,-0.016015005559893325,44.847360730171204,0.5274999029934406,0.043137976426805835,0.08905164944007993,963,330.3660746875896,0.30826520919799805
964,2938.626,2025.546666666667,7143.333333333331,100,100,1002,1.9359267445721713,7.129075182967396,2.138887405395508,-2025.546666666667,-0.01659364088845905,47.550858438014984,0.5339832622557878,0.042894897269434296,0.11197916674427688,964,330.41703272653655,0.30826520919799805
965,2941.266,2095.3500000000004,7285.000000000003,100,100,1005,1.971659304189556,7.248756218905475,2.186622142791748,-2095.3500000000004,-0.013070710003376007,33.56492292881012,0.4380330368876457,0.016219961540627992,0.09761284734122455,965,330.4620801199968,0.30826520919799805
966,2943.908,2067.4633333333322,7225.333333333334,100,100,1003,1.971979364139935,7.2037221668328355,2.181095600128174,-2067.4633333333322,-0.007835490920115262,38.33386451005936,0.460949401371181,0.029393422595603624,0.09881449863314629,966,330.5062978715867,0.30826520919799805
967,2946.51,1984.7200000000012,7082.333333333337,100,100,1010,1.9390611886277351,7.012211221122116,2.1582396030426025,-1984.7200000000012,-0.012021588248899207,28.408239662647247,0.48708381690084934,0.04683503835258307,0.0906445310683921,967,330.5572263434581,0.30826520919799805
968,2949.112,2128.0733333333333,7305.000000000002,100,100,1006,1.9465592459758843,7.2614314115308165,2.1614770889282227,-2128.0733333333333,-0.014897311310051009,45.89969205856323,0.4362624092027545,0.07757874303206336,0.1090353261679411,968,330.6066163999103,0.30826520919799805
969,2951.707,2081.7600000000007,7239.000000000004,100,100,1005,1.9389421879476056,7.202985074626869,2.1532509326934814,-2081.7600000000007,-0.016088034957647324,34.48244035243988,0.5264830030500889,0.012306638789596036,0.09992404526565224,969,330.6564503185142,0.30826520919799805
970,2957.42,1980.3033333333335,7170.333333333337,100,100,1005,1.949021985652435,7.134660033167499,2.160616397857666,-1980.3033333333335,-0.0139884875388816,41.62321597337723,0.42512072063982487,0.03947321141822613,0.11017795163206756,970,330.70304628115883,0.30826520919799805
971,2960.011,2014.746666666666,7002.333333333335,100,100,1004,1.9382306783222611,6.974435590969457,2.147484302520752,-2014.746666666666,-0.014882728923112154,32.3363134264946,0.4245627876371145,0.05230226754792966,0.13414417626336217,971,330.40769519384133,0.30826520919799805
972,2962.839,2014.1233333333328,7139.333333333337,100,100,1000,2.1730032998602837,7.139333333333337,2.3758790493011475,-2014.1233333333328,-0.013557919068261981,31.101874589920044,0.4565885728225112,0.03213641875481699,0.11210937530267984,972,330.42969047312357,0.30826520919799805
973,2965.671,2071.5266666666666,7270.666666666664,100,100,1010,2.137856631848666,7.1986798679867965,2.3660519123077393,-2071.5266666666666,-0.013046005507931113,36.611318826675415,0.5213423138484359,0.04876928514568135,0.14398437505587935,973,330.4547546924142,0.30826520919799805
974,2968.516,2094.4433333333345,7150.000000000003,100,100,1001,2.1585808183251696,7.142857142857146,2.3668272495269775,-2094.4433333333345,-0.0164673863328062,27.473346948623657,0.5177703443914652,0.048229848598566605,0.0911775913555175,974,330.475217846881,0.30826520919799805
975,2971.371,2033.7533333333317,7177.333333333334,100,100,1009,2.1647872135358814,7.1133135117277835,2.3897664546966553,-2033.7533333333317,-0.013931165856774896,36.215942084789276,0.5026353718712926,0.035964765989774605,0.09828404011204839,975,330.4973175842755,0.30826520919799805
976,2974.338,2038.4566666666663,7206.333333333332,100,100,1011,2.2621307622007545,7.1279261457302985,2.496260404586792,-2038.4566666666663,-0.011297081713564694,37.12366056442261,0.5227389242500067,0.031179947553027887,0.08938419143669307,976,330.50754924822905,0.30826520919799805
977,2977.18,1957.8533333333337,7081.0,100,100,1004,2.172837053231739,7.052788844621514,2.3857736587524414,-1957.8533333333337,-0.016932240774622187,40.09619688987732,0.5514427497982979,0.022360431285051163,0.10933061107061803,977,330.52933667501435,0.30826520919799805
978,2980.03,2103.68,7214.0,100,100,1009,2.149672546064919,7.149653121902874,2.377898931503296,-2103.68,-0.02104915563540999,27.315614104270935,0.6313754497095942,0.026140824396861717,0.11316167080076411,978,330.55167536632797,0.30826520919799805
979,2983.032,1971.6566666666677,7028.333333333339,100,100,1009,2.3095551054422607,6.96564255037992,2.5354270935058594,-1971.6566666666677,-0.016432025702670217,37.86711901426315,0.567594270221889,0.02298344951486797,0.0845025508897379,979,330.55733216220625,0.30826520919799805
980,2989.36,2124.4800000000014,7342.000000000003,100,100,1004,2.2565142428493163,7.312749003984067,2.474149703979492,-2124.4800000000014,-0.017506262112874538,33.895726561546326,0.5654989248141646,0.005616545728116762,0.09139737230725586,980,330.5683201248377,0.30826520919799805
981,2992.109,2147.973333333333,7315.66666666667,100,100,1002,2.088899502276021,7.301064537591487,2.298788070678711,-2147.973333333333,-0.009084157703910023,32.35197627544403,0.48457422386854887,0.027723686303943396,0.081589471839834,981,330.2249632775265,0.30826520919799805
982,2994.747,2071.48,7228.333333333335,100,100,1003,1.97757198324414,7.206713193752079,2.185486316680908,-2071.48,-0.020227243192493916,40.287415623664856,0.5504650417715311,0.019030496401683195,0.09392033109907061,982,330.2690040477438,0.30826520919799805
983,2997.379,2020.076666666666,7058.999999999999,100,100,1005,1.961771740846855,7.023880597014925,2.1735682487487793,-2020.076666666666,-0.020493461575824767,28.962624549865723,0.5705997282639146,0.01284284866778762,0.09956597269047052,983,330.3142783378977,0.30826520919799805
984,3000.01,2033.21,7201.666666666666,100,100,1012,1.960751479661843,7.11627140974967,2.185729503631592,-2033.21,-0.01748084306018427,36.67987459897995,0.4786074236035347,0.0210691515057988,0.11102764494717121,984,330.3619651141501,0.30826520919799805
985,3002.678,2072.0166666666673,7381.000000000003,100,100,1007,1.9982372390479959,7.329692154915594,2.218878746032715,-2072.0166666666673,-0.01845856590080075,36.496634781360626,0.4986000405624509,0.03237827671182458,0.08987491670995951,985,330.4036771127785,0.30826520919799805
986,3005.314,2064.706666666667,7301.0,100,100,1002,1.9736016981774,7.286427145708583,2.180208206176758,-2064.706666666667,-0.017925358602951746,33.32551547884941,0.5747592290863395,0.02592622236261377,0.08523995539871976,986,330.447368642346,0.30826520919799805
987,3007.951,1981.6400000000008,6961.666666666669,100,100,1010,1.973695048398458,6.892739273927395,2.1975958347320557,-1981.6400000000008,-0.01248238468542695,32.35309946537018,0.511874083429575,0.03158647370582912,0.09015624970197678,987,330.4934700027498,0.30826520919799805
988,3010.567,1885.44,6876.666666666669,100,100,1002,1.9642404188121299,6.862940785096476,2.166926145553589,-1885.44,-0.016202363651245832,41.753582656383514,0.47489766404032707,0.03231444121047389,0.09142485144548118,988,330.53917666645793,0.30826520919799805
989,3013.186,1951.6733333333334,6919.666666666668,100,100,1004,1.9723808769029065,6.892098273572379,2.177762031555176,-1951.6733333333334,-0.011589232075493783,29.387252926826477,0.46263095550239086,0.022214891694602557,0.09765625023283064,989,330.58497280470465,0.30826520919799805
990,3018.966,1856.3366666666657,6834.666666666664,100,100,1009,1.9533715521911208,6.773703336636932,2.1666173934936523,-1856.3366666666657,-0.016502705111633986,34.4865021109581,0.4560688501223922,0.013653428770339815,0.09178690996486694,990,330.6308975073614,0.30826520919799805
991,3021.633,1939.1966666666654,7096.333333333333,100,100,1002,2.017834830281888,7.082168995342648,2.2216567993164062,-1939.1966666666654,-0.01883321307832375,36.89529496431351,0.510577293112874,0.02970458196796244,0.09995814738795161,991,330.32635058191954,0.30826520919799805
992,3024.315,1918.556666666668,7037.6666666666715,100,100,1007,2.0041699114772595,6.988745448526982,2.2172839641571045,-1918.556666666668,-0.016588141326792538,28.487126886844635,0.501625937409699,0.027710040369129274,0.12241314793936908,992,330.36647752015654,0.30826520919799805
993,3026.948,1833.8066666666682,6904.333333333335,100,100,1007,1.979656407217446,6.856338960609071,2.189242362976074,-1833.8066666666682,-0.01974952482851222,42.52212333679199,0.4891126248985529,0.02374734583281679,0.08885679836384952,993,330.41166401654107,0.30826520919799805
994,3029.602,2007.0766666666634,7258.666666666666,100,100,1008,1.9912163700191452,7.2010582010582,2.210165023803711,-2007.0766666666634,-0.02336437429767102,44.7950833439827,0.5648050792515278,0.012103508201107616,0.08430989587213844,994,330.4549404944177,0.30826520919799805
995,3032.279,2068.8966666666656,7220.666666666667,100,100,1007,2.006049550951356,7.170473353194307,2.225443124771118,-2068.8966666666656,-0.015217754524201155,28.229446947574615,0.5274027604609728,0.022111777576355962,0.09848736657295376,995,330.4953502960071,0.30826520919799805
996,3034.909,2005.4700000000005,7258.666666666668,100,100,1005,1.9729354219576019,7.222553897180764,2.18550968170166,-2005.4700000000005,-0.018186040106229484,36.32125908136368,0.5379100758582354,0.03974331285280641,0.08946397597901523,996,330.54006856502417,0.30826520919799805
997,3037.557,1814.1366666666675,6885.666666666664,100,100,1010,1.9862004945349723,6.817491749174915,2.2037367820739746,-1814.1366666666675,-0.0215139776119031,32.85560917854309,0.47520970180630684,0.0229434895736631,0.10849609319120646,997,330.58444977438273,0.30826520919799805
998,3040.177,1978.226666666666,6971.999999999997,100,100,1007,1.967378055132082,6.9235352532274055,2.1786270141601562,-1978.226666666666,-0.018079021363519132,37.276478826999664,0.502674488350749,0.014746752847713651,0.08401554182637483,998,330.63070786468853,0.30826520919799805
999,3042.814,1893.1866666666665,7091.666666666665,100,100,1006,1.9622425431622632,7.0493704440026494,2.1733319759368896,-1893.1866666666665,-0.016189165588002652,32.24283391237259,0.48303183633834124,0.023370661121589364,0.08882472838740796,999,330.6748488082868,0.30826520919799805
1000,3048.612,1963.9699999999991,7160.999999999994,100,100,1012,1.9762747050925589,7.076086956521733,2.200259208679199,-1963.9699999999991,-0.017296737780270632,28.723447680473328,0.4712251126766205,0.045173549455284956,0.08755258430028334,1000,330.71820418747666,0.30826520919799805
1001,3051.296,1986.9733333333343,7153.333333333337,100,100,1015,2.005850243854699,7.047619047619051,2.2384564876556396,-1986.9733333333343,-0.018888850769144483,27.20971316099167,0.4955882066860795,0.041520473212585784,0.07330433238530532,1001,330.41992844544956,0.30826520919799805
1002,3053.913,2018.5833333333337,7235.000000000003,100,100,1006,1.9631011917942738,7.191848906560639,2.1751809120178223,-2018.5833333333337,-0.02114421036094427,30.745473265647888,0.4652588125318289,0.017737285474140663,0.08258322020992637,1002,330.4661438833189,0.30826520919799805
1003,3056.548,1990.680000000001,7246.6666666666615,100,100,1007,1.9697654412461902,7.196292618338293,2.1842002868652344,-1990.680000000001,-0.015031689312309027,33.939410865306854,0.562623274512589,0.04678420072013978,0.07727310486370698,1003,330.51078383214167,0.30826520919799805
1004,3059.18,2054.4833333333318,7181.666666666666,100,100,1004,1.9806073718811885,7.153054448871181,2.190419912338257,-2054.4833333333318,-0.014085357775911689,38.03353267908096,0.5098985582590103,0.011567892237508204,0.06875887792557478,1004,330.5545505465065,0.30826520919799805
1005,3061.833,2012.4333333333332,7198.999999999996,100,100,1004,1.9752060750080087,7.170318725099598,2.183905839920044,-2012.4333333333332,-0.01811198564246297,34.68832224607468,0.5646055759862065,0.032848236136487685,0.09286221605725586,1005,330.5960729439847,0.30826520919799805
1006,3064.429,1969.0499999999988,7237.666666666669,100,100,1005,1.9363320418703023,7.201658374792705,2.1456425189971924,-1969.0499999999988,-0.020814326009713113,25.038554310798645,0.6002319203689694,0.09502427420011372,0.08067491336259991,1006,330.6439891809144,0.30826520919799805
1007,3067.061,2006.463333333335,7194.333333333335,100,100,1010,1.9560259364609893,7.123102310231024,2.1774709224700928,-2006.463333333335,-0.015181437018327415,34.93575781583786,0.6600600332021713,0.04037273288849974,0.09609374997671694,1007,330.6895413528394,0.30826520919799805
1008,3069.639,1974.67,6933.666666666668,100,100,1004,1.9317825704690559,6.906042496679948,2.1376395225524902,-1974.67,-0.007310179760679603,36.027333438396454,0.5831118933856487,0.025400879774679197,0.07262073876336217,1008,330.7388541017535,0.30826520919799805
1009,3072.234,1997.5333333333335,7070.666666666662,100,100,1001,1.94731098948629,7.063603063603059,2.149170160293579,-1997.5333333333335,-0.0033157404395751655,31.18386322259903,0.5836161272600293,0.04546516019763658,0.08416301431134343,1009,330.78530913720033,0.30826520919799805
1010,3077.972,1926.9100000000012,6946.333333333333,100,100,1006,1.960323164174722,6.904903909874088,2.171699047088623,-1926.9100000000012,-0.005794945172965527,38.53558725118637,0.5871783066540956,0.017890377592266304,0.08130944287404418,1010,330.8298371805673,0.30826520919799805
1011,3080.597,2038.2100000000012,7096.666666666667,100,100,1006,1.9618684899711807,7.054340622929092,2.1780261993408203,-2038.2100000000012,-0.006149322493001819,36.753463089466095,0.59423169773072,0.03239352059608791,0.06812584935687482,1011,330.5405212393326,0.30826520919799805
1012,3083.645,1925.5866666666657,7093.666666666669,100,100,1009,2.3550950459179694,7.030393128510078,2.5759057998657227,-1925.5866666666657,-0.017308974405750632,43.192620515823364,0.6252249134704471,0.017696200051432243,0.09081034734845161,1012,330.5409281985259,0.30826520919799805
1013,3086.705,1950.5433333333337,7158.333333333337,100,100,1006,2.360638072269841,7.115639496355206,2.5758001804351807,-1950.5433333333337,-0.01589998451527208,28.799089550971985,0.568473918363452,0.02241224762838101,0.08052394725382328,1013,330.5392406292099,0.30826520919799805
1014,3089.625,1971.6333333333328,6995.666666666664,100,100,1005,2.2237042807255736,6.960862354892203,2.439422130584717,-1971.6333333333328,-0.011570051807211712,35.40713161230087,0.5214307820424438,0.0392458332280512,0.08583984384313226,1014,330.5520724880963,0.30826520919799805
1015,3092.5,2000.8199999999997,7207.000000000005,100,100,1009,2.1832467789915864,7.142715559960362,2.4076130390167236,-2000.8199999999997,-0.008209573454223573,30.863812804222107,0.5724742794409394,0.05452794945449568,0.09873246168717742,1015,330.57109866937355,0.30826520919799805
1016,3095.494,2057.8033333333324,7089.999999999999,100,100,1007,2.2975731855619035,7.040714995034755,2.5205161571502686,-2057.8033333333324,-0.015849802004595404,38.99338150024414,0.5337660387158394,0.05785285988531541,0.07287857378832996,1016,330.57661462417155,0.30826520919799805
1017,3098.575,2034.1566666666652,7228.666666666667,100,100,1008,2.381925199144808,7.171296296296297,2.605724334716797,-2034.1566666666652,-0.011908108135685325,34.39603042602539,0.5911069512367249,0.05471261541970307,0.08854166674427688,1017,330.57326497634693,0.30826520919799805
1018,3101.564,2110.0400000000004,7302.999999999999,100,100,1009,2.2950613482627276,7.237859266600593,2.5233893394470215,-2110.0400000000004,-0.012766819272655994,40.09843426942825,0.524850788526237,0.044676174540654756,0.0830377071397379,1018,330.5799781805211,0.30826520919799805
1019,3104.448,2153.133333333334,7351.666666666664,100,100,1005,2.2022815936694466,7.315091210613597,2.4200761318206787,-2153.133333333334,-0.018359087349381298,58.50991380214691,0.5227605942636728,0.0313301737405709,0.09496527793817222,1019,330.59665369619995,0.30826520919799805
1020,3111.12,2023.5400000000016,7069.333333333331,100,100,1010,2.285551588341483,6.999339933993397,2.5192902088165283,-2023.5400000000016,-0.01780275531928055,31.770200550556183,0.5397147322073579,0.04601656970771728,0.08982421865221113,1020,330.6027980943088,0.30826520919799805
1021,3114.025,1975.303333333335,7236.33333333333,100,100,1006,2.2202070569156653,7.193174287607684,2.437931537628174,-1975.303333333335,-0.01524034288013354,28.457576513290405,0.5441666357219219,0.04392009473303915,0.07222316571278498,1021,330.2273241303938,0.30826520919799805
1022,3116.94,2064.7333333333327,7248.333333333331,100,100,1008,2.223330656494317,7.190806878306876,2.4461073875427246,-2064.7333333333327,-0.013820486012264155,34.733462870121,0.5759856570512056,0.017211277587193763,0.087890625,1022,330.24187725903136,0.30826520919799805
1023,3119.746,1843.436666666667,6963.0,100,100,1005,2.137135225811519,6.928358208955224,2.347949266433716,-1843.436666666667,-0.009755342558491975,28.295098543167114,0.5116026923060417,0.016795366027508862,0.08131510420935228,1023,330.26691746868056,0.30826520919799805
1024,3122.493,1879.1066666666673,6947.666666666665,100,100,1005,2.0641063674774704,6.913101160862354,2.2736685276031494,-1879.1066666666673,-0.013745542208198458,38.2271654009819,0.5421963185071945,0.023395385884214193,0.1034939237870276,1024,330.29822397070836,0.30826520919799805
1025,3125.34,2022.2566666666667,7027.666666666668,100,100,1010,2.1528362379510804,6.95808580858086,2.3791840076446533,-2022.2566666666667,-0.014428161754040048,37.36119955778122,0.5474877841770649,0.028158485440144432,0.07671874994412065,1025,330.32057810071717,0.30826520919799805
1026,3128.229,1939.513333333333,6973.666666666664,100,100,1006,2.213216003930385,6.932074221338633,2.427354335784912,-1939.513333333333,-0.02112300752196461,27.19588738679886,0.5518540004268289,0.01615706102529657,0.07874065916985273,1026,330.33705759618556,0.30826520919799805
1027,3131.062,1966.796666666667,7199.666666666664,100,100,1007,2.1379073486869644,7.149619331347234,2.3508503437042236,-1966.796666666667,-0.017991520231589675,24.075985193252563,0.5110012507066131,0.027974738790362608,0.08508560503832996,1027,330.3598113789894,0.30826520919799805
1028,3133.817,2005.5666666666666,7158.666666666668,100,100,1008,2.0778047610148196,7.101851851851853,2.2980008125305176,-2005.5666666666666,-0.014071670710109174,30.04356735944748,0.48332546651363373,0.03701184762758203,0.0869140625,1028,330.3910433079586,0.30826520919799805
1029,3136.641,1919.8466666666666,6974.000000000002,100,100,1007,2.146128698598035,6.925521350546179,2.358642339706421,-1919.8466666666666,-0.013253829383756965,34.762942373752594,0.44077573250979185,0.04790005749964621,0.08202086086384952,1029,330.41464067384896,0.30826520919799805
1030,3143.131,2120.013333333334,7224.333333333336,100,100,1009,2.268435480119245,7.159894284770402,2.4959564208984375,-2120.013333333334,-0.011505713977385312,63.83961248397827,0.5007704002782702,0.005142429807165172,0.06756218103691936,1030,330.42266738838765,0.30826520919799805
1031,3146.206,2090.276666666666,7269.666666666664,100,100,1009,2.361951537782878,7.20482325735051,2.5912978649139404,-2090.276666666666,-0.015451383602339774,30.714755475521088,0.6061296006664634,0.023769095583702438,0.10921556106768548,1031,330.05144638879983,0.30826520919799805
1032,3149.19,1911.266666666666,6925.666666666664,100,100,1005,2.2894710425139215,6.891210613598671,2.500962018966675,-1911.266666666666,-0.02403369266539812,32.6691130399704,0.6386906215921044,0.010670974756067153,0.07293836824828759,1032,330.05801328512473,0.30826520919799805
1033,3152.132,2022.1466666666652,7201.666666666665,100,100,1009,2.227550644424769,7.137429798480342,2.456138849258423,-2022.1466666666652,-0.01509406726108864,27.902412593364716,0.5792143382132053,0.03554191355215153,0.08547911356436089,1033,330.0699298529242,0.30826520919799805
1034,3155.134,2047.2033333333325,7204.999999999995,100,100,1007,2.29359215461624,7.154915590863948,2.515338897705078,-2047.2033333333325,-0.011611799680395052,37.5156791806221,0.5550010930746794,0.018641953640326392,0.09231632272712886,1034,330.07507771079383,0.30826520919799805
1035,3158.189,2019.6700000000017,7168.333333333332,100,100,1011,2.3461785353996545,7.090339597757994,2.579019546508789,-2019.6700000000017,-0.016573601693380624,30.929802238941193,0.5155298076570034,0.03256593348487513,0.07437193649820983,1035,330.0758957088592,0.30826520919799805
1036,3161.191,2090.286666666665,7258.999999999999,100,100,1004,2.3008488030293472,7.2300796812748995,2.5145256519317627,-2090.286666666665,-0.012748840497806668,38.578437983989716,0.5910180313512683,0.0239858983331942,0.0768821022938937,1036,330.08000750642617,0.30826520919799805
1037,3164.051,1880.703333333334,6926.333333333334,100,100,1008,2.152731151404118,6.871362433862434,2.3730673789978027,-1880.703333333334,-0.013248575618490577,31.30856192111969,0.48693374171853065,0.02029967846465297,0.09000651049427688,1037,330.10026571307696,0.30826520919799805
1038,3166.966,2000.8500000000015,7139.333333333329,100,100,1003,2.223698305433146,7.117979395147886,2.434858560562134,-2000.8500000000015,-0.013064809842035174,44.27755033969879,0.44346204679459333,0.020687581101810792,0.08025981090031564,1038,330.1131612826638,0.30826520919799805
1039,3170.001,2014.9533333333331,7029.333333333335,100,100,1003,2.3488753716900557,7.0083084081090075,2.5612242221832275,-2014.9533333333331,-0.01742658973671496,35.57968479394913,0.5781839191913605,0.05270838501746766,0.11659702099859715,1039,330.11341671794366,0.30826520919799805
1040,3175.902,1920.9100000000005,6866.333333333335,100,100,1006,2.0737225649448825,6.825381047051029,2.286508560180664,-1920.9100000000005,-0.018976042279973626,35.52051591873169,0.6058114999905229,0.04561828290388803,0.12903362745419145,1040,330.14552049441323,0.30826520919799805
1041,3178.552,2051.4166666666674,7162.3333333333385,100,100,1013,1.9724518250304421,7.070417900625211,2.2023515701293945,-2051.4166666666674,-0.009408083205926232,38.62901371717453,0.6619484387338161,0.028140792608610354,0.11294958787038922,1041,329.86058724835874,0.30826520919799805
1042,3181.22,2014.9499999999994,7182.666666666668,100,100,1006,1.9940206770383369,7.139827700463885,2.2099392414093018,-2014.9499999999994,-0.005652488674968481,33.61932849884033,0.597816988825798,0.028321854391833767,0.09341032634256408,1042,329.9001938039723,0.30826520919799805
1043,3183.923,2135.5000000000005,7205.0,100,100,1010,2.0065701972361247,7.133663366336633,2.237422227859497,-2135.5000000000005,-0.01848202245309949,43.04149305820465,0.6197531651705503,0.031690141680883244,0.10382812493480742,1043,329.93732367263914,0.30826520919799805
1044,3186.594,1917.7899999999997,7103.333333333334,100,100,1007,2.0116310834407423,7.053955643826548,2.2236311435699463,-1917.7899999999997,-0.016442406980786473,38.269721269607544,0.5548744173720479,0.050735911485389806,0.08575049845967442,1044,329.9767334552845,0.30826520919799805
1045,3189.267,2073.200000000001,7422.666666666665,100,100,1010,1.9982275255669903,7.349174917491748,2.2239158153533936,-2073.200000000001,-0.006650143765000394,64.19891130924225,0.6771720722317696,0.03669294265273493,0.10466796858236194,1045,330.01689841393517,0.30826520919799805
1046,3191.906,2049.6600000000003,7218.666666666671,100,100,1004,1.977040437147563,7.1899070385126205,2.1878318786621094,-2049.6600000000003,-0.01843576255487278,34.14933222532272,0.5828998917713761,0.021843336999154417,0.07213245751336217,1046,330.0586359928756,0.30826520919799805
1047,3194.568,2061.6166666666672,7261.000000000002,100,100,1008,1.9895060507382916,7.203373015873018,2.210177183151245,-2061.6166666666672,-0.018273740250151604,40.08339750766754,0.6178787378594279,0.016524798067621305,0.09049479197710752,1047,330.099135502866,0.30826520919799805
1048,3197.258,2037.176666666667,7348.333333333334,100,100,1008,2.014025693088548,7.290013227513228,2.235945224761963,-2037.176666666667,-0.01223910425323993,46.49631667137146,0.6117259692400694,0.03550131447991589,0.1129557293606922,1048,330.136680128593,0.30826520919799805
1049,3199.967,2053.5833333333344,7094.0,100,100,1008,2.009787001404061,7.037698412698413,2.2316784858703613,-2053.5833333333344,-0.021146097220480442,44.225594103336334,0.7362444531172514,0.007797337566444185,0.10449218796566129,1049,330.17217755615826,0.30826520919799805
1050,3206.409,2035.5333333333338,7129.333333333332,100,100,1010,2.201654554095746,7.058745874587458,2.4306273460388184,-2035.5333333333338,-0.017066943284589797,47.69090223312378,0.7447479702532291,0.005290017194056418,0.09433593740686774,1050,330.1875816481212,0.30826520919799805
1051,3209.284,2175.76,7257.666666666663,100,100,1004,2.1822628478400885,7.228751660026557,2.4017441272735596,-2175.76,-0.01090425398433581,47.497852087020874,0.7419638000428677,0.014394285943126306,0.09792258543893695,1051,329.84121505901305,0.30826520919799805
1052,3212.131,1960.573333333334,7104.333333333332,100,100,1009,2.1466629332064384,7.040964651470102,2.370065927505493,-1960.573333333334,-0.004471839696634561,33.630233466625214,0.689353097230196,0.03193038824247196,0.14440170535817742,1052,329.86297725400266,0.30826520919799805
1053,3215.094,2072.0699999999993,7295.999999999999,100,100,1003,2.261019143547978,7.274177467597207,2.474205732345581,-2072.0699999999993,-0.02096444898052141,37.32183122634888,0.7661859709769487,0.025413606861548033,0.09832621715031564,1053,329.87106159484716,0.30826520919799805
1054,3218.104,2004.2733333333358,7159.333333333338,100,100,1007,2.3127497523438554,7.109566368752073,2.535083770751953,-2004.2733333333358,-0.011476437794044614,35.5187229514122,0.7212056405842304,0.032366712439397816,0.11913023586384952,1054,329.8752424797134,0.30826520919799805
1055,3220.988,2013.5766666666677,7249.333333333336,100,100,1007,2.192535552440365,7.198940748096659,2.4100935459136963,-2013.5766666666677,-0.018377516185864806,38.44628065824509,0.7730161026120186,0.04700517839228269,0.18183801462873816,1055,329.89258893991166,0.30826520919799805
1056,3223.899,2011.3533333333323,7013.333333333336,100,100,1010,2.204637821201272,6.943894389438946,2.4329168796539307,-2011.3533333333323,-0.01623236364684999,35.282228231430054,0.7068486865609884,0.016283305965771433,0.10369140608236194,1056,329.907982138851,0.30826520919799805
1057,3226.956,2040.4499999999994,7186.666666666667,100,100,1009,2.349008326312551,7.122563594317807,2.5795626640319824,-2040.4499999999994,-0.017122719320468605,50.62501931190491,0.7687807362526655,0.0029618759581353515,0.07800542080076411,1057,329.9081485990302,0.30826520919799805
1058,3229.936,2084.236666666667,7212.999999999997,100,100,1004,2.2765084660743766,7.184262948207168,2.4950082302093506,-2084.236666666667,-0.020893486449494958,35.054115414619446,0.636091398075223,0.016000813913706224,0.10107421875,1058,329.91467300836166,0.30826520919799805
1059,3232.708,2084.3399999999992,7243.666666666662,100,100,1011,2.0906622170375773,7.164853280580279,2.3182361125946045,-2084.3399999999992,-0.02242678450420499,41.04808473587036,0.6141072325408459,0.021138078531294013,0.10207950393669307,1059,329.94446470918075,0.30826520919799805
1060,3238.583,1986.886666666666,7025.333333333332,100,100,1006,2.0262485094161087,6.983432736911861,2.2376060485839844,-1986.886666666666,-0.0119552866963204,45.19799053668976,0.6508238669484854,0.01463904935735627,0.09094769041985273,1060,329.9801357923315,0.30826520919799805
1061,3241.303,1925.8566666666673,6963.666666666669,100,100,1007,2.0412853023022515,6.915259847732541,2.255047082901001,-1925.8566666666673,-0.012394335906719789,40.996823251247406,0.6068529458716512,0.025349726711283438,0.10208194795995951,1061,329.69052718495846,0.30826520919799805
1062,3244.023,2085.0800000000004,7331.666666666667,100,100,1001,2.060335465138415,7.324342324342324,2.268425464630127,-2085.0800000000004,-0.023318981053307652,29.42243105173111,0.6103331949561834,0.022555584415385965,0.08666396699845791,1062,329.7227242030063,0.30826520919799805
1063,3246.719,2006.479999999999,6991.666666666667,100,100,1006,2.026484395325495,6.949966865473824,2.2402584552764893,-2006.479999999999,-0.024490686191711575,41.31975698471069,0.6944821998476982,0.01772407058160752,0.13820482324808836,1063,329.758748856322,0.30826520919799805
1064,3249.428,2058.893333333332,7277.333333333329,100,100,1007,2.0188142993148,7.2267461105594135,2.2371857166290283,-2058.893333333332,-0.016407204268034548,36.14134192466736,0.6582028474658728,0.016117382408992853,0.09112159232608974,1064,329.7937655292374,0.30826520919799805
1065,3252.149,2080.526666666666,7283.333333333334,100,100,1013,2.0343847017733405,7.189865087199737,2.2694251537323,-2080.526666666666,-0.01765946898376569,34.1850882768631,0.575498434714973,0.02709892191342078,0.08949366165325046,1065,329.8293126250428,0.30826520919799805
1066,3254.858,1911.6899999999994,6872.666666666665,100,100,1002,2.035460578107615,6.858948769128408,2.23722505569458,-1911.6899999999994,-0.020204891334287822,36.2558331489563,0.5552470982074738,0.038357290573912906,0.1063755580689758,1066,329.8625880427474,0.30826520919799805
1067,3257.582,1976.966666666667,7055.666666666668,100,100,1007,2.0531537234385486,7.006620324395897,2.268608570098877,-1976.966666666667,-0.0160722037544474,40.97321778535843,0.5840036552399397,0.0452242822370863,0.08836851711384952,1067,329.8958917937992,0.30826520919799805
1068,3260.295,2052.27,7216.666666666665,100,100,1010,2.0308989100158215,7.145214521452144,2.25601863861084,-2052.27,-0.015588181093335152,28.0634024143219,0.6175408493727446,0.04663161492499057,0.09490234358236194,1068,329.9311963691275,0.30826520919799805
1069,3262.99,1900.7433333333317,6969.0,100,100,1010,2.0090300947114237,6.9,2.2293620109558105,-1900.7433333333317,-0.018195557582657784,36.94394117593765,0.5542490938678384,0.022210795537830563,0.09683593735098839,1069,329.9682516871786,0.30826520919799805
1070,3268.809,1938.3533333333328,7118.333333333335,100,100,1005,1.992393731468575,7.082918739635159,2.2035722732543945,-1938.3533333333328,-0.01214478156180121,32.737848937511444,0.5258160922676325,0.0332748704822734,0.09519314259523526,1070,330.00827189497323,0.30826520919799805
1071,3271.503,1908.5100000000007,6997.333333333332,100,100,1013,2.004093682919312,6.907535373478116,2.2321789264678955,-1908.5100000000007,-0.011912344860320445,40.89063203334808,0.48559987358748913,0.02885888061427977,0.11889187805354595,1071,329.72637860723734,0.30826520919799805
1072,3274.144,1804.9199999999985,6885.333333333333,100,100,1005,1.9882019919653733,6.851077943615257,2.1930925846099854,-1804.9199999999985,-0.014120025327429175,49.56188803911209,0.44609522353857756,0.029903873990406282,0.10401475732214749,1072,329.7673898545635,0.30826520919799805
1073,3276.795,1885.493333333332,6922.3333333333285,100,100,1005,1.9800275620953434,6.887893864013262,2.1873714923858643,-1885.493333333332,-0.014286229969002306,33.96336609125137,0.4681898457929492,0.041393380306544714,0.09915364603511989,1073,329.8073664433731,0.30826520919799805
1074,3279.452,1963.6299999999997,7101.999999999997,100,100,1007,1.993038134821418,7.0526315789473655,2.205686330795288,-1963.6299999999997,-0.013393425440881401,33.82981377840042,0.4573257127776742,0.036157981368887704,0.08938663522712886,1074,329.847178126073,0.30826520919799805
1075,3282.072,1885.3933333333307,6946.666666666663,100,100,1006,1.9663000995687636,6.905235255135849,2.173826217651367,-1885.3933333333307,-0.015747714322060347,28.550375044345856,0.5274977907538414,0.0505414192648459,0.13185716746374965,1075,329.8904101106343,0.30826520919799805
1076,3284.701,1942.206666666667,7010.666666666667,100,100,1010,1.9608730692324219,6.9412541254125415,2.1785197257995605,-1942.206666666667,-0.012200428871437907,42.97084069252014,0.39647522289305925,0.023956425982760265,0.10279296874068677,1076,329.9338849462012,0.30826520919799805
1077,3287.361,1975.1033333333337,7141.333333333331,100,100,1004,1.9923967124469415,7.112881806108896,2.19767689704895,-1975.1033333333337,-0.018167900503613055,43.63667416572571,0.45147110475227237,0.0505492753800354,0.0886008522938937,1077,329.972275319275,0.30826520919799805
1078,3290.026,2034.523333333335,7103.333333333338,100,100,1009,1.9941068383864136,7.039973571192604,2.213207244873047,-2034.523333333335,-0.0070504050818271935,38.04610604047775,0.4816150488331914,0.039430153476132546,0.07552415481768548,1078,330.0116881439012,0.30826520919799805
1079,3292.65,1903.576666666666,7006.33333333333,100,100,1013,1.9387707812022068,6.916419874958865,2.1608028411865234,-1903.576666666666,-0.01692480145720765,34.97378259897232,0.5275733610615134,0.041253108051023446,0.09681788040325046,1079,330.05634497569343,0.30826520919799805
1080,3298.286,1939.0466666666666,6890.0,100,100,1008,1.9322746040184968,6.8353174603174605,2.1453261375427246,-1939.0466666666666,-0.017172864492749795,33.9009513258934,0.5319837350398302,0.020261399913579226,0.0828450521803461,1080,330.1011701993082,0.30826520919799805
1081,3300.903,2034.783333333334,7124.666666666669,100,100,1007,1.9456719935251088,7.075140681893415,2.161468744277954,-2034.783333333334,-0.009783948538824916,29.33415013551712,0.6052033370360732,0.050318544439505786,0.09028008626773953,1081,329.8415463727226,0.30826520919799805
1082,3303.515,2031.926666666666,7109.666666666665,100,100,1012,1.9397164040186219,7.025362318840578,2.1639552116394043,-2031.926666666666,-0.015626973705366254,37.295208156108856,0.5876454915851355,0.02790248516248539,0.07940204348415136,1082,329.8870841368448,0.30826520919799805
1083,3306.128,2015.8899999999992,7205.666666666667,100,100,1004,1.9535588630914793,7.1769588313413015,2.1604671478271484,-2015.8899999999992,-0.020391650672536343,27.652262091636658,0.6011402402073145,0.011653527257294627,0.08322975900955498,1083,329.93007682887816,0.30826520919799805
1084,3308.754,1996.4866666666671,7171.000000000003,100,100,1007,1.9483109230921043,7.121151936444888,2.1619744300842285,-1996.4866666666671,-0.022527522931341082,32.33978754281998,0.5869479505345225,0.0410655252635479,0.08828540547983721,1084,329.9725652540158,0.30826520919799805
1085,3311.38,1982.3166666666668,7207.333333333331,100,100,1010,1.9326424751762707,7.135973597359734,2.1499416828155518,-1982.3166666666668,-0.00858280569082126,25.46683442592621,0.6418698625639081,0.06834793848975096,0.11714843730442226,1085,330.0160192824525,0.30826520919799805
1086,3313.993,2031.3399999999997,7274.666666666665,100,100,1006,1.9550114312527653,7.231278992710402,2.1672072410583496,-2031.3399999999997,-0.01625568891176954,41.03743934631348,0.632212265394628,0.019159935029165354,0.05545176635496318,1086,330.0592552631444,0.30826520919799805
1087,3316.63,2063.143333333333,7141.333333333332,100,100,1009,1.9593101086665399,7.077634621737693,2.183087110519409,-2063.143333333333,-0.01685507711954415,44.64522647857666,0.6765337893739343,0.03511075081041781,0.08288823312614113,1087,330.1011307963973,0.30826520919799805
1088,3319.272,1885.04,7024.333333333334,100,100,1009,1.96309028515487,6.961678229269904,2.176198720932007,-1885.04,-0.01837454887572676,35.836258828639984,0.5375632224604487,0.03600391613144893,0.07909159758128226,1088,330.1422696161244,0.30826520919799805
1089,3322.034,1918.783333333334,7099.33333333333,100,100,1011,2.0536958465894313,7.022090339597755,2.2763419151306152,-1918.783333333334,-0.012388956849463284,28.774319291114807,0.5859735663980246,0.03884783219837118,0.08193550875876099,1089,330.1721618344272,0.30826520919799805
1090,3328.234,2071.4199999999996,7381.3333333333285,100,100,1011,2.2085424359246693,7.301022090339593,2.4369773864746094,-2071.4199999999996,-0.01803308812668547,34.114016354084015,0.5830298475921154,0.031050433914060704,0.06752642488572747,1090,330.18844084432726,0.30826520919799805
1091,3331.252,1994.5266666666662,7102.666666666667,100,100,1009,2.321434291485767,7.039312851007598,2.546590805053711,-1994.5266666666662,-0.005342900345567614,33.770258486270905,0.5902124876156449,0.060344578421791084,0.10237962380051613,1091,329.86488567460447,0.30826520919799805
1092,3334.21,1986.9666666666672,7116.666666666671,100,100,1007,2.2518689203831666,7.067196292618342,2.4711103439331055,-1986.9666666666672,-0.005148665717570111,26.976313710212708,0.7135293465107679,0.037332723011786584,0.10039893607608974,1092,329.8742038430576,0.30826520919799805
1093,3337.081,2131.4866666666667,7397.666666666665,100,100,1006,2.1369114299915792,7.35354539430086,2.354229211807251,-2131.4866666666667,-0.015323891304433346,43.04265522956848,0.638298824429512,0.04911287218419602,0.06394361419370398,1093,329.89192668355975,0.30826520919799805
1094,3340.034,1966.8800000000015,7051.000000000001,100,100,1011,2.2530409495477977,6.974282888229476,2.4850709438323975,-1966.8800000000015,-0.017650878813583404,33.727336406707764,0.6117024905979633,0.015062594866321888,0.07447725196834654,1094,329.9030166720143,0.30826520919799805
1095,3342.989,1963.1066666666668,7006.666666666666,100,100,1006,2.2704433384777287,6.964877402253147,2.485283374786377,-1963.1066666666668,-0.01828834565822035,28.80343246459961,0.6116730589419603,0.042148818145506084,0.07269021729007363,1095,329.9123255720844,0.30826520919799805
1096,3345.917,2027.186666666666,7164.000000000002,100,100,1008,2.2321814475516373,7.1071428571428585,2.4511795043945312,-2027.186666666666,-0.01174323953455314,26.178235471248627,0.6161475023254752,0.02694755429001816,0.07405598991317675,1096,329.9248028300008,0.30826520919799805
1097,3348.764,2152.4600000000005,7309.33333333333,100,100,1009,2.1400349859630077,7.2441361083581075,2.3686516284942627,-2152.4600000000005,-0.016437536454759538,41.174085199832916,0.7509107030928135,0.046121338520606514,0.13509446720127016,1097,329.9455961702272,0.30826520919799805
1098,3351.825,1982.1033333333337,7014.000000000004,100,100,1015,2.3550972414748936,6.9103448275862105,2.5946240425109863,-1982.1033333333337,-0.016858735994901508,32.57445818185806,0.6750118555501103,0.019829937184113078,0.09861505660228431,1098,329.94709150713885,0.30826520919799805
1099,3354.462,2057.5366666666673,7299.333333333333,100,100,1008,1.9648262863888197,7.241402116402116,2.184581995010376,-2057.5366666666673,-0.019675799907417968,30.664467871189117,0.7128484295681119,0.01375575695783482,0.0623372396803461,1099,329.98819346590165,0.30826520919799805
1100,3360.218,1967.4833333333333,7104.000000000001,100,100,1007,1.9913367425806472,7.054617676266138,2.2051610946655273,-1967.4833333333333,-0.018473587144399062,36.52198737859726,0.6344367126002908,-0.00014814911628491245,0.06342461763415486,1100,330.02527111616587,0.30826520919799805
1101,3362.916,1981.3333333333326,7014.999999999998,100,100,1004,2.0174076707627386,6.987051792828684,2.2238409519195557,-1981.3333333333326,-0.020406758645549417,35.853648364543915,0.6222281707450747,0.013689447194337845,0.07257634936831892,1101,329.75669424048596,0.30826520919799805
1102,3365.606,2019.8133333333335,7306.999999999998,100,100,1008,2.0173371045125856,7.249007936507935,2.2344794273376465,-2019.8133333333335,-0.012305601732805371,32.430010199546814,0.5951237408444285,0.019057828983932268,0.06510416674427688,1102,329.7925839022801,0.30826520919799805
1103,3368.348,2032.8999999999992,7068.666666666668,100,100,1011,2.061226905294087,6.991757335970987,2.2860825061798096,-2032.8999999999992,-0.015118872281163931,27.83096206188202,0.5835390072315931,0.008961105733760633,0.058737362385727465,1103,329.82433096750464,0.30826520919799805
1104,3371.02,1881.6166666666645,6908.666666666664,100,100,1007,2.0026415056995717,6.8606421714664,2.215825319290161,-1881.6166666666645,-0.011357466573826969,25.161959648132324,0.5871456954628229,0.05085905910527799,0.07850939151830971,1104,329.8615704816222,0.30826520919799805
1105,3373.7,1983.5133333333338,7021.333333333335,100,100,1007,2.000361966993937,6.972525653757035,2.215120315551758,-1983.5133333333338,-0.019453012093435973,30.475673258304596,0.6258096974343061,0.02740869355329778,0.08797373657580465,1105,329.8980114101706,0.30826520919799805
1106,3376.394,1954.606666666666,6924.666666666668,100,100,1004,2.010340239890699,6.8970783532536535,2.21647047996521,-1954.606666666666,-0.02249384392052889,35.0382604598999,0.5982861667871475,0.03232547594961943,0.08300781296566129,1106,329.93217191063627,0.30826520919799805
1107,3379.077,2021.8766666666677,6950.333333333335,100,100,1011,1.9993908979914323,6.874711506758986,2.2270736694335938,-2021.8766666666677,-0.011460805661045015,28.113913536071777,0.6307394746690989,0.020412628968188073,0.08437691512517631,1107,329.9694109470132,0.30826520919799805
1108,3381.733,1938.0433333333335,7055.999999999999,100,100,1007,1.9799926468053723,7.006951340615689,2.193021059036255,-1938.0433333333335,-0.017005442641675472,37.402870297431946,0.6140240645036101,0.02683945764147211,0.10341173480264843,1108,330.0080135712596,0.30826520919799805
1109,3384.377,2064.5066666666676,7176.0,100,100,1005,1.9725455709070485,7.140298507462687,2.182366132736206,-2064.5066666666676,-0.017558276653289795,26.272185266017914,0.5939746126532555,0.035204431565944105,0.09473741380497813,1109,330.04718136238023,0.30826520919799805
1110,3390.108,2017.04,7181.333333333332,100,100,1011,1.9614561840902893,7.103198153643256,2.185088872909546,-2017.04,-0.0166504509979859,25.03093183040619,0.5980537151917815,0.03755289223045111,0.08132276369724423,1110,330.088161900246,0.30826520919799805
1111,3392.832,1957.5500000000002,7161.666666666671,100,100,1006,2.031904670491326,7.118952948972834,2.2489662170410156,-1957.5500000000002,-0.013406029844190925,25.41379475593567,0.4831155491992831,0.03826140408637002,0.07903787354007363,1111,329.8192081986669,0.30826520919799805
1112,3395.539,2013.2266666666653,7164.666666666663,100,100,1006,2.0213824083286136,7.121935056328692,2.240999221801758,-2013.2266666666653,-0.018400318280328065,42.03897374868393,0.4825058225542307,0.03819516082148766,0.09094768995419145,1112,329.8524927703572,0.30826520919799805
1113,3398.263,2134.919999999998,7274.666666666667,100,100,1003,2.0457938175828585,7.252907942838153,2.2587761878967285,-2134.919999999998,-0.013039164710789919,37.99477881193161,0.5374996494501829,0.04469627588696312,0.08443859010003507,1113,329.88322129735803,0.30826520919799805
1114,3400.924,1893.5633333333328,6937.666666666669,100,100,1001,1.9988304713031986,6.930735930735933,2.196445941925049,-1893.5633333333328,-0.009997387183830142,25.459102511405945,0.49349805247038603,0.03137206885003252,0.053341749124228954,1114,329.91941746844566,0.30826520919799805
1115,3403.596,1999.0500000000009,7033.333333333331,100,100,1010,1.9935761384739734,6.963696369636962,2.216024398803711,-1999.0500000000009,-0.010015124862547964,30.15386414527893,0.5826748330146074,0.03880575474977377,0.06470703112427145,1115,329.9572689178484,0.30826520919799805
1116,3406.277,2037.6766666666656,7038.666666666667,100,100,1011,2.0034045482360185,6.962083745466535,2.2310023307800293,-2037.6766666666656,-0.01299129831022583,38.15578716993332,0.5407549990341067,0.0396404221537523,0.07424747268669307,1116,329.99427950457095,0.30826520919799805
1117,3408.892,1949.2533333333333,6955.333333333332,100,100,1003,1.9566054823404457,6.934529744101029,2.160377025604248,-1949.2533333333333,-0.015100947639439255,30.764645516872406,0.5630290750414133,0.03909314319389523,0.08611918613314629,1117,330.0354117768582,0.30826520919799805
1118,3411.497,1975.2133333333343,6968.666666666671,100,100,1002,1.948246708769024,6.954757152361947,2.150219440460205,-1975.2133333333343,-0.013276502781081945,36.190826177597046,0.6060308907181025,0.054980680917651625,0.07756696455180645,1118,330.0770436981914,0.30826520919799805
1119,3414.105,1982.9333333333332,7099.000000000002,100,100,1012,1.939157610933992,7.014822134387353,2.161586046218872,-1982.9333333333332,-0.010528361366596073,32.81322628259659,0.5937676327303052,0.040864225244149566,0.06486628635320812,1119,330.12134366785017,0.30826520919799805
1120,3419.786,2051.0766666666664,7257.666666666664,100,100,1006,1.955689862370491,7.214380384360501,2.165543794631958,-2051.0766666666664,-0.013854894030373544,37.17756503820419,0.5608527259901166,0.021040614461526275,0.07789147435687482,1120,330.16359130400014,0.30826520919799805
1121,3422.431,1942.16,6921.666666666668,100,100,1005,1.9684367179546265,6.887230514096187,2.1784186363220215,-1942.16,-0.013973153487313539,27.7379749417305,0.6725338082760572,0.07016479989761137,0.059418402903247625,1121,329.90583496427183,0.30826520919799805
1122,3425.058,1900.6866666666663,7221.333333333335,100,100,1014,1.9515713994139603,7.121630506245892,2.175001382827759,-1900.6866666666663,-0.010753964656032622,27.19592171907425,0.5868157222867012,0.03806923764204839,0.07939091417938471,1122,329.9488318107652,0.30826520919799805
1123,3427.671,2126.210000000001,7350.666666666664,100,100,1012,1.9337533571225456,7.263504611330696,2.1603519916534424,-2126.210000000001,-0.014803564525209367,42.703065395355225,0.6603921111673117,0.02128831241861917,0.06742037297226489,1123,329.9925587490829,0.30826520919799805
1124,3430.266,1985.1700000000003,7284.666666666669,100,100,1006,1.9254223671538115,7.241219350563289,2.134662628173828,-1985.1700000000003,-0.016036158602219075,27.86884492635727,0.6420303406193852,0.042308363917982206,0.07065217406488955,1124,330.0362362150255,0.30826520919799805
1125,3432.922,2033.3099999999997,7282.999999999999,100,100,1013,1.9736002963119041,7.189536031589338,2.2030014991760254,-2033.3099999999997,-0.013513710349798203,36.01795035600662,0.7817640360444784,0.029271177045302466,0.07437536865472794,1125,330.0759574032293,0.30826520919799805
1126,3435.529,1957.203333333332,7069.666666666671,100,100,1008,1.9367019846131803,7.013558201058205,2.150615930557251,-1957.203333333332,-0.011031833826564252,29.89300364255905,0.7148830257356167,0.05002840981251211,0.08756510447710752,1126,330.1188801984492,0.30826520919799805
1127,3438.206,1996.5233333333342,7183.999999999998,100,100,1003,2.010995413850833,7.1625124626121615,2.219388961791992,-1996.5233333333342,-0.015649615554139018,34.36583864688873,0.7207186296582222,0.018723205430433154,0.061239553266204894,1127,330.15359606342565,0.30826520919799805
1128,3440.847,2089.123333333334,7447.666666666668,100,100,1015,1.9419209891700833,7.337602627257801,2.1764609813690186,-2089.123333333334,-0.0200014712754637,38.280099987983704,0.6584027484059334,0.005844597828399856,0.09177911933511496,1128,330.195146021282,0.30826520919799805
1129,3443.907,2027.6866666666665,7077.333333333332,100,100,1004,2.380634162577789,7.049136786188578,2.595649242401123,-2027.6866666666665,-0.018706959672272205,32.434773206710815,0.6647571679204702,0.039808510162401944,0.10995205957442522,1129,330.19324911477196,0.30826520919799805
1130,3450.316,1996.0866666666668,7042.000000000001,100,100,1003,2.190308376324037,7.020937188434697,2.397595167160034,-1996.0866666666668,-0.021453769732033834,31.097412705421448,0.7447684593498707,0.014863767093629576,0.089037518016994,1130,330.208932514066,0.30826520919799805
1131,3453.481,2076.14,7189.666666666668,100,100,1008,2.4478024780465706,7.132605820105821,2.6770999431610107,-2076.14,-0.019567527750041336,40.76441276073456,0.7178419502452016,0.013649083542986773,0.09114583348855376,1131,329.86017432675845,0.30826520919799805
1132,3456.528,2094.453333333334,7185.000000000004,100,100,1009,2.3405283443284532,7.1209117938553055,2.569697856903076,-2094.453333333334,-0.017302208056207746,39.072639524936676,0.6834029797464609,0.01756480467156507,0.08945511770434678,1132,329.8613509383237,0.30826520919799805
1133,3459.458,1958.4166666666663,7162.666666666669,100,100,1001,2.255970229311929,7.1555111555111575,2.4622929096221924,-1958.4166666666663,-0.018376309977611527,32.81183046102524,0.6982990745455027,0.03798292785359081,0.1019793248269707,1133,329.87128265664666,0.30826520919799805
1134,3462.518,2136.13,7356.333333333333,100,100,1009,2.3440061451136196,7.290716881400726,2.5738329887390137,-2136.13,-0.01916467386763543,36.09742742776871,0.750953571870923,0.007768605457386002,0.09392936853691936,1134,329.8711740697618,0.30826520919799805
1135,3465.662,1954.5766666666666,6980.0,100,100,1009,2.4308567873374867,6.917740336967294,2.655637502670288,-1954.5766666666666,-0.0182312885299325,24.030764520168304,0.6735967881977558,0.013651028391905129,0.09475645725615323,1135,329.86314245830005,0.30826520919799805
1136,3468.75,2034.2,7021.999999999999,100,100,1010,2.3688153465195456,6.9524752475247515,2.603571653366089,-2034.2,-0.018189945840276778,46.322139739990234,0.6704629734158516,-2.221371505584102e-05,0.08310546865686774,1136,329.8606833731981,0.30826520919799805
1137,3471.723,2048.4233333333336,7156.000000000001,100,100,1009,2.235746184664864,7.092170465807731,2.4601612091064453,-2048.4233333333336,-0.02288580354070291,37.97052729129791,0.6609561536461115,0.008281202550278977,0.08473174425307661,1137,329.8687676058238,0.30826520919799805
1138,3474.735,2056.323333333334,7238.666666666671,100,100,1003,2.3088739772400597,7.217015619807249,2.519670248031616,-2056.323333333334,-0.020489123206061777,42.2369504570961,0.7174076121300459,0.004578921530992375,0.08929869206622243,1138,329.87150727746683,0.30826520919799805
1139,3477.583,1859.5566666666666,6878.666666666666,100,100,1002,2.160593214121363,6.864936793080505,2.361621618270874,-1859.5566666666666,-0.025538110290654004,26.760646283626556,0.7079546339809895,0.018485211607185192,0.10109747026581317,1139,329.8894788230878,0.30826520919799805
1140,3484.045,2002.9366666666676,7354.333333333335,100,100,1008,2.163204465764538,7.29596560846561,2.384117364883423,-2002.9366666666676,-0.022139338543638587,37.205619633197784,0.6946474127471447,0.007446606352459639,0.09342447924427688,1140,329.90804410105744,0.30826520919799805
1141,3487.042,2011.760000000001,7160.333333333334,100,100,1003,2.3097837506770227,7.138916583582586,2.519523859024048,-2011.760000000001,-0.012238677532877773,36.202523827552795,0.7233592066913843,0.021955449894448975,0.09247819799929857,1141,329.5713194013526,0.30826520919799805
1142,3489.948,2029.8033333333335,7328.999999999999,100,100,1005,2.2172583063221096,7.292537313432835,2.4336822032928467,-2029.8033333333335,-0.01946244138525799,39.357591450214386,0.7387685943394899,0.0061304761984501965,0.07759331609122455,1142,329.58486161338203,0.30826520919799805
1143,3492.853,2043.6033333333328,7029.333333333334,100,100,1003,2.216460318945289,7.008308408109007,2.4281394481658936,-2043.6033333333328,-0.016683298210409703,35.90490573644638,0.7452076300978661,0.02010857203276828,0.09030932048335671,1143,329.5979078650624,0.30826520919799805
1144,3495.983,2017.4733333333331,7109.333333333333,100,100,1011,2.420479623470953,7.031981536432575,2.6521689891815186,-2017.4733333333331,-0.015694849658757448,34.23138236999512,0.6057751243934035,0.006474482441262808,0.08461626875214279,1144,329.5919614646233,0.30826520919799805
1145,3499.047,1891.2200000000018,6861.000000000005,100,100,1009,2.369209811459706,6.799801783944504,2.5956573486328125,-1891.2200000000018,-0.017259237356483936,35.10944479703903,0.5968903554603457,0.015080350771313533,0.10917570115998387,1145,329.59178157737466,0.30826520919799805
1146,3502.02,2082.0700000000006,7133.000000000001,100,100,1013,2.281414018415268,7.041461006910168,2.5171961784362793,-2082.0700000000006,-0.018841693177819252,41.05899202823639,0.6138653140515089,0.024865808391041355,0.11901164520531893,1146,329.6012313037203,0.30826520919799805
1147,3505.119,1988.466666666668,7160.333333333338,100,100,1008,2.399954761679669,7.103505291005296,2.621601104736328,-1988.466666666668,-0.01816514413803816,36.152443647384644,0.5990141099318862,0.020748312745126896,0.10074869822710752,1147,329.5974118808485,0.30826520919799805
1148,3508.025,2014.7900000000002,7143.666666666665,100,100,1004,2.2259248014533917,7.1152058432934915,2.436976671218872,-2014.7900000000002,-0.01551849371753633,34.53436863422394,0.6350976414978504,0.013753534549323376,0.09503728710114956,1148,329.610637671436,0.30826520919799805
1149,3510.943,2063.4199999999996,7178.999999999998,100,100,1006,2.2101986087038448,7.136182902584491,2.4294931888580322,-2063.4199999999996,-0.018109513795934618,33.5426864027977,0.6635013557970524,0.02255811834402266,0.09831436816602945,1149,329.6231335720432,0.30826520919799805
1150,3517.763,1970.4866666666667,7070.333333333336,100,100,1005,2.4444742320540978,7.035157545605309,2.6606781482696533,-1970.4866666666667,-0.011849371017888188,30.73027503490448,0.6077412646263838,0.04768125773262,0.10850694449618459,1150,329.6144861499446,0.30826520919799805
1151,3520.721,1983.760000000002,7099.333333333333,100,100,1010,2.248257523895896,7.029042904290429,2.476851224899292,-1983.760000000002,-0.014992679527495056,32.72995626926422,0.6196603337302804,0.021142181678442284,0.08249999978579581,1151,329.2799837131705,0.30826520919799805
1152,3523.708,1839.8499999999997,6832.000000000003,100,100,1004,2.2820561752743664,6.804780876494027,2.4888503551483154,-1839.8499999999997,-0.016533610469195992,31.409936606884003,0.5607497319579124,0.03300283526186831,0.09406072460114956,1152,329.28578731297165,0.30826520919799805
1153,3526.852,2025.06,7275.666666666666,100,100,1011,2.4150771485700555,7.196505110451698,2.649775743484497,-2025.06,-0.013836992206051946,37.70368790626526,0.5949380910024047,0.04096091665996937,0.11015050578862429,1153,329.27887488727816,0.30826520919799805
1154,3529.908,1977.2233333333343,6879.333333333336,100,100,1006,2.3568561651269957,6.8383035122597775,2.579688310623169,-1977.2233333333343,-0.019063103944063187,56.48231029510498,0.6471611317247152,0.031804176258447114,0.0826681386679411,1154,329.2788630621114,0.30826520919799805
1155,3532.647,2022.2333333333338,7021.666666666668,100,100,1007,2.0621732852348638,6.97285666997683,2.280874013900757,-2022.2333333333338,-0.019025441841222346,45.34204024076462,0.5911166425794363,0.034925512452900875,0.10563497338443995,1155,329.30862539042465,0.30826520919799805
1156,3535.307,1945.7266666666662,6910.666666666667,100,100,1012,1.9628661048548892,6.828722002635047,2.1870038509368896,-1945.7266666666662,-0.01446857102564536,20.65520343184471,0.5691204257309437,0.029826495338056702,0.1038536662235856,1156,329.3471105094416,0.30826520919799805
1157,3537.92,1950.786666666667,7027.000000000002,100,100,1007,1.9452748757758378,6.978152929493547,2.1589090824127197,-1950.786666666667,-0.01133134716656059,27.35785961151123,0.408472016453743,0.08154577476670966,0.10682970378547907,1157,329.3884112962895,0.30826520919799805
1158,3540.579,1949.1766666666665,7153.999999999999,100,100,1014,1.9707972374634497,7.055226824457593,2.2021920680999756,-1949.1766666666665,-0.017073142691515386,33.472701609134674,0.5135359885171056,0.03735577655686484,0.09461805538740009,1158,329.4274811206718,0.30826520919799805
1159,3543.265,1891.7066666666663,7147.66666666667,100,100,1009,2.016581070094348,7.0839114634952125,2.235368251800537,-1891.7066666666663,-0.013990984240081161,48.75960689783096,0.5473723765462637,0.02621371191344224,0.10170200886204839,1159,329.4624786504475,0.30826520919799805
1160,3549.006,1927.22,7057.999999999996,100,100,1010,1.962579899504412,6.9881188118811846,2.1811752319335938,-1927.22,-0.018834092654287815,33.41106581687927,0.5487857516855001,0.05911519761866657,0.09894531220197678,1160,329.50241846430134,0.30826520919799805
1161,3551.652,2004.0500000000006,7237.0,100,100,1006,1.9705195836704334,7.193836978131213,2.1845016479492188,-2004.0500000000006,-0.01861045678379014,28.365359365940094,0.5167181976139545,0.02729221186018549,0.10181725560687482,1161,329.2521523965992,0.30826520919799805
1162,3554.295,1923.8966666666668,7009.333333333335,100,100,1006,1.9637001986165437,6.967528164347251,2.1747028827667236,-1923.8966666666668,-0.016358523978851736,27.142617642879486,0.4975054943934083,0.019482760239043273,0.07252038054866716,1162,329.2903244036015,0.30826520919799805
1163,3556.93,1822.7333333333327,6922.666666666664,100,100,1008,1.9702974213508977,6.867724867724865,2.182023763656616,-1822.7333333333327,-0.01888802830944769,32.01246017217636,0.5118581224232912,0.03294537970214151,0.09082031273283064,1163,329.3298122748707,0.30826520919799805
1164,3559.567,1963.7200000000014,7233.333333333334,100,100,1012,1.95696205590951,7.147562582345191,2.179889678955078,-1963.7200000000014,-0.02303494728403166,34.11311864852905,0.570758881047368,0.04306856399853132,0.10182542097754776,1164,329.3701296365931,0.30826520919799805
1165,3562.471,1943.45,7197.999999999997,100,100,1007,2.202209236901235,7.147964250248259,2.419189453125,-1943.45,-0.019777538545895368,25.90996539592743,0.5902325483039021,0.026705180178396404,0.10426363028818741,1165,329.3842718218676,0.30826520919799805
1166,3565.467,1928.47,7028.000000000003,100,100,1003,2.3061042872758013,7.006979062811568,2.514808416366577,-1928.47,-0.018609743085107766,40.96580922603607,0.6143426662310958,0.016308066158671863,0.08293968020007014,1166,329.38879433955674,0.30826520919799805
1167,3568.434,2025.5933333333337,7240.0,100,100,1011,2.252694859116916,7.161226508407517,2.483560085296631,-2025.5933333333337,-0.02119730762206018,32.498571276664734,0.5496069081127644,0.019980002631200477,0.07900582125876099,1167,329.3983123115225,0.30826520919799805
1168,3571.475,1967.7833333333315,7023.666666666662,100,100,1008,2.3505285703105896,6.9679232804232765,2.5723705291748047,-1967.7833333333315,-0.016302020812872797,36.52402883768082,0.5771592454984784,0.020985830640711356,0.08902994822710752,1168,329.40000972766546,0.30826520919799805
1169,3574.445,2016.0833333333337,7059.333333333335,100,100,1005,2.2770052736356337,7.024212271973467,2.4952454566955566,-2016.0833333333337,-0.02050221210811287,36.97181439399719,0.6591914054006338,0.0007711498110438697,0.07913411478511989,1169,329.4075361342976,0.30826520919799805
1170,3580.9,1988.286666666667,7078.999999999999,100,100,1009,2.26572130650293,7.015857284440039,2.4896316528320312,-1988.286666666667,-0.01805584889370948,37.42286401987076,0.6402981989085674,0.04603820956253912,0.10830875299870968,1170,329.41497769370335,0.30826520919799805
1171,3583.982,1839.2466666666671,6847.999999999999,100,100,1013,2.3646431412871447,6.760118460019743,2.596163749694824,-1839.2466666666671,-0.0203344450565055,31.112990140914917,0.557726576924324,0.03184512388543226,0.09457915695384145,1171,329.0950948076101,0.30826520919799805
1172,3587.075,2023.6966666666676,7308.333333333332,100,100,1007,2.3858261165415358,7.25753061900033,2.609981060028076,-2023.6966666666676,-0.01128647051518783,32.13444858789444,0.6253994200378656,0.013904407147492748,0.08508560503832996,1172,329.0921308038013,0.30826520919799805
1173,3590.022,1933.9233333333332,7083.0,100,100,1008,2.2242275809976344,7.026785714285714,2.445356607437134,-1933.9233333333332,-0.019245606556069106,31.123719096183777,0.6235950943082571,0.009329218213679269,0.08512369799427688,1173,329.102715545753,0.30826520919799805
1174,3592.807,1888.206666666667,6943.666666666667,100,100,1002,2.117892115784924,6.929807052561544,2.3214993476867676,-1888.206666666667,-0.02377580729080364,38.45346295833588,0.6241083340719342,0.043489173309353646,0.10167875769548118,1174,329.1265443247525,0.30826520919799805
1175,3595.525,2021.303333333332,7122.666666666664,100,100,1010,2.0311260401123747,7.05214521452145,2.25732421875,-2021.303333333332,-0.01815318682929501,35.44793903827667,0.5881198821589351,0.030714987391547766,0.08906249981373549,1175,329.158618962505,0.30826520919799805
1176,3598.237,2037.040000000001,7033.999999999998,100,100,1006,2.0297103385333615,6.992047713717692,2.245371103286743,-2037.040000000001,-0.02188465278595686,35.21563357114792,0.6352269034832716,0.01816799301013816,0.09907863475382328,1176,329.1901222351191,0.30826520919799805
1177,3601.008,1932.926666666666,7025.999999999998,100,100,1010,2.0630263374187052,6.956435643564355,2.284733772277832,-1932.926666666666,-0.01755327492719516,30.231909215450287,0.6224327189847827,0.015530373329966096,0.09175781207159162,1177,329.2172265213989,0.30826520919799805
1178,3603.763,2032.976666666668,7234.333333333334,100,100,1005,2.0779799022456973,7.198341625207298,2.292020797729492,-2032.976666666668,-0.018178257159888744,36.29528212547302,0.6510985568165779,0.012718759295239579,0.08311631961259991,1178,329.2444373676197,0.30826520919799805
1179,3606.507,1890.326666666666,7052.666666666668,100,100,1010,2.050953565769377,6.982838283828384,2.2712526321411133,-1890.326666666666,-0.019860253378283232,26.392364025115967,0.6895711272954941,0.014743959578481736,0.08117187488824129,1179,329.2740143340812,0.30826520919799805
1180,3612.527,1984.7799999999986,7198.666666666664,100,100,1010,2.0406893090261975,7.127392739273925,2.266782283782959,-1984.7799999999986,-0.018015478504821658,28.795529901981354,0.6284855362027884,0.018124747432011645,0.08019531238824129,1180,329.30541727745685,0.30826520919799805
1181,3615.26,1941.1233333333344,7052.333333333335,100,100,1013,2.043586276836605,6.961829549193816,2.2710304260253906,-1941.1233333333344,-0.021240192036202643,25.681235253810883,0.648913387209177,0.015492715585423866,0.07952535385265946,1181,329.03638535840895,0.30826520919799805
1182,3618.017,1984.8700000000008,6946.666666666664,100,100,1004,2.066619821779608,6.918990703851259,2.278639078140259,-1984.8700000000008,-0.01980607508448884,36.27521651983261,0.588835621252656,0.012759279888996389,0.09912109398283064,1182,329.0631785600585,0.30826520919799805
1183,3620.723,1832.9466666666676,6905.000000000001,100,100,1007,2.0354077461117357,6.85700099304866,2.244567394256592,-1832.9466666666676,-0.018082338094245642,24.722017109394073,0.658706933259964,0.020758658207341796,0.08965674857608974,1183,329.09533883653813,0.30826520919799805
1184,3623.487,1939.2700000000002,6997.0,100,100,1008,2.024666667109289,6.941468253968254,2.2408905029296875,-1939.2700000000002,-0.01609983375237789,32.04508709907532,0.567286510951817,0.017673725276836194,0.08072916697710752,1184,329.1225138520495,0.30826520919799805
1185,3626.155,2009.543333333333,6972.000000000002,100,100,1007,1.989375969372845,6.92353525322741,2.206134796142578,-2009.543333333333,-0.014959910186007619,35.291763961315155,0.6203095447272062,0.0374122228458873,0.08655044855549932,1185,329.1580414246043,0.30826520919799805
1186,3628.838,1932.300000000001,7155.9999999999945,100,100,1010,1.9887838607174482,7.08514851485148,2.2072625160217285,-1932.300000000001,-0.016734331962652504,25.10955637693405,0.6088626086711884,0.01972089829178003,0.08568359352648258,1186,329.1929687198384,0.30826520919799805
1187,3631.521,1883.5400000000006,6723.333333333336,100,100,1007,1.9984243280654763,6.676597153260512,2.212888479232788,-1883.5400000000006,-0.013427015219349414,38.55810868740082,0.648346433416009,0.020179856714094058,0.10217544861370698,1187,329.22715637269044,0.30826520919799805
1188,3634.22,1948.94,6929.000000000001,100,100,1006,2.0235320070627,6.887673956262426,2.236525535583496,-1948.94,-0.017164272838272154,28.948202431201935,0.5726358126848936,0.014761804693989689,0.07173488475382328,1188,329.25937346282956,0.30826520919799805
1189,3636.904,1951.2566666666673,7077.666666666665,100,100,1010,1.9877289093357724,7.007590759075906,2.2071821689605713,-1951.2566666666673,-0.012304686882998794,35.07512176036835,0.5504189608618617,0.03039115291176131,0.09267578111030161,1189,329.2940840363059,0.30826520919799805
1190,3642.671,1996.2166666666678,7178.666666666668,100,100,1009,1.9713535190008884,7.114634952097788,2.191162109375,-1996.2166666666678,-0.014908849145285785,26.302122354507446,0.6324539016932249,0.02783167877350934,0.14616549713537097,1190,329.3313701012739,0.30826520919799805
1191,3645.385,2030.096666666666,7146.999999999995,100,100,1011,2.00749466192939,7.069238377843715,2.2349209785461426,-2030.096666666666,-0.017363304970785975,51.126882433891296,0.5674148453399539,0.015186729673587251,0.08791934791952372,1191,329.08206830073897,0.30826520919799805
1192,3648.109,1896.0433333333349,7114.333333333333,100,100,1008,2.041006449121235,7.05787037037037,2.2591090202331543,-1896.0433333333349,-0.019542099675163627,24.939565241336823,0.632403657771647,0.058429292195796734,0.10335286462213844,1192,329.11270037377363,0.30826520919799805
1193,3650.771,2030.8266666666675,7127.666666666667,100,100,1006,1.990105266517091,7.085155732273029,2.203385829925537,-2030.8266666666675,-0.014864321448840201,37.965073585510254,0.5857262536883354,0.02687374479137361,0.09196671191602945,1193,329.1482724544715,0.30826520919799805
1194,3653.384,1917.5866666666668,6985.333333333337,100,100,1007,1.9478072502947197,6.936775902019202,2.158170223236084,-1917.5866666666668,-0.019406686595175415,31.86956822872162,0.5950993839651346,0.03241722933307756,0.10350523586384952,1194,329.18853205127374,0.30826520919799805
1195,3655.992,1869.5900000000008,6876.000000000003,100,100,1007,1.9446545176008252,6.828202581926517,2.1537606716156006,-1869.5900000000008,-0.015023663465399295,28.101413786411285,0.5654615955427289,0.03137799137402908,0.09888214711099863,1195,329.22909572925994,0.30826520919799805
1196,3658.592,1971.5666666666668,7114.333333333332,100,100,1002,1.938559380991983,7.100133067198934,2.1422512531280518,-1971.5666666666668,-0.014269279316067696,37.45504295825958,0.6676843520253897,0.027002120019460563,0.11146763409487903,1196,329.2689973440726,0.30826520919799805
1197,3661.203,1967.0666666666668,7128.666666666668,100,100,1003,1.9423374882968865,7.1073446327683625,2.1467843055725098,-1967.0666666666668,-0.020990007440559566,31.498563051223755,0.6247688308358192,0.00942053825565381,0.10834166081622243,1197,329.30820659356476,0.30826520919799805
1198,3663.871,1885.183333333334,7044.66666666667,100,100,1009,1.9813196218320575,6.981830194912457,2.1973423957824707,-1885.183333333334,-0.018615768058225513,22.24736797809601,0.7021583672612906,0.019207202742109075,0.10233976389281452,1198,329.3437669764457,0.30826520919799805
1199,3666.479,1997.1899999999991,7120.333333333327,100,100,1006,1.9441024846051103,7.077866136514241,2.155658006668091,-1997.1899999999991,-0.007525759807322174,35.976307451725006,0.630347547121346,0.016214878982282244,0.08060886571183801,1199,329.3838484325776,0.30826520919799805
1200,3672.146,1904.706666666666,7031.333333333332,100,100,1011,1.9376077158394998,6.954830201121001,2.1575052738189697,-1904.706666666666,-0.020081601687707007,33.09858691692352,0.6614549160003662,0.03456277852819767,0.1330997245386243,1200,329.4247576601651,0.30826520919799805
1201,3674.755,1949.5966666666664,6922.666666666666,100,100,1004,1.9308667356543525,6.895086321381141,2.1363487243652344,-1949.5966666666664,-0.01755066990153864,32.90002632141113,0.6203048657625914,0.018224832900159527,0.07865767064504325,1201,329.1903412364502,0.30826520919799805
1202,3677.419,1960.6399999999994,7194.000000000003,100,100,1006,1.9717293230920407,7.1510934393638195,2.186492919921875,-1960.6399999999994,-0.01785781973740086,28.053662300109863,0.6186603009700775,0.022658393863821402,0.08500339684542269,1202,329.22547707412815,0.30826520919799805
1203,3680.039,2063.7733333333344,7209.333333333336,100,100,1006,1.9471915502417796,7.166335321404906,2.162536859512329,-2063.7733333333344,-0.013400349183939397,27.563110172748566,0.6158454502001405,0.013632898175274022,0.09084154199808836,1203,329.26440224414586,0.30826520919799805
1204,3682.894,1975.2766666666662,7182.000000000003,100,100,1007,2.166048661655864,7.132075471698116,2.382633686065674,-1975.2766666666662,-0.019381246354896575,38.482372403144836,0.5817395197227597,0.02786584799468983,0.13084898586384952,1204,329.2826178777884,0.30826520919799805
1205,3685.943,2019.500000000002,7287.333333333334,100,100,1006,2.349134693135161,7.2438701126573894,2.565645694732666,-2019.500000000002,-0.017092793714255095,35.405915439128876,0.6274086814373732,0.0420853206924221,0.08893087645992637,1205,329.28315878081446,0.30826520919799805
1206,3689.047,1998.6299999999997,6969.999999999997,100,100,1003,2.412302393892433,6.949152542372879,2.6216583251953125,-1998.6299999999997,-0.013997604663018137,34.848711133003235,0.6288903299719095,0.04000573213397729,0.08834484033286572,1206,329.27800975014264,0.30826520919799805
1207,3691.913,1854.4866666666667,6839.333333333333,100,100,1006,2.178991154654629,6.798542080848244,2.3885409832000732,-1854.4866666666667,-0.015470876591280103,34.16231644153595,0.6604438191279769,0.04227657927549444,0.08980129100382328,1207,329.29483298803837,0.30826520919799805
1208,3694.772,1979.3466666666675,7210.333333333332,100,100,1009,2.150739839543266,7.146019160885364,2.370922565460205,-1979.3466666666675,-0.017243805807083845,35.96713829040527,0.64765240624547,0.042558000113785965,0.08382493583485484,1208,329.31317614098214,0.30826520919799805
1209,3697.842,1941.6999999999998,7087.666666666664,100,100,1009,2.360892371801573,7.024446646845059,2.5833992958068848,-1941.6999999999998,-0.0054307684767991304,37.48913270235062,0.6757683046162128,0.026655422421754338,0.11702806083485484,1209,329.31271338148997,0.30826520919799805
1210,3704.44,1940.3433333333346,7045.333333333331,100,100,1014,2.3575501944236015,6.948060486522023,2.591766834259033,-1940.3433333333346,-0.012858888978371397,45.695219695568085,0.6447780840098858,0.010568926969426684,0.07655164925381541,1210,329.312252657766,0.30826520919799805
1211,3707.431,1978.3866666666668,7157.666666666669,100,100,1009,2.2590643210785153,7.093822266270236,2.482962131500244,-1978.3866666666668,-0.013790196680929512,28.948933720588684,0.6774173863232136,0.021280329776345752,0.09002311830408871,1211,329.0065129542049,0.30826520919799805
1212,3710.47,1933.183333333334,7015.000000000006,100,100,1009,2.3304173473418275,6.952428146679887,2.5521929264068604,-1933.183333333334,-0.01806781004415825,31.256238877773285,0.6718798447400331,0.030298606332507916,0.10034677945077419,1212,329.00895518152714,0.30826520919799805
1213,3713.207,1873.9499999999985,6840.666666666668,100,100,1007,2.065362166100049,6.79311486262827,2.276491403579712,-1873.9499999999985,-0.019215432286728173,36.548336148262024,0.6619048342108727,0.057336389374540886,0.10479346732608974,1213,329.0376654396928,0.30826520919799805
1214,3715.917,1922.536666666666,7174.333333333334,100,100,1006,2.021147814212704,7.131544068919815,2.231008768081665,-1922.536666666666,-0.009188743424601853,32.15800964832306,0.7061090916395187,0.024100923212245107,0.1021993886679411,1214,329.06840074421757,0.30826520919799805
1215,3718.602,1899.31,7052.0,100,100,1014,1.99942337188326,6.954635108481263,2.224581003189087,-1899.31,-0.014843223500065506,32.18431282043457,0.7777404543012381,0.02413820625952212,0.10709635447710752,1215,329.10350704727267,0.30826520919799805
1216,3721.274,1912.5666666666668,7080.000000000001,100,100,1009,1.996436471888395,7.016848364717543,2.2104299068450928,-1912.5666666666668,-0.01134597504278645,26.330506443977356,0.7424395624548197,0.016177145516849123,0.09745695115998387,1216,329.1383352155358,0.30826520919799805
1217,3723.978,1956.0700000000004,7039.666666666665,100,100,1010,2.0079819784075537,6.969966996699669,2.227430820465088,-1956.0700000000004,-0.00697371456772089,26.756217062473297,0.6418115356937051,0.028552278155984823,0.08757812483236194,1217,329.17058875986817,0.30826520919799805
1218,3726.667,1910.306666666667,7150.333333333337,100,100,1010,2.00867010026912,7.079537953795382,2.2266082763671875,-1910.306666666667,-0.01620323461247608,22.014499366283417,0.641682917252183,0.04822070902446285,0.09294921834953129,1218,329.2040871455989,0.30826520919799805
1219,3729.366,1889.0966666666675,6895.333333333334,100,100,1010,2.0016511903365726,6.8270627062706275,2.2202000617980957,-1889.0966666666675,-0.015274389763362706,25.956432074308395,0.6776188714429736,0.046226951584685594,0.08554687490686774,1219,329.2366421283736,0.30826520919799805
1220,3735.175,1878.0233333333335,6924.666666666667,100,100,1007,1.9839103281629284,6.8765309500165515,2.193035840988159,-1878.0233333333335,-0.012221464712638408,26.093620538711548,0.700973098166287,0.04406029375968501,0.08655044867191464,1220,329.27212772988764,0.30826520919799805
1221,3737.884,1873.5399999999988,6910.666666666669,100,100,1010,2.003601882698955,6.842244224422444,2.2178220748901367,-1873.5399999999988,-0.013052331341896206,30.251714527606964,0.6934742648154497,0.022773376575059956,0.06867187458556145,1221,329.0259620400619,0.30826520919799805
1222,3740.563,1936.5033333333342,7066.3333333333385,100,100,1006,2.004189065784386,7.024188204108686,2.215207099914551,-1936.5033333333342,-0.01798102998873219,38.596126317977905,0.731969753280282,0.018388381293334533,0.08256199071183801,1222,329.059308450067,0.30826520919799805
1223,3743.224,1841.2000000000016,6879.333333333339,100,100,1006,1.9903821071283985,6.838303512259781,2.196704149246216,-1841.2000000000016,-0.013819172279909253,25.498420536518097,0.6376553270965815,0.023424290888215182,0.0782736074179411,1223,329.09414125542224,0.30826520919799805
1224,3745.864,1823.5100000000002,6801.666666666668,100,100,1007,1.9553782532357842,6.754385964912282,2.1649961471557617,-1823.5100000000002,-0.005889270396437496,28.46681171655655,0.6807612804695964,0.02561233733285917,0.07567320461384952,1224,329.1310262503803,0.30826520919799805
1225,3748.514,1931.1300000000006,7061.000000000002,100,100,1011,1.9673425342673925,6.984174085064295,2.187770128250122,-1931.1300000000006,-0.015526929462794214,32.85364645719528,0.714309511706233,0.045358850169577636,0.06678921595448628,1225,329.1680038447004,0.30826520919799805
1226,3751.171,2044.5799999999988,7154.000000000002,100,100,1004,1.9852924274291799,7.12549800796813,2.195801019668579,-2044.5799999999988,-0.017742840864229947,46.68530398607254,0.6603059880435467,0.0415685914340429,0.08296342357061803,1226,329.2024972783227,0.30826520919799805
1227,3753.837,2061.2566666666676,7092.333333333334,100,100,1005,1.96779502488543,7.057048092868989,2.179812431335449,-2061.2566666666676,-0.012169288413133472,55.056092977523804,0.6787809384986758,0.024923005927121267,0.07592230918817222,1227,329.236476644376,0.30826520919799805
1228,3756.474,1939.0966666666668,7118.666666666663,100,100,1008,1.9640082331505486,7.062169312169309,2.179598808288574,-1939.0966666666668,-0.009630109503632411,26.866323232650757,0.6489930711686611,0.07159573899969018,0.1051432293606922,1228,329.2737630991134,0.30826520919799805
1229,3759.151,1962.530000000003,7129.666666666675,100,100,1012,1.9900831059145965,7.045125164690391,2.2118635177612305,-1962.530000000003,-0.018022401869529858,27.97154825925827,0.7107071131467819,0.028042973950505257,0.10745943570509553,1229,329.30838122404816,0.30826520919799805
1230,3764.954,1925.4466666666674,7089.333333333334,100,100,1017,1.9769522113287812,6.9708292363159625,2.2090234756469727,-1925.4466666666674,-0.013675355003215373,33.99552494287491,0.7303432524204254,0.009637503797421232,0.06718578655272722,1230,329.34389237362814,0.30826520919799805
1231,3767.623,1929.0933333333346,6952.999999999998,100,100,1010,1.9818036632593905,6.884158415841583,2.2013978958129883,-1929.0933333333346,-0.014997163001680747,36.25547933578491,0.689745893701911,0.02231014086282812,0.07984374987427145,1231,329.1060274589922,0.30826520919799805
1232,3770.275,1909.5999999999992,6921.999999999998,100,100,1007,1.9668191660966914,6.873882820258191,2.17842698097229,-1909.5999999999992,-0.01723158627282828,48.6821294426918,0.644831333309412,0.05337224856339162,0.09857047838158906,1232,329.14154374530557,0.30826520919799805
1233,3772.888,2004.3299999999997,7143.66666666667,100,100,1010,1.9291378203825564,7.0729372937293755,2.1477408409118652,-2004.3299999999997,-0.02164473501034081,41.233841478824615,0.713134653866291,0.02072889376722742,0.09181640576571226,1233,329.18125627151034,0.30826520919799805
1234,3775.493,1943.9199999999996,7091.000000000004,100,100,1004,1.9421274892047078,7.0627490039840675,2.146909236907959,-1943.9199999999996,-0.015384514263132587,31.287433564662933,0.7007103618234396,0.0299425118137151,0.10617897775955498,1234,329.22008420613344,0.30826520919799805
1235,3778.117,1976.68,7101.333333333334,100,100,1010,1.9228016821630667,7.031023102310232,2.1418678760528564,-1976.68,-0.013233734527602792,24.322069883346558,0.6684467922896147,0.048656101505912375,0.09419921832159162,1235,329.2587720167295,0.30826520919799805
1236,3780.729,1866.4266666666663,6885.333333333334,100,100,1007,1.9286191655099096,6.8374710360807684,2.138502836227417,-1866.4266666666663,-0.023278118460439146,36.77021926641464,0.7344352062791586,0.0374449510291015,0.10084566147997975,1236,329.2976461538702,0.30826520919799805
1237,3783.362,1948.3466666666666,7065.000000000001,100,100,1002,1.9602348289997158,7.050898203592816,2.159677028656006,-1948.3466666666666,-0.02327668826910667,37.38267529010773,0.7225196529179811,0.014929904838936636,0.1060732887708582,1237,329.3332511931947,0.30826520919799805
1238,3785.985,2079.500000000002,7257.666666666671,100,100,1010,1.9351283148263057,7.185808580858089,2.1576569080352783,-2079.500000000002,-0.01638085304875858,52.81269717216492,0.6781793143600225,0.025638882230850868,0.10201171867083758,1238,329.3719992521884,0.30826520919799805
1239,3788.569,1917.4900000000007,7103.333333333335,100,100,1007,1.9152755701087616,7.053955643826549,2.125359296798706,-1917.4900000000007,-0.016816961811855435,28.194217324256897,0.7321504428982735,0.006672799288935494,0.0925864358432591,1239,329.4130626870604,0.30826520919799805
1240,3794.207,2058.2366666666667,7313.333333333336,100,100,1008,1.9236899804257388,7.255291005291007,2.1434264183044434,-2058.2366666666667,-0.02343233724241145,44.48725509643555,0.6883697137236595,0.034508612188801635,0.12255859392462298,1240,329.4531375774652,0.30826520919799805
1241,3796.862,2133.9799999999996,7354.666666666669,100,100,1010,1.9543292043536975,7.281848184818484,2.1799190044403076,-2133.9799999999996,-0.01737358159152791,44.07779884338379,0.6787926061078906,0.028757600695826113,0.09880859334953129,1241,329.2250293063049,0.30826520919799805
1242,3799.44,1974.6433333333325,7115.666666666667,100,100,1005,1.9116403975185767,7.080265339966833,2.1209909915924072,-1974.6433333333325,-0.018473164527677,27.012534588575363,0.6781859062612057,0.027450698369648308,0.09894748288206756,1242,329.2661503997833,0.30826520919799805
1243,3802.268,1999.0233333333329,7042.000000000001,100,100,1011,2.1200087050420007,6.965380811078141,2.3446805477142334,-1999.0233333333329,-0.021661842591129243,23.036055147647858,0.6884668041020632,0.031017529086966533,0.11256318946834654,1243,329.2871436068734,0.30826520919799805
1244,3805.209,1987.5533333333335,7074.000000000002,100,100,1008,2.2230490092566932,7.017857142857145,2.4460957050323486,-1987.5533333333335,-0.018359812209382653,34.3837069272995,0.738458901643753,0.019107324398646597,0.08072916674427688,1244,329.297592721263,0.30826520919799805
1245,3808.187,1911.5833333333317,6958.666666666666,100,100,1007,2.259611615808468,6.910294604435617,2.476184606552124,-1911.5833333333317,-0.02237379504367709,31.980387687683105,0.6831765957176685,0.02200922578413156,0.10323512298054993,1245,329.30442644199474,0.30826520919799805
1246,3811.425,1936.8366666666657,6965.999999999996,100,100,1011,2.5021432228543006,6.890207715133528,2.7348568439483643,-1936.8366666666657,-0.02213490882422775,33.02239602804184,0.6445818450301886,0.018978762156621087,0.1164885878097266,1246,329.2899724034781,0.30826520919799805
1247,3814.581,1992.936666666667,7027.999999999998,100,100,1008,2.4430925605840805,6.9722222222222205,2.667851448059082,-1992.936666666667,-0.01531948079355061,47.90930688381195,0.6765519306063652,0.009743265560246073,0.0908203125,1247,329.2817704516396,0.30826520919799805
1248,3817.527,1856.1366666666672,6809.333333333332,100,100,1013,2.236777890003806,6.7219480092135555,2.4633700847625732,-1856.1366666666672,-0.020752675423864275,32.082931995391846,0.668819846585393,0.05449235910054995,0.09329857025295496,1248,329.2931481220755,0.30826520919799805
1249,3820.495,1856.013333333333,6980.0,100,100,1004,2.2753467130524836,6.952191235059761,2.484346389770508,-1856.013333333333,-0.02068195989704691,23.212928622961044,0.6801112815737724,0.02394417826872086,0.10134055442176759,1249,329.3000271856282,0.30826520919799805
1250,3827.411,1894.9466666666654,6983.999999999997,100,100,1007,2.462911917948254,6.935451837140017,2.6806857585906982,-1894.9466666666654,-0.01934895815793425,22.50400748848915,0.6744081545621157,0.0198209193549701,0.09875747980549932,1250,329.2904308522706,0.30826520919799805
1251,3830.371,1967.2766666666678,6993.333333333332,100,100,1014,2.2358614423255303,6.896778435239972,2.471147060394287,-1967.2766666666678,-0.021686378167942166,27.176058799028397,0.6958601903170347,0.031087563889741432,0.10532407416030765,1251,328.97859027972333,0.30826520919799805
1252,3833.381,2020.723333333332,7182.3333333333285,100,100,1006,2.310369979931786,7.139496355202116,2.529280185699463,-2020.723333333332,-0.023429112043231726,31.365743935108185,0.725765198469162,0.016943454051215667,0.11625339696183801,1252,328.98269564400755,0.30826520919799805
1253,3836.254,2025.416666666667,7258.666666666664,100,100,1006,2.1649763408389173,7.21537442014579,2.3820877075195312,-2025.416666666667,-0.018745490146102384,29.585788369178772,0.7244626153260469,0.028153181439847685,0.12217646138742566,1253,328.99852504391396,0.30826520919799805
1254,3839.12,1928.1100000000017,7015.333333333336,100,100,1005,2.156884973261746,6.980431177446105,2.367377758026123,-1928.1100000000017,-0.024461656634230167,27.285363048315048,0.7108703646808863,0.022328490173094906,0.11290147586259991,1254,329.0147260362553,0.30826520919799805
1255,3842.198,1949.2566666666662,7098.999999999997,100,100,1013,2.3374455070319824,7.007897334649553,2.578192949295044,-1949.2566666666662,-0.022168222640175372,38.505327105522156,0.6805709060281515,0.016587091889050498,0.11128206085413694,1255,329.0147744580999,0.30826520919799805
1256,3845.291,1857.2866666666666,6892.999999999999,100,100,1010,2.3631557429181687,6.824752475247524,2.587092399597168,-1857.2866666666666,-0.018442303757183254,36.562440037727356,0.6672247834503651,0.013267632119095651,0.10841796826571226,1256,329.0128618650713,0.30826520919799805
1257,3848.142,2055.6299999999997,7158.000000000001,100,100,1009,2.1462978187595874,7.094152626362736,2.3706953525543213,-2055.6299999999997,-0.01927294669440016,41.192480862140656,0.6665824875235558,0.04139705708439578,0.09189652372151613,1257,329.03129787627034,0.30826520919799805
1258,3851.017,1924.2066666666678,7008.33333333333,100,100,1006,2.1670949303963507,6.966534128561959,2.3792712688446045,-1924.2066666666678,-0.023856138053815812,30.232617735862732,0.6426760507747531,0.020728330535348505,0.10228430712595582,1258,329.0469316405758,0.30826520919799805
1259,3854.077,1923.8166666666664,7000.999999999999,100,100,1006,2.363967692232311,6.95924453280318,2.5791590213775635,-1923.8166666666664,-0.02422480349196121,42.20529103279114,0.6572173237800598,0.011635142964223633,0.08890964672900736,1259,329.0466437760034,0.30826520919799805
1260,3860.607,1932.333333333333,7132.0,100,100,1003,2.39860837253559,7.110667996011964,2.6086716651916504,-1932.333333333333,-0.02757053729146719,27.81766003370285,0.6997486595064402,0.013964855228550732,0.09271666081622243,1260,329.04295226718943,0.30826520919799805
1261,3863.745,1935.2999999999995,6903.666666666665,100,100,1004,2.4132296789448664,6.876162018592296,2.626399517059326,-1935.2999999999995,-0.016892972344066948,33.60768759250641,0.7144430838525295,0.005288636777549982,0.08056640625,1261,328.7426735536491,0.30826520919799805
1262,3866.746,1862.0766666666664,7050.9999999999945,100,100,1010,2.278538813726921,6.981188118811875,2.5000247955322266,-1862.0766666666664,-0.019124953250866383,34.83618140220642,0.7899655941873789,0.02489655946556013,0.10035156249068677,1262,328.7487741853,0.30826520919799805
1263,3869.749,2013.4600000000005,7133.666666666671,100,100,1002,2.291653692181373,7.119427811044582,2.4999382495880127,-2013.4600000000005,-0.019556357903638855,22.496499955654144,0.6951525118201971,0.035915705979277845,0.11146763409487903,1263,328.75259869017964,0.30826520919799805
1264,3872.875,2081.226666666666,7387.999999999997,100,100,1004,2.398665037457887,7.35856573705179,2.6187140941619873,-2081.226666666666,-0.018655742169357836,39.424580335617065,0.6858946178108454,0.019336191686306847,0.09810014232061803,1264,328.7464506800158,0.30826520919799805
1265,3876.025,1930.9866666666667,7122.333333333329,100,100,1008,2.4387890865447903,7.065806878306875,2.6603236198425293,-1930.9866666666667,-0.016070051642600447,24.82869851589203,0.6416128445416689,0.026162472830037586,0.09700520837213844,1265,328.73937440315945,0.30826520919799805
1266,3879.061,1938.1233333333337,7177.666666666662,100,100,1011,2.3219408490441733,7.099571381470487,2.5510449409484863,-1938.1233333333337,-0.017544167290907353,25.348510682582855,0.6336312275379896,0.026214649922621902,0.09829771774820983,1266,328.74268038954466,0.30826520919799805
1267,3882.037,1939.306666666665,6873.999999999995,100,100,1004,2.2755288844789003,6.846613545816728,2.486680269241333,-1939.306666666665,-0.021730340435169637,48.28928506374359,0.7383865546435118,0.006080445458792383,0.11341441771946847,1267,328.7493052306258,0.30826520919799805
1268,3885.129,1904.3666666666654,6847.999999999997,100,100,1006,2.383374356202759,6.807157057654073,2.599294662475586,-1904.3666666666654,-0.020495971315540373,29.07259827852249,0.6593991089612246,0.012702522089966806,0.08385699731297791,1268,328.74657445797703,0.30826520919799805
1269,3888.252,1997.6299999999987,7081.999999999999,100,100,1007,2.391416187580331,7.032770605759682,2.612504005432129,-1997.6299999999987,-0.011980375973507762,36.15527147054672,0.722977957688272,0.00580355243437225,0.0924513794016093,1269,328.74158272599414,0.30826520919799805
1270,3894.303,1995.3399999999992,7230.33333333333,100,100,1003,2.2623823545473893,7.208707211698235,2.4699220657348633,-1995.3399999999992,-0.014900840586051345,29.450885832309723,0.7207119446247816,0.023059047671267763,0.12221793225035071,1270,328.7500981591768,0.30826520919799805
1271,3896.933,2086.3233333333333,7193.999999999999,100,100,1002,1.9578733515159827,7.179640718562873,2.165140390396118,-2086.3233333333333,-0.020881200209259987,40.8165488243103,0.7164922598749399,0.008108400244964287,0.10856119799427688,1271,328.52377683280145,0.30826520919799805
1272,3899.56,1883.9700000000005,6918.000000000005,100,100,1007,1.951437634707252,6.86991062562066,2.1616785526275635,-1883.9700000000005,-0.020579039526637644,28.72171849012375,0.6509324330836535,0.04181060192058794,0.1249896107474342,1272,328.5607087525114,0.30826520919799805
1273,3902.197,1966.5133333333333,7046.333333333331,100,100,1008,1.9535375018705732,6.990410052910051,2.171665668487549,-1966.5133333333333,-0.013708249083720148,38.30207818746567,0.6997448280453682,0.011274286276602652,0.09928385424427688,1273,328.5969429542427,0.30826520919799805
1274,3904.848,2090.2933333333326,7222.999999999998,100,100,1007,1.9577019859490086,7.172790466732868,2.1723344326019287,-2090.2933333333326,-0.018101254012435675,29.967943131923676,0.7468486838042736,0.018230603564006742,0.1098113363259472,1274,328.63174229293764,0.30826520919799805
1275,3907.479,1937.6933333333345,6959.3333333333385,100,100,1010,1.9474999000558095,6.890429042904295,2.1684346199035645,-1937.6933333333345,-0.013200281537137926,31.835039138793945,0.6645036786794662,0.030716383189428598,0.11408203095197678,1275,328.6689685179728,0.30826520919799805
1276,3910.08,1925.2966666666666,6949.000000000002,100,100,1004,1.9353463147967251,6.921314741035858,2.1404354572296143,-1925.2966666666666,-0.022925529396161437,33.32795548439026,0.6373245511204004,0.02261326229563565,0.11496804025955498,1276,328.707056862418,0.30826520919799805
1277,3912.707,1995.3599999999997,7138.666666666663,100,100,1010,1.940080793897188,7.067986798679865,2.1601297855377197,-1995.3599999999997,-0.018357555905822664,37.428603291511536,0.726204814389348,0.03425603042705916,0.10648437472991645,1277,328.7445393950518,0.30826520919799805
1278,3915.346,2050.74,7234.666666666667,100,100,1012,1.9362059307032498,7.148880105401845,2.160604953765869,-2050.74,-0.02231541500077583,56.37720036506653,0.7491875011473894,0.017012508666084614,0.11688701948150992,1278,328.78143783333286,0.30826520919799805
1279,3918.033,2060.9700000000007,7283.666666666664,100,100,1012,1.9816709490237103,7.197299077733858,2.210683584213257,-2060.9700000000007,-0.02191157580818981,29.7241188287735,0.6665063053369522,0.04794192436384037,0.09998497611377388,1279,328.8142317785143,0.30826520919799805
1280,3924.223,2078.326666666665,7348.666666666665,100,100,1005,1.9416465679999089,7.312106135986731,2.1521353721618652,-2078.326666666665,-0.01389163761632517,30.158409386873245,0.7313438802957535,0.026112850122444797,0.08236762159503996,1280,328.850944173946,0.30826520919799805
1281,3927.105,2056.4833333333327,7164.999999999999,100,100,1003,2.1567809578181723,7.143569292123628,2.369079351425171,-2056.4833333333327,-0.013158948633645196,48.668185114860535,0.7373248562216759,0.04676751975057414,0.11759629333391786,1281,328.5659451816245,0.30826520919799805
1282,3930.124,1991.6166666666686,7006.333333333336,100,100,1012,2.2958331021734257,6.923254281949936,2.529017448425293,-1991.6166666666686,-0.01962954009650275,28.63120260834694,0.6457252856343985,0.03204992799874162,0.11020132224075496,1282,328.5710972493507,0.30826520919799805
1283,3933.222,1888.3733333333332,7011.666666666668,100,100,1007,2.3770227383446714,6.962926183382987,2.5928826332092285,-1888.3733333333332,-0.019471361592877656,47.43009686470032,0.6066326443105936,0.05282897651341045,0.11553565470967442,1283,328.56827825441064,0.30826520919799805
1284,3936.338,1944.206666666666,6991.666666666666,100,100,1007,2.3869884800620915,6.943065210195299,2.6073927879333496,-1944.206666666666,-0.016363472037483007,27.885785937309265,0.6178181990981102,0.02401716726308223,0.10385846043936908,1284,328.5640214098924,0.30826520919799805
1285,3939.295,1968.8233333333346,7103.333333333334,100,100,1010,2.2476538620418913,7.033003300330034,2.4729816913604736,-1968.8233333333346,-0.025440931553021073,36.15769064426422,0.6375017501413822,0.014948540148907341,0.10845703119412065,1285,328.5737896489611,0.30826520919799805
1286,3942.326,1898.3066666666675,6955.000000000001,100,100,1009,2.316850147669723,6.892963330029733,2.537325143814087,-1898.3066666666675,-0.02272236329736188,28.849523544311523,0.6827927650883794,0.017537106465169927,0.12371452478691936,1286,328.5770679908308,0.30826520919799805
1287,3945.403,2048.5900000000006,7116.333333333337,100,100,1012,2.358292194848085,7.03194993412385,2.59181547164917,-2048.5900000000006,-0.018758421065285802,35.829417049884796,0.6653415020555258,0.016978303479845636,0.08398437511641532,1287,328.5773568441164,0.30826520919799805
1288,3948.36,1983.9066666666665,7094.0,100,100,1009,2.233516947897954,7.030723488602577,2.4615161418914795,-1983.9066666666665,-0.024168333678971976,38.566129982471466,0.6276538856327534,0.0171861187191098,0.10745176952332258,1288,328.58677812988043,0.30826520919799805
1289,3951.36,2030.1599999999996,7176.33333333333,100,100,1008,2.309455257163213,7.119378306878304,2.5332555770874023,-2030.1599999999996,-0.01926615077536553,32.864159286022186,0.6403726041316986,0.019213230702007422,0.12207031319849193,1289,328.59245434835674,0.30826520919799805
1290,3957.247,2060.08,7111.666666666663,100,100,1009,2.0184281451269483,7.048232573505118,2.2457058429718018,-2060.08,-0.01536157465307042,47.099565386772156,0.6310501787811518,0.028666328958934173,0.10635562753304839,1290,328.62202079675427,0.30826520919799805
1291,3959.97,1830.1466666666674,6854.333333333337,100,100,1005,2.0108978072904162,6.820232172470981,2.215557336807251,-1830.1466666666674,-0.019502848430420272,38.79392671585083,0.6760043483227491,0.006965985841816291,0.10467664944007993,1291,328.3865742155326,0.30826520919799805
1292,3962.683,1976.3433333333328,7246.333333333334,100,100,1012,2.013507016369403,7.160408432147563,2.239353656768799,-1976.3433333333328,-0.015355899638962,30.942263007164,0.6541783707216382,0.0205252331434167,0.08458533696830273,1292,328.41715436574174,0.30826520919799805
1293,3965.403,2004.1533333333343,7167.333333333336,100,100,1006,2.0248036772368208,7.124585818422799,2.2407302856445312,-2004.1533333333343,-0.023233303349115886,37.67868286371231,0.645407697185874,0.018631686143635307,0.11812160338740796,1293,328.44552560117046,0.30826520919799805
1294,3968.129,1965.0233333333342,7110.666666666669,100,100,1009,2.0330384529654464,7.04724149322762,2.253589630126953,-1965.0233333333342,-0.012884646246675402,28.029747486114502,0.6320550180971622,0.019903610889741685,0.09659000299870968,1294,328.47418622239115,0.30826520919799805
1295,3970.848,1980.4700000000005,7052.666666666663,100,100,1011,2.0088617215264666,6.975931421035275,2.2345385551452637,-1980.4700000000005,-0.01738018321339041,30.204399824142456,0.6357982931658626,0.027249180122453254,0.10390816500876099,1295,328.50388813404106,0.30826520919799805
1296,3973.613,1935.466666666666,7156.000000000001,100,100,1009,2.056828445369125,7.092170465807731,2.2757089138031006,-1935.466666666666,-0.020899202208966017,30.765305936336517,0.6340522710233927,0.02147541454905877,0.10376474750228226,1296,328.5291839357588,0.30826520919799805
1297,3976.36,1967.6366666666668,7144.0000000000055,100,100,1005,2.043541491874934,7.108457711442791,2.2577669620513916,-1967.6366666666668,-0.015222198562696576,31.974437355995178,0.6835614014416933,0.00918987980185193,0.0795681425370276,1297,328.5549700883655,0.30826520919799805
1298,3979.075,2116.5000000000005,7359.666666666668,100,100,1015,2.009113890972227,7.250903119868639,2.2449138164520264,-2116.5000000000005,-0.012589775666128844,47.851228296756744,0.7457251343876123,0.011830965828266926,0.10845170402899384,1298,328.5858892332929,0.30826520919799805
1299,3981.767,1894.330000000002,6926.333333333337,100,100,1010,2.0008264361917605,6.857755775577561,2.220348596572876,-1894.330000000002,-0.022609540028497577,27.67360508441925,0.7300758436322212,0.01311275182524696,0.11958984367083758,1299,328.6173997580195,0.30826520919799805
1300,3987.62,2014.923333333334,7049.333333333331,100,100,1004,1.9791637454784858,7.021248339973438,2.189391851425171,-2014.923333333334,-0.013898528879508376,44.97501361370087,0.7417081538587809,0.029623382368299644,0.09108664793893695,1300,328.64930934177033,0.30826520919799805
1301,3990.316,1911.0466666666662,6992.333333333337,100,100,1010,1.9860945556700083,6.923102310231027,2.205906391143799,-1911.0466666666662,-0.021880189888179302,26.688447296619415,0.6818679161369801,0.020519903817330487,0.11310546833556145,1301,328.4181277722346,0.30826520919799805
1302,3993.011,2098.156666666668,7118.000000000004,100,100,1006,1.9996566605378334,7.075546719681912,2.219940423965454,-2098.156666666668,-0.018578772724140435,50.615984201431274,0.7562710531055927,0.018356694956310093,0.08842136571183801,1302,328.4484081910435,0.30826520919799805
1303,3995.706,2001.8833333333328,7095.999999999996,100,100,1008,2.011619841112637,7.039682539682536,2.2326838970184326,-2001.8833333333328,-0.020959711517207325,29.902413070201874,0.7587797176092863,0.016117292674607597,0.09895833348855376,1303,328.47910661132346,0.30826520919799805
1304,3998.388,2001.4466666666658,7172.333333333334,100,100,1006,1.9849754466534506,7.129555997349239,2.1962034702301025,-2001.4466666666658,-0.015623204701114446,36.58075577020645,0.726670840755105,0.015130854095332325,0.0841754415887408,1304,328.51049133158443,0.30826520919799805
1305,4001.063,1822.913333333334,6669.999999999997,100,100,1005,2.002836417161225,6.636815920398007,2.2086408138275146,-1822.913333333334,-0.024617940827738494,35.62451595067978,0.723605977371335,0.017563294488354586,0.10208333376795053,1305,328.54193921890675,0.30826520919799805
1306,4003.726,2055.9166666666656,7308.0,100,100,1010,1.9727533688943943,7.235643564356436,2.1967790126800537,-2055.9166666666656,-0.014358028187416494,33.939853847026825,0.7456459235399961,0.012947391616762616,0.09783203096594661,1306,328.5756623563441,0.30826520919799805
1307,4006.419,1906.6333333333323,6946.33333333333,100,100,1008,1.9923699414542329,6.891203703703701,2.205610513687134,-1906.6333333333323,-0.014309891092125326,36.74741315841675,0.7420660350471735,0.008424472747719847,0.09375000017462298,1307,328.6064400348657,0.30826520919799805
1308,4009.074,1997.5133333333333,7010.333333333336,100,100,999,1.9910452446692415,7.017350684017353,2.190967082977295,-1997.5133333333333,-0.01949174000765197,40.95780622959137,0.6746781766414642,0.06403637744369917,0.13590494799427688,1308,328.63800106058324,0.30826520919799805
1309,4011.737,1991.4699999999998,6965.999999999998,100,100,1006,1.9782594431499039,6.924453280318089,2.1919198036193848,-1991.4699999999998,-0.02065434481482953,27.561696141958237,0.7060241047292948,0.007937232083349954,0.08090608031488955,1309,328.6706653741505,0.30826520919799805
1310,4017.444,1923.9600000000005,6906.333333333333,100,100,1005,1.968167859954361,6.8719734660033165,2.1742799282073975,-1923.9600000000005,-0.02111252211034298,40.402605295181274,0.6767451595515013,0.020543347076454666,0.10843098978511989,1310,328.7040551358695,0.30826520919799805
1311,4020.097,2007.3666666666677,7025.666666666665,100,100,1002,1.9468846288230828,7.011643379906851,2.1530396938323975,-2007.3666666666677,-0.01937114540487528,46.09204542636871,0.6748932171612978,0.02415216253575636,0.09681919659487903,1311,328.48639014981825,0.30826520919799805
1312,4022.752,1816.7066666666685,6762.333333333333,100,100,1005,1.9713455741641237,6.7286898839137645,2.178398609161377,-1816.7066666666685,-0.021155807255127,36.613044917583466,0.6511234445497394,0.020562410885759164,0.11470269144047052,1312,328.5194034780521,0.30826520919799805
1313,4025.371,1983.4533333333331,7241.333333333328,100,100,1010,1.9203414856963377,7.169636963696364,2.1413073539733887,-1983.4533333333331,-0.01631863065995276,34.14093500375748,0.6856007585301995,0.008815659159154166,0.08158203097991645,1313,328.55654505170236,0.30826520919799805
1314,4028.0,2017.8666666666663,7211.6666666666615,100,100,1007,1.9527012899623446,7.161535915259843,2.165863513946533,-2017.8666666666663,-0.02263502508867532,38.54137974977493,0.7148886471986771,0.016210395922826137,0.08823346073040739,1314,328.592195839362,0.30826520919799805
1315,4030.645,2101.6300000000006,7145.333333333335,100,100,1009,1.9566000007024649,7.081598942847705,2.177978754043579,-2101.6300000000006,-0.01721182290930301,32.19168812036514,0.7101856973022223,0.008797915950708557,0.07297313428716734,1315,328.62683764995614,0.30826520919799805
1316,4033.257,2026.803333333334,7199.333333333332,100,100,1002,1.9360076836607756,7.184963406520292,2.1389448642730713,-2026.803333333334,-0.023223291093017906,35.494331777095795,0.7493645269423723,0.01750093579175882,0.1102585569024086,1316,328.66238520894854,0.30826520919799805
1317,4035.91,1970.9799999999998,7081.66666666667,100,100,1009,1.9461134788086425,7.01850016518005,2.162336587905884,-1970.9799999999998,-0.020641683600842953,27.896887719631195,0.6797303389757872,0.009346183400339214,0.09644052945077419,1317,328.6963813639451,0.30826520919799805
1318,4038.552,1771.5166666666673,6838.333333333335,100,100,1013,1.931739190036223,6.750575847318198,2.1504263877868652,-1771.5166666666673,-0.019375804055016488,43.21679323911667,0.6863141097128391,0.03149790087263682,0.10863797180354595,1318,328.73219091616124,0.30826520919799805
1319,4041.187,1950.6866666666704,6952.000000000008,100,100,1010,1.9283906934727537,6.883168316831691,2.1462795734405518,-1950.6866666666704,-0.018996732076629996,21.50094947218895,0.6230891393497586,0.033033580279152375,0.10667968704365194,1319,328.76775078272254,0.30826520919799805
1320,4047.887,2053.1366666666654,7061.666666666668,100,100,1012,2.2459842868355424,6.9779314888010555,2.4790303707122803,-2053.1366666666654,-0.012029784498736262,41.53595846891403,0.6557109616696835,0.009821499850659166,0.08327073330292478,1320,328.77395826731527,0.30826520919799805
1321,4050.852,1948.1266666666666,7088.333333333335,100,100,1008,2.265691567334302,7.032076719576721,2.48490834236145,-1948.1266666666666,-0.01748590893112123,36.94105267524719,0.6968532558530569,0.013217107261880301,0.08919270848855376,1321,328.48198421761555,0.30826520919799805
1322,4053.852,2001.9833333333331,7137.666666666671,100,100,1009,2.270513283627844,7.074000660720189,2.495244264602661,-2001.9833333333331,-0.0174432052008342,42.251197814941406,0.6428241413086653,0.016652781287120888,0.11060068570077419,1322,328.4879398829268,0.30826520919799805
1323,4056.939,1958.033333333333,6932.333333333331,100,100,1006,2.3800137191946074,6.890987408880051,2.5942344665527344,-1958.033333333333,-0.020595621201209724,36.61167621612549,0.7170549463480711,0.01929409924923675,0.09527853288454935,1323,328.48584654064115,0.30826520919799805
1324,4059.931,2051.32,7107.33333333333,100,100,1004,2.2817947239702216,7.079017264276225,2.493391275405884,-2051.32,-0.01881698123179376,41.370546996593475,0.7344704978168011,0.016984409652650356,0.11097301193512976,1324,328.4910859350166,0.30826520919799805
1325,4062.976,2003.3399999999995,7093.0,100,100,1009,2.335143011115026,7.029732408325074,2.557748794555664,-2003.3399999999995,-0.021794186599436216,33.52009016275406,0.7511554732918739,0.004018403509689961,0.10448222234845161,1325,328.4931981484654,0.30826520919799805
1326,4065.879,1979.4466666666674,7332.333333333337,100,100,1013,2.1863240857359467,7.238236261928269,2.4150164127349854,-1979.4466666666674,-0.022680834226775914,28.586658895015717,0.6907087564468384,0.01870817739109043,0.10786409210413694,1326,328.50782150826274,0.30826520919799805
1327,4068.892,1938.4533333333343,7051.333333333337,100,100,1009,2.2785094157285894,6.988437396762475,2.5017006397247314,-1938.4533333333343,-0.02183248585788533,31.658936142921448,0.7017535269260406,0.022920638468349352,0.08660514955408871,1327,328.5125854104452,0.30826520919799805
1328,4071.773,1987.3133333333335,7137.000000000002,100,100,1010,2.1916220774920196,7.066336633663368,2.4155025482177734,-1987.3133333333335,-0.02442337095271796,32.65045464038849,0.6944066826254129,0.007027153991657542,0.10439453099388629,1328,328.52813928571265,0.30826520919799805
1329,4074.446,2031.686666666667,7372.999999999996,100,100,1011,1.9849038563814276,7.29277942631058,2.207040309906006,-2031.686666666667,-0.02453744676313363,38.22455209493637,0.6423865985125303,0.026627451174135786,0.11321423156186938,1329,328.56070600584496,0.30826520919799805
1330,4080.371,2082.786666666668,7386.000000000004,100,100,1010,1.9866750478781392,7.312871287128717,2.2089710235595703,-2082.786666666668,-0.01685950648970902,51.87375724315643,0.6589858485385776,0.01723129661695566,0.09078124957159162,1330,328.59245187018917,0.30826520919799805
1331,4083.081,1994.2133333333359,6987.333333333333,100,100,1005,2.0154542310524786,6.9525704809286895,2.2304701805114746,-1994.2133333333359,-0.020034832472447306,33.44928431510925,0.597757744602859,0.013553344360843766,0.10974392364732921,1331,328.3593607856075,0.30826520919799805
1332,4085.762,2023.0566666666655,7066.666666666665,100,100,1010,1.9885250496318434,6.996699669966995,2.2116992473602295,-2023.0566666666655,-0.01643468253314495,32.2255944609642,0.6909363511949778,0.02235802391078323,0.10019531240686774,1332,328.39109005490764,0.30826520919799805
1333,4088.462,1945.6600000000003,6995.666666666667,100,100,1004,2.0065171298787994,6.967795484727756,2.2137675285339355,-1945.6600000000003,-0.017390576715115458,28.137426555156708,0.6271089101210237,0.02460587749374099,0.09863281273283064,1333,328.41979476616143,0.30826520919799805
1334,4091.208,2004.7533333333333,7344.333333333337,100,100,1007,2.0615109240186755,7.293280370738169,2.2748610973358154,-2004.7533333333333,-0.01954535284312442,43.48007792234421,0.5449461955577135,0.0012054209946654737,0.08610372303519398,1334,328.44551336522323,0.30826520919799805
1335,4093.927,2005.6400000000008,7088.333333333337,100,100,1007,2.0193084435123123,7.039059913935787,2.234189987182617,-2005.6400000000008,-0.010192178655415773,25.403034031391144,0.5867758803069592,0.03839935446740128,0.10927111003547907,1335,328.47333578689734,0.30826520919799805
1336,4096.651,1956.1466666666656,7072.6666666666615,100,100,1008,2.0253610096655654,7.016534391534386,2.2451331615448,-1956.1466666666656,-0.01474236958893016,29.623656392097473,0.661263944581151,0.023206264417240163,0.08430989616317675,1336,328.5010222034714,0.30826520919799805
1337,4099.406,1870.0400000000016,6772.666666666667,100,100,1008,2.0526751000683623,6.718915343915344,2.266212224960327,-1870.0400000000016,-0.011173375667567598,25.412611484527588,0.6073784176260233,0.018744781529676402,0.10400390689028427,1337,328.526131691258,0.30826520919799805
1338,4102.105,1938.6566666666686,6998.000000000002,100,100,1005,2.0190470675886862,6.963184079601992,2.2294812202453613,-1938.6566666666686,-0.013684889359865338,30.72985205054283,0.6024402417242527,0.031604104093275964,0.12027994822710752,1338,328.5550096757491,0.30826520919799805
1339,4104.766,1839.4633333333325,7051.666666666662,100,100,1006,1.9861528853363697,7.009609012591116,2.1933045387268066,-1839.4633333333325,-0.02315775293391198,37.23974859714508,0.5859484765678644,0.052667787866084836,0.08600118884351104,1339,328.58709870338254,0.30826520919799805
1340,4110.536,1841.6066666666666,6842.333333333331,100,100,1004,1.972980281306557,6.815073041168657,2.1732144355773926,-1841.6066666666666,-0.015728466387372464,28.364103376865387,0.5594277484342456,0.029898055145167746,0.09188565355725586,1340,328.61880500097936,0.30826520919799805
1341,4113.2,1950.0700000000006,6960.000000000004,100,100,1007,1.9775208536870297,6.9116186693148,2.1912100315093994,-1950.0700000000006,-0.01484276429982856,24.632354021072388,0.6352843791246414,0.035219981597037986,0.09432139276759699,1341,328.40220382787703,0.30826520919799805
1342,4115.865,2015.4633333333331,7229.666666666667,100,100,1008,1.9660211307512196,7.17228835978836,2.1820807456970215,-2015.4633333333331,-0.020910294144414365,30.485563039779663,0.6212872182950377,0.027024745169910602,0.10595703148283064,1342,328.43452197476734,0.30826520919799805
1343,4118.533,1996.9033333333336,7274.666666666667,100,100,1006,1.988744633050106,7.231278992710404,2.198673725128174,-1996.9033333333336,-0.01228210679255426,29.864354372024536,0.5903167752549052,0.026700887850893196,0.08254076074808836,1343,328.4659656984194,0.30826520919799805
1344,4121.194,1980.4000000000003,7043.666666666666,100,100,1006,1.9758012946315524,7.001656726308813,2.186521291732788,-1980.4000000000003,-0.015066145919263363,36.23689812421799,0.6035244110971689,0.02671817432565149,0.07436735730152577,1344,328.49806466972814,0.30826520919799805
1345,4123.901,2040.9133333333323,7233.666666666664,100,100,1007,1.985737040399388,7.1833829857663005,2.2014763355255127,-2040.9133333333323,-0.017186781187774613,25.49067920446396,0.5871157646179199,0.05300373397767544,0.09795752965146676,1345,328.5265268002501,0.30826520919799805
1346,4126.578,1995.1566666666672,7104.333333333334,100,100,1010,1.9737630687183747,7.033993399339934,2.196620225906372,-1995.1566666666672,-0.013839545601513237,32.18420988321304,0.6033036429435015,0.029898281951318495,0.13494140608236194,1346,328.5581813992003,0.30826520919799805
1347,4129.259,1946.9066666666652,7048.999999999996,100,100,1013,1.9809457066405458,6.958538993089829,2.20654034614563,-1946.9066666666652,-0.01959835650632158,26.077179670333862,0.6037439052015543,0.01923626085044816,0.09929613815620542,1347,328.590175349271,0.30826520919799805
1348,4131.968,1933.783333333333,7160.000000000001,100,100,1014,1.9695976310725558,7.061143984220908,2.1944029331207275,-1933.783333333333,-0.020164817076874897,26.425875961780548,0.5674790162593126,0.024171924058464356,0.09221281844656914,1348,328.62019760512527,0.30826520919799805
1349,4134.584,1871.913333333332,6918.666666666666,100,100,1008,1.9369535709431926,6.863756613756613,2.1475117206573486,-1871.913333333332,-0.018825062084943056,25.262828648090363,0.5687667606398463,0.013133052925695665,0.10253906284924597,1349,328.6560039777655,0.30826520919799805
1350,4140.241,2045.1266666666675,7279.000000000005,100,100,1011,1.9328061304249526,7.199802176063308,2.1526286602020264,-2045.1266666666675,-0.02555936452699825,41.7473309636116,0.5625822292640805,0.006745461534592323,0.09121285245055333,1350,328.69235249318956,0.30826520919799805
1351,4142.91,2004.6533333333334,7152.333333333335,100,100,1008,1.9641607151632863,7.095568783068784,2.179858684539795,-2004.6533333333334,-0.01908202958293259,31.151295363903046,0.5480139032006264,0.021096690114063676,0.09375000046566129,1351,328.48287434075405,0.30826520919799805
1352,4145.546,2063.44,7339.333333333335,100,100,1009,1.9522795848949002,7.273868516683186,2.171010732650757,-2063.44,-0.026347575010731816,28.06328934431076,0.6067017707973719,0.01706265955726849,0.11101921228691936,1352,328.5173856590647,0.30826520919799805
1353,4148.165,1858.7066666666663,6852.333333333334,100,100,1011,1.931197626486745,6.777777777777779,2.1499972343444824,-1858.7066666666663,-0.02099145477404818,21.922387272119522,0.5451961448416114,0.023508539445174392,0.09047564363572747,1353,328.5536999068779,0.30826520919799805
1354,4150.813,1928.5966666666684,6897.66666666667,100,100,1014,1.9433602593798756,6.802432610124921,2.1681222915649414,-1928.5966666666684,-0.0161697386065498,25.764849603176117,0.5296116154640913,0.031055113875481766,0.093551070895046,1354,328.58839569507836,0.30826520919799805
1355,4153.435,1916.073333333333,7045.333333333331,100,100,1013,1.931067523390224,6.954919381375451,2.152616024017334,-1916.073333333333,-0.015503729111514986,23.013679921627045,0.5875280667096376,0.01117061878903769,0.09173238510265946,1355,328.62483672235373,0.30826520919799805
1356,4156.038,1849.3833333333328,6855.000000000003,100,100,1009,1.9204843405364644,6.793855302279487,2.1307311058044434,-1849.3833333333328,-0.019276178092695773,22.54255759716034,0.5434399889782071,0.027092709628050216,0.08063616056460887,1356,328.66178522831717,0.30826520919799805
1357,4158.731,1963.723333333333,7255.666666666668,100,100,1016,1.978331102941948,7.141404199475067,2.2105443477630615,-1963.723333333333,-0.018681149929761887,23.972709953784943,0.5132345939055085,0.023682787155848928,0.11063058115541935,1357,328.69328007211584,0.30826520919799805
1358,4161.426,2096.263333333332,7379.666666666668,100,100,1005,1.9717254740793018,7.342951907131013,2.182699680328369,-2096.263333333332,-0.01863490283722058,39.70973640680313,0.5765673816204071,0.023203038159863354,0.07998046895954758,1358,328.72194131247386,0.30826520919799805
1359,4164.477,1955.9533333333343,6959.999999999997,100,100,1010,2.331169108897079,6.891089108910888,2.5567586421966553,-1955.9533333333343,-0.01858042535604909,29.166143894195557,0.5728408647701144,0.019289816525997594,0.09253906237427145,1359,328.72363362793277,0.30826520919799805
1360,4171.085,1961.3833333333343,6974.333333333338,100,100,1003,2.247558424299432,6.953472914589569,2.4540703296661377,-1961.3833333333343,-0.016727986687328666,30.962117731571198,0.6314227003604174,0.01691896435659146,0.0714934595162049,1360,328.73202901968307,0.30826520919799805
1361,4174.34,1940.4733333333345,7047.000000000002,100,100,1009,2.4671148685544613,6.984142715559962,2.694214344024658,-1940.4733333333345,-0.01986257842509076,25.481329679489136,0.5204089926555753,0.01576528981604497,0.10185148240998387,1361,328.428900086772,0.30826520919799805
1362,4177.346,1940.800000000001,6919.666666666665,100,100,1009,2.2726197229980745,6.857945160224643,2.49652361869812,-1940.800000000001,-0.01596430450445041,33.724577099084854,0.5591539237648249,0.03470988102344563,0.09002311865333468,1362,328.4341346517503,0.30826520919799805
1363,4180.31,1950.9833333333338,7032.333333333333,100,100,1009,2.2474840420461653,6.9696068714899235,2.4680182933807373,-1950.9833333333338,-0.017619235499296337,23.931135535240173,0.525756468065083,0.027910260861972347,0.09163743583485484,1363,328.4427134089574,0.30826520919799805
1364,4183.411,1933.0366666666666,6849.000000000002,100,100,1006,2.3894969197582623,6.808151093439365,2.6041009426116943,-1933.0366666666666,-0.017502911621704698,31.815349578857422,0.4814039170742035,0.03221507170746918,0.09302819287404418,1364,328.4396593178504,0.30826520919799805
1365,4186.591,1970.446666666666,6991.000000000001,100,100,1009,2.451124582259673,6.928642220019823,2.673887252807617,-1970.446666666666,-0.013109867846651468,33.36903929710388,0.4704171009361744,0.040685477695660666,0.07594268163666129,1365,328.4312453087289,0.30826520919799805
1366,4189.588,1942.3100000000006,7219.333333333334,100,100,1011,2.2758525219569985,7.140784701615563,2.501814365386963,-1942.3100000000006,-0.015119205636437982,33.16595542430878,0.5014546792954206,0.022318972696666606,0.09976256138179451,1366,328.437519253221,0.30826520919799805
1367,4192.623,1924.01,6873.999999999998,100,100,1008,2.311430949905318,6.819444444444443,2.5320885181427,-1924.01,-0.014039929024875164,33.7911958694458,0.4259654777124524,0.055920333790709265,0.08365885418606922,1367,328.4402309380291,0.30826520919799805
1368,4195.626,2007.9533333333331,7166.000000000001,100,100,1014,2.2627193300711097,7.067061143984222,2.4966862201690674,-2007.9533333333331,-0.015188894118182361,24.442539483308792,0.48463204596191645,0.03809237840323476,0.09190538199618459,1368,328.4468161072342,0.30826520919799805
1369,4198.564,1867.826666666668,7016.333333333332,100,100,1009,2.2172127867429503,6.9537495870498836,2.432600498199463,-1867.826666666668,-0.019185177865438163,27.20144373178482,0.4996085353195667,0.035256708099041134,0.10237962345127016,1369,328.4572646411332,0.30826520919799805
1370,4205.164,1946.3800000000012,6970.333333333334,100,100,1009,2.2239463822177736,6.908159894284771,2.4454853534698486,-1946.3800000000012,-0.015255791076924652,25.1209699511528,0.47623470053076744,0.02872719733568374,0.1207449771463871,1370,328.46726558969965,0.30826520919799805
1371,4208.209,1931.5066666666671,6844.333333333336,100,100,1013,2.3037304069528766,6.756498848305366,2.535386562347412,-1931.5066666666671,-0.01839562167879194,24.48332405090332,0.4690769976004958,0.0423006930941483,0.10055829910561442,1371,328.18498120968724,0.30826520919799805
1372,4211.125,2047.97,7217.000000000003,100,100,1010,2.1787294070236385,7.145544554455448,2.405405044555664,-2047.97,-0.018879135488532484,31.815428912639618,0.47867529559880495,0.009404051539604552,0.09294921858236194,1372,328.19759312765046,0.30826520919799805
1373,4214.134,1855.6233333333328,6877.666666666669,100,100,1011,2.276537883137818,6.802835476425983,2.5002880096435547,-1855.6233333333328,-0.016831280780024827,26.557348668575287,0.5052082845941186,0.03383916574239265,0.08742149220779538,1373,328.2032580922902,0.30826520919799805
1374,4217.275,1987.9033333333332,7199.666666666669,100,100,1007,2.409949454214413,7.149619331347238,2.6306540966033936,-1987.9033333333332,-0.016462896252050996,29.513696372509003,0.5384083073586226,0.032534864025365096,0.10092877293936908,1374,328.1974534224617,0.30826520919799805
1375,4220.231,1990.4500000000003,7080.666666666669,100,100,1005,2.2491104449075996,7.045439469320068,2.464780807495117,-1990.4500000000003,-0.013530870492104441,33.35455310344696,0.5723688965663314,0.08361649497237522,0.09720052091870457,1375,328.205696731745,0.30826520919799805
1376,4223.363,1924.8800000000003,6911.000000000002,100,100,1009,2.389343706378667,6.849355797819626,2.609950304031372,-1924.8800000000003,-0.016490903857629746,30.564904153347015,0.4847105164080858,0.039658773588598706,0.09764628508128226,1376,328.2012301454263,0.30826520919799805
1377,4226.465,1941.4933333333333,7066.666666666669,100,100,1003,2.3937380876380985,7.045530076437356,2.601785659790039,-1941.4933333333333,-0.014700179861392826,23.748553663492203,0.4932026220485568,0.02715375248226337,0.08879905520007014,1377,328.19764693818445,0.30826520919799805
1378,4229.476,1948.1466666666677,7118.333333333332,100,100,1014,2.279470907753844,7.020052596975673,2.5144195556640625,-1948.1466666666677,-0.018598788185045123,30.076276391744614,0.48180150520056486,0.023411971145833377,0.10243055550381541,1378,328.2038017756658,0.30826520919799805
1379,4232.468,1898.456666666667,6797.999999999999,100,100,1002,2.278329740755238,6.78443113772455,2.4862234592437744,-1898.456666666667,-0.01376784942112863,46.87541723251343,0.4302339069545269,0.06554681779380189,0.10123697947710752,1379,328.20853568104866,0.30826520919799805
1380,4239.174,2002.6066666666686,6994.000000000002,100,100,1006,2.39890944360798,6.952286282306165,2.617751359939575,-2002.6066666666686,-0.015473431296413764,28.79908013343811,0.48006819374859333,0.03429892622079933,0.08735988475382328,1380,328.20419976686964,0.30826520919799805
1381,4242.15,2126.5499999999993,7230.666666666665,100,100,1003,2.2545321043655053,7.209039548022598,2.465006113052368,-2126.5499999999993,-0.022161544824484736,33.126907885074615,0.529063930734992,0.016648338132654317,0.10392441833391786,1381,327.9329826605499,0.30826520919799805
1382,4245.18,1890.0466666666669,6857.666666666664,100,100,1006,2.3024381711434714,6.816766070245193,2.515897274017334,-1890.0466666666669,-0.0202696954656858,25.878417015075684,0.5914015360176563,0.024434677165118046,0.10050101904198527,1382,327.9358930795318,0.30826520919799805
1383,4248.341,1937.933333333333,6859.33333333333,100,100,1008,2.4250424592912805,6.804894179894177,2.649906873703003,-1937.933333333333,-0.011287964531220496,29.933971285820007,0.517274659126997,0.038525498304807115,0.07958984386641532,1383,327.929174445771,0.30826520919799805
1384,4251.391,2074.616666666666,7210.000000000001,100,100,1006,2.3553291253308593,7.16699801192843,2.573197841644287,-2074.616666666666,-0.015147163183428347,31.538924634456635,0.5116362012922764,0.02858210410340689,0.10816491162404418,1384,327.930593473024,0.30826520919799805
1385,4254.025,2005.3899999999996,7125.999999999998,100,100,1008,1.9422858134180025,7.069444444444443,2.1612164974212646,-2005.3899999999996,-0.010138003155589104,27.83915776014328,0.45706903003156185,0.027993319599772803,0.09033203159924597,1385,327.96443045736027,0.30826520919799805
1386,4256.662,1958.893333333332,6986.666666666667,100,100,1010,1.9467093056243023,6.917491749174918,2.166138172149658,-1958.893333333332,-0.012820729636587203,43.27278673648834,0.4534009890630841,0.045037983647489455,0.09636718709953129,1386,327.99857130433617,0.30826520919799805
1387,4259.295,1904.0533333333335,6868.333333333334,100,100,1011,1.9315917890760255,6.793603692713486,2.1502723693847656,-1904.0533333333335,-0.009860854886937886,28.74908047914505,0.37154414411634207,0.04916805723041762,0.0885225185775198,1387,328.0331225123413,0.30826520919799805
1388,4261.963,1962.9566666666651,7121.666666666663,100,100,1008,1.9666849215614743,7.0651455026455,2.182400703430176,-1962.9566666666651,-0.016488138702698052,26.82112944126129,0.4159432388842106,0.0545536813660874,0.10074869822710752,1388,328.06431273918565,0.30826520919799805
1389,4264.635,1976.3899999999992,6912.0,100,100,1007,1.977769611495831,6.86395233366435,2.1946146488189697,-1976.3899999999992,-0.015548136696452275,27.19704979658127,0.5375829692929983,0.031049105025886092,0.09387466736370698,1389,328.09487233063993,0.30826520919799805
1390,4270.374,1949.8666666666677,7019.999999999997,100,100,1007,1.9598338664430743,6.971201588877852,2.170217275619507,-1949.8666666666677,-0.01679160859202966,37.13529920578003,0.5497259786352515,0.03922682697157143,0.08584399922983721,1390,328.1268742388436,0.30826520919799805
1391,4273.006,2095.7100000000005,7243.333333333333,100,100,1009,1.935114470246821,7.178724810042946,2.1597230434417725,-2095.7100000000005,-0.020327732498117257,45.189532935619354,0.5375626096501946,0.051410367668722756,0.10166214918717742,1391,327.9239219953701,0.30826520919799805
1392,4275.645,1923.9700000000005,7083.999999999996,100,100,1006,1.9580743552850297,7.041749502982103,2.167968988418579,-1923.9700000000005,-0.013430235208943486,27.987406253814697,0.502335399389267,0.04237449061474763,0.10561735730152577,1392,327.9568715434254,0.30826520919799805
1393,4278.346,2026.8899999999987,7195.666666666668,100,100,1011,1.9843405567231183,7.117375535773163,2.2107362747192383,-2026.8899999999987,-0.01752895346726291,37.5618759393692,0.5737698627635837,0.01289913771324791,0.09292662428924814,1393,327.98608695583323,0.30826520919799805
1394,4281.027,1965.2233333333352,7407.333333333335,100,100,1008,1.9597094254254082,7.348544973544975,2.173513889312744,-1965.2233333333352,-0.01633664360269904,29.727021038532257,0.4747635591775179,0.05625746450095903,0.09830729197710752,1394,328.0161258030616,0.30826520919799805
1395,4284.112,1945.3833333333341,7143.333333333331,100,100,1009,2.3634459850368184,7.079616782292697,2.584298610687256,-1945.3833333333341,-0.021599648345727473,34.40633189678192,0.6286042584106326,0.03357682183559518,0.09670958231436089,1395,328.0154427215795,0.30826520919799805
1396,4287.115,1920.1766666666665,7035.9999999999945,100,100,1001,2.2921036945406597,7.028971028971023,2.493295192718506,-1920.1766666666665,-0.01719938323367387,25.07333642244339,0.5502334358170629,0.03642785701958928,0.09365472546778619,1396,328.01917342146686,0.30826520919799805
1397,4290.085,1990.77,6953.000000000001,100,100,1005,2.250552737033597,6.918407960199006,2.464237689971924,-1990.77,-0.018178593716584146,35.214481234550476,0.5015931883826852,0.015759957757836673,0.09810112859122455,1397,328.0263448581007,0.30826520919799805
1398,4293.106,2023.7233333333324,7286.666666666665,100,100,1012,2.2795672922785366,7.200263504611329,2.5140926837921143,-2023.7233333333324,-0.017408013169188052,25.268572688102722,0.5580284800380468,0.021512691972020548,0.10802283673547208,1398,328.0312681522728,0.30826520919799805
1399,4296.242,1998.3433333333337,7127.0,100,100,1008,2.4043030790626143,7.070436507936508,2.625612258911133,-1998.3433333333337,-0.018767055415082723,33.17010670900345,0.5051531037315726,0.046833347718347795,0.13167317723855376,1399,328.0264677892858,0.30826520919799805
1400,4302.703,2057.41,7072.333333333331,100,100,1009,2.2214819618101105,7.009250082590021,2.4475080966949463,-2057.41,-0.013863575470168144,40.30257302522659,0.5818250169977546,0.027811698368168436,0.08919602981768548,1400,328.03582887710576,0.30826520919799805
1401,4305.784,1936.9999999999989,6989.666666666668,100,100,1007,2.346083118493346,6.941079112876532,2.5627963542938232,-1936.9999999999989,-0.0173840390634723,30.542629420757294,0.5160027798265219,0.0533461490413174,0.1051466919016093,1401,327.767753046669,0.30826520919799805
1402,4308.827,1944.1866666666676,7077.333333333333,100,100,1010,2.315746141265672,7.007260726072607,2.543509006500244,-1944.1866666666676,-0.009603653685189784,33.29156529903412,0.5231987247243524,0.03664057562855305,0.09365234349388629,1402,327.7706133091449,0.30826520919799805
1403,4311.722,2082.866666666668,7230.666666666663,100,100,1005,2.2017096504059372,7.194693200663346,2.4190871715545654,-2082.866666666668,-0.016703465778846294,37.64902663230896,0.5189122753217816,0.031810236047022045,0.1103081600740552,1403,327.7836791464815,0.30826520919799805
1404,4314.434,1985.3300000000004,7063.999999999996,100,100,1003,2.0105833493420113,7.042871385842469,2.2175800800323486,-1985.3300000000004,-0.019784138072282076,39.555121183395386,0.5580502636730671,0.024684091767994687,0.10880723153240979,1404,327.81010948423534,0.30826520919799805
1405,4317.13,2023.4533333333334,7060.666666666668,100,100,1003,2.013474577482593,7.039548022598871,2.2193398475646973,-2023.4533333333334,-0.018858426017686725,38.259372532367706,0.4931019861251116,0.0404584962525405,0.12931504379957914,1405,327.837720112753,0.30826520919799805
1406,4319.857,2075.870000000001,7120.333333333332,100,100,1004,2.0202934246629,7.0919654714475415,2.233774423599243,-2075.870000000001,-0.014027260593138635,56.896183013916016,0.4934181794524193,0.023527222845586948,0.08993252855725586,1406,327.8632026261109,0.30826520919799805
1407,4322.627,1967.2533333333317,7051.333333333334,100,100,1011,2.0456497501499,6.974612594790637,2.2749054431915283,-1967.2533333333317,-0.0103540716227144,29.470971643924713,0.4464662242680788,0.026876662945142016,0.1208831190597266,1407,327.8869590215673,0.30826520919799805
1408,4325.386,1996.5966666666654,7159.0,100,100,1008,2.034940574727472,7.1021825396825395,2.2555525302886963,-1996.5966666666654,-0.010197868279647082,41.85258024930954,0.4402166251093149,0.04466462709387997,0.09163411473855376,1408,327.9108414220179,0.30826520919799805
1409,4328.094,1950.8533333333332,7106.999999999997,100,100,1007,2.0168370418361543,7.057596822244287,2.2299110889434814,-1950.8533333333332,-0.013600602862425148,38.430271208286285,0.42672489397227764,0.03988399732770631,0.09618101711384952,1409,327.9383578142221,0.30826520919799805
1410,4334.021,1974.6266666666663,7151.000000000001,100,100,1011,2.0335334332191874,7.073194856577647,2.2563931941986084,-1974.6266666666663,-0.014618825225625187,23.26868188381195,0.44811841659247875,0.05396629017195664,0.09768497257027775,1410,327.9645527541573,0.30826520919799805
1411,4336.747,1967.553333333333,7116.333333333329,100,100,1006,2.015866797693281,7.073889993373091,2.229429244995117,-1967.553333333333,-0.01238918030867353,29.68999606370926,0.48015702329576015,0.04869263885484543,0.09009850537404418,1411,327.7491043390997,0.30826520919799805
1412,4339.488,2023.2666666666667,7271.666666666665,100,100,1005,2.0263023893418373,7.235489220563846,2.24000883102417,-2023.2666666666667,-0.013287851761560887,30.387823283672333,0.511573770083487,0.04501350727514364,0.07594401045935228,1412,327.7737048768773,0.30826520919799805
1413,4342.199,1874.9233333333343,6763.666666666662,100,100,1006,2.021340753051784,6.723326706428094,2.232975959777832,-1874.9233333333343,-0.020940020331181586,30.54306972026825,0.48391533829271793,0.038465054174594115,0.10357931384351104,1413,327.800693387804,0.30826520919799805
1414,4344.904,2023.3333333333337,7270.333333333334,100,100,1005,2.0018046780892496,7.234162520729686,2.2122151851654053,-2023.3333333333337,-0.01216598052997142,25.235713839530945,0.5585404578596354,0.04295125954740797,0.0980468753259629,1414,327.82796923801635,0.30826520919799805
1415,4347.585,2169.4333333333343,7314.333333333333,100,100,1004,1.995216734244477,7.285192563081009,2.207322359085083,-2169.4333333333343,-0.014253973495215178,37.90266692638397,0.6183530567213893,0.02504238882829668,0.09006569627672434,1415,327.8567119789959,0.30826520919799805
1416,4350.264,2119.5966666666664,7253.666666666669,100,100,1009,1.9764783922573634,7.1889659729104745,2.2003419399261475,-2119.5966666666664,-0.018270680913701653,40.27826935052872,0.5793809043243527,0.01764340777299367,0.08641581621486694,1416,327.88674848588033,0.30826520919799805
1417,4352.98,1945.6466666666665,7024.333333333332,100,100,1009,2.0068094144253164,6.961678229269903,2.2277936935424805,-1945.6466666666665,-0.013744860334554687,34.382930397987366,0.5711637549102306,0.021679922108432947,0.08953483711229637,1417,327.9139453480727,0.30826520919799805
1418,4355.676,1956.240000000001,7125.333333333333,100,100,1011,1.9957220592212694,7.047807451368282,2.218026638031006,-1956.240000000001,-0.016061306771007366,41.70880579948425,0.551263309083879,0.04943449277197942,0.10745059768669307,1418,327.9431449652232,0.30826520919799805
1419,4358.38,2091.14,7336.333333333333,100,100,1005,2.0029350245297324,7.299834162520729,2.2161331176757812,-2091.14,-0.007866705651395023,32.1150027513504,0.5630427803844213,0.016976830120256636,0.09601779538206756,1419,327.97022192892007,0.30826520919799805
1420,4364.291,2023.1799999999996,7079.666666666664,100,100,1006,2.0262979108249586,7.037442014579189,2.2421107292175293,-2023.1799999999996,-0.014185164123773575,33.52983772754669,0.576989371329546,0.027625823000562377,0.08678668504580855,1420,327.99649878608545,0.30826520919799805
1421,4367.018,2059.1633333333334,7033.33333333333,100,100,1004,2.021455877684094,7.005312084993357,2.2333998680114746,-2059.1633333333334,-0.012226245948113501,34.65096443891525,0.6075642006471753,0.02928696695016697,0.09121981565840542,1421,327.7817835174524,0.30826520919799805
1422,4369.716,2088.0366666666664,7198.666666666666,100,100,1005,2.002269552038306,7.1628524046434485,2.217512845993042,-2088.0366666666664,-0.015948200307320803,38.33007037639618,0.5282047558575869,0.04888604518055217,0.0756618925370276,1422,327.8094181343112,0.30826520919799805
1423,4372.377,2023.696666666666,6976.666666666667,100,100,1006,1.9549596412468397,6.9350563286945,2.168607711791992,-2023.696666666666,-0.014974970486946404,44.46406435966492,0.5548632862046361,0.009481270804826636,0.08687160350382328,1423,327.83997762525763,0.30826520919799805
1424,4375.001,1986.4766666666658,7168.333333333332,100,100,1007,1.9383549152909525,7.118503806686526,2.1524388790130615,-1986.4766666666658,-0.015148046048125252,43.898544907569885,0.4864652594551444,0.020891138090519235,0.08623877970967442,1424,327.87352845777195,0.30826520919799805
1425,4377.646,1953.0733333333337,7072.666666666668,100,100,1007,1.9613414113349703,7.02350215160543,2.1734979152679443,-1953.0733333333337,-0.014729731337865815,39.10089123249054,0.477276761084795,0.04111122691028868,0.08362076128832996,1425,327.905488737455,0.30826520919799805
1426,4380.253,1929.8499999999997,7012.000000000003,100,100,1002,1.9229508976139753,6.9980039920159705,2.124241352081299,-1929.8499999999997,-0.01924031847738661,34.32023388147354,0.4902998087927699,0.04929193705902435,0.0941220240201801,1426,327.9390642079125,0.30826520919799805
1427,4382.902,2018.8399999999995,7271.666666666666,100,100,1008,1.9454923612000938,7.213955026455026,2.161745071411133,-2018.8399999999995,-0.01579106622375548,32.51123917102814,0.5132271200418472,0.0532185056435992,0.0862630212213844,1427,327.97080250562533,0.30826520919799805
1428,4385.515,1996.6733333333336,7114.333333333334,100,100,1008,1.9241506926759722,7.057870370370371,2.1394524574279785,-1996.6733333333336,-0.013969479856314138,34.56481593847275,0.5136216785758734,0.046137709920003545,0.10335286520421505,1428,328.0052631108181,0.30826520919799805
1429,4388.148,1950.6399999999987,7014.999999999998,100,100,1010,1.9391793040743117,6.945544554455444,2.15871524810791,-1950.6399999999987,-0.012787319894414395,29.77758491039276,0.49018820747733116,0.01783941423491342,0.08011718711350113,1429,328.0386289910893,0.30826520919799805
1430,4393.851,1967.8133333333335,7095.333333333337,100,100,1006,1.942737277034322,7.053015241882044,2.1548609733581543,-1967.8133333333335,-0.012052307778503746,33.1156280040741,0.494643441401422,0.0529650093667442,0.09094769041985273,1430,328.07023146068593,0.30826520919799805
1431,4396.505,1993.9800000000005,7101.333333333335,100,100,1010,1.9407475245009997,7.0310231023102325,2.1622514724731445,-1993.9800000000005,-0.009394267981406301,32.114370226860046,0.45711575634777546,0.06480208940047305,0.08166015602182597,1431,327.87368819558856,0.30826520919799805
1432,4399.147,2063.2699999999995,7121.666666666667,100,100,1006,1.9519593417144585,7.079191517561299,2.167452335357666,-2063.2699999999995,-0.015112377412151545,33.6909983754158,0.586568864993751,0.040687012136913836,0.07430366845801473,1432,327.9053886353376,0.30826520919799805
1433,4401.886,2115.0999999999995,7256.666666666664,100,100,1002,2.0167514952057655,7.242182302062539,2.2229042053222656,-2115.0999999999995,-0.015224957431200892,39.76501107215881,0.6117387590929866,0.02814592789945891,0.09312221012078226,1433,327.92894688691644,0.30826520919799805
1434,4404.947,2017.7466666666658,7171.666666666668,100,100,1008,2.272707242347736,7.114748677248678,2.493393898010254,-2017.7466666666658,-0.008478596806526184,25.039757639169693,0.5124557754024863,0.07632548088440672,0.10481770848855376,1434,327.9299300719839,0.30826520919799805
1435,4408.099,1864.3599999999994,7141.666666666664,100,100,1009,2.4272809711970735,7.077964981830193,2.648190975189209,-1864.3599999999994,-0.010497193317860365,37.48817592859268,0.4928869465366006,0.04009790812051506,0.09095982112921774,1435,327.9243820301752,0.30826520919799805
1436,4411.179,1967.9100000000003,6997.666666666669,100,100,1004,2.3679673294648085,6.969787516600268,2.578566074371338,-1967.9100000000003,-0.013139372909790836,34.08174216747284,0.550523973070085,0.031159875721641583,0.08136541186831892,1436,327.9229919768562,0.30826520919799805
1437,4414.122,1937.75,7114.000000000002,100,100,1005,2.206638805679421,7.0786069651741315,2.4211902618408203,-1937.75,-0.01659483154071495,25.102013647556305,0.5334244379773736,0.041546050713805016,0.09635416697710752,1437,327.9320034832928,0.30826520919799805
1438,4417.073,1892.8033333333326,6828.666666666668,100,100,1006,2.2188014921104577,6.7879390324718365,2.429388999938965,-1892.8033333333326,-0.011233954108320177,36.46415728330612,0.45905429124832153,0.08067330990161281,0.08256199047900736,1438,327.9406667962292,0.30826520919799805
1439,4420.235,2007.5666666666657,7309.666666666669,100,100,1007,2.425203375682945,7.2588546838795125,2.6468052864074707,-2007.5666666666657,-0.012515115784481168,37.1241055727005,0.5676840394735336,0.033166428889671806,0.0906333108432591,1439,327.9339218430671,0.30826520919799805
1440,4426.78,1890.833333333333,6867.999999999997,100,100,1010,2.3543300977354815,6.799999999999997,2.5758066177368164,-1890.833333333333,-0.01761794975027442,32.0617949962616,0.4805923840031028,0.08832185147548444,0.10369140619877726,1440,327.9329634429402,0.30826520919799805
1441,4429.782,2005.4833333333354,7244.66666666667,100,100,1012,2.2592967390607335,7.158761528326749,2.488837242126465,-2005.4833333333354,-0.01723262429004535,28.965614914894104,0.4176691360771656,0.13145860549411736,0.07707331754500046,1441,327.6835876479809,0.30826520919799805
1442,4432.574,1946.0700000000008,7072.666666666668,100,100,1010,2.0937264356347227,7.002640264026404,2.313962459564209,-1946.0700000000008,-0.015230584307573736,23.895016849040985,0.3843554640188813,0.06364556236803764,0.09273437480442226,1442,327.70507618175736,0.30826520919799805
1443,4435.293,2014.9833333333333,7327.333333333333,100,100,1015,2.0092048267076903,7.219047619047619,2.241406202316284,-2014.9833333333333,-0.01265915238764137,29.563217878341675,0.4818728622049093,0.041625979625678156,0.07875532633624971,1443,327.7330368373398,0.30826520919799805
1444,4438.118,1944.9800000000002,7067.666666666668,100,100,1018,2.109826621228979,6.942698100851343,2.3482227325439453,-1944.9800000000002,-0.01537529838969931,36.36585134267807,0.49483304750174284,0.04189065243554069,0.0806337553076446,1444,327.7538032102388,0.30826520919799805
1445,4440.837,1835.3366666666684,6894.666666666672,100,100,1017,1.9931887917956859,6.779416584726325,2.223565101623535,-1835.3366666666684,-0.013606900349259377,28.188701450824738,0.4347056867554784,0.0701156276918482,0.07707134052179754,1445,327.78209557331377,0.30826520919799805
1446,4443.553,1855.4066666666677,7070.000000000005,100,100,1011,2.016266667777829,6.993076162215632,2.2384676933288574,-1855.4066666666677,-0.015053235634695739,33.49506324529648,0.5268808072432876,0.06347764769088826,0.07766544166952372,1446,327.8092822537306,0.30826520919799805
1447,4446.253,1871.8933333333332,6962.333333333337,100,100,1011,2.0020064336139964,6.8865809429607685,2.219599485397339,-1871.8933333333332,-0.014943613787181675,28.89431083202362,0.5596551969647408,0.09739477834955323,0.07020718470448628,1447,327.8376271287433,0.30826520919799805
1448,4448.953,2097.4599999999996,7331.999999999999,100,100,1009,1.978192665098222,7.266600594648166,2.2018790245056152,-2097.4599999999996,-0.01248184812720865,43.68918436765671,0.612407635897398,0.057045351873966865,0.08322704053716734,1448,327.86546704600505,0.30826520919799805
1449,4451.71,1914.6633333333325,6960.666666666669,100,100,1006,2.0652525839775384,6.91915175612989,2.277350425720215,-1914.6633333333325,-0.0114417978329584,38.4492204785347,0.5588659979403019,0.043447627111163456,0.08383576781488955,1449,327.88837689207173,0.30826520919799805
1450,4457.561,1903.783333333334,7006.999999999997,100,100,1006,1.979778032883202,6.965208747514908,2.1891162395477295,-1903.783333333334,-0.01713299355469644,25.528485596179962,0.5387982800602913,0.040468851242621895,0.09281589684542269,1450,327.91683203859867,0.30826520919799805
1451,4460.345,1945.0433333333328,7056.666666666664,100,100,1011,2.0669420351321293,6.979887899769203,2.294931173324585,-1945.0433333333328,-0.01632018608506769,36.604134261608124,0.5415796721354127,0.06481871406867867,0.08058555470779538,1451,327.7057822658324,0.30826520919799805
1452,4463.036,1879.64,6922.66666666667,100,100,1009,1.9914988093530415,6.860918401057155,2.205024003982544,-1879.64,-0.008018477528821677,27.329659819602966,0.5364947197958827,0.06569904446223518,0.10320671228691936,1452,327.73429102575955,0.30826520919799805
1453,4465.722,1997.509999999999,7150.666666666668,100,100,1014,1.98209861704907,7.0519395134779765,2.209498405456543,-1997.509999999999,-0.017416392685845494,37.270599722862244,0.512830444611609,0.04099227923870785,0.08675130223855376,1453,327.76432917309063,0.30826520919799805
1454,4468.443,1993.6166666666672,7037.333333333336,100,100,1016,1.9915599413087781,6.9265091863517085,2.2251968383789062,-1993.6166666666672,-0.01641739482874982,29.833997547626495,0.5334198661148548,0.03643426911003189,0.07924107182770967,1454,327.79205436737124,0.30826520919799805
1455,4471.131,1897.4266666666665,7182.333333333338,100,100,1012,1.9803048396094707,7.097167325428199,2.200698137283325,-1897.4266666666665,-0.010530080064199865,20.607908368110657,0.6046780627220869,0.03656242952274624,0.075345553108491,1455,327.82129002724855,0.30826520919799805
1456,4473.861,1879.5833333333326,7035.666666666663,100,100,1013,2.0018585397689974,6.945376768673903,2.2266976833343506,-1879.5833333333326,-0.011347679130267352,21.59676143527031,0.4935696581378579,0.06280671321655973,0.09319722885265946,1456,327.8476614087664,0.30826520919799805
1457,4476.54,1831.493333333333,6723.666666666668,100,100,1010,1.9865582188785003,6.657095709570958,2.1996867656707764,-1831.493333333333,-0.009568630543071777,29.31853073835373,0.49057938531041145,0.09046989260241389,0.0967773434240371,1457,327.8770964970907,0.30826520919799805
1458,4479.238,1802.9633333333345,6835.000000000003,100,100,1011,2.002072501439384,6.760633036597431,2.2187623977661133,-1802.9633333333345,-0.01360463013406843,36.21045243740082,0.4537084149196744,0.05457701804698445,0.09414254012517631,1458,327.9052972812941,0.30826520919799805
1459,4481.96,1960.1533333333334,7153.333333333334,100,100,1012,1.9912449603903994,7.068511198945982,2.2104063034057617,-1960.1533333333334,-0.011169485631398857,32.496482133865356,0.501998701132834,0.05596922162203555,0.07136418286245316,1459,327.93200866766233,0.30826520919799805
1460,4487.85,1962.636666666666,7062.333333333331,100,100,1011,1.9955236397261715,6.985492911308933,2.2153310775756836,-1962.636666666666,-0.016702340333722532,33.42724251747131,0.5702135004103184,0.04014057749736821,0.10513365548104048,1460,327.9597978818987,0.30826520919799805
1461,4490.511,1873.5266666666655,6808.666666666663,100,100,1011,1.9570572681045186,6.73458621826574,2.177363157272339,-1873.5266666666655,-0.011912576737813652,33.47531747817993,0.5664569120854139,0.02037704351823777,0.08998736226931214,1461,327.75782063076497,0.30826520919799805
1462,4493.146,1905.7900000000006,7106.999999999999,100,100,1015,1.9335465009090276,7.0019704433497525,2.159003257751465,-1905.7900000000006,-0.012920230336021632,23.13112860918045,0.5731657538563013,0.01910029092687182,0.06622869311831892,1462,327.7915169294671,0.30826520919799805
1463,4495.802,1992.3100000000006,7082.000000000004,100,100,1013,1.9471633775749952,6.991115498519253,2.170039415359497,-1992.3100000000006,-0.016572992550209165,33.39621031284332,0.5493941409513354,0.019512061997374985,0.10426186630502343,1463,327.82316277670833,0.30826520919799805
1464,4498.427,1983.7266666666665,7304.666666666665,100,100,1016,1.918861022132896,7.189632545931757,2.1475040912628174,-1983.7266666666665,-0.01112621696665883,30.107138097286224,0.5852427389472723,0.06962612202914897,0.0912388397846371,1464,327.8577931281051,0.30826520919799805
1465,4501.076,1999.1233333333328,7201.66666666667,100,100,1014,1.9439249506121028,7.1022353714661435,2.167919397354126,-1999.1233333333328,-0.009199501248076558,28.38884001970291,0.6322228638455272,0.044908369847689755,0.09684244776144624,1465,327.8900510126957,0.30826520919799805
1466,4503.79,1927.4966666666671,7086.666666666667,100,100,1016,1.9609860228658764,6.975065616797901,2.191718578338623,-1927.4966666666671,-0.014324649528134614,29.196446806192398,0.6154238320887089,0.08922741194692208,0.08635602705180645,1466,327.9180167927001,0.30826520919799805
1467,4506.448,1983.6633333333334,7147.666666666667,100,100,1015,1.9520288683116216,7.042036124794746,2.182851552963257,-1983.6633333333334,-0.012963319080881774,47.8054164648056,0.6592746740207076,0.05390849024115596,0.08721590880304575,1467,327.94988526532813,0.30826520919799805
1468,4509.066,1939.5266666666666,7100.666666666664,100,100,1010,1.9214703972303853,7.030363036303628,2.138261079788208,-1939.5266666666666,-0.013670671673025936,29.574032485485077,0.6265993397682905,0.05467602883436484,0.09937499987427145,1468,327.98346358725996,0.30826520919799805
1469,4511.693,1957.8300000000004,6961.000000000003,100,100,1012,1.932241996817416,6.8784584980237184,2.151970148086548,-1957.8300000000004,-0.014321779366582632,31.442399322986603,0.6337753776460886,0.04279959961422719,0.08653846196830273,1469,328.0168048418717,0.30826520919799805
1470,4517.41,1977.2533333333333,7113.666666666671,100,100,1015,1.9559633492588484,7.008538587848936,2.1831510066986084,-1977.2533333333333,-0.015849821851588786,30.421553194522858,0.6153177376836538,0.02462810093857115,0.09047407662728801,1470,328.0476417940215,0.30826520919799805
1471,4520.046,1965.0933333333326,7098.333333333336,100,100,1015,1.927912412119543,6.993431855500823,2.1557352542877197,-1965.0933333333326,-0.012942031724378467,23.369585782289505,0.6047721179202199,0.050633268559977296,0.10609019827097654,1471,327.85978139180617,0.30826520919799805
1472,4523.088,1918.8366666666655,7017.333333333336,100,100,1008,2.3229414693473482,6.961640211640214,2.540989875793457,-1918.8366666666655,-0.014180146623402834,20.980566561222076,0.5905650947242975,0.0392286723581492,0.06982421886641532,1472,327.862062317577,0.30826520919799805
1473,4526.196,1903.2533333333347,7159.999999999997,100,100,1012,2.380930140141486,7.075098814229246,2.6085472106933594,-1903.2533333333347,-0.006927260081283748,27.30288392305374,0.6159308291971684,0.028750217214110307,0.08571213961113244,1473,327.8605344529224,0.30826520919799805
1474,4529.158,1969.0633333333335,6978.666666666666,100,100,1006,2.230877933420137,6.9370444002650755,2.4457907676696777,-1969.0633333333335,-0.009248384740203619,41.59748035669327,0.6142363445833325,0.03707271812891122,0.08636209229007363,1474,327.86831690849317,0.30826520919799805
1475,4532.196,1954.0566666666675,7064.666666666668,100,100,1004,2.3086080702153438,7.036520584329351,2.5197336673736572,-1954.0566666666675,-0.0015055611147545278,36.57268553972244,0.5978566240519285,0.06536742693424458,0.07484019896946847,1475,327.86995779622123,0.30826520919799805
1476,4535.458,1935.4366666666665,7039.000000000002,100,100,1018,2.4861917488619114,6.914538310412575,2.734206438064575,-1935.4366666666665,-0.013815313228406012,35.19320845603943,0.5742075825110078,0.01363169780233875,0.05519261851441115,1476,327.858614090278,0.30826520919799805
1477,4538.557,1982.3866666666672,7185.999999999998,100,100,1009,2.3712905848858465,7.121902874132803,2.5954983234405518,-1982.3866666666672,-0.023005025810562074,26.33113557100296,0.6578296618536115,0.02053466101642698,0.06989397306460887,1477,327.85706935782713,0.30826520919799805
1478,4541.483,1932.8899999999996,7037.666666666666,100,100,1010,2.204914059430029,6.967986798679868,2.4276959896087646,-1932.8899999999996,-0.019565689435694367,23.662241280078888,0.6407856158912182,0.033151898584037554,0.08472656249068677,1478,327.8682248212987,0.30826520919799805
1479,4544.556,1884.426666666666,6950.333333333334,100,100,1013,2.3336968387441246,6.861138532411978,2.5633420944213867,-1884.426666666666,-0.014466356544289738,26.723469614982605,0.5848062606528401,0.053680851218814496,0.09223909210413694,1479,327.86945457621306,0.30826520919799805
1480,4551.367,1956.7866666666655,6951.333333333337,100,100,1011,2.4159723008696345,6.87570062644247,2.646369218826294,-1956.7866666666655,-0.01376067177625373,31.176799595355988,0.5070599922910333,0.03931118772379705,0.07839307631365955,1480,327.8642133941258,0.30826520919799805
1481,4554.446,1904.3333333333328,6829.666666666664,100,100,1011,2.3368148377964792,6.755357731618857,2.5638697147369385,-1904.3333333333328,-0.011689498162013479,25.06993079185486,0.6564957546070218,0.06049680881551467,0.08144722762517631,1481,327.6014610243191,0.30826520919799805
1482,4557.457,2001.8633333333328,7071.666666666666,100,100,1003,2.281970787628118,7.050515121302758,2.4925270080566406,-2001.8633333333328,-0.011200982437003404,31.9961696267128,0.6252730926498771,0.06479611931717955,0.08540379733312875,1482,327.60508107446145,0.30826520919799805
1483,4560.361,1912.7366666666662,7074.666666666667,100,100,1010,2.1787424772369244,7.004620462046205,2.3994035720825195,-1912.7366666666662,-0.02098530053626746,21.235106110572815,0.6935814283788204,0.07972883808542974,0.12607421865686774,1483,327.61789458767873,0.30826520919799805
1484,4563.386,2043.5066666666673,7119.999999999998,100,100,1015,2.2703063066388145,7.014778325123151,2.5110840797424316,-2043.5066666666673,-0.01644136180402711,36.00675803422928,0.762316582724452,0.0063478659867541865,0.059881036868318915,1484,327.6231660378604,0.30826520919799805
1485,4566.509,2017.6800000000012,7138.333333333334,100,100,1011,2.389759448141368,7.060666007253545,2.618840456008911,-2017.6800000000012,-0.014029428653884679,22.169518798589706,0.6915256772190332,0.033278297927608946,0.05384497554041445,1485,327.6204856717558,0.30826520919799805
1486,4569.581,1959.0333333333335,6944.0,100,100,1009,2.3342345877457316,6.882061446977205,2.5588340759277344,-1959.0333333333335,-0.01702763861976564,39.33684903383255,0.7040298376232386,0.0492222388729715,0.04942602035589516,1486,327.6210984983831,0.30826520919799805
1487,4572.523,2020.443333333335,7159.333333333336,100,100,1015,2.2095792113661106,7.053530377668311,2.4498610496520996,-2020.443333333335,-0.016627468052320182,24.38159453868866,0.6993364598602057,0.029406454152194783,0.060129616409540176,1487,327.632275062176,0.30826520919799805
1488,4575.498,2081.0433333333335,7167.666666666663,100,100,1010,2.2410185137385557,7.096699669966993,2.4692375659942627,-2081.0433333333335,-0.01316599058918655,38.26235508918762,0.7110568806529045,0.037600579740683315,0.07097656233236194,1488,327.64001886037744,0.30826520919799805
1489,4578.678,1954.236666666667,7264.33333333333,100,100,1012,2.4195812257667524,7.178194993412382,2.654287099838257,-1954.236666666667,-0.018447171023581177,32.712743401527405,0.6902854489162564,0.06548823737830389,0.13345102174207568,1489,327.6334025103216,0.30826520919799805
1490,4585.536,2070.399999999999,7206.999999999996,100,100,1010,2.3860140594118966,7.135643564356432,2.618859052658081,-2070.399999999999,-0.014788447180762887,41.77067881822586,0.7055491767823696,0.044695598968246486,0.07726562477182597,1490,327.6289547003024,0.30826520919799805
1491,4588.642,2046.1033333333335,7197.33333333333,100,100,1008,2.3729096213910017,7.140211640211637,2.5965473651885986,-2046.1033333333335,-0.01902162577607669,24.6650111079216,0.7254037093371153,0.03691072011861252,0.08512369793606922,1491,327.3617730917496,0.30826520919799805
1492,4591.69,2026.4399999999994,7142.333333333333,100,100,1005,2.3067328357253576,7.106799336650083,2.522740364074707,-2026.4399999999994,-0.016663007671013474,42.84677094221115,0.6785551980137825,0.01810029288753867,0.08262803830439225,1492,327.3633591843247,0.30826520919799805
1493,4594.726,2000.9800000000005,7072.000000000001,100,100,1008,2.2972611103406444,7.015873015873017,2.520721197128296,-2000.9800000000005,-0.014457366545684636,34.38086622953415,0.6559977391734719,0.04751492030482041,0.08479817712213844,1493,327.36639899523175,0.30826520919799805
1494,4597.926,2037.6600000000005,7194.333333333336,100,100,1006,2.462897715774396,7.151424784625582,2.6832644939422607,-2037.6600000000005,-0.0165484199533239,36.97999024391174,0.5995241291821003,0.07237837187858531,0.07642663037404418,1494,327.35734384118524,0.30826520919799805
1495,4601.072,1967.5300000000007,7163.000000000002,100,100,1006,2.427200003222527,7.120278330019882,2.6438114643096924,-1967.5300000000007,-0.018605228047817945,34.46788728237152,0.5819086357951164,0.04184096561584738,0.09485394041985273,1495,327.3521707122454,0.30826520919799805
1496,4604.045,2056.0199999999986,7310.333333333328,100,100,1003,2.2628317073596675,7.2884679295446935,2.4716084003448486,-2056.0199999999986,-0.017551805911352858,43.1438113451004,0.6370162907987833,0.03281901522677799,0.0866301782662049,1496,327.3586324846122,0.30826520919799805
1497,4607.063,1977.433333333334,7159.333333333329,100,100,1012,2.280594269020792,7.074440052700918,2.5093438625335693,-1977.433333333334,-0.014492129150312394,31.65152382850647,0.5686642425134778,0.05983674817252904,0.08766526455292478,1497,327.3638750469619,0.30826520919799805
1498,4610.202,2021.7,7084.000000000003,100,100,1007,2.4077096307056456,7.034756703078454,2.6277453899383545,-2021.7,-0.011270533548668027,31.55660879611969,0.6168292434886098,0.04023194747423986,0.08681017253547907,1498,327.3594295460526,0.30826520919799805
1499,4612.967,2023.0733333333314,7176.666666666663,100,100,1009,2.041216944764314,7.112652791542779,2.265119791030884,-2023.0733333333314,-0.012092023040167987,48.7928204536438,0.5574444467201829,0.05527251699822955,0.0860072544310242,1499,327.38190084730115,0.30826520919799805
1500,4618.754,1916.070000000001,7102.000000000004,100,100,1002,1.9751051867226448,7.087824351297408,2.177079439163208,-1916.070000000001,-0.014964650385081768,34.00597131252289,0.6213437197729945,0.0405472066195216,0.08358909981325269,1500,327.4102787547211,0.30826520919799805
1501,4621.442,2014.7400000000007,7115.666666666666,100,100,1009,1.9614887016532783,7.05219689461513,2.181797981262207,-2014.7400000000007,-0.014981465297751129,33.03622621297836,0.6498815240338445,0.03130108457116876,0.07316246815025806,1501,327.2167973222984,0.30826520919799805
1502,4624.121,1983.0499999999997,7045.333333333332,100,100,1007,1.9724875853407124,6.996358821582256,2.1879892349243164,-1983.0499999999997,-0.019081423874013126,29.660434424877167,0.6834824550896883,0.01666564763581846,0.07873794861370698,1502,327.2448866260589,0.30826520919799805
1503,4626.787,2001.5599999999986,7041.333333333337,100,100,1004,1.9667537855559523,7.013280212483403,2.173750638961792,-2001.5599999999986,-0.00830778043018654,51.87569773197174,0.6321080606430769,0.030363632475200575,0.08793501439504325,1503,327.2733211999273,0.30826520919799805
1504,4629.431,1996.0233333333329,7140.666666666666,100,100,1013,1.936007010210802,7.049029285949325,2.1645169258117676,-1996.0233333333329,-0.017069493333110586,42.51501685380936,0.674967885017395,0.05316675664653303,0.09085716400295496,1504,327.3053308532615,0.30826520919799805
1505,4632.065,1900.6199999999997,6896.000000000001,100,100,1000,1.9568085978971794,6.896000000000001,2.1528141498565674,-1900.6199999999997,-0.020601530908606946,34.78453838825226,0.6302576372399926,0.027707355402526446,0.10898437513969839,1505,327.3350852710302,0.30826520919799805
1506,4634.726,2037.936666666667,7317.33333333333,100,100,1010,1.9571327721921377,7.244884488448842,2.1784353256225586,-2037.936666666667,-0.015137012756895274,28.19778472185135,0.6269594468176365,0.040439740812871605,0.11880859360098839,1506,327.36495667484445,0.30826520919799805
1507,4637.454,1965.5299999999988,7084.666666666668,100,100,1013,1.9981357362535062,6.993747943402436,2.2298500537872314,-1965.5299999999988,-0.013097923889290541,36.13934499025345,0.599107725545764,0.03501036977831973,0.07279075775295496,1507,327.39083516576017,0.30826520919799805
1508,4640.16,1958.979999999999,7084.333333333333,100,100,1010,1.9731357441246877,7.0141914191419135,2.1930296421051025,-1958.979999999999,-0.02038046153029427,37.273852944374084,0.6536415033042431,0.01879420058685355,0.07957031240221113,1508,327.41761350356205,0.30826520919799805
1509,4643.219,1924.663333333334,6892.0,100,100,1009,2.3190513372280965,6.830525272547076,2.5409159660339355,-1924.663333333334,-0.017959746182896197,36.67433941364288,0.5955662904307246,0.03872312229214003,0.08352598827332258,1509,327.4191666089264,0.30826520919799805
1510,4649.928,2047.3166666666664,7260.666666666665,100,100,1015,2.3980264041545283,7.153366174055828,2.6428072452545166,-2047.3166666666664,-0.00791990410652943,49.376837611198425,0.5847876034677029,0.05924205460905796,0.09762961603701115,1510,327.4145679352054,0.30826520919799805
1511,4652.856,1928.3133333333326,7318.333333333336,100,100,1007,2.2042645476739984,7.267461105594177,2.4207923412323,-1928.3133333333326,-0.01568762665556278,33.87590479850769,0.6596446391195059,0.03486557425640058,0.1268907906487584,1511,327.17563346557955,0.30826520919799805
1512,4655.802,2071.619999999999,7083.999999999999,100,100,1003,2.2368142576303227,7.062811565304087,2.4487597942352295,-2071.619999999999,-0.01149558270117268,59.368576765060425,0.5424218336120248,0.03354035273514455,0.11541606113314629,1512,327.1839961004945,0.30826520919799805
1513,4658.922,2038.0933333333337,7169.666666666668,100,100,1008,2.383584821400868,7.112764550264552,2.609285831451416,-2038.0933333333337,-0.009547239285893738,33.31507569551468,0.6351209534332156,0.029484191443771124,0.07080078125,1513,327.1812903438148,0.30826520919799805
1514,4661.955,2058.0966666666664,7188.333333333333,100,100,1006,2.3089444340451086,7.14546056991385,2.5302822589874268,-2058.0966666666664,-0.011089458537753671,42.332334756851196,0.6175333131104708,0.055039560473232996,0.0781674591707997,1514,327.1842000663835,0.30826520919799805
1515,4664.913,1978.6333333333337,7077.666666666669,100,100,1009,2.2116892949638314,7.014535844070038,2.433572292327881,-1978.6333333333337,-0.004784138291142881,27.964709877967834,0.5401380630210042,0.0991541264593252,0.06242028053384274,1515,327.19299667186124,0.30826520919799805
1516,4667.939,2139.296666666666,7309.666666666666,100,100,1009,2.287016647782018,7.244466468450611,2.5187981128692627,-2139.296666666666,-0.017911168397404253,35.09394735097885,0.6413200534880161,0.04419186487211846,0.09418845665641129,1516,327.1971079907892,0.30826520919799805
1517,4671.128,1952.6366666666677,6963.333333333331,100,100,1008,2.459015969107563,6.908068783068781,2.6817612648010254,-1952.6366666666677,-0.006633703655097634,38.64404547214508,0.7241195142269135,0.03334865528086084,0.07845052098855376,1517,327.18952061400955,0.30826520919799805
1518,4673.873,1991.286666666668,7261.333333333337,100,100,1003,2.0370323019211782,7.239614489863746,2.244232177734375,-1991.286666666668,-0.017548918491229415,33.799904346466064,0.7016650410369039,0.04932228391407989,0.06197765248361975,1518,327.2119226477731,0.30826520919799805
1519,4676.608,1976.333333333334,7085.333333333331,100,100,1012,2.0161320154210958,7.001317523056652,2.2420990467071533,-1976.333333333334,-0.013393105124123394,46.252907037734985,0.6478785015642643,0.05460058028984349,0.081204928108491,1519,327.23696825279404,0.30826520919799805
1520,4682.54,1858.5733333333344,6923.33333333333,100,100,1011,2.0228455993038272,6.848005275304976,2.2436485290527344,-1858.5733333333344,-0.007999716413905844,32.12156671285629,0.577205104753375,0.07679835733142681,0.08242379000876099,1520,327.2610171951659,0.30826520919799805
1521,4685.296,2056.6366666666668,7215.333333333335,100,100,1009,2.0355069366024345,7.150974562272879,2.2604854106903076,-2056.6366666666668,-0.014112139702774584,34.73998576402664,0.6627705255523324,0.04235811513353838,0.1178152896463871,1521,327.06131753700333,0.30826520919799805
1522,4688.029,2046.0099999999998,7272.000000000001,100,100,1004,2.038544022795407,7.243027888446216,2.251434803009033,-2046.0099999999998,-0.016792538517620414,40.694980800151825,0.6570075200870633,0.03414537572825793,0.07208806835114956,1522,327.0847810960267,0.30826520919799805
1523,4690.793,1917.9733333333343,6903.000000000005,100,100,1012,2.0494946620745487,6.8211462450592935,2.273507595062256,-1917.9733333333343,-0.004651673953048885,34.42258423566818,0.6600028686225414,0.029931328841485083,0.09221003635320812,1523,327.107802210255,0.30826520919799805
1524,4693.51,2023.5700000000004,6936.33333333333,100,100,1006,2.0198663015050027,6.894963552021203,2.2343411445617676,-2023.5700000000004,-0.015179087640717626,39.56530898809433,0.6803827602416277,0.02366982915555127,0.08472741185687482,1524,327.1327771266856,0.30826520919799805
1525,4696.257,1937.6199999999997,7172.666666666664,100,100,1004,2.0444228087062113,7.144090305444885,2.2511324882507324,-1937.6199999999997,-0.008105860091745853,24.94776350259781,0.5741700520738959,0.06339871257659979,0.08229758543893695,1525,327.15523749826224,0.30826520919799805
1526,4699.034,2059.5000000000005,7296.000000000001,100,100,1009,2.0416883049796755,7.230921704658078,2.2659757137298584,-2059.5000000000005,-0.01268866311875172,36.229973673820496,0.6592042874544859,0.07110831458703615,0.09832389978691936,1526,327.1766355278127,0.30826520919799805
1527,4701.789,2026.973333333334,7324.333333333335,100,100,1009,2.037228047603149,7.259002312520649,2.257823944091797,-2026.973333333334,-0.014235206239391118,35.709911465644836,0.568409257568419,0.028330121291219257,0.09411870199255645,1527,327.19952301062017,0.30826520919799805
1528,4704.503,2003.6400000000003,7135.333333333333,100,100,1008,2.011533332286432,7.078703703703703,2.229616641998291,-2003.6400000000003,-0.019260581873822957,35.73040288686752,0.5656620850786567,0.04794469803891843,0.09928385447710752,1528,327.22497936325084,0.30826520919799805
1529,4707.226,2011.68,7065.333333333333,100,100,1013,2.0109386975589225,6.974662717999341,2.2377493381500244,-2011.68,-0.016634805680951104,32.2010697722435,0.6521037723869085,0.04385606219875626,0.11335495300590992,1529,327.25088575509574,0.30826520919799805
1530,4713.098,2113.7900000000013,7533.0000000000055,100,100,1008,1.9951552591038986,7.473214285714291,2.2163286209106445,-2113.7900000000013,-0.010860647191293538,44.71576005220413,0.6312669878825545,0.02397876197937876,0.09619140648283064,1530,327.2761300529911,0.30826520919799805
1531,4715.82,2060.7099999999996,7126.666666666668,100,100,1004,2.0047791830479236,7.098273572377159,2.2161238193511963,-2060.7099999999996,-0.012200611643493176,33.97870683670044,0.6297613773494959,0.02527475231909193,0.08349609375,1531,327.0811742214134,0.30826520919799805
1532,4718.528,2071.883333333332,7251.999999999997,100,100,1009,2.0023239833026816,7.187314172447966,2.224346160888672,-2071.883333333332,-0.009250466944649816,45.76498734951019,0.6706041917204857,0.04072987704057596,0.08112444198923185,1532,327.10729832479666,0.30826520919799805
1533,4721.213,1892.4099999999996,6857.000000000001,100,100,1009,1.9839768120520578,6.79583746283449,2.1988120079040527,-1892.4099999999996,-0.016055547108408064,34.93512976169586,0.6065257247537374,0.04858817343483679,0.08975406549870968,1533,327.13499573075774,0.30826520919799805
1534,4723.921,1931.830000000001,7081.333333333337,100,100,1014,1.9810981267817038,6.98356344510191,2.2092113494873047,-1931.830000000001,-0.010331636178307235,25.600692212581635,0.5867142789065838,0.08080902453366434,0.09523292840458453,1534,327.16214150976003,0.30826520919799805
1535,4726.624,1946.766666666666,7012.333333333336,100,100,1011,1.987507221133298,6.936036927134852,2.2104947566986084,-1946.766666666666,-0.0054396684281528,28.98015034198761,0.6235337713733315,0.04817389421805274,0.09147135447710752,1535,327.18893880695794,0.30826520919799805
1536,4729.354,1918.2633333333322,6883.333333333337,100,100,1008,2.012748909201325,6.828703703703707,2.228290557861328,-1918.2633333333322,-0.022494720411486924,40.574621081352234,0.5152869774028659,0.08794868793484056,0.1158854168606922,1536,327.2131804905546,0.30826520919799805
1537,4732.028,1991.6899999999991,7026.999999999995,100,100,1010,1.9640251528471708,6.9574257425742525,2.183877944946289,-1991.6899999999991,-0.00898111189599149,33.77127492427826,0.47479665745049715,0.049509239855979104,0.08437499986030161,1537,327.2417550971425,0.30826520919799805
1538,4734.647,1927.1933333333336,7084.333333333332,100,100,1006,1.9317706773764867,7.042080848243869,2.1386537551879883,-1927.1933333333336,-0.015006377769168466,38.31592273712158,0.4340210873633623,0.07655207375137252,0.08472741162404418,1538,327.27316803049933,0.30826520919799805
1539,4737.273,1903.6233333333328,7044.666666666665,100,100,1005,1.9280546279948445,7.009618573797677,2.1336216926574707,-1903.6233333333328,-0.010940345702692866,31.081727147102356,0.5304509634152055,0.037576848459139,0.10627170163206756,1539,327.3039266734494,0.30826520919799805
1540,4742.957,1913.9100000000003,7130.333333333332,100,100,1009,1.9312095132631475,7.0667327386851655,2.1470394134521484,-1913.9100000000003,-0.010963114918013162,35.2453932762146,0.548727267421782,0.018838135605619755,0.10556839918717742,1540,327.3353999221258,0.30826520919799805
1541,4745.583,2090.2100000000028,7403.333333333338,100,100,1006,1.923971968794623,7.359178263750833,2.1382038593292236,-2090.2100000000028,-0.012234943162184209,43.112183570861816,0.5680788708850741,0.0166898533643689,0.08549167821183801,1541,327.15538909003254,0.30826520919799805
1542,4748.197,1864.7666666666673,7005.333333333334,100,100,1005,1.9297720387170267,6.970480928689884,2.13358211517334,-1864.7666666666673,-0.016769199108239263,28.32956701517105,0.5802489770576358,0.030242258770158514,0.0974066840717569,1542,327.18691999061537,0.30826520919799805
1543,4750.83,1942.1500000000012,6860.666666666669,100,100,1005,1.9320131338604574,6.826533996683253,2.139037847518921,-1942.1500000000012,-0.01741751143708825,43.11283576488495,0.5797683587297797,0.03480672774003324,0.08707682299427688,1543,327.217123551311,0.30826520919799805
1544,4753.469,1960.0866666666668,7032.0,100,100,1005,1.9442213933210617,6.997014925373135,2.1575753688812256,-1960.0866666666668,-0.02036862089880742,33.17447507381439,0.6123680640012026,0.04031601070892066,0.11457248288206756,1544,327.2468934200853,0.30826520919799805
1545,4756.1,2025.786666666666,7128.666666666667,100,100,1004,1.9410086654922536,7.100265604249668,2.1473779678344727,-2025.786666666666,-0.02156748645938933,31.969111442565918,0.6734886113554239,0.03198646076270961,0.12451171898283064,1545,327.27698380783187,0.30826520919799805
1546,4758.773,1903.2300000000002,7129.0,100,100,1008,1.9319517837536138,7.072420634920635,2.142841339111328,-1903.2300000000002,-0.012803481862647459,23.999977827072144,0.5072513734921813,0.05145032375003211,0.0914713543606922,1546,327.3050166198747,0.30826520919799805
1547,4761.457,1909.2433333333327,6897.333333333334,100,100,1006,1.9563306140376415,6.856196156394964,2.166224956512451,-1909.2433333333327,-0.022721812478266656,28.398971915245056,0.5567116374149919,0.05241766505059786,0.1072732675820589,1547,327.3317320363379,0.30826520919799805
1548,4764.417,1928.8566666666673,6887.999999999998,100,100,1008,2.217665277255167,6.833333333333331,2.4332263469696045,-1928.8566666666673,-0.023058981605572626,36.44836074113846,0.5934248603880405,0.026972091021889355,0.08056640648283064,1548,327.33995142037526,0.30826520919799805
1549,4767.374,1944.1933333333336,7313.333333333333,100,100,1008,2.226569540595399,7.255291005291005,2.4423842430114746,-1944.1933333333336,-0.019966335617937148,25.688703536987305,0.5164158381521702,0.025033373778569512,0.10807291697710752,1549,327.34833466952125,0.30826520919799805
1550,4774.077,1869.5700000000004,6811.000000000003,100,100,1007,2.3863638529013897,6.763654419066537,2.6014227867126465,-1869.5700000000004,-0.020970415032934397,19.16392832994461,0.5234926911070943,0.04968959768302739,0.09950548526830971,1550,327.3461270045062,0.30826520919799805
1551,4776.982,1915.5899999999992,6900.66666666667,100,100,999,2.2121422387588696,6.907574240907577,2.408601999282837,-1915.5899999999992,-0.01594284945167601,26.53266531229019,0.5178558668121696,0.023971330650965683,0.08519881835673004,1551,327.10986470122685,0.30826520919799805
1552,4780.028,1954.249999999999,7036.666666666662,100,100,1003,2.318821135367028,7.015619807244928,2.5282464027404785,-1954.249999999999,-0.01623296394245699,26.04276943206787,0.5580090973526239,0.02196416105289245,0.11124863754957914,1552,327.1112902068322,0.30826520919799805
1553,4783.13,1878.476666666667,7038.000000000001,100,100,1009,2.3701254716161473,6.975222993062439,2.5902342796325684,-1878.476666666667,-0.016261362325167283,28.021508246660233,0.5278503149747849,0.023739715121337213,0.11883171205408871,1553,327.1100762454523,0.30826520919799805
1554,4786.287,1980.7733333333335,7084.333333333335,100,100,1006,2.412684193986355,7.042080848243872,2.6311473846435547,-1980.7733333333335,-0.014260393218137324,28.138433933258057,0.46849953196942806,0.013521701315767132,0.07137398095801473,1554,327.10453055446936,0.30826520919799805
1555,4789.174,1914.8733333333332,6970.666666666667,100,100,1004,2.1743606580041006,6.942895086321381,2.3820817470550537,-1914.8733333333332,-0.015170900500379503,18.298888474702835,0.5363216325640678,0.01908652138808975,0.07843572460114956,1555,327.1169807744293,0.30826520919799805
1556,4792.057,1961.796666666666,7082.66666666667,100,100,1001,2.177734865335288,7.0755910755910785,2.38148832321167,-1961.796666666666,-0.0074675436480902135,33.876755237579346,0.5200938233174384,0.048983280576067045,0.09773961477912962,1556,327.1290316171882,0.30826520919799805
1557,4794.786,2065.9766666666656,7144.000000000002,100,100,1013,2.0074168811317787,7.052319842053309,2.237830877304077,-2065.9766666666656,-0.020301299169659615,45.15767753124237,0.5090331379324198,0.017618995378143154,0.11130048660561442,1557,327.1541452555085,0.30826520919799805
1558,4797.487,1963.8366666666657,7022.666666666667,100,100,1003,2.0095118651573256,7.001661681621801,2.2141687870025635,-1963.8366666666657,-0.015815828053746372,30.68364727497101,0.48477664962410927,0.04376004526602628,0.083666424266994,1558,327.1790213107339,0.30826520919799805
1559,4800.215,1917.6933333333318,7077.666666666662,100,100,1003,2.0333651055378517,7.056497175141239,2.237485408782959,-1917.6933333333318,-0.01727439637761563,34.05597323179245,0.5180696379393339,0.030631125897343736,0.08002134831622243,1559,327.2020324937238,0.30826520919799805
1560,4806.161,1830.7866666666678,6893.000000000001,100,100,1009,2.0475682892030838,6.83151635282458,2.2710018157958984,-1830.7866666666678,-0.01720028353156522,36.25574445724487,0.4988157907500863,0.03912254602983012,0.09359056083485484,1560,327.22238045117854,0.30826520919799805
1561,4808.88,1961.6333333333328,7043.999999999999,100,100,1004,2.0015051802230697,7.015936254980079,2.2112197875976562,-1961.6333333333328,-0.018453780212439597,32.5268834233284,0.5737359188497066,0.052303224485513056,0.08815696067176759,1561,327.03100350413143,0.30826520919799805
1562,4811.569,1842.3533333333335,6929.666666666669,100,100,1008,1.9892227174418549,6.874669312169314,2.2005834579467773,-1842.3533333333335,-0.017291344702243805,33.31488186120987,0.4946354553103447,0.05060600966680795,0.0908203125,1562,327.0577865843864,0.30826520919799805
1563,4814.28,1923.986666666666,7007.66666666667,100,100,1007,2.0059681212660867,6.958953988745452,2.2178115844726562,-1923.986666666666,-0.019105262152152136,31.515420079231262,0.6023302357643843,0.03613776501151733,0.0961394613259472,1563,327.0827734081186,0.30826520919799805
1564,4816.967,2026.1766666666665,7019.666666666663,100,100,1006,1.9821994039961406,6.977799867461892,2.1953580379486084,-2026.1766666666665,-0.017284465400734916,40.17215609550476,0.595729673281312,0.010566388729785103,0.07710597827099264,1564,327.10917832129786,0.30826520919799805
1565,4819.671,1973.4466666666676,6943.000000000002,100,100,1006,2.0030889663360196,6.9015904572564635,2.2165374755859375,-1973.4466666666676,-0.01584847690537572,45.5781734585762,0.5140963224694133,0.015489041594264563,0.09107506787404418,1565,327.1343734460937,0.30826520919799805
1566,4822.352,1888.3466666666668,6916.000000000003,100,100,1009,1.9624281471098586,6.854311199207139,2.1792547702789307,-1888.3466666666668,-0.012452786322683096,27.28103318810463,0.497891484759748,0.039483223285060376,0.07214604562614113,1566,327.1617409065155,0.30826520919799805
1567,4825.011,1868.1199999999994,6865.666666666665,100,100,1006,1.9647929409868778,6.8247183565275,2.1730051040649414,-1868.1199999999994,-0.01700321181124309,24.13551366329193,0.5778083773329854,0.041840823032543994,0.1139181386679411,1567,327.1899565467156,0.30826520919799805
1568,4827.68,2086.619999999999,7367.0,100,100,1008,1.9669053559367071,7.308531746031746,2.18410325050354,-2086.619999999999,-0.01990297721931711,46.47828245162964,0.5242071347311139,0.02878474049794022,0.09488932322710752,1568,327.2178567762743,0.30826520919799805
1569,4830.344,1883.4533333333338,7095.333333333334,100,100,1009,1.9515588717134549,7.032044928972581,2.164410352706909,-1883.4533333333338,-0.015346393105573952,24.134613871574402,0.577656539157033,0.029266670368087944,0.07424864481436089,1569,327.2462559693257,0.30826520919799805
1570,4836.178,1842.2199999999982,6808.999999999999,100,100,1004,1.9897811764812252,6.7818725099601584,2.192509651184082,-1842.2199999999982,-0.0132442134199664,27.2018284201622,0.5453474214300513,0.054494143594638444,0.06454190355725586,1570,327.2719814261928,0.30826520919799805
1571,4838.85,1925.0533333333326,7015.666666666668,100,100,1004,1.9626277920964408,6.987715803452857,2.169907569885254,-1925.0533333333326,-0.01761878572870046,31.14543968439102,0.5974646238610148,0.024869582517567324,0.07555042626336217,1571,327.0859511714896,0.30826520919799805
1572,4841.509,2006.1466666666654,7103.333333333334,100,100,1004,1.9643399392512526,7.075033200531209,2.1729679107666016,-2006.1466666666654,-0.01871239743195474,29.377365946769714,0.5633638668805361,0.020366419765196042,0.09015447436831892,1572,327.11369783360925,0.30826520919799805
1573,4844.204,2055.246666666667,7294.666666666664,100,100,1004,1.996015539426223,7.265604249667993,2.2049992084503174,-2055.246666666667,-0.017450197192374617,34.16820800304413,0.5291687780991197,0.035421236338152084,0.06880326732061803,1573,327.1390163706006,0.30826520919799805
1574,4846.903,2007.2533333333338,7110.333333333337,100,100,1008,1.9814729184006519,7.05390211640212,2.199892044067383,-2007.2533333333338,-0.010559872491285205,36.55997031927109,0.5468614129349589,0.03894469697843306,0.08626302116317675,1574,327.1648074129691,0.30826520919799805
1575,4849.612,1954.550000000002,6968.999999999999,100,100,1004,2.006654879699769,6.941235059760955,2.217733383178711,-1954.550000000002,-0.012788547785021365,34.11878901720047,0.5420852899551392,0.0400826908662566,0.08753551146946847,1575,327.1890541956808,0.30826520919799805
1576,4852.288,1848.9466666666658,6968.666666666668,100,100,1003,1.9655452621265028,6.947823197075442,2.1671392917633057,-1848.9466666666658,-0.014117572049144655,36.6098655462265,0.5200376128777862,0.042481034019147046,0.08100926596671343,1576,327.2153134521123,0.30826520919799805
1577,4854.949,1940.9766666666678,6888.666666666664,100,100,1009,1.9630103089825441,6.827221671622065,2.180901288986206,-1940.9766666666678,-0.014928047428838909,37.28923982381821,0.5507535645738244,0.04673693961740355,0.08314732147846371,1577,327.2438042223145,0.30826520919799805
1578,4857.602,1951.7166666666672,7125.3333333333385,100,100,1006,1.955075347777567,7.082836315440694,2.1659882068634033,-1951.7166666666672,-0.013528854353353381,28.10658496618271,0.5045183561742306,0.06366395006261882,0.08665930712595582,1578,327.2722041400221,0.30826520919799805
1579,4860.282,1924.4533333333343,6922.000000000002,100,100,1013,1.9549538017326906,6.833168805528136,2.1813554763793945,-1924.4533333333343,-0.01594700978603214,26.02286446094513,0.550266595557332,0.0780594293410104,0.10533977020531893,1579,327.3001745889916,0.30826520919799805
1580,4865.971,1872.0733333333328,6942.666666666669,100,100,1007,1.9614593860672005,6.89440582588547,2.1734507083892822,-1872.0733333333328,-0.015071503643412143,24.414781510829926,0.5208409652113914,0.03761148807097925,0.07971451117191464,1580,327.3278721151096,0.30826520919799805
1581,4868.595,1873.3999999999996,6808.666666666667,100,100,1011,1.919359444874559,6.734586218265743,2.1342146396636963,-1873.3999999999996,-0.016535413567908108,26.726934552192688,0.48672991432249546,0.10570322777857655,0.08511412399820983,1581,327.1558125620815,0.30826520919799805
1582,4871.232,1914.923333333335,6954.333333333336,100,100,1003,1.9382604196805095,6.933532735127952,2.1402900218963623,-1914.923333333335,-0.007746035989839584,32.19977027177811,0.5098378974944353,0.08533447993795562,0.11538199475035071,1582,327.1845972271983,0.30826520919799805
1583,4873.907,2053.386666666666,7153.666666666665,100,100,1010,1.9602257421811913,7.082838283828381,2.1803789138793945,-2053.386666666666,-0.013235116784926504,36.33271116018295,0.5268849646672606,0.026816562997737492,0.07824218738824129,1583,327.2122493854226,0.30826520919799805
1584,4876.584,1914.0333333333335,6938.999999999997,100,100,1010,1.964792076124819,6.870297029702968,2.1843466758728027,-1914.0333333333335,-0.017244667069462594,34.480098605155945,0.5018192157149315,0.031472896131163,0.07279296847991645,1584,327.2396902910302,0.30826520919799805
1585,4879.223,1837.2933333333337,6901.333333333329,100,100,1003,1.9533686946421966,6.880691259554665,2.1564269065856934,-1837.2933333333337,-0.016536799594177864,28.433586359024048,0.5401934497058392,0.036825693961873185,0.07830668613314629,1585,327.26831819738806,0.30826520919799805
1586,4881.987,1895.6299999999987,6928.666666666664,100,100,1004,2.028385059331985,6.90106241699867,2.231135606765747,-1895.6299999999987,-0.015846163907554,24.353042364120483,0.5362140312790871,0.03907686768070562,0.08744673314504325,1586,327.2886763863744,0.30826520919799805
1587,4885.179,1953.9633333333352,7015.000000000004,100,100,1011,2.4424059366951045,6.938674579624138,2.6725234985351562,-1953.9633333333352,-0.020131379598751664,28.45234704017639,0.5687997089698911,0.06407644553110003,0.14386106049641967,1587,327.2817678819904,0.30826520919799805
1588,4888.425,1927.7066666666683,7015.666666666668,100,100,1006,2.496068293546284,6.973823724320743,2.711916923522949,-1927.7066666666683,-0.019621653598733246,25.97835087776184,0.5101931989192963,0.06059179716248764,0.09020465367939323,1588,327.27021206377475,0.30826520919799805
1589,4891.407,1806.1166666666657,6725.666666666663,100,100,1013,2.239871665794928,6.639355051003617,2.4675238132476807,-1806.1166666666657,-0.014830904809059575,30.03239345550537,0.5014452338218689,0.024245062695626984,0.08764187805354595,1589,327.27784540164015,0.30826520919799805
1590,4898.018,1948.8466666666673,7025.0,100,100,1006,2.1992217691265283,6.9831013916500995,2.4139034748077393,-1948.8466666666673,-0.01433925039600581,29.7318434715271,0.605436883866787,0.010116771238244837,0.0730935800820589,1590,327.2879521207241,0.30826520919799805
1591,4901.209,2026.7833333333338,7151.333333333332,100,100,1006,2.456206860179063,7.108681245858183,2.675034523010254,-2026.7833333333338,-0.01720764912897721,28.52023845911026,0.5597511501982808,0.024445633840514347,0.09801715350477025,1591,327.0338912508671,0.30826520919799805
1592,4904.185,1872.45,6968.333333333334,100,100,1004,2.2466788844129373,6.9405710491367865,2.452594041824341,-1872.45,-0.019454233115538955,26.677913308143616,0.5988392056897283,0.03360639185120817,0.09659090917557478,1592,327.04007491646047,0.30826520919799805
1593,4907.15,1896.4533333333331,6927.333333333332,100,100,1009,2.2087968299553036,6.865543442352163,2.4333174228668213,-1896.4533333333331,-0.01900286559248343,38.487064599990845,0.5262550888583064,0.013194090395700186,0.09745695162564516,1593,327.04811348123195,0.30826520919799805
1594,4910.316,1921.5399999999988,7123.999999999998,100,100,1004,2.4314302794794846,7.095617529880476,2.6413488388061523,-1921.5399999999988,-0.019826848292723298,29.969013690948486,0.5218958808109164,0.015894563035544707,0.0812766335438937,1594,327.04173013738625,0.30826520919799805
1595,4913.27,1799.219999999999,6813.666666666664,100,100,1005,2.242367661011345,6.779767827529019,2.4527149200439453,-1799.219999999999,-0.017072618968086317,29.898319840431213,0.5443755043670535,0.018786201679176884,0.0692382815759629,1595,327.0495783770378,0.30826520919799805
1596,4916.327,1933.5600000000004,6974.333333333336,100,100,1003,2.3282589241147322,6.953472914589567,2.5363173484802246,-1933.5600000000004,-0.01319193741073832,21.92824423313141,0.5275643263012171,0.059061950487375725,0.08270121738314629,1596,327.05022626194557,0.30826520919799805
1597,4919.395,1912.4733333333334,6859.000000000003,100,100,1010,2.3344045536048563,6.791089108910894,2.558945417404175,-1912.4733333333334,-0.010683056665584445,39.314646780490875,0.5440773023292422,0.06492174613958923,0.08296874980442226,1597,327.05158868156064,0.30826520919799805
1598,4922.324,1988.7666666666667,7026.333333333329,100,100,1001,2.210347951584301,7.019314019314016,2.417678117752075,-1988.7666666666667,-0.01902225223602727,38.86909782886505,0.6389088146388531,0.022863741804030724,0.06908584199845791,1598,327.0603718930905,0.30826520919799805
1599,4925.238,1927.7533333333333,6927.333333333333,100,100,1007,2.1840008941008278,6.879179079774909,2.403369426727295,-1927.7533333333333,-0.01852048101136461,32.73619794845581,0.6050471868366003,0.03178539269902103,0.07637965405592695,1599,327.07127779385684,0.30826520919799805
1600,4931.929,1931.1466666666665,7046.999999999995,100,100,1013,2.313160909356334,6.956564659427439,2.5472772121429443,-1931.1466666666665,-0.01389918994391337,25.818829596042633,0.6168916095048189,0.04128332796244649,0.07230247650295496,1600,327.0726441131888,0.30826520919799805
1601,4934.827,1850.766666666668,6823.333333333332,100,100,1006,2.1628678916809085,6.7826375082836305,2.372177839279175,-1850.766666666668,-0.016434095217846334,31.696480989456177,0.6544360183179379,0.012799452597391792,0.07114045525668189,1601,326.844907711281,0.30826520919799805
1602,4937.803,2042.1766666666672,7051.000000000006,100,100,1008,2.247713985973008,6.995039682539689,2.471928119659424,-2042.1766666666672,-0.02058510307688266,42.05525743961334,0.6574345687404275,0.009341359269456007,0.08447265625,1602,326.8520354025872,0.30826520919799805
1603,4940.899,1898.5700000000018,7033.0,100,100,1007,2.367245879851082,6.984111221449851,2.5839908123016357,-1898.5700000000018,-0.01708531769691035,27.667316675186157,0.6292125098407269,0.014353253357569429,0.08192736015189439,1603,326.8510331468798,0.30826520919799805
1604,4943.865,1943.3933333333327,7000.333333333335,100,100,1007,2.228035752350777,6.951671631909965,2.443812131881714,-1943.3933333333327,-0.018832068948540837,25.08380514383316,0.5894765704870224,0.011939053449168568,0.07461353053804487,1604,326.85866828092657,0.30826520919799805
1605,4947.017,1998.1799999999996,6883.666666666663,100,100,1008,2.415043553189626,6.829034391534388,2.63928484916687,-1998.1799999999996,-0.019339795981068164,36.71735441684723,0.5993270548060536,0.018973971957166214,0.0792643231106922,1605,326.85417189418257,0.30826520919799805
1606,4950.183,1920.7166666666674,7084.333333333337,100,100,1002,2.4466566862761527,7.07019294743846,2.6516716480255127,-1920.7166666666674,-0.01983284344896674,24.788864612579346,0.6213676035404205,0.014540338979713852,0.09142485144548118,1606,326.8475719741608,0.30826520919799805
1607,4953.221,1884.1533333333336,6794.666666666666,100,100,1003,2.307051444075192,6.774343635759388,2.516277551651001,-1884.1533333333336,-0.01679012989916373,29.00165206193924,0.5928412787616253,0.01759475482504058,0.06784838309977204,1607,326.84954620327693,0.30826520919799805
1608,4956.205,1949.069999999999,6952.666666666669,100,100,1007,2.2386822245123517,6.904336312479313,2.456815004348755,-1949.069999999999,-0.019819787557935342,38.210120677948,0.628063976764679,0.01041445287046372,0.06680103047983721,1608,326.85601445544773,0.30826520919799805
1609,4959.291,1901.0233333333326,6940.666666666671,100,100,1006,2.341073460017829,6.899271040424126,2.557422637939453,-1901.0233333333326,-0.012070439814124256,31.136077523231506,0.6070652473717928,0.02853005680753995,0.07857082202099264,1609,326.855439236667,0.30826520919799805
1610,4965.915,1953.836666666667,7201.333333333333,100,100,1009,2.3823284429366027,7.1370994383878426,2.6053903102874756,-1953.836666666667,-0.016120672691613436,33.44366133213043,0.5625252574682236,0.04249182745843427,0.07312260830076411,1610,326.85327166918154,0.30826520919799805
1611,4968.873,1802.6033333333337,7001.0,100,100,1004,2.2407826664672044,6.973107569721115,2.4467639923095703,-1802.6033333333337,-0.01818144746357575,41.46423399448395,0.6381632629781961,0.03142223872418981,0.0796342333778739,1611,326.6302130012138,0.30826520919799805
1612,4971.818,1963.186666666666,7036.333333333332,100,100,1012,2.2195529605891453,6.952898550724637,2.4513795375823975,-1963.186666666666,-0.012357803527265787,34.397104024887085,0.5670503946021199,0.02584816622402286,0.08522385830292478,1612,326.64028529836827,0.30826520919799805
1613,4974.497,1930.8833333333334,7062.333333333334,100,100,1012,1.960128262775247,6.978590250329382,2.183173656463623,-1930.8833333333334,-0.01930134982103482,28.78725302219391,0.5559828169643879,0.031447036963072605,0.08214393071830273,1613,326.6677751123552,0.30826520919799805
1614,4977.138,1899.0033333333338,6903.666666666671,100,100,1001,1.9558677300959677,6.896769896769901,2.1574606895446777,-1899.0033333333338,-0.020781306782737374,35.33741521835327,0.6557481605559587,0.01617001337581314,0.08334127278067172,1614,326.6955993301707,0.30826520919799805
1615,4979.834,1995.1833333333332,7246.666666666671,100,100,1010,1.9730001973855023,7.174917491749179,2.192882776260376,-1995.1833333333332,-0.014467324479483068,36.017259895801544,0.637476310133934,0.012034080082230503,0.056210937444120646,1615,326.7215609678242,0.30826520919799805
1616,4982.49,1934.0666666666668,6808.999999999999,100,100,1005,1.9556652718636007,6.775124378109452,2.1660547256469727,-1934.0666666666668,-0.020367888791952282,29.135004818439484,0.6227797623723745,0.012851197810960002,0.08848741347901523,1616,326.7490927412797,0.30826520919799805
1617,4985.128,1964.1133333333332,7024.666666666667,100,100,1003,1.946666103844361,7.003655699567963,2.1499462127685547,-1964.1133333333332,-0.021847752504982054,35.45574015378952,0.6564716128632426,0.03367877705022693,0.08347338309977204,1617,326.7773478905906,0.30826520919799805
1618,4987.775,1957.8933333333343,7107.999999999998,100,100,1008,1.9313847229886238,7.0515873015873,2.1455037593841553,-1957.8933333333343,-0.018430414216709323,27.306049406528473,0.5643563391640782,0.02040262111404445,0.07568359409924597,1618,326.8060600247698,0.30826520919799805
1619,4990.439,2027.9766666666678,7074.999999999998,100,100,1008,1.9560557527242168,7.018849206349205,2.1767308712005615,-2027.9766666666678,-0.019346021697856486,30.539293587207794,0.6311362432315946,0.030260126273788046,0.0869140625,1619,326.8335593104794,0.30826520919799805
1620,4996.192,1991.1933333333343,7071.0,100,100,1007,1.9608334653900776,7.021847070506455,2.174408197402954,-1991.1933333333343,-0.015725365956313908,50.316731095314026,0.5950293214991689,0.04109400830566301,0.06600108026759699,1620,326.86091779312534,0.30826520919799805
1621,4998.887,1836.1300000000006,6950.0,100,100,1004,1.9576584679571785,6.922310756972111,2.1597886085510254,-1836.1300000000006,-0.018770753522403538,32.7373084127903,0.6458672173321247,0.022459065869043116,0.07044566771946847,1621,326.6835447066999,0.30826520919799805
1622,5001.63,2043.35,7223.333333333332,100,100,1006,2.015999006038017,7.180251822398938,2.2318875789642334,-2043.35,-0.017857663915492594,33.644121408462524,0.6227336842566729,0.009410804541403195,0.09712550975382328,1622,326.7055145272928,0.30826520919799805
1623,5004.712,1937.7433333333333,7066.333333333334,100,100,1006,2.339313422129758,7.024188204108682,2.5546436309814453,-1937.7433333333333,-0.016353970975615084,33.619368731975555,0.6053869323804975,0.02919494700472569,0.07407014275668189,1623,326.70532636725534,0.30826520919799805
1624,5007.893,2022.4499999999994,7194.999999999999,100,100,1005,2.4280086591774923,7.159203980099502,2.646151065826416,-2022.4499999999994,-0.014699816063512117,30.743311822414398,0.6262902142480016,0.010270902886986732,0.06762152822921053,1624,326.69844895744967,0.30826520919799805
1625,5010.974,1872.2366666666667,6831.333333333336,100,100,1012,2.3469004940872886,6.750329380764166,2.5766775608062744,-1872.2366666666667,-0.017187348857987672,30.36182999610901,0.6024672500789165,0.02668963311589323,0.07083834160584956,1625,326.6995445743804,0.30826520919799805
1626,5013.822,1880.0966666666668,6998.333333333331,100,100,1003,2.1346591263062367,6.977401129943501,2.3397088050842285,-1880.0966666666668,-0.02071974569116719,27.504542648792267,0.6616923436522484,0.02845183078534319,0.0627043970162049,1626,326.7140270992183,0.30826520919799805
1627,5016.857,1962.4866666666662,7034.999999999994,100,100,1011,2.2965712187457994,6.958456973293762,2.526020050048828,-1962.4866666666662,-0.020411456178408116,26.017300754785538,0.6631085891276598,0.026072905369801447,0.0634957110742107,1627,326.7178928662041,0.30826520919799805
1628,5019.977,2048.6933333333322,7123.666666666667,100,100,1007,2.380421549445268,7.074147633234029,2.60315203666687,-2048.6933333333322,-0.018807311746058986,28.952991902828217,0.7023546630516648,0.050717791222268716,0.06666597403818741,1628,326.71546486767363,0.30826520919799805
1629,5023.084,1901.496666666667,6881.333333333334,100,100,1006,2.376936182493592,6.840291583830352,2.5927746295928955,-1901.496666666667,-0.01481049251742661,29.710228383541107,0.7023901585489511,0.01188122874009423,0.07536514941602945,1629,326.71359610234686,0.30826520919799805
1630,5029.505,1964.026666666666,7086.0,100,100,1010,2.2253168314593927,7.015841584158416,2.452402114868164,-1964.026666666666,-0.019776258151978254,29.412051737308502,0.6445500552654266,0.019637418368802173,0.06931640615221113,1630,326.7216292887743,0.30826520919799805
1631,5032.394,1943.426666666666,6985.999999999999,100,100,1010,2.1690699994554836,6.916831683168316,2.393857002258301,-1943.426666666666,-0.015260262880474329,35.53148066997528,0.6890450846403837,0.012098905376660696,0.07076171867083758,1631,326.5106205192562,0.30826520919799805
1632,5035.127,1955.1933333333332,7103.666666666668,100,100,1013,1.9948120462926067,7.012504113195131,2.2211754322052,-1955.1933333333332,-0.018742722284514457,23.41246861219406,0.6639545392245054,0.012415820099704433,0.07563752960413694,1632,326.5345344736977,0.30826520919799805
1633,5037.908,1920.893333333332,6841.3333333333285,100,100,1001,2.069548353088553,6.83449883449883,2.2705912590026855,-1920.893333333332,-0.0190588436962571,33.04229974746704,0.686313072219491,0.020073353123734705,0.07363519421778619,1633,326.553033348707,0.30826520919799805
1634,5040.629,2012.436666666667,7066.333333333333,100,100,1003,1.9941622149227103,7.045197740112994,2.202638626098633,-2012.436666666667,-0.01973788981558755,35.15152084827423,0.6250976826995611,0.013141875289875316,0.08246275456622243,1634,326.57571305193386,0.30826520919799805
1635,5043.383,1983.0499999999988,7037.999999999996,100,100,1005,2.034618407348866,7.002985074626862,2.245598077774048,-1983.0499999999988,-0.017321945691946894,43.22302997112274,0.6315180603414774,0.013664837475516833,0.0541775175370276,1635,326.59663247900426,0.30826520919799805
1636,5046.114,1880.93,6914.666666666669,100,100,1005,2.026944876699454,6.880265339966835,2.2360897064208984,-1880.93,-0.01970169460400939,34.2304949760437,0.6457314193248749,0.008949276947305407,0.07042100722901523,1636,326.61905710068896,0.30826520919799805
1637,5048.867,2004.953333333335,7128.66666666667,100,100,1014,2.0148458542059777,7.030243261012495,2.243656873703003,-2004.953333333335,-0.021617846956360154,27.11395773291588,0.6873540207743645,0.029730457634286722,0.096969039645046,1637,326.6418038933807,0.30826520919799805
1638,5051.623,1948.5666666666689,6878.333333333333,100,100,1012,2.026818676694322,6.796772068511198,2.252258777618408,-1948.5666666666689,-0.0175426059649908,32.74712133407593,0.6649034451693296,0.010691373710869811,0.08717698347754776,1638,326.6639139068296,0.30826520919799805
1639,5054.388,1977.386666666666,7133.999999999999,100,100,1011,2.026993077078836,7.056379821958456,2.252552032470703,-1977.386666666666,-0.01660257176263258,33.19664400815964,0.7127698324620724,0.007851047041185666,0.07558785262517631,1639,326.685272810399,0.30826520919799805
1640,5060.306,2040.2266666666665,7176.666666666667,100,100,1008,2.0116133925353457,7.119708994708995,2.231182336807251,-2040.2266666666665,-0.021372063260059804,32.34934329986572,0.7176490481942892,0.01159086789994035,0.09195963572710752,1640,326.7080652444304,0.30826520919799805
1641,5063.048,1771.5433333333337,6774.666666666667,100,100,1008,2.0301139875156213,6.720899470899472,2.241335868835449,-1771.5433333333337,-0.02216405828949064,28.3790345788002,0.6509549040347338,0.011811202850367408,0.07047526043606922,1641,326.5246466659859,0.30826520919799805
1642,5065.745,1947.1166666666663,6928.0,100,100,1012,1.978136856627021,6.845849802371541,2.201585531234741,-1947.1166666666663,-0.015818232292076573,33.45957833528519,0.6742845233529806,0.0045122916490072384,0.06362680305028334,1642,326.55060860198665,0.30826520919799805
1643,5068.462,2028.156666666665,7105.666666666664,100,100,1008,1.986158831093076,7.049272486772485,2.206437110900879,-2028.156666666665,-0.018053805630188435,35.95038801431656,0.6394970072433352,0.005705046840375871,0.06315104168606922,1643,326.574386374955,0.30826520919799805
1644,5071.171,1816.443333333334,6863.33333333333,100,100,1013,1.9853123418181429,6.775255018098056,2.209078550338745,-1816.443333333334,-0.0206279965932481,30.943568766117096,0.6475814627483487,0.023071075760526583,0.08208652725443244,1644,326.59972176223766,0.30826520919799805
1645,5073.96,1964.5933333333326,7007.333333333331,100,100,1010,2.0239718818557586,6.937953795379536,2.2488412857055664,-1964.5933333333326,-0.011767883144784719,30.433411359786987,0.6171519178897142,0.024541926864912966,0.09734374983236194,1645,326.61922386171364,0.30826520919799805
1646,5076.631,1867.3033333333356,6965.666666666667,100,100,1008,1.967768850186581,6.910383597883598,2.180729389190674,-1867.3033333333356,-0.021216597349848598,33.99836003780365,0.5881486739963293,0.01888683668221347,0.11686197947710752,1646,326.6459827283053,0.30826520919799805
1647,5079.328,1877.7366666666667,6866.0,100,100,1008,1.9792817433231644,6.811507936507937,2.1918375492095947,-1877.7366666666667,-0.01363224652595818,27.267496585845947,0.5263366997241974,0.057555113307898864,0.08382161491317675,1647,326.67097150670196,0.30826520919799805
1648,5082.019,1940.4799999999993,7011.666666666669,100,100,1011,1.9752844710052235,6.935377514012531,2.1970889568328857,-1940.4799999999993,-0.016370583092793822,26.798376500606537,0.5567522011697292,0.018713657998887356,0.06885723047889769,1648,326.6969136332647,0.30826520919799805
1649,5084.731,1902.3866666666665,7085.666666666665,100,100,1013,1.9833748278264158,6.994735110233628,2.207803249359131,-1902.3866666666665,-0.01755864778533578,31.12037044763565,0.499553713016212,0.06473531029041624,0.09632959915325046,1649,326.7219351261215,0.30826520919799805
1650,5090.551,1983.8766666666663,7062.333333333334,100,100,1013,1.9711298099925847,6.971701217505759,2.197394847869873,-1983.8766666666663,-0.017659702629316598,39.15924334526062,0.545289222151041,0.015442477957549272,0.08216944290325046,1650,326.74721597553275,0.30826520919799805
1651,5093.227,1883.1433333333348,7099.33333333333,100,100,1016,1.9435264779975285,6.987532808398947,2.1733813285827637,-1883.1433333333348,-0.01600631035398692,26.948900401592255,0.46396917570382357,0.03045214285612019,0.09891183045692742,1651,326.575290702726,0.30826520919799805
1652,5095.879,1884.593333333334,6872.000000000002,100,100,1014,1.9216618354384525,6.777120315581856,2.1461122035980225,-1884.593333333334,-0.016082164482213557,28.77311247587204,0.5394793059676886,0.012843258358770981,0.0713433159980923,1652,326.6043465813828,0.30826520919799805
1653,5098.51,2031.226666666666,7268.333333333332,100,100,1008,1.922541765827826,7.210648148148147,2.139253616333008,-2031.226666666666,-0.018547181971371174,33.80226933956146,0.5386690068989992,0.015540488650003681,0.07259114587213844,1653,326.6334853114568,0.30826520919799805
1654,5101.154,1926.3566666666666,7056.000000000001,100,100,1012,1.9319350777144209,6.972332015810277,2.1526846885681152,-1926.3566666666666,-0.016199499543290585,30.631304264068604,0.5871933503076434,0.035344408024684526,0.0901817912235856,1654,326.6625331294565,0.30826520919799805
1655,5103.845,1984.8733333333332,7108.0,100,100,1005,1.9319512435369453,7.072636815920398,2.1407735347747803,-1984.8733333333332,-0.0121186263859272,27.811798572540283,0.6023699240759015,0.02445269824238494,0.09008246543817222,1655,326.687210120426,0.30826520919799805
1656,5106.506,1939.326666666668,6990.333333333337,100,100,1011,1.9502145416470857,6.914276294098256,2.1729466915130615,-1939.326666666668,-0.015551988093648106,32.107377767562866,0.6195228919386864,0.02488979401459801,0.06935508601600304,1656,326.7149745415433,0.30826520919799805
1657,5109.13,1853.6,6860.999999999995,100,100,1010,1.9206932697463597,6.793069306930689,2.1362550258636475,-1853.6,-0.004293825099011883,35.24714261293411,0.4990615090355277,0.040358464560995344,0.08291015622671694,1657,326.74489762540696,0.30826520919799805
1658,5111.775,1987.0666666666666,7039.000000000001,100,100,1002,1.9305994042414734,7.0249500998004,2.134272575378418,-1987.0666666666666,-0.009927643754053861,44.653974652290344,0.5825345162302256,0.035954120801761746,0.09309895848855376,1658,326.7718394866901,0.30826520919799805
1659,5114.432,1916.520000000001,6998.000000000004,100,100,1017,1.932842576841484,6.881022615535893,2.1661643981933594,-1916.520000000001,-0.016197314311284572,26.56449767947197,0.533752229064703,0.01618671919732151,0.07964124181307852,1659,326.8009553231922,0.30826520919799805
1660,5120.152,1850.973333333334,6973.0,100,100,1016,1.943501770907947,6.863188976377953,2.1732466220855713,-1850.973333333334,-0.015496027655899525,24.955670475959778,0.538441825658083,0.043154104554560035,0.0615234375,1660,326.8291696022953,0.30826520919799805
1661,5123.196,1956.5133333333333,7009.333333333331,100,100,1010,2.28537722827295,6.939933993399338,2.5113890171051025,-1956.5133333333333,-0.010947274509817362,25.68660220503807,0.5666960123926401,0.03981276230115327,0.06437499995809048,1661,326.6372869202426,0.30826520919799805
1662,5126.186,2010.489999999999,7200.0,100,100,1008,2.234358630154193,7.142857142857143,2.4571800231933594,-2010.489999999999,-0.018502973893191665,29.77614200115204,0.6387267112731934,0.031925718336424325,0.07177734409924597,1662,326.64342303988093,0.30826520919799805
1663,5129.027,1845.4566666666665,6867.0,100,100,1014,2.0805972401434794,6.772189349112426,2.3080055713653564,-1845.4566666666665,-0.010897277854382992,34.712378680706024,0.5407541394233704,0.07261608398039243,0.07774522574618459,1663,326.6602391878928,0.30826520919799805
1664,5131.988,1909.1900000000005,6961.999999999998,100,100,1010,2.211093763350555,6.893069306930691,2.436220169067383,-1909.1900000000005,-0.0067577409572550096,34.58103001117706,0.5274511063471437,0.11736754540470429,0.06449218722991645,1664,326.66855474174616,0.30826520919799805
1665,5135.1,1851.2766666666666,6948.666666666664,100,100,1013,2.3572655468912536,6.859493254359984,2.5892062187194824,-1851.2766666666666,-0.010246833124256227,26.247555375099182,0.5581804672256112,0.043705332896934124,0.06038104370236397,1665,326.6678447479457,0.30826520919799805
1666,5138.207,1896.7366666666646,6996.666666666666,100,100,1010,2.3421440585885236,6.927392739273927,2.5647430419921875,-1896.7366666666646,-0.013922641286626458,24.08424398303032,0.5477603143081069,0.062485979207849596,0.08757812483236194,1666,326.66685443752834,0.30826520919799805
1667,5141.193,2004.0233333333329,7228.666666666667,100,100,1010,2.2273666333720676,7.1570957095709575,2.4546146392822266,-2004.0233333333329,-0.006416878954041749,31.335591077804565,0.5817831763997674,0.07918110846367199,0.07921874988824129,1667,326.6736765023732,0.30826520919799805
1668,5144.23,2037.203333333333,7222.333333333335,100,100,1011,2.275258949709067,7.143752060666008,2.50486159324646,-2037.203333333333,-0.013789720978820696,34.499657928943634,0.6065480401739478,0.030192009777238127,0.07375919132027775,1668,326.67724578249715,0.30826520919799805
1669,5147.273,1940.6299999999994,6952.66666666667,100,100,1012,2.277760177352852,6.870223978919634,2.5083043575286865,-1940.6299999999994,-0.013702890486456454,24.171526789665222,0.6168760424479842,0.03882202514796518,0.07241586555028334,1669,326.6807321358545,0.30826520919799805
1670,5153.524,2036.543333333333,7304.333333333332,100,100,1011,2.2492012870106497,7.224859874711505,2.4786784648895264,-2036.543333333333,-0.016208998975344002,30.426504611968994,0.6177947539836168,0.057475610621622764,0.0726485907798633,1670,326.6871916385606,0.30826520919799805
1671,5156.24,1858.7800000000009,6941.0000000000055,100,100,1007,1.9984763644426662,6.8927507447864995,2.2082910537719727,-1858.7800000000009,-0.013845633715391159,34.227251052856445,0.6023739734664559,0.041272868460509926,0.08655044855549932,1671,326.50400764166386,0.30826520919799805
1672,5158.958,2002.7099999999994,7060.666666666667,100,100,1006,1.9899446314254454,7.018555334658715,2.2031235694885254,-2002.7099999999994,-0.012409956310875714,22.829330295324326,0.572876033373177,0.0381399255929864,0.09496008837595582,1672,326.52696710595427,0.30826520919799805
1673,5161.668,1824.6866666666665,6987.666666666666,100,100,1009,1.9946260653746317,6.925338619094813,2.2075157165527344,-1824.6866666666665,-0.009940817137248814,27.234221637248993,0.5289194108918309,0.06774764844158199,0.07571348827332258,1673,326.5510466285576,0.30826520919799805
1674,5164.425,1957.5600000000004,7009.000000000003,100,100,1011,2.01830633146307,6.932739861523247,2.242450475692749,-1957.5600000000004,-0.015411665255669504,23.782643795013428,0.5695496080443263,0.07198429855634458,0.06484566512517631,1674,326.57246542743667,0.30826520919799805
1675,5167.136,1916.3000000000009,7115.3333333333385,100,100,1009,1.997572050394806,7.051866534522635,2.21258282661438,-1916.3000000000009,-0.012962091423105448,31.496515810489655,0.5725180013105273,0.03845782906137174,0.07624162948923185,1675,326.5963787068916,0.30826520919799805
1676,5169.89,1996.4333333333325,7303.999999999996,100,100,1015,2.0073569443976056,7.196059113300489,2.2391843795776367,-1996.4333333333325,-0.01646972942398861,31.525150895118713,0.5093581862747669,0.041186566471878905,0.08771306788548827,1676,326.61872323929964,0.30826520919799805
1677,5172.617,1915.3866666666652,7072.666666666667,100,100,1008,2.0104099196956553,7.016534391534392,2.2245359420776367,-1915.3866666666652,-0.011550669791176915,26.78672057390213,0.6399863623082638,0.06621555320452899,0.11002604197710752,1677,326.6414364944879,0.30826520919799805
1678,5175.378,1973.5700000000006,6904.0,100,100,1013,2.018598223892054,6.815399802566634,2.246792793273926,-1973.5700000000006,-0.014787421001528855,28.959656298160553,0.5311948088929057,0.05904329023178434,0.08499778900295496,1678,326.66292827179296,0.30826520919799805
1679,5178.156,2003.9733333333334,7132.999999999995,100,100,1013,2.042718955222793,7.041461006910163,2.276155471801758,-2003.9733333333334,-0.014266380167100579,30.43619441986084,0.5900940578430891,0.0295593428745633,0.08109153900295496,1679,326.6832811826908,0.30826520919799805
1680,5184.053,1867.6333333333332,6904.0,100,100,1010,2.0290257431114886,6.8356435643564355,2.247669219970703,-1867.6333333333332,-0.01729819644242525,28.848420023918152,0.5474002789705992,0.04703195352703915,0.07949218736030161,1680,326.7038654773825,0.30826520919799805
1681,5186.751,1952.6899999999994,7060.000000000004,100,100,1014,1.9715461530722678,6.962524654832351,2.1980204582214355,-1952.6899999999994,-0.012968165101483464,25.45088255405426,0.5730606112629175,0.08713501989404904,0.06438078708015382,1681,326.53217438067196,0.30826520919799805
1682,5189.461,1822.9900000000014,6822.333333333336,100,100,1012,1.9640166998294222,6.741436100131755,2.182055950164795,-1822.9900000000014,-0.016721128835342824,27.213595986366272,0.5701150307431817,0.046192987996619195,0.09093299298547208,1682,326.55667367474933,0.30826520919799805
1683,5192.154,1870.6133333333332,6907.000000000002,100,100,1011,1.9763080130536643,6.831849653808113,2.194608449935913,-1870.6133333333332,-0.00780569453490898,29.71141105890274,0.5376108447089791,0.07194843386969296,0.11415249714627862,1683,326.5820227877884,0.30826520919799805
1684,5194.898,1974.7099999999994,7066.666666666665,100,100,1012,1.9543126451860187,6.982872200263503,2.1807687282562256,-1974.7099999999994,-0.018694392405450344,23.258558332920074,0.6003246493637562,0.02746215521619888,0.08330829348415136,1684,326.6043008951381,0.30826520919799805
1685,5197.59,1854.8066666666678,6951.000000000002,100,100,1007,1.9687768624486937,6.902681231380339,2.1786739826202393,-1854.8066666666678,-0.012525416706921533,29.025374054908752,0.5883122384548187,0.04682771309671807,0.12702584732323885,1685,326.62886349247043,0.30826520919799805
1686,5200.305,1943.9233333333323,7024.666666666665,100,100,1013,1.9866101679815988,6.934517933530765,2.212606906890869,-1943.9233333333323,-0.018656826636288315,26.06400829553604,0.6707686707377434,0.04233673350245226,0.08491487335413694,1686,326.6531208782942,0.30826520919799805
1687,5202.967,1885.1433333333334,7109.66666666667,100,100,1010,1.950912375353498,7.039273927392743,2.16546893119812,-1885.1433333333334,-0.012117562117055058,30.672887802124023,0.7222744561731815,0.01663938357751249,0.09679687488824129,1687,326.68014003524183,0.30826520919799805
1688,5205.635,1950.8966666666672,7048.999999999998,100,100,1005,1.9484247747039543,7.013930348258705,2.1563680171966553,-1950.8966666666672,-0.01848137771594338,34.69935101270676,0.7088387105613947,0.02992236681529903,0.09810112859122455,1688,326.7058165414713,0.30826520919799805
1689,5208.353,1829.963333333334,6750.333333333332,100,100,1009,1.988721999793883,6.6901222332342245,2.203770399093628,-1829.963333333334,-0.018734688928816468,26.69343626499176,0.6123722773045301,0.03180801169219194,0.12431241990998387,1689,326.728999904508,0.30826520919799805
1690,5214.076,1886.5166666666667,6967.333333333329,100,100,1007,1.969170110515673,6.9189010261502775,2.1829113960266113,-1886.5166666666667,-0.013699941453523934,31.048897862434387,0.7101951241493225,0.009658931106969249,0.09475772920995951,1690,326.7536153210648,0.30826520919799805
1691,5216.738,1876.8900000000003,7205.666666666665,100,100,1015,1.9382849262265736,7.099178981937601,2.1632678508758545,-1876.8900000000003,-0.022846411011414602,24.702744901180267,0.7140287766233087,0.01797508251547697,0.07575461640954018,1691,326.59146177276085,0.30826520919799805
1692,5219.404,1966.2833333333335,7079.666666666669,100,100,1013,1.9333038491960928,6.988812109246465,2.160646915435791,-1966.2833333333335,-0.018922902061603963,32.104994773864746,0.668085802346468,0.01735556425046525,0.10025427490472794,1692,326.6187146133309,0.30826520919799805
1693,5222.068,1889.37,6972.0,100,100,1014,1.940513312696301,6.875739644970414,2.1651060581207275,-1889.37,-0.012252856598934159,26.560228645801544,0.6663669105619192,0.04659822688336135,0.08259186940267682,1693,326.64627284179795,0.30826520919799805
1694,5224.713,1854.0200000000013,6917.333333333338,100,100,1011,1.9360618184723188,6.842070557204092,2.1540980339050293,-1854.0200000000013,-0.01584116998128593,22.44708150625229,0.7121935710310936,0.02119508877149201,0.07461128989234567,1694,326.67440810111674,0.30826520919799805
1695,5227.361,2029.5533333333346,7187.333333333338,100,100,1011,1.9144357047822147,7.109132871744152,2.136507511138916,-2029.5533333333346,-0.023559088760521263,29.21040540933609,0.7552450690418482,0.013310668982740026,0.0809493720298633,1695,326.7023450626735,0.30826520919799805
1696,5229.989,1809.0466666666669,6770.0,100,100,1010,1.9239414862523059,6.702970297029703,2.135946273803711,-1809.0466666666669,-0.01663618884049356,25.905238211154938,0.6887997519224882,0.03291845271451166,0.07083984347991645,1696,326.73130599244604,0.30826520919799805
1697,5232.648,1946.8633333333344,7171.666666666669,100,100,1013,1.9406584395566424,7.079631457716356,2.165127754211426,-1946.8633333333344,-0.01962926413398236,36.455917835235596,0.7468501012772322,0.007751816003292333,0.06839622650295496,1697,326.7588294225045,0.30826520919799805
1698,5235.303,1923.243333333335,6889.333333333335,100,100,1004,1.9463390430557983,6.861885790172645,2.1510279178619385,-1923.243333333335,-0.02375499322079122,31.733858942985535,0.7397480197250843,0.026658438866434153,0.07666015648283064,1698,326.78494701959323,0.30826520919799805
1699,5237.932,1829.6966666666672,6930.000000000001,100,100,1008,1.9296635916347555,6.875000000000001,2.138329029083252,-1829.6966666666672,-0.014118303806753829,31.021398782730103,0.6244120514020324,0.02520370811544126,0.08642578125,1699,326.81333706844606,0.30826520919799805
1700,5244.03,1922.8633333333348,6959.999999999998,100,100,1011,1.927433826322239,6.884272997032639,2.1465752124786377,-1922.8633333333348,-0.019487842975649983,24.748397439718246,0.6486002001911402,0.01942732782481471,0.07581763179041445,1700,326.8418182600857,0.30826520919799805
1701,5247.213,1956.9200000000003,7222.000000000001,100,100,1010,2.4248672286186848,7.1504950495049515,2.652864694595337,-1956.9200000000003,-0.022751846685423516,24.075672179460526,0.7066418752074242,0.026397128554890514,0.08318359369877726,1701,326.62046252669523,0.30826520919799805
1702,5250.447,1883.593333333334,7116.333333333337,100,100,1007,2.480449655084929,7.066865276398547,2.6973907947540283,-1883.593333333334,-0.015554732701275498,29.304045140743256,0.6650643916800618,0.03918918375711655,0.07637965376488864,1702,326.61101810984127,0.30826520919799805
1703,5253.489,1915.6733333333332,7008.666666666668,100,100,1010,2.288020794086232,6.93927392739274,2.5140955448150635,-1915.6733333333332,-0.016101440298371017,30.77703446149826,0.6262681996449828,0.028990058366616722,0.07914062461350113,1703,326.61415887158125,0.30826520919799805
1704,5256.485,1881.6433333333343,6834.333333333334,100,100,1009,2.255696827445153,6.773372976544434,2.4748220443725586,-1881.6433333333343,-0.011863698600791395,23.21453481912613,0.6363371899351478,0.04393852438079193,0.08089524856768548,1704,326.6199456462993,0.30826520919799805
1705,5259.648,1881.9266666666672,7029.666666666665,100,100,1006,2.421543041242298,6.987740225314776,2.6380105018615723,-1881.9266666666672,-0.018195350043242797,31.543303906917572,0.6103614065796137,0.043279911420540884,0.0958517324179411,1705,326.6148279860203,0.30826520919799805
1706,5262.86,1908.3433333333312,6986.666666666663,100,100,1008,2.447972221402562,6.931216931216928,2.6683239936828613,-1908.3433333333312,-0.013319129240699112,35.181998789310455,0.6013642735779285,0.048631163816025946,0.06868489587213844,1706,326.60701559371387,0.30826520919799805
1707,5265.904,1977.4199999999996,7139.0,100,100,1013,2.2914348475162494,7.047384007897334,2.524543523788452,-1977.4199999999996,-0.013553459546528757,32.27619779109955,0.605958566069603,0.04861130840799888,0.06378058670088649,1707,326.6105859564888,0.30826520919799805
1708,5268.936,1875.4733333333331,7104.0,100,100,1016,2.268767520243588,6.9921259842519685,2.506455183029175,-1875.4733333333331,-0.01601785037200898,22.43872568011284,0.6274953270331025,0.11517677520532743,0.06417410739231855,1708,326.61547375834124,0.30826520919799805
1709,5271.972,1979.28,7193.666666666667,100,100,1011,2.29329208792284,7.115397296406199,2.5221128463745117,-1979.28,-0.022552364971488714,34.18630748987198,0.6937354952096939,0.03423193783237366,0.09023629012517631,1709,326.61918904838404,0.30826520919799805
1710,5278.302,1952.9766666666678,6900.333333333336,100,100,1007,2.0998345591801164,6.852366765971535,2.316636085510254,-1952.9766666666678,-0.01759049401152879,33.17121118307114,0.622743109241128,0.027089723665994825,0.06813081778818741,1710,326.63487081122105,0.30826520919799805
1711,5281.409,1982.679999999999,7110.666666666668,100,100,1009,2.3552073359376835,7.047241493227619,2.580880641937256,-1982.679999999999,-0.008841709117405117,29.496500313282013,0.669288769364357,0.027183870421140455,0.07278380077332258,1711,326.4172541679877,0.30826520919799805
1712,5284.435,1955.1200000000017,6981.333333333334,100,100,1012,2.272581521250499,6.898550724637682,2.5073533058166504,-1955.1200000000017,-0.013463282841257751,25.565846651792526,0.6452238894999027,0.04451432755740825,0.05374849773943424,1712,326.4218271263677,0.30826520919799805
1713,5287.342,1823.326666666668,6939.666666666665,100,100,1013,2.1714293194552265,6.850608752879235,2.398629903793335,-1823.326666666668,-0.019512128725182265,28.53464710712433,0.6522191278636456,0.05387764113038429,0.05987433670088649,1713,326.433966842395,0.30826520919799805
1714,5290.364,1983.170000000001,7209.666666666664,100,100,1005,2.2909482580781058,7.173797678275288,2.5060789585113525,-1983.170000000001,-0.017514045001007617,42.59384250640869,0.647749425843358,0.04503201526677003,0.09552951413206756,1714,326.4374776591971,0.30826520919799805
1715,5293.458,1962.876666666666,7089.666666666666,100,100,1009,2.353867592070366,7.026428807400065,2.5746426582336426,-1962.876666666666,-0.012892829719930887,37.006178855895996,0.6412572460249066,0.01792153503629379,0.07867307076230645,1715,326.4372850266535,0.30826520919799805
1716,5296.512,1964.6633333333332,7091.000000000003,100,100,1011,2.2871734905604764,7.013847675568747,2.5180859565734863,-1964.6633333333332,-0.009709082281915471,35.77277052402496,0.6550799421966076,0.008348145782292704,0.06008731643669307,1716,326.43993622782534,0.30826520919799805
1717,5299.412,1931.8933333333325,7067.666666666666,100,100,1009,2.1582915769784727,7.004625041295011,2.378843069076538,-1931.8933333333325,-0.016074883518740535,24.199056804180145,0.6590561680495739,0.030544952643595025,0.07394969707820565,1717,326.4517041359394,0.30826520919799805
1718,5302.458,2001.1033333333316,7156.666666666664,100,100,1012,2.2919687740191845,7.071805006587613,2.5252060890197754,-2001.1033333333316,-0.014563117874786258,27.491445899009705,0.7074252888560295,0.03137172097922303,0.07155198347754776,1718,326.4550316468175,0.30826520919799805
1719,5305.423,1918.5033333333326,6853.666666666667,100,100,1006,2.213391947058246,6.812789927104043,2.428248643875122,-1918.5033333333326,-0.009991421829909086,26.352683901786804,0.724218662828207,0.03207282546645729,0.06959069304866716,1719,326.4621849885148,0.30826520919799805
1720,5312.168,2033.4400000000005,7306.666666666663,100,100,1017,2.3030155388026654,7.184529662405765,2.5475988388061523,-2033.4400000000005,-0.016320706345140934,34.52414244413376,0.7401670981198549,0.017606819405045826,0.09177974215708673,1720,326.4652202027772,0.30826520919799805
1721,5315.291,1920.4366666666651,7136.666666666663,100,100,1009,2.360338356592337,7.07300958044268,2.581540584564209,-1920.4366666666651,-0.018313571985345334,26.79763227701187,0.6861371323466301,0.028928406136401463,0.07240513362921774,1721,326.237280138347,0.30826520919799805
1722,5318.29,1887.4866666666674,7074.000000000002,100,100,1008,2.2497629980780256,7.017857142857145,2.467944860458374,-1887.4866666666674,-0.019616776204202324,31.479883015155792,0.6381426267325878,0.021152453969989438,0.06461588549427688,1722,326.2428084954866,0.30826520919799805
1723,5321.404,1916.036666666667,7070.000000000003,100,100,1009,2.3668623401075455,7.00693756194252,2.5897603034973145,-1916.036666666667,-0.016461539373267442,22.492146849632263,0.6837622094899416,0.022021117249096278,0.07654057699255645,1723,326.24153744183576,0.30826520919799805
1724,5324.589,1868.3366666666664,7068.333333333332,100,100,1015,2.4298192110839367,6.9638752052545145,2.6643662452697754,-1868.3366666666664,-0.019513444567564875,33.13529124855995,0.6749255768954754,0.027297845830617007,0.08128551114350557,1724,326.2370153524799,0.30826520919799805
1725,5327.685,1972.553333333334,7151.0,100,100,1008,2.3429982139200476,7.094246031746032,2.5645663738250732,-1972.553333333334,-0.022730507946107537,29.85057657957077,0.7012670086696744,0.02958399583440041,0.06917317712213844,1725,326.2366086839556,0.30826520919799805
1726,5330.733,1952.8600000000015,7102.666666666669,100,100,1010,2.2935294047099455,7.0323432343234344,2.517840623855591,-1952.8600000000015,-0.02154602506197989,28.243907272815704,0.6000216407701373,0.042457174364244565,0.08394531230442226,1726,326.2395425197924,0.30826520919799805
1727,5333.422,1889.1466666666663,6897.999999999999,100,100,1007,1.9666182719792547,6.850049652432968,2.176561117172241,-1889.1466666666663,-0.0074159729410894215,31.587708294391632,0.6539653390645981,0.0535234147682786,0.08131441136356443,1727,326.2638952657095,0.30826520919799805
1728,5336.099,1916.8900000000006,7022.0,100,100,1016,1.9501555113142033,6.911417322834645,2.1806602478027344,-1916.8900000000006,-0.01577518502017483,22.80665084719658,0.6447978848591447,0.025567339296685532,0.07672991091385484,1728,326.29058895220857,0.30826520919799805
1729,5338.793,2099.8533333333344,7415.333333333335,100,100,1009,1.9624700680480323,7.349190617773375,2.183906078338623,-2099.8533333333344,-0.019013615004951134,37.305023074150085,0.7132943868637085,0.012173816583526786,0.05885283788666129,1729,326.31492603821283,0.30826520919799805
1730,5344.596,1976.1099999999994,7246.666666666668,100,100,1007,1.947791557463095,7.196292618338299,2.1610751152038574,-1976.1099999999994,-0.012551672756671906,19.90876066684723,0.6563381068408489,0.029293665691511706,0.06137799168936908,1730,326.3407295210094,0.30826520919799805
1731,5347.289,1850.7933333333342,6914.33333333333,100,100,1008,1.9683024787347734,6.859457671957669,2.178530693054199,-1850.7933333333342,-0.021445714170113206,27.186468541622162,0.567016894929111,0.05513504895498045,0.072265625,1731,326.1733256432225,0.30826520919799805
1732,5349.951,1871.0333333333322,7015.999999999998,100,100,1007,1.9586413101984008,6.967229394240316,2.16679048538208,-1871.0333333333322,-0.018593522006995045,21.342465847730637,0.588993988931179,0.039911759606184205,0.06959566153818741,1732,326.1993111287007,0.30826520919799805
1733,5352.61,1909.206666666667,7094.333333333335,100,100,1008,1.9482089283262631,7.038029100529102,2.161856174468994,-1909.206666666667,-0.022251032933127135,20.33240097761154,0.7115892991423607,0.025416579766897485,0.09358723973855376,1733,326.22551472200877,0.30826520919799805
1734,5355.303,1957.3000000000009,7005.666666666665,100,100,1009,1.967217145779339,6.943178064089857,2.183459520339966,-1957.3000000000009,-0.02001014567213133,25.865105152130127,0.7149222139269114,0.02635058243686217,0.05768694181460887,1734,326.2499160508158,0.30826520919799805
1735,5357.962,1957.5700000000018,7144.333333333333,100,100,1009,1.9457944484457108,7.080607862570202,2.1626479625701904,-1957.5700000000018,-0.023633681004866958,25.8567036986351,0.6554168555885553,0.020658029010519385,0.10448222234845161,1735,326.2763569448775,0.30826520919799805
1736,5360.64,2015.2866666666666,7137.0,100,100,1014,1.9504377697419957,7.038461538461538,2.179774045944214,-2015.2866666666666,-0.01991534707485698,26.543527245521545,0.6812744364142418,0.011441230235504918,0.08235677087213844,1736,326.302473759229,0.30826520919799805
1737,5363.711,1982.056666666668,7087.666666666667,100,100,1008,2.3207757931520483,7.031415343915344,2.5464303493499756,-1982.056666666668,-0.011040886864066124,31.86736285686493,0.6670293379575014,0.02391035496839322,0.07112630223855376,1737,326.30359144297466,0.30826520919799805
1738,5366.765,1940.4533333333318,6995.666666666665,100,100,1008,2.28981528071306,6.9401455026455015,2.510951519012451,-1940.4533333333318,-0.022341845324262977,31.269882559776306,0.6752487141638994,0.03024595108581707,0.10335286473855376,1738,326.3057202546258,0.30826520919799805
1739,5369.904,1869.723333333334,6929.333333333335,100,100,1001,2.407574425818962,6.922410922410924,2.6095001697540283,-1869.723333333334,-0.014748362882528454,30.027658998966217,0.6565447635948658,0.017503291368484497,0.0766839743591845,1739,326.3013775898482,0.30826520919799805
1740,5376.337,1933.246666666666,6911.666666666669,100,100,1009,2.269817442712591,6.850016518004627,2.4945342540740967,-1933.246666666666,-0.0267405430204235,22.5162156522274,0.6775707099586725,0.02772444434594945,0.09227519121486694,1740,326.3062226928447,0.30826520919799805
1741,5379.438,2017.533333333333,6984.0,100,100,1008,2.3461798617583036,6.928571428571429,2.570873975753784,-2017.533333333333,-0.019987193460110575,45.32907748222351,0.6642077416181564,0.01935831884657091,0.07861328142462298,1741,326.09798848700643,0.30826520919799805
1742,5382.582,1913.6999999999991,6979.666666666663,100,100,1007,2.4029931491435077,6.931148626282685,2.6224355697631836,-1913.6999999999991,-0.02183974807849154,29.21510076522827,0.6440972741693258,0.019608963732025586,0.09591090376488864,1742,326.0946225206429,0.30826520919799805
1743,5385.689,1977.8600000000017,7083.000000000006,100,100,1002,2.357348202873661,7.068862275449108,2.568186044692993,-1977.8600000000017,-0.01850238913903013,41.220419049263,0.649418119341135,0.03625535859464435,0.08168247772846371,1743,326.0925376131125,0.30826520919799805
1744,5388.622,2035.7666666666657,7009.666666666664,100,100,1007,2.177334162836678,6.960940086064214,2.3964316844940186,-2035.7666666666657,-0.010240048286505044,42.234445452690125,0.62916642986238,0.0403078627132345,0.08188580442219973,1744,326.10197609400325,0.30826520919799805
1745,5391.628,2068.4233333333336,7256.666666666665,100,100,1006,2.266835984537863,7.213386348575214,2.4869065284729004,-2068.4233333333336,-0.023713921895250678,33.45160239934921,0.7005303893238306,0.010489826519915368,0.0846212636679411,1745,326.10669368017125,0.30826520919799805
1746,5394.406,1944.4566666666683,7072.666666666665,100,100,1006,2.041777335042523,7.030483764082172,2.254544973373413,-1944.4566666666683,-0.02177993004443124,30.78738033771515,0.6219376921653748,0.011901536980076344,0.11652938229963183,1746,326.12523072285313,0.30826520919799805
1747,5397.158,1881.6133333333346,6844.666666666674,100,100,1007,2.019128997790763,6.797087057265814,2.2348194122314453,-1881.6133333333346,-0.019320141582284123,51.34778594970703,0.6311907768249512,0.011310660440358333,0.09209815482608974,1747,326.1455631326099,0.30826520919799805
1748,5399.925,1852.9400000000012,6948.666666666664,100,100,1004,2.0211367525598147,6.920982735723769,2.2257192134857178,-1852.9400000000012,-0.017372457485180348,36.29187095165253,0.5981357181444764,0.013018124158406863,0.08393998607061803,1748,326.16435933651866,0.30826520919799805
1749,5402.711,1960.9666666666665,6911.333333333336,100,100,1001,2.061933266360882,6.904428904428907,2.2694008350372314,-1960.9666666666665,-0.01623844593996182,31.8929460644722,0.6417442569509149,0.008814232576696668,0.08889100584201515,1749,326.18140070760427,0.30826520919799805
1750,5408.65,1903.8866666666665,6922.000000000002,100,100,1008,2.038169149374072,6.867063492063494,2.2525858879089355,-1903.8866666666665,-0.019129365973640233,30.02447110414505,0.5792219694703817,0.01060986403899733,0.11116536473855376,1750,326.20069755667004,0.30826520919799805
1751,5411.412,1842.7800000000002,6963.333333333332,100,100,1006,2.031117890383789,6.921802518223989,2.2406466007232666,-1842.7800000000002,-0.017327729787211865,46.92843997478485,0.5597652057185769,0.0069404282185132615,0.08706266980152577,1751,326.02915603388703,0.30826520919799805
1752,5414.168,2098.523333333335,7094.333333333336,100,100,1010,2.0260023773823046,7.024092409240927,2.2542755603790283,-2098.523333333335,-0.016151547577464953,41.82156431674957,0.5839736610651016,0.014540242547809612,0.07830078108236194,1752,326.0497240498363,0.30826520919799805
1753,5416.937,1955.746666666667,6983.333333333336,100,100,1008,2.0140412703363433,6.927910052910056,2.2332711219787598,-1955.746666666667,-0.017484318232163787,36.300211787223816,0.5404226947575808,0.01816735688771587,0.08626302098855376,1753,326.0691559449371,0.30826520919799805
1754,5419.706,1922.2666666666687,7091.333333333336,100,100,1007,2.0467905668022026,7.042039059913938,2.259587526321411,-1922.2666666666687,-0.022528775269165635,33.486950755119324,0.5609821919351816,0.010451155641931109,0.08282081090146676,1754,326.08836045050265,0.30826520919799805
1755,5422.428,1882.4900000000007,6984.666666666667,100,100,1005,1.998932533943794,6.949917081260365,2.2058281898498535,-1882.4900000000007,-0.01602711610030383,30.51756000518799,0.60913803614676,0.021776731846330222,0.08242187520954758,1755,326.1099938686366,0.30826520919799805
1756,5425.113,1987.0133333333333,6987.66666666667,100,100,1009,1.9629371673933889,6.925338619094816,2.1814382076263428,-1987.0133333333333,-0.020821483572945,37.400072515010834,0.5804211366921663,0.015480682293855352,0.10688376892358065,1756,326.1345673033159,0.30826520919799805
1757,5427.812,1927.6166666666684,7015.333333333337,100,100,1005,1.971503181281078,6.980431177446106,2.181149482727051,-1927.6166666666684,-0.013495875522494316,35.05920881032944,0.5368860810995102,0.02203057177757728,0.09337022586259991,1757,326.15764668435594,0.30826520919799805
1758,5430.507,1956.3066666666648,7006.0,100,100,1010,1.9758596034296374,6.936633663366337,2.1980679035186768,-1956.3066666666648,-0.021084478066768497,41.76310604810715,0.59126568865031,0.016724581510061398,0.10076171869877726,1758,326.18172371862823,0.30826520919799805
1759,5433.252,2068.2566666666667,7047.6666666666615,100,100,999,2.0271866878091886,7.054721388054716,2.2349050045013428,-2068.2566666666667,-0.01850493100937456,38.771662294864655,0.6062343176454306,0.027765551476477413,0.07744891860056669,1759,326.20076066100773,0.30826520919799805
1760,5439.115,1954.1733333333343,7077.0,100,100,1009,1.9773782974633327,7.013875123885034,2.1970465183258057,-1954.1733333333343,-0.01513380417600274,48.90442657470703,0.6285378951579332,0.011488123794151761,0.07838408800307661,1760,326.22361979584895,0.30826520919799805
1761,5441.864,1938.9366666666665,6960.000000000002,100,100,1005,2.0198221879070672,6.92537313432836,2.2289230823516846,-1938.9366666666665,-0.014782794867642224,48.28316605091095,0.5681529575958848,0.0425000534960418,0.08522135420935228,1761,326.0546184842938,0.30826520919799805
1762,5444.555,1933.743333333332,7003.666666666668,100,100,1004,1.9838610550145659,6.975763612217797,2.192060947418213,-1933.743333333332,-0.019169766746927053,33.47525626420975,0.6197290690615773,0.015326525470300112,0.07484019896946847,1762,326.0779014309392,0.30826520919799805
1763,5447.271,1991.719999999998,7068.666666666662,100,100,1006,1.997166797754801,7.026507620941016,2.210158109664917,-1991.719999999998,-0.019046498971874826,33.83750003576279,0.6740143653005362,0.01819985470137908,0.08844259538454935,1763,326.1000133333137,0.30826520919799805
1764,5450.006,1970.8033333333342,7103.000000000005,100,100,1008,1.9937007927515042,7.046626984126989,2.209364175796509,-1970.8033333333342,-0.01944958308013156,30.237034022808075,0.6679290141910315,0.019878291866916697,0.0750325521803461,1764,326.1213103598113,0.30826520919799805
1765,5452.649,1989.1800000000003,7262.333333333335,100,100,1007,1.9296274075142175,7.211850380668654,2.1428418159484863,-1989.1800000000003,-0.02029383776243776,27.65552431344986,0.6904050000011921,0.04304753196629463,0.10554147232323885,1765,326.1478768113565,0.30826520919799805
1766,5455.306,1935.8333333333337,6935.333333333334,100,100,1006,1.9385112337508863,6.893969516235918,2.1484222412109375,-1935.8333333333337,-0.01611166392103769,35.45948874950409,0.6150212176144123,0.05249771566741401,0.09056555712595582,1766,326.17346636920456,0.30826520919799805
1767,5457.944,1886.2833333333335,6920.999999999997,100,100,1002,1.9393528947800012,6.907185628742512,2.138986587524414,-1886.2833333333335,-0.01923138345591724,36.1820073723793,0.5818044524639845,0.048332693717384245,0.11779203882906586,1767,326.19941834991073,0.30826520919799805
1768,5460.583,1830.5600000000004,6907.333333333334,100,100,1007,1.929767032028125,6.8593181065872235,2.140470266342163,-1830.5600000000004,-0.013550374074839056,27.400498926639557,0.5688068494200706,0.024761094071436673,0.08139752293936908,1768,326.2261618618935,0.30826520919799805
1769,5463.286,1902.053333333334,7072.666666666665,100,100,1006,1.9705318053119685,7.030483764082172,2.1833152770996094,-1902.053333333334,-0.013270047405967489,28.24668049812317,0.6008642828091979,0.0679933393112151,0.07184103270992637,1769,326.2488948933078,0.30826520919799805
1770,5468.999,1920.2333333333343,6931.333333333334,100,100,1012,1.941834683640466,6.849143610013176,2.162109851837158,-1920.2333333333343,-0.017649147019255906,32.173193633556366,0.5951101845130324,0.018631294486112893,0.09104567370377481,1770,326.273806798026,0.30826520919799805
1771,5471.642,1971.680000000001,7087.33333333333,100,100,1007,1.9277293951127608,7.038066865276395,2.1392505168914795,-1971.680000000001,-0.019585080386605114,29.52452003955841,0.5793960001319647,0.018094190934789367,0.07057222403818741,1771,326.11966016036814,0.30826520919799805
1772,5474.301,1939.2433333333338,6798.333333333333,100,100,1008,1.931978969618545,6.744378306878307,2.146085262298584,-1939.2433333333338,-0.018791370413964614,28.91506427526474,0.5590518722310662,0.03720959627389675,0.07568359392462298,1772,326.14538226218815,0.30826520919799805
1773,5476.956,1848.9266666666676,6909.666666666666,100,100,1005,1.9492756241737907,6.8752902155887226,2.1540470123291016,-1848.9266666666676,-0.012225662969285622,35.23435080051422,0.5153383295983076,0.026615178067004308,0.08352864603511989,1773,326.17078379123836,0.30826520919799805
1774,5479.598,1868.6600000000012,6919.0,100,100,1011,1.927396635944991,6.843719090009891,2.142516613006592,-1868.6600000000012,-0.016842521319631487,30.451828181743622,0.5408604461699724,0.02567549167724792,0.08217486238572747,1774,326.19805105981845,0.30826520919799805
1775,5482.42,2015.0766666666675,7173.666666666665,100,100,1006,2.0679223645574765,7.130881378396287,2.2816832065582275,-2015.0766666666675,-0.009309606859460473,32.3063423037529,0.5739736007526517,0.02479016066172335,0.07506793475477025,1775,326.2136166948251,0.30826520919799805
1776,5485.506,1918.4366666666692,7007.3333333333385,100,100,1004,2.352902985876426,6.979415670650735,2.562102794647217,-1918.4366666666692,-0.019234330975450575,32.088157296180725,0.46057345159351826,0.07577124238014221,0.0791459521278739,1776,326.21313711567547,0.30826520919799805
1777,5488.624,1869.3833333333337,6791.000000000001,100,100,1006,2.3818779329419373,6.750497017892645,2.5938007831573486,-1869.3833333333337,-0.012995591852813959,25.290134012699127,0.448887275531888,0.03184379660524428,0.10181725537404418,1777,326.21106204061243,0.30826520919799805
1778,5491.63,1920.420000000001,7014.999999999999,100,100,1005,2.264065572306217,6.980099502487561,2.472794771194458,-1920.420000000001,-0.013072450354229659,34.301216542720795,0.4380779145285487,0.04542903203400783,0.06512586819007993,1778,326.21552385425287,0.30826520919799805
1779,5494.635,1818.4766666666674,6958.333333333332,100,100,1011,2.2352715127647262,6.882624464226837,2.4591658115386963,-1818.4766666666674,-0.015271223768650088,24.042776495218277,0.4934356212615967,0.05332534428453073,0.08120787399820983,1779,326.2211338115144,0.30826520919799805
1780,5501.266,1953.4300000000003,6990.666666666667,100,100,1008,2.2917286703540456,6.935185185185185,2.510030746459961,-1953.4300000000003,-0.01305922376923263,22.802271723747253,0.5289352955296636,0.05748363566817716,0.07958984386641532,1780,326.2238407474818,0.30826520919799805
1781,5504.324,1900.5800000000017,7010.000000000006,100,100,1014,2.28592209013719,6.913214990138074,2.5170841217041016,-1900.5800000000017,-0.011402641946915537,24.142206996679306,0.5384716726839542,0.038839831278892234,0.0679253472480923,1781,326.0142545559908,0.30826520919799805
1782,5507.219,1916.496666666667,6869.666666666664,100,100,1007,2.1519533262792474,6.821913273750411,2.3669557571411133,-1916.496666666667,-0.007480876200133935,22.121173799037933,0.5222074808552861,0.05257726241325145,0.07989112357608974,1782,326.02572077895496,0.30826520919799805
1783,5510.279,1843.7633333333322,6803.333333333334,100,100,1005,2.3207784060444405,6.769485903814263,2.5270886421203613,-1843.7633333333322,-0.010615695849992335,33.64172273874283,0.37589476350694895,0.07819354148159618,0.07900390634313226,1783,326.0270396480335,0.30826520919799805
1784,5513.073,1783.9933333333338,6813.333333333335,100,100,1009,2.068826464804146,6.7525602907168825,2.2810091972351074,-1783.9933333333338,-0.009436894615646452,22.689258754253387,0.47338789142668247,0.07554627356876153,0.06320750928716734,1784,326.04483193821665,0.30826520919799805
1785,5515.772,1944.3399999999983,6877.666666666667,100,100,1006,1.9864401592369418,6.836646785950961,2.19748854637146,-1944.3399999999983,-0.00957493344321847,22.471696972846985,0.5789919542148709,0.026257098637870513,0.06324303662404418,1785,326.0676645955934,0.30826520919799805
1786,5518.496,1934.7966666666675,7188.0,100,100,1008,1.9996122027228085,7.130952380952381,2.2137489318847656,-1934.7966666666675,-0.012146286433562636,26.36697083711624,0.5896858209744096,0.07063243025186239,0.06412760424427688,1786,326.08943538323985,0.30826520919799805
1787,5521.247,1865.7099999999998,6894.999999999998,100,100,1012,2.023912348628979,6.8132411067193654,2.246056079864502,-1865.7099999999998,-0.007008570188190788,32.41318732500076,0.570740326307714,0.06310061022668378,0.0679462140542455,1787,326.11020878122355,0.30826520919799805
1788,5523.991,1854.3966666666672,6912.333333333336,100,100,1006,1.991536184519559,6.87110669317429,2.2015433311462402,-1854.3966666666672,-0.0168423009745311,24.168229907751083,0.580023149959743,0.06489372530631954,0.07808254077099264,1788,326.13032855905465,0.30826520919799805
1789,5526.721,2009.8433333333335,7032.333333333335,100,100,1007,2.009014400182793,6.983449189010263,2.226194381713867,-2009.8433333333335,-0.01013638562289998,28.52295756340027,0.5898551559075713,0.0312169114840799,0.08975024928804487,1789,326.15144091151984,0.30826520919799805
1790,5532.653,1920.293333333332,6920.999999999998,100,100,1006,2.033100300630514,6.879721669980118,2.242732524871826,-1920.293333333332,-0.0018945570336654782,32.60462760925293,0.5332459891214967,0.09953727044921834,0.07056725537404418,1790,326.1698140830228,0.30826520919799805
1791,5535.393,1876.9766666666671,6925.333333333338,100,100,1011,1.998268646804356,6.849983514671946,2.216623544692993,-1876.9766666666671,-0.01327864860650152,20.99504044651985,0.5339318970218301,0.04987540870934026,0.08364928024820983,1791,326.00487829656424,0.30826520919799805
1792,5538.129,2031.7300000000005,7194.0,100,100,1012,1.9964365614854211,7.108695652173913,2.2234771251678467,-2031.7300000000005,-0.015473289706278592,29.131632894277573,0.6140568051487207,0.03506200136234838,0.0723031852976419,1792,326.0265504677808,0.30826520919799805
1793,5540.849,1814.683333333335,6792.000000000002,100,100,1009,1.9877020823903109,6.73141724479683,2.1998069286346436,-1814.683333333335,-0.013275727127620485,26.47901999950409,0.5875590266659856,0.010249635415675584,0.05490672821179032,1793,326.04858087417705,0.30826520919799805
1794,5543.532,1914.6066666666666,7042.333333333331,100,100,1008,1.9582641863731653,6.986441798941796,2.1682214736938477,-1914.6066666666666,-0.008276385779026896,26.984938204288483,0.5064958287402987,0.06152110450784676,0.064453125,1794,326.0726954114,0.30826520919799805
1795,5546.219,1899.1733333333343,6985.333333333334,100,100,1010,1.9682494035949654,6.916171617161717,2.1834423542022705,-1899.1733333333343,-0.013671263179276139,17.81482607126236,0.5681012012064457,0.06656630807628972,0.07078124978579581,1795,326.0968023624971,0.30826520919799805
1796,5548.901,1885.750000000001,6962.666666666664,100,100,1007,1.953073184892846,6.914266799073152,2.1643240451812744,-1885.750000000001,-0.010994182055583224,25.86956286430359,0.5632985392585397,0.0617221784486901,0.09045669878832996,1796,326.12061749153287,0.30826520919799805
1797,5551.589,1979.3566666666663,7064.000000000001,100,100,1008,1.9607693446607934,7.007936507936509,2.174818515777588,-1979.3566666666663,-0.010786990518681705,28.556972861289978,0.5005820095539093,0.04335624042141717,0.09895833348855376,1797,326.14429165742723,0.30826520919799805
1798,5554.288,1924.3666666666657,7027.999999999997,100,100,1008,1.9688901778112815,6.97222222222222,2.182682752609253,-1924.3666666666657,-0.00940238895418588,24.02384653687477,0.6042815074324608,0.02337929277564399,0.07893880223855376,1798,326.1673206162987,0.30826520919799805
1799,5556.95,1826.56,7137.333333333331,100,100,1007,1.9495268125741816,7.087719298245612,2.1569736003875732,-1826.56,-0.014254087844165042,20.943937957286835,0.6356659168377519,0.029605512507259846,0.0929396606516093,1799,326.19223931974966,0.30826520919799805
1800,5562.701,1886.833333333333,6913.666666666668,100,100,1006,1.9661677930926234,6.87243207422134,2.1745662689208984,-1886.833333333333,-0.009281730279326439,19.658748030662537,0.5377282304689288,0.026477247741240717,0.06003736419370398,1800,326.2163735395509,0.30826520919799805
1801,5565.377,1953.2933333333326,6947.0,100,100,1006,1.9431949325116948,6.905566600397615,2.1513214111328125,-1953.2933333333326,-0.00956901058088988,25.086383283138275,0.5988779095932841,0.043163499867659993,0.05398692254675552,1801,326.0598478299405,0.30826520919799805
1802,5568.07,1988.193333333334,7167.333333333334,100,100,1010,1.9665038596958586,7.096369636963697,2.190244197845459,-1988.193333333334,-0.016058196895755827,31.5594642162323,0.6542941890656948,0.0411024299392011,0.07453124970197678,1802,326.08353382409973,0.30826520919799805
1803,5570.759,1883.7133333333331,6894.000000000003,100,100,1006,1.9790992079669272,6.852882703777339,2.1849870681762695,-1883.7133333333331,-0.01361513786832802,23.00332373380661,0.6166270831599832,0.039260438570636325,0.09234884520992637,1803,326.1067476062698,0.30826520919799805
1804,5573.408,1938.0233333333342,7172.000000000005,100,100,1006,1.9277285295677469,7.12922465208748,2.1363372802734375,-1938.0233333333342,-0.01207202667137608,21.666892617940903,0.6698194658383727,0.06352153651823755,0.09534222143702209,1804,326.13221346209406,0.30826520919799805
1805,5576.056,1857.7700000000002,6926.333333333332,100,100,1004,1.94408775161603,6.898738379814076,2.1469016075134277,-1857.7700000000002,-0.019458667724393308,29.13108190894127,0.6872101593762636,0.04410960563109256,0.09113103710114956,1805,326.15742390332775,0.30826520919799805
1806,5578.709,2061.1166666666663,7299.66666666667,100,100,1006,1.9389303202303885,7.256129887342614,2.1516361236572266,-2061.1166666666663,-0.013756570988334715,36.16002005338669,0.7071528770029545,0.03934226328419754,0.07368800963740796,1806,326.1826076775124,0.30826520919799805
1807,5581.387,1981.3400000000017,7145.000000000001,100,100,1011,1.941819683212002,7.067260138476756,2.1616036891937256,-1981.3400000000017,-0.01197911921190098,32.07708579301834,0.6248265858739614,0.028752730708220042,0.06460631149820983,1807,326.20727572499067,0.30826520919799805
1808,5584.121,1901.0200000000007,6967.333333333332,100,100,1004,1.988340937022298,6.93957503320053,2.1943981647491455,-1901.0200000000007,-0.013058651820756495,24.420144081115723,0.7001273408532143,0.03049941721110372,0.06178977293893695,1808,326.2273573734563,0.30826520919799805
1809,5586.772,1904.0533333333342,6996.333333333335,100,100,1008,1.9244806561988617,6.94080687830688,2.1364457607269287,-1904.0533333333342,-0.01472791435662657,27.887303292751312,0.6236624056473374,0.02711613685823977,0.08610026072710752,1809,326.25304030198083,0.30826520919799805
1810,5592.455,1887.3466666666666,6854.0,100,100,1002,1.9204247513546158,6.840319361277445,2.120262622833252,-1887.3466666666666,-0.015310500195482746,36.61923831701279,0.6134860096499324,0.10913795140368165,0.08430989587213844,1810,326.2792931467203,0.30826520919799805
1811,5595.1,2028.570000000001,7147.666666666665,100,100,1011,1.9158881300881607,7.0698977909660385,2.1396236419677734,-2028.570000000001,-0.020727663883008063,34.750995486974716,0.6838179007172585,0.026989017454980058,0.07730162423104048,1811,326.1271258500934,0.30826520919799805
1812,5597.796,1970.1066666666668,7118.6666666666715,100,100,1004,1.9655088660774744,7.090305444887123,2.173428535461426,-1970.1066666666668,-0.019770792801864445,33.17304039001465,0.728043319657445,0.06263840368774254,0.06627308251336217,1812,326.14941928858195,0.30826520919799805
1813,5600.453,1984.080000000001,7160.333333333333,100,100,1007,1.9401656397846792,7.110559417411453,2.1553616523742676,-1984.080000000001,-0.01722084329230711,40.41594159603119,0.7046375200152397,0.028672398326307302,0.08215591742191464,1813,326.17448021331677,0.30826520919799805
1814,5603.526,1881.5333333333338,6996.333333333332,100,100,1007,2.324852830931071,6.9476994372724254,2.54055118560791,-1881.5333333333338,-0.017565712822033674,24.996699690818787,0.7045995257794857,0.013874288422812242,0.060983211325947195,1814,326.17533653633654,0.30826520919799805
1815,5606.552,1982.703333333334,6930.999999999998,100,100,1009,2.2707386516917007,6.8691774033696715,2.4953300952911377,-1982.703333333334,-0.021148395957425237,24.778883039951324,0.747600669041276,0.026515068668231834,0.0799585459753871,1815,326.17928540695993,0.30826520919799805
1816,5609.553,1898.25,6881.333333333335,100,100,1006,2.248484692346512,6.840291583830353,2.462186336517334,-1898.25,-0.016264956793747842,40.791925847530365,0.6666419431567192,0.022445866852649488,0.07466457213740796,1816,326.1841701420067,0.30826520919799805
1817,5612.813,1876.0066666666667,6856.000000000003,100,100,1009,2.4965043612123567,6.79484638255699,2.7210490703582764,-1876.0066666666667,-0.017421244061551988,25.974961042404175,0.7117877043783665,0.03513411398671451,0.08855827478691936,1817,326.1744336429422,0.30826520919799805
1818,5616.03,2007.6699999999996,7118.0,100,100,1006,2.467484492183687,7.075546719681909,2.688570976257324,-2007.6699999999996,-0.016396466991864145,42.932979226112366,0.772653341293335,0.08904266115860082,0.06014351226622239,1818,326.1666952865138,0.30826520919799805
1819,5618.991,1924.6366666666663,7010.999999999997,100,100,1011,2.2073613262563043,6.934718100890205,2.4354746341705322,-1924.6366666666663,-0.019162029959261417,27.76807826757431,0.6707931086421013,0.03017252635618206,0.09780943649820983,1819,326.1747355968496,0.30826520919799805
1820,5625.75,1929.0066666666671,6927.000000000001,100,100,1012,2.262337253844962,6.844861660079053,2.4921557903289795,-1929.0066666666671,-0.0032456503831781447,22.143862009048462,0.7133307680487633,0.013712119544834422,0.062161959474906325,1820,326.1790542654093,0.30826520919799805
1821,5628.931,1976.6333333333337,7197.6666666666715,100,100,1010,2.4103833643701114,7.126402640264031,2.6403064727783203,-1976.6333333333337,-0.02068835258251056,49.32253611087799,0.6827181670814753,0.027051448050769977,0.07615234365221113,1821,325.95798053847165,0.30826520919799805
1822,5631.907,1872.5100000000007,6849.333333333335,100,100,1005,2.2442615900272087,6.815257048092871,2.452086925506592,-1872.5100000000007,-0.013962942059151828,34.47764366865158,0.6492663491517305,0.044087975584261585,0.06435546884313226,1822,325.96417168631206,0.30826520919799805
1823,5635.024,1819.0199999999998,7019.999999999997,100,100,1006,2.3861021827813795,6.978131212723655,2.5984466075897217,-1819.0199999999998,-0.01796798559371382,21.318170458078384,0.6281978385522962,0.03128999104956165,0.0997579824179411,1823,325.9624092543082,0.30826520919799805
1824,5637.95,1948.5233333333326,7180.666666666669,100,100,1005,2.1938710435251916,7.144941956882257,2.4048361778259277,-1948.5233333333326,-0.018831478897482157,22.721856474876404,0.6585053950548172,0.009418744044523919,0.07635633694007993,1824,325.97152256181147,0.30826520919799805
1825,5640.836,2005.663333333333,7236.0,100,100,1003,2.1576488516845944,7.214356929212363,2.3671364784240723,-2005.663333333333,-0.015492128324694932,29.934890151023865,0.6731170490384102,0.04172314317111159,0.09663426596671343,1825,325.9826091438392,0.30826520919799805
1826,5643.988,2015.2099999999998,7095.0,100,100,1011,2.381338868368487,7.017804154302671,2.620250701904297,-2015.2099999999998,-0.020066587661858648,40.937515795230865,0.7138341572135687,0.04831581426333287,0.08609068673104048,1826,325.9795894711205,0.30826520919799805
1827,5647.112,2041.6333333333343,7156.666666666666,100,100,1009,2.371980774869849,7.092831185992732,2.597677707672119,-2041.6333333333343,-0.02107055883971043,39.57100158929825,0.6673698872327805,0.013084103793516988,0.06628667062614113,1827,325.9779626588081,0.30826520919799805
1828,5650.092,1836.8933333333327,6968.666666666665,100,100,1018,2.2076188565153183,6.845448592010476,2.447375535964966,-1836.8933333333327,-0.013779146072920412,37.28109014034271,0.6069246158003807,0.06114654039993184,0.06861193431541324,1828,325.9861902229762,0.30826520919799805
1829,5653.003,1922.666666666668,6936.000000000004,100,100,1004,2.162504982155937,6.9083665338645455,2.370107650756836,-1922.666666666668,-0.0157685992307961,41.21485924720764,0.5789639111608267,0.007409402554912958,0.0762162646278739,1829,325.9959477407123,0.30826520919799805
1830,5659.795,1947.9099999999992,6902.666666666671,100,100,1005,2.4163369156549965,6.868325041459374,2.630941867828369,-1947.9099999999992,-0.014514293579850346,23.26043003797531,0.6439247382804751,0.016646623465931043,0.0799804690759629,1830,325.991891963463,0.30826520919799805
1831,5662.944,1953.3033333333337,6903.333333333335,100,100,1006,2.385693837061828,6.862160371106695,2.6016345024108887,-1953.3033333333337,-0.021892892953474075,29.98179167509079,0.6430864557623863,0.009160131001408445,0.07623556413454935,1831,325.7787699949554,0.30826520919799805
1832,5666.158,1998.1000000000013,7104.666666666668,100,100,1011,2.447917904063661,7.027365644576328,2.6812214851379395,-1998.1000000000013,-0.01718886144226417,29.064862847328186,0.606530848890543,0.03413715216447599,0.08412798738572747,1832,325.77243060419244,0.30826520919799805
1833,5669.176,1859.9633333333338,6892.000000000005,100,100,1008,2.2550812499257664,6.837301587301591,2.4717583656311035,-1859.9633333333338,-0.02151895227143541,26.500624239444733,0.6267239581793547,0.031134471167206357,0.08056640659924597,1833,325.7768215864115,0.30826520919799805
1834,5672.19,1885.5933333333326,6982.66666666667,100,100,1016,2.2286999042331073,6.872703412073494,2.4685511589050293,-1885.5933333333326,-0.01687563629820943,31.849005699157715,0.6199592594057322,0.038416805167798884,0.06835937523283064,1834,325.7827991915043,0.30826520919799805
1835,5675.384,1994.1966666666665,6997.666666666668,100,100,1008,2.4218032717943148,6.942129629629631,2.647397518157959,-1994.1966666666665,-0.014985661138780415,37.43538612127304,0.6592370998114347,0.012075103455572389,0.08235677098855376,1835,325.7771356045779,0.30826520919799805
1836,5678.613,1984.9133333333332,7004.000000000001,100,100,1012,2.45226511725762,6.920948616600791,2.689399003982544,-1984.9133333333332,-0.020216272911056876,30.410290330648422,0.6051179291680455,0.011510597661981592,0.08574969979235902,1836,325.77006097268554,0.30826520919799805
1837,5681.609,1947.3333333333326,6940.666666666666,100,100,1005,2.23516427937302,6.906135986733001,2.449618339538574,-1947.3333333333326,-0.023076415876857936,32.06075918674469,0.6512161530554295,0.015437503894645488,0.07697482645744458,1837,325.7751703466569,0.30826520919799805
1838,5684.635,1937.0300000000009,7092.999999999997,100,100,1012,2.2515395264879325,7.0088932806324085,2.482492446899414,-1937.0300000000009,-0.01823515520663932,40.50268507003784,0.6559925023466349,0.013336156873265281,0.06437800504500046,1838,325.7797662094883,0.30826520919799805
1839,5687.884,1938.9833333333327,7151.666666666665,100,100,1014,2.4650500950916014,7.052925706771859,2.7034754753112793,-1938.9833333333327,-0.015553393517620862,38.605768978595734,0.6030231341719627,0.0400609635253204,0.07490596093703061,1839,325.77193941430187,0.30826520919799805
1840,5694.192,1891.5200000000002,7034.000000000001,100,100,1014,2.4437947718599258,6.936883629191322,2.6793739795684814,-1891.5200000000002,-0.02267069136723876,33.982492446899414,0.6142727956175804,0.01019589103088947,0.089156539645046,1840,325.7672447825141,0.30826520919799805
1841,5696.914,1906.886666666666,6995.666666666667,100,100,1014,1.9702844184417374,6.899079552925707,2.19916033744812,-1906.886666666666,-0.02306706178933382,26.53285837173462,0.5632981145754457,0.03475376656570006,0.08747468190267682,1841,325.6115428015739,0.30826520919799805
1842,5699.602,1983.8766666666652,7064.3333333333285,100,100,1014,1.9510173586911763,6.9667981591058465,2.179494619369507,-1983.8766666666652,-0.021664937085006386,33.27374166250229,0.6063792733475566,0.006847973163530696,0.08213975722901523,1842,325.6358955235995,0.30826520919799805
1843,5702.289,1840.0699999999995,6905.000000000002,100,100,1014,1.9465144959010212,6.80966469428008,2.169898748397827,-1840.0699999999995,-0.01832124963402748,23.44008308649063,0.6213148245587945,0.014863600961689372,0.093207465717569,1843,325.66024824445157,0.30826520919799805
1844,5704.992,1961.0933333333337,7113.666666666666,100,100,1014,1.9696811637730949,7.015450361604207,2.1975865364074707,-1961.0933333333337,-0.019920668681152165,30.63309907913208,0.6188752558082342,0.014117563783656806,0.07503255223855376,1844,325.6837354067499,0.30826520919799805
1845,5707.71,2024.683333333334,7175.333333333334,100,100,1018,1.9732610019946686,7.04846103470858,2.2120609283447266,-2024.683333333334,-0.01631158805685118,35.40080797672272,0.6414575986564159,0.030034442286705598,0.06583378231152892,1845,325.7069940354081,0.30826520919799805
1846,5710.409,1880.7633333333329,6844.333333333333,100,100,1008,1.967534724422472,6.790013227513227,2.1803081035614014,-1880.7633333333329,-0.01150535314809531,28.868549704551697,0.6264986889436841,0.04845006502728211,0.0872395837213844,1846,325.7295614527381,0.30826520919799805
1847,5713.063,1801.9233333333345,6772.333333333333,100,100,1011,1.9378732939634904,6.698648203099242,2.15085506439209,-1801.9233333333345,-0.011216644430533051,26.25015562772751,0.533531665802002,0.014070363933569752,0.081456801854074,1847,325.7552232245023,0.30826520919799805
1848,5715.753,1948.0433333333317,7116.66666666667,100,100,1014,1.953691916785495,7.018408941485868,2.182908058166504,-1948.0433333333317,-0.018792581628076732,23.325923085212708,0.6530834250152111,0.04057064829976298,0.06890190986450762,1848,325.77932148790154,0.30826520919799805
1849,5718.435,1849.0600000000015,6944.666666666671,100,100,1006,1.9553294237545704,6.903247183565279,2.1625664234161377,-1849.0600000000015,-0.02034946414642036,23.913110375404358,0.6219576690346003,0.025085756176849827,0.0865743886679411,1849,325.8024216358695,0.30826520919799805
1850,5724.841,1855.156666666666,6955.0,100,100,1009,1.9566881085254022,6.892963330029732,2.171207904815674,-1855.156666666666,-0.014316647371742874,19.778884410858154,0.6020923992618918,0.04825830744812265,0.10361527418717742,1850,325.82547591919126,0.30826520919799805
1851,5727.858,1890.0699999999995,6987.333333333327,100,100,1004,2.272098204835255,6.959495351925624,2.4798197746276855,-1890.0699999999995,-0.015638287048204802,24.346328139305115,0.5692420629784465,0.02731148002203554,0.07452947436831892,1851,325.6178711306173,0.30826520919799805
1852,5730.903,1936.0,7043.000000000003,100,100,1009,2.292259365765099,6.980178394449953,2.514676332473755,-1936.0,-0.01742460903187748,29.203636348247528,0.6125059304758906,0.03486908204649808,0.08938536350615323,1852,325.6209373490146,0.30826520919799805
1853,5734.001,1853.8999999999996,6996.333333333335,100,100,1009,2.3350170482369093,6.933927981499837,2.5582869052886963,-1853.8999999999996,-0.017288873088546097,27.06924068927765,0.6562612950801849,0.025630922453274252,0.07732780615333468,1853,325.62106018003004,0.30826520919799805
1854,5737.201,1789.829999999999,6803.999999999999,100,100,1012,2.435204841352064,6.723320158102766,2.663740396499634,-1789.829999999999,-0.012694444158114493,28.92907005548477,0.5410320227965713,0.046215057460358366,0.10554387047886848,1854,325.61575483308997,0.30826520919799805
1855,5740.353,2053.4599999999987,7305.333333333331,100,100,1008,2.3634811512902307,7.247354497354495,2.5885794162750244,-2053.4599999999987,-0.014347228774568066,38.0025914311409,0.6214122390374541,0.020531478148768656,0.076171875,1855,325.61256972782314,0.30826520919799805
1856,5743.447,1868.6999999999982,6986.666666666666,100,100,1007,2.344359584682637,6.938099966898378,2.5617752075195312,-1868.6999999999982,-0.015125764904951211,31.101872980594635,0.6514444965869188,0.017553447338286787,0.07297207444207743,1856,325.6125252535537,0.30826520919799805
1857,5746.534,1917.6333333333325,7004.333333333334,100,100,1010,2.324518020204868,6.934983498349836,2.5486648082733154,-1917.6333333333325,-0.015253262652549893,24.56375390291214,0.6802942603826523,0.02118241744756233,0.07824218738824129,1857,325.61334029111447,0.30826520919799805
1858,5749.778,1875.34,6732.33333333333,100,100,1008,2.4332858134469477,6.678902116402114,2.6551246643066406,-1875.34,-0.019294461701065302,31.198486983776093,0.6717029269784689,0.015510560107941274,0.0779622399713844,1858,325.60491045431,0.30826520919799805
1859,5752.666,1932.2366666666653,6978.999999999999,100,100,1006,2.161933497408179,6.937375745526838,2.3735451698303223,-1932.2366666666653,-0.019250583718530834,32.136047184467316,0.6415600050240755,0.02766959563450655,0.07670261571183801,1859,325.6163233210663,0.30826520919799805
1860,5758.706,1820.806666666665,6943.333333333335,100,100,1012,2.101209684157295,6.861001317523058,2.324091911315918,-1820.806666666665,-0.01819651003461331,21.39458867907524,0.6058901157230139,0.01647538022007211,0.07789963961113244,1860,325.63089491424154,0.30826520919799805
1861,5761.489,1944.03,7040.66666666667,100,100,1009,2.0297458846485696,6.977865873802448,2.2471325397491455,-1944.03,-0.013511129771359265,29.073411345481873,0.6293710600584745,0.024515211065590847,0.07342155586229637,1861,325.46852089667965,0.30826520919799805
1862,5764.305,1975.756666666666,7102.333333333332,100,100,1009,2.0574138761009757,7.038982490915096,2.2790298461914062,-1975.756666666666,-0.020338516391348094,30.589101016521454,0.6215439112856984,0.02607455078396015,0.07661033165641129,1862,325.4845014244478,0.30826520919799805
1863,5767.067,1911.4833333333327,6973.333333333332,100,100,1003,2.0405010945615865,6.952475905616483,2.246203899383545,-1911.4833333333327,-0.02396635850891471,25.17600691318512,0.613133167847991,0.016126218673889525,0.07807957846671343,1863,325.5025533541941,0.30826520919799805
1864,5769.892,1923.6366666666677,6946.333333333336,100,100,1007,2.057604268706536,6.898047004303213,2.272571325302124,-1923.6366666666677,-0.015659282100386918,32.54130947589874,0.5373426862061024,0.006692543403914897,0.08086768607608974,1864,325.5177096028338,0.30826520919799805
1865,5772.655,1914.8266666666664,6909.3333333333285,100,100,1007,2.0336419089152566,6.861304203905987,2.248993396759033,-1914.8266666666664,-0.017530108336359262,26.85540473461151,0.6124906316399574,0.01851568149504601,0.0761199300759472,1865,325.53635314555805,0.30826520919799805
1866,5775.441,1987.3000000000009,7021.333333333334,100,100,1007,2.039492851083445,6.972525653757034,2.2567553520202637,-1987.3000000000009,-0.01702743291389197,26.60958069562912,0.5593972885981202,0.018133102283172775,0.0714552856516093,1866,325.55364436026144,0.30826520919799805
1867,5778.254,1870.783333333333,6828.333333333333,100,100,1002,2.0833815366193327,6.814703925482369,2.287311315536499,-1870.783333333333,-0.014621517271734774,20.302292674779892,0.5894737867638469,0.012745077146973927,0.07210286462213844,1867,325.5686143459238,0.30826520919799805
1868,5781.038,1809.2833333333335,6754.33333333334,100,100,1010,2.0290750470750107,6.687458745874594,2.2480645179748535,-1809.2833333333335,-0.014828492945525795,29.43872356414795,0.5558774946257472,0.018875732908782084,0.07175781251862645,1868,325.58649560833913,0.30826520919799805
1869,5783.784,2044.5733333333337,7324.333333333332,100,100,1009,2.011080674584346,7.259002312520646,2.2329554557800293,-2044.5733333333337,-0.014896274718921632,33.80179935693741,0.5395390894263983,0.03002135888527846,0.07594268169486895,1869,325.6063907195469,0.30826520919799805
1870,5789.678,1856.696666666667,6890.333333333331,100,100,1014,2.0039288937417274,6.795200525969754,2.2294421195983887,-1856.696666666667,-0.021013882651459426,26.796706438064575,0.5203411607071757,0.02298404835164547,0.11241319449618459,1870,325.6273308135343,0.30826520919799805
1871,5792.439,1892.1466666666665,6916.000000000002,100,100,1010,2.0063145561051545,6.847524752475249,2.2251644134521484,-1892.1466666666665,-0.016664296155795455,25.43796682357788,0.5503375874832273,0.014643630966020282,0.08089843729976565,1871,325.4692704728669,0.30826520919799805
1872,5795.156,1832.2433333333333,6929.666666666666,100,100,1007,1.9928585888693977,6.881496193313472,2.2036194801330566,-1832.2433333333333,-0.01609015473513864,23.125012397766113,0.4293399006128311,0.020532501352136023,0.0742083607474342,1872,325.49045701091404,0.30826520919799805
1873,5797.882,1865.3233333333337,6794.666666666665,100,100,1004,1.9939695210131145,6.767596281540503,2.198242425918579,-1865.3233333333337,-0.02035794296534732,23.62760666012764,0.5073576718568802,0.0197656428317714,0.09907670458778739,1873,325.51057221907416,0.30826520919799805
1874,5800.551,1933.3866666666663,7036.666666666665,100,100,1002,1.9573977025608698,7.022621423819027,2.1602792739868164,-1933.3866666666663,-0.015164902433753014,37.94565957784653,0.48590535018593073,0.012201754943816923,0.06847563246265054,1874,325.5335906620578,0.30826520919799805
1875,5803.243,1844.860000000002,6777.66666666667,100,100,1008,1.972329163797281,6.723875661375664,2.185880422592163,-1844.860000000002,-0.015298601472750306,27.22084867954254,0.486483795568347,0.032484633644344285,0.07877604168606922,1875,325.5562283631482,0.30826520919799805
1876,5805.966,1991.043333333334,6987.333333333338,100,100,1007,1.9619950341188386,6.938761999337972,2.176767349243164,-1991.043333333334,-0.020037417169078253,29.23688179254532,0.5192147893831134,0.011215020720555913,0.08499210397712886,1876,325.5770019894575,0.30826520919799805
1877,5808.694,1959.823333333333,6905.0,100,100,1004,2.008727788776753,6.877490039840637,2.218055486679077,-1959.823333333333,-0.016497469099704176,37.759113907814026,0.5112404134124517,0.031173127605143236,0.08402876439504325,1877,325.5969145633725,0.30826520919799805
1878,5811.418,1965.6033333333319,7019.999999999999,100,100,1012,1.9732432808265046,6.936758893280632,2.198392391204834,-1965.6033333333319,-0.014882021234370768,34.10388273000717,0.539594130590558,0.026123705862119095,0.07583383447490633,1878,325.6184488474276,0.30826520919799805
1879,5814.1,1829.056666666666,6847.000000000002,100,100,1009,1.9538045585768369,6.7859266600594665,2.1655306816101074,-1829.056666666666,-0.013599047844763845,30.34510862827301,0.5530856475234032,0.008719004290469456,0.06212133291410282,1879,325.64178656879295,0.30826520919799805
1880,5819.839,1909.973333333334,6950.33333333333,100,100,1011,1.9523120666259917,6.874711506758982,2.17399263381958,-1909.973333333334,-0.01478837215108797,28.72163987159729,0.5377611182630062,0.014990831947216066,0.08865655690897256,1880,325.6647162460248,0.30826520919799805
1881,5822.525,1955.7999999999988,7106.333333333338,100,100,1009,1.9474257665434327,7.042946812025112,2.166536569595337,-1955.7999999999988,-0.019641762832179666,24.63671112060547,0.5396273722872138,0.03398675660719164,0.07552415481768548,1881,325.51754043488694,0.30826520919799805
1882,5825.2,1793.6499999999987,6904.666666666665,100,100,1013,1.9463824286600915,6.816057913787429,2.1669411659240723,-1793.6499999999987,-0.009751667159434874,28.10975831747055,0.48581134527921677,0.03865906584542245,0.06858048355206847,1882,325.5419627267375,0.30826520919799805
1883,5827.861,1895.8399999999983,6999.999999999999,100,100,1005,1.9307056710642962,6.965174129353233,2.1386070251464844,-1895.8399999999983,-0.013072560221189633,34.085710525512695,0.5416264757514,0.017105409111536574,0.06916232663206756,1883,325.5658371422835,0.30826520919799805
1884,5830.515,1930.9100000000005,7039.999999999999,100,100,1009,1.933340735020941,6.977205153617442,2.1495206356048584,-1930.9100000000005,-0.015581311949063092,31.43476366996765,0.47640198562294245,0.05770368024604977,0.07864317600615323,1884,325.5906353752139,0.30826520919799805
1885,5833.179,1971.9233333333343,7050.333333333337,100,100,1005,1.9358359222805397,7.015257048092872,2.1433377265930176,-1971.9233333333343,-0.015102851146366447,30.050941586494446,0.5423032939434052,0.02690250313389697,0.07502170145744458,1885,325.61428898385657,0.30826520919799805
1886,5835.865,1908.0499999999997,6903.333333333331,100,100,1007,1.9469086400787194,6.855345911949684,2.16159987449646,-1908.0499999999997,-0.017450627812650055,28.284408152103424,0.5358610032126307,0.025453145095525542,0.06293633626773953,1886,325.636927897787,0.30826520919799805
1887,5838.543,1943.0066666666683,6916.0,100,100,1009,1.9506790884747378,6.854311199207136,2.168658971786499,-1943.0066666666683,-0.01586458517704159,31.179035127162933,0.5754019673913717,0.03045533142176282,0.08078563446179032,1887,325.6603799555102,0.30826520919799805
1888,5841.203,1871.4866666666678,7017.333333333332,100,100,1006,1.9254667986930527,6.975480450629555,2.1347224712371826,-1871.4866666666678,-0.01751746254740283,30.960322499275208,0.5444857962429523,0.021698530872527044,0.07485563855152577,1888,325.6842899813608,0.30826520919799805
1889,5844.237,2007.9433333333336,7125.999999999998,100,100,1011,2.258370523700264,7.048466864490601,2.4881887435913086,-2007.9433333333336,-0.010906949755735695,28.861822068691254,0.6042811777442694,0.00460177813511109,0.07009229494724423,1889,325.68821085279745,0.30826520919799805
1890,5850.864,1872.073333333332,6874.66666666667,100,100,1014,2.252042306407081,6.779750164365552,2.4864420890808105,-1872.073333333332,-0.016795647446997464,27.94971054792404,0.5537062883377075,0.031203639482555445,0.07103587966412306,1890,325.6926490153479,0.30826520919799805
1891,5853.969,2053.7766666666666,7227.66666666667,100,100,1010,2.330033365743106,7.156105610561059,2.5605833530426025,-2053.7766666666666,-0.016031069797463715,33.70314544439316,0.5411030082032084,0.031246131715306547,0.07390624983236194,1891,325.4925188984511,0.30826520919799805
1892,5857.004,1852.8199999999995,6955.3333333333285,100,100,1013,2.2824720654458264,6.866074366567945,2.5104479789733887,-1852.8199999999995,-0.01706770376767963,29.220563054084778,0.5107614658772945,0.03332382902226527,0.06693138275295496,1892,325.4967744196101,0.30826520919799805
1893,5860.046,1925.9200000000014,6818.000000000003,100,100,1008,2.2897698392394914,6.763888888888892,2.5130116939544678,-1925.9200000000014,-0.02094671269878745,23.443939447402954,0.5482283616438508,0.009667169950262178,0.07128906267462298,1893,325.499857837457,0.30826520919799805
1894,5863.154,1862.926666666667,6818.999999999999,100,100,1011,2.348539265518424,6.7448071216617205,2.5752358436584473,-1862.926666666667,-0.01950812613358721,24.826290637254715,0.4836769178509712,0.044249713158933446,0.07826861250214279,1894,325.4997212444409,0.30826520919799805
1895,5866.371,2000.4566666666651,7112.666666666661,100,100,1008,2.447036905020165,7.056216931216925,2.669771671295166,-2000.4566666666651,-0.015614088391885161,30.355421721935272,0.5070616779848933,0.030088743111264193,0.0743815106106922,1895,325.4930553135801,0.30826520919799805
1896,5869.325,1917.9266666666663,7043.666666666665,100,100,1011,2.1874510408374532,6.967029343883942,2.413024425506592,-1917.9266666666663,-0.017916909127961844,31.740108966827393,0.5610035611316562,0.04401842915103771,0.116613051854074,1896,325.50150371442436,0.30826520919799805
1897,5872.214,1985.3699999999994,7110.999999999999,100,100,1006,2.1605001996034314,7.06858846918489,2.377687692642212,-1985.3699999999994,-0.014542888064170256,34.51047760248184,0.6304945256561041,0.05354072525369702,0.07075832202099264,1897,325.51268941906386,0.30826520919799805
1898,5874.972,1974.7366666666667,6902.333333333335,100,100,1006,2.015337176254356,6.861166335321406,2.229498863220215,-1974.7366666666667,-0.01296511961845681,28.326721906661987,0.5737930526956916,0.008330149968969636,0.05855129088740796,1898,325.5310784874514,0.30826520919799805
1899,5877.69,1939.8099999999997,6854.333333333331,100,100,1007,1.9865459778698489,6.806686527639852,2.1995861530303955,-1939.8099999999997,-0.013057620148174465,32.64680606126785,0.5364581495523453,0.023038536877720617,0.06723736668936908,1899,325.5518861531476,0.30826520919799805
1900,5883.763,1942.8866666666668,7016.333333333337,100,100,1008,2.007763592238974,6.9606481481481515,2.2239696979522705,-1942.8866666666668,-0.01266228558961302,35.676350116729736,0.5385402720421553,0.04288250148965744,0.08219401043606922,1900,325.5708289427834,0.30826520919799805
1901,5886.515,1863.7766666666655,6808.666666666665,100,100,1006,2.0162114331028453,6.768058316766068,2.226444721221924,-1863.7766666666655,-0.016485268191900104,35.329552948474884,0.4716572714969516,0.05865986261051148,0.08355978270992637,1901,325.40592935077837,0.30826520919799805
1902,5889.271,2004.2866666666666,7270.999999999996,100,100,1013,2.0050327742917267,7.177690029615001,2.2338573932647705,-2004.2866666666666,-0.015041783452033997,33.36708527803421,0.5665742587298155,0.0221002784310258,0.04689342575147748,1902,325.425657935099,0.30826520919799805
1903,5891.992,1888.543333333334,7005.333333333334,100,100,1013,1.9713300094100383,6.915432708127674,2.197922945022583,-1888.543333333334,-0.01582033495651558,25.234824925661087,0.534283041022718,0.026563085353700444,0.08363428665325046,1903,325.4473161154464,0.30826520919799805
1904,5894.708,1835.2099999999982,6770.999999999998,100,100,1006,1.9952546725064426,6.730616302186877,2.204594373703003,-1835.2099999999982,-0.013475050276611,28.889904856681824,0.5056335870176554,0.04055020013038302,0.07759425975382328,1904,325.46802519311643,0.30826520919799805
1905,5897.459,1926.2366666666671,6959.333333333333,100,100,1009,1.9960660059134243,6.897258011232243,2.216141700744629,-1926.2366666666671,-0.014463052226346917,29.951078832149506,0.537699306383729,0.045681781870371196,0.07233537931460887,1905,325.4872809633068,0.30826520919799805
1906,5900.161,1968.72,7022.999999999997,100,100,1008,1.9762158736407327,6.967261904761902,2.191471576690674,-1968.72,-0.01639584856457077,32.58150440454483,0.5538044022396207,0.018368684284723713,0.09944661462213844,1906,325.50909127286513,0.30826520919799805
1907,5902.872,1984.5233333333329,7096.666666666666,100,100,1005,1.9733924395520592,7.061359867330016,2.1806468963623047,-1984.5233333333329,-0.01245389028917998,30.91236048936844,0.5059152515605092,0.013608741937787272,0.07286241324618459,1907,325.52984878837634,0.30826520919799805
1908,5905.567,1966.8299999999995,6985.333333333336,100,100,1010,1.962259307383827,6.9161716171617185,2.1835498809814453,-1966.8299999999995,-0.010322671150788665,25.408993899822235,0.554374173283577,0.0581399598668213,0.06769531243480742,1908,325.55229440781574,0.30826520919799805
1909,5908.256,1872.1700000000003,7004.666666666667,100,100,1008,1.9561766838749117,6.949074074074074,2.1673896312713623,-1872.1700000000003,-0.015142935735639185,27.354770243167877,0.5701477201655507,0.02844779979568557,0.08349609386641532,1909,325.57478805514035,0.30826520919799805
1910,5914.084,1861.0199999999998,6957.666666666666,100,100,1006,1.9694611330185212,6.916169648774022,2.1772913932800293,-1861.0199999999998,-0.017731572093907744,29.110118985176086,0.6006446611136198,0.03281483996761381,0.06666100560687482,1910,325.5961803117335,0.30826520919799805
1911,5916.77,1910.016666666667,7061.666666666671,100,100,1008,1.9472366074628626,7.0056216931216975,2.1574277877807617,-1910.016666666667,-0.019363328989129514,31.230823040008545,0.5150899020954967,0.04808880144992145,0.09114583348855376,1911,325.4466511690531,0.30826520919799805
1912,5919.486,1975.559999999999,6860.666666666666,100,100,1004,1.9787283880038713,6.833333333333333,2.1848702430725098,-1975.559999999999,-0.012906858348287642,30.492706835269928,0.594400692731142,0.014068496937397867,0.10267223045229912,1912,325.4669758374851,0.30826520919799805
1913,5922.192,1996.7466666666653,6976.000000000001,100,100,1010,1.9766142584918307,6.906930693069308,2.1989505290985107,-1996.7466666666653,-0.01734705496346578,24.321548342704773,0.5709248753264546,0.0651841812323255,0.07564453082159162,1913,325.4887592944844,0.30826520919799805
1914,5924.889,2018.573333333335,7248.0,100,100,1006,1.9593244524039402,7.204771371769383,2.1689441204071045,-2018.573333333335,-0.01823607797268778,44.099743366241455,0.5070662433281541,0.033656237115792464,0.08179772447329015,1914,325.5104282985576,0.30826520919799805
1915,5927.597,1927.9266666666654,6948.666666666665,100,100,1011,1.968700591885622,6.87306297395318,2.1869473457336426,-1927.9266666666654,-0.013455098640406504,30.87943786382675,0.5405957158654928,0.0532052823327831,0.07094439363572747,1915,325.5322639264638,0.30826520919799805
1916,5930.327,2004.076666666666,7095.666666666665,100,100,1009,1.9817489611928243,7.0323752890650795,2.201488971710205,-2004.076666666666,-0.0155790610879194,27.106785714626312,0.5488840462639928,0.041243762945669005,0.06632653065025806,1916,325.55255045807087,0.30826520919799805
1917,5933.01,1985.276666666668,7089.0,100,100,1009,1.953254310885856,7.025768087215065,2.171640634536743,-1985.276666666668,-0.01690024189883843,34.6070641875267,0.5162324625998735,0.022752218472305685,0.08006816013948992,1917,325.57540281064695,0.30826520919799805
1918,5935.661,1934.9266666666672,7184.333333333334,100,100,1010,1.929190001648731,7.1132013201320134,2.1450560092926025,-1934.9266666666672,-0.014627847995143384,30.231006026268005,0.53514573443681,0.030806368802586803,0.13570312457159162,1918,325.6001509788103,0.30826520919799805
1919,5938.339,1867.5066666666653,6721.666666666667,100,100,1012,1.9365347814405698,6.641963109354414,2.155491828918457,-1867.5066666666653,-0.017804916918976232,33.08990675210953,0.4733194597065449,0.05728553102380829,0.0936373199801892,1919,325.623736353724,0.30826520919799805
1920,5944.096,1881.5600000000006,6967.666666666671,100,100,1009,1.9315871151858282,6.905517013544768,2.1462912559509277,-1881.5600000000006,-0.013340150355361402,25.803685426712036,0.4981160191819072,0.02828463887271937,0.08405412948923185,1920,325.647887510543,0.30826520919799805
1921,5946.768,1902.1900000000014,7002.999999999999,100,100,1006,1.9376980119744023,6.961232604373756,2.144526720046997,-1902.1900000000014,-0.013461152731906623,26.173825323581696,0.47688902262598276,0.07058192943077302,0.09663722827099264,1921,325.50098965881807,0.30826520919799805
1922,5949.4,1843.7633333333333,6775.666666666667,100,100,1005,1.9184054731535007,6.74195688225539,2.121387243270874,-1843.7633333333333,-0.003755801066290587,28.460492193698883,0.4656745623797178,0.06373863026237814,0.0843750003259629,1922,325.52590884918106,0.30826520919799805
1923,5952.069,1883.0466666666666,6918.333333333334,100,100,1012,1.938779546539649,6.836297760210805,2.159386396408081,-1883.0466666666666,-0.012422944622812793,37.799824595451355,0.4638197785243392,0.03169931974844076,0.09217247611377388,1923,325.55000839726824,0.30826520919799805
1924,5954.716,1851.1700000000012,6854.999999999998,100,100,1006,1.932472862311589,6.8141153081510915,2.139876127243042,-1851.1700000000012,-0.01525989209767431,27.506188094615936,0.5112352874130011,0.05304438381426735,0.10219938890077174,1924,325.5741971536435,0.30826520919799805
1925,5957.381,1999.5966666666657,7124.999999999997,100,100,1004,1.938400894567645,7.09661354581673,2.14438533782959,-1999.5966666666657,-0.019972003559814766,29.261609613895416,0.5404976597055793,0.016789461406006012,0.08189808251336217,1925,325.5971172211975,0.30826520919799805
1926,5960.063,1863.7933333333347,6888.333333333337,100,100,1011,1.9413258152176525,6.813386086383122,2.1577372550964355,-1863.7933333333347,-0.015226454606818152,24.785787105560303,0.5541087612509727,0.02641656614287058,0.07448682631365955,1926,325.6202228343918,0.30826520919799805
1927,5962.928,1900.5866666666657,6947.999999999997,100,100,1002,2.136549898683504,6.934131736526943,2.3383727073669434,-1900.5866666666657,-0.01829363073920831,25.328740179538727,0.5091587156057358,0.03482080818139366,0.05984933039871976,1927,325.63179555549556,0.30826520919799805
1928,5966.106,1906.1666666666663,7026.999999999999,100,100,1010,2.4119351483365095,6.957425742574257,2.6348931789398193,-1906.1666666666663,-0.020218429621309042,23.784139752388,0.5486510945484042,0.030635835413704626,0.07503906229976565,1928,325.62764074455447,0.30826520919799805
1929,5969.318,1913.9533333333334,7106.333333333333,100,100,1010,2.4246977250285373,7.035973597359735,2.648282051086426,-1913.9533333333334,-0.01142675697337836,27.28339672088623,0.5176965659484267,0.04626306446698436,0.08445312490221113,1929,325.62160143395715,0.30826520919799805
1930,5975.768,2020.5633333333337,6842.333333333331,100,100,1006,2.270320473561919,6.801524188204106,2.487825632095337,-2020.5633333333337,-0.022261887439526618,46.455984234809875,0.5926645761355758,0.02338784552193829,0.07243546191602945,1930,325.6247564980556,0.30826520919799805
1931,5978.995,1822.9233333333336,6879.000000000002,100,100,1009,2.450296827555035,6.817641228939546,2.670802354812622,-1822.9233333333336,-0.015457388828508556,25.72707587480545,0.5289791263639927,0.03680921221530298,0.08836894138948992,1931,325.43162947329324,0.30826520919799805
1932,5982.247,1896.9699999999984,6999.6666666666615,100,100,1011,2.488126409673947,6.923508077810744,2.714439868927002,-1896.9699999999984,-0.017930961039382964,28.10671365261078,0.5693889549002051,0.013337106815015431,0.07449640065897256,1932,325.423733619211,0.30826520919799805
1933,5985.248,1844.916666666666,7055.000000000002,100,100,1011,2.2300414456161426,6.978239366963404,2.4519004821777344,-1844.916666666666,-0.01688593332801247,26.966735661029816,0.5613617096096277,0.03105955024875584,0.07608570787124336,1933,325.42943823797793,0.30826520919799805
1934,5988.22,1811.1966666666654,6756.999999999998,100,100,1007,2.140680732517184,6.71002979145978,2.3520264625549316,-1811.1966666666654,-0.016202754457481205,20.081245481967926,0.4944127956405282,0.04008816729947284,0.07979762251488864,1934,325.4360797360006,0.30826520919799805
1935,5991.341,1936.7833333333335,7217.666666666664,100,100,1009,2.3617201201604794,7.1532870829203805,2.582681894302368,-1936.7833333333335,-0.02132702653761953,28.59976226091385,0.5978874992579222,0.006347565038595349,0.07631138362921774,1935,325.4349699271053,0.30826520919799805
1936,5994.141,1910.8966666666663,7027.333333333331,100,100,1009,2.059800692255229,6.964651470102409,2.27662992477417,-1910.8966666666663,-0.015143462194828317,37.65670931339264,0.4918683050200343,0.03224183214842924,0.08566844707820565,1936,325.4513845157794,0.30826520919799805
1937,5997.064,2024.5966666666664,7152.333333333334,100,100,1007,2.1683994061919347,7.10261502813638,2.387190580368042,-2024.5966666666664,-0.00790225382661447,32.30241698026657,0.5880022458732128,0.03256770239022444,0.09519406547769904,1937,325.460571185047,0.30826520919799805
1938,6000.102,1805.4933333333327,6637.999999999996,100,100,1011,2.290883183854233,6.56577645895153,2.5134334564208984,-1805.4933333333327,-0.017964277241844684,23.073282182216644,0.640997264534235,0.03679079502035165,0.09573184791952372,1938,325.4642815458464,0.30826520919799805
1939,6003.046,1967.6600000000014,7140.666666666665,100,100,1006,2.179073458898509,7.098078197481774,2.3946478366851807,-1967.6600000000014,-0.01402123854495585,33.38359475135803,0.6397783849388361,0.018098305779858492,0.08920686156488955,1939,325.47225235530016,0.30826520919799805
1940,6009.266,1872.916666666666,6802.999999999999,100,100,1010,2.0524324730527357,6.735643564356435,2.2717087268829346,-1872.916666666666,-0.018086238987962133,30.561747014522552,0.5850586239248514,0.015777308952237945,0.07615234365221113,1940,325.48854092434857,0.30826520919799805
1941,6012.269,1936.5700000000015,6975.000000000002,100,100,1011,2.2239824943520814,6.899109792284868,2.448821783065796,-1936.5700000000015,-0.014832256769295782,33.07804697751999,0.607053617015481,0.021939905142062344,0.07741651381365955,1941,325.30912757765213,0.30826520919799805
1942,6015.1,1933.6399999999987,7005.666666666667,100,100,1009,2.089477006998559,6.943178064089858,2.306654453277588,-1933.6399999999987,-0.014162387349642813,24.874088287353516,0.590649725869298,0.033724508379236795,0.08810985332820565,1942,325.3237539628837,0.30826520919799805
1943,6017.967,1964.203333333333,7094.666666666668,100,100,1010,2.0993899022653184,7.024422442244226,2.3231186866760254,-1964.203333333333,-0.012548986444016919,26.357502728700638,0.5321610057726502,0.03567484889208572,0.09720703097991645,1943,325.336595084548,0.30826520919799805
1944,6020.899,1846.463333333333,6978.666666666667,100,100,1009,2.1778715541817033,6.916418896597292,2.3946852684020996,-1846.463333333333,-0.011738343571778387,23.02712047100067,0.5645880289375782,0.05666595150978537,0.0838647959753871,1944,325.34578510401553,0.30826520919799805
1945,6023.853,1962.1699999999996,6964.666666666664,100,100,1006,2.2050078542140232,6.923127899271038,2.4197282791137695,-1962.1699999999996,-0.020652512670494616,32.03927254676819,0.5558667751029134,0.028378201910527423,0.08689283294370398,1945,325.35323814987777,0.30826520919799805
1946,6026.936,1946.069999999999,6939.333333333328,100,100,1006,2.327786977139022,6.897945659377065,2.543954849243164,-1946.069999999999,-0.011668887571431696,29.480183720588684,0.5456942114979029,0.026011699286755174,0.09273097821278498,1946,325.3536986515712,0.30826520919799805
1947,6030.142,1934.9399999999991,6882.666666666666,100,100,1005,2.4483847771238407,6.848424543946932,2.664151191711426,-1934.9399999999991,-0.017915162723511457,31.9642550945282,0.5595888448879123,0.03129522233211901,0.09881727444007993,1947,325.3474030766487,0.30826520919799805
1948,6033.249,1951.1999999999985,7084.999999999995,100,100,1011,2.3211018797461564,7.007912957467849,2.5503697395324707,-1951.1999999999985,-0.01593662105005933,32.353388369083405,0.6010493198409677,0.03655200017237803,0.09280216018669307,1948,325.34744384343253,0.30826520919799805
1949,6036.226,1918.3500000000006,7017.333333333332,100,100,1006,2.2120831019770923,6.975480450629555,2.422950029373169,-1918.3500000000006,-0.013721027120482177,33.11371314525604,0.6460028886795044,0.015270327545295004,0.07973845140077174,1949,325.3536444482002,0.30826520919799805
1950,6043.008,1926.5466666666669,6820.000000000001,100,100,1005,2.2900439793040133,6.786069651741294,2.503835439682007,-1926.5466666666669,-0.01597319357097149,33.82216173410416,0.6367685152217746,0.010742467922682408,0.07306857663206756,1950,325.35419497400835,0.30826520919799805
1951,6046.074,1966.406666666666,7079.666666666671,100,100,1009,2.3019157581509444,7.016518004625045,2.5253372192382812,-1966.406666666666,-0.01783123254426755,46.064585983753204,0.6362526081502438,0.0198166366390069,0.10425302945077419,1951,325.1567659027408,0.30826520919799805
1952,6049.009,1978.6300000000006,6940.333333333334,100,100,1009,2.160613381809659,6.878427485959697,2.3846240043640137,-1978.6300000000006,-0.01692813605768606,33.900578677654266,0.5641498351469636,0.04148695955882431,0.08236009237589315,1952,325.1658264610927,0.30826520919799805
1953,6051.825,1835.4266666666665,6652.333333333335,100,100,1005,2.096118607942886,6.619237147595358,2.303007125854492,-1835.4266666666665,-0.02071767429879401,34.08717393875122,0.6357857966795564,0.026453253522049636,0.0881293403217569,1953,325.18057683362224,0.30826520919799805
1954,6054.512,1987.0566666666666,7213.000000000002,100,100,1009,1.9542433118874094,7.148662041625373,2.1712822914123535,-1987.0566666666666,-0.009694770153146237,25.993511497974396,0.49360109493136406,0.05202272145834286,0.10320671228691936,1954,325.2029124480628,0.30826520919799805
1955,6057.179,1914.0999999999997,6895.333333333332,100,100,1003,1.955669293767872,6.874709205716184,2.159308433532715,-1914.0999999999997,-0.014557783957570791,27.42881691455841,0.6056143697351217,0.026263631967594847,0.07711437123361975,1955,325.2253021007251,0.30826520919799805
1956,6059.88,2023.9033333333343,6945.0000000000055,100,100,1011,1.9476632029140546,6.869436201780421,2.1736133098602295,-2023.9033333333343,-0.018834778107702732,51.9467134475708,0.6061570513993502,0.03705402794003021,0.08412798738572747,1956,325.24721536080705,0.30826520919799805
1957,6062.564,1885.5633333333337,7072.333333333331,100,100,1006,1.9618946307655387,7.030152418820409,2.1731584072113037,-1885.5633333333337,-0.012170089641585946,36.30053901672363,0.5278191240504384,0.04889336041378556,0.08256199071183801,1957,325.2691968847222,0.30826520919799805
1958,6065.224,1931.3833333333332,7066.333333333334,100,100,1006,1.9327108366377874,7.024188204108682,2.1414806842803955,-1931.3833333333332,-0.006087713409215212,32.50563883781433,0.5944188237190247,0.04030125244753435,0.06109884520992637,1958,325.2923610051476,0.30826520919799805
1959,6067.9,1847.0933333333332,6808.333333333333,100,100,1007,1.944469314580922,6.761006289308176,2.1513473987579346,-1847.0933333333332,-0.008618128980742767,27.357553243637085,0.4977079080417752,0.043020853961934336,0.07319024251773953,1959,325.3148479572259,0.30826520919799805
1960,6073.667,1965.6966666666663,6924.999999999998,100,100,1007,1.9544503487861145,6.876861966236344,2.1718201637268066,-1965.6966666666663,-0.004264260602212744,31.99969905614853,0.5233436012640595,0.053300726343877614,0.07846783543936908,1960,325.33695670116043,0.30826520919799805
1961,6076.34,2021.6233333333337,7099.6666666666615,100,100,1003,1.9362317063917192,7.078431372549015,2.1425130367279053,-2021.6233333333337,-0.011105958139523864,32.49061739444733,0.491211392916739,0.07523148556356318,0.07245866628363729,1961,325.19380233548196,0.30826520919799805
1962,6079.049,1950.9700000000003,6988.333333333332,100,100,1003,1.994024925277469,6.967431040212694,2.198637008666992,-1950.9700000000003,-0.012111057760193944,36.92916017770767,0.4687791336327791,0.0869313049261109,0.09369322331622243,1962,325.21384392208336,0.30826520919799805
1963,6081.821,1866.69,6776.333333333334,100,100,1001,2.0381037987160173,6.76956376956377,2.2361714839935303,-1866.69,-0.012833699176553637,23.913218438625336,0.43721054773777723,0.06004266867239494,0.06582269421778619,1963,325.2302265648305,0.30826520919799805
1964,6084.75,1878.3133333333337,6918.666666666666,100,100,1010,2.1681963375050315,6.850165016501649,2.3887972831726074,-1878.3133333333337,-0.015282416774425656,34.37351179122925,0.4554433384910226,0.05188903115777066,0.07417968730442226,1964,325.239653255918,0.30826520919799805
1965,6087.941,1942.453333333333,6991.0,100,100,1006,2.426083598685845,6.949304174950298,2.643423318862915,-1942.453333333333,-0.01644846354611218,50.75215423107147,0.47666965099051595,0.06606407267099712,0.07154381822329015,1965,325.2344416560042,0.30826520919799805
1966,6091.107,1837.3799999999997,6900.666666666666,100,100,1012,2.398666800110207,6.818840579710145,2.6281983852386475,-1837.3799999999997,-0.013314913725480437,41.73440462350845,0.42380547150969505,0.07999461308281752,0.09160907461773604,1966,325.2315368432458,0.30826520919799805
1967,6094.056,1878.5566666666664,6895.66666666667,100,100,1006,2.177010736081964,6.854539430086152,2.3903913497924805,-1878.5566666666664,-0.007451508368831128,35.88389903306961,0.5425931205973029,0.03054013499058783,0.0857888925820589,1967,325.23923770112026,0.30826520919799805
1968,6096.94,1875.5866666666664,6916.999999999999,100,100,1002,2.1514470054407395,6.90319361277445,2.3520548343658447,-1875.5866666666664,-0.015226049785269424,25.950650215148926,0.454599566757679,0.08685260668426054,0.0662899927701801,1968,325.249693157403,0.30826520919799805
1969,6100.033,1914.0099999999993,7029.9999999999945,100,100,1006,2.333219783615773,6.988071570576535,2.5502233505249023,-1914.0099999999993,-0.008765415172092617,27.075167059898376,0.40224678441882133,0.04984911420979188,0.08464249334065244,1969,325.249731587741,0.30826520919799805
1970,6106.609,1852.216666666668,6720.333333333335,100,100,1008,2.309582439054447,6.666997354497356,2.528109312057495,-1852.216666666668,-0.005072486121207476,26.713070333003998,0.43923861533403397,0.048573769388895016,0.07324218784924597,1970,325.25133234203776,0.30826520919799805
1971,6109.602,1911.9599999999998,6914.666666666665,100,100,1011,2.1922814061692026,6.839432904714802,2.418274402618408,-1911.9599999999998,-0.011171390418894589,33.276082277297974,0.4860778357833624,0.017333930331915326,0.08547794143669307,1971,325.07076620265036,0.30826520919799805
1972,6112.503,2027.7633333333338,7242.666666666669,100,100,1011,2.1395959443911083,7.163864160896804,2.3661210536956787,-2027.7633333333338,-0.00937103753676638,37.636580526828766,0.47246576752513647,0.037007548151450465,0.07093481940682977,1972,325.0819101776377,0.30826520919799805
1973,6115.224,1987.5300000000009,6963.666666666667,100,100,1008,1.9847729166189858,6.908399470899472,2.2015273571014404,-1987.5300000000009,-0.014092949859332293,38.42107605934143,0.5236152783036232,0.016090290093416115,0.08170572947710752,1973,325.1020911841873,0.30826520919799805
1974,6117.939,1819.9666666666662,6830.999999999998,100,100,1000,1.9880077987909317,6.830999999999998,2.181241989135742,-1819.9666666666662,-0.01092221203725785,36.75249856710434,0.5335776768624783,0.025892456935252994,0.08242187509313226,1974,325.1212536570491,0.30826520919799805
1975,6120.672,1920.5866666666668,6967.666666666662,100,100,1009,1.992063924399776,6.90551701354476,2.210897207260132,-1920.5866666666668,-0.015878273057751358,33.57932686805725,0.5054228771477938,0.014463005617926683,0.07770647323923185,1975,325.14093911836653,0.30826520919799805
1976,6123.425,1975.2066666666665,6939.666666666664,100,100,1014,1.9888592683260111,6.843852728468111,2.220834732055664,-1975.2066666666665,-0.012673562712734565,31.758669674396515,0.5431468933820724,0.05089792625949485,0.10438368073664606,1976,325.1604018596675,0.30826520919799805
1977,6126.166,1917.4166666666663,6895.333333333338,100,100,1007,2.0060889752833275,6.847401522674615,2.2202138900756836,-1917.4166666666663,-0.012326945667155087,28.277064114809036,0.5521032558754086,0.022410982637666166,0.07168384297983721,1977,325.17923538016095,0.30826520919799805
1978,6128.92,1903.4033333333332,6861.333333333338,100,100,1002,1.9932142680765552,6.8476380572189,2.199219226837158,-1903.4033333333332,-0.01323264156235382,43.585494577884674,0.5493098078295588,0.021654682421285543,0.07552083348855376,1978,325.19659541284693,0.30826520919799805
1979,6131.659,1945.6333333333325,6972.000000000001,100,100,1012,1.9954961472422827,6.889328063241107,2.2200026512145996,-1945.6333333333325,-0.01338690222473815,29.33578336238861,0.46839179191738367,0.04065943021487328,0.09889573336113244,1979,325.21639232469295,0.30826520919799805
1980,6137.56,2038.0933333333332,7133.999999999998,100,100,1011,2.0059145405302683,7.056379821958455,2.2303826808929443,-2038.0933333333332,-0.014709100738400593,33.598882019519806,0.523173164576292,0.05037572800574708,0.08304610953200608,1980,325.23477663702164,0.30826520919799805
1981,6140.291,1936.2266666666674,7063.000000000002,100,100,1005,1.9875173152317827,7.027860696517415,2.1955759525299072,-1936.2266666666674,-0.015020634979009628,35.072808623313904,0.6147339818999171,0.03261062160891015,0.10431857663206756,1981,325.08750512238686,0.30826520919799805
1982,6143.039,2044.8800000000003,7366.333333333334,100,100,1010,2.0066320784343867,7.293399339933994,2.2306129932403564,-2044.8800000000003,-0.006861418078187853,32.871868550777435,0.5366861391812563,0.04056185385707067,0.08486328111030161,1982,325.1064884591196,0.30826520919799805
1983,6145.749,1904.74,6911.999999999998,100,100,1003,1.9853022941903529,6.891326021934195,2.1873552799224854,-1904.74,-0.016640840738546103,25.979591518640518,0.6219654399901628,0.03082366869057296,0.07444585755001754,1983,325.1263412686273,0.30826520919799805
1984,6148.464,2025.7033333333338,6996.666666666665,100,100,1002,1.9751347310026874,6.982701264138388,2.179616689682007,-2025.7033333333338,-0.015936627460177988,39.98305422067642,0.663339676335454,0.016769978989032097,0.1058872772846371,1984,325.14574924023793,0.30826520919799805
1985,6151.188,1979.143333333334,7154.000000000004,100,100,1007,1.9758756697000317,7.104270109235356,2.1886720657348633,-1979.143333333334,-0.019188152233255096,33.4339160323143,0.5932921785861254,0.055182709053042345,0.10292345355264843,1985,325.16546049427706,0.30826520919799805
1986,6153.94,1985.6166666666659,7047.000000000002,100,100,1010,1.9808780193319637,6.977227722772279,2.2048959732055664,-1985.6166666666659,-0.018743442284176126,30.699216783046722,0.5537834158167243,0.04035225467669079,0.10906249983236194,1986,325.18419845932453,0.30826520919799805
1987,6156.694,2055.4,7170.333333333333,100,100,1013,2.0012021675450327,7.078315235274761,2.2332000732421875,-2055.4,-0.01308225461980328,32.41544270515442,0.5924200424924493,0.047250899606297025,0.08568875305354595,1987,325.2032702101395,0.30826520919799805
1988,6159.433,1960.799999999999,6999.666666666666,100,100,1008,1.9802658753756004,6.944113756613756,2.196223735809326,-1960.799999999999,-0.010054617945570499,30.029062569141388,0.6303267171606421,0.05460538679471938,0.08789062523283064,1988,325.2223313683475,0.30826520919799805
1989,6162.134,1829.25,6764.333333333329,100,100,1005,1.9800999991836685,6.730679933665004,2.185070514678955,-1829.25,-0.012426111039530952,25.680032163858414,0.678075211122632,0.04134300227815402,0.06980251742061228,1989,325.24283328996665,0.30826520919799805
1990,6168.004,1844.4100000000012,7052.333333333333,100,100,1002,1.9560918169413988,7.038256819693945,2.154376745223999,-1844.4100000000012,-0.007872704009059817,35.33737009763718,0.5553230028599501,0.046943424036726356,0.06917317712213844,1990,325.2626986298235,0.30826520919799805
1991,6170.744,1885.8266666666655,7022.999999999999,100,100,1011,1.9844664685873998,6.946587537091987,2.2016916275024414,-1885.8266666666655,-0.017085111641790718,36.04145634174347,0.5958394622430205,0.03436438727658242,0.11880553024820983,1991,325.1152531632734,0.30826520919799805
1992,6173.423,1901.3633333333344,7047.6666666666715,100,100,1007,1.9322370397261794,6.998675935120826,2.143158197402954,-1901.3633333333344,-0.010877879802137613,26.90723556280136,0.5590444961562753,0.03699395916555659,0.0870802856516093,1992,325.1373088333509,0.30826520919799805
1993,6176.078,1910.946666666667,6874.000000000003,100,100,1005,1.9344725356488235,6.839800995024878,2.1386899948120117,-1910.946666666667,-0.01879032386932522,40.96415460109711,0.5899852197617292,0.008698990208358737,0.07252604188397527,1993,325.16025622498654,0.30826520919799805
1994,6178.762,1913.086666666667,6810.999999999999,100,100,1006,1.9450990065874876,6.7703777335984086,2.154942035675049,-1913.086666666667,-0.011932517576497048,42.569576025009155,0.5407232362776995,0.036981447261496214,0.08617102610878646,1994,325.18178201090285,0.30826520919799805
1995,6181.439,1952.796666666666,7059.666666666668,100,100,1006,1.9341329032570034,7.017561298873427,2.144196033477783,-1952.796666666666,-0.015067790634930134,40.23650872707367,0.6349962120875716,0.060145468087284826,0.08228600554866716,1995,325.2037222494129,0.30826520919799805
1996,6184.09,1825.3566666666666,6954.666666666662,100,100,1004,1.9193832670705786,6.926958831341297,2.1212809085845947,-1825.3566666666666,-0.015254222933435813,32.35972708463669,0.534123670309782,0.02920392817031825,0.08473899168893695,1996,325.2266931999487,0.30826520919799805
1997,6186.775,1916.0433333333328,6938.666666666666,100,100,1005,1.9491276601839125,6.904145936981758,2.1533889770507812,-1916.0433333333328,-0.015515990875428542,26.886034071445465,0.5171834686771035,0.039752247466822155,0.08324652817100286,1997,325.24799185736487,0.30826520919799805
1998,6189.445,2010.0100000000007,7124.333333333337,100,100,1006,1.934264115243965,7.081842279655405,2.1445631980895996,-2010.0100000000007,-0.008273298386484385,33.94320327043533,0.4958089627325535,0.06622679848806001,0.0847061820095405,1998,325.27019522808047,0.30826520919799805
1999,6192.102,1925.916666666667,6909.000000000002,100,100,1004,1.9378299793354663,6.881474103585659,2.1427409648895264,-1925.916666666667,-0.0188667681068182,25.757239878177643,0.5628556748852134,0.023057778176735155,0.10009765625,1999,325.29277314522085,0.30826520919799805
2000,6197.836,1874.7300000000005,6975.000000000002,100,100,1004,1.9436666337992121,6.947211155378488,2.1478793621063232,-1874.7300000000005,-0.016089146898593754,26.056975185871124,0.581431794911623,0.013467008866427932,0.07790305418893695,2000,325.314247001823,0.30826520919799805
2001,6200.498,1836.8499999999997,6667.000000000003,100,100,1005,1.93210437764131,6.633830845771147,2.1372318267822266,-1836.8499999999997,-0.014007535064592957,33.07343065738678,0.6269022384658456,0.029696242585487198,0.09830729197710752,2001,325.17631430156,0.30826520919799805
2002,6203.617,1750.826666666668,6712.333333333335,100,100,1017,2.337749559462488,6.600131104555885,2.57403564453125,-1750.826666666668,-0.015593718155287206,27.34392338991165,0.5714071290567517,0.05110844349837862,0.10325006861239672,2002,325.176773570544,0.30826520919799805
2003,6206.71,2002.1633333333343,7052.333333333334,100,100,1009,2.3188930618871146,6.989428477039974,2.542241334915161,-2002.1633333333343,-0.017372225993312895,33.61195915937424,0.6713710855692625,0.027824738470371813,0.0738002231810242,2003,325.17725743333426,0.30826520919799805
2004,6209.634,1891.3466666666657,6842.666666666667,100,100,1004,2.1614060767108123,6.815405046480744,2.3673031330108643,-1891.3466666666657,-0.022117517131846398,25.899955600500107,0.5579606676474214,0.026746292962343432,0.10014204564504325,2004,325.18583315406966,0.30826520919799805
2005,6212.666,1804.4700000000003,6768.000000000002,100,100,1008,2.262883037531985,6.714285714285716,2.476802349090576,-1804.4700000000003,-0.01647690328536555,19.884555369615555,0.5880366694182158,0.04862980261896155,0.07307942741317675,2005,325.1893627409257,0.30826520919799805
2006,6215.722,1870.8699999999997,6840.666666666669,100,100,1006,2.283971471791609,6.799867461895297,2.4967219829559326,-1870.8699999999997,-0.019055243756156415,28.102301001548767,0.5357288522645831,0.01668806684028823,0.08971637225477025,2006,325.1914204517733,0.30826520919799805
2007,6218.855,1841.2233333333338,6662.333333333332,100,100,1006,2.365779622192226,6.622597746852219,2.5758683681488037,-1841.2233333333338,-0.013237389677669853,36.82959187030792,0.5494629247114062,0.04453539501992054,0.08538552979007363,2007,325.1892999037561,0.30826520919799805
2008,6221.852,1782.4733333333334,6794.666666666669,100,100,1006,2.2523287276618893,6.754141815772036,2.4597387313842773,-1782.4733333333334,-0.020137486077146605,23.449168145656586,0.5943592907860875,0.015064035720570246,0.08150050952099264,2008,325.1943380843018,0.30826520919799805
2009,6224.844,1884.3233333333337,6867.333333333332,100,100,1003,2.2482887364957382,6.846792954469922,2.4510672092437744,-1884.3233333333337,-0.018479281687177718,28.61473774909973,0.6161012994125485,0.028878132812678814,0.07610374270007014,2009,325.19913749988854,0.30826520919799805
2010,6231.449,1962.7800000000002,6889.999999999999,100,100,1012,2.3074135374785825,6.808300395256916,2.5411438941955566,-1962.7800000000002,-0.012475349300075322,35.987209498882294,0.5068013602867723,0.00994579452162725,0.09720552898943424,2010,325.2004146352909,0.30826520919799805
2011,6234.219,1834.2333333333322,6678.666666666666,100,100,1005,2.010944277622658,6.645439469320066,2.216987371444702,-1834.2333333333322,-0.02092914958484471,30.50861245393753,0.5329433511942625,0.030436630782787688,0.08766276045935228,2011,325.0336375857845,0.30826520919799805
2012,6237.016,1819.9766666666665,6759.666666666667,100,100,1009,2.044892567717558,6.699372315824249,2.2578299045562744,-1819.9766666666665,-0.017196842236444354,28.382112711668015,0.49693895876407623,0.030497810541419312,0.06711375946179032,2012,325.049658625071,0.30826520919799805
2013,6239.728,1883.2333333333343,6924.333333333334,100,100,1008,1.9815002020867911,6.869378306878308,2.196291446685791,-1883.2333333333343,-0.011232513701543212,39.645868718624115,0.5736276805400848,0.042392134164401796,0.07373046875,2013,325.06993318665855,0.30826520919799805
2014,6242.479,1939.4033333333332,6875.666666666664,100,100,1004,1.999016834025928,6.848273572377155,2.2067861557006836,-1939.4033333333332,-0.022684925643261522,30.915320873260498,0.5860322648659348,0.04582502345147077,0.09938742918893695,2014,325.08753346334436,0.30826520919799805
2015,6245.235,1970.6100000000008,6986.333333333331,100,100,1007,2.017998113805593,6.937768950678581,2.233166217803955,-1970.6100000000008,-0.012138634221628308,39.1358568072319,0.531686969101429,0.05559987061860738,0.08375581772997975,2015,325.1052789390546,0.30826520919799805
2016,6247.972,1841.1799999999985,7018.666666666668,100,100,1010,1.9784200001775407,6.94917491749175,2.1938560009002686,-1841.1799999999985,-0.016918284352868795,23.34966665506363,0.5671376772224903,0.04041692674218211,0.08541015605442226,2016,325.124542048199,0.30826520919799805
2017,6250.72,1972.533333333333,7013.33333333333,100,100,1007,2.004707646334235,6.964581264481956,2.221827507019043,-1972.533333333333,-0.013018772166105919,41.8489716053009,0.5414246460422873,0.043971043880446814,0.09045669867191464,2017,325.14269781703706,0.30826520919799805
2018,6253.462,1939.7066666666665,6948.666666666669,100,100,1003,2.0012926229750247,6.927883017613827,2.209562063217163,-1939.7066666666665,-0.010113162570632994,43.17693167924881,0.593783862888813,0.020593854096659925,0.07150481478311121,2018,325.16051278022957,0.30826520919799805
2019,6256.187,2017.2966666666682,7080.999999999998,100,100,1006,1.9850817084993804,7.038767395626241,2.200218915939331,-2017.2966666666682,-0.010809661645907909,35.63795107603073,0.6826279871165752,0.03418003772276279,0.06148097850382328,2019,325.17972303238514,0.30826520919799805
2020,6262.066,1817.9100000000003,6787.000000000003,100,100,1004,2.018586555621086,6.759960159362553,2.2252845764160156,-1817.9100000000003,-0.013142030496965162,22.958724230527878,0.6182007733732462,0.07953734547118074,0.06942471605725586,2020,325.1967783548825,0.30826520919799805
2021,6264.754,1917.8933333333334,7069.333333333333,100,100,1000,1.9525804992299527,7.069333333333333,2.1482021808624268,-1917.8933333333334,-0.01061092148302123,22.030905723571777,0.6497280485928059,0.013988290305860573,0.0671875000698492,2021,325.05489817948757,0.30826520919799805
2022,6267.472,1867.256666666668,6863.333333333335,100,100,1003,1.9829319051818797,6.842804918577602,2.1856205463409424,-1867.256666666668,-0.008855526335537434,20.970853686332703,0.5889425771310925,0.04643722408218309,0.10834166081622243,2022,325.07396924833955,0.30826520919799805
2023,6270.157,1932.3866666666668,7034.333333333334,100,100,1011,1.9493077174160707,6.957797560171448,2.1684365272521973,-1932.3866666666668,-0.013999848917592317,39.80213952064514,0.730591188184917,0.0299208618234843,0.0764495253097266,2023,325.09598464531916,0.30826520919799805
2024,6272.882,1932.0999999999985,7152.66666666667,100,100,1007,1.9756274073788862,7.102946044356177,2.1868059635162354,-1932.0999999999985,-0.01288081385428086,32.801327884197235,0.6663489760830998,0.03208158746747358,0.08229097397997975,2024,325.1153299372715,0.30826520919799805
2025,6275.601,2014.8766666666668,7264.000000000002,100,100,1008,1.9830222230493313,7.206349206349208,2.1994576454162598,-2014.8766666666668,-0.015459465852472931,34.008112728595734,0.6187413521111012,0.08215966379066231,0.07617187534924597,2025,325.1350566866735,0.30826520919799805
2026,6278.277,1873.9599999999998,6874.000000000003,100,100,1007,1.9347009918621956,6.826216484607748,2.1466879844665527,-1873.9599999999998,-0.013283947337185964,27.000377148389816,0.6227431166917086,0.05348606868938077,0.07065533543936908,2026,325.1568918545426,0.30826520919799805
2027,6280.951,1915.0066666666662,6851.666666666669,100,100,1002,1.9614885224469987,6.837990685296076,2.160008430480957,-1915.0066666666662,-0.017229944438440725,30.258526623249054,0.6228497326374054,0.037794340700202156,0.05791945691453293,2027,325.1779974207831,0.30826520919799805
2028,6283.635,1996.8000000000006,7019.000000000001,100,100,1007,1.9562422048648247,6.970208540218471,2.1714563369750977,-1996.8000000000006,-0.013936397095676512,39.850459933280945,0.7292540371417999,0.02437799009203445,0.06727892265189439,2028,325.19936576378564,0.30826520919799805
2029,6286.343,1992.0266666666655,7128.666666666668,100,100,1008,1.9533420612181847,7.072089947089948,2.1667370796203613,-1992.0266666666655,-0.017605330678634346,31.693514049053192,0.703973675146699,0.018865014182665618,0.07666015636641532,2029,325.21962267965,0.30826520919799805
2030,6292.09,2001.9800000000014,6909.66666666667,100,100,1011,1.9601684459323905,6.834487306297398,2.1820223331451416,-2001.9800000000014,-0.014305678487289697,28.6686709523201,0.6236774027347565,0.03445697961069527,0.07289751863572747,2030,325.24066163392337,0.30826520919799805
2031,6294.773,1898.5166666666667,6804.000000000004,100,100,1005,1.9407099495127575,6.770149253731347,2.1454379558563232,-1898.5166666666667,-0.018891223589889705,31.269141018390656,0.6504851980134845,0.012814819201594219,0.06854383705649525,2031,325.1043533248521,0.30826520919799805
2032,6297.44,2042.3100000000009,7042.333333333335,100,100,1014,1.9174475356921759,6.94510190664037,2.145249843597412,-2042.3100000000009,-0.019188518403097987,44.87034422159195,0.6195154888555408,0.0292129843874136,0.087203414645046,2032,325.1277048478159,0.30826520919799805
2033,6300.119,2007.0099999999998,7161.66666666667,100,100,1011,1.9419904046118053,7.083745466534787,2.16314697265625,-2007.0099999999998,-0.0201157025876455,36.94288319349289,0.7082839477807283,0.029849967068003025,0.08118872554041445,2033,325.14988936359265,0.30826520919799805
2034,6302.821,1795.8266666666689,6788.999999999999,100,100,1008,1.9541418645068973,6.735119047619047,2.1640117168426514,-1795.8266666666689,-0.01913513895124197,24.21435523033142,0.6257077120244503,0.023070495284628123,0.09651692741317675,2034,325.17044696091324,0.30826520919799805
2035,6305.487,1790.5766666666657,6815.000000000001,100,100,1011,1.9339930762893325,6.7408506429277955,2.1482181549072266,-1790.5766666666657,-0.014391536533366889,27.929173231124878,0.611807219684124,0.042411004927998874,0.11477481666952372,2035,325.19327397674294,0.30826520919799805
2036,6308.123,1899.5233333333342,6767.333333333329,100,100,1000,1.927455798839219,6.76733333333333,2.121804714202881,-1899.5233333333342,-0.00682095973752439,39.574007004499435,0.544416700489819,0.04087226230330998,0.09316406288417056,2036,325.21592612154564,0.30826520919799805
2037,6310.79,1907.483333333335,6986.333333333338,100,100,1006,1.9308740538581983,6.944665341285623,2.138868570327759,-1907.483333333335,-0.021327192604076117,32.53231996297836,0.5329997539520264,0.02967109376913868,0.08521569310687482,2037,325.23786349384477,0.30826520919799805
2038,6313.422,1889.5933333333335,6714.666666666666,100,100,1001,1.9193198807494758,6.707958707958707,2.1172187328338623,-1889.5933333333335,-0.02239593386184424,33.67157065868378,0.6262299325317144,0.03384510489013337,0.08937928709201515,2038,325.260870528177,0.30826520919799805
2039,6316.062,1903.370000000002,6942.66666666667,100,100,1006,1.919311827009777,6.901259111994701,2.1256375312805176,-1903.370000000002,-0.013827636721543968,35.45493406057358,0.5268479976803064,0.04678246683033649,0.07203209947329015,2039,325.2841847455979,0.30826520919799805
2040,6322.007,1843.416666666666,6873.666666666671,100,100,1010,1.941833366630691,6.80561056105611,2.158679962158203,-1843.416666666666,-0.015096193470526487,32.676485776901245,0.6556991394609213,0.01836115987316589,0.07951171870809048,2040,325.30559127808465,0.30826520919799805
2041,6324.934,1927.6100000000004,7054.000000000003,100,100,1003,2.1681256254750525,7.0329012961116675,2.374316453933716,-1927.6100000000004,-0.016526597435586154,39.93168127536774,0.6383992712944746,0.035042415256612,0.084642986766994,2041,325.14618083068996,0.30826520919799805
2042,6327.836,2075.986666666666,7201.000000000003,100,100,995,2.162550250887309,7.237185929648244,2.356196880340576,-2075.986666666666,-0.022380361740943044,52.15159249305725,0.7024558801203966,0.013284156520967372,0.08422154019353911,2042,325.15431133800655,0.30826520919799805
2043,6331.051,1904.1033333333335,6955.666666666665,100,100,1007,2.447296523899691,6.907315458457463,2.667083263397217,-1904.1033333333335,-0.022400248562917113,38.91861712932587,0.6936721317470074,0.018969770782859996,0.08246758638415486,2043,325.1482224354556,0.30826520919799805
2044,6334.252,1842.0733333333328,6714.999999999996,100,100,1004,2.439257468976288,6.688247011952187,2.652151584625244,-1842.0733333333328,-0.012363896239548922,33.004025518894196,0.6101543894037604,0.022458411382103804,0.07892400585114956,2044,325.14242291048873,0.30826520919799805
2045,6337.227,1958.4966666666674,7003.333333333338,100,100,1003,2.204032105292497,6.98238617480891,2.413370132446289,-1958.4966666666674,-0.012200324999867007,33.80358189344406,0.6750450115650892,0.014500783952371421,0.08123637363314629,2045,325.14805917707054,0.30826520919799805
2046,6340.182,1973.8500000000004,7100.333333333333,100,100,1009,2.1791978205237594,7.037000330360092,2.4022819995880127,-1973.8500000000004,-0.021159589989110827,34.24026894569397,0.6691894121468067,0.025865488751151133,0.09715800383128226,2046,325.1556548419093,0.30826520919799805
2047,6343.349,1911.519999999999,6782.333333333331,100,100,1001,2.395185114760938,6.775557775557774,2.5976991653442383,-1911.519999999999,-0.016963821282843128,28.253929436206818,0.6417127456516027,0.03690393721262808,0.09172541904263198,2047,325.1511211193082,0.30826520919799805
2048,6346.551,1924.6666666666672,6858.666666666668,100,100,1008,2.4353537700667474,6.8042328042328055,2.656310796737671,-1924.6666666666672,-0.011636006529442966,33.343036115169525,0.5690713562071323,0.02658093841455411,0.08951822947710752,2048,325.1458793805953,0.30826520919799805
2049,6349.582,2037.223333333333,7013.333333333331,100,100,1004,2.227770221425198,6.9853917662682585,2.4449024200439453,-2037.223333333333,-0.010536958754528314,37.70534360408783,0.6632964387536049,0.009212243767251493,0.07994495797902346,2049,325.14878193417394,0.30826520919799805
2050,6355.968,1996.1866666666674,7044.33333333333,100,100,1005,2.2744418904926644,7.009286898839135,2.489394187927246,-1996.1866666666674,-0.017257389525184408,36.384796380996704,0.6548616196960211,0.004125728097278625,0.0712673612870276,2050,325.15112185501886,0.30826520919799805
2051,6358.803,1895.2966666666669,6924.333333333334,100,100,1008,2.077646427977246,6.869378306878308,2.296149969100952,-1895.2966666666669,-0.019285341395516298,42.37759602069855,0.6355343498289585,0.01601098541141255,0.07291666668606922,2051,324.99386100355,0.30826520919799805
2052,6361.771,2009.3599999999976,7129.6666666666615,100,100,1008,2.1993059512285056,7.073082010582006,2.421241283416748,-2009.3599999999976,-0.00901641440577805,46.78931260108948,0.6187535962089896,0.024240108108642744,0.11018880223855376,2052,325.00070196019516,0.30826520919799805
2053,6364.8,2011.2099999999998,7206.333333333335,100,100,1002,2.266196605025376,7.191949434464406,2.4748551845550537,-2011.2099999999998,-0.017723031050991267,43.20844280719757,0.6805609706789255,0.021420519253297243,0.0921688990201801,2053,325.00343266383,0.30826520919799805
2054,6367.662,1921.5666666666668,6849.666666666667,100,100,1004,2.1246497009591425,6.822377158034529,2.329887628555298,-1921.5666666666668,-0.01831000077072531,35.2067968249321,0.5410546157509089,0.022350645369442645,0.09113103710114956,2054,325.01504925270706,0.30826520919799805
2055,6370.482,2062.2433333333333,7265.666666666669,100,100,1005,2.058283281767398,7.2295190713101185,2.2712488174438477,-2062.2433333333333,-0.01699241023743525,39.959863901138306,0.6389315724372864,0.018739283452305244,0.09324001742061228,2055,325.0289338437694,0.30826520919799805
2056,6373.41,1936.0133333333347,6869.333333333337,100,100,1002,2.186664970923483,6.855622089155027,2.389481782913208,-1936.0133333333347,-0.01701945223612711,36.837540209293365,0.621233101002872,0.04718736551512848,0.08854166674427688,2056,325.03684482199407,0.30826520919799805
2057,6376.435,1904.689999999998,6942.666666666664,100,100,1011,2.2520499502453295,6.867128255852289,2.4793732166290283,-1904.689999999998,-0.016656017513014376,42.64745604991913,0.60749676451087,0.015596164746966679,0.07412300887517631,2057,325.0411864092139,0.30826520919799805
2058,6379.359,2026.0366666666675,6984.666666666665,100,100,1003,2.1762984043640916,6.963775340644731,2.391125440597534,-2026.0366666666675,-0.021545521449297667,50.82969278097153,0.638608037494123,0.007988395163010864,0.08341660583391786,2058,325.0494118442951,0.30826520919799805
2059,6382.336,2044.8799999999994,7149.666666666664,100,100,1002,2.2129479034928354,7.1353958749168305,2.420928716659546,-2044.8799999999994,-0.015374761074781418,35.8394735455513,0.7032976448535919,0.04517447587568313,0.10093470994615927,2059,325.05482996030236,0.30826520919799805
2060,6388.864,1833.0200000000002,6721.666666666669,100,100,1002,2.3327808382878166,6.708250166334,2.535090923309326,-1833.0200000000002,-0.013922303362051025,34.54228776693344,0.6205313559621572,0.024680887370777782,0.0927036835346371,2060,325.05447178435617,0.30826520919799805
2061,6391.977,1989.3900000000006,7177.333333333338,100,100,1007,2.3374576970117302,7.12744124462099,2.5597238540649414,-1989.3900000000006,-0.018279789830558002,33.565201699733734,0.6992994248867035,0.00980996823636815,0.07887300511356443,2061,324.8788149607305,0.30826520919799805
2062,6395.176,1911.1566666666674,7052.333333333338,100,100,1011,2.416865875977658,6.975601714474122,2.6475725173950195,-1911.1566666666674,-0.019431235152296722,27.788227677345276,0.7309277262538671,0.03966502891125856,0.06960401381365955,2062,324.87438250867694,0.30826520919799805
2063,6398.291,1914.8833333333346,6956.333333333336,100,100,1006,2.3324498022623197,6.914844267726974,2.5489184856414795,-1914.8833333333346,-0.014675489626824856,31.95954018831253,0.6510152909904718,0.04269010425196029,0.08003566588740796,2063,324.87348484498176,0.30826520919799805
2064,6401.215,2019.7200000000005,7192.000000000003,100,100,1003,2.149793818492743,7.170488534396812,2.3610122203826904,-2019.7200000000005,-0.012425334251020104,44.18998372554779,0.8129272423684597,0.010867254706681706,0.059797420050017536,2064,324.88177072759925,0.30826520919799805
2065,6404.313,1898.4066666666652,7006.666666666664,100,100,1005,2.3136681572427573,6.9718076285240445,2.5223875045776367,-1898.4066666666652,-0.021166375605389476,45.656997859478,0.7351461797952652,0.016331240098224953,0.0849392362870276,2065,324.881518343056,0.30826520919799805
2066,6407.457,1975.0799999999997,6952.666666666663,100,100,1006,2.3474485074608746,6.911199469847578,2.5679728984832764,-1975.0799999999997,-0.016594509535934776,26.799168944358826,0.8225230947136879,0.012751184711305541,0.05846637242939323,2066,324.87911144613764,0.30826520919799805
2067,6410.61,1965.6366666666675,7036.6666666666715,100,100,1006,2.382645824605647,6.994698475811801,2.604194164276123,-1965.6366666666675,-0.017046119028236717,26.105327785015106,0.8294668793678284,0.04131857217362267,0.06489894696278498,2067,324.8762726624963,0.30826520919799805
2068,6413.311,1926.9033333333343,6890.3333333333385,100,100,999,1.964279580059591,6.897230563897236,2.1596174240112305,-1926.9033333333343,-0.015972554218024015,35.300934195518494,0.7610779386013746,0.012216090370202437,0.0980318512301892,2068,324.8952207121228,0.30826520919799805
2069,6416.004,2007.2233333333322,7199.999999999999,100,100,1005,1.9591134320712875,7.164179104477611,2.170771360397339,-2007.2233333333322,-0.014817241055425256,31.20926421880722,0.7698734849691391,0.01046658862469485,0.10110677126795053,2069,324.9154601570218,0.30826520919799805
2070,6421.785,1966.816666666666,7109.999999999998,100,100,1008,1.9628226192065676,7.053571428571427,2.177671194076538,-1966.816666666666,-0.015363600745331496,37.8599893450737,0.7248184774070978,0.025197910246788524,0.08186848973855376,2070,324.93599920246766,0.30826520919799805
2071,6424.484,1954.7499999999986,7131.333333333334,100,100,1002,1.9644303392561269,7.117099135063207,2.166940212249756,-1954.7499999999986,-0.01755569566739723,32.708662927150726,0.6582907410338521,0.026039712342026178,0.07163783500436693,2071,324.7994835130276,0.30826520919799805
2072,6427.163,1934.7399999999989,6825.999999999999,100,100,1006,1.9506057635251484,6.785288270377733,2.159137725830078,-1934.7399999999989,-0.021174210589379072,30.68668884038925,0.6900201598182321,0.03655228433672164,0.09672214684542269,2072,324.8206029163364,0.30826520919799805
2073,6429.858,1882.1566666666668,6843.666666666668,100,100,1005,1.9500291547205169,6.809618573797679,2.155271053314209,-1882.1566666666668,-0.013721978524699807,30.336078763008118,0.6665889676660299,0.029387791553745046,0.07530381972901523,2073,324.8408207661491,0.30826520919799805
2074,6432.527,1997.2499999999998,6983.666666666666,100,100,1011,1.9279773465452603,6.907682162875041,2.1503376960754395,-1997.2499999999998,-0.020268680120352656,27.582708597183228,0.7686379067599773,0.012966548518306809,0.08449180470779538,2074,324.86315712718505,0.30826520919799805
2075,6435.209,1930.9933333333327,6974.333333333332,100,100,1005,1.9527028851090602,6.939635157545604,2.1602206230163574,-1930.9933333333327,-0.022839038749225438,28.862244069576263,0.719551794230938,0.01195327131790691,0.09205729188397527,2075,324.88393339284283,0.30826520919799805
2076,6437.94,1998.4666666666658,7029.666666666662,100,100,1013,1.9609597230032234,6.939453767686735,2.1908226013183594,-1998.4666666666658,-0.022946595854591578,24.833537608385086,0.773836936801672,0.0072578703329782,0.09439489990472794,2076,324.9034614501507,0.30826520919799805
2077,6440.609,1935.46,6943.333333333329,100,100,1006,1.9384169962421933,6.90192180251822,2.147688865661621,-1935.46,-0.022022225719410926,47.66452294588089,0.6760140806436539,0.013914201183069963,0.08041779906488955,2077,324.9250134819471,0.30826520919799805
2078,6443.652,1891.783333333333,6980.333333333334,100,100,1001,2.2830925084051343,6.973359973359974,2.482150077819824,-1891.783333333333,-0.018110134289599955,32.10914462804794,0.687236619181931,0.02045892653586634,0.12215367727912962,2078,324.9269104320726,0.30826520919799805
2079,6446.661,2053.0166666666673,7108.333333333332,100,100,1003,2.2376360918849274,7.087072116982385,2.44697904586792,-2053.0166666666673,-0.020662195107433945,41.26048958301544,0.8089851457625628,0.025707710745336954,0.08808366674929857,2079,324.9308547031021,0.30826520919799805
2080,6453.289,1964.413333333332,7126.333333333336,100,100,1012,2.2057781622675154,7.041831357048751,2.434283494949341,-1964.413333333332,-0.016474387957714498,34.89400941133499,0.7167067397385836,0.026062555731186876,0.07677283696830273,2080,324.9369688878397,0.30826520919799805
2081,6456.423,2059.5499999999997,7128.66666666667,100,100,1010,2.356623366733294,7.058085808580861,2.588002920150757,-2059.5499999999997,-0.016693901428880054,32.423688888549805,0.7209689933806658,0.03740074955567252,0.08486328099388629,2081,324.7527232182674,0.30826520919799805
2082,6459.335,2053.7166666666653,7164.999999999998,100,100,1003,2.1593999997401614,7.143569292123627,2.3703794479370117,-2053.7166666666653,-0.017702892946545035,31.99871325492859,0.6882359459996223,0.03518469758637366,0.07587663526646793,2082,324.76162655499735,0.30826520919799805
2083,6462.316,2010.7933333333326,6996.0,100,100,1007,2.21678291982948,6.947368421052632,2.4341721534729004,-2010.7933333333326,-0.019445775193162262,29.342543125152588,0.6843095775693655,0.011184687831701012,0.07656665547983721,2083,324.7676333819997,0.30826520919799805
2084,6465.289,1921.0566666666678,6858.333333333333,100,100,1008,2.1979819430271164,6.803902116402116,2.4154884815216064,-1921.0566666666678,-0.019083503575529903,38.710515201091766,0.6801298521459103,0.010813384928042069,0.0787760418606922,2084,324.7742072164996,0.30826520919799805
2085,6468.28,1857.7799999999997,6707.333333333332,100,100,1004,2.2218297822382373,6.680610889774235,2.4278478622436523,-1857.7799999999997,-0.02190923341549933,34.65960192680359,0.6134682772681117,0.014386769878910854,0.10724431881681085,2085,324.77924279985825,0.30826520919799805
2086,6471.178,1905.6999999999994,6971.000000000001,100,100,1007,2.1498599823780706,6.922542204568025,2.364431619644165,-1905.6999999999994,-0.02009620316675864,28.928389251232147,0.708270849660039,0.009105915822146926,0.07389669172698632,2086,324.7894217421603,0.30826520919799805
2087,6473.906,1988.8966666666665,6979.666666666667,100,100,1006,1.9739874742534493,6.938038436050364,2.1888771057128906,-1988.8966666666665,-0.01855786528903991,33.83719873428345,0.687312800437212,0.02487298760388512,0.08714758837595582,2087,324.8079537760967,0.30826520919799805
2088,6476.636,1993.6599999999996,7252.666666666663,100,100,1012,1.9803926898092914,7.166666666666663,2.203367233276367,-1993.6599999999996,-0.011572313029319048,34.40216529369354,0.6112789204344153,0.026635251633706503,0.0760591949801892,2088,324.8272592250052,0.30826520919799805
2089,6479.382,1860.6966666666663,6856.666666666663,100,100,1009,1.9895497542677671,6.795507102741985,2.2043306827545166,-1860.6966666666663,-0.019824849208816886,39.43061113357544,0.57072614133358,0.023939551392686553,0.10872727970127016,2089,324.8453383062004,0.30826520919799805
2090,6485.343,1983.7433333333347,7009.66666666667,100,100,1013,1.994453111768269,6.919710431062852,2.2224080562591553,-1983.7433333333347,-0.01800420432118699,31.931994259357452,0.6018218910321593,0.04618092472810531,0.07474388275295496,2090,324.86229878664915,0.30826520919799805
2091,6488.088,1981.1733333333343,7050.333333333336,100,100,1009,1.9882555019084598,6.987446316484971,2.2085511684417725,-1981.1733333333343,-0.0193370173801668,29.933599293231964,0.7043899167329073,0.02527892388025066,0.07943040487589315,2091,324.72107903969857,0.30826520919799805
2092,6490.829,2008.2433333333342,7104.333333333335,100,100,1009,1.9782382557150142,7.040964651470104,2.199694871902466,-2008.2433333333342,-0.020087445082026534,27.487124621868134,0.6752627287060022,0.03325818273879122,0.10936503496486694,2092,324.7394066720526,0.30826520919799805
2093,6493.548,1979.8899999999992,7029.000000000001,100,100,1006,1.9839933394569216,6.987077534791253,2.19461727142334,-1979.8899999999992,-0.01645842206926318,26.45111420750618,0.5120977470651269,0.03775581144873286,0.10222061828244478,2093,324.75835645521147,0.30826520919799805
2094,6496.278,1936.1399999999996,6936.000000000003,100,100,1012,1.9838037576688372,6.8537549407114655,2.2059245109558105,-1936.1399999999996,-0.018148321367334574,23.61154568195343,0.5785927688702941,0.03291166337294271,0.0817683293716982,2094,324.7776408403253,0.30826520919799805
2095,6499.061,1878.8433333333344,6883.666666666666,100,100,1008,2.0387642843637703,6.829034391534391,2.2563014030456543,-1878.8433333333344,-0.01646684412844479,25.050120532512665,0.614197239279747,0.052193189891113434,0.08251953148283064,2095,324.79369256697504,0.30826520919799805
2096,6501.762,2024.4033333333348,7136.000000000003,100,100,1001,1.9601203805230163,7.128871128871132,2.1600418090820312,-2024.4033333333348,-0.019448371953330934,30.394164860248566,0.7590391729027033,0.025421285448828712,0.08400819334201515,2096,324.81274374406166,0.30826520919799805
2097,6504.513,1908.2866666666655,6982.66666666667,100,100,1004,2.0001784853583415,6.954847277556444,2.2076754570007324,-1908.2866666666655,-0.01752346969442442,29.43287754058838,0.6999434009194374,0.015895321925199823,0.07213245751336217,2097,324.8297114878703,0.30826520919799805
2098,6507.231,1810.2600000000002,6722.999999999998,100,100,1005,1.9798583077702356,6.689552238805969,2.1825273036956787,-1810.2600000000002,-0.01854265434667468,21.153014570474625,0.6328687947243452,0.019649354770081118,0.06903211819007993,2098,324.848470244357,0.30826520919799805
2099,6509.968,1960.773333333334,7212.000000000003,100,100,1007,1.9684745806436745,7.161866931479645,2.182507276535034,-1960.773333333334,-0.01986482331994921,35.69802838563919,0.6819189041852951,0.017611079521884676,0.07434341730549932,2099,324.8665725750826,0.30826520919799805
2100,6515.849,1819.1999999999982,6724.3333333333285,100,100,1004,1.9826263952740575,6.697543160690566,2.1868984699249268,-1819.1999999999982,-0.01423341134795919,30.613356053829193,0.5320666581392288,0.024212752399762394,0.08886718773283064,2100,324.88533528306493,0.30826520919799805
2101,6518.583,1908.1666666666672,6837.666666666664,100,100,1012,1.9763743071430344,6.756587615283265,2.198918104171753,-1908.1666666666672,-0.016037033055908978,30.213636219501495,0.5991217000409961,0.02218932951291208,0.07132662285584956,2101,324.74648512567853,0.30826520919799805
2102,6521.305,1780.7966666666657,6834.66666666666,100,100,1005,1.975366366397015,6.800663349917074,2.1764261722564697,-1780.7966666666657,-0.010132969066035002,44.014620900154114,0.5546737918630242,0.021833032769791316,0.0678493925370276,2102,324.7650707892879,0.30826520919799805
2103,6523.999,1799.576666666666,6737.666666666663,100,100,1003,1.970215453343802,6.717514124293782,2.1683437824249268,-1799.576666666666,-0.014934720005840063,29.38042974472046,0.6019133077934384,0.021275860137393465,0.07491142814978957,2103,324.78469761998946,0.30826520919799805
2104,6526.744,1948.6266666666652,6878.666666666665,100,100,1006,1.994837972425317,6.837640821736247,2.2080321311950684,-1948.6266666666652,-0.01425431075040251,34.87159162759781,0.5885807694867253,0.019646088678200613,0.09351647412404418,2104,324.80223437543975,0.30826520919799805
2105,6529.522,1989.3366666666655,7079.999999999999,100,100,1008,1.9895819463676565,7.023809523809523,2.2064969539642334,-1989.3366666666655,-0.013391172076808289,30.662462681531906,0.6725606210529804,0.033556242582562845,0.08349609375,2105,324.8184315430383,0.30826520919799805
2106,6532.203,2041.0866666666677,7125.000000000001,100,100,1011,1.9364978258638954,7.047477744807122,2.160109281539917,-2041.0866666666677,-0.01222166934167035,32.560203433036804,0.6979616787284613,0.10530644922982901,0.06911573256365955,2106,324.8398513621826,0.30826520919799805
2107,6534.878,1961.5699999999997,7055.6666666666615,100,100,1007,1.9258744805420507,7.00662032439589,2.137887954711914,-1961.5699999999997,-0.008469171239994466,40.008461236953735,0.5511099714785814,0.05946669751574518,0.10696476022712886,2107,324.86102014443753,0.30826520919799805
2108,6537.546,2028.0166666666667,6956.333333333338,100,100,1010,1.9205593069471272,6.887458745874592,2.1404531002044678,-2028.0166666666667,-0.007316959323361516,36.96990329027176,0.6098698684945703,0.04638527143833926,0.06408203102182597,2108,324.8829384542918,0.30826520919799805
2109,6540.238,1916.5733333333314,6953.3333333333285,100,100,1004,1.939873807192539,6.925630810092956,2.14286732673645,-1916.5733333333314,-0.02078052458819002,30.529687583446503,0.6280381521210074,0.006168647025333485,0.08531605126336217,2109,324.9027106125582,0.30826520919799805
2110,6546.021,1919.176666666666,7029.33333333333,100,100,1011,1.9759300684659538,6.952851961754036,2.1979727745056152,-1919.176666666666,-0.011528453760547563,27.964612364768982,0.6626515220850706,0.05257133815030102,0.08547794143669307,2110,324.92083057663405,0.30826520919799805
2111,6548.706,2028.473333333332,7238.000000000001,100,100,1011,1.935624330498934,7.159248269040555,2.1586551666259766,-2028.473333333332,-0.009198428131639957,40.17297327518463,0.6259431969374418,0.06514522218640195,0.07998238387517631,2111,324.79135344805064,0.30826520919799805
2112,6551.388,1914.2333333333327,7067.9999999999945,100,100,1010,1.9264724731472975,6.998019801980193,2.143514633178711,-1914.2333333333327,-0.005308907071594149,38.703221797943115,0.4994010850787163,0.07664618466515094,0.07083984347991645,2112,324.81252415403947,0.30826520919799805
2113,6554.058,2030.426666666667,6976.6666666666715,100,100,1008,1.9279484130536384,6.921296296296301,2.1456730365753174,-2030.426666666667,-0.014118093880824745,33.359444975852966,0.6097317691892385,0.05855270712345373,0.0626627606106922,2113,324.83404240888865,0.30826520919799805
2114,6556.755,1872.3733333333344,6903.666666666671,100,100,1011,1.938235904661244,6.828552588196509,2.155451774597168,-1872.3733333333344,-0.012489132699556649,28.10603702068329,0.5765559114515781,0.0818738548696274,0.10061466018669307,2114,324.8545765622576,0.30826520919799805
2115,6559.45,1929.3033333333326,6928.999999999996,100,100,1004,1.9285154361481893,6.901394422310753,2.135962963104248,-1929.3033333333326,-0.013890670728869736,32.778728783130646,0.5998570201918483,0.027994770774967037,0.07399680418893695,2115,324.874171361275,0.30826520919799805
2116,6562.277,1805.5600000000004,6753.333333333333,100,100,1007,2.074682521619931,6.706388613042039,2.284609079360962,-1805.5600000000004,-0.012814071058528498,33.95844101905823,0.5454190326854587,0.06440444439067505,0.05330576794221997,2116,324.88770940420784,0.30826520919799805
2117,6565.267,1898.4833333333354,7039.333333333339,100,100,1011,2.1982885241733254,6.962743158588862,2.420811176300049,-1898.4833333333354,-0.01610224030446261,27.55426734685898,0.5940812537446618,0.08575259696954163,0.0687423407798633,2117,324.89373002085,0.30826520919799805
2118,6568.382,1901.1733333333323,6999.000000000002,100,100,1012,2.3254937764483583,6.916007905138342,2.552642345428467,-1901.1733333333323,-0.00916787126334384,25.59408637881279,0.6079805754125118,0.02155032174050575,0.06775841396301985,2118,324.89373447069045,0.30826520919799805
2119,6571.508,1938.8299999999997,6932.333333333334,100,100,1006,2.3414937383078676,6.890987408880053,2.5554280281066895,-1938.8299999999997,-0.011207292962353677,45.806078374385834,0.5819366574287415,0.04588883844189695,0.06598165759351104,2119,324.892265300715,0.30826520919799805
2120,6577.743,1867.240000000001,6884.000000000004,100,100,1007,2.122713209087327,6.836146971201592,2.3374972343444824,-1867.240000000001,-0.009500607615336776,29.85055485367775,0.6406025448814034,0.01843956119409995,0.07399019272997975,2120,324.9026144697165,0.30826520919799805
2121,6580.784,2007.0099999999998,7025.666666666669,100,100,1005,2.27170955373521,6.990713101160864,2.486961841583252,-2007.0099999999998,-0.015228564443532377,33.94217920303345,0.5969873536378145,0.022694736573612317,0.07928602444007993,2121,324.7400352262131,0.30826520919799805
2122,6583.944,1794.0233333333329,6783.000000000002,100,100,1011,2.3839320463766773,6.709198813056382,2.6087324619293213,-1794.0233333333329,-0.014223741251043975,24.98561465740204,0.531739016994834,0.03710140745533863,0.06837852345779538,2122,324.7377477370123,0.30826520919799805
2123,6586.88,1984.756666666666,7143.333333333334,100,100,1008,2.181141171257921,7.086640211640212,2.399228811264038,-1984.756666666666,-0.011055950279114768,36.17758119106293,0.5074281794950366,0.03633481334327371,0.07763671892462298,2123,324.7460108915355,0.30826520919799805
2124,6589.855,1887.3333333333323,6985.666666666668,100,100,1008,2.196044346275148,6.930224867724869,2.4119980335235596,-1887.3333333333323,-0.015211877645924687,28.185202062129974,0.608647390268743,0.06019326164096128,0.08642578148283064,2124,324.7523836376574,0.30826520919799805
2125,6592.703,1925.7466666666678,7142.000000000003,100,100,1010,2.1010505941484383,7.071287128712874,2.3214833736419678,-1925.7466666666678,-0.010029956873040646,25.272177159786224,0.5227193562313914,0.05525017184118042,0.11261718743480742,2125,324.7652910516523,0.30826520919799805
2126,6595.452,1925.2566666666683,6928.000000000001,100,100,1008,1.9910528757868127,6.873015873015874,2.2050604820251465,-1925.2566666666683,-0.011275929631665349,31.85450154542923,0.5491856206208467,0.02606989828927908,0.10009765659924597,2126,324.7827366155909,0.30826520919799805
2127,6598.17,1825.316666666666,6913.666666666671,100,100,1009,1.968903567667818,6.851998678559634,2.1813905239105225,-1825.316666666666,-0.010993071016855538,19.0968536734581,0.572255028411746,0.016451525705633685,0.06305803556460887,2127,324.8018618342177,0.30826520919799805
2128,6600.924,1924.6033333333326,6958.333333333331,100,100,1011,1.9785102866046522,6.882624464226836,2.2002713680267334,-1924.6033333333326,-0.008018081134650856,43.13542276620865,0.562708948738873,0.0332857396278996,0.06497012893669307,2128,324.8195211589912,0.30826520919799805
2129,6603.657,1838.2466666666646,6692.3333333333285,100,100,1008,1.983792955884599,6.639219576719572,2.198209762573242,-1838.2466666666646,-0.016461718554637628,25.552698254585266,0.5733234230428934,0.05350348146748729,0.1171875,2129,324.8377799114451,0.30826520919799805
2130,6609.482,1904.4099999999996,6903.666666666666,100,100,1007,1.9736324723434469,6.85567692816948,2.1850690841674805,-1904.4099999999996,-0.013695172441657633,26.80364578962326,0.5718599827960134,0.034675413284276146,0.10292345378547907,2130,324.85582356339825,0.30826520919799805
2131,6612.209,1899.0199999999995,6998.666666666665,100,100,1013,1.9687216169028916,6.9088515959197085,2.190962791442871,-1899.0199999999995,-0.01901580093544908,27.144255816936493,0.5588945988565683,0.04431762195599731,0.08863686630502343,2131,324.72309280661074,0.30826520919799805
2132,6614.944,1851.9933333333342,6857.333333333336,100,100,1013,1.962811154242594,6.769332017110894,2.18264102935791,-1851.9933333333342,-0.0067724427208304405,26.346710443496704,0.5888075539842248,0.022209866048797267,0.08920806320384145,2132,324.7419723576768,0.30826520919799805
2133,6617.701,1781.3433333333332,6783.0,100,100,1013,1.9984338587694246,6.695952615992103,2.217884063720703,-1781.3433333333332,-0.017775997170247138,31.324246764183044,0.568384756334126,0.03631391658564098,0.10591096710413694,2133,324.7597760934117,0.30826520919799805
2134,6620.432,1968.7266666666674,7041.333333333333,100,100,1008,1.9767205360242062,6.985449735449735,2.1917073726654053,-1968.7266666666674,-0.013655695074703544,25.072282552719116,0.5346611933782697,0.10784020706341835,0.08317057299427688,2134,324.7780394428952,0.30826520919799805
2135,6623.155,1971.0366666666666,7096.000000000005,100,100,1007,1.9770479638984033,7.046673286991067,2.1910269260406494,-1971.0366666666666,-0.016792256492834667,35.92816483974457,0.6042545037344098,0.03864885547955055,0.07900806178804487,2135,324.79654546910433,0.30826520919799805
2136,6625.852,1986.8099999999997,7037.999999999997,100,100,1004,1.9493626514811484,7.009960159362547,2.156857490539551,-1986.8099999999997,-0.00721553829498589,37.93116921186447,0.5092626614496112,0.048588501529593486,0.0866477272938937,2136,324.8158819028034,0.30826520919799805
2137,6628.542,1737.4966666666649,6829.999999999999,100,100,1009,1.9511477690609125,6.769078295341922,2.161609649658203,-1737.4966666666649,-0.010203504818491638,24.800641655921936,0.5305692916736007,0.04481990269414382,0.09955955017358065,2137,324.8362871485683,0.30826520919799805
2138,6631.253,1998.3766666666663,7126.333333333335,100,100,1005,1.9533019903259565,7.0908789386401345,2.160496473312378,-1998.3766666666663,-0.01877984724706039,30.637363612651825,0.5542760789394379,0.07506367424502969,0.09462890634313226,2138,324.8550380131618,0.30826520919799805
2139,6633.967,1850.8033333333335,6848.333333333332,100,100,1005,1.9663796032690883,6.814262023217246,2.17323899269104,-1850.8033333333335,-0.007984169409610331,41.220083832740784,0.5089469002559781,0.08045055090042297,0.11295572924427688,2139,324.87364676603414,0.30826520919799805
2140,6639.78,1942.7699999999998,7069.333333333333,100,100,1014,1.9794172568097932,6.971729125575279,2.2059528827667236,-1942.7699999999998,-0.013604130479507148,28.069260716438293,0.47858679573982954,0.026992132072336972,0.08302589715458453,2140,324.892568719684,0.30826520919799805
2141,6642.482,1778.7366666666671,6926.0,100,100,1012,1.9547470349251577,6.8438735177865615,2.168131113052368,-1778.7366666666671,-0.012059280095854774,30.282197177410126,0.5689590321853757,0.05382074730005115,0.12943209148943424,2141,324.7621942899023,0.30826520919799805
2142,6645.21,1862.693333333335,7040.333333333338,100,100,1016,1.9558955712232915,6.929461942257222,2.1838924884796143,-1862.693333333335,-0.016091362573206425,24.526015400886536,0.5746923703700304,0.018218920020444784,0.06689453171566129,2142,324.78175952202326,0.30826520919799805
2143,6647.93,1849.483333333335,6827.0,100,100,1004,1.9694611553540564,6.799800796812749,2.1721863746643066,-1849.483333333335,-0.0099391620606184,30.446477830410004,0.5487410221248865,0.03953172894034651,0.07528409105725586,2143,324.79991813623514,0.30826520919799805
2144,6650.664,1882.0533333333326,6810.666666666665,100,100,1011,1.98428476776036,6.7365644576327055,2.203993558883667,-1882.0533333333326,-0.015360788616817445,34.154981672763824,0.522505497559905,0.011993574182270095,0.07864200393669307,2144,324.8184090926842,0.30826520919799805
2145,6653.381,1896.413333333333,6934.33333333333,100,100,1012,1.9560834983494426,6.852108036890643,2.1759157180786133,-1896.413333333333,-0.018947668955661356,33.264805257320404,0.5456464365124702,0.04166234619333409,0.09130859421566129,2145,324.83783502450086,0.30826520919799805
2146,6656.064,1933.4433333333336,6982.0,100,100,1009,1.9373492573363,6.919722497522299,2.1521403789520264,-1933.4433333333336,-0.010758581978734583,24.57571166753769,0.49226565286517143,0.0457014392450219,0.07961973850615323,2146,324.85850807851057,0.30826520919799805
2147,6658.775,1897.916666666666,6836.999999999996,100,100,1008,1.9623685514070242,6.782738095238091,2.1740400791168213,-1897.916666666666,-0.011924607737455517,25.370291709899902,0.5623220456764102,0.037897483256529085,0.07421875,2147,324.8776396792864,0.30826520919799805
2148,6661.485,1960.4900000000025,7110.333333333332,100,100,1013,1.946932378317885,7.019085225403092,2.1724331378936768,-1960.4900000000025,-0.00814514792728005,26.095209389925003,0.49975387565791607,0.05073535745032132,0.09742592880502343,2148,324.8975235029178,0.30826520919799805
2149,6664.201,1898.6466666666668,6980.999999999998,100,100,1007,1.9776162862742566,6.932472691161865,2.1878623962402344,-1898.6466666666668,-0.012078874453436583,46.48733967542648,0.5863244151696563,0.033365872091962956,0.10989444795995951,2149,324.9162351791341,0.30826520919799805
2150,6669.909,1928.6333333333328,6904.333333333331,100,100,1009,1.9584903870806156,6.842748595969605,2.1743903160095215,-1928.6333333333328,-0.018445979978423566,42.37926542758942,0.5278993872925639,0.02690066199284047,0.07507573312614113,2150,324.9352265224799,0.30826520919799805
2151,6672.647,1927.2433333333347,7161.333333333337,100,100,1010,1.9682844534820627,7.090429042904294,2.182361125946045,-1927.2433333333347,-0.023088206158718094,30.33540588617325,0.570216441527009,0.04601735163669218,0.10851562500465661,2151,324.8075199804116,0.30826520919799805
2152,6675.336,1824.6633333333336,6943.999999999998,100,100,1009,1.9385999994402303,6.882061446977203,2.150371789932251,-1824.6633333333336,-0.018140058615244925,32.8147429227829,0.5376653047278523,0.02050402151871822,0.1025689571397379,2152,324.82783026475056,0.30826520919799805
2153,6678.07,1849.1833333333332,6875.333333333333,100,100,1003,1.9970496519629362,6.854769026254569,2.2014317512512207,-1849.1833333333332,-0.011989722377620637,32.167390406131744,0.5061981249600649,0.034761256698402576,0.07224291434977204,2153,324.84503737131735,0.30826520919799805
2154,6680.752,1925.2866666666666,7017.666666666669,100,100,1005,1.9300610920534798,6.982752902155889,2.1382744312286377,-1925.2866666666666,-0.01805277052153542,26.334590196609497,0.5757256476208568,0.05122908765770262,0.09691840293817222,2154,324.8650827398025,0.30826520919799805
2155,6683.93,1865.7366666666699,6926.333333333333,100,100,1010,2.3900757408885305,6.857755775577558,2.6145641803741455,-1865.7366666666699,-0.01754973630886525,29.419484585523605,0.49171821773052216,0.027652206692437176,0.08617187477648258,2155,324.86174432663387,0.30826520919799805
2156,6687.103,1895.8633333333319,6918.666666666666,100,100,1008,2.393692063855096,6.863756613756613,2.6144022941589355,-1895.8633333333319,-0.01897162082605064,25.716149508953094,0.5147176366299391,0.06710764419403858,0.0852864587213844,2156,324.85836310029384,0.30826520919799805
2157,6690.12,1909.2199999999991,6981.0,100,100,1013,2.2142432391715237,6.891411648568608,2.4413654804229736,-1909.2199999999991,-0.014301017276011407,19.85812097787857,0.49357173312455416,0.018940419638965977,0.07034935150295496,2157,324.863240732777,0.30826520919799805
2158,6693.126,1881.9900000000011,6890.666666666668,100,100,1006,2.2249402581097533,6.84956925115971,2.4385182857513428,-1881.9900000000011,-0.018077782297041267,39.785878360271454,0.562328552827239,0.03458295849850401,0.1111795175820589,2158,324.867610683076,0.30826520919799805
2159,6696.33,1890.7399999999986,7095.666666666671,100,100,1011,2.406180809660972,7.0184635674249956,2.6312108039855957,-1890.7399999999986,-0.014802512130700052,31.235222339630127,0.5348105076700449,0.021836275518580806,0.08975758316228166,2159,324.86317261836973,0.30826520919799805
2160,6703.069,1862.3133333333337,6867.000000000002,100,100,1014,2.4598673577521444,6.772189349112428,2.6920599937438965,-1862.3133333333337,-0.01573765648936387,25.038138687610626,0.47364077903330326,0.062178118248994,0.09736689832061529,2160,324.85655565719696,0.30826520919799805
2161,6706.022,1852.716666666667,6751.333333333334,100,100,1010,2.165230496390031,6.684488448844885,2.382847309112549,-1852.716666666667,-0.009475143626332283,27.23013746738434,0.48113567009568214,0.024939839808212128,0.08660156209953129,2161,324.69549369092067,0.30826520919799805
2162,6709.119,1847.0100000000002,6890.000000000001,100,100,1014,2.3085323479935838,6.794871794871796,2.540107250213623,-1847.0100000000002,-0.01374802179634571,21.386852383613586,0.48886637296527624,0.020238541041180724,0.08702256949618459,2162,324.6967313034482,0.30826520919799805
2163,6712.218,1893.476666666667,6860.666666666667,100,100,1013,2.305847484740702,6.772622573214874,2.5373075008392334,-1893.476666666667,-0.010159233934246004,27.798792481422424,0.4751788852736354,0.02211775165051222,0.10676776245236397,2163,324.6977453938019,0.30826520919799805
2164,6715.223,1920.0533333333337,6927.333333333334,100,100,1012,2.2148393282506675,6.845191040843216,2.441879987716675,-1920.0533333333337,-0.00972891814308241,21.89325988292694,0.4664132120087743,0.06396714552829508,0.11632361821830273,2164,324.70315601958566,0.30826520919799805
2165,6718.273,1772.9800000000002,6669.333333333329,100,100,1011,2.262034421670596,6.596768875700622,2.4830400943756104,-1772.9800000000002,-0.017170464096125215,30.407118916511536,0.433034292422235,0.0886278452235274,0.08046109095448628,2165,324.7062376614139,0.30826520919799805
2166,6721.183,1851.1733333333345,6978.999999999999,100,100,1011,2.1401327409671893,6.903066271018792,2.361159324645996,-1851.1733333333345,-0.014564369688741863,39.18040347099304,0.4492798252031207,0.06011349848995451,0.10793887893669307,2166,324.7160442532816,0.30826520919799805
2167,6724.055,1832.0033333333333,6772.333333333334,100,100,1010,2.1007612905474287,6.705280528052806,2.319117546081543,-1832.0033333333333,-0.015767540666274726,22.39333066344261,0.4118881616741419,0.04148880815046141,0.08345703105442226,2167,324.7275766904741,0.30826520919799805
2168,6726.997,1874.3800000000012,6906.333333333336,100,100,1010,2.1704084159216226,6.837953795379541,2.391427516937256,-1874.3800000000012,-0.007095802575349808,29.58936893939972,0.3750577331520617,0.07198998203602969,0.08421874977648258,2168,324.73568039701786,0.30826520919799805
2169,6730.045,1865.176666666665,6936.666666666668,100,100,1012,2.2670887386483387,6.85441370223979,2.4952127933502197,-1865.176666666665,-0.012973978358786553,25.31947112083435,0.5303925452753901,0.05415749628446065,0.08420973573811352,2169,324.7389686092258,0.30826520919799805
2170,6736.21,1879.0999999999997,6999.000000000004,100,100,1013,2.1766136244798093,6.909180651530112,2.402071952819824,-1879.0999999999997,-0.013638613134389743,23.774605691432953,0.4761807704344392,0.06959410887066042,0.07368440460413694,2170,324.7472202317166,0.30826520919799805
2171,6739.147,1730.2366666666662,6659.999999999998,100,100,1006,2.160916598578526,6.620278330019879,2.365016222000122,-1730.2366666666662,-0.014935542130842805,35.251078486442566,0.4752345224842429,0.044180512326420285,0.11500084912404418,2171,324.5999803078405,0.30826520919799805
2172,6742.214,1829.1366666666668,6941.333333333331,100,100,1010,2.261097724019264,6.87260726072607,2.4789466857910156,-1829.1366666666668,-0.015247191273374483,25.34649893641472,0.48691012989729643,0.02054149944888195,0.08492187480442226,2172,324.6021041954307,0.30826520919799805
2173,6745.327,1840.2633333333347,6762.666666666668,100,100,1010,2.3150206945772,6.695709570957097,2.537925958633423,-1840.2633333333347,-0.009918837109580636,27.595553994178772,0.45626181922852993,0.055384267002409615,0.07251953124068677,2173,324.60203586089506,0.30826520919799805
2174,6748.511,1850.7833333333317,7032.0,100,100,1005,2.412175521745685,6.997014925373135,2.622241497039795,-1850.7833333333317,-0.011287365341559052,32.491517424583435,0.5209967866539955,0.0378982495967648,0.07936197926755995,2174,324.59786806263287,0.30826520919799805
2175,6751.648,1883.0200000000002,6982.999999999998,100,100,1009,2.358257578089612,6.9207135777998,2.577253818511963,-1883.0200000000002,-0.016075425897724926,29.273536920547485,0.5464860266074538,0.04059826322190929,0.08630620205076411,2175,324.59644841804663,0.30826520919799805
2176,6754.71,1761.3899999999996,6771.666666666667,100,100,1009,2.249359762747435,6.711265279154278,2.467278242111206,-1761.3899999999996,-0.012677016406087205,36.98870259523392,0.5143680432811379,0.06628796370569034,0.08303770725615323,2176,324.59868665347193,0.30826520919799805
2177,6757.776,1870.2433333333347,7066.333333333333,100,100,1009,2.27333547958663,7.003303600925008,2.490137815475464,-1870.2433333333347,-0.011421154194977134,39.24076592922211,0.5591034088283777,0.023169231462816242,0.08596739452332258,2177,324.60071076730816,0.30826520919799805
2178,6760.939,1906.3666666666647,6973.666666666662,100,100,1010,2.376286633944342,6.904620462046201,2.5998263359069824,-1906.3666666666647,-0.0058537633158266544,32.778297781944275,0.5108509985730052,0.04325082403738634,0.09630859363824129,2178,324.59826861329645,0.30826520919799805
2179,6764.067,1933.0633333333324,7055.333333333334,100,100,1009,2.3337162538903247,6.9924017178724815,2.5556554794311523,-1933.0633333333324,-0.014559076866135001,36.63243120908737,0.4895257540047169,0.02547303109895438,0.09276347234845161,2179,324.59729659638833,0.30826520919799805
2180,6770.545,1849.8366666666664,6791.000000000003,100,100,1008,2.204211903431098,6.7371031746031775,2.419614791870117,-1849.8366666666664,-0.020425778639037162,25.772694289684296,0.559112367220223,0.029697234567720443,0.08935546921566129,2180,324.60331073487873,0.30826520919799805
2181,6773.259,1957.4500000000012,7074.000000000005,100,100,1005,1.9685605931239416,7.038805970149259,2.1766648292541504,-1957.4500000000012,-0.012286804238101467,39.928037226200104,0.5795776108279824,0.06527926489070524,0.08221571205649525,2181,324.4540327358515,0.30826520919799805
2182,6775.955,1873.2266666666674,7000.000000000002,100,100,1003,1.9469070798463948,6.9790628115653055,2.148488998413086,-1873.2266666666674,-0.007761583314277232,31.333302974700928,0.606291382573545,0.02122150588547811,0.08099791081622243,2182,324.4729610438644,0.30826520919799805
2183,6778.649,1906.6699999999996,6963.666666666668,100,100,1009,1.9538847368895431,6.901552692434755,2.170102596282959,-1906.6699999999996,-0.008913116762414575,34.930164992809296,0.5446755047887564,0.05476280363291153,0.08416374353691936,2183,324.4928097816539,0.30826520919799805
2184,6781.394,1938.716666666666,6977.666666666662,100,100,1006,1.9426169001199232,6.936050364479784,2.1531484127044678,-1938.716666666666,-0.009315439645433798,30.499181270599365,0.5425775023177266,0.10688033125188667,0.10124405566602945,2184,324.5098222931256,0.30826520919799805
2185,6784.087,1893.3900000000012,6986.666666666668,100,100,1006,1.9536060636361345,6.944996686547384,2.1609864234924316,-1893.3900000000012,-0.017037441371940076,26.3324716091156,0.5365939168259501,0.031042515125591308,0.08961022447329015,2185,324.5293317361727,0.30826520919799805
2186,6786.817,1962.6100000000004,7127.999999999997,100,100,1010,1.9659529697140772,7.057425742574255,2.1851589679718018,-1962.6100000000004,-0.015421526331920177,26.97695302963257,0.5141536379233003,0.04418831123621203,0.10054687480442226,2186,324.547554513921,0.30826520919799805
2187,6789.521,1964.193333333335,6986.0,100,100,1002,1.9696356273003428,6.972055888223553,2.173006296157837,-1964.193333333335,-0.016240564989857376,39.775095999240875,0.5811595171689987,0.014613788422138896,0.07921782007906586,2187,324.56591772031504,0.30826520919799805
2188,6792.189,2011.8233333333326,6998.000000000001,100,100,1004,1.9359000006772251,6.970119521912351,2.1408047676086426,-2011.8233333333326,-0.020813726048800163,45.96489870548248,0.5546630723401904,0.017750338374753483,0.09743430418893695,2188,324.58621965056284,0.30826520919799805
2189,6794.886,1841.3733333333337,6901.000000000002,100,100,1008,1.944776985467234,6.846230158730161,2.1542296409606934,-1841.3733333333337,-0.020106540119741112,29.39930558204651,0.5368612110614777,0.04466223207418807,0.13151041697710752,2189,324.6057669368984,0.30826520919799805
2190,6800.692,1918.6799999999996,7063.666666666671,100,100,1009,1.9528085243130404,7.000660720185006,2.1694109439849854,-1918.6799999999996,-0.017875312827527523,28.539209842681885,0.5257084583863616,0.06414629981736653,0.10696348856436089,2190,324.62533538393785,0.30826520919799805
2191,6803.712,1854.5700000000004,6899.666666666669,100,100,1009,2.2283063420833886,6.838123554674597,2.44614839553833,-1854.5700000000004,-0.02027114320662804,26.391102969646454,0.5399206969887018,0.04033203673316166,0.09238480520434678,2191,324.4812648313504,0.30826520919799805
2192,6806.878,1898.933333333332,6990.999999999999,100,100,1017,2.3472794490035773,6.874139626352015,2.588226556777954,-1898.933333333332,-0.015754642139654607,36.33643990755081,0.5352451633661985,0.056841630750568584,0.09800746967084706,2192,324.4797358483694,0.30826520919799805
2193,6809.945,1798.7666666666669,6801.666666666669,100,100,1008,2.291662996059232,6.747685185185187,2.507601499557495,-1798.7666666666669,-0.025233011867385358,35.4432578086853,0.5514372568577528,0.057728429266717285,0.10742187523283064,2193,324.4816201247728,0.30826520919799805
2194,6812.871,1936.7200000000018,6958.666666666672,100,100,1011,2.1371764597703145,6.882954170788004,2.3634259700775146,-1936.7200000000018,-0.015329308225773275,33.229853093624115,0.5087257754057646,0.011704436190484557,0.07754097762517631,2194,324.4906755983682,0.30826520919799805
2195,6815.837,1825.2766666666662,6881.666666666667,100,100,1009,2.2036060456664655,6.820284109679551,2.419818162918091,-1825.2766666666662,-0.01235972432186827,35.72798573970795,0.4793424680829048,0.11985091185124475,0.07917131681460887,2195,324.4974826288762,0.30826520919799805
2196,6818.979,1896.083333333334,7019.666666666671,100,100,1005,2.368194226926165,6.984742951907135,2.5803956985473633,-1896.083333333334,-0.00834083289373666,31.959493160247803,0.5393967377021909,0.03266902100585867,0.11010199692100286,2196,324.49533473675194,0.30826520919799805
2197,6822.057,1861.446666666666,6832.999999999999,100,100,1007,2.296473782499392,6.785501489572988,2.5101699829101562,-1861.446666666666,-0.015524300863035023,20.1218358874321,0.47345338575541973,0.020009636748000048,0.0864153919974342,2197,324.49653635885494,0.30826520919799805
2198,6825.048,1951.3600000000004,7001.333333333331,100,100,1004,2.209540338030983,6.973439575033199,2.4198009967803955,-1951.3600000000004,-0.018498448305763304,32.85297900438309,0.5591061320155859,0.024702546521439217,0.08766867942176759,2198,324.50148546250495,0.30826520919799805
2199,6828.029,1816.6566666666672,6823.999999999997,100,100,1011,2.1794084083007026,6.749752720079127,2.405048131942749,-1816.6566666666672,-0.01563291990896687,30.063441038131714,0.5207508308812976,0.06459131054725731,0.0774260878097266,2199,324.5078306436856,0.30826520919799805
2200,6834.22,1914.4066666666665,7029.000000000001,100,100,1011,2.274638476309898,6.952522255192879,2.501553773880005,-1914.4066666666665,-0.019114535592962056,25.822143763303757,0.5620449930429459,0.02643503046419937,0.11979166720993817,2200,324.51013969488093,0.30826520919799805
2201,6836.994,1871.4466666666674,6943.999999999998,100,100,1012,1.996363141839006,6.861660079051382,2.219910144805908,-1871.4466666666674,-0.01750473357969895,31.72270941734314,0.5621999800205231,0.01131523279036628,0.08420973597094417,2201,324.3782336412397,0.30826520919799805
2202,6839.71,1879.9800000000002,6847.666666666669,100,100,1006,1.9774272393113073,6.806825712392315,2.1835575103759766,-1879.9800000000002,-0.016831075699883513,34.412450551986694,0.6014595171436667,0.03375573259108933,0.09510869567748159,2202,324.3964918876569,0.30826520919799805
2203,6842.473,1830.3299999999988,6808.666666666666,100,100,1010,1.9859861371586893,6.74125412541254,2.2017078399658203,-1830.3299999999988,-0.014140319137368351,26.559237718582153,0.5861418368294835,0.03464374856412178,0.07322265603579581,2203,324.41310412970495,0.30826520919799805
2204,6845.244,1923.6966666666665,7116.333333333331,100,100,1008,2.0135615072037565,7.059854497354495,2.2295570373535156,-1923.6966666666665,-0.016392869816627353,27.77222055196762,0.6117627304047346,0.04172360527081764,0.10791015625,2204,324.4290705492465,0.30826520919799805
2205,6847.993,1844.296666666667,7036.999999999998,100,100,1009,1.9833731427659513,6.9742319127849335,2.1949403285980225,-1844.296666666667,-0.023642479558475316,30.410052180290222,0.6116965711116791,0.018354074985836633,0.09062101412564516,2205,324.44617369047745,0.30826520919799805
2206,6850.758,1857.9499999999998,6764.666666666666,100,100,1007,2.019240119047796,6.717643164515061,2.2299442291259766,-1857.9499999999998,-0.008490513253491372,35.61887085437775,0.5965295694768429,0.017746031717251753,0.10811793524771929,2206,324.4622052486304,0.30826520919799805
2207,6853.509,1917.3533333333335,6951.666666666671,100,100,1006,1.994108049167509,6.910205434062297,2.2029523849487305,-1917.3533333333335,-0.01648586301598698,26.139938592910767,0.6127706207334995,0.028211111577547854,0.06354025145992637,2207,324.478734011381,0.30826520919799805
2208,6856.269,1969.2766666666682,6970.333333333329,100,100,1009,2.0006888020392304,6.908159894284767,2.2198567390441895,-1969.2766666666682,-0.01414307823870331,27.764604449272156,0.5789962485432625,0.02232221201848006,0.06977439415641129,2208,324.49527348527016,0.30826520919799805
2209,6859.045,1790.4766666666665,6732.999999999999,100,100,1011,2.003358852631356,6.659742828882294,2.2219746112823486,-1790.4766666666665,-0.014669513853732497,30.04594087600708,0.5906267650425434,0.025041632521606516,0.09084903507027775,2209,324.51133580465176,0.30826520919799805
2210,6864.922,1965.476666666666,6973.666666666667,100,100,1011,2.0203656786647426,6.897790966040224,2.24398136138916,-1965.476666666666,-0.016343229333870113,28.79467123746872,0.5566469430923462,0.02492112058098428,0.08216528809862211,2210,324.52661753212317,0.30826520919799805
2211,6867.641,1882.7500000000011,6949.333333333331,100,100,1010,1.9602531697462764,6.880528052805278,2.178532838821411,-1882.7500000000011,-0.015183753916062415,26.708911538124084,0.5467167133465409,0.048897404958552215,0.0918359374627471,2211,324.39947321871654,0.30826520919799805
2212,6870.374,1957.8966666666693,7014.333333333334,100,100,1010,1.9649173299053517,6.944884488448846,2.1846606731414795,-1957.8966666666693,-0.014926772913895547,29.631976902484894,0.6039816280826926,0.01583180648049165,0.09050781233236194,2212,324.4174287535491,0.30826520919799805
2213,6873.109,1954.6466666666665,7099.999999999997,100,100,1009,1.976625768055196,7.036669970267589,2.194552421569824,-1954.6466666666665,-0.013297544210217893,32.704810440540314,0.5572236822918057,0.01493227606988512,0.06707389990333468,2213,324.4351512934566,0.30826520919799805
2214,6875.849,1881.5266666666662,7020.666666666668,100,100,1013,1.96685360412243,6.93056926620599,2.1903481483459473,-1881.5266666666662,-0.016412141150794923,21.647677451372147,0.5129424408078194,0.02789353538537398,0.08159824600443244,2214,324.45315297862726,0.30826520919799805
2215,6878.595,1934.6533333333327,7039.666666666664,100,100,1010,1.9889147532642772,6.969966996699667,2.2082746028900146,-1934.6533333333327,-0.01507967570796609,22.900044977664948,0.5801943857222795,0.01602861534775002,0.07056640600785613,2215,324.4704813221995,0.30826520919799805
2216,6881.345,1839.5900000000006,6902.333333333336,100,100,1010,1.9860174248714257,6.833993399339937,2.201282262802124,-1839.5900000000006,-0.00977870647329837,25.015283465385437,0.5755624892190099,0.03654002088296693,0.08123046858236194,2216,324.4875636794287,0.30826520919799805
2217,6884.083,1883.6633333333323,6966.333333333334,100,100,1007,1.9866534256281068,6.917907977490898,2.1964709758758545,-1883.6633333333323,-0.01654458313714713,26.00732269883156,0.5030279075726867,0.06577392994222464,0.07744971720967442,2217,324.50485773579067,0.30826520919799805
2218,6886.853,1899.853333333334,7025.333333333332,100,100,1012,1.9860120564735984,6.942028985507245,2.2076916694641113,-1899.853333333334,-0.012465776584576815,27.82440835237503,0.5516616823151708,0.018258684747706866,0.0726412262301892,2218,324.5212280871123,0.30826520919799805
2219,6889.64,1879.8699999999994,7114.000000000002,100,100,1017,2.0060820048061387,6.995083579154377,2.2377092838287354,-1879.8699999999994,-0.010468793858308345,29.288582354784012,0.492350360378623,0.0774834337134962,0.07877604151144624,2219,324.5375494622928,0.30826520919799805
2220,6895.379,1889.7966666666678,7006.000000000001,100,100,1009,1.9455171468029882,6.94350842418236,2.1583566665649414,-1889.7966666666678,-0.012162477825768292,22.54654923081398,0.47422485426068306,0.054314451990649104,0.06594786356436089,2220,324.55645515474464,0.30826520919799805
2221,6898.071,1772.5833333333335,6795.999999999998,100,100,1012,1.9414151177590662,6.715415019762844,2.1571145057678223,-1772.5833333333335,-0.015219766413792968,21.048171669244766,0.47884854208678007,0.03805031578303897,0.08988131035584956,2221,324.4338822382947,0.30826520919799805
2222,6900.789,1872.2600000000011,6984.0,100,100,1017,1.9445698147396042,6.867256637168142,2.1721067428588867,-1872.2600000000011,-0.01287619658978656,29.547078907489777,0.5737693784758449,0.017876694881124422,0.0829307152889669,2222,324.4534682178608,0.30826520919799805
2223,6903.476,1825.413333333332,6827.666666666662,100,100,1010,1.9418507925059536,6.760066006600656,2.154648780822754,-1825.413333333332,-0.017866423237137496,26.483824014663696,0.5228830836713314,0.03075180755695328,0.0719726561801508,2223,324.4735053861503,0.30826520919799805
2224,6906.15,1831.9133333333334,6775.333333333332,100,100,1008,1.9347225209616774,6.721560846560846,2.1437413692474365,-1831.9133333333334,-0.013249080860987306,22.66489428281784,0.5569851147010922,0.025568567201844417,0.08186849020421505,2224,324.4938477406815,0.30826520919799805
2225,6908.85,1899.8599999999992,6759.999999999997,100,100,1009,1.9383133800720613,6.699702675916747,2.153726816177368,-1899.8599999999992,-0.008625034359283745,21.565137922763824,0.5648438716307282,0.015547085866273846,0.08104472234845161,2225,324.5130708732967,0.30826520919799805
2226,6911.525,1852.8700000000024,7043.333333333334,100,100,1008,1.9302271824609119,6.987433862433863,2.140268087387085,-1852.8700000000024,-0.010579722380498424,28.22136902809143,0.6056744353845716,0.043886588522582315,0.06722005212213844,2226,324.5333154509768,0.30826520919799805
2227,6914.18,1956.253333333333,7000.333333333332,100,100,1008,1.9136779771384134,6.944775132275131,2.125504970550537,-1956.253333333333,-0.008536050620023161,24.825362741947174,0.5965791083872318,0.04594572735004476,0.06933593784924597,2227,324.55445014262386,0.30826520919799805
2228,6916.88,1747.4900000000011,6528.999999999999,100,100,1007,1.9406178746975462,6.483614697120158,2.1442480087280273,-1747.4900000000011,-0.01396953861694783,23.415911853313446,0.5913501931354403,0.0260440077399835,0.05654712422983721,2228,324.57338158152106,0.30826520919799805
2229,6919.572,1877.71,6890.333333333336,100,100,1007,1.9375580938000236,6.842436279377692,2.1465697288513184,-1877.71,-0.013553761469665915,26.857499718666077,0.6190266301855445,0.04848987725563347,0.07909117336384952,2229,324.592635628585,0.30826520919799805
2230,6926.14,1894.3199999999988,6963.3333333333285,100,100,1014,2.1710872775976062,6.867192636423401,2.399888277053833,-1894.3199999999988,-0.015369570173788816,28.947714149951935,0.5945526845753193,0.027981517159787472,0.06566478579770774,2230,324.59962756780516,0.30826520919799805
2231,6929.157,2022.1466666666674,7040.0,100,100,1012,2.209058005902033,6.956521739130435,2.438056707382202,-2022.1466666666674,-0.015934824012219906,36.78115940093994,0.6503422083333135,0.022286801868176553,0.07155198347754776,2231,324.4360055753966,0.30826520919799805
2232,6932.059,1833.9333333333343,6788.000000000005,100,100,1004,2.1335556772695226,6.760956175298809,2.3385562896728516,-1833.9333333333343,-0.02111515888827853,23.633464843034744,0.6355973435565829,0.03486899811105104,0.07852450315840542,2232,324.4450019092709,0.30826520919799805
2233,6935.11,1844.8633333333337,7072.999999999999,100,100,1014,2.252680964766096,6.9753451676528595,2.484445333480835,-1844.8633333333337,-0.012343903887085617,20.831627309322357,0.6609935183078051,0.02565201258403249,0.066550926072523,2233,324.44851370002715,0.30826520919799805
2234,6938.086,1940.9399999999985,6982.333333333334,100,100,1009,2.176399209109256,6.920052857614801,2.3980650901794434,-1940.9399999999985,-0.016897915513254702,27.610690742731094,0.716187559068203,0.022708948730723932,0.06320750946179032,2234,324.4547505710963,0.30826520919799805
2235,6941.085,1843.436666666667,6891.999999999996,100,100,1007,2.2134123143001045,6.84409136047666,2.426050901412964,-1843.436666666667,-0.016050066566094756,36.561883091926575,0.6413935059681535,0.059844968061952386,0.0631545044016093,2235,324.45964786226466,0.30826520919799805
2236,6944.093,1830.1366666666656,6900.666666666665,100,100,1009,2.208339642757334,6.839114634952097,2.4235637187957764,-1830.1366666666656,-0.0069599272683262825,31.66772335767746,0.6096441000699997,0.04084696488280315,0.05378069181460887,2236,324.4644153258536,0.30826520919799805
2237,6947.21,1880.2566666666667,6929.666666666671,100,100,1007,2.3310596812118765,6.881496193313477,2.546111822128296,-1880.2566666666667,-0.013714250293560326,25.23528653383255,0.5811718441545963,0.04007464192727639,0.052994098979979753,2237,324.46375874732456,0.30826520919799805
2238,6950.265,1891.0999999999997,6966.33333333333,100,100,1006,2.2614763401148776,6.924784625579851,2.476408004760742,-1891.0999999999997,-0.012820358155295253,29.491285502910614,0.5703507047146559,0.04616689224349102,0.07905910350382328,2238,324.46592316988455,0.30826520919799805
2239,6953.112,1856.5433333333347,6786.666666666667,100,100,1010,2.0774966327123123,6.7194719471947195,2.2959535121917725,-1856.5433333333347,-0.011023482133168727,26.111213266849518,0.5540274688974023,0.06168737386178691,0.05105468747206032,2239,324.47832433413396,0.30826520919799805
2240,6959.041,2014.5833333333328,7200.999999999997,100,100,1006,2.0027364800669343,7.158051689860832,2.215559244155884,-2014.5833333333328,-0.010348830895964056,28.92145735025406,0.690704608336091,0.03854124413555837,0.04838230321183801,2240,324.49365403673113,0.30826520919799805
2241,6961.809,1840.6700000000005,6951.333333333332,100,100,1010,1.9904056451015986,6.882508250825081,2.2075703144073486,-1840.6700000000005,-0.0110601942287758,34.104186952114105,0.5824575796723366,0.044983779996982776,0.06994140613824129,2241,324.362524796625,0.30826520919799805
2242,6964.625,1864.8666666666677,6851.666666666663,100,100,1008,2.034025695008625,6.797288359788356,2.250453472137451,-1864.8666666666677,-0.011467577540315688,47.84671330451965,0.6284380042925477,0.06365216431004228,0.06673177098855376,2242,324.3761309777672,0.30826520919799805
2243,6967.369,1921.3333333333337,6937.0,100,100,1005,1.9744704484439164,6.902487562189055,2.1824095249176025,-1921.3333333333337,-0.01721547178021865,37.582571148872375,0.6652696114033461,0.034537896543042734,0.07432725722901523,2243,324.39260497760506,0.30826520919799805
2244,6970.151,1936.496666666666,6937.666666666667,100,100,1012,2.0039177878406416,6.855401844532279,2.2280311584472656,-1936.496666666666,-0.007519455190049484,52.78060054779053,0.5421515367925167,0.10062694503722014,0.06595552898943424,2244,324.4083056795509,0.30826520919799805
2245,6972.94,1987.8633333333316,7073.666666666665,100,100,1011,2.009044709255224,6.996702934388392,2.2316231727600098,-1987.8633333333316,-0.01484774297568947,26.935972273349762,0.5752861490473151,0.03783453396317782,0.06497012893669307,2245,324.42356656706175,0.30826520919799805
2246,6975.687,1767.3366666666668,6797.333333333331,100,100,1016,1.9806434028446454,6.690288713910759,2.208587169647217,-1767.3366666666668,-0.011996346525847912,30.56619942188263,0.4507959121838212,0.09528747562580975,0.06145368341822177,2246,324.44145823764205,0.30826520919799805
2247,6978.469,1780.246666666666,6710.666666666667,100,100,1009,2.0077358735162245,6.650809382226627,2.2288167476654053,-1780.246666666666,-0.012119987281039357,24.127967178821564,0.514620915055275,0.05209495659801178,0.0760522959753871,2247,324.4567232445935,0.30826520919799805
2248,6981.246,1945.51,6978.999999999997,100,100,1013,1.9867019760004094,6.889437314906217,2.213188409805298,-1945.51,-0.016001287614926696,39.51630884408951,0.532946583814919,0.03429965369741694,0.06565079605206847,2248,324.47274905421176,0.30826520919799805
2249,6983.968,1896.296666666667,7013.0,100,100,1009,1.9572447959797012,6.950445986124876,2.170630931854248,-1896.296666666667,-0.013464763760566711,27.843407452106476,0.5042788228020072,0.061922416898596566,0.05982940044486895,2249,324.49073870636073,0.30826520919799805
2250,6989.778,1857.033333333333,6918.666666666662,100,100,1013,1.9799341564411472,6.829878249424149,2.2035138607025146,-1857.033333333333,-0.02430472895503044,25.632780492305756,0.5957188634201884,0.019915821572794812,0.08627837570384145,2250,324.5084547523518,0.30826520919799805
2251,6992.502,1934.3699999999994,7092.666666666663,100,100,1015,1.949186207900934,6.987848932676515,2.1749041080474854,-1934.3699999999994,-0.016761611739639193,29.394701957702637,0.5181245626881719,0.03274446530122077,0.07111150544369593,2251,324.3847646842341,0.30826520919799805
2252,6995.229,1807.996666666665,6949.999999999999,100,100,1010,1.9769573264921287,6.88118811881188,2.1908178329467773,-1807.996666666665,-0.010826900659594685,22.75624519586563,0.47026489675045013,0.043790655210614204,0.07914062472991645,2252,324.4026794969069,0.30826520919799805
2253,6997.954,1745.4100000000008,6765.666666666665,100,100,1010,1.9672333659364445,6.698679867986797,2.1788740158081055,-1745.4100000000008,-0.01745235873386264,25.57819265127182,0.49035094026476145,0.03846539754522382,0.07830078108236194,2253,324.420670913674,0.30826520919799805
2254,7000.664,1912.6366666666668,7066.000000000004,100,100,1011,1.9524325403632665,6.989119683481705,2.1713356971740723,-1912.6366666666668,-0.01437682268442586,30.29816335439682,0.6253480035811663,0.04807154936133884,0.12089269352145493,2254,324.4394999655762,0.30826520919799805
2255,7003.419,1875.35,6887.666666666667,100,100,1013,1.9781341568703845,6.799276077657124,2.202470541000366,-1875.35,-0.014116831764113158,25.481623232364655,0.6644614487886429,0.025552512874128297,0.09457915695384145,2255,324.4565042853985,0.30826520919799805
2256,7006.143,1920.5966666666668,7007.0,100,100,1012,1.9641034578878742,6.923913043478261,2.1862733364105225,-1920.5966666666668,-0.01499563831021078,26.40370512008667,0.635187154635787,0.018933494415250607,0.07887620222754776,2256,324.4748408359751,0.30826520919799805
2257,7008.898,1951.1566666666677,6913.333333333335,100,100,1010,1.9807121780986834,6.844884488448846,2.2020630836486816,-1951.1566666666677,-0.01672333723399788,29.737587928771973,0.5644354103133082,0.034126206490327604,0.07775390613824129,2257,324.49139277035823,0.30826520919799805
2258,7011.595,1855.543333333333,6979.000000000003,100,100,1011,1.9475494554721402,6.903066271018796,2.1634700298309326,-1855.543333333333,-0.006592604098841548,22.933292865753174,0.5718127246946096,0.038514622395268816,0.06130323256365955,2258,324.5107591298298,0.30826520919799805
2259,7014.269,1827.6966666666663,6848.666666666666,100,100,1010,1.9146786149738744,6.78085808580858,2.12748646736145,-1827.6966666666663,-0.01944165152963251,25.11354100704193,0.5874475855380297,0.0169022010450135,0.07021484361030161,2259,324.5310463479469,0.30826520919799805
2260,7019.953,1799.81,6757.999999999999,100,100,1008,1.931277778769274,6.704365079365078,2.140072822570801,-1799.81,-0.01402597239939496,25.837560057640076,0.520079611800611,0.03432656943186885,0.0704752606106922,2260,324.5509176009483,0.30826520919799805
2261,7022.673,1819.6766666666674,6891.000000000004,100,100,1013,1.9473969406123768,6.802566633761109,2.1706454753875732,-1819.6766666666674,-0.01031016604974866,26.216817915439606,0.5383822852745652,0.03485621100480785,0.06701429840177298,2261,324.4304344821734,0.30826520919799805
2262,7025.39,1913.570000000001,6949.333333333334,100,100,1009,1.9529349874655233,6.887347208457219,2.168651580810547,-1913.570000000001,-0.016513933369424194,33.98639190196991,0.5684706196188927,0.022967936005443335,0.07327208225615323,2262,324.4486103669069,0.30826520919799805
2263,7028.056,1861.1466666666665,6868.0,100,100,1007,1.9279786479467935,6.82025819265144,2.133455991744995,-1861.1466666666665,-0.01366698311176151,26.608041405677795,0.5640366170555353,0.018766947228868958,0.05743018607608974,2263,324.4688164883829,0.30826520919799805
2264,7030.751,1906.8233333333344,6939.666666666669,100,100,1008,1.9519216287927332,6.884589947089949,2.1648643016815186,-1906.8233333333344,-0.018745425360975787,23.91388374567032,0.6422784719616175,0.017213852428540122,0.07568359409924597,2264,324.48783352050475,0.30826520919799805
2265,7033.459,1962.4300000000012,7071.333333333337,100,100,1007,1.9516584923760938,7.022178086726253,2.1633214950561523,-1962.4300000000012,-0.014349470031447709,25.2996843457222,0.6285538887605071,0.034097301300789695,0.07416680513415486,2265,324.50610781981277,0.30826520919799805
2266,7036.128,1890.4000000000003,6883.666666666667,100,100,1011,1.9135993072149573,6.808770194526871,2.1347460746765137,-1890.4000000000003,-0.01243991611409001,30.895193696022034,0.584896782413125,0.05669457990734372,0.08609068678924814,2266,324.5266692556081,0.30826520919799805
2267,7038.842,2026.886666666666,7213.999999999996,100,100,1010,1.945862673352113,7.142574257425739,2.1669464111328125,-2026.886666666666,-0.009033039212226868,37.489740908145905,0.6639110930263996,0.03798659998938092,0.0718164062127471,2267,324.545000193843,0.30826520919799805
2268,7041.58,1911.5366666666662,7019.333333333334,100,100,1005,1.9715361173185915,6.984411276948591,2.180095911026001,-1911.5366666666662,-0.016352081089280546,36.70106095075607,0.624304891563952,0.014470625508693047,0.06756727455649525,2268,324.5615851794472,0.30826520919799805
2269,7044.604,1995.6600000000003,7162.0,100,100,1011,2.2198066286259985,7.084075173095945,2.449068784713745,-1995.6600000000003,-0.017609714763239026,37.794178664684296,0.5860769180580974,0.02465614407992689,0.08023131149820983,2269,324.5657048233787,0.30826520919799805
2270,7051.24,1869.9266666666656,6732.999999999997,100,100,1006,2.170997513823811,6.692842942345922,2.382671356201172,-1869.9266666666656,-0.021154625224880874,25.635640561580658,0.6541694356128573,0.028483693036832847,0.08871858043130487,2270,324.5723634209135,0.30826520919799805
2271,7054.42,1971.1933333333325,7020.666666666666,100,100,1001,2.3965965055132084,7.013653013653013,2.6010868549346924,-1971.1933333333325,-0.014798373740632087,24.634880661964417,0.6085805781185627,0.03665401793841738,0.08275771699845791,2271,324.39859064944307,0.30826520919799805
2272,7057.348,1939.576666666667,6948.333333333333,100,100,1000,2.1704610013403,6.948333333333333,2.369483470916748,-1939.576666666667,-0.018989721313118935,33.13191348314285,0.6088783740997314,0.025548941255692625,0.07792968751164153,2272,324.40569262327836,0.30826520919799805
2273,7060.279,1862.0999999999995,6793.333333333331,100,100,1005,2.140860197444757,6.759535655058041,2.350550651550293,-1862.0999999999995,-0.007284335209988058,31.63914567232132,0.6123310597613454,0.04906280609429814,0.08221571194007993,2273,324.4133744922855,0.30826520919799805
2274,7063.444,1821.6033333333337,6974.999999999998,100,100,1004,2.394269922501463,6.9472111553784845,2.600498676300049,-1821.6033333333337,-0.01440596004249528,22.606863528490067,0.5523512363433838,0.022659087677311618,0.09099786938168108,2274,324.4101761006326,0.30826520919799805
2275,7066.67,1882.5299999999982,6822.999999999999,100,100,1008,2.4372136883487525,6.768849206349206,2.6564555168151855,-1882.5299999999982,-0.012252853255631635,26.001063764095306,0.5539451008662581,0.05464161177224014,0.06477864598855376,2275,324.4046909092387,0.30826520919799805
2276,7069.694,1938.5099999999993,6838.666666666663,100,100,1012,2.200231324419335,6.757575757575754,2.431095600128174,-1938.5099999999993,-0.016018084133975208,28.98228496313095,0.6422644387930632,0.019042740739678266,0.07237830583471805,2276,324.40909155606806,0.30826520919799805
2277,7072.695,2022.3600000000006,6954.999999999999,100,100,1003,2.2203511485815093,6.9341974077766695,2.431579113006592,-2022.3600000000006,-0.020943670882843435,35.8151478767395,0.6196900978684425,0.03658800783887273,0.10760356113314629,2277,324.4132918791661,0.30826520919799805
2278,7075.588,1951.2166666666662,6871.666666666666,100,100,1004,2.128883168835052,6.844289508632137,2.3366663455963135,-1951.2166666666662,-0.012033451392198913,32.510289907455444,0.5702747767791152,0.026609831333189504,0.08664772775955498,2278,324.4225141340617,0.30826520919799805
2279,7078.46,1939.0666666666677,6973.666666666668,100,100,1003,2.0995933223833307,6.952808241940845,2.3062217235565186,-1939.0666666666677,-0.010930648306384683,30.725084364414215,0.5823731953278184,0.03352672385517508,0.095873455516994,2279,324.4325958426859,0.30826520919799805
2280,7084.918,2013.6066666666686,6959.000000000006,100,100,1006,2.158848113203551,6.9174950298210796,2.372727394104004,-2013.6066666666686,-0.013214706574217416,32.96848976612091,0.5735364109277725,0.044576842308742926,0.08882472838740796,2280,324.4406597778786,0.30826520919799805
2281,7087.794,2030.169999999999,7140.666666666668,100,100,1009,2.097247077389348,7.076973901552694,2.3236629962921143,-2030.169999999999,-0.014990187133662403,30.959598898887634,0.6388453114777803,0.02013040649399045,0.07639110321179032,2281,324.28959711645695,0.30826520919799805
2282,7090.636,1925.8866666666668,6932.66666666667,100,100,1007,2.074337934348233,6.884475339291629,2.285583019256592,-1925.8866666666668,-0.017899180900712963,26.99467581510544,0.5371523359790444,0.04917655632743845,0.10475191147997975,2282,324.3016767132923,0.30826520919799805
2283,7093.572,1932.7566666666683,6881.000000000004,100,100,1006,2.154487775588708,6.839960238568592,2.3705592155456543,-1932.7566666666683,-0.01574375049676746,34.171901404857635,0.6322106458246708,0.02189569546317216,0.08744480321183801,2283,324.3092704495265,0.30826520919799805
2284,7096.596,1878.766666666665,6975.000000000001,100,100,1009,2.2258051540481056,6.912784935579783,2.4471452236175537,-1878.766666666665,-0.015305771492421627,36.00050491094589,0.6060200808569789,0.02791531970433425,0.07609215553384274,2284,324.31321618727173,0.30826520919799805
2285,7099.51,1890.2000000000016,6969.000000000005,100,100,998,2.1530008008834236,6.982965931863732,2.3468146324157715,-1890.2000000000016,-0.022661413124296814,32.625102519989014,0.651803707703948,0.010682571344659664,0.08272512350231409,2285,324.32070474282597,0.30826520919799805
2286,7102.586,2054.5200000000004,7147.666666666667,100,100,1010,2.2785869310609996,7.076897689768977,2.5073580741882324,-2054.5200000000004,-0.01488498382968828,33.34505760669708,0.6508103031665087,0.025022071480634622,0.07851562497671694,2286,324.3224251703089,0.30826520919799805
2287,7105.746,1923.2433333333327,6904.666666666667,100,100,1007,2.364152632265277,6.856669976828865,2.5819599628448486,-1923.2433333333327,-0.017666561296209693,19.14425241947174,0.6595282945781946,0.019118754207738675,0.09205659886356443,2287,324.31993676533995,0.30826520919799805
2288,7108.724,1944.3800000000003,6996.666666666665,100,100,1007,2.186254320630125,6.94803045349222,2.3993570804595947,-1944.3800000000003,-0.018452771590091288,31.29577124118805,0.589273776859045,0.03592941387978499,0.11184757301816717,2288,324.3257373120027,0.30826520919799805
2289,7111.775,1885.3566666666668,6860.0,100,100,1016,2.2359751968133064,6.751968503937008,2.472917318344116,-1885.3566666666668,-0.005904816323891282,29.862473964691162,0.5721601359546185,0.017228371485543903,0.09284319216385484,2289,324.3294205785364,0.30826520919799805
2290,7118.506,1986.0566666666675,7055.333333333333,100,100,1009,2.3848532200158674,6.992401717872481,2.6108763217926025,-1986.0566666666675,-0.02310853754170239,37.19890731573105,0.5883615771308541,0.014963189663831145,0.0894252231810242,2290,324.32429118781494,0.30826520919799805
2291,7121.537,1886.309999999999,7006.333333333331,100,100,1007,2.2414873912283095,6.957629923866268,2.4549522399902344,-1886.309999999999,-0.015988578685210086,26.130142152309418,0.5989068141207099,0.03467157980776392,0.09106964711099863,2291,324.1679320118565,0.30826520919799805
2292,7124.675,1968.4466666666672,7050.333333333336,100,100,1010,2.328559205784361,6.980528052805283,2.5550763607025146,-1968.4466666666672,-0.011918253963813186,34.25419396162033,0.6335857138037682,0.04999074822990224,0.06429687479976565,2292,324.16694514986506,0.30826520919799805
2293,7127.895,1958.5166666666667,7039.999999999997,100,100,1009,2.4048595640086545,6.97720515361744,2.631462574005127,-1958.5166666666667,-0.015923967119306326,25.124876379966736,0.6658649127930403,0.006590004573808983,0.07116948330076411,2293,324.16205742147287,0.30826520919799805
2294,7130.965,1845.486666666669,6800.000000000003,100,100,1012,2.2745603766143248,6.719367588932809,2.4996323585510254,-1845.486666666669,-0.012774827657267451,22.883062779903412,0.5778999822214246,0.015008007621872821,0.08218149049207568,2294,324.16442402167365,0.30826520919799805
2295,7133.68,1831.8399999999995,6906.666666666671,100,100,1010,1.9622255446352432,6.838283828382842,2.1781091690063477,-1831.8399999999995,-0.013498233864083886,33.25352364778519,0.5570257399231195,0.04172389046289027,0.09804687497671694,2295,324.182618395128,0.30826520919799805
2296,7136.419,1862.473333333332,6878.666666666666,100,100,1013,1.9616715710928254,6.790391576176373,2.1843512058258057,-1862.473333333332,-0.02004503336502239,27.847060441970825,0.5662750201299787,0.015618996454577427,0.07728663040325046,2296,324.20013049168114,0.30826520919799805
2297,7139.12,1810.3299999999997,6847.666666666667,100,100,1009,1.9537196262731291,6.786587380244467,2.1649670600891113,-1810.3299999999997,-0.014326445932965726,29.599962532520294,0.5978721613064408,0.021228693767625373,0.09941007615998387,2297,324.2188069128954,0.30826520919799805
2298,7141.862,1959.1466666666663,6951.666666666667,100,100,1013,1.9545401787837675,6.86245475485357,2.1810812950134277,-1959.1466666666663,-0.020291986846132204,27.594949305057526,0.5724957017228007,0.015382224977656733,0.08157982025295496,2298,324.2361708197625,0.30826520919799805
2299,7144.621,1887.853333333334,6863.999999999997,100,100,1008,1.974560715011432,6.809523809523807,2.1885972023010254,-1887.853333333334,-0.007021677389275283,32.842091739177704,0.5533065060153604,0.05758593216523877,0.12565104197710752,2299,324.25205874023357,0.30826520919799805
2300,7150.431,1909.4800000000005,7015.000000000003,100,100,1012,1.9597491116461752,6.931818181818184,2.1807303428649902,-1909.4800000000005,-0.014099056483246386,25.01374214887619,0.6003612587228417,0.04478675019345246,0.06681941135320812,2300,324.26973849521596,0.30826520919799805
2301,7153.145,1981.4900000000002,7028.999999999999,100,100,1013,1.944492101487276,6.938795656465942,2.171082019805908,-1981.4900000000002,-0.016903511015698314,24.438483208417892,0.6019569635391235,0.021179269591812044,0.07854879135265946,2301,324.1487469701186,0.30826520919799805
2302,7155.853,1895.9933333333333,6960.33333333333,100,100,1003,1.9502548368811117,6.939514788966431,2.1522607803344727,-1895.9933333333333,-0.019689154316438362,30.05570638179779,0.533863665536046,0.07725527331058402,0.105639080516994,2302,324.16625635084415,0.30826520919799805
2303,7158.574,1826.7200000000018,6766.0000000000055,100,100,1010,1.9641303954101952,6.699009900990104,2.180295944213867,-1826.7200000000018,-0.01371289329836145,29.65224701166153,0.5574594950303435,0.030686078571307007,0.08025390596594661,2303,324.1841324694779,0.30826520919799805
2304,7161.301,1812.8466666666673,6895.000000000002,100,100,1010,1.9580785194319663,6.826732673267329,2.171398162841797,-1812.8466666666673,-0.006996617186814547,35.26659470796585,0.5415947176516056,0.03403371947206324,0.08757812459953129,2304,324.201715386667,0.30826520919799805
2305,7164.056,1998.9866666666671,7223.333333333335,100,100,1004,1.995413246670315,7.194555112881807,2.202500581741333,-1998.9866666666671,-0.01822286023525521,38.76834285259247,0.49819765985012054,0.03620476953074103,0.08913352317176759,2305,324.2171562653509,0.30826520919799805
2306,7167.08,1906.7100000000003,7085.333333333334,100,100,1009,2.216135976860084,7.022134126197556,2.4346678256988525,-1906.7100000000003,-0.014194764953572303,27.978356420993805,0.559823309071362,0.03101316696847789,0.08855827490333468,2306,324.22115703840365,0.30826520919799805
2307,7170.087,1921.0466666666666,7019.333333333336,100,100,1011,2.202691986344379,6.942960764919224,2.4289584159851074,-1921.0466666666666,-0.010972440126352012,28.336266577243805,0.556715490296483,0.012786852112185443,0.08802466315682977,2307,324.2261953160531,0.30826520919799805
2308,7173.217,1970.8900000000006,6966.999999999998,100,100,1009,2.324503469299359,6.90485629335976,2.548964023590088,-1970.8900000000006,-0.019170693543856032,40.21342623233795,0.6103138783946633,0.020284992046072148,0.0975366709753871,2308,324.2253662605129,0.30826520919799805
2309,7176.28,1991.31,6880.6666666666715,100,100,1007,2.2668878854434595,6.832836809003646,2.488335371017456,-1991.31,-0.015946960193105042,39.14913845062256,0.608024138957262,0.03357259277254343,0.06715425522997975,2309,324.2272966525692,0.30826520919799805
2310,7182.663,1948.8900000000008,7046.333333333334,100,100,1008,2.1774017854662064,6.990410052910054,2.395318031311035,-1948.8900000000008,-0.010720687336288393,38.09155869483948,0.5903225336223841,0.05113652845102479,0.07535807299427688,2310,324.2340492493181,0.30826520919799805
2311,7185.73,1915.7333333333327,6815.333333333332,100,100,1004,2.273614939364356,6.788180610889773,2.4830851554870605,-1915.7333333333327,-0.016323373070918024,33.20726138353348,0.5769158033654094,0.04213277898088563,0.06649502855725586,2311,324.0809111156765,0.30826520919799805
2312,7188.721,1930.563333333333,6903.333333333333,100,100,1009,2.177178199523903,6.841757515692104,2.4015085697174072,-1930.563333333333,-0.01520084502408281,31.278648793697357,0.6632472667843103,0.012465518848330248,0.07112962362589315,2312,324.0864197223521,0.30826520919799805
2313,7191.633,1984.9033333333346,6917.666666666664,100,100,1008,2.135147222217047,6.862764550264548,2.3532257080078125,-1984.9033333333346,-0.01982488710200414,34.16261947154999,0.5937295621261001,0.029848249105270952,0.09798177087213844,2313,324.09536860827444,0.30826520919799805
2314,7194.384,1974.0633333333328,7064.333333333332,100,100,1008,1.978433930840794,7.0082671957671945,2.1963603496551514,-1974.0633333333328,-0.016034441476222128,34.35391291975975,0.6250827582553029,0.012522191158495843,0.06917317712213844,2314,324.1115813505351,0.30826520919799805
2315,7197.139,2014.1066666666652,6885.999999999995,100,100,1011,1.9916167148111643,6.811078140454991,2.216827154159546,-2014.1066666666652,-0.017633760813623667,37.321957647800446,0.5957132549956441,0.06252839852095349,0.10061466041952372,2315,324.12796121752405,0.30826520919799805
2316,7199.877,1894.0666666666675,7005.333333333332,100,100,1011,1.9630263082804684,6.929113089350477,2.182375431060791,-1894.0666666666675,-0.016797316289739683,36.49911367893219,0.6110659837722778,0.05275311012191608,0.1080537685775198,2316,324.14514106300174,0.30826520919799805
2317,7202.63,1940.816666666666,6879.666666666669,100,100,1009,1.9908154604133177,6.818301949124548,2.210055351257324,-1940.816666666666,-0.00817782199010253,44.06360340118408,0.6055816309526563,0.025199354437063448,0.06418407178716734,2317,324.1613232291281,0.30826520919799805
2318,7205.399,1902.5766666666668,6930.666666666669,100,100,1006,1.9939878711775019,6.8893306825712415,2.2049455642700195,-1902.5766666666668,-0.011443253664765507,33.42522484064102,0.617742158472538,0.03350270426744828,0.07300866179866716,2318,324.17638874051516,0.30826520919799805
2319,7208.134,1857.4533333333325,6851.000000000002,100,100,1006,1.9897326038294947,6.810139165009942,2.197760820388794,-1857.4533333333325,-0.01640989282168448,27.977921545505524,0.5363035853952169,0.06347201210519415,0.07767917809542269,2319,324.1929225152494,0.30826520919799805
2320,7214.007,2029.3300000000015,7298.333333333337,100,100,1005,1.9888094532539817,7.262023217247101,2.1995387077331543,-2029.3300000000015,-0.012216945877298713,43.03059148788452,0.5638863947242498,0.061132035923947114,0.08653428847901523,2320,324.2082224232711,0.30826520919799805
2321,7216.781,1952.1933333333318,7070.666666666665,100,100,1013,1.9971856848324805,6.979927607765711,2.222992420196533,-1952.1933333333318,-0.01813779945950955,24.339413821697235,0.6311831036582589,0.015650060915504582,0.09417379135265946,2321,324.0841027871985,0.30826520919799805
2322,7219.604,1832.770000000001,6848.333333333334,100,100,1012,2.033207016024304,6.767127799736496,2.2564659118652344,-1832.770000000001,-0.005717050633393228,34.07601797580719,0.522215336561203,0.050715409248368815,0.07496995222754776,2322,324.0975618583337,0.30826520919799805
2323,7222.375,1869.0866666666655,6787.666666666669,100,100,1014,1.9931607476492545,6.693951347797504,2.2176761627197266,-1869.0866666666655,-0.013265341694932431,43.045386373996735,0.5675702476873994,0.0579170801120199,0.08458116347901523,2323,324.1135837299336,0.30826520919799805
2324,7225.127,1903.4666666666672,7105.000000000001,100,100,1009,1.9976813661126556,7.041625371655105,2.2138075828552246,-1903.4666666666672,-0.01860691379988566,39.36680310964584,0.5140579454600811,0.04902766505165346,0.07728794636204839,2324,324.1298211614777,0.30826520919799805
2325,7227.856,1923.2500000000002,7153.000000000003,100,100,1009,1.9478600607664354,7.0891972249752255,2.1646616458892822,-1923.2500000000002,-0.017605310888029635,30.537778437137604,0.4746098546311259,0.04400320316199213,0.08735251915641129,2325,324.1470219691079,0.30826520919799805
2326,7230.61,1881.9400000000012,6929.333333333337,100,100,1008,1.9778333322998758,6.874338624338628,2.190760374069214,-1881.9400000000012,-0.013242910848930478,38.00125676393509,0.4653782593086362,0.05788645595748676,0.08707682293606922,2326,324.16300193332773,0.30826520919799805
2327,7233.39,1927.4600000000003,6889.000000000001,100,100,1013,1.983211745245075,6.800592300098717,2.213155508041382,-1927.4600000000003,-0.012608646415174007,31.38458877801895,0.47062007430940866,0.13074090262671234,0.07570201950147748,2327,324.17840636756864,0.30826520919799805
2328,7236.12,1883.1599999999992,7000.999999999998,100,100,1006,1.9766436392167364,6.959244532803179,2.1854395866394043,-1883.1599999999992,-0.005433551006717607,31.953519344329834,0.5169453592970967,0.04573540384444641,0.0826681386679411,2328,324.1951405616007,0.30826520919799805
2329,7238.87,1966.6799999999992,6971.333333333332,100,100,1007,1.9784681231954322,6.922873220787817,2.1918888092041016,-1966.6799999999992,-0.011965802987106144,26.726886451244354,0.458153972402215,0.0373784685289138,0.07559009297983721,2329,324.2110942538909,0.30826520919799805
2330,7244.713,1928.0733333333335,6995.000000000004,100,100,1005,1.964853934257926,6.960199004975128,2.1734225749969482,-1928.0733333333335,-0.0066986494057346135,30.316024720668793,0.48212829511612654,0.04705653009659727,0.08576388913206756,2330,324.22814655686716,0.30826520919799805
2331,7247.46,1966.7566666666662,7038.333333333333,100,100,1007,1.9600898704409244,6.989407480966567,2.1768314838409424,-1966.7566666666662,-0.010038766544312239,51.79521191120148,0.42169296788051724,0.06083147705430747,0.06520113022997975,2331,324.10445892907256,0.30826520919799805
2332,7250.238,1933.643333333334,7047.333333333335,100,100,1012,1.9922374513942616,6.96376811594203,2.2162868976593018,-1933.643333333334,-0.010770630207844079,42.57435804605484,0.42630399111658335,0.08347835130552994,0.0667442909325473,2332,324.1198602021054,0.30826520919799805
2333,7252.947,2065.1766666666667,7095.666666666665,100,100,1007,1.9245863966819532,7.046342270771266,2.139317750930786,-2065.1766666666667,-0.010492889326997101,36.417216420173645,0.5733589390292764,0.033851935011625756,0.07372007961384952,2333,324.1376164757364,0.30826520919799805
2334,7255.623,1981.946666666666,7002.666666666665,100,100,1006,1.9266075524316348,6.960901259111993,2.1378352642059326,-1981.946666666666,-0.014601258502807468,37.429015159606934,0.4966023787856102,0.05669364579807734,0.07124660327099264,2334,324.1567379851377,0.30826520919799805
2335,7258.319,1959.8466666666666,7004.666666666664,100,100,1009,1.930761246547856,6.942186983812353,2.1458325386047363,-1959.8466666666666,-0.011312992835883051,31.32064750790596,0.49807750526815653,0.044617782048590016,0.07590282207820565,2335,324.1754005500497,0.30826520919799805
2336,7261.004,1891.1866666666665,6868.666666666668,100,100,1007,1.9347042706818158,6.82092022509103,2.1450934410095215,-1891.1866666666665,-0.008430959278484806,26.450941264629364,0.4279154120013118,0.0473138026354718,0.06426612357608974,2336,324.19413075810786,0.30826520919799805
2337,7263.707,1991.4466666666663,7048.333333333331,100,100,1006,1.947114016711675,7.00629555997349,2.159691095352173,-1991.4466666666663,-0.009396931622177362,32.44984436035156,0.499434357509017,0.040507709098164923,0.060419497545808554,2337,324.2120193549964,0.30826520919799805
2338,7266.412,2010.426666666667,7013.333333333335,100,100,1011,1.9276780417165051,6.937026046818334,2.149843692779541,-2010.426666666667,-0.01220342650776729,31.162257254123688,0.5486339908093214,0.016165615648787934,0.09573184768669307,2338,324.23046182920916,0.30826520919799805
2339,7269.102,1924.5933333333346,6933.333333333331,100,100,1008,1.9344435511609643,6.878306878306876,2.147024154663086,-1924.5933333333346,-0.014575822744518518,28.794381856918335,0.5230781668797135,0.043796825882964185,0.06380208348855376,2339,324.24910932565416,0.30826520919799805
2340,7274.818,1913.2166666666674,7004.666666666667,100,100,1011,1.9420689423490245,6.928453676228157,2.1594676971435547,-1913.2166666666674,-0.012498024283559062,39.49849873781204,0.4928284306079149,0.024898667383240536,0.09475528518669307,2340,324.26741429133403,0.30826520919799805
2341,7277.522,1886.4099999999996,6893.66666666667,100,100,1004,1.9398041830613348,6.866201859229751,2.1477601528167725,-1886.4099999999996,0.0019742377335205674,27.952535808086395,0.44837519992142916,0.055541353111038916,0.06627308251336217,2341,324.15085386193135,0.30826520919799805
2342,7280.245,1862.9566666666683,6914.666666666668,100,100,1016,1.952915847614063,6.805774278215225,2.1816039085388184,-1862.9566666666683,-0.01128507062094286,26.887776792049408,0.48360325023531914,0.03549824870424345,0.07603236613795161,2342,324.16917518690434,0.30826520919799805
2343,7283.135,1813.15,6756.666666666667,100,100,1009,2.087014862862337,6.696399074991741,2.300532102584839,-1813.15,-0.00708048848900944,22.867806762456894,0.4885219568386674,0.08178255676466506,0.07830436830408871,2343,324.17908185364166,0.30826520919799805
2344,7286.152,1960.5000000000002,7042.333333333338,100,100,1017,2.188081614881014,6.924614880367097,2.427736282348633,-1960.5000000000002,-0.01564781100023538,30.996632397174835,0.5121682416647673,0.022979531215241877,0.0936129386536777,2344,324.1844359307337,0.30826520919799805
2345,7289.322,1820.2033333333322,6829.333333333333,100,100,1011,2.3544723050333523,6.755028025057698,2.578064441680908,-1820.2033333333322,-0.010127190151251853,21.594433814287186,0.5186628373339772,0.07547538053768221,0.11453546304255724,2345,324.18219526226846,0.30826520919799805
2346,7292.499,1842.4600000000003,6889.333333333335,100,100,1014,2.3553600613784624,6.794214332675873,2.587698221206665,-1842.4600000000003,-0.010835099645191804,29.936606466770172,0.4695347463712096,0.023363587832136545,0.05989583337213844,2346,324.1799683437134,0.30826520919799805
2347,7295.489,1817.6799999999992,6927.666666666665,100,100,1018,2.1902563844941016,6.805173542894563,2.4295883178710938,-1817.6799999999992,-0.008356223057489842,27.690786361694336,0.5257331049069762,0.019186411875125486,0.05704471975332126,2347,324.18662502875566,0.30826520919799805
2348,7298.496,1815.9933333333347,6798.333333333331,100,100,1014,2.209052959795953,6.704470742932279,2.4378013610839844,-1815.9933333333347,-0.009602504433132708,27.069852888584137,0.4862354751676321,0.02835639734985307,0.06859447329770774,2348,324.19198481048403,0.30826520919799805
2349,7301.69,1856.7333333333343,6880.666666666668,100,100,1012,2.395943775676419,6.799077733860344,2.622838020324707,-1856.7333333333343,-0.015826136281248182,25.459331154823303,0.46935770474374294,0.03419299916276941,0.06621844961773604,2349,324.18879135396253,0.30826520919799805
2350,7308.283,1853.189999999999,6853.666666666662,100,100,1015,2.354605219400318,6.752380952380948,2.590742349624634,-1853.189999999999,-0.009896380943246186,26.67792257666588,0.5337604526430368,0.03255640254064929,0.08086825255304575,2350,324.1868074799007,0.30826520919799805
2351,7311.217,1950.1066666666684,7112.333333333334,100,100,1011,2.1518854581880817,7.034948895483021,2.377570390701294,-1950.1066666666684,-0.01430922222789377,28.547173023223877,0.5590247362852097,0.012435504890163429,0.06899126875214279,2351,324.043441482324,0.30826520919799805
2352,7313.97,1845.3633333333328,6936.666666666669,100,100,1010,1.9747713867731687,6.86798679867987,2.190281867980957,-1845.3633333333328,-0.011967445083428174,31.257934749126434,0.561002817004919,0.035488313900714274,0.06767578097060323,2352,324.0595851571165,0.30826520919799805
2353,7316.71,1838.6300000000006,6888.333333333331,100,100,1008,1.975789783168621,6.833664021164019,2.1873552799224854,-1838.6300000000006,-0.012317854387219995,21.82023411989212,0.5012616785243154,0.05150053800025489,0.0828450524713844,2353,324.0759979270327,0.30826520919799805
2354,7319.462,1769.8133333333335,6788.666666666664,100,100,1013,1.9695789719631147,6.701546561368869,2.1885697841644287,-1769.8133333333335,-0.018705026479437947,23.685544312000275,0.5481735020875931,0.024271361893625,0.07769199600443244,2354,324.09255299620986,0.30826520919799805
2355,7322.214,1812.0199999999998,7018.666666666668,100,100,1010,1.9787661381997168,6.94917491749175,2.1935675144195557,-1812.0199999999998,-0.017893045383971184,28.752197563648224,0.4528821958228946,0.02687558737306972,0.08556640625465661,2355,324.10866010662926,0.30826520919799805
2356,7324.986,1923.2900000000002,7148.000000000001,100,100,1007,1.9842012902830894,7.098311817279048,2.197810411453247,-1923.2900000000002,-0.013378573523368686,30.65290081501007,0.4205817226320505,0.0532514455699129,0.08006773563101888,2356,324.12346529818063,0.30826520919799805
2357,7327.743,1817.6933333333352,7015.333333333335,100,100,1008,1.996647321022234,6.959656084656086,2.2072389125823975,-1817.6933333333352,-0.013377887313254178,26.35362184047699,0.43628437630832195,0.01659518785891123,0.07486979197710752,2357,324.1391146327341,0.30826520919799805
2358,7330.487,1860.6599999999992,6903.999999999999,100,100,1008,1.9679549608669717,6.849206349206348,2.181708574295044,-1860.6599999999992,-0.00915410928428173,22.731943607330322,0.4424762977287173,0.026432988444867078,0.08268229174427688,2358,324.155261842855,0.30826520919799805
2359,7333.206,1869.946666666667,7060.000000000001,100,100,1007,1.9640084439305943,7.010923535253228,2.1719768047332764,-1869.946666666667,-0.01550345541909337,31.7703218460083,0.4935252610594034,0.00698805381944112,0.08602061151759699,2359,324.17243805456934,0.30826520919799805
2360,7339.11,2030.9866666666674,7239.66666666667,100,100,1012,1.9704739115911392,7.1538208168642985,2.1951732635498047,-2030.9866666666674,-0.016092798206955194,35.526352286338806,0.523186843842268,0.016157495774677955,0.06802133447490633,2360,324.18839241092155,0.30826520919799805
2361,7341.861,1862.303333333332,6964.999999999996,100,100,1008,1.9616796620077424,6.909722222222219,2.173943519592285,-1862.303333333332,-0.013769348384812474,21.71358960866928,0.528071521781385,0.035189604855986545,0.07096354168606922,2361,324.0653936172684,0.30826520919799805
2362,7344.582,1839.3433333333314,6960.333333333328,100,100,1013,1.9580098699919901,6.871010200723917,2.1780953407287598,-1839.3433333333314,-0.01721618027659133,31.403204143047333,0.48904915526509285,0.009607153577235295,0.06526385620236397,2362,324.08329537754315,0.30826520919799805
2363,7347.318,1910.1000000000008,6950.666666666665,100,100,1009,1.9679027730672887,6.88866864882722,2.1816163063049316,-1910.1000000000008,-0.017093237373046577,30.57111221551895,0.5039725415408611,0.03457368438830599,0.07019292062614113,2363,324.0999474261158,0.30826520919799805
2364,7350.024,1961.936666666667,6977.666666666668,100,100,1009,1.945766105179973,6.91542781631979,2.1638166904449463,-1961.936666666667,-0.012718342710286379,39.12099039554596,0.5308752283453941,0.01877442657132633,0.05851403047563508,2364,324.1179079578964,0.30826520919799805
2365,7352.758,1844.2666666666667,6735.666666666668,100,100,1012,1.9677388347204952,6.655797101449276,2.187037467956543,-1844.2666666666667,-0.018212960450910032,29.435179948806763,0.49295188300311565,0.04154428743822791,0.08398437523283064,2365,324.1349829312861,0.30826520919799805
2366,7355.477,1865.076666666667,6901.333333333335,100,100,1007,1.9521946364934182,6.8533598146309185,2.1630489826202393,-1865.076666666667,-0.009530817507766187,38.44360154867172,0.5806852607056499,0.015756958440761082,0.08255069772712886,2366,324.15205947999846,0.30826520919799805
2367,7358.162,1894.5799999999986,6848.333333333333,100,100,1006,1.937971469366675,6.807488402915838,2.143899917602539,-1894.5799999999986,-0.017247649433556944,26.114505350589752,0.518745961599052,0.007094156550010666,0.06736158288549632,2367,324.17047368318083,0.30826520919799805
2368,7360.894,1916.4533333333338,6980.333333333334,100,100,1006,1.958401292441209,6.938701126573891,2.1684372425079346,-1916.4533333333338,-0.021587478870060295,59.785847663879395,0.5457695238292217,0.015421599920955487,0.08122452453244478,2368,324.1868409552801,0.30826520919799805
2369,7363.621,1941.9500000000003,6912.000000000001,100,100,1013,1.9568687051797593,6.823297137216191,2.1840879917144775,-1941.9500000000003,-0.017240182380191982,25.902674674987793,0.5501170288771391,0.01288461660539042,0.062149911653250456,2369,324.2043468918462,0.30826520919799805
2370,7369.457,1875.9533333333338,6902.999999999996,100,100,1006,1.957643143559582,6.861829025844926,2.1637604236602783,-1875.9533333333338,-0.015242671237501781,29.793260395526886,0.49666790198534727,0.020030996594869066,0.0970193613320589,2370,324.2210942161684,0.30826520919799805
2371,7372.311,1936.0399999999995,7053.0,100,100,1011,2.0360169143708005,6.976261127596439,2.263004779815674,-1936.0399999999995,-0.019277221523225307,33.53131937980652,0.4949180241674185,0.01556838485703338,0.07559742708690464,2371,324.09580095650523,0.30826520919799805
2372,7375.157,1795.6366666666656,6830.000000000001,100,100,1003,2.068706282534277,6.809571286141576,2.2725510597229004,-1795.6366666666656,-0.01677516580093652,31.879125833511353,0.5041892845183611,0.00909741689247312,0.07392351003363729,2372,324.1067403960895,0.30826520919799805
2373,7378.005,1773.5299999999995,6796.666666666666,100,100,1006,2.0857985109687,6.7561298873426106,2.2948169708251953,-1773.5299999999995,-0.019295191334094852,27.788682401180267,0.4758732132613659,0.031947062838298734,0.07878311816602945,2373,324.1179569754616,0.30826520919799805
2374,7380.867,1852.1533333333336,6793.333333333336,100,100,1006,2.064591551280097,6.752816434724986,2.27636981010437,-1852.1533333333336,-0.015561566222459078,27.157452881336212,0.4534636288881302,0.010463929629622726,0.07808254071278498,2374,324.1286135833154,0.30826520919799805
2375,7383.88,1981.916666666668,7046.3333333333385,100,100,1011,2.218608702528341,6.969666996373233,2.453477621078491,-1981.916666666668,-0.022539027384482324,36.32857072353363,0.5147001342847943,0.013482781329116733,0.07229434768669307,2375,324.1332422521472,0.30826520919799805
2376,7386.768,1807.2633333333342,6812.000000000001,100,100,1009,2.1240840410090045,6.751238850346879,2.341235876083374,-1807.2633333333342,-0.013681173615623266,33.015282809734344,0.4944561291486025,0.01699987776373746,0.06181242014281452,2376,324.1431049970668,0.30826520919799805
2377,7389.461,1947.9266666666663,7032.000000000003,100,100,1008,1.9318127972563537,6.976190476190479,2.1439085006713867,-1947.9266666666663,-0.017376089352183044,29.858009576797485,0.4883441971614957,0.019213306790334173,0.09895833337213844,2377,324.16140252561553,0.30826520919799805
2378,7392.138,1814.2033333333331,6661.666666666669,100,100,1008,1.928386108216179,6.6087962962962985,2.138874053955078,-1814.2033333333331,-0.017516997759230435,30.045821964740753,0.4760987525805831,0.006401815160643309,0.07421875011641532,2378,324.180387114266,0.30826520919799805
2379,7394.823,1857.0233333333326,6867.999999999998,100,100,1005,1.9264259702289728,6.833830845771143,2.1311569213867188,-1857.0233333333326,-0.011867121793329716,41.06479221582413,0.4752310859039426,0.00973901687302714,0.0639431425370276,2379,324.19854295687,0.30826520919799805
2380,7401.187,1998.2666666666667,7035.000000000001,100,100,1005,2.2464912429924553,7.000000000000001,2.4683287143707275,-1998.2666666666667,-0.01143986004171893,39.84847456216812,0.5190693540498614,0.023437367963197175,0.06805555580649525,2380,324.20067992055044,0.30826520919799805
2381,7404.359,1976.6833333333325,6920.0,100,100,1011,2.3525446095125258,6.844708209693373,2.580512523651123,-1976.6833333333325,-0.020151824865024537,36.69573175907135,0.530497157946229,0.015249901603965554,0.08999693649820983,2381,324.05330278586985,0.30826520919799805
2382,7407.66,1886.946666666667,6994.666666666668,100,100,1009,2.4979620424539544,6.932276181037332,2.719813585281372,-1886.946666666667,-0.008135179232340306,34.55816239118576,0.46933149825781584,0.019231497626606142,0.08134366990998387,2382,324.0450920357742,0.30826520919799805
2383,7410.757,1804.5766666666675,6834.666666666666,100,100,1009,2.300081465959113,6.773703336636934,2.51944637298584,-1804.5766666666675,-0.013217668456491083,32.81737208366394,0.5133504811674356,0.041219399907276966,0.11248405580408871,2383,324.0458468131112,0.30826520919799805
2384,7413.759,1897.9799999999993,7136.666666666667,100,100,1005,2.205243683188449,7.1011608623548925,2.417419195175171,-1897.9799999999993,-0.008944145403802395,33.431647300720215,0.46424600575119257,0.031533504283288494,0.06121961819007993,2384,324.050187760636,0.30826520919799805
2385,7416.849,1785.933333333332,6608.999999999996,100,100,1003,2.3001262231925845,6.589232303090724,2.500338315963745,-1785.933333333332,-0.011663042998407036,30.044898092746735,0.48353570606559515,0.02033336990280077,0.07542242016643286,2385,324.05041995988626,0.30826520919799805
2386,7420.067,1941.0899999999979,6974.666666666663,100,100,1005,2.4296652743435323,6.939966832504143,2.642836332321167,-1941.0899999999979,-0.01920841832179576,36.80429047346115,0.6183468168601394,0.009706045548227848,0.07329644111450762,2386,324.045303891166,0.30826520919799805
2387,7423.203,1900.8299999999997,6892.666666666665,100,100,1002,2.3430096823908015,6.878908848968727,2.5490963459014893,-1900.8299999999997,-0.02089015522506088,28.406534403562546,0.5200828602537513,0.020014626934425905,0.06670851935632527,2387,324.0434257499673,0.30826520919799805
2388,7426.189,1872.8100000000018,6830.666666666672,100,100,1010,2.177693365293896,6.7630363036303685,2.3988137245178223,-1872.8100000000018,-0.017764514836017042,34.73996526002884,0.569101283326745,0.020954955027264077,0.10019531240686774,2388,324.0491069413294,0.30826520919799805
2389,7429.201,1879.2999999999995,6974.9999999999945,100,100,1010,2.2002983179017166,6.905940594059401,2.4252142906188965,-1879.2999999999995,-0.017551106226164848,27.69727784395218,0.5195126719772816,0.030865512781019788,0.07732421869877726,2389,324.05369040097844,0.30826520919799805
2390,7435.595,1925.6366666666672,6852.666666666666,100,100,1009,2.258143906123434,6.791542781631978,2.478938102722168,-1925.6366666666672,-0.015794724749866873,28.176500916481018,0.5284983888268471,0.02463546698072605,0.06775151449255645,2390,324.05646847024315,0.30826520919799805
2391,7438.605,1977.533333333335,7010.333333333335,100,100,1010,2.1992359393377705,6.940924092409243,2.422722816467285,-1977.533333333335,-0.013507440162356943,36.6608344912529,0.5968404617160559,0.009857382417976623,0.06804687483236194,2391,323.9154854545718,0.30826520919799805
2392,7441.599,1952.2633333333333,6997.666666666665,100,100,1003,2.2057613170104973,6.9767364572947805,2.4132628440856934,-1952.2633333333333,-0.018959987733978778,37.17448264360428,0.5193155938759446,0.034169014033977874,0.08566497103311121,2392,323.91990660386426,0.30826520919799805
2393,7444.481,1859.3000000000006,6838.0,100,100,1009,2.0805979175243907,6.777006937561943,2.3030035495758057,-1859.3000000000006,-0.018643401563167572,35.31796395778656,0.5250246673822403,0.01849301471520448,0.06613719707820565,2393,323.9300474099208,0.30826520919799805
2394,7447.433,1882.9999999999998,6705.333333333332,100,100,1007,2.1707165811503124,6.658722277391591,2.3877813816070557,-1882.9999999999998,-0.01737472713830357,48.99953866004944,0.5301079237833619,0.009448660137422848,0.07914311828790233,2394,323.9368551857569,0.30826520919799805
2395,7450.491,1838.0866666666684,7003.999999999997,100,100,1004,2.2841426327062098,6.976095617529878,2.4897589683532715,-1838.0866666666684,-0.01630093331914395,34.57309663295746,0.554990385659039,0.024347341095563024,0.08034446067176759,2395,323.9386719987797,0.30826520919799805
2396,7453.511,1865.496666666666,7026.666666666668,100,100,1011,2.2398041571379004,6.950214309264756,2.4632325172424316,-1865.496666666666,-0.015855259262025356,30.088625371456146,0.5461609801277518,0.01115827932517277,0.0717964923242107,2396,323.9430685144143,0.30826520919799805
2397,7456.359,1866.2933333333349,6885.333333333332,100,100,1004,2.080326390858977,6.857901726427621,2.2875125408172607,-1866.2933333333349,-0.016964140406344086,30.690296411514282,0.555832433514297,0.007104311065631919,0.07284268480725586,2397,323.95399543077747,0.30826520919799805
2398,7459.254,1872.4666666666674,6777.333333333335,100,100,1011,2.0977895136675717,6.703593801516652,2.3197379112243652,-1872.4666666666674,-0.01707041703048162,37.25358748435974,0.5719196377322078,0.008402341834880644,0.0788813573308289,2398,323.9637813050305,0.30826520919799805
2399,7462.267,1955.0666666666657,7106.666666666666,100,100,1011,2.198537686470303,7.02934388394329,2.4255499839782715,-1955.0666666666657,-0.01775749126682058,36.47232985496521,0.6147973947227001,0.011395762288884725,0.06434780964627862,2399,323.9684912363637,0.30826520919799805
2400,7468.87,1948.2733333333338,7050.333333333337,100,100,1006,2.155338468865138,7.008283631544073,2.3719916343688965,-1948.2733333333338,-0.018243545782752335,30.97284707427025,0.5685485312715173,0.010050761025922839,0.09546959947329015,2400,323.9749659131439,0.30826520919799805
2401,7472.067,1835.5566666666648,6786.9999999999945,100,100,1006,2.3865001968147,6.746520874751486,2.5981171131134033,-1835.5566666666648,-0.015370618901215494,32.76844769716263,0.5799166960641742,0.05235225556316436,0.0867654550820589,2401,323.8128016288993,0.30826520919799805
2402,7475.097,1813.21,6757.999999999999,100,100,1008,2.191022422468652,6.704365079365078,2.4073264598846436,-1813.21,-0.01813414233038202,28.117438554763794,0.5679228128865361,0.024376698362175375,0.08935546875,2402,323.8164457435088,0.30826520919799805
2403,7478.062,1846.3766666666668,6873.666666666666,100,100,1004,2.1775536842326972,6.8462815405046475,2.3859493732452393,-1846.3766666666668,-0.017784395051421598,29.667942225933075,0.656181775033474,0.002866784492653096,0.06356534105725586,2403,323.82226344298203,0.30826520919799805
2404,7481.287,1946.8700000000003,6926.999999999996,100,100,1008,2.405140773575228,6.872023809523806,2.6276426315307617,-1946.8700000000003,-0.016456248558824882,31.84917002916336,0.5928670885041356,0.003891653483151458,0.07763671921566129,2404,323.81741297004817,0.30826520919799805
2405,7484.487,1972.4966666666674,7018.333333333332,100,100,1003,2.415512563221543,6.997341309405117,2.625471830368042,-1972.4966666666674,-0.005889540712814778,33.22678378224373,0.5776215083897114,0.022323320547002368,0.07609238754957914,2405,323.8129591404628,0.30826520919799805
2406,7487.472,1915.956666666667,6936.666666666669,100,100,1007,2.182333665652998,6.888447533929164,2.4010767936706543,-1915.956666666667,-0.01601374584424775,35.892689526081085,0.5445231664925814,0.016959645061433548,0.07842627965146676,2406,323.81839053441166,0.30826520919799805
2407,7490.493,1871.3166666666668,6837.999999999999,100,100,1013,2.195347977116307,6.750246791707798,2.4284212589263916,-1871.3166666666668,-0.011651087610516697,31.721601843833923,0.5572883430868387,0.017783688446797896,0.08617703430354595,2407,323.8230174624444,0.30826520919799805
2408,7493.267,1831.7599999999998,6891.33333333333,100,100,1011,2.004636796011703,6.8163534454335615,2.2238409519195557,-1831.7599999999998,-0.013715434179175645,29.477393746376038,0.5896374909207225,0.038145689948578365,0.08840762893669307,2408,323.8380563941813,0.30826520919799805
2409,7496.034,1891.0033333333329,6960.333333333331,100,100,1010,1.985484752504358,6.89141914191419,2.204867362976074,-1891.0033333333329,-0.010241613781545311,24.606006920337677,0.6280801482498646,0.01399768528790446,0.09609374997671694,2409,323.85326192674046,0.30826520919799805
2410,7501.947,1831.84,6797.999999999996,100,100,1005,1.9901453720090623,6.764179104477608,2.193687677383423,-1831.84,-0.013909038272686303,30.846533179283142,0.6157171316444874,0.013264389766845852,0.0765625003259629,2410,323.86732051402447,0.30826520919799805
2411,7504.738,1922.17,6958.333333333332,100,100,1014,1.9762004917134812,6.862261669953976,2.2039897441864014,-1922.17,-0.014981004816945642,29.601506501436234,0.680828208103776,0.005182536528081982,0.0692274309694767,2411,323.7466949532224,0.30826520919799805
2412,7507.519,1929.1499999999994,7040.666666666671,100,100,1010,1.9964794035871873,6.970957095709575,2.2158002853393555,-1929.1499999999994,-0.020329206192400306,26.774491369724274,0.6448685005307198,0.009301310354203451,0.07314453122671694,2412,323.76127294859634,0.30826520919799805
2413,7510.282,1837.8266666666668,6699.999999999999,100,100,1012,1.9823696642374184,6.620553359683794,2.2074809074401855,-1837.8266666666668,-0.01656903473485727,30.802855789661407,0.6157959923148155,0.009464008449867833,0.0692232574801892,2413,323.7769474514543,0.30826520919799805
2414,7513.034,1955.3933333333332,7019.000000000004,100,100,1010,1.97620257368717,6.9495049504950535,2.2001874446868896,-1955.3933333333332,-0.019283134199213237,25.1075257062912,0.7038860563188791,0.007407563422020758,0.06212890613824129,2414,323.7927469626079,0.30826520919799805
2415,7515.765,1884.4766666666662,6996.333333333336,100,100,1008,1.9501872018389848,6.940806878306881,2.1637661457061768,-1884.4766666666662,-0.015470938058570027,30.219388246536255,0.6388641204684973,0.014357193693285808,0.07649739598855376,2415,323.80926033904944,0.30826520919799805
2416,7518.537,1762.3266666666675,6888.999999999999,100,100,1002,2.0005824354555304,6.875249500998003,2.199878454208374,-1762.3266666666675,-0.01804445660673082,31.77425581216812,0.6190906409174204,0.02059576564715826,0.07647414435632527,2416,323.82308633062536,0.30826520919799805
2417,7521.329,1905.959999999999,7072.000000000002,100,100,1008,2.001886804507757,7.015873015873018,2.2166426181793213,-1905.959999999999,-0.012111238902434707,27.25089132785797,0.684571435675025,0.015319595790060703,0.06787109386641532,2417,323.8369221166946,0.30826520919799805
2418,7524.307,1861.4399999999996,6977.666666666666,100,100,1004,2.18841633379118,6.949867197875165,2.3967885971069336,-1861.4399999999996,-0.014236895920475945,34.12460118532181,0.6769910622388124,0.01668836204771651,0.07772549730725586,2418,323.84218235141986,0.30826520919799805
2419,7527.444,1942.690000000001,6984.666666666668,100,100,1011,2.3034638018208224,6.908671282558524,2.5322353839874268,-1942.690000000001,-0.013192103244364262,33.77591401338577,0.6181657528504729,0.021155884700419847,0.1062251073308289,2419,323.84153688009457,0.30826520919799805
2420,7533.883,2017.1766666666665,7188.33333333333,100,100,1005,2.2394955227735327,7.152570480928687,2.4541923999786377,-2017.1766666666665,-0.02029103646054864,34.17574143409729,0.7432735860347748,0.01026656534668291,0.06826171895954758,2420,323.8442685258644,0.30826520919799805
2421,7536.853,1813.973333333332,6705.666666666665,100,100,1008,2.163944146776062,6.652447089947088,2.379990577697754,-1813.973333333332,-0.018137096078135073,29.78258043527603,0.6737047992646694,0.004133967322559329,0.05810546875,2421,323.70435254273355,0.30826520919799805
2422,7539.899,1917.233333333333,6973.666666666663,100,100,1007,2.255922246052927,6.925190334326379,2.4731175899505615,-1917.233333333333,-0.013824220863170922,27.054066598415375,0.689376613125205,0.004096206459507812,0.056765292305499315,2422,323.7071406451513,0.30826520919799805
2423,7543.071,2006.0866666666668,7045.666666666668,100,100,1010,2.3533629691504903,6.9759075907590775,2.5826525688171387,-2006.0866666666668,-0.014193247276125476,28.899762749671936,0.6950747165828943,0.014506027608149452,0.05585937493015081,2423,323.70496221531425,0.30826520919799805
2424,7546.063,1818.1633333333325,6702.999999999998,100,100,1004,2.1844546810818457,6.676294820717129,2.393193244934082,-1818.1633333333325,-0.017664756975136697,28.947856426239014,0.6682062465697527,0.014893064489342578,0.05801669042557478,2424,323.7095879386298,0.30826520919799805
2425,7549.035,2068.5466666666666,7032.666666666665,100,100,1006,2.1498436361660525,6.990722332670641,2.3693113327026367,-2068.5466666666666,-0.018436614773236215,46.336622178554535,0.7840122804045677,0.007911212316685123,0.06644870946183801,2425,323.7154272397133,0.30826520919799805
2426,7551.97,1786.8366666666668,6899.333333333335,100,100,1016,2.1448938000037914,6.790682414698164,2.376368999481201,-1786.8366666666668,-0.010580027243122458,30.043772608041763,0.6339616319164634,0.03429038152535213,0.04764229943975806,2426,323.724140494384,0.30826520919799805
2427,7554.749,1919.8600000000004,6904.666666666667,100,100,1010,2.0018261364006467,6.8363036303630365,2.220902442932129,-1919.8600000000004,-0.01521873235469684,29.457468807697296,0.7022983245551586,0.030126964833470993,0.049980468465946615,2427,323.73872911575705,0.30826520919799805
2428,7557.562,1911.6266666666675,6907.333333333333,100,100,1010,2.0232058414903533,6.8389438943894385,2.2443349361419678,-1911.6266666666675,-0.013120022777002305,23.914481192827225,0.6695655342191458,0.06305886925110826,0.06177734350785613,2428,323.7519020131488,0.30826520919799805
2429,7560.337,1925.1066666666666,7034.333333333332,100,100,1005,1.999791442828985,6.999336650082918,2.208523750305176,-1925.1066666666666,-0.01844865025486797,30.016133964061737,0.7300702054053545,0.026526487032242585,0.05412326392251998,2429,323.7660090638312,0.30826520919799805
2430,7566.256,1859.5800000000004,6827.999999999997,100,100,1009,2.027547275956731,6.767096134786915,2.2433533668518066,-1859.5800000000004,-0.015153268759604543,27.126677691936493,0.6993784364312887,0.007426786818541586,0.0765405772253871,2430,323.77924367673563,0.30826520919799805
2431,7569.034,1769.6400000000015,6823.333333333335,100,100,1012,1.9794685779675003,6.742424242424244,2.197023391723633,-1769.6400000000015,-0.013216231134720147,41.873296558856964,0.6641274448484182,0.024458882926410297,0.0631009615608491,2431,323.6609868466638,0.30826520919799805
2432,7571.859,1946.1633333333336,7069.000000000005,100,100,1013,2.025977593707794,6.978282329713726,2.2553844451904297,-1946.1633333333336,-0.01591720884607639,37.15675401687622,0.7728162501007318,0.0009738971239130478,0.05197892105206847,2432,323.67401214850133,0.30826520919799805
2433,7574.6,1870.4499999999994,6856.999999999996,100,100,1006,1.981393140754579,6.816103379721667,2.1903328895568848,-1870.4499999999994,-0.019473624997772276,22.00323322415352,0.6649814881384373,0.021104514195030788,0.05935801635496318,2433,323.6896831116666,0.30826520919799805
2434,7577.432,1969.330000000001,7249.333333333334,100,100,1010,1.9941634643767583,7.177557755775578,2.215116500854492,-1969.330000000001,-0.015136249596253037,36.625753819942474,0.7396611962467432,0.004397074313601479,0.06351562472991645,2434,323.7020024987853,0.30826520919799805
2435,7580.2,1820.6433333333332,6888.000000000003,100,100,1010,1.9959936626163302,6.819801980198022,2.213592767715454,-1820.6433333333332,-0.013830472365953028,28.248170852661133,0.6813863050192595,0.01663848124735523,0.055234374944120646,2435,323.7170664915637,0.30826520919799805
2436,7583.02,1960.7233333333338,7078.333333333334,100,100,1007,2.0311104264128823,7.029129427341941,2.247715950012207,-1960.7233333333338,-0.013513854413758963,28.97044599056244,0.7288315650075674,0.021669485864549642,0.06289478053804487,2436,323.7294658399295,0.30826520919799805
2437,7585.805,1844.2200000000005,6867.666666666667,100,100,1009,1.9910755198969476,6.8064089857945165,2.207944393157959,-1844.2200000000005,-0.007440771762048826,29.912478268146515,0.7487067189067602,0.04590196292701876,0.06388512428384274,2437,323.7436194542475,0.30826520919799805
2438,7588.575,1967.6599999999996,7178.33333333333,100,100,1009,1.9920803765730326,7.114304592005283,2.211677312850952,-1967.6599999999996,-0.01227896212367341,26.483295023441315,0.724414836615324,0.020144165275269188,0.05520567577332258,2438,323.75839319173105,0.30826520919799805
2439,7591.364,1870.326666666667,6882.666666666663,100,100,1006,1.998177332161124,6.841616964877399,2.2114510536193848,-1870.326666666667,-0.011511600110679865,30.1555095911026,0.8073334731161594,0.021098338525916915,0.07634171191602945,2439,323.7720015794828,0.30826520919799805
2440,7597.397,2049.64,7147.666666666666,100,100,1009,2.0639023786720823,7.083911463495209,2.290717363357544,-2049.64,-0.010827448684722185,35.055448055267334,0.7420422062277794,0.02814712044710177,0.057607222348451614,2440,323.7830566999687,0.30826520919799805
2441,7600.205,1838.4633333333338,6937.333333333333,100,100,1011,2.02109228668073,6.861852950873722,2.2422821521759033,-1838.4633333333338,-0.013085819722618908,19.454727590084076,0.7546131387352943,0.020953065347839583,0.07167202839627862,2441,323.66111905361737,0.30826520919799805
2442,7603.001,1945.6666666666663,7228.333333333334,100,100,1010,1.9954406928344823,7.156765676567657,2.2183656692504883,-1945.6666666666663,-0.018170581373851746,35.42768329381943,0.7543236706405878,0.02184100304293679,0.07070312486030161,2442,323.674938055226,0.30826520919799805
2443,7605.79,1894.5866666666657,7008.000000000002,100,100,1008,2.018575891616776,6.952380952380954,2.234510898590088,-1894.5866666666657,-0.015140534917009063,36.10876226425171,0.7077808529138565,0.014713455504534068,0.07063802116317675,2443,323.68878952653796,0.30826520919799805
2444,7608.614,1952.179999999999,7003.999999999998,100,100,1007,2.043507945360366,6.955312810327705,2.264514923095703,-1952.179999999999,-0.015118690731469542,26.570956349372864,0.6688112132251263,0.028045912713423604,0.07580826111370698,2444,323.70099059296945,0.30826520919799805
2445,7611.416,1861.9033333333327,6878.333333333331,100,100,1010,2.002655446072948,6.810231023102308,2.2251152992248535,-1861.9033333333327,-0.013699617353267968,26.84697264432907,0.6758543606847525,0.020486290195549373,0.09162109368480742,2445,323.7145369404928,0.30826520919799805
2446,7614.136,1898.033333333331,6814.000000000002,100,100,1005,1.962477214337878,6.780099502487564,2.170409679412842,-1898.033333333331,-0.01508675783406943,33.67552936077118,0.5878605274483562,0.04117476566534606,0.06533203140133992,2446,323.73087425944755,0.30826520919799805
2447,7616.923,1929.0999999999992,6964.333333333332,100,100,1009,1.996811591822569,6.902213412619754,2.214845895767212,-1929.0999999999992,-0.013600429287180305,28.942474246025085,0.58761100564152,0.017020899500494124,0.07342155603691936,2447,323.74494970755103,0.30826520919799805
2448,7619.669,1875.3233333333326,6861.000000000002,100,100,1008,1.983303175028783,6.806547619047621,2.1984031200408936,-1875.3233333333326,-0.012592427665367723,27.63279914855957,0.6691387863829732,0.03190235001966357,0.10107421921566129,2448,323.76050325023164,0.30826520919799805
2449,7622.419,1853.6433333333323,6992.333333333338,100,100,1008,1.9610632934638978,6.936838624338629,2.17476224899292,-1853.6433333333323,-0.017991682630963624,26.172660648822784,0.7052651718258858,0.013233245990704745,0.05533854168606922,2449,323.775975185797,0.30826520919799805
2450,7628.263,1825.5666666666666,6807.999999999998,100,100,1014,1.9755937851124115,6.714003944773173,2.202401638031006,-1825.5666666666666,-0.017583772423677146,28.796052515506744,0.6712665464729071,0.023624516223208047,0.09239366336259991,2450,323.7908337392962,0.30826520919799805
2451,7631.008,1934.9566666666663,6952.666666666665,100,100,1001,1.9709287697661455,6.945720945720944,2.171748638153076,-1934.9566666666663,-0.01157702586351661,29.423287451267242,0.7866108622401953,0.007174498197855428,0.07039586477912962,2451,323.6755979697957,0.30826520919799805
2452,7633.72,1850.9533333333331,6898.666666666669,100,100,1007,1.9470872883495338,6.850711684872561,2.154524564743042,-1850.9533333333331,-0.016659660439472646,19.894472897052765,0.7760321330279112,0.021778209928015713,0.07074883638415486,2452,323.6925011304398,0.30826520919799805
2453,7636.462,1814.9600000000014,6902.333333333338,100,100,1012,1.9551019777641392,6.820487483530966,2.174006223678589,-1814.9600000000014,-0.013717545138206333,27.777977347373962,0.6137144109234214,0.012059797474648803,0.0902569112367928,2453,323.7088041725651,0.30826520919799805
2454,7639.195,1886.7900000000009,6990.333333333331,100,100,1007,1.9629770611730046,6.941741145316119,2.1764700412750244,-1886.7900000000009,-0.012984405097085983,23.876525402069092,0.5516066513955593,0.07806873236404499,0.06919049168936908,2454,323.7248239834682,0.30826520919799805
2455,7642.012,1901.726666666668,6906.000000000003,100,100,1009,1.9967385537265194,6.844400396432114,2.2167844772338867,-1901.726666666668,-0.014422390144318342,24.696161657571793,0.5230357553809881,0.020896920883387793,0.06594786350615323,2455,323.7375079529597,0.30826520919799805
2456,7645.105,1842.8566666666666,6815.666666666664,100,100,1009,2.2849881059533526,6.754872811364385,2.5042271614074707,-1842.8566666666666,-0.013677505659870803,21.104185223579407,0.5853648958727717,0.017942492740985472,0.07214604574255645,2456,323.73854098629613,0.30826520919799805
2457,7648.186,1972.3800000000003,7235.333333333337,100,100,1004,2.268685458253038,7.206507304116869,2.4829633235931396,-1972.3800000000003,-0.008536600915249437,24.91258430480957,0.6199104990810156,0.049017618785001105,0.07475142041221261,2457,323.7393906806409,0.30826520919799805
2458,7651.207,1916.613333333334,6955.333333333331,100,100,1013,2.1919745313847643,6.866074366567948,2.425109386444092,-1916.613333333334,-0.012769102351740003,27.6668798327446,0.5731679005548358,0.0329692604864249,0.08743919525295496,2458,323.74395609388534,0.30826520919799805
2459,7654.171,1870.4866666666667,6932.666666666666,100,100,1007,2.1407732853569765,6.884475339291624,2.357590675354004,-1870.4866666666667,-0.013622601516544819,22.96310418844223,0.502994162030518,0.06700429329430335,0.07580826111370698,2459,323.7501468185494,0.30826520919799805
2460,7660.775,1884.9733333333318,6760.999999999999,100,100,1004,2.1882351598956538,6.7340637450199194,2.3981566429138184,-1884.9733333333318,-0.016273521701805294,22.787060797214508,0.5340378442779183,0.025992159920861013,0.09290660521946847,2460,323.75470335365395,0.30826520919799805
2461,7663.73,1783.6566666666672,6626.333333333334,100,100,1007,2.1594507466444917,6.580271433300232,2.3706724643707275,-1783.6566666666672,-0.011489883705507964,32.87993198633194,0.4669936802238226,0.02159554757963633,0.07953789876773953,2461,323.6087195355433,0.30826520919799805
2462,7666.673,1929.8266666666668,7085.000000000002,100,100,1006,2.1376594427554583,7.042743538767398,2.351574420928955,-1929.8266666666668,-0.016129577707033604,34.92684346437454,0.6166626019403338,0.038867526382091455,0.07963230321183801,2462,323.6157660529105,0.30826520919799805
2463,7669.751,2000.6833333333334,7138.666666666669,100,100,1007,2.257858092971553,7.089043363124795,2.479262113571167,-2000.6833333333334,-0.014475978707196191,29.161742508411407,0.5826151892542839,0.03885876914864639,0.0828208108432591,2463,323.6171536812893,0.30826520919799805
2464,7672.644,2031.0299999999995,7296.0,100,100,1014,2.0960563114344617,7.195266272189349,2.329094409942627,-2031.0299999999995,-0.012915417086333036,32.427019476890564,0.5823151841759682,0.019057668236200698,0.077293113572523,2464,323.6273057991502,0.30826520919799805
2465,7675.405,1931.263333333334,6824.333333333335,100,100,1004,1.9789714126409852,6.79714475431607,2.185096263885498,-1931.263333333334,-0.016713763572624885,35.07556068897247,0.5357586788013577,0.029236443733680062,0.08349609375,2465,323.64166550755647,0.30826520919799805
2466,7678.137,1939.5866666666675,6978.000000000004,100,100,1007,1.9742097316472582,6.929493545183718,2.1868510246276855,-1939.5866666666675,-0.016353857703506947,34.04057800769806,0.5501014022156596,0.06260992875468219,0.07563164888415486,2466,323.657662604625,0.30826520919799805
2467,7680.899,1879.2766666666666,6924.333333333336,100,100,1015,1.962343841364488,6.8220032840722515,2.1907429695129395,-1879.2766666666666,-0.008916647202568129,29.390592098236084,0.5645982921123505,0.049547843664186075,0.10039950255304575,2467,323.67343958074144,0.30826520919799805
2468,7683.653,1867.0500000000002,7047.666666666668,100,100,1009,1.9841441022540462,6.984803435744963,2.197314977645874,-1867.0500000000002,-0.012949715601280332,39.35489070415497,0.6443992666900158,0.03400393647461897,0.07995854574255645,2468,323.6887276518391,0.30826520919799805
2469,7686.383,1830.8333333333314,6806.999999999994,100,100,1003,1.965782051123233,6.786640079760711,2.166435956954956,-1830.8333333333314,-0.012931864359416068,30.6887229681015,0.6263599134981632,0.045535280522017274,0.08783384808339179,2469,323.70426895499986,0.30826520919799805
2470,7692.229,2015.7433333333342,7175.999999999994,100,100,1007,1.9779740799220267,7.126117179741801,2.192214250564575,-2015.7433333333342,-0.014133161341305822,39.27658259868622,0.6606570556759834,0.054029532460845076,0.09458111698040739,2470,323.7196526576364,0.30826520919799805
2471,7694.972,1973.9666666666678,7089.333333333333,100,100,1009,1.9549294351807789,7.026098447307565,2.171633243560791,-1973.9666666666678,-0.012436464487109333,32.16294151544571,0.6791142523288727,0.054303533033817075,0.09310227987589315,2471,323.60495874887533,0.30826520919799805
2472,7697.73,1869.4266666666674,6853.333333333336,100,100,1005,1.9906492540103138,6.819237147595359,2.197693109512329,-1869.4266666666674,-0.008906765637220815,24.76860648393631,0.6513864332810044,0.02079412267630687,0.0799804690759629,2472,323.6195430902582,0.30826520919799805
2473,7700.478,1826.3266666666675,7051.666666666669,100,100,1006,1.9755886700309844,7.009609012591122,2.1821603775024414,-1826.3266666666675,-0.017858784849522635,26.862508833408356,0.6392756057903171,0.05657642626465531,0.08950407640077174,2473,323.63469474720847,0.30826520919799805
2474,7703.256,1911.396666666666,7085.000000000002,100,100,1005,1.9943585079533988,7.049751243781096,2.203181028366089,-1911.396666666666,-0.004355827579274774,27.061821460723877,0.6611363440752029,0.0399477717364789,0.10660807322710752,2474,323.6485031677471,0.30826520919799805
2475,7706.023,1980.3999999999983,7252.3333333333285,100,100,1003,1.9801648045590117,7.230641409106011,2.1861040592193604,-1980.3999999999983,-0.010532202897593379,27.70580691099167,0.7002066317945719,0.025219674680556636,0.07932867005001754,2475,323.6624075060664,0.30826520919799805
2476,7708.807,1903.4500000000014,7053.000000000005,100,100,1003,2.0055234335188348,7.031904287138588,2.20989990234375,-1903.4500000000014,-0.01076731743523851,25.730502605438232,0.636058734729886,0.04678690173022915,0.08708439348265529,2476,323.67562712896716,0.30826520919799805
2477,7711.58,1962.1533333333327,7198.333333333333,100,100,1008,1.9969709336735486,7.141203703703703,2.2135698795318604,-1962.1533333333327,-0.013681052951142192,22.388883352279663,0.6811944264918566,0.026342638062487822,0.09049479174427688,2477,323.68997689927266,0.30826520919799805
2478,7714.413,2056.57,7170.666666666669,100,100,1008,2.032060817111328,7.113756613756616,2.255009889602661,-2056.57,-0.006192069035023451,51.69452905654907,0.7124995421618223,0.006400496888090856,0.07763671898283064,2478,323.70179574777836,0.30826520919799805
2479,7717.187,1891.6900000000003,6986.666666666666,100,100,1006,2.0008770379591474,6.944996686547381,2.212188243865967,-1891.6900000000003,-0.013625267369206995,31.13360446691513,0.66141237039119,0.04460821773682255,0.06755264953244478,2479,323.71573957032956,0.30826520919799805
2480,7723.07,1928.37,6963.000000000005,100,100,1007,1.9712544191081185,6.914597815292954,2.182544469833374,-1928.37,-0.016754775890149176,26.308741748332977,0.6373797580599785,0.030248821298300754,0.060100149596109986,2480,323.73061398081956,0.30826520919799805
2481,7725.838,1934.2800000000009,7179.999999999997,100,100,1007,1.9819785491910198,7.130089374379342,2.193300247192383,-1934.2800000000009,-0.01401179056847468,25.084969133138657,0.6121772564947605,0.026543918618699536,0.0836623169016093,2481,323.6139436860104,0.30826520919799805
2482,7728.622,1859.8333333333328,6949.333333333334,100,100,1009,1.9987876139575664,6.887347208457219,2.2158432006835938,-1859.8333333333328,-0.010805852594785392,20.59011796116829,0.6727179046720266,0.03912032560037915,0.09576291404664516,2482,323.6279181967413,0.30826520919799805
2483,7731.394,1876.0966666666666,7045.000000000001,100,100,1004,1.9894217144914965,7.016932270916335,2.196620225906372,-1876.0966666666666,-0.016857033740961924,29.432308077812195,0.7388817388564348,0.023724696420686087,0.0890891335438937,2483,323.64178320284236,0.30826520919799805
2484,7734.122,1889.4799999999982,6924.000000000002,100,100,1004,1.965883562820908,6.896414342629484,2.1715643405914307,-1889.4799999999982,-0.01472211501095444,23.53092920780182,0.6206626147031784,0.02401074346562382,0.1278852983377874,2484,323.65741061785246,0.30826520919799805
2485,7736.871,2093.373333333332,7394.999999999999,100,100,1007,1.9577665318288242,7.343594836146971,2.1765682697296143,-2093.373333333332,-0.015234484744723886,28.9366135597229,0.7246501725167036,0.017918496567290276,0.0735434670932591,2485,323.67262400269755,0.30826520919799805
2486,7739.592,1898.9133333333336,6948.333333333332,100,100,1004,1.9609842644689004,6.920650730411685,2.1657960414886475,-1898.9133333333336,-0.02019088139059022,25.376240015029907,0.6804316136986017,0.03849867053213529,0.11878551170229912,2486,323.6884905334414,0.30826520919799805
2487,7742.33,1908.9433333333325,6984.666666666667,100,100,1007,1.9487569029068403,6.93611386957961,2.1599507331848145,-1908.9433333333325,-0.018930509453639388,27.028936326503754,0.6386687401682138,0.03256866800074931,0.08858668501488864,2487,323.7040912540482,0.30826520919799805
2488,7745.048,1822.760000000001,6843.333333333333,100,100,1011,1.9407830869872953,6.768875700626442,2.154686689376831,-1822.760000000001,-0.006852210382930934,39.50180447101593,0.6380163850262761,0.04931310434767511,0.09597120113903657,2488,323.72102117546683,0.30826520919799805
2489,7747.814,1988.1300000000012,6989.999999999999,100,100,1008,1.9725546625854877,6.934523809523808,2.1909384727478027,-1988.1300000000012,-0.013724952412303537,43.0069460272789,0.647251476533711,0.04907662771802279,0.07421875034924597,2489,323.7355698164122,0.30826520919799805
2490,7753.567,1845.71,6946.333333333333,100,100,1005,1.9513175121985784,6.911774461028192,2.1572132110595703,-1845.71,-0.00980475835967809,23.147319316864014,0.6768190693110228,0.04216849971271586,0.10215928836259991,2490,323.7521577312942,0.30826520919799805
2491,7756.332,2009.076666666667,6991.333333333331,100,100,1010,1.9696729722211488,6.92211221122112,2.1906931400299072,-2009.076666666667,-0.01743109489325434,40.36004227399826,0.6627065520733595,0.011111513042123988,0.07433593750465661,2491,323.63981872837644,0.30826520919799805
2492,7759.098,1872.23,7155.666666666666,100,100,1013,1.973396348504962,7.063836788417242,2.1980316638946533,-1872.23,-0.011461737100034952,42.2101748585701,0.6290946565568447,0.03446515878022183,0.08029923355206847,2492,323.65502044461215,0.30826520919799805
2493,7761.989,2036.3366666666664,7126.000000000001,100,100,1011,2.0612064304758824,7.048466864490604,2.287886142730713,-2036.3366666666664,-0.01302238687640056,39.90022337436676,0.7111262772232294,0.013774224782537203,0.06313189375214279,2493,323.6647159362106,0.30826520919799805
2494,7765.229,2039.0866666666666,7163.666666666669,100,100,1012,2.4156961458911863,7.078722002635049,2.652475357055664,-2039.0866666666666,-0.010946404887363315,35.107755184173584,0.7082152534276247,0.01437000395526411,0.08417217555688694,2494,323.66000700133037,0.30826520919799805
2495,7768.244,1937.3900000000012,6915.333333333331,100,100,1006,2.2033077558672898,6.87408880053015,2.418778657913208,-1937.3900000000012,-0.013363342732191086,40.3744016289711,0.6221840577200055,0.024300704906636383,0.09156334935687482,2495,323.6638976340691,0.30826520919799805
2496,7771.206,1953.2533333333347,7091.333333333331,100,100,1012,2.1400886383956745,7.007246376811592,2.3704543113708496,-1953.2533333333347,-0.011947966064326465,27.0592502951622,0.7063328605145216,0.03463609432219528,0.08627554145641625,2496,323.6707247495591,0.30826520919799805
2497,7774.384,1996.9833333333333,6976.33333333333,100,100,1011,2.3302476752722594,6.900428618529506,2.567021369934082,-1996.9833333333333,-0.0144631004659459,32.84863495826721,0.6330312211066484,0.030314689291117247,0.07044653815682977,2497,323.66845465973694,0.30826520919799805
2498,7777.577,1927.1566666666683,6902.333333333334,100,100,1009,2.3589943509319995,6.8407664354146025,2.583458662033081,-1927.1566666666683,-0.01498179422924295,31.694568514823914,0.6667077876627445,0.02333473530234187,0.06981425383128226,2498,323.66531368376576,0.30826520919799805
2499,7780.597,2022.2866666666675,7027.333333333336,100,100,1012,2.199395553286191,6.944005270092229,2.431356191635132,-2022.2866666666675,-0.01924771338235587,40.14809691905975,0.718753969296813,0.022126321273390204,0.06302584172226489,2499,323.66976416139744,0.30826520919799805
2500,7787.151,1954.4099999999985,7262.66666666667,100,100,1012,2.1774521759681758,7.176548089591571,2.405609607696533,-1954.4099999999985,-0.013786608644295484,31.27110606431961,0.7196606677025557,0.05429718454979593,0.06084735586773604,2500,323.67507988853896,0.30826520919799805
2501,7790.424,2067.1800000000007,7198.666666666669,100,100,1016,2.3910020654296913,7.085301837270343,2.6400725841522217,-2067.1800000000007,-0.014337393455207348,34.81759595870972,0.7172728963196278,0.036886572212097235,0.06487165205180645,2501,323.5218413030083,0.30826520919799805
2502,7793.461,2020.7466666666662,7188.333333333331,100,100,1012,2.2264167043176135,7.103096179183134,2.4578604698181152,-2020.7466666666662,-0.015919954574201256,26.84383237361908,0.7013568039983511,0.017520711244287668,0.08710186323150992,2502,323.52556054950736,0.30826520919799805
2503,7796.547,2002.7033333333343,7057.000000000002,100,100,1012,2.257126581343443,6.973320158102768,2.4884300231933594,-2002.7033333333343,-0.01771171437576413,25.585320442914963,0.7695935294032097,0.0224715424265014,0.0653545674867928,2503,323.52730528435455,0.30826520919799805
2504,7799.489,1959.5733333333349,7125.000000000001,100,100,1011,2.130691197900697,7.047477744807122,2.3563427925109863,-1959.5733333333349,-0.011703785916324705,23.285887598991394,0.7193518076092005,0.0389226619299734,0.09831686597317457,2504,323.5349156377068,0.30826520919799805
2505,7802.346,1926.5966666666657,7088.33333333333,100,100,1010,2.060628217059455,7.018151815181515,2.278005599975586,-1926.5966666666657,-0.016433843498816714,39.6388036608696,0.7229704037308693,0.035431954835075885,0.06443359353579581,2505,323.5459117005453,0.30826520919799805
2506,7805.368,2076.783333333333,7294.666666666671,100,100,1012,2.1951681803847505,7.2081686429512555,2.427973508834839,-2076.783333333333,-0.017233336868230253,33.936212599277496,0.7385356109589338,0.03347909196418186,0.07448167097754776,2506,323.55029141685554,0.30826520919799805
2507,7808.385,1866.1099999999994,6769.666666666669,100,100,1012,2.217727569263178,6.689393939393941,2.4435510635375977,-1866.1099999999994,-0.012451027985662222,33.662057518959045,0.642376902513206,0.04009479664819082,0.06599308911245316,2507,323.5548695376434,0.30826520919799805
2508,7811.363,2042.7033333333338,7110.666666666665,100,100,1013,2.1743673247653854,7.01941428101349,2.407975196838379,-2042.7033333333338,-0.012867104320321232,31.781233251094818,0.754722461104393,0.004455365822650492,0.06984264450147748,2508,323.5612142499767,0.30826520919799805
2509,7814.301,2012.8633333333337,7056.333333333333,100,100,1013,2.1234482736165865,6.965778216518592,2.355846643447876,-2012.8633333333337,-0.024603904777904972,32.970510363578796,0.7057385165244341,0.04217802453422337,0.11537256790325046,2509,323.5692465421189,0.30826520919799805
2510,7820.717,1890.0899999999997,6941.666666666669,100,100,1010,2.149639308733847,6.872937293729375,2.371548652648926,-1890.0899999999997,-0.01603515591705218,20.893561601638794,0.7297852970659733,0.009927830076776445,0.08003906230442226,2510,323.57604375148503,0.30826520919799805
2511,7823.855,1842.2333333333333,6716.999999999999,100,100,1009,2.3034085234400066,6.657086223984142,2.5227484703063965,-1842.2333333333333,-0.013940001488663256,29.505219280719757,0.7137364912778139,0.01054915882559726,0.09246452478691936,2511,323.4321022327179,0.30826520919799805
2512,7827.032,1831.9499999999998,6591.666666666669,100,100,1008,2.3690335313273994,6.539351851851854,2.588599681854248,-1831.9499999999998,-0.019943705876357853,27.55794060230255,0.6122089056298137,0.04879987701133359,0.07584635418606922,2512,323.42962356566954,0.30826520919799805
2513,7830.111,1936.1900000000005,6873.333333333334,100,100,1010,2.254845442868179,6.805280528052806,2.482769250869751,-1936.1900000000005,-0.0075089618912898,29.11948275566101,0.7131550163030624,0.04394815562409349,0.06498046836350113,2513,323.4314264292605,0.30826520919799805
2514,7833.101,1941.4366666666672,7008.333333333336,100,100,1013,2.1607683137654963,6.918394208621259,2.3936376571655273,-1941.4366666666672,-0.015264786896295846,25.73415058851242,0.6605987660586834,0.041382246163266245,0.08520047180354595,2514,323.4372773383167,0.30826520919799805
2515,7836.184,1990.0233333333329,7086.000000000004,100,100,1013,2.2579198420463316,6.995064165844031,2.490264892578125,-1990.0233333333329,-0.012113687582314014,26.55794221162796,0.6067372160032392,0.011557416080904659,0.09734301315620542,2515,323.4393606827194,0.30826520919799805
2516,7839.362,1897.4700000000005,7078.333333333334,100,100,1013,2.343934847580716,6.98749588680487,2.5749900341033936,-1897.4700000000005,-0.0177868326427415,22.152820765972137,0.6261266833171248,0.021556024032179266,0.09126252960413694,2516,323.4374364198486,0.30826520919799805
2517,7842.464,2011.0300000000007,6880.666666666668,100,100,1012,2.2905742069255384,6.799077733860344,2.522900104522705,-2011.0300000000007,-0.01633799500996247,34.326515555381775,0.5873542567715049,0.021223608768195845,0.07380558899603784,2517,323.438521124426,0.30826520919799805
2518,7845.421,1847.7200000000012,6828.000000000002,100,100,1008,2.1580805561305687,6.7738095238095255,2.3772904872894287,-1847.7200000000012,-0.015179317793808877,27.77247190475464,0.6478465218096972,0.027310490328090964,0.08968099020421505,2518,323.44509709837723,0.30826520919799805
2519,7848.432,1912.6499999999996,6925.333333333331,100,100,1008,2.183083830459509,6.8703703703703685,2.4022574424743652,-1912.6499999999996,-0.015166185330599546,23.470074951648712,0.5944899599999189,0.03503725207701791,0.07242838543606922,2519,323.4494414208375,0.30826520919799805
2520,7854.667,1968.990000000001,7083.666666666666,100,100,1017,2.309206293505729,6.965257292690921,2.553201675415039,-1968.990000000001,-0.010095118603203446,23.798819929361343,0.5919230626896024,0.03341854737846006,0.07188870594836771,2520,323.45051855568175,0.30826520919799805
2521,7857.478,1858.5166666666657,6848.666666666664,100,100,1015,2.0041504427515373,6.747454844006565,2.2339653968811035,-1858.5166666666657,-0.009940493386238813,35.130906760692596,0.5012581804767251,0.06687506102753105,0.07753906236030161,2521,323.33567879618164,0.30826520919799805
2522,7860.253,1855.1900000000005,6739.000000000003,100,100,1009,1.995848762462187,6.6788899900892,2.210144281387329,-1855.1900000000005,-0.011198499938473105,25.659703195095062,0.44655884709209204,0.06883505558653269,0.08596739475615323,2522,323.34994245555106,0.30826520919799805
2523,7863.021,1892.5500000000002,6838.000000000001,100,100,1008,1.9817476180226852,6.78373015873016,2.1960928440093994,-1892.5500000000002,-0.012985835026483983,22.955544114112854,0.5592701472342014,0.1336677834187867,0.06608072918606922,2523,323.36424907774045,0.30826520919799805
2524,7865.754,1885.8966666666674,6956.333333333333,100,100,1006,1.961042346209695,6.914844267726971,2.1689796447753906,-1885.8966666666674,-0.012261147945537232,25.63562047481537,0.4699457008391619,0.03155579388112528,0.0724142324179411,2524,323.37980280421,0.30826520919799805
2525,7868.538,1928.3799999999992,6889.666666666663,100,100,1011,1.9835042517354047,6.814704912627758,2.2068099975585938,-1928.3799999999992,-0.009314139751950279,25.19750127196312,0.5837878491729498,0.04544862819602713,0.0847407323308289,2525,323.3938819976029,0.30826520919799805
2526,7871.315,1837.993333333333,6955.33333333333,100,100,1010,1.9619472291421993,6.886468646864683,2.1786274909973145,-1837.993333333333,-0.008924274588935077,26.073966205120087,0.49738054536283016,0.0822748015561956,0.08439453120809048,2526,323.40808783524,0.30826520919799805
2527,7874.06,2012.7666666666657,7172.999999999998,100,100,1011,1.9596321458774448,7.094955489614241,2.181352376937866,-2012.7666666666657,-0.006465712329372764,29.75222623348236,0.5381905492395163,0.05993586859040079,0.09146178024820983,2527,323.4237675550564,0.30826520919799805
2528,7876.839,1892.4766666666665,7036.33333333333,100,100,1009,1.981712288520418,6.973571192599931,2.197660207748413,-1892.4766666666665,-0.010935436526779085,28.292310178279877,0.547505003400147,0.06158110889373347,0.07928093103691936,2528,323.4377344848572,0.30826520919799805
2529,7879.663,1995.4833333333327,7162.333333333335,100,100,1010,2.039229405679657,7.0914191419141925,2.265941619873047,-1995.4833333333327,-0.012173864262877032,29.98703145980835,0.489515608176589,0.03417228313628584,0.0683984374627471,2529,323.450007358829,0.30826520919799805
2530,7886.162,1883.7400000000014,7014.0,100,100,1012,2.0844519786902964,6.930830039525691,2.3116183280944824,-1883.7400000000014,-0.007331037544645369,24.806893825531006,0.4650066327303648,0.037546287989243865,0.08368389448150992,2530,323.4588716417264,0.30826520919799805
2531,7889.262,1842.2966666666669,6942.333333333332,100,100,1010,2.2654972258162234,6.873597359735973,2.487096071243286,-1842.2966666666669,-0.01829381170682609,15.309534281492233,0.5368377277627587,0.03369403984834207,0.08736328082159162,2531,323.3127580361572,0.30826520919799805
2532,7892.244,1859.956666666666,6810.666666666665,100,100,1014,2.138820115644007,6.716633793556869,2.370374917984009,-1859.956666666666,-0.012416621088050306,21.016683161258698,0.44321463722735643,0.035291021573357284,0.050437644706107676,2532,323.31907641804384,0.30826520919799805
2533,7895.231,1867.3866666666672,7094.000000000005,100,100,1011,2.158945005246126,7.016815034619193,2.3851215839385986,-1867.3866666666672,-0.013331178401131183,20.6947480738163,0.5213990733027458,0.05616498631570721,0.07461129012517631,2533,323.32478571970665,0.30826520919799805
2534,7898.355,1945.6333333333341,6959.333333333333,100,100,1015,2.3057518219529407,6.856486042692939,2.5441009998321533,-1945.6333333333341,-0.017497943132184446,23.901892960071564,0.5607575923204422,0.023423583182648144,0.0523970170179382,2534,323.3254199764041,0.30826520919799805
2535,7901.463,1931.0166666666662,6953.000000000001,100,100,1012,2.286841205722494,6.870553359683796,2.5185599327087402,-1931.0166666666662,-0.012055817249347456,31.003711879253387,0.5073030237108469,0.04366755287628621,0.06456580571830273,2535,323.3263248898403,0.30826520919799805
2536,7904.424,1961.9966666666662,7227.000000000002,100,100,1011,2.1455095972429175,7.148367952522257,2.3731746673583984,-1961.9966666666662,-0.001121466571930796,30.236429810523987,0.5596938105300069,0.04841151573054958,0.05530981934862211,2536,323.3331237114144,0.30826520919799805
2537,7907.404,1844.6366666666665,6797.333333333336,100,100,1010,2.1664781163972204,6.730033003300332,2.384213447570801,-1844.6366666666665,-0.010205984624917619,30.726347267627716,0.4931050594896078,0.08669456525240093,0.07154296850785613,2537,323.3389892492682,0.30826520919799805
2538,7910.478,1812.2066666666653,6851.666666666668,100,100,1011,2.2492878341450404,6.777118364655458,2.47270131111145,-1812.2066666666653,-0.017191599239595234,41.226293087005615,0.5302613880485296,0.0410904305481381,0.05593213881365955,2538,323.34112451019286,0.30826520919799805
2539,7913.314,1932.3266666666666,6957.000000000005,100,100,1012,2.043152865981352,6.874505928853759,2.2686705589294434,-1932.3266666666666,-0.011011633847374469,35.32800072431564,0.5822139419615269,0.06278172591555631,0.0735802284325473,2539,323.353148458793,0.30826520919799805
2540,7919.296,1962.476666666667,7046.666666666671,100,100,1018,2.0195045180240014,6.92206941715783,2.2555155754089355,-1962.476666666667,-0.013034463976509869,21.751042425632477,0.5048553021624684,0.03427226752683055,0.06105199363082647,2540,323.36645189810133,0.30826520919799805
2541,7922.091,1821.8499999999995,6919.666666666666,100,100,1013,2.0035126343965235,6.830865416255347,2.223162889480591,-1821.8499999999995,-0.009856667253188789,29.817777633666992,0.49130468256771564,0.04678468412021175,0.05893462570384145,2541,323.2512871863532,0.30826520919799805
2542,7924.931,1815.0266666666676,6918.333333333334,100,100,1014,2.002485009430149,6.822813938198554,2.22729754447937,-1815.0266666666676,-0.0069699069717898965,22.926415741443634,0.5844072885811329,0.017251380788366077,0.070945457322523,2542,323.263388872419,0.30826520919799805
2543,7927.72,2025.25,7226.666666666666,100,100,1019,1.986054857366584,7.091920183186129,2.226945161819458,-2025.25,-0.010691860690712929,28.514419734477997,0.6027276068925858,0.018489203430362977,0.06726694921962917,2543,323.2782025380746,0.30826520919799805
2544,7930.514,1890.306666666667,6962.666666666668,100,100,1009,2.006072052237573,6.900561612157253,2.2176284790039062,-1890.306666666667,-0.013604722917079926,27.555123507976532,0.4816538607701659,0.042435174887941685,0.06140385824255645,2544,323.2915106069444,0.30826520919799805
2545,7933.278,1906.3000000000002,6972.666666666666,100,100,1011,1.985374975716465,6.896801846356742,2.2087864875793457,-1906.3000000000002,-0.010354303813073784,27.698530852794647,0.5802016826346517,0.12593919812206877,0.06581265345448628,2545,323.30633063867776,0.30826520919799805
2546,7936.088,1956.3333333333344,6914.666666666664,100,100,1012,2.0052977273260932,6.832674571805004,2.2324533462524414,-1956.3333333333344,-0.015203231887426227,37.06290143728256,0.5101772556081414,0.09385606319847284,0.08916766848415136,2546,323.3193817576978,0.30826520919799805
2547,7938.935,1910.3766666666663,7176.666666666668,100,100,1012,2.0414348825142374,7.091567852437419,2.267101764678955,-1910.3766666666663,-0.013668837316799909,26.23603203892708,0.6021296065300703,0.03132338879186136,0.0614483174867928,2547,323.3309131330616,0.30826520919799805
2548,7941.71,1842.6700000000005,6978.333333333334,100,100,1013,1.9824249772879001,6.888779203685424,2.203927993774414,-1842.6700000000005,-0.010157961980439723,30.064969301223755,0.5420299787074327,0.06865935393216205,0.058999115601181984,2548,323.34545584979213,0.30826520919799805
2549,7944.54,1918.5599999999995,7038.666666666663,100,100,1013,2.005726162565786,6.948338269167486,2.2318131923675537,-1918.5599999999995,-0.015538228093646467,22.56458353996277,0.5851791752502322,0.052772367856960045,0.07433851715177298,2549,323.3578089483536,0.30826520919799805
2550,7950.523,1889.6033333333328,6992.000000000001,100,100,1014,2.016881557389969,6.895463510848127,2.2432467937469482,-1889.6033333333328,-0.014090041338931769,23.16405427455902,0.49861694127321243,0.01306206460139947,0.05309606483206153,2550,323.3702404981151,0.30826520919799805
2551,7953.357,1915.5966666666675,6924.000000000002,100,100,1015,2.0129213789753213,6.821674876847292,2.2456297874450684,-1915.5966666666675,-0.011196202773135155,18.85812273621559,0.5496599758043885,0.12558237811754225,0.061914062360301614,2551,323.25443110048946,0.30826520919799805
2552,7956.16,1860.7566666666673,6778.33333333333,100,100,1010,2.0002016839156354,6.7112211221122084,2.2188711166381836,-1860.7566666666673,-0.017223441158421338,22.096981078386307,0.5728508355095983,0.041097618737694575,0.07265624962747097,2552,323.26749376188957,0.30826520919799805
2553,7958.973,1872.5733333333346,7019.333333333335,100,100,1008,2.014452978088114,6.96362433862434,2.227965831756592,-1872.5733333333346,-0.015203810267848894,22.0176000893116,0.6247703619301319,0.03038547195319552,0.04931640625,2553,323.2798868355721,0.30826520919799805
2554,7961.793,1946.6466666666656,7126.333333333336,100,100,1013,2.025793977325409,7.034879894702207,2.2541093826293945,-1946.6466666666656,-0.009934189271007199,26.49668437242508,0.6709928642958403,0.015935139868815895,0.09388819290325046,2554,323.2926424665508,0.30826520919799805
2555,7964.596,1905.6366666666681,6861.333333333334,100,100,1009,2.016443607020787,6.800132144037001,2.236034393310547,-1905.6366666666681,-0.01501998765161261,29.73352837562561,0.6734042149037123,0.020600169562385418,0.07150829071179032,2555,323.3055293528078,0.30826520919799805
2556,7967.421,1806.3633333333337,6765.666666666666,100,100,1012,2.011471240585228,6.6854413702239786,2.234555721282959,-1806.3633333333337,-0.011749291676096618,27.96523380279541,0.5731733813881874,0.06150502392483759,0.07354266836773604,2556,323.3179251209082,0.30826520919799805
2557,7970.232,1973.1400000000008,7058.333333333335,100,100,1007,2.0188793453065146,7.009268454154255,2.237828016281128,-1973.1400000000008,-0.011199793210835196,38.09752833843231,0.6092242021113634,0.09879428114800248,0.06191821797983721,2557,323.3302239718904,0.30826520919799805
2558,7972.974,1927.970000000001,6933.66666666667,100,100,1003,1.9560608183426536,6.912927883017617,2.158184051513672,-1927.970000000001,-0.015264719957485795,29.661680102348328,0.5355597091838717,0.018137652514269575,0.05295012716669589,2558,323.3448228621038,0.30826520919799805
2559,7975.689,1908.6300000000015,6987.000000000001,100,100,1003,1.945376869036648,6.966101694915255,2.146481990814209,-1908.6300000000015,-0.013296131772221997,29.770790457725525,0.6660730801522732,0.06028755790248397,0.05342705314978957,2559,323.36057923110707,0.30826520919799805
2560,7981.507,1991.8866666666665,7216.333333333333,100,100,1007,1.9536763679350855,7.166170142336974,2.1678786277770996,-1991.8866666666665,-0.013653836271259934,30.789090871810913,0.5661367112770677,0.1195954240829451,0.06883726711384952,2560,323.37560220829073,0.30826520919799805
2561,7984.303,1897.21,7019.000000000001,100,100,1013,1.9819858827125298,6.928923988153999,2.207422971725464,-1897.21,-0.01526055159047246,27.441500902175903,0.5015666102990508,0.05193917547876481,0.06428729370236397,2561,323.26466884947536,0.30826520919799805
2562,7986.986,1895.3866666666686,6985.666666666672,100,100,1005,1.9205511423680395,6.950912106135992,2.1255125999450684,-1895.3866666666686,-0.012991020863410085,24.957345336675644,0.4923030398786068,0.057912427831979585,0.05949435767251998,2562,323.2819137843375,0.30826520919799805
2563,7989.691,2043.8266666666666,7282.999999999999,100,100,1008,1.9310713260127823,7.225198412698412,2.1460888385772705,-2043.8266666666666,-0.012614357576239854,30.5568345785141,0.5404890673235059,0.03663797838817118,0.0636393231106922,2563,323.2986605985189,0.30826520919799805
2564,7992.412,1737.9199999999994,6693.333333333333,100,100,1004,1.9451511956090888,6.666666666666666,2.14338755607605,-1737.9199999999994,-0.012389836832880974,30.397043764591217,0.4857675088569522,0.08253287441584689,0.06378728710114956,2564,323.3141803839033,0.30826520919799805
2565,7995.107,1918.3866666666645,6817.333333333336,100,100,1002,1.9356806388639747,6.8037258815701955,2.137829542160034,-1918.3866666666645,-0.014605129326810129,33.636880934238434,0.5041072405874729,0.051006247427721974,0.0494326637708582,2565,323.3304916669063,0.30826520919799805
2566,7997.869,1912.0200000000007,6988.0000000000055,100,100,1000,1.966345000662841,6.988000000000006,2.1647121906280518,-1912.0200000000007,-0.0174769140794524,19.452092975378036,0.4973935876041651,0.01922386821206601,0.07148437504656613,2566,323.3438903572524,0.30826520919799805
2567,8000.603,1840.5333333333335,6975.66666666667,100,100,1009,1.956702874234081,6.913445655764787,2.1711089611053467,-1840.5333333333335,-0.020278151147067547,34.30690634250641,0.4710673363879323,0.026403249692521058,0.06624681130051613,2567,323.35950076876554,0.30826520919799805
2568,8003.817,1945.033333333333,7140.333333333336,100,100,1011,2.373135115414246,7.06264424662051,2.6006314754486084,-1945.033333333333,-0.016242968587903306,31.383625209331512,0.5616183783859015,0.02278504843434348,0.06532437214627862,2568,323.3559630558019,0.30826520919799805
2569,8006.921,1973.253333333334,7082.333333333332,100,100,1008,2.302250492253474,7.026124338624338,2.5241732597351074,-1973.253333333334,-0.015989413019269705,26.52598649263382,0.5194506477564573,0.034068138236762024,0.06673177087213844,2569,323.35649797009717,0.30826520919799805
2570,8013.374,1804.2033333333356,6976.666666666667,100,100,1006,2.1664653069230453,6.9350563286945,2.3748972415924072,-1804.2033333333356,-0.013088965031784028,27.755892515182495,0.529949652031064,0.06101666800896055,0.06929347850382328,2570,323.3627206521067,0.30826520919799805
2571,8016.555,1890.4233333333314,7029.666666666666,100,100,1004,2.3665525891356154,7.001660026560424,2.575345039367676,-1890.4233333333314,-0.017610472306841984,22.304125517606735,0.5446491288021207,0.012836372166930232,0.06742720189504325,2571,323.2186527390341,0.30826520919799805
2572,8019.693,1875.2500000000002,6974.000000000003,100,100,1011,2.321504945056117,6.8981206726013875,2.5444533824920654,-1875.2500000000002,-0.018756697012577206,20.388748317956924,0.5637375600636005,0.05095570052799303,0.07571231632027775,2572,323.2182366137081,0.30826520919799805
2573,8022.642,1802.6633333333336,6688.333333333331,100,100,1002,2.15504231756765,6.674983366600131,2.3544881343841553,-1802.6633333333336,-0.01760386099340394,36.151627480983734,0.5038929264992476,0.029172154267143924,0.07163783500436693,2573,323.2243304758471,0.30826520919799805
2574,8025.717,1955.0133333333333,6869.666666666667,100,100,1008,2.2553009921610947,6.815145502645503,2.4770712852478027,-1955.0133333333333,-0.011709880025591701,51.688492357730865,0.497756521217525,0.057841990659653675,0.06591796886641532,2574,323.22605508027624,0.30826520919799805
2575,8028.774,1881.843333333334,7024.333333333334,100,100,1003,2.2417032891087763,7.003323363243603,2.4478213787078857,-1881.843333333334,-0.014224537648260593,23.525357633829117,0.5054708532989025,0.009434246268938296,0.06587254733312875,2575,323.2279179189991,0.30826520919799805
2576,8031.809,1939.2266666666683,6843.666666666669,100,100,1004,2.259404880163516,6.816401062417,2.4692509174346924,-1939.2266666666683,-0.013730918639339507,39.998096346855164,0.5774728115648031,0.0071088751865318045,0.06227805418893695,2576,323.2308122657823,0.30826520919799805
2577,8034.536,1959.2266666666683,6916.0,100,100,1005,1.9624665645947355,6.881592039800995,2.171719789505005,-1959.2266666666683,-0.016799246426671743,28.774082005023956,0.5438577942550182,0.019026926245715003,0.06317274319007993,2577,323.24615260227915,0.30826520919799805
2578,8037.292,1925.8066666666668,6856.333333333332,100,100,1012,1.962672232391622,6.775032938076415,2.1829423904418945,-1925.8066666666668,-0.014631029625888914,31.7138791680336,0.5367839466780424,0.027116175871924497,0.0734299881150946,2578,323.26125706993594,0.30826520919799805
2579,8040.044,1954.2066666666665,6875.333333333333,100,100,1011,1.9680125651278642,6.800527530497857,2.19319486618042,-1954.2066666666665,-0.018773160816635936,24.288695693016052,0.6253140456974506,0.024200296982598957,0.07522403518669307,2579,323.276324023804,0.30826520919799805
2580,8045.921,1836.6166666666659,6733.333333333331,100,100,1003,1.9603629108120948,6.7131937520771,2.1623966693878174,-1836.6166666666659,-0.017092043010052294,29.910121023654938,0.6193454163148999,0.01371665223268792,0.0636809595162049,2580,323.29098640431084,0.30826520919799805
2581,8048.639,1960.15,6929.333333333338,100,100,1003,1.9449813568598757,6.908607510800935,2.1507344245910645,-1960.15,-0.015075046161655337,26.330838173627853,0.6220891624689102,0.03376115917490097,0.07686455291695893,2581,323.18036982648306,0.30826520919799805
2582,8051.386,1842.2133333333354,6809.666666666673,100,100,1010,1.9611079202005917,6.742244224422449,2.174861431121826,-1842.2133333333354,-0.02027773787267506,32.70719450712204,0.5936865955591202,0.011064706312026829,0.0674218749627471,2582,323.19554809793743,0.30826520919799805
2583,8054.109,1878.9600000000005,7076.333333333336,100,100,1007,1.956369020109543,7.027143330023174,2.167121410369873,-1878.9600000000005,-0.02375189762096852,23.673873364925385,0.6061259852722287,0.013307873567100614,0.0771380482474342,2583,323.21128760069774,0.30826520919799805
2584,8056.873,1883.413333333332,6986.000000000002,100,100,1005,1.9808532333057096,6.951243781094529,2.1885859966278076,-1883.413333333332,-0.019059068814385682,25.463976562023163,0.6135184364393353,0.02370509757747641,0.08833550359122455,2584,323.2251543767497,0.30826520919799805
2585,8059.647,1896.6366666666672,6924.333333333329,100,100,1002,2.009818563586335,6.910512308715898,2.2132761478424072,-1896.6366666666672,-0.018350540252868086,23.186560958623886,0.57887311745435,0.017012332216836512,0.09747023816453293,2585,323.2382256614124,0.30826520919799805
2586,8062.405,1871.7133333333325,6925.666666666665,100,100,1008,1.97694573395734,6.870701058201057,2.188300132751465,-1871.7133333333325,-0.016659060027450323,40.65689754486084,0.5635427366942167,0.03816324743820587,0.10026041674427688,2586,323.25268296580947,0.30826520919799805
2587,8065.144,1937.3533333333335,6956.999999999998,100,100,1005,1.9678844771445243,6.922388059701491,2.1781082153320312,-1937.3533333333335,-0.015769354766234756,36.266943633556366,0.5806696061044931,0.012421805648045847,0.0844509550370276,2587,323.2674971326202,0.30826520919799805
2588,8067.878,1980.790000000002,7012.666666666671,100,100,1004,1.9490310755990579,6.984727755644094,2.1557517051696777,-1980.790000000002,-0.014601270289858803,34.51182287931442,0.615113447420299,0.016804756120109232,0.07834694650955498,2588,323.2823985692116,0.30826520919799805
2589,8070.614,1880.5633333333335,6880.000000000001,100,100,1009,1.9627180367217163,6.8186323092170475,2.1761314868927,-1880.5633333333335,-0.016753028554376215,38.81165999174118,0.5054066618904471,0.015929052868159488,0.08908641553716734,2589,323.29783770638954,0.30826520919799805
2590,8076.547,1945.5966666666677,7034.333333333336,100,100,1004,1.9982153396966285,7.006308100929617,2.2110438346862793,-1945.5966666666677,-0.016732596675865352,37.86684191226959,0.5513693438842893,0.02856172031897586,0.07692649168893695,2590,323.3103240841832,0.30826520919799805
2591,8079.327,1893.6733333333368,6704.333333333335,100,100,1008,1.9842637903777705,6.65112433862434,2.198230743408203,-1893.6733333333368,-0.01565960617881501,30.466119289398193,0.5201132465153933,0.017026265217282344,0.08349609398283064,2591,323.198221518387,0.30826520919799805
2592,8082.067,1891.2933333333335,6760.000000000003,100,100,1010,1.9624469294627704,6.6930693069306955,2.1793129444122314,-1891.2933333333335,-0.0180751298321411,30.090932071208954,0.5115792527794838,0.011407477781176567,0.08109374972991645,2592,323.21358648971045,0.30826520919799805
2593,8084.853,1934.6266666666677,7003.333333333333,100,100,1012,1.9833139345655402,6.920289855072464,2.2081644535064697,-1934.6266666666677,-0.018866109603550285,22.924209594726562,0.5661521684378386,0.028359016439935658,0.07943960349075496,2593,323.2273805952836,0.30826520919799805
2594,8087.587,1931.9633333333345,6873.000000000002,100,100,1006,1.9531412539396353,6.832007952286284,2.163400411605835,-1931.9633333333345,-0.015180813643382862,29.14152890443802,0.5342009579762816,0.027386880661651958,0.09319802979007363,2594,323.2425104778205,0.30826520919799805
2595,8090.364,1886.283333333333,7044.66666666667,100,100,1009,1.9813436068496617,6.981830194912457,2.1971490383148193,-1886.283333333333,-0.020707502408185974,31.647808134555817,0.57005450502038,0.006868909615150187,0.09291294636204839,2595,323.2562881316096,0.30826520919799805
2596,8093.047,1874.533333333332,6925.999999999997,100,100,1004,1.9203656355607364,6.898406374501989,2.1239748001098633,-1874.533333333332,-0.020684852730482817,22.44988963007927,0.5586989913135767,0.01759024485363625,0.07816938939504325,2596,323.27319006412574,0.30826520919799805
2597,8095.759,1867.923333333335,6910.000000000004,100,100,1008,1.9280001987002804,6.855158730158734,2.1408512592315674,-1867.923333333335,-0.013075493450742215,31.1360422372818,0.5524611724540591,0.017172592550195986,0.07340494822710752,2597,323.28937950215493,0.30826520919799805
2598,8098.484,2028.760000000001,7084.000000000001,100,100,1011,1.9255590512952467,7.006923837784373,2.149240732192993,-2028.760000000001,-0.023637290811166167,39.11310034990311,0.5589006002992392,0.00547921309589583,0.08427159977145493,2598,323.3054464527848,0.30826520919799805
2599,8101.213,1856.1200000000006,6860.333333333336,100,100,1010,1.9513228737592403,6.792409240924095,2.1680970191955566,-1856.1200000000006,-0.020041824434883893,26.211004495620728,0.5829372461885214,0.0068947852869314374,0.07048828119877726,2599,323.32119787086424,0.30826520919799805
2600,8106.952,1801.6400000000006,6880.000000000001,100,100,1005,1.93810825634618,6.845771144278608,2.1416537761688232,-1801.6400000000006,-0.019351653259946033,31.836252450942993,0.5184962144121528,0.013324901963642333,0.08812934067100286,2600,323.3368881801336,0.30826520919799805
2601,8109.656,1762.4666666666678,6725.666666666673,100,100,1002,1.948064270507388,6.712242182302069,2.145116090774536,-1762.4666666666678,-0.019975318893557414,24.898400723934174,0.5077854450792074,0.04144441983225988,0.06333705369615927,2601,323.23209305055445,0.30826520919799805
2602,8112.359,1935.0633333333344,7041.333333333335,100,100,1006,1.9230195843044364,6.999337309476476,2.133136510848999,-1935.0633333333344,-0.017119522264692932,35.16827267408371,0.5419377638027072,0.02024350423744181,0.08307150134351104,2602,323.2483810576565,0.30826520919799805
2603,8115.065,1944.1866666666692,6910.000000000006,100,100,1010,1.9257852464158198,6.841584158415848,2.1469886302948,-1944.1866666666692,-0.0204377950867638,31.968540251255035,0.5337210660800338,0.023615552170667797,0.08214843738824129,2603,323.2650629768104,0.30826520919799805
2604,8117.782,1851.4800000000012,6805.333333333336,100,100,1006,1.930992845394954,6.764744864148445,2.138289451599121,-1851.4800000000012,-0.015722998534329236,32.04266542196274,0.5539739923551679,0.03535549064690713,0.07954738446278498,2604,323.28078334475555,0.30826520919799805
2605,8120.499,1777.6733333333334,6764.666666666668,100,100,1004,1.9557552794328485,6.737715803452857,2.1559934616088867,-1777.6733333333334,-0.013928238622611389,31.32797461748123,0.5053925896063447,0.0284311087889364,0.07421875046566129,2605,323.29627828250824,0.30826520919799805
2606,8123.616,1868.703333333334,6947.333333333335,100,100,1006,2.326723558584758,6.905897945659379,2.5393950939178467,-1868.703333333334,-0.01415114605333656,43.693228125572205,0.5536612328141928,0.0138979413168272,0.07067340379580855,2606,323.2960461914467,0.30826520919799805
2607,8126.619,1887.446666666667,6938.666666666668,100,100,1006,2.1972841934752734,6.897282968853546,2.4103055000305176,-1887.446666666667,-0.02198151091579348,36.61321848630905,0.5866979006677866,0.01749548069710727,0.08224354684352875,2607,323.3003921489874,0.30826520919799805
2608,8129.588,1937.6133333333344,7011.666666666669,100,100,1005,2.1608935303022316,6.976782752902158,2.370481491088867,-1937.6133333333344,-0.01651193539146334,22.849960446357727,0.5255738291889429,0.007678926434891764,0.08895399328321218,2608,323.3059171603918,0.30826520919799805
2609,8132.899,1927.966666666667,6875.666666666666,100,100,1006,2.4653962240730287,6.834658714380383,2.6833810806274414,-1927.966666666667,-0.01689366131904535,23.73896950483322,0.6215160107240081,0.014299265527370153,0.07740319322329015,2609,323.29799728053706,0.30826520919799805
2610,8139.512,1890.2533333333329,6830.666666666664,100,100,1009,2.4175519353042776,6.769739015526922,2.641418218612671,-1890.2533333333329,-0.01733274810248986,28.387505769729614,0.5415732646360993,0.024616126473119948,0.09227519109845161,2610,323.293982682281,0.30826520919799805
2611,8142.516,1884.246666666667,6928.666666666664,100,100,1005,2.1989467684689226,6.894195688225537,2.4094648361206055,-1884.246666666667,-0.01667726703453809,30.61371624469757,0.6069118035957217,0.02533642544221948,0.10270182299427688,2611,323.16349278449457,0.30826520919799805
2612,8145.705,1914.6500000000005,6922.333333333333,100,100,1006,2.38685795105068,6.88104705102717,2.6026792526245117,-1914.6500000000005,-0.015588482550811023,34.84135675430298,0.5696174595504999,0.014515583621687256,0.07621433446183801,2612,323.1604953931587,0.30826520919799805
2613,8148.937,1862.1200000000003,6995.333333333338,100,100,1012,2.4010545461164354,6.912384716732547,2.6312222480773926,-1862.1200000000003,-0.016250176791800186,40.575709998607635,0.568083880469203,0.028178478318295674,0.06708233198150992,2613,323.1565125907679,0.30826520919799805
2614,8151.938,1899.6300000000003,6975.666666666668,100,100,1007,2.1916324726621275,6.927176431645152,2.4070606231689453,-1899.6300000000003,-0.02134167222538963,24.14963924884796,0.5864938199520111,0.021845981958904304,0.08606216753832996,2614,323.1610802056173,0.30826520919799805
2615,8155.019,1913.2933333333342,6979.333333333335,100,100,1011,2.2783108834227,6.903395977579955,2.505089521408081,-1913.2933333333342,-0.017479887348599732,34.08602738380432,0.5377288525924087,0.01798457254335517,0.06704771774820983,2615,323.1629313046386,0.30826520919799805
2616,8157.875,1929.34,6939.333333333332,100,100,1006,2.050970175658088,6.897945659377069,2.2634634971618652,-1929.34,-0.014768646738957614,24.766695499420166,0.5897399894893169,0.012041215813951567,0.056322180840652436,2616,323.1731386918872,0.30826520919799805
2617,8160.711,1912.206666666667,6926.000000000001,100,100,1010,2.044725053284391,6.857425742574258,2.265307903289795,-1912.206666666667,-0.014301524868642446,27.252174973487854,0.5789438346400857,0.018351085622271057,0.07181640586350113,2617,323.18458706002525,0.30826520919799805
2618,8163.865,1938.6600000000003,6924.666666666665,100,100,1008,2.317262697611041,6.8697089947089935,2.5424458980560303,-1938.6600000000003,-0.017771398677723482,26.852518498897552,0.5790886599570513,0.05135439607693115,0.08463541697710752,2618,323.1831941804104,0.30826520919799805
2619,8166.915,2067.0833333333335,7014.333333333337,100,100,1007,2.237465937576574,6.965574313141348,2.4583659172058105,-2067.0833333333335,-0.01780049374792725,36.93919110298157,0.6374971158802509,0.013605324078525882,0.07026055513415486,2619,323.185812885538,0.30826520919799805
2620,8173.037,1873.5966666666654,7042.333333333336,100,100,1005,2.123002687802733,7.007296849087896,2.3293566703796387,-1873.5966666666654,-0.01667429367080331,41.753676414489746,0.534252692013979,0.01952258688834263,0.08535156270954758,2620,323.19389079219445,0.30826520919799805
2621,8176.114,1872.213333333335,6924.333333333337,100,100,1006,2.26601540603051,6.88303512259775,2.4777112007141113,-1872.213333333335,-0.021277553460095078,34.27087128162384,0.5655536437407136,0.013599909041658975,0.07710597821278498,2621,323.06817354138013,0.30826520919799805
2622,8179.253,1881.643333333334,6945.333333333332,100,100,1011,2.302424036704269,6.8697659083415745,2.531463623046875,-1881.643333333334,-0.02134956105146557,32.75508934259415,0.5528124682605267,0.011395026056561619,0.07156671315897256,2622,323.06778416993194,0.30826520919799805
2623,8182.293,1855.4533333333325,6830.666666666666,100,100,1004,2.2074708154339686,6.803452855245683,2.4142251014709473,-1855.4533333333325,-0.012676775106228888,26.64679914712906,0.5243222834542394,0.02823061939852778,0.09206321043893695,2623,323.070482123876,0.30826520919799805
2624,8185.504,1874.8300000000027,6986.3333333333385,100,100,1007,2.404098214476176,6.9377689506785885,2.617682695388794,-1874.8300000000027,-0.017850984178949147,27.913858294487,0.5718428362160921,0.028724053026962793,0.06373628653818741,2624,323.0667461148543,0.30826520919799805
2625,8188.506,1820.8066666666664,6764.999999999999,100,100,1006,2.2078518873537942,6.724652087475148,2.418640375137329,-1820.8066666666664,-0.015911922266241163,32.92437070608139,0.5427774051204324,0.013976446196465986,0.0735818617977202,2625,323.07114239072865,0.30826520919799805
2626,8191.548,1966.0033333333333,6973.333333333335,100,100,1011,2.209823838947295,6.897461259479065,2.434849977493286,-1966.0033333333333,-0.012760796314978506,42.447285175323486,0.5481864297762513,0.014349044024129398,0.0774165135808289,2626,323.0746017488215,0.30826520919799805
2627,8194.724,1890.3633333333332,6816.666666666668,100,100,1004,2.3619652394366737,6.789508632138116,2.5721514225006104,-1890.3633333333332,-0.013707733247429132,29.677876114845276,0.5985027868300676,0.02130195796780754,0.08092152001336217,2627,323.0718835648819,0.30826520919799805
2628,8197.962,1962.986666666666,7092.000000000004,100,100,1004,2.4309225124863545,7.063745019920322,2.6436784267425537,-1962.986666666666,-0.020500835121310956,25.870570242404938,0.5675119999796152,0.022193770397279877,0.10218394920229912,2628,323.06674464343735,0.30826520919799805
2629,8201.046,1949.8200000000018,6948.000000000002,100,100,1007,2.2841195627684447,6.899702085402186,2.5022714138031006,-1949.8200000000018,-0.018738002894679084,34.12856638431549,0.5528416708111763,0.009324342687250464,0.06959566136356443,2629,323.0680559507654,0.30826520919799805
2630,8207.596,1881.3033333333326,6914.333333333336,100,100,1010,2.144902673121173,6.8458745874587486,2.364063024520874,-1881.3033333333326,-0.017477235582191497,21.789738416671753,0.567932328209281,0.011599681225561653,0.05626953113824129,2630,323.0732123292879,0.30826520919799805
2631,8210.839,1858.4466666666663,6821.666666666664,100,100,1012,2.397603358799157,6.740777338603423,2.6276791095733643,-1858.4466666666663,-0.016216657997574657,31.347861409187317,0.5721442578360438,0.030748160163057037,0.07279146660584956,2631,322.92899630337473,0.30826520919799805
2632,8213.57,1941.7399999999982,6927.999999999999,100,100,1003,1.957669188867389,6.907278165503489,2.163452625274658,-1941.7399999999982,-0.01766630297061056,25.78850281238556,0.6379130696877837,0.009705083068411113,0.08245139941573143,2632,322.9437511673669,0.30826520919799805
2633,8216.329,1949.2299999999982,6992.666666666665,100,100,1012,1.957588437636357,6.9097496706192345,2.18371844291687,-1949.2299999999982,-0.017228691693162546,29.04909121990204,0.6154781533405185,0.011301596859993879,0.05449969961773604,2633,322.9584652152074,0.30826520919799805
2634,8219.059,1854.9866666666667,6779.666666666667,100,100,1007,1.958460179287034,6.732538894405826,2.168633222579956,-1854.9866666666667,-0.017265268368646502,27.439499855041504,0.5273321606218815,0.01579347872393555,0.06928399251773953,2634,322.9737315992018,0.30826520919799805
2635,8221.806,1980.8533333333337,7049.333333333332,100,100,1009,1.9376592658002325,6.986455236207465,2.1546173095703125,-1980.8533333333337,-0.014793057169299573,26.24244624376297,0.5829618601128459,0.012553755019325763,0.07943040505051613,2635,322.98853278168014,0.30826520919799805
2636,8224.538,1887.1166666666666,6825.333333333337,100,100,1004,1.9619536851170989,6.798140770252328,2.167532205581665,-1887.1166666666666,-0.015728978789411485,30.740371584892273,0.5651980889961123,0.009650784555560676,0.08300781296566129,2636,323.00330153208733,0.30826520919799805
2637,8227.28,1849.9900000000002,6894.66666666667,100,100,1004,1.9604184222314878,6.867197875166005,2.164700984954834,-1849.9900000000002,-0.018399289227090776,22.219065815210342,0.5721934223547578,0.004612556534993928,0.06645063939504325,2637,323.0176785821673,0.30826520919799805
2638,8230.007,1901.533333333334,6895.333333333336,100,100,1003,1.9569256215737918,6.874709205716187,2.1606292724609375,-1901.533333333334,-0.01823726762086153,28.150961816310883,0.4566588345915079,0.01838246865372639,0.10392441879957914,2638,323.03254617261587,0.30826520919799805
2639,8232.732,1913.6233333333334,6917.666666666666,100,100,1007,1.9548520382933963,6.86957960940086,2.166196823120117,-1913.6233333333334,-0.018645141390152276,26.56981599330902,0.4632740318775177,0.0074958641998819076,0.0782912231516093,2639,323.0479167251709,0.30826520919799805
2640,8238.605,1887.373333333332,6930.666666666664,100,100,1006,1.9673429410784296,6.889330682571237,2.176239490509033,-1887.373333333332,-0.017090913490392268,25.076125621795654,0.4851537998765707,0.02558939889422618,0.07748811156488955,2640,323.0619157962625,0.30826520919799805
2641,8241.397,1922.0399999999997,6800.333333333331,100,100,1009,1.9607082270298106,6.739676247109347,2.178396463394165,-1922.0399999999997,-0.017105845967307687,34.062392473220825,0.5113227656111121,0.020825117026106454,0.07702885812614113,2641,322.95277737992996,0.30826520919799805
2642,8244.646,1915.2999999999995,7038.000000000002,100,100,1007,2.4335052639564134,6.989076464746774,2.651294231414795,-1915.2999999999995,-0.018694018595851958,26.52656054496765,0.5684527335688472,0.00862538795627188,0.07088389282580465,2642,322.9476596084336,0.30826520919799805
2643,8247.751,1913.5566666666657,6934.000000000002,100,100,1001,2.2993917099212284,6.9270729270729285,2.500676155090332,-1913.5566666666657,-0.018878216505981982,32.47785085439682,0.5196788050234318,0.005671490784152411,0.06920493463985622,2643,322.94741326779587,0.30826520919799805
2644,8250.758,1858.3433333333326,6936.333333333334,100,100,1009,2.1852800797724616,6.874463164849686,2.4018290042877197,-1858.3433333333326,-0.018214627518318594,26.741088032722473,0.5162896485999227,0.01638317854667548,0.07312260830076411,2644,322.95203533053296,0.30826520919799805
2645,8253.784,1850.9300000000003,6906.666666666671,100,100,1007,2.190545283497497,6.858656074147637,2.410043239593506,-1850.9300000000003,-0.020930424914695323,31.033267498016357,0.5239712987095118,0.014223078855138738,0.07372007943922654,2645,322.9556461915263,0.30826520919799805
2646,8256.859,1754.6400000000008,6841.0,100,100,1009,2.267332112774755,6.7799801783944496,2.4814305305480957,-1754.6400000000008,-0.017950100416783243,32.735277116298676,0.5094730695709586,0.020590249267115723,0.10241948324255645,2646,322.9575398275588,0.30826520919799805
2647,8260.03,1866.6999999999985,6950.66666666667,100,100,1009,2.350629336866149,6.888668648827225,2.5706586837768555,-1866.6999999999985,-0.0175564112723805,24.465264201164246,0.513722836971283,0.011770898421673337,0.07605229562614113,2647,322.9557188904315,0.30826520919799805
2648,8263.045,1764.9599999999991,6907.666666666667,100,100,1006,2.2051628205969664,6.866467859509609,2.414032220840454,-1764.9599999999991,-0.01985007867915556,27.546462059020996,0.4770432272925973,0.02266249241074547,0.08031165087595582,2648,322.95968447396734,0.30826520919799805
2649,8266.074,1861.6300000000003,6929.333333333336,100,100,1008,2.2045566450013587,6.874338624338627,2.4228718280792236,-1861.6300000000003,-0.014280624396633357,29.79939216375351,0.46226148307323456,0.021580033589998493,0.06982421875,2649,322.9632510429918,0.30826520919799805
2650,8272.563,1782.2433333333322,6817.999999999997,100,100,1007,2.252633663268007,6.770605759682222,2.46707820892334,-1782.2433333333322,-0.017196555447299033,26.48751413822174,0.43301899917423725,0.0070890645365579985,0.07239029242191464,2650,322.9640738239702,0.30826520919799805
2651,8275.39,1839.289999999998,6964.999999999994,100,100,1012,2.0144033597058915,6.88241106719367,2.2345528602600098,-1839.289999999998,-0.020047137659275904,28.49205982685089,0.4551005633547902,0.009034109727508621,0.07327974785584956,2651,322.84362933654626,0.30826520919799805
2652,8278.158,1826.6266666666675,6775.000000000005,100,100,1005,1.994287263513983,6.741293532338313,2.201780080795288,-1826.6266666666675,-0.015236647916026413,22.025421738624573,0.43971641175448895,0.008196964059607126,0.08110894105629995,2652,322.85711486748346,0.30826520919799805
2653,8280.923,1953.0600000000004,6937.333333333333,100,100,999,1.9819534546159603,6.944277610944277,2.1814160346984863,-1953.0600000000004,-0.023847525095334277,37.63386881351471,0.44024201948195696,0.010647295814123936,0.08223157073371112,2653,322.8699527969042,0.30826520919799805
2654,8283.693,1805.8799999999994,6845.666666666663,100,100,1007,1.9951132090314632,6.798080105925187,2.204334259033203,-1805.8799999999994,-0.017953014525119215,28.527347803115845,0.4069763859733939,0.02352644965139916,0.09227476711384952,2654,322.883514735548,0.30826520919799805
2655,8286.464,1834.256666666667,6768.333333333337,100,100,1007,1.977043394452514,6.721284342932807,2.1867153644561768,-1834.256666666667,-0.012179876794107258,20.46728152036667,0.3980354545637965,0.023408955852573854,0.0766082113259472,2655,322.8970780558172,0.30826520919799805
2656,8289.243,1862.129999999998,6869.333333333334,100,100,1006,2.000512627567207,6.828363154406893,2.207029342651367,-1862.129999999998,-0.012438018806278706,25.60927414894104,0.4573460118845105,0.010258032292767894,0.09143597166985273,2656,322.91018940653987,0.30826520919799805
2657,8292.003,1810.173333333332,6901.666666666665,100,100,1007,1.9688513400467795,6.85369083085071,2.1749892234802246,-1810.173333333332,-0.015167558565735817,26.37462741136551,0.4543935228139162,0.017277150982408784,0.07940284232608974,2657,322.9241669145171,0.30826520919799805
2658,8294.764,1842.4200000000005,6736.0,100,100,1008,1.9802444457170731,6.682539682539683,2.1938657760620117,-1842.4200000000005,-0.01703196979360655,28.76952636241913,0.44873859360814095,0.011094824589235941,0.07014973973855376,2658,322.93818756663126,0.30826520919799805
2659,8297.562,1888.6400000000003,6916.33333333333,100,100,1011,1.9843214646103386,6.841081437520604,2.2044453620910645,-1888.6400000000003,-0.017022482556058094,19.834688544273376,0.44237285293638706,0.008723877690499648,0.05896714160917327,2659,322.95113677653023,0.30826520919799805
2660,8303.492,1775.6966666666658,6762.000000000004,100,100,1005,2.0186586065718264,6.728358208955227,2.222965955734253,-1775.6966666666658,-0.01884645118843764,27.12560933828354,0.4479914316907525,0.0017174345994135365,0.06910807295935228,2660,322.9631237761116,0.30826520919799805
2661,8306.241,1809.1633333333336,6794.333333333332,100,100,1004,1.9688533855123498,6.767264276228419,2.171380043029785,-1809.1633333333336,-0.021004011505283415,25.45255845785141,0.44719844311475754,0.016917018503590953,0.07359730126336217,2661,322.8555303813892,0.30826520919799805
2662,8309.022,1795.310000000001,6761.333333333336,100,100,1006,1.989718787321195,6.721007289595761,2.195106267929077,-1795.310000000001,-0.019133717461954802,21.26529809832573,0.435130768455565,0.010464295839483384,0.07018512231297791,2662,322.86857685620095,0.30826520919799805
2663,8311.791,1834.8900000000012,6829.333333333334,100,100,1006,1.97771212530913,6.788601722995362,2.182234048843384,-1834.8900000000012,-0.012658579857088625,15.740046977996826,0.40155758429318666,0.03266737960075261,0.0802267324179411,2663,322.88202039360755,0.30826520919799805
2664,8314.598,1961.3633333333353,7000.666666666675,100,100,1007,2.019245879351908,6.952002648129767,2.2376012802124023,-1961.3633333333353,-0.019111511268420145,22.58855962753296,0.4429762540385127,0.01378887328246492,0.09742769261356443,2664,322.89413102781896,0.30826520919799805
2665,8317.356,1846.1433333333343,6926.333333333336,100,100,1006,1.961596320553592,6.885023194168326,2.1680667400360107,-1846.1433333333343,-0.019786726334132254,18.775701224803925,0.41288511361926794,0.012782816287653986,0.08022673259256408,2665,322.90802052786165,0.30826520919799805
2666,8320.124,1788.7299999999982,6930.666666666665,100,100,1014,1.9734911237158161,6.834976988823141,2.1979806423187256,-1788.7299999999982,-0.017721634736517444,26.628188729286194,0.4158489787951112,0.023773287386575248,0.07579210086259991,2666,322.9224641091134,0.30826520919799805
2667,8322.903,1896.5233333333347,6989.333333333335,100,100,1007,1.9863570019299426,6.940748096656738,2.196537971496582,-1896.5233333333347,-0.022234618372749537,33.40969181060791,0.4932516971603036,0.012447005639842246,0.07190201117191464,2667,322.93564220241495,0.30826520919799805
2668,8325.659,1850.776666666666,6791.666666666668,100,100,1007,1.9738218497832665,6.7444554783184385,2.184492349624634,-1850.776666666666,-0.015195362560916692,24.02703458070755,0.46812011394649744,0.01193866729590809,0.07367852388415486,2668,322.94967323309726,0.30826520919799805
2669,8328.439,1791.686666666666,6638.333333333335,100,100,1007,1.9811460769817588,6.592188017212845,2.1899468898773193,-1791.686666666666,-0.011532874137628824,22.9356170296669,0.4828170035034418,0.013381200544245075,0.06861909886356443,2669,322.96280019677505,0.30826520919799805
2670,8334.241,1999.693333333333,6885.666666666669,100,100,1006,1.9786738551954997,6.844599072233269,2.1897928714752197,-1999.693333333333,-0.01659221937006805,40.157530069351196,0.4659159844741225,0.014777883523493074,0.07487686816602945,2670,322.9770586348003,0.30826520919799805
2671,8336.978,1799.2033333333345,6737.333333333336,100,100,1004,1.940123407787966,6.710491367861888,2.141085624694824,-1799.2033333333345,-0.01648811373161152,28.833273887634277,0.4308753404766321,0.03409969577478478,0.1003639914561063,2671,322.8731194204284,0.30826520919799805
2672,8339.704,1735.9833333333327,6697.333333333331,100,100,1008,1.9519023821524728,6.644179894179892,2.159076452255249,-1735.9833333333327,-0.016269934421870857,22.235194951295853,0.4102527070790529,0.021093846879011835,0.064453125,2672,322.8884701117932,0.30826520919799805
2673,8342.442,1725.71,6654.999999999998,100,100,1004,1.950847509779051,6.62848605577689,2.1500163078308105,-1725.71,-0.015302994579542428,22.74450409412384,0.46582308411598206,0.010780367643747013,0.07319779880344868,2673,322.9028261326167,0.30826520919799805
2674,8345.2,1823.3533333333335,6849.999999999999,100,100,1004,1.9829359560216075,6.822709163346612,2.187763214111328,-1823.3533333333335,-0.01457790844142437,28.62101638317108,0.4783172030001879,0.00882363486016402,0.07106711668893695,2674,322.9164352463468,0.30826520919799805
2675,8347.93,1906.8566666666663,6877.000000000001,100,100,1006,1.9360985081535478,6.8359840954274365,2.1443986892700195,-1906.8566666666663,-0.015501949121244252,31.845599055290222,0.49444556422531605,0.015352698541391874,0.08629840356297791,2675,322.93130404588993,0.30826520919799805
2676,8350.669,1808.6866666666665,6864.333333333334,100,100,1010,1.935258316507766,6.796369636963697,2.151944875717163,-1808.6866666666665,-0.016808047890663147,24.613556742668152,0.5235927291214466,0.018239674624055624,0.10021484363824129,2676,322.946348841748,0.30826520919799805
2677,8353.396,1735.6600000000005,6897.000000000002,100,100,1000,1.9459952005418018,6.897000000000002,2.136575222015381,-1735.6600000000005,-0.009935929032508284,28.98111379146576,0.4466479616239667,0.03452609112719074,0.06337890634313226,2677,322.960621219521,0.30826520919799805
2678,8356.114,1874.9566666666665,6770.666666666668,100,100,1005,1.9493743286129848,6.736981757877281,2.155982255935669,-1874.9566666666665,-0.015972821856848896,28.81733214855194,0.4917954010888934,0.0367056569448323,0.0726562503259629,2678,322.9758362780074,0.30826520919799805
2679,8358.846,1823.3633333333328,6663.666666666669,100,100,1001,1.9543623387977318,6.6570096570096595,2.1484081745147705,-1823.3633333333328,-0.0151465714443475,25.051813542842865,0.4800050240010023,0.009004696905321907,0.07933974824845791,2679,322.9900566160488,0.30826520919799805
2680,8365.214,1990.8433333333337,7097.666666666667,100,100,1010,1.9919325768173035,7.027392739273927,2.2146384716033936,-1990.8433333333337,-0.016258828691206872,39.86076307296753,0.4758539777249098,0.03366318102052901,0.08619140612427145,2680,323.00250790980897,0.30826520919799805
2681,8368.261,1852.773333333334,7021.333333333336,100,100,1007,2.222300595220071,6.972525653757036,2.4354329109191895,-1852.773333333334,-0.017188006837386638,29.64953714609146,0.47526931017637253,0.03133958259422798,0.10217544878832996,2681,322.86767776765595,0.30826520919799805
2682,8371.349,1968.5000000000011,7200.333333333335,100,100,1008,2.2603431595295356,7.1431878306878325,2.4780805110931396,-1968.5000000000011,-0.014718972728587687,26.910115599632263,0.4621873237192631,0.04023909072566312,0.07177734375,2682,322.8689868706792,0.30826520919799805
2683,8374.441,1889.7333333333338,6876.999999999999,100,100,1010,2.2539787116635703,6.808910891089108,2.483966827392578,-1889.7333333333338,-0.017175112559925765,32.0690820813179,0.5268652159720659,0.009225403737218585,0.056074218708090484,2683,322.87038445014934,0.30826520919799805
2684,8377.572,1954.2033333333352,7035.0,100,100,1003,2.2743249211993333,7.01395812562313,2.484306812286377,-1954.2033333333352,-0.015540757158305496,51.27224028110504,0.5136524485424161,0.016900764479942154,0.06782567233312875,2684,322.869441608998,0.30826520919799805
2685,8380.596,1789.1766666666665,6803.666666666669,100,100,1007,2.2160517348461184,6.756372062231051,2.4258649349212646,-1789.1766666666665,-0.013786015333607793,32.320568561553955,0.4493428347632289,0.029546955276600784,0.06520113011356443,2685,322.8731024387457,0.30826520919799805
2686,8383.699,1897.9399999999994,6809.666666666669,100,100,1008,2.27462232347563,6.755621693121695,2.493014097213745,-1897.9399999999994,-0.018070648788125254,37.01824235916138,0.5504285525530577,0.025075872494198848,0.08040364587213844,2686,322.8738175353141,0.30826520919799805
2687,8386.806,1897.9166666666663,6974.999999999997,100,100,1007,2.285621948392235,6.9265143992055584,2.4979591369628906,-1897.9166666666663,-0.014414877310628071,33.79440802335739,0.4762706821784377,0.024440156263153767,0.07141372980549932,2687,322.8742761614334,0.30826520919799805
2688,8389.867,1901.283333333334,6922.000000000005,100,100,1005,2.267297216464038,6.887562189054731,2.482426166534424,-1901.283333333334,-0.019570985285099596,21.903551369905472,0.5103599922731519,0.03651337834162405,0.07962239603511989,2688,322.8762668105005,0.30826520919799805
2689,8392.698,1891.480000000001,6911.000000000002,100,100,1009,2.0491364690068115,6.849355797819626,2.2663156986236572,-1891.480000000001,-0.012480263103498146,31.745373368263245,0.49740522913634777,0.04448693506492418,0.0732720821397379,2689,322.8875728186229,0.30826520919799805
2690,8398.566,1909.2799999999982,6874.666666666666,100,100,1011,1.9802816013430644,6.799868117375535,2.203258752822876,-1909.2799999999982,-0.020406110561452806,25.46040979027748,0.5132811442017555,0.022270482520980295,0.0818206190597266,2690,322.90067571182004,0.30826520919799805
2691,8401.313,1749.673333333333,6706.66666666667,100,100,1009,1.9471311222483119,6.64684506111662,2.1576120853424072,-1749.673333333333,-0.01447875949088484,28.420852601528168,0.4800598146393895,0.025127559902102803,0.0733119419310242,2691,322.79692337358017,0.30826520919799805
2692,8404.064,1845.7333333333345,6776.666666666665,100,100,1004,1.9822522930140456,6.749667994687914,2.1849875450134277,-1845.7333333333345,-0.013251973723527044,24.354244232177734,0.4610785860568285,0.014060452798730694,0.08380681835114956,2692,322.8107147447607,0.30826520919799805
2693,8406.829,1968.9700000000012,6999.999999999999,100,100,1007,1.9687130084712625,6.951340615690168,2.1793861389160156,-1968.9700000000012,-0.01602718490175903,33.33870589733124,0.5492907641455531,0.01280593330739066,0.1027052856516093,2693,322.8243532089383,0.30826520919799805
2694,8409.577,1843.6000000000004,6895.333333333335,100,100,1004,1.9695650394477202,6.867861885790174,2.1711208820343018,-1843.6000000000004,-0.016284898738376796,29.87518346309662,0.5216908464208245,0.004426143561431672,0.08038884960114956,2694,322.8382367964837,0.30826520919799805
2695,8412.32,1887.8266666666664,7025.66666666667,100,100,1003,1.9620714860282102,7.004652708541046,2.1630635261535645,-1887.8266666666664,-0.015386230370495468,30.874688625335693,0.5061804680153728,0.030204851893358864,0.07048283074982464,2695,322.8521835214298,0.30826520919799805
2696,8415.079,1812.7166666666662,6860.999999999999,100,100,1007,1.977540616199463,6.8133068520357485,2.187232255935669,-1812.7166666666662,-0.01556272158632055,39.253654301166534,0.42774846218526363,0.0067183391547587235,0.061959773767739534,2696,322.8660051654888,0.30826520919799805
2697,8417.851,1900.6566666666672,6816.000000000001,100,100,1006,1.9706510942175643,6.775347912524852,2.180020570755005,-1900.6566666666672,-0.016585397475864738,25.80588999390602,0.4517282685264945,0.019418768781179097,0.0777853261679411,2697,322.8792326004855,0.30826520919799805
2698,8420.586,1845.8966666666674,6870.33333333333,100,100,1010,1.9515349512394187,6.8023102310231,2.1671786308288574,-1845.8966666666674,-0.017351784685160965,28.454951405525208,0.5129790371283889,0.010014876557761454,0.06478515604976565,2698,322.89427477304844,0.30826520919799805
2699,8423.344,1822.6133333333335,6931.999999999994,100,100,1009,1.960983745752842,6.870168483647169,2.1744582653045654,-1822.6133333333335,-0.014370638731634244,22.75683754682541,0.5438743680715561,0.02515475349719054,0.06316764978691936,2699,322.9083386119128,0.30826520919799805
2700,8429.175,1819.1666666666665,6966.000000000001,100,100,1005,1.9759092508903264,6.93134328358209,2.1806998252868652,-1819.1666666666665,-0.016080590256024152,27.858371436595917,0.5201222002506256,0.0478764885556302,0.07872178847901523,2700,322.9222925860595,0.30826520919799805
2701,8431.954,2026.3399999999997,7201.666666666665,100,100,1012,1.956622527747529,7.116271409749669,2.1831607818603516,-2026.3399999999997,-0.01591942651430145,51.262763142585754,0.5119891408830881,0.020934223386575468,0.061936598795000464,2701,322.81781746258514,0.30826520919799805
2702,8434.71,1866.7666666666669,6677.666666666667,100,100,1005,1.9757538315705696,6.644444444444445,2.184918165206909,-1866.7666666666669,-0.01767942146398127,30.46638685464859,0.5633751833811402,0.02579993877589004,0.07795138901565224,2702,322.8315012659169,0.30826520919799805
2703,8437.497,1847.676666666667,6749.33333333333,100,100,1003,1.9846670979546646,6.729145895646391,2.1848134994506836,-1847.676666666667,-0.0175450254464522,23.285799890756607,0.49873062409460545,0.027145338055561297,0.07757994206622243,2703,322.84374602518716,0.30826520919799805
2704,8440.231,1832.746666666665,6838.333333333328,100,100,1006,1.957763517928119,6.79754804506295,2.163849353790283,-1832.746666666665,-0.016751275572460145,30.755959272384644,0.48656116146594286,0.019659952900838107,0.08217985730152577,2704,322.85834686341786,0.30826520919799805
2705,8442.969,1887.5633333333349,6744.666666666669,100,100,1004,1.9555024900547864,6.717795484727758,2.1603617668151855,-1887.5633333333349,-0.016460921167890774,34.75213044881821,0.5836981721222401,0.020589098447089782,0.08757990086451173,2705,322.8725520250928,0.30826520919799805
2706,8445.705,1986.0566666666668,6831.333333333333,100,100,1005,1.961010146946345,6.797346600331674,2.169785499572754,-1986.0566666666668,-0.016945980489253998,31.998228132724762,0.5261171357706189,0.007587019383208826,0.06965060788206756,2706,322.88694105781,0.30826520919799805
2707,8448.485,1848.3133333333326,6777.999999999996,100,100,1008,1.9583901792805316,6.724206349206345,2.173529863357544,-1848.3133333333326,-0.019465431323624216,27.68065446615219,0.49494548328220844,0.0171423981373664,0.0677083334303461,2707,322.90001382253354,0.30826520919799805
2708,8451.21,1824.0833333333337,6674.666666666666,100,100,1004,1.959513842018759,6.6480743691899065,2.161775588989258,-1824.0833333333337,-0.016802027297671884,26.751750707626343,0.4818510441109538,0.019567066861782223,0.07506214501336217,2708,322.91471617866875,0.30826520919799805
2709,8453.907,1846.6600000000003,6638.000000000003,100,100,1003,1.9191999009514185,6.6181455633100725,2.1203773021698,-1846.6600000000003,-0.010575229884125292,25.376851558685303,0.5180709399282932,0.01273097456942196,0.06564543966669589,2709,322.93033544227694,0.30826520919799805
2710,8459.616,1972.8866666666665,6934.666666666663,100,100,1004,1.9147870519506445,6.907038512616198,2.120410919189453,-1972.8866666666665,-0.010433829331304878,34.68016713857651,0.6217676885426044,0.015344114181061741,0.08092152001336217,2710,322.9465723301019,0.30826520919799805
2711,8462.343,1872.1566666666665,6785.0,100,100,1009,1.9249132806915195,6.724479682854311,2.1372463703155518,-1872.1566666666665,-0.019585934351198375,30.028979539871216,0.5328992856666446,0.01743201583303744,0.10008769133128226,2711,322.8462848451582,0.30826520919799805
2712,8465.142,2093.590000000001,7182.333333333332,100,100,1006,1.986232105268547,7.13949635520212,2.203557252883911,-2093.590000000001,-0.018990790122188628,40.26481634378433,0.5559704340994358,0.01882209288669401,0.08385699742939323,2712,322.8583758424569,0.30826520919799805
2713,8467.861,1962.5666666666675,6981.333333333329,100,100,1002,1.9375789423051202,6.9673985362608075,2.139737367630005,-1962.5666666666675,-0.009029497159644961,26.389953672885895,0.5863390481099486,0.016335297717887443,0.08700706856325269,2713,322.87306037400543,0.30826520919799805
2714,8470.565,1753.6600000000021,6639.000000000005,100,100,1006,1.938312027578392,6.599403578528832,2.1417315006256104,-1753.6600000000021,-0.01625248254276812,39.24359029531479,0.5106050036847591,0.01972189984371653,0.07377292821183801,2714,322.8887830707844,0.30826520919799805
2715,8473.284,1848.1900000000005,6815.333333333334,100,100,1003,1.9421370875030934,6.794948487869725,2.1418607234954834,-1848.1900000000005,-0.0070155030698515475,31.19747942686081,0.5627339920029044,0.017163325399451423,0.06148937123361975,2715,322.90349893473575,0.30826520919799805
2716,8475.99,1956.2599999999998,7018.33333333333,100,100,1007,1.9271885781977123,6.969546507778878,2.141019344329834,-1956.2599999999998,-0.01574983593309298,35.22081285715103,0.5455377073958516,0.02868954914083588,0.0817091919016093,2716,322.91926064773224,0.30826520919799805
2717,8478.686,1963.243333333333,7032.666666666666,100,100,1004,1.923060857350437,7.0046480743691895,2.130824327468872,-1963.243333333333,-0.020110996323637664,30.17724120616913,0.5758818164467812,0.019227452867198735,0.0779030539561063,2717,322.9349514241552,0.30826520919799805
2718,8481.453,1919.7399999999989,6780.333333333334,100,100,1004,1.9537327687981432,6.75332005312085,2.158691644668579,-1919.7399999999989,-0.024969963007606566,28.99538952112198,0.5537637593224645,0.012670487065406633,0.09370561107061803,2718,322.9479677492066,0.30826520919799805
2719,8484.397,1878.68,6744.333333333334,100,100,1006,2.141284098604298,6.704108681245859,2.3519015312194824,-1878.68,-0.01497163571184501,25.571826934814453,0.5757835628464818,0.02011416799359722,0.07895295525668189,2719,322.9544888096254,0.30826520919799805
2720,8491.068,1859.179999999999,6820.333333333334,100,100,1009,2.165182358982195,6.7594978526594,2.383190155029297,-1859.179999999999,-0.013768728822469711,40.65089666843414,0.5500810211524367,0.010939137060631765,0.06917649856768548,2720,322.9600140548853,0.30826520919799805
2721,8494.29,1934.6199999999985,6953.999999999999,100,100,1009,2.360162438734317,6.891972249752229,2.5873794555664062,-1934.6199999999985,-0.017979416181333363,33.35318613052368,0.5133444368839264,0.01970506577345077,0.10796994529664516,2721,322.81589790240304,0.30826520919799805
2722,8497.252,1962.7433333333338,7039.000000000004,100,100,1011,2.1482211657183505,6.962413452027699,2.372598648071289,-1962.7433333333338,-0.013424673321424052,29.064422845840454,0.5011821025982499,0.017272329001571052,0.08437691512517631,2722,322.82235848900336,0.30826520919799805
2723,8500.281,1906.2166666666685,6842.000000000003,100,100,1006,2.197933996144393,6.801192842942348,2.4111080169677734,-1906.2166666666685,-0.013497199790435843,24.898785054683685,0.5294425543397665,0.008062619897827972,0.07224439550191164,2723,322.8256670804578,0.30826520919799805
2724,8503.573,2057.146666666666,7199.000000000002,100,100,1010,2.4613854434977442,7.127722772277229,2.6912872791290283,-2057.146666666666,-0.013764046307187527,29.483669340610504,0.5763828530907631,0.005092558751130127,0.06457031238824129,2724,322.81947010963586,0.30826520919799805
2725,8506.814,1901.313333333335,6895.000000000003,100,100,1011,2.406749258768532,6.819980217606333,2.6323177814483643,-1901.313333333335,-0.012437263154424727,32.399263083934784,0.49787705950438976,0.023468187559046783,0.05896714160917327,2725,322.81534575772326,0.30826520919799805
2726,8509.848,1813.6099999999988,6784.999999999996,100,100,1003,2.2341907291337924,6.764705882352938,2.442176580429077,-1813.6099999999988,-0.017659513658145443,20.824467569589615,0.48281856067478657,0.01863742003115476,0.07027843408286572,2726,322.8181249360008,0.30826520919799805
2727,8512.911,1743.0799999999997,6719.666666666666,100,100,1010,2.248628316839032,6.653135313531353,2.4679367542266846,-1743.0799999999997,-0.019269060459919274,31.214594423770905,0.5100509542971849,0.025728739907208364,0.07976562483236194,2727,322.8206048754121,0.30826520919799805
2728,8515.794,1925.786666666666,6922.000000000003,100,100,1009,2.068866399643856,6.860257680872153,2.2891812324523926,-1925.786666666666,-0.013305101310834289,34.25394552946091,0.5374441426247358,0.03095415947609581,0.07492625928716734,2728,322.8297795258934,0.30826520919799805
2729,8518.675,1920.393333333332,6890.999999999996,100,100,1009,2.077193061956846,6.82953419226957,2.2953500747680664,-1920.393333333332,-0.010836927336640656,33.16289210319519,0.4813684318214655,0.02136990294820862,0.06238042074255645,2729,322.83907368564536,0.30826520919799805
2730,8525.302,1863.7966666666666,6939.333333333335,100,100,1003,2.2384385857591824,6.91857760053174,2.444638967514038,-1863.7966666666666,-0.016792685841210186,23.728693664073944,0.5177784254774451,0.014699665294756414,0.06711028341669589,2730,322.8410634928213,0.30826520919799805
2731,8528.176,1905.1199999999988,6794.666666666665,100,100,1005,2.0697977120492292,6.760862354892204,2.2761056423187256,-1905.1199999999988,-0.011680875977617688,30.6990904211998,0.6563038909807801,0.030726473956747213,0.05481770838377997,2731,322.7148372306704,0.30826520919799805
2732,8531.066,1949.98,6893.666666666666,100,100,1008,2.073239086524746,6.838955026455026,2.2900733947753906,-1949.98,-0.0161379975033924,26.509925186634064,0.6853104587644339,0.026213527547952253,0.07373046898283064,2732,322.7236621524083,0.30826520919799805
2733,8534.15,1872.3933333333332,6788.666666666671,100,100,1013,2.24754027574096,6.701546561368875,2.477818250656128,-1872.3933333333332,-0.0167992819333449,29.980516731739044,0.6497083734720945,0.011505274538649246,0.10210605897009373,2733,322.7257495198545,0.30826520919799805
2734,8537.223,1909.7866666666662,6937.0,100,100,1008,2.246689583689514,6.881944444444445,2.4655041694641113,-1909.7866666666662,-0.015130222076550126,37.43139976263046,0.6866179322823882,0.011081970304076094,0.05745442712213844,2734,322.72765139144116,0.30826520919799805
2735,8540.159,1811.7433333333338,6708.666666666669,100,100,1006,2.0885310131384367,6.668654738237246,2.2964179515838623,-1811.7433333333338,-0.011305687134154141,26.494632363319397,0.6533711422234774,0.017130477539467392,0.054942255723290145,2735,322.7345004947474,0.30826520919799805
2736,8543.307,1895.9966666666674,6994.999999999999,100,100,1007,2.3035564057088744,6.946375372393247,2.519045114517212,-1895.9966666666674,-0.010744823375716805,23.174633860588074,0.7136071026325226,0.011792920158768538,0.05721201782580465,2736,322.73345289434064,0.30826520919799805
2737,8546.376,1929.3066666666657,6800.666666666665,100,100,1007,2.2608968211927976,6.753392916252895,2.475951671600342,-1929.3066666666657,-0.011402470925531816,27.227236568927765,0.676433002576232,0.003382799906830769,0.04269863694207743,2737,322.7353817661055,0.30826520919799805
2738,8549.319,2048.613333333334,6980.333333333335,100,100,1002,2.143539422904578,6.966400532268797,2.34982967376709,-2048.613333333334,-0.013559208804508671,35.26785236597061,0.7202724125236273,0.0022109144701971672,0.05185081856325269,2738,322.741487468094,0.30826520919799805
2739,8552.459,1894.1900000000023,6794.6666666666715,100,100,1006,2.3112152067798135,6.754141815772039,2.5260887145996094,-1894.1900000000023,-0.011358895862940699,34.20313197374344,0.7206725832074881,0.012056677805958316,0.052415930840652436,2739,322.7406200612614,0.30826520919799805
2740,8559.169,1997.0533333333335,7025.0,100,100,1009,2.3976584733302295,6.962338949454906,2.6269149780273438,-1997.0533333333335,-0.014078750973567367,39.22529608011246,0.7115924675017595,0.01472155575902434,0.06290856178384274,2740,322.73670001510584,0.30826520919799805
2741,8562.204,1929.2033333333343,7024.000000000004,100,100,1005,2.2105445762150993,6.989054726368162,2.4217984676361084,-1929.2033333333343,-0.021408022847026587,31.287282705307007,0.6980427829548717,0.0030583970874431543,0.06471354176755995,2741,322.6085140724387,0.30826520919799805
2742,8565.411,1896.6466666666672,6851.333333333331,100,100,1004,2.387854582198758,6.8240371845949515,2.5947442054748535,-1896.6466666666672,-0.013345741899684072,29.53311550617218,0.7212255280464888,0.00834885606309399,0.060680042719468474,2742,322.6049638374237,0.30826520919799805
2743,8568.665,1978.2200000000005,6931.999999999999,100,100,1010,2.42128881261601,6.863366336633662,2.6510305404663086,-1978.2200000000005,-0.012422880594385788,36.95387250185013,0.698372159153223,0.014227902742277365,0.06763671850785613,2743,322.6002961898092,0.30826520919799805
2744,8571.613,1720.483333333332,6677.999999999992,100,100,1009,2.145319228679887,6.618434093161538,2.359910011291504,-1720.483333333332,-0.013830138021148741,42.587386667728424,0.5214097797870636,0.027075150806922466,0.08615672821179032,2744,322.60708040056164,0.30826520919799805
2745,8574.402,1996.683333333333,6877.666666666665,100,100,1010,1.975989804400297,6.809570957095708,2.1968109607696533,-1996.683333333333,-0.012753276299008576,48.39574861526489,0.6533744223415852,0.015751152437587734,0.06199218728579581,2745,322.6199170176985,0.30826520919799805
2746,8577.167,1894.1299999999997,6825.0,100,100,1013,1.960018263676508,6.73741362290227,2.1843292713165283,-1894.1299999999997,-0.011565847700694576,25.873574197292328,0.6101906206458807,0.014671487209852785,0.05598651245236397,2746,322.6340388719711,0.30826520919799805
2747,8579.906,1881.2266666666674,6824.999999999999,100,100,1007,1.9410056609553104,6.777557100297914,2.150153398513794,-1881.2266666666674,-0.010529177205171436,25.796717911958694,0.6720637120306492,0.02458456882595783,0.052100648172199726,2747,322.6484201079282,0.30826520919799805
2748,8582.633,1825.0933333333326,6683.333333333337,100,100,1005,1.9477810956241184,6.650082918739638,2.151780366897583,-1825.0933333333326,-0.012098843697458506,23.303940653800964,0.6338009722530842,0.01543465253416798,0.05019531259313226,2748,322.6629864180126,0.30826520919799805
2749,8585.373,1979.0899999999995,6964.33333333333,100,100,1008,1.9369383920252041,6.909060846560844,2.1504950523376465,-1979.0899999999995,-0.012228004401549697,30.323473393917084,0.6083566043525934,0.00662096960877534,0.07552083348855376,2749,322.67740779976816,0.30826520919799805
2750,8591.174,1905.1599999999996,6817.666666666666,100,100,1011,1.9454563796081747,6.7434882954170785,2.163325786590576,-1905.1599999999996,-0.011223778215935454,40.1798934340477,0.6510450690984726,0.021249492827337235,0.05032169143669307,2750,322.6923351365418,0.30826520919799805
2751,8593.94,1917.8699999999994,6885.333333333338,100,100,1003,1.9726488535670361,6.8647391159853814,2.1753921508789062,-1917.8699999999994,-0.014692417462356389,31.54754889011383,0.6357068736106157,0.0298417933518067,0.08074809238314629,2751,322.59008585002215,0.30826520919799805
2752,8596.66,1968.4733333333324,7017.3333333333285,100,100,1005,1.9395957219029838,6.982421227197341,2.1487197875976562,-1968.4733333333324,-0.015253107296302915,32.49677187204361,0.6951578054577112,0.06098078950162744,0.07273220492061228,2752,322.6049369862411,0.30826520919799805
2753,8599.443,1931.6000000000004,6976.666666666665,100,100,1005,1.9805800990984586,6.941956882255388,2.1905367374420166,-1931.6000000000004,-0.00989697762997821,27.938572824001312,0.6494734063744545,0.015106368037777429,0.049088541709352285,2753,322.61739552161004,0.30826520919799805
2754,8602.37,1995.556666666667,7037.000000000004,100,100,1010,2.110280099643007,6.967326732673271,2.3347926139831543,-1995.556666666667,-0.010654696088749915,34.15218633413315,0.6201822282746434,0.025039372172614094,0.053281249944120646,2754,322.62504599108837,0.30826520919799805
2755,8605.451,1999.0666666666655,6955.333333333336,100,100,1006,2.259404374546673,6.9138502319416855,2.476861000061035,-1999.0666666666655,-0.016126907197758555,26.456792950630188,0.6675443239510059,0.02442797985713696,0.05526069970801473,2755,322.6264532350769,0.30826520919799805
2756,8608.511,1902.9633333333345,6945.333333333333,100,100,1009,2.223533300850891,6.883382887347208,2.4425923824310303,-1902.9633333333345,-0.010975598357617855,22.019674211740494,0.6134442342445254,0.024210427443904337,0.05490672821179032,2756,322.62898008096613,0.30826520919799805
2757,8611.554,1928.9699999999998,6967.000000000001,100,100,1007,2.2120555100246686,6.918570009930487,2.4289865493774414,-1928.9699999999998,-0.01406445010798052,28.48598539829254,0.6255985498428345,0.01867800424224697,0.04971118678804487,2757,322.6318913424438,0.30826520919799805
2758,8614.712,1890.1599999999985,6811.000000000003,100,100,1007,2.324385603643813,6.763654419066537,2.5409762859344482,-1890.1599999999985,-0.01625122013501823,26.535618364810944,0.6233153212815523,0.013130546321917791,0.06586602376773953,2758,322.6305091932795,0.30826520919799805
2759,8617.937,1943.1333333333341,7016.333333333335,100,100,1006,2.394229221915934,6.974486414844269,2.610417127609253,-1943.1333333333341,-0.01711736834840849,33.8207990527153,0.6246295897290111,0.027057846702518873,0.06959069304866716,2759,322.6265005803854,0.30826520919799805
2760,8624.405,1891.7133333333334,6876.666666666668,100,100,1006,2.1769987082730973,6.835652750165674,2.3894824981689453,-1891.7133333333334,-0.018996205821167678,23.854073733091354,0.6119709927588701,0.021567088515439536,0.06421959912404418,2760,322.63201473097223,0.30826520919799805
2761,8627.434,1726.7733333333338,6540.333333333335,100,100,1007,2.204884011635988,6.494869248593183,2.4117543697357178,-1726.7733333333338,-0.015923317754641175,30.18586963415146,0.5790166817605495,0.017796839252696373,0.05232920544221997,2761,322.5047110392803,0.30826520919799805
2762,8630.51,1798.3933333333346,6804.333333333334,100,100,1004,2.271890737310208,6.77722443559097,2.4772236347198486,-1798.3933333333346,-0.011310313420835882,28.5891792178154,0.660327791236341,0.03403083283410524,0.04976029833778739,2762,322.506081201013,0.30826520919799805
2763,8633.306,1950.3566666666645,6919.999999999994,100,100,1002,2.0007645716414806,6.906187624750492,2.2041659355163574,-1950.3566666666645,-0.015575114928651601,34.58779138326645,0.6231428310275078,0.01467599747411441,0.05743117572274059,2763,322.5176999228695,0.30826520919799805
2764,8636.094,1922.456666666667,6957.333333333334,100,100,1007,1.9983965259594723,6.908970539556439,2.210474967956543,-1922.456666666667,-0.018436797778122127,28.484752595424652,0.6306536765769124,0.018667552307306323,0.062271442788187414,2764,322.5302031745519,0.30826520919799805
2765,8638.859,1851.346666666666,6816.666666666669,100,100,1007,1.9623198609590131,6.769281694803047,2.171855926513672,-1851.346666666666,-0.01549276162404567,22.970947921276093,0.5993972020223737,0.03396475750923855,0.056412067788187414,2765,322.5435305111416,0.30826520919799805
2766,8641.64,1808.89,6705.000000000003,100,100,1010,1.984404949448302,6.638613861386141,2.2008965015411377,-1808.89,-0.014413536031497642,28.642354607582092,0.6317873876541853,0.03433048344413692,0.05404296866618097,2766,322.55663652037936,0.30826520919799805
2767,8644.469,1986.6933333333336,6956.000000000001,100,100,1006,2.0178132234548567,6.914512922465209,2.2339818477630615,-1986.6933333333336,-0.013370455533731729,33.13831526041031,0.7334175882861018,0.012530302998683851,0.056216032593511045,2767,322.5674137154343,0.30826520919799805
2768,8647.232,1879.7500000000014,6739.333333333331,100,100,1005,1.9784580087937897,6.705804311774459,2.1836698055267334,-1879.7500000000014,-0.016585562145337462,25.4420048892498,0.6124122142791748,0.01902189063912374,0.050835503498092294,2768,322.58057692132616,0.30826520919799805
2769,8650.01,1955.4299999999994,6829.666666666666,100,100,1002,1.9796318372250525,6.816034597471723,2.183542013168335,-1955.4299999999994,-0.017599187787709525,29.7584331035614,0.5936699463054538,0.014649411692516878,0.08117094496265054,2769,322.5927920338363,0.30826520919799805
2770,8655.939,1865.4400000000005,6718.666666666665,100,100,1004,1.9850824727441196,6.691899070385125,2.191368579864502,-1865.4400000000005,-0.02265958790667355,37.588559091091156,0.7063429895788431,0.02478137006983161,0.11101740063168108,2770,322.6051133628212,0.30826520919799805
2771,8658.767,1799.5099999999998,6901.0000000000055,100,100,1007,2.0325964248749355,6.8530287984111276,2.247138261795044,-1799.5099999999998,-0.01763448817655444,27.31990337371826,0.6073562568053603,0.02689718130568508,0.05916514282580465,2771,322.49880401037365,0.30826520919799805
2772,8661.581,2098.3666666666672,7110.000000000004,100,100,1007,2.003028300866418,7.060575968222446,2.221632719039917,-2098.3666666666672,-0.02194383548339829,40.50271677970886,0.6610592734068632,0.01291162428969983,0.07926778588443995,2772,322.5103046515764,0.30826520919799805
2773,8664.351,1821.273333333334,6781.3333333333385,100,100,1007,1.9704881806274304,6.734193975504805,2.178577423095703,-1821.273333333334,-0.0186879217508249,31.958334267139435,0.6322382753714919,0.04083997134875972,0.07940284232608974,2773,322.52338942012943,0.30826520919799805
2774,8667.155,1869.833333333334,6887.999999999998,100,100,1009,2.0070399391456584,6.826560951437065,2.2249085903167725,-1869.833333333334,-0.01801270400028443,39.86521279811859,0.6225963588804007,0.03174304231652059,0.07064134208485484,2774,322.53549116196945,0.30826520919799805
2775,8669.964,1825.7133333333331,6963.0,100,100,1007,1.9867248256767562,6.914597815292949,2.1958112716674805,-1825.7133333333331,-0.011926900129765272,24.95392870903015,0.6094215475022793,0.02996198702021502,0.09516289888415486,2775,322.54711920356306,0.30826520919799805
2776,8672.774,1944.3999999999994,6825.3333333333285,100,100,1010,1.9915431706778852,6.757755775577553,2.214484214782715,-1944.3999999999994,-0.016068511526100338,44.08848285675049,0.6546930093318224,0.019379059122002218,0.1032226561801508,2776,322.5590725243801,0.30826520919799805
2777,8675.559,1916.1799999999996,7128.000000000005,100,100,1007,1.990633367102079,7.078450844091365,2.201904773712158,-1916.1799999999996,-0.010143797771888785,28.79027831554413,0.6593600902706385,0.01553354998031864,0.054147273767739534,2777,322.5716110301191,0.30826520919799805
2778,8678.356,1967.503333333335,7031.333333333333,100,100,1005,1.991440796302585,6.996351575456052,2.2013964653015137,-1967.503333333335,-0.010947020375169814,33.08542364835739,0.6323341857641935,0.021444623129355023,0.07956814259523526,2778,322.58349554917106,0.30826520919799805
2779,8681.126,1845.026666666665,6985.666666666666,100,100,1010,1.970713761275505,6.916501650165016,2.1846635341644287,-1845.026666666665,-0.01835218205815181,33.24183768033981,0.616729156114161,0.03486503899330273,0.12210937472991645,2779,322.59685123841604,0.30826520919799805
2780,8687.017,1877.5133333333333,6725.666666666667,100,100,1007,1.9917687191466071,6.678914266799073,2.200800657272339,-1877.5133333333333,-0.018422726774588227,33.037142276763916,0.646016413345933,0.012141291746956995,0.07043716736370698,2780,322.60881442526727,0.30826520919799805
2781,8689.85,2001.213333333333,7083.666666666669,100,100,1010,2.0014710882263684,7.013531353135316,2.2245993614196777,-2001.213333333333,-0.015281044616131112,33.90542912483215,0.6909899488091469,0.008949731527536642,0.06541015615221113,2781,322.50511549044717,0.30826520919799805
2782,8692.6,1892.5166666666657,6916.666666666668,100,100,1006,1.9410872782412065,6.875414181577205,2.1507129669189453,-1892.5166666666657,-0.013242268469184637,38.4533925652504,0.6270522689446807,0.10950418805441586,0.0772970449179411,2782,322.51885463574564,0.30826520919799805
2783,8695.352,1899.4500000000014,6824.333333333331,100,100,1012,1.9376430848683324,6.743412384716731,2.157135009765625,-1899.4500000000014,-0.01547564152861014,35.920893490314484,0.6910310722887516,0.019095619529252872,0.08158052922226489,2783,322.53316752715153,0.30826520919799805
2784,8698.083,1861.5366666666669,6791.999999999999,100,100,1007,1.944321745964065,6.744786494538231,2.1531214714050293,-1861.5366666666669,-0.015665818005800247,25.09530809521675,0.702579079195857,0.014267365491832606,0.05796002282295376,2784,322.5476349290408,0.30826520919799805
2785,8700.849,1988.123333333332,6988.666666666663,100,100,1008,1.9586700410212552,6.933201058201055,2.175161838531494,-1988.123333333332,-0.01917786110425368,29.205309450626373,0.739316213876009,0.023222816515044542,0.06412760418606922,2785,322.56092787236935,0.30826520919799805
2786,8703.644,1950.5466666666662,6984.666666666667,100,100,1010,1.982383961480406,6.915511551155116,2.2047243118286133,-1950.5466666666662,-0.01487013598671183,33.95256680250168,0.6842077411711216,0.011590433263336308,0.07273437478579581,2786,322.57338781104704,0.30826520919799805
2787,8706.596,2018.8566666666666,7035.33333333333,100,100,1001,2.106832469335304,7.0283050283050255,2.3160130977630615,-2018.8566666666666,-0.02167478733463213,43.436135828495026,0.7198147512972355,0.015299859980586916,0.05166253796778619,2787,322.57901465475925,0.30826520919799805
2788,8709.524,1897.5033333333333,6856.666666666665,100,100,1005,2.1136358191504776,6.822553897180762,2.328007221221924,-1897.5033333333333,-0.022265111794695258,29.326611578464508,0.7649686802178621,0.006857962122012395,0.06555989588377997,2788,322.58592798083566,0.30826520919799805
2789,8712.29,1851.8666666666668,6990.000000000003,100,100,1011,1.9463318498882545,6.913946587537095,2.1648571491241455,-1851.8666666666668,-0.014388642768608406,36.92668741941452,0.6462463419884443,0.014031128732312936,0.06484566500876099,2789,322.599558398428,0.30826520919799805
2790,8718.422,1829.016666666667,6787.333333333334,100,100,1010,1.97793356359632,6.7201320132013205,2.1941328048706055,-1829.016666666667,-0.013959989126306027,27.507047593593597,0.6649540904909372,0.02944088148069568,0.08722656220197678,2790,322.6125500940456,0.30826520919799805
2791,8721.3,1837.296666666666,6987.666666666667,100,100,1004,2.0466706177741067,6.9598273572377165,2.2533464431762695,-1837.296666666666,-0.02098335832124576,26.972525894641876,0.6897141151130199,0.025044875728781335,0.06476384960114956,2791,322.49720196151463,0.30826520919799805
2792,8724.289,2059.8333333333353,7164.333333333336,100,100,1009,2.156525566699528,7.100429468120254,2.384331226348877,-2059.8333333333353,-0.026248175476212054,39.27341866493225,0.6766381952911615,0.023164722544606775,0.09753667062614113,2792,322.5023689219184,0.30826520919799805
2793,8727.273,1845.273333333333,6857.333333333333,100,100,1005,2.151557313282951,6.823217247097844,2.360525608062744,-1845.273333333333,-0.02143997943494469,29.921966433525085,0.6647683959454298,0.022400295318220742,0.06944444472901523,2793,322.50726499540997,0.30826520919799805
2794,8730.278,1841.3766666666666,6812.000000000001,100,100,1005,2.1686307459244905,6.778109452736319,2.3806679248809814,-1841.3766666666666,-0.019638244237285107,22.734451234340668,0.6574438232928514,0.017013656131894095,0.09727647574618459,2794,322.5113626151942,0.30826520919799805
2795,8733.262,1872.16,7003.666666666666,100,100,1004,2.161298107645248,6.975763612217795,2.3680548667907715,-1872.16,-0.017477496177889407,26.34316486120224,0.6484087035059929,0.00951864720627782,0.07057883567176759,2795,322.5161616143585,0.30826520919799805
2796,8736.269,1920.5666666666664,6986.333333333335,100,100,1008,2.1700389865261043,6.930886243386245,2.3898210525512695,-1920.5666666666664,-0.01847412745701149,28.876502335071564,0.688611070625484,0.011187014539245865,0.05712890625,2796,322.52051795849934,0.30826520919799805
2797,8739.278,1969.4766666666683,7041.333333333339,100,100,1008,2.149948111937625,6.985449735449741,2.374363660812378,-1969.4766666666683,-0.01719693630002439,35.607220351696014,0.6233501974493265,0.021355516473704483,0.068359375,2797,322.5248219602081,0.30826520919799805
2798,8742.279,1967.9733333333331,7012.999999999998,100,100,1012,2.154670355946429,6.929841897233199,2.386566638946533,-1967.9733333333331,-0.021087689325213432,29.060349106788635,0.6698386762291193,0.006985291904129554,0.07579627446830273,2798,322.52984694987606,0.30826520919799805
2799,8745.312,1941.8999999999994,6907.333333333333,100,100,1008,2.2020750989285593,6.852513227513227,2.4244003295898438,-1941.8999999999994,-0.019443235243670642,32.63047152757645,0.6634697886183858,0.010986073852109257,0.07047526072710752,2799,322.5332722125892,0.30826520919799805
2800,8751.618,1838.680000000001,6817.0000000000055,100,100,1007,2.1565982151930077,6.7696127110228455,2.3706846237182617,-1838.680000000001,-0.016015153007174376,23.68243771791458,0.6270822724327445,0.001924938005686272,0.07203706778818741,2800,322.53866252815504,0.30826520919799805
2801,8754.664,1825.926666666667,6715.333333333333,100,100,1009,2.15583359471885,6.655434423521639,2.376140832901001,-1825.926666666667,-0.018292996450327337,25.36709749698639,0.5682908371090889,0.011633758942480199,0.0672632334753871,2801,322.4189853096277,0.30826520919799805
2802,8757.697,1823.7800000000007,6659.333333333335,100,100,1011,2.1904942638984153,6.586877678865811,2.4201858043670654,-1823.7800000000007,-0.021935078199021518,42.575160562992096,0.6073552733287215,0.007731051082373597,0.07607613364234567,2802,322.4227770505853,0.30826520919799805
2803,8760.626,1850.3366666666668,6717.66666666667,100,100,1004,2.0937159380586112,6.690903054448874,2.301530122756958,-1850.3366666666668,-0.016295339504722506,31.084382951259613,0.599167856387794,0.012487718617194332,0.05690696043893695,2803,322.429598034998,0.30826520919799805
2804,8763.485,1837.8533333333328,6859.000000000001,100,100,1006,2.056523856996683,6.818091451292247,2.26743483543396,-1837.8533333333328,-0.0189697397290729,24.29391700029373,0.5684219840914011,0.01170627159808646,0.06589673925191164,2804,322.4392250863515,0.30826520919799805
2805,8766.259,1935.496666666667,6902.333333333334,100,100,1008,1.9811053593118217,6.847552910052911,2.1971447467803955,-1935.496666666667,-0.016276166890747845,28.86644357442856,0.574909464456141,0.015552975126411184,0.06038411462213844,2805,322.45213243561744,0.30826520919799805
2806,8769.019,1918.02,6955.666666666668,100,100,1003,1.9617685975027777,6.9348620804253915,2.166948080062866,-1918.02,-0.018261331191752106,33.427747666835785,0.5717665925621986,0.010431057460664306,0.0656340845162049,2806,322.4650289582498,0.30826520919799805
2807,8772.053,1893.3966666666663,6914.000000000002,100,100,1007,2.1842393232000825,6.86593843098312,2.4119749069213867,-1893.3966666666663,-0.017507081385701895,26.647644698619843,0.5936304517090321,0.007728961150860414,0.06848404242191464,2807,322.46830521947874,0.30826520919799805
2808,8775.359,1918.506666666666,6943.999999999997,100,100,1011,2.392164293794527,6.868447082096931,2.640328884124756,-1918.506666666666,-0.020638408488593996,29.877757608890533,0.5585744408890605,0.02894129897322273,0.07973345625214279,2808,322.4620033056003,0.30826520919799805
2809,8778.343,1908.1399999999996,7047.000000000003,100,100,1009,2.144036173190076,6.984142715559963,2.367976427078247,-1908.1399999999996,-0.015764406765811145,31.740345060825348,0.5768241053447127,0.012939291562361177,0.07458745205076411,2809,322.4673358330198,0.30826520919799805
2810,8784.857,1867.513333333334,6816.0,100,100,1008,2.320999205588282,6.761904761904762,2.5639076232910156,-1867.513333333334,-0.020758977567311376,25.09825748205185,0.5735081667080522,0.018361567039391957,0.07356770866317675,2810,322.4651161321289,0.30826520919799805
2811,8787.862,1879.4933333333322,6731.333333333331,100,100,1006,2.1558402600988864,6.691186216037108,2.3745193481445312,-1879.4933333333322,-0.013783835573121905,26.49373960494995,0.6258017988875508,0.020850352273555472,0.06579059100477025,2811,322.34721512554336,0.30826520919799805
2812,8790.914,1915.3333333333323,6928.666666666666,100,100,1009,2.1915428148447815,6.866864882722167,2.4209110736846924,-1915.3333333333323,-0.0177109477808699,23.59824427962303,0.6468607299029827,0.025978961519285804,0.06549944181460887,2812,322.3501013540889,0.30826520919799805
2813,8793.867,1970.6266666666675,6923.333333333336,100,100,1006,2.1149806144127017,6.882041086812461,2.332599401473999,-1970.6266666666675,-0.0125434475048678,27.267839550971985,0.6510550482198596,0.034227218664454995,0.05184273101622239,2813,322.35623898053996,0.30826520919799805
2814,8797.014,1951.7866666666669,7072.0,100,100,1014,2.2749368838885067,6.9743589743589745,2.516340494155884,-1951.7866666666669,-0.009448086959309876,35.42176443338394,0.5896649993956089,0.02093341204454191,0.06002242490649223,2814,322.3562286924422,0.30826520919799805
2815,8799.916,1827.4000000000008,6850.000000000001,100,100,1005,2.0770814904563166,6.815920398009951,2.2865800857543945,-1827.4000000000008,-0.016462153696920723,36.185832262039185,0.5554320281371474,0.024292866844916716,0.0741753475740552,2815,322.3641055551584,0.30826520919799805
2816,8802.817,1906.4999999999989,7094.333333333328,100,100,1009,2.0770397424011153,7.0310538486950716,2.303006649017334,-1906.4999999999989,-0.01656232011737302,33.838251650333405,0.6533418316394091,0.028243326727533713,0.08562858705408871,2816,322.372483355804,0.30826520919799805
2817,8805.77,1870.1566666666672,6897.000000000001,100,100,1006,2.131575547023556,6.855864811133202,2.346245765686035,-1870.1566666666672,-0.01874597935238853,19.90993320941925,0.6067963512614369,0.03645104343740968,0.07721212663454935,2817,322.37861387257516,0.30826520919799805
2818,8808.828,1888.246666666668,6863.333333333336,100,100,1007,2.224374477184621,6.815623965574315,2.4477884769439697,-1888.246666666668,-0.013770489254966378,34.73370885848999,0.583773672580719,0.009814793826080859,0.06027676194207743,2818,322.3810084107073,0.30826520919799805
2819,8811.734,1849.9233333333325,6709.0,100,100,1007,2.098574776497467,6.662363455809334,2.3140077590942383,-1849.9233333333325,-0.02260604512412101,26.827321082353592,0.5554172499105334,0.00776424675132148,0.07691988011356443,2819,322.38897278611256,0.30826520919799805
2820,8817.938,1916.6366666666665,7154.33333333333,100,100,1008,2.0746405742044325,7.097552910052907,2.294771909713745,-1916.6366666666665,-0.013347886968404055,33.243243396282196,0.5301022287458181,0.028114787026424892,0.07210286462213844,2820,322.3969562461567,0.30826520919799805
2821,8820.944,1950.233333333334,7014.999999999999,100,100,1007,2.147599601796287,6.966236345580932,2.3709254264831543,-1950.233333333334,-0.020670770783908665,32.99326664209366,0.5554780634120107,0.021620418014208553,0.08229097386356443,2821,322.28081533628574,0.30826520919799805
2822,8823.971,1925.0066666666667,6913.666666666666,100,100,1006,2.125622166522499,6.872432074221338,2.340579032897949,-1925.0066666666667,-0.021898339153267443,38.028993129730225,0.5664317272603512,0.01358344107575249,0.06763756810687482,2822,322.2842791639415,0.30826520919799805
2823,8826.877,1906.9033333333346,6792.33333333334,100,100,1011,2.0148869462009116,6.718430596768883,2.2411131858825684,-1906.9033333333346,-0.014251089422032237,20.684832721948624,0.5903945127502084,0.011735445681551937,0.06936466018669307,2823,322.29270929415264,0.30826520919799805
2824,8829.863,1848.9233333333343,6823.333333333332,100,100,1006,2.1190448309096763,6.7826375082836305,2.3337020874023438,-1848.9233333333343,-0.013821257700328715,22.825547218322754,0.5275350296869874,0.008993626654046238,0.06920855975477025,2824,322.2976245423037,0.30826520919799805
2825,8832.8,1867.7666666666669,6938.999999999996,100,100,1007,2.0758831208107518,6.890764647467722,2.2884514331817627,-1867.7666666666669,-0.015401341515826061,31.17904245853424,0.5538150630891323,0.01405135222375975,0.05574717419221997,2825,322.30447863222514,0.30826520919799805
2826,8835.708,1929.716666666666,6818.999999999995,100,100,1006,1.9996657062166372,6.778330019880711,2.2126009464263916,-1929.716666666666,-0.017623899213504046,28.64155262708664,0.552425186149776,0.008890596725905198,0.07564113463740796,2826,322.3122402549616,0.30826520919799805
2827,8838.621,1781.1400000000015,6766.666666666669,100,100,1006,2.0296990052819117,6.726308813783965,2.238865375518799,-1781.1400000000015,-0.01582352421246469,29.152193188667297,0.4802248440682888,0.008329038253577892,0.08453634509351104,2827,322.3198686217982,0.30826520919799805
2828,8841.819,1854.543333333334,6864.666666666668,100,100,1011,2.2545241338314175,6.78997692054072,2.4923110008239746,-1854.543333333334,-0.01428885490167886,23.559524685144424,0.575978402979672,0.03109357150606229,0.05947457120055333,2828,322.3176086412536,0.30826520919799805
2829,8844.965,1881.27,6991.666666666666,100,100,1014,2.303595167191615,6.895134779750164,2.5446205139160156,-1881.27,-0.017730838619172573,29.352982878684998,0.5242394916713238,0.008505955371219898,0.06722005223855376,2829,322.3176668318121,0.30826520919799805
2830,8851.856,1851.05,6863.000000000001,100,100,1011,2.484891395421715,6.788328387734917,2.7274019718170166,-1851.05,-0.015596289478708059,20.59929472208023,0.5245302692055702,0.024638223292186012,0.06971890345448628,2830,322.3108557348347,0.30826520919799805
2831,8855.034,1905.5733333333335,6999.000000000004,100,100,1006,2.342749500316688,6.957256461232608,2.5653858184814453,-1905.5733333333335,-0.018049496051389724,24.69359540939331,0.5535762785002589,0.01634989820740884,0.07857082202099264,2831,322.1788947749244,0.30826520919799805
2832,8858.157,1954.513333333334,6910.000000000004,100,100,1005,2.2798484589774812,6.875621890547268,2.5006937980651855,-1954.513333333334,-0.024528384034056216,29.891579627990723,0.5919794412329793,-0.0013413025371846743,0.07132161478511989,2832,322.1787678748457,0.30826520919799805
2833,8861.281,1924.6433333333325,6848.666666666666,100,100,1005,2.289113333096626,6.814593698175787,2.508411407470703,-1924.6433333333325,-0.020634051878005266,35.184439301490784,0.5356576573103666,0.00961824546175194,0.0693142362870276,2833,322.178599715809,0.30826520919799805
2834,8864.453,1898.9799999999973,6939.000000000002,100,100,1006,2.3184028825820766,6.89761431411531,2.53975510597229,-1898.9799999999973,-0.017246174451429397,21.580765783786774,0.5197668289765716,0.03240662805910688,0.06910241162404418,2834,322.17677691612647,0.30826520919799805
2835,8867.669,1883.1533333333334,6870.333333333335,100,100,1007,2.3635918570010968,6.8225753061900045,2.589249610900879,-1883.1533333333334,-0.014267523103626445,23.14818239212036,0.5253227055072784,0.034300897728826385,0.08539727376773953,2835,322.1734878967354,0.30826520919799805
2836,8870.902,1851.8266666666677,6864.666666666669,100,100,1008,2.357469542836216,6.810185185185187,2.58870267868042,-1851.8266666666677,-0.01317058433778584,31.310199558734894,0.4955388680100441,0.01173471725633135,0.07014973973855376,2836,322.16976744683257,0.30826520919799805
2837,8874.073,1915.3699999999994,7095.999999999999,100,100,1008,2.3265832316523993,7.039682539682539,2.559973955154419,-1915.3699999999994,-0.016599975526332855,33.69876700639725,0.5284348782151937,0.015034000291052507,0.07454427116317675,2837,322.1681798651818,0.30826520919799805
2838,8877.257,1819.056666666668,6771.000000000004,100,100,1007,2.3254347559806354,6.723932472691166,2.553539514541626,-1819.056666666668,-0.011560223822016269,28.79749983549118,0.4778393739834428,0.027961851075815503,0.07496675511356443,2838,322.1660615916558,0.30826520919799805
2839,8880.659,1878.6866666666672,6942.9999999999945,100,100,1019,2.5114139332458874,6.813542688910691,2.7820327281951904,-1878.6866666666672,-0.01596880634315312,32.684169232845306,0.5323259066790342,0.02417167635576334,0.07361460541142151,2839,322.15739610472014,0.30826520919799805
2840,8887.227,1828.213333333333,6934.333333333334,100,100,1015,2.24347615894389,6.8318555008210184,2.486518621444702,-1828.213333333333,-0.017519697663374245,22.48246794939041,0.5366902817040682,0.024473393670632504,0.0690784800099209,2840,322.1580602060931,0.30826520919799805
2841,8890.454,1915.1566666666654,6781.333333333335,100,100,1005,2.3471591033884764,6.7475953565505815,2.5718467235565186,-1915.1566666666654,-0.014875262073474005,26.45925521850586,0.5898009957745671,0.009479639789788052,0.0673611112870276,2841,322.0296851284915,0.30826520919799805
2842,8893.609,1772.9233333333343,6857.333333333332,100,100,1009,2.3288499517550894,6.796167822926989,2.5627336502075195,-1772.9233333333343,-0.015533342229900882,31.415964365005493,0.5472698025405407,0.006667722318525193,0.06936583202332258,2842,322.02889351840753,0.30826520919799805
2843,8896.747,1875.1533333333343,6860.333333333334,100,100,1006,2.2572560634401073,6.819416832339298,2.4783482551574707,-1875.1533333333343,-0.01652151410235092,20.183751791715622,0.5355739211663604,0.024173997800971847,0.07029127044370398,2843,322.02838911023724,0.30826520919799805
2844,8899.871,1936.300000000001,7032.999999999998,100,100,1015,2.26708305609674,6.929064039408865,2.5110387802124023,-1936.300000000001,-0.015374141396023333,26.41607105731964,0.5563138565048575,0.023858740321884397,0.0764026987599209,2844,322.02937616558523,0.30826520919799805
2845,8902.939,1732.1200000000006,6807.666666666669,100,100,1018,2.216278390903099,6.687295350360185,2.454066514968872,-1732.1200000000006,-0.013260497711598873,28.898249000310898,0.4712899746373296,0.004920415238302667,0.0640321928076446,2845,322.0327467307218,0.30826520919799805
2846,8906.14,1950.8599999999992,7068.0,100,100,1011,2.335204746188185,6.991097922848665,2.573450803756714,-1950.8599999999992,-0.015833705896511674,32.280605375766754,0.5174433998763561,0.023398495410219766,0.07850796589627862,2846,322.03055237992095,0.30826520919799805
2847,8909.413,1856.586666666666,6942.999999999998,100,100,1016,2.394808562290048,6.8336614173228325,2.6438326835632324,-1856.586666666666,-0.016149715840583667,28.256565749645233,0.5003330912441015,0.020765428962477017,0.06626674137078226,2847,322.02626240814857,0.30826520919799805
2848,8912.614,1905.81,6887.999999999995,100,100,1006,2.3470449336123083,6.846918489065602,2.567201852798462,-1905.81,-0.016417212755186483,34.68161165714264,0.4929761942476034,0.028305832762271166,0.06432574731297791,2848,322.0234736852539,0.30826520919799805
2849,8915.828,1788.1266666666656,6778.333333333329,100,100,1009,2.377260157679705,6.7178724810042905,2.6029245853424072,-1788.1266666666656,-0.011813888675533235,16.743720710277557,0.480705632828176,0.020570047934597824,0.0698939731810242,2849,322.02058013347227,0.30826520919799805
2850,8922.603,1752.313333333334,6721.666666666666,100,100,1012,2.368363439981557,6.641963109354413,2.599142074584961,-1752.313333333334,-0.014106744201853871,24.020765244960785,0.5223632156848907,0.03919186664643348,0.06817157473415136,2850,322.0180546889051,0.30826520919799805
2851,8925.817,1943.4533333333338,6899.333333333336,100,100,1009,2.3511512423297845,6.837793194582097,2.5836493968963623,-1943.4533333333338,-0.016671452554874122,43.51995521783829,0.5205875616520643,0.021154237550945254,0.062340561067685485,2851,321.88663702486264,0.30826520919799805
2852,8928.931,1770.3433333333337,6763.000000000005,100,100,1007,2.288703971205773,6.715988083416092,2.5055696964263916,-1770.3433333333337,-0.00815235119080171,21.834066778421402,0.5221624793484807,0.026121402821445372,0.06795420526759699,2852,321.8871268591608,0.30826520919799805
2853,8932.061,1904.1599999999985,7151.666666666668,100,100,1007,2.290905460201078,7.101952995696791,2.51680326461792,-1904.1599999999985,-0.017625909589696676,23.09268781542778,0.5065372427925467,0.019033337208384182,0.07176695461384952,2853,321.8870753241497,0.30826520919799805
2854,8935.081,1928.7233333333352,6943.666666666671,100,100,1009,2.170019523366156,6.881731086884709,2.402362585067749,-1928.7233333333352,-0.019749868311919272,32.55589056015015,0.5166671508923173,0.005581727167736972,0.08202128484845161,2854,321.89120960994154,0.30826520919799805
2855,8938.228,1957.4933333333338,7050.666666666667,100,100,1012,2.286307614254342,6.967061923583663,2.5274198055267334,-1957.4933333333338,-0.015444871780346148,25.358721673488617,0.5708110397681594,0.01347909450851148,0.06084735586773604,2855,321.89109808008965,0.30826520919799805
2856,8941.328,1953.3166666666664,6827.666666666668,100,100,1013,2.180570583911898,6.740046067785457,2.422095537185669,-1953.3166666666664,-0.021023514855187386,32.3447744846344,0.49783836491405964,0.003476808145933319,0.07563752960413694,2856,321.8927992294881,0.30826520919799805
2857,8944.37,1714.03,6538.666666666665,100,100,1010,2.22562811842262,6.473927392739273,2.4514729976654053,-1714.03,-0.018251843808684498,22.835843324661255,0.48818472772836685,0.04376188437709061,0.08199218730442226,2857,321.89624401665736,0.30826520919799805
2858,8947.446,1818.42,6800.333333333333,100,100,1014,2.2324988143417537,6.706443129520053,2.471153497695923,-1818.42,-0.012808661063900217,21.919848293066025,0.47913601342588663,0.027992017596261576,0.0697518807137385,2858,321.8989114433106,0.30826520919799805
2859,8950.52,1743.3233333333335,6596.333333333335,100,100,1010,2.225476830372458,6.5310231023102325,2.452470064163208,-1743.3233333333335,-0.015264614019542933,18.223019242286682,0.5421189991757274,0.056062059447867796,0.06310546863824129,2859,321.9011843610819,0.30826520919799805
2860,8957.248,1764.0000000000011,6763.6666666666715,100,100,1012,2.284305135898012,6.683465085639003,2.5236074924468994,-1764.0000000000011,-0.015108125342521816,39.59671825170517,0.5575362406671047,0.011911117042473052,0.06520432699471712,2860,321.9002371409052,0.30826520919799805
2861,8960.292,1910.1699999999994,6980.666666666667,100,100,1004,2.2128305797496686,6.952855245683931,2.432986259460449,-1910.1699999999994,-0.00924517773091793,39.341238617897034,0.5248332126066089,0.02560719897519448,0.07128906273283064,2861,321.7751019141959,0.30826520919799805
2862,8963.574,1856.763333333332,6863.666666666667,100,100,1003,2.4349827509501565,6.843137254901961,2.6494991779327393,-1856.763333333332,-0.014663672969618347,42.834057211875916,0.4831970138475299,0.02169723060069373,0.07124364108312875,2862,321.7691891364828,0.30826520919799805
2863,8966.777,1787.84,6771.333333333335,100,100,1005,2.3568882591864884,6.737645107794363,2.5742621421813965,-1787.84,-0.01608047488844022,27.91604858636856,0.5035194521769881,0.03871978836832568,0.0820095487870276,2863,321.76635325322883,0.30826520919799805
2864,8969.941,1856.9066666666672,6801.999999999999,100,100,1011,2.315147084729335,6.727992087042531,2.550851583480835,-1856.9066666666672,-0.010427998815430328,33.14926552772522,0.4848595028743148,0.02115556093485793,0.07508999714627862,2864,321.76555003219477,0.30826520919799805
2865,8973.134,1846.7366666666671,6836.000000000002,100,100,1004,2.3671284865725237,6.808764940239046,2.5840437412261963,-1846.7366666666671,-0.014679689600598067,31.12770700454712,0.4823952931910753,0.020683132439444307,0.06316583813168108,2865,321.7629397901444,0.30826520919799805
2866,8976.337,1914.6933333333343,6975.666666666666,100,100,1009,2.314010607212509,6.913445655764783,2.5486788749694824,-1914.6933333333343,-0.020504302927292883,28.98480749130249,0.5429011164233088,0.021851684414286865,0.07785594696179032,2866,321.76054763664706,0.30826520919799805
2867,8979.578,1912.6533333333355,7022.000000000003,100,100,1008,2.3725999983273343,6.966269841269844,2.605102777481079,-1912.6533333333355,-0.02077282953541726,26.78703647851944,0.5253451354801655,0.02054817893440486,0.05891927087213844,2867,321.7566444810845,0.30826520919799805
2868,8982.872,1822.723333333333,6810.333333333337,100,100,1009,2.4378342903334542,6.7495870498843775,2.6734678745269775,-1822.723333333333,-0.014509006286971271,28.267078816890717,0.49570121243596077,0.02654090038049617,0.08957469707820565,2868,321.7510105124153,0.30826520919799805
2869,8986.197,1943.3166666666664,7014.666666666668,100,100,1005,2.485457215740795,6.979767827529023,2.7157392501831055,-1943.3166666666664,-0.016771461931057274,44.098542511463165,0.5532998843118548,0.014352982645505108,0.07391493069007993,2869,321.74377301182994,0.30826520919799805
2870,8992.756,1860.8999999999996,6676.666666666669,100,100,1005,2.3067733343570165,6.6434494195688245,2.523667097091675,-1860.8999999999996,-0.016492138849571347,30.355428993701935,0.518067380413413,0.09459436893666862,0.06646050355629995,2870,321.74316504890834,0.30826520919799805
2871,8995.814,1973.6566666666672,6890.333333333333,100,100,1007,2.1271161870779367,6.842436279377689,2.3478715419769287,-1973.6566666666672,-0.015128393191844225,46.378352880477905,0.5331007735803723,0.011627158513874747,0.07713804836384952,2871,321.62346369192267,0.30826520919799805
2872,8998.911,1832.3900000000008,6795.000000000002,100,100,1009,2.2366017845530353,6.734390485629338,2.4638419151306152,-1832.3900000000008,-0.017396412702510133,26.775276839733124,0.5161095438525081,0.027743776936404174,0.06955516582820565,2872,321.6249046847793,0.30826520919799805
2873,9001.898,1853.6366666666675,6870.6666666666715,100,100,1004,2.175202589960717,6.843293492695888,2.385760545730591,-1853.6366666666675,-0.015151067345868796,33.026198387145996,0.5206212308257818,0.01748257180224755,0.10178444627672434,2873,321.6297119756318,0.30826520919799805
2874,9004.939,1929.7966666666669,6967.999999999999,100,100,1006,2.2154118305407318,6.926441351888667,2.4371838569641113,-1929.7966666666669,-0.015380562632344663,35.40971368551254,0.5207227449864149,0.025530963859637268,0.06823199754580855,2874,321.6328233726557,0.30826520919799805
2875,9008.067,1929.8066666666666,7028.000000000002,100,100,1010,2.236125246036134,6.95841584158416,2.4685440063476562,-1929.8066666666666,-0.01695307670161128,38.292924284935,0.4940316239371896,0.013951202548923902,0.07132812472991645,2875,321.6332479507833,0.30826520919799805
2876,9011.203,1900.2300000000012,6937.333333333334,100,100,1005,2.2931169126581272,6.902819237147596,2.5145106315612793,-1900.2300000000012,-0.013409283652435988,27.8537278175354,0.5072427494451404,0.04122003642260097,0.08625217026565224,2876,321.63286864508984,0.30826520919799805
2877,9014.273,1868.019999999999,7003.666666666663,100,100,1008,2.210556943729956,6.948082010582008,2.432950019836426,-1868.019999999999,-0.014373301935847849,25.573584020137787,0.5090974513441324,0.0211886350880377,0.06477864616317675,2877,321.63514902661507,0.30826520919799805
2878,9017.225,1834.6200000000006,6996.000000000002,100,100,1009,2.094810009390352,6.933597621407336,2.3152101039886475,-1834.6200000000006,-0.01772033446468413,29.983334600925446,0.5521995630115271,0.006198296654474689,0.08709343103691936,2878,321.6417614328416,0.30826520919799805
2879,9020.266,1830.5633333333328,6774.333333333335,100,100,1006,2.1976882704787295,6.733929754804508,2.415055274963379,-1830.5633333333328,-0.016018958369386382,31.91047376394272,0.4925432335585356,0.05873432059888728,0.07281759520992637,2879,321.64483705873863,0.30826520919799805
2880,9026.68,1906.1166666666672,6853.999999999998,100,100,1007,2.2124853020981545,6.806355511420057,2.4362311363220215,-1906.1166666666672,-0.017351548769511282,32.10205543041229,0.5801732987165451,0.021317552778782556,0.07065533543936908,2880,321.64761866295436,0.30826520919799805
2881,9029.689,1914.2500000000002,7031.333333333335,100,100,1006,2.1507523874761483,6.989396951623593,2.3682618141174316,-1914.2500000000002,-0.02011595683870837,27.20517009496689,0.5300884293392301,0.02133583298200392,0.08296535338740796,2881,321.53213104431273,0.30826520919799805
2882,9032.718,1772.923333333335,6767.000000000002,100,100,1005,2.2064692528445775,6.733333333333335,2.416956663131714,-1772.923333333335,-0.019661826721858233,28.499801814556122,0.4994745347648859,0.03310867399204653,0.06268446205649525,2882,321.5355870868111,0.30826520919799805
2883,9035.649,1959.8500000000004,7010.000000000005,100,100,1005,2.104617510713748,6.975124378109458,2.319389581680298,-1959.8500000000004,-0.014476655545877293,30.759308636188507,0.5302878860384226,0.03632152981299441,0.07419704867061228,2883,321.54247891849775,0.30826520919799805
2884,9038.752,1887.1500000000015,6982.333333333335,100,100,1012,2.2319130459846375,6.899538866930173,2.4680240154266357,-1887.1500000000015,-0.01642676693154499,23.232130467891693,0.545930465683341,0.029218839103123173,0.0868013824801892,2884,321.5440505563307,0.30826520919799805
2885,9041.736,1890.0766666666655,6960.666666666663,100,100,1006,2.1444560641008126,6.919151756129884,2.3622679710388184,-1890.0766666666655,-0.011491922487039119,30.201464533805847,0.5642898734658957,0.020566863124258816,0.08179772429866716,2885,321.5492047514784,0.30826520919799805
2886,9044.823,2014.6733333333323,7111.000000000002,100,100,1012,2.229979447537312,7.026679841897235,2.4676079750061035,-2014.6733333333323,-0.016687055118381977,34.03116524219513,0.5832114741206169,0.015186332951998338,0.0658428487367928,2886,321.55133305708404,0.30826520919799805
2887,9047.874,1760.7500000000007,6664.999999999999,100,100,1008,2.230626386465571,6.612103174603174,2.45080304145813,-1760.7500000000007,-0.011694026412442327,37.255295157432556,0.5133673809468746,0.029394331053481437,0.09130859392462298,2887,321.5543388040928,0.30826520919799805
2888,9050.859,1894.6900000000003,6858.666666666669,100,100,1011,2.1513917900918513,6.784042202439831,2.3824119567871094,-1894.6900000000003,-0.018960364919621497,35.97187149524689,0.5579227190464735,0.039403615322953556,0.09964767191559076,2888,321.56001042743054,0.30826520919799805
2889,9053.956,1894.5500000000006,6986.0,100,100,1004,2.258433863442703,6.95816733067729,2.478203058242798,-1894.5500000000006,-0.021552150428760797,23.563461989164352,0.5545093612745404,0.017699058202197193,0.08229758543893695,2889,321.5608607963246,0.30826520919799805
2890,9060.097,1700.1800000000012,6633.333333333336,100,100,1005,2.2671667631919408,6.600331674958543,2.486440658569336,-1700.1800000000012,-0.01700435089878738,27.33287012577057,0.519499490968883,0.024977608882181812,0.08563368074828759,2890,321.56252192529837,0.30826520919799805
2891,9062.864,1830.7666666666655,6679.333333333336,100,100,1004,1.9510202159672843,6.6527224435590995,2.1539406776428223,-1830.7666666666655,-0.018495691823773086,26.08979234099388,0.5380532434210181,0.016554454257857287,0.08114346582442522,2891,321.4665032970541,0.30826520919799805
2892,9065.618,1769.2033333333318,6744.000000000001,100,100,1007,1.9556953352778899,6.6971201588877864,2.165952682495117,-1769.2033333333318,-0.01551917038159445,40.324020087718964,0.5016376338899136,0.05241502008811949,0.06879571138415486,2892,321.479895851729,0.30826520919799805
2893,9068.375,1865.3933333333337,6722.666666666666,100,100,1006,1.946596721063181,6.682571239231279,2.156054735183716,-1865.3933333333337,-0.01769571623299271,25.80072718858719,0.5523421308025718,0.009881586905976292,0.0978048574179411,2893,321.4930996295105,0.30826520919799805
2894,9071.15,1962.6399999999987,7179.999999999999,100,100,1009,1.9672113958546824,7.115956392467789,2.1858484745025635,-1962.6399999999987,-0.015153176675084978,24.809826970100403,0.5361956208944321,0.02708979793533217,0.07297313428716734,2894,321.5059829301163,0.30826520919799805
2895,9073.963,1991.2666666666673,7172.000000000001,100,100,1006,1.9724423491171974,7.129224652087476,2.1890382766723633,-1991.2666666666673,-0.012947468552738428,39.00404268503189,0.5693752821534872,0.012615430809091777,0.07916525163454935,2895,321.5171669106493,0.30826520919799805
2896,9076.716,1908.7799999999988,6922.999999999999,100,100,1007,1.948609632669274,6.874875868917576,2.1634976863861084,-1908.7799999999988,-0.01601373282028362,24.842199832201004,0.5166638065129519,0.01456325534672942,0.061959773825947195,2896,321.53061362842493,0.30826520919799805
2897,9079.496,1845.1566666666672,6758.333333333333,100,100,1006,1.9704173923105328,6.718025182239893,2.178461790084839,-1845.1566666666672,-0.018864663317799568,28.859206199645996,0.5537872463464737,0.025931889162166044,0.08092730981297791,2897,321.5429684941415,0.30826520919799805
2898,9082.409,1939.4566666666674,6989.666666666671,100,100,1007,2.066261074464128,6.941079112876535,2.2809998989105225,-1939.4566666666674,-0.01492130261613056,30.241944670677185,0.5364044718444347,0.04562138133042026,0.07278507301816717,2898,321.55071956862764,0.30826520919799805
2899,9085.526,1864.5000000000002,6874.333333333335,100,100,1009,2.2812647170666884,6.813016187644534,2.499342203140259,-1864.5000000000002,-0.014851014770101756,30.336028456687927,0.5117706749588251,0.003688360565320181,0.052315848181024194,2899,321.55145215364877,0.30826520919799805
2900,9092.079,1919.0966666666666,6901.666666666668,100,100,1008,2.2858918653958153,6.846891534391536,2.5070979595184326,-1919.0966666666666,-0.018671855446882546,29.94752734899521,0.49990878254175186,0.01810674041189486,0.07340494793606922,2900,321.5513273461643,0.30826520919799805
2901,9095.117,1793.6766666666674,6708.000000000001,100,100,1004,2.1931921340389717,6.6812749003984075,2.398869752883911,-1793.6766666666674,-0.01437746180454269,21.498607754707336,0.5441523138433695,0.024878075668311794,0.06436434667557478,2901,321.43358598184005,0.30826520919799805
2902,9098.28,1854.730000000001,6719.999999999996,100,100,1002,2.3350901189520434,6.706586826347301,2.539109230041504,-1854.730000000001,-0.019446518417680636,24.475313425064087,0.508782871067524,0.025028184449183755,0.0907505580689758,2902,321.4319765855267,0.30826520919799805
2903,9101.409,1866.123333333334,6896.999999999998,100,100,1002,2.3136829355305912,6.88323353293413,2.5173537731170654,-1866.123333333334,-0.015547063143458217,26.468185424804688,0.49196398723870516,0.03433863280224614,0.08779761916957796,2903,321.4315353786949,0.30826520919799805
2904,9104.404,1893.1566666666668,7090.333333333334,100,100,1008,2.1639957343549687,7.034060846560847,2.3861756324768066,-1893.1566666666668,-0.015510544937569648,30.683082282543182,0.5254084626212716,0.03087728237733245,0.09049479168606922,2904,321.4365230906286,0.30826520919799805
2905,9107.518,1906.0466666666675,6768.0,100,100,1009,2.2479708664621363,6.7076313181367695,2.4769251346588135,-1906.0466666666675,-0.019401905068662018,34.50898587703705,0.5136026181280613,0.028669394065218512,0.10422313457820565,2905,321.4374168812302,0.30826520919799805
2906,9110.741,1906.9500000000005,6838.000000000001,100,100,1007,2.3466922531677588,6.790466732869912,2.582332134246826,-1906.9500000000005,-0.013397489150520414,43.92224168777466,0.5241694394499063,0.010807969418237917,0.07239029236370698,2906,321.43423161962284,0.30826520919799805
2907,9113.808,1899.3699999999997,6966.666666666664,100,100,1004,2.215245616644532,6.938911022576359,2.4343209266662598,-1899.3699999999997,-0.01942723715910688,28.763906002044678,0.6054788278415799,0.03167733042209875,0.10063032689504325,2907,321.4362180972668,0.30826520919799805
2908,9116.905,1929.5466666666662,6889.666666666669,100,100,1001,2.1701149861574858,6.882783882783885,2.3806145191192627,-1929.5466666666662,-0.01045455812709406,39.49575901031494,0.5984833110123873,0.014668771778815426,0.07445693574845791,2908,321.43682314159287,0.30826520919799805
2909,9119.954,1885.1266666666675,7002.33333333334,100,100,1006,2.1569166026054094,6.960569913850239,2.374181032180786,-1885.1266666666675,-0.012401156447594985,32.897518277168274,0.6617023320868611,0.024635319037770387,0.1009256117977202,2909,321.43967393722346,0.30826520919799805
2910,9126.274,2051.003333333332,7117.666666666668,100,100,1004,2.0640564757070887,7.089309428950864,2.279574394226074,-2051.003333333332,-0.012362866080366075,53.61025249958038,0.6812694221735001,0.006884006899781525,0.06982421898283064,2910,321.4444418041888,0.30826520919799805
2911,9129.461,1857.3133333333346,6822.666666666668,100,100,1001,2.268216882987724,6.815850815850817,2.4787838459014893,-1857.3133333333346,-0.019393580914766062,27.389863431453705,0.6031294064596295,0.01756576129992027,0.07750571588985622,2911,321.3245617779011,0.30826520919799805
2912,9132.559,1931.0333333333347,6944.333333333334,100,100,1006,2.145174056986832,6.902915838303513,2.3636958599090576,-1931.0333333333347,-0.013776156643871218,30.206050753593445,0.5871456060558558,0.02792590999888489,0.07154381787404418,2912,321.3257244065915,0.30826520919799805
2913,9135.639,1978.463333333332,7069.666666666664,100,100,1003,2.1456832524411316,7.048521103356594,2.3585598468780518,-1978.463333333332,-0.015281107655027881,39.93015003204346,0.6004424914717674,0.027188400868908502,0.09441996738314629,2913,321.32716375859576,0.30826520919799805
2914,9138.745,1791.9499999999982,6787.666666666664,100,100,1005,2.2023006979450215,6.75389718076285,2.4155797958374023,-1791.9499999999982,-0.02199062501313165,32.32458680868149,0.6313437186181545,0.02169946167123271,0.10907118069007993,2914,321.32793493203434,0.30826520919799805
2915,9141.817,2027.8300000000004,6956.0,100,100,1007,2.159335451545573,6.907646474677259,2.3862099647521973,-2027.8300000000004,-0.019076516036875546,56.1307972073555,0.6649115309119225,0.022577931518753758,0.1119826294016093,2915,321.3300949267604,0.30826520919799805
2916,9144.907,1922.466666666666,7013.333333333335,100,100,1009,2.174978493020581,6.950776346217379,2.401689052581787,-1922.466666666666,-0.010335129976738244,29.114670246839523,0.6410743724554777,0.014725452216225676,0.07312260812614113,2916,321.3318531314892,0.30826520919799805
2917,9147.959,2009.8166666666666,7272.333333333335,100,100,1007,2.1596354533674966,7.221780867262497,2.3852715492248535,-2009.8166666666666,-0.014104097499512136,43.45121240615845,0.6142394002526999,0.02656559868773911,0.09613946126773953,2917,321.33473857443425,0.30826520919799805
2918,9150.957,1871.4833333333345,6723.333333333338,100,100,1007,2.083605661819011,6.676597153260514,2.2989916801452637,-1871.4833333333345,-0.014260726487918873,28.091639578342438,0.6125313369557261,0.0025528089231556805,0.07803149922983721,2918,321.3395154717542,0.30826520919799805
2919,9154.107,1884.3799999999994,6907.666666666666,100,100,1005,2.20968796065383,6.873300165837478,2.428001880645752,-1884.3799999999994,-0.01641871826723218,26.306873738765717,0.613160464912653,0.04393872023501899,0.07628038222901523,2919,321.33870420347495,0.30826520919799805
2920,9160.34,1855.5200000000002,7024.0,100,100,1006,2.1364773375076607,6.9821073558648115,2.349966287612915,-1855.5200000000002,-0.01670531410491094,28.16190594434738,0.5692454483360052,0.04290913179283962,0.07426120946183801,2920,321.3414256046714,0.30826520919799805
2921,9163.437,1919.466666666667,6782.000000000003,100,100,1002,2.1863497003398003,6.768463073852298,2.396646022796631,-1919.466666666667,-0.015204893075861037,28.598511576652527,0.6024467414245009,0.021473097360285465,0.0965634302701801,2921,321.2306733538876,0.30826520919799805
2922,9166.573,1884.0199999999988,7029.66666666667,100,100,1010,2.2095717794012906,6.960066006600663,2.440265417098999,-1884.0199999999988,-0.01623630791436881,29.157093405723572,0.5833494560793042,0.01874397120991489,0.08996093750465661,2922,321.2309670645882,0.30826520919799805
2923,9169.572,1873.6366666666684,6737.3333333333385,100,100,1010,2.0689734655413963,6.670627062706275,2.2940778732299805,-1873.6366666666684,-0.013696332811377943,25.644869327545166,0.5224881237372756,0.028959501654753694,0.06931640615221113,2923,321.2360422129126,0.30826520919799805
2924,9172.621,1911.0899999999997,6949.666666666666,100,100,1011,2.1414260135163965,6.874052093636663,2.3765721321105957,-1911.0899999999997,-0.013722237723413855,30.97139799594879,0.5870664222165942,0.03038229889352806,0.10709635447710752,2924,321.23948929470504,0.30826520919799805
2925,9175.613,1906.4633333333325,7112.000000000002,100,100,1003,2.075586339378969,7.090727816550351,2.2849509716033936,-1906.4633333333325,-0.008086310815997422,40.96901398897171,0.5902193114161491,0.014448098248976748,0.08270121738314629,2925,321.2440511784217,0.30826520919799805
2926,9178.638,1995.8200000000004,7269.000000000001,100,100,1004,2.1137602569765424,7.2400398406374515,2.332313299179077,-1995.8200000000004,-0.019459945091512054,34.39855772256851,0.6202957164496183,0.02572330323891947,0.09770063939504325,2926,321.24756614474313,0.30826520919799805
2927,9181.683,2037.9366666666672,7141.999999999999,100,100,1006,2.121059940669641,7.099403578528826,2.347951889038086,-2037.9366666666672,-0.01996549539035186,29.345989406108856,0.624529704451561,0.012646305804082658,0.08092730981297791,2927,321.25059644679266,0.30826520919799805
2928,9184.85,1923.1999999999982,6998.333333333328,100,100,1009,2.2578553023874552,6.935910142054834,2.4929161071777344,-1923.1999999999982,-0.022516921046189964,25.692643731832504,0.6187697965651751,0.009089968167245388,0.09554368606768548,2928,321.2496765388599,0.30826520919799805
2929,9187.804,1904.8233333333335,6860.333333333331,100,100,1007,2.0624564044073947,6.812644819596158,2.278911828994751,-1904.8233333333335,-0.011360194184817374,20.52503365278244,0.6152823194861412,0.005778911705419887,0.06644780578790233,2929,321.25597749707555,0.30826520919799805
2930,9194.089,1991.2399999999998,6996.999999999999,100,100,1009,2.152119821460864,6.934588701684835,2.3861019611358643,-1991.2399999999998,-0.01734784699510783,35.13083678483963,0.6285096611827612,0.04936467977677239,0.07049186830408871,2930,321.259197078692,0.30826520919799805
2931,9197.23,1897.7033333333343,6806.333333333336,100,100,1003,2.2346618157465117,6.785975407112,2.4525434970855713,-1897.7033333333343,-0.019773901964072138,28.72464770078659,0.5998038621619344,0.0659183701936854,0.08709574863314629,2931,321.14552455666603,0.30826520919799805
2932,9200.272,1947.2766666666678,6900.333333333332,100,100,1005,2.142176517651449,6.866003316749584,2.3607141971588135,-1947.2766666666678,-0.014639257686212659,41.23264104127884,0.6100075235590339,0.05489922688138904,0.07473958353511989,2932,321.1485627137617,0.30826520919799805
2933,9203.621,1796.2499999999998,6652.0,100,100,1004,2.417508766437283,6.625498007968128,2.6367032527923584,-1796.2499999999998,-0.01913308701477945,27.933826714754105,0.5128570012748241,0.033894697546202224,0.10014204564504325,2933,321.140780451096,0.30826520919799805
2934,9207.034,1931.6533333333336,6874.6666666666715,100,100,1004,2.4211747018505347,6.847277556440908,2.6333248615264893,-1931.6533333333336,-0.021031532029155642,31.129298865795135,0.5667640054598451,0.040621492440550355,0.08180930418893695,2934,321.1307824942849,0.30826520919799805
2935,9210.302,1958.2033333333318,7037.333333333328,100,100,1002,2.311419362867783,7.0232867598137005,2.517220973968506,-1958.2033333333318,-0.017057628836482763,28.544758141040802,0.5397012559697032,0.03958895344112534,0.09288969519548118,2935,321.12562225847967,0.30826520919799805
2936,9213.298,1914.0400000000009,6875.000000000005,100,100,1006,2.1366609330335353,6.833996023856863,2.354506492614746,-1914.0400000000009,-0.009484554379014298,35.01541316509247,0.5514438459649682,0.03176238259766251,0.10561735730152577,2936,321.13038519490675,0.30826520919799805
2937,9216.437,1869.946666666667,6894.0,100,100,1003,2.276570586453295,6.873379860418744,2.4839093685150146,-1869.946666666667,-0.018554033944383264,21.581100672483444,0.4754922864958644,0.029093572491547093,0.09931413515005261,2937,321.12985817812637,0.30826520919799805
2938,9219.776,1934.6199999999997,7065.000000000002,100,100,1010,2.4573865353526307,6.995049504950497,2.6861202716827393,-1934.6199999999997,-0.019203917327104136,29.377939462661743,0.5872506676241755,0.027821749630675185,0.07021484361030161,2938,321.1230880278253,0.30826520919799805
2939,9223.084,2017.1299999999997,6928.999999999996,100,100,1011,2.4383514364177232,6.853610286844704,2.673271417617798,-2017.1299999999997,-0.015220549423247576,34.10978055000305,0.48124528862535954,0.03036662818340119,0.09450635756365955,2939,321.11754086274243,0.30826520919799805
2940,9229.692,2004.469999999999,7113.666666666668,100,100,1009,2.2051519331475213,7.050214734060127,2.4309542179107666,-2004.469999999999,-0.017327208071947098,31.99240392446518,0.6044678688049316,0.019544220231182408,0.09125876892358065,2940,321.11853148027666,0.30826520919799805
2941,9232.654,1927.7866666666669,7072.666666666665,100,100,1002,2.0903296415004395,7.058549567531602,2.294065475463867,-1927.7866666666669,-0.0156260795192793,25.17155921459198,0.5524312360212207,0.03899803094100207,0.1335100452415645,2941,321.00249197194415,0.30826520919799805
2942,9235.736,1946.6299999999997,6951.333333333328,100,100,1007,2.2026131091668995,6.9030122476001265,2.422806739807129,-1946.6299999999997,-0.012556976464111358,32.55233705043793,0.5337760280817747,0.01964910948936449,0.08752701128832996,2942,321.0044216672258,0.30826520919799805
2943,9238.89,2055.7133333333345,7350.33333333333,100,100,1009,2.263871260975904,7.2847703997357085,2.489758253097534,-2055.7133333333345,-0.01114970212802291,30.691303849220276,0.5598470568656921,0.020408408483490348,0.09892179490998387,2943,321.00406644243253,0.30826520919799805
2944,9241.93,1963.2100000000005,7004.666666666667,100,100,1003,2.204165601051772,6.983715520106348,2.41371488571167,-1963.2100000000005,-0.01558555249357596,29.024407625198364,0.5451860493049026,0.05208214632148156,0.08027116651646793,2944,321.00697266649286,0.30826520919799805
2945,9244.847,1984.683333333334,6925.000000000004,100,100,1011,2.0658851645630807,6.849653808110785,2.2917282581329346,-1984.683333333334,-0.01917173049878329,22.674456387758255,0.5514490194618702,0.01725858749341569,0.10831227037124336,2945,321.01503893732394,0.30826520919799805
2946,9247.757,1825.4799999999989,6898.999999999999,100,100,1009,2.062263328127925,6.8374628344895925,2.2776834964752197,-1825.4799999999989,-0.015095967799425125,26.139653384685516,0.5563122471794486,0.013938252727484723,0.09445750946179032,2946,321.02314298375785,0.30826520919799805
2947,9250.892,1918.1666666666672,7135.333333333336,100,100,1005,2.2764263657241393,7.099834162520732,2.4912235736846924,-1918.1666666666672,-0.011148436111398041,35.054854929447174,0.564111434854567,0.02035165064080502,0.07851562509313226,2947,321.0229902599651,0.30826520919799805
2948,9254.012,1861.8433333333337,6777.333333333332,100,100,1008,2.265159721280234,6.723544973544972,2.4813973903656006,-1861.8433333333337,-0.013730601436691359,29.209507942199707,0.5701350029557943,0.031173225434031337,0.0755208334303461,2948,321.0237301577625,0.30826520919799805
2949,9256.945,1881.3599999999992,6910.666666666671,100,100,1003,2.052043968415146,6.88999667663676,2.2568283081054688,-1881.3599999999992,-0.017231288948096335,21.689130812883377,0.5791728366166353,0.046393632124818396,0.08466569765005261,2949,321.0303183696855,0.30826520919799805
2950,9263.259,1809.5266666666669,6897.666666666666,100,100,1008,2.0662648790416176,6.84292328042328,2.2766900062561035,-1809.5266666666669,-0.0094288713298738,28.33387327194214,0.6411703154444695,0.023575902116135694,0.09928385447710752,2950,321.0381852533803,0.30826520919799805
2951,9266.466,1848.0433333333322,6860.666666666665,100,100,1011,2.289317807129241,6.786020441806791,2.5193896293640137,-1848.0433333333322,-0.017105340550187975,26.924034416675568,0.623187854886055,0.07483974530623527,0.1120940565597266,2951,320.91835059004006,0.30826520919799805
2952,9269.788,1872.6400000000006,7121.666666666665,100,100,1004,2.440693825103001,7.0932934926958815,2.6497466564178467,-1872.6400000000006,-0.020344953241874464,24.516424298286438,0.6266618827357888,0.02715432344848523,0.07825816771946847,2952,320.9116510086348,0.30826520919799805
2953,9273.033,1936.3333333333328,6805.999999999999,100,100,1004,2.389149996707127,6.778884462151393,2.6051454544067383,-1936.3333333333328,-0.013156018918380141,41.10056430101395,0.6556543298065662,0.004179704592388589,0.056285511469468474,2953,320.9076313100465,0.30826520919799805
2954,9276.115,1961.6033333333337,6974.333333333333,100,100,1008,2.1942396805758424,6.918981481481481,2.4145090579986572,-1961.6033333333337,-0.018230943533126265,30.33021593093872,0.6579427439719439,0.03245437564328313,0.08805338572710752,2954,320.90966528037274,0.30826520919799805
2955,9279.168,1964.4833333333345,7022.66666666667,100,100,1007,2.18371241254031,6.973849718636216,2.4031357765197754,-1964.4833333333345,-0.01166691113030538,43.95648539066315,0.7011083634570241,0.018019113544141874,0.07824966736370698,2955,320.91261239909693,0.30826520919799805
2956,9282.342,1882.8266666666668,6844.333333333331,100,100,1009,2.290058373847406,6.783283779319456,2.518711566925049,-1882.8266666666668,-0.02102076797746122,35.426512122154236,0.6837967596948147,0.005607611967207049,0.08671476365998387,2956,320.9115764984486,0.30826520919799805
2957,9285.653,1868.3666666666668,6806.999999999997,100,100,1010,2.408670793785391,6.739603960396037,2.6351842880249023,-1868.3666666666668,-0.01622633246006444,37.75809359550476,0.5833155680447817,0.053838755360629875,0.0635156249627471,2957,320.90590990848364,0.30826520919799805
2958,9288.674,1893.5499999999995,6853.666666666669,100,100,1004,2.1636180297436334,6.826361221779551,2.37249493598938,-1893.5499999999995,-0.022318105708109215,23.976080656051636,0.6720836441963911,0.035908538091462106,0.07621626416221261,2958,320.90964711190736,0.30826520919799805
2959,9291.642,1909.1099999999988,7056.666666666664,100,100,1003,2.127783847364559,7.035559986706545,2.337200164794922,-1909.1099999999988,-0.0160326644545421,23.533132672309875,0.6835589418187737,0.00470362711848793,0.06830259808339179,2959,320.9150767866742,0.30826520919799805
2960,9297.537,2004.923333333334,7139.000000000002,100,100,1003,1.955187337817522,7.117647058823532,2.1625895500183105,-2004.923333333334,-0.01649756554979831,41.169479727745056,0.6745015596970916,0.027393675743951462,0.06709892791695893,2960,320.9262337830431,0.30826520919799805
2961,9300.388,1922.3599999999994,6969.666666666663,100,100,1009,1.9563027724256319,6.907499174099765,2.1740400791168213,-1922.3599999999994,-0.01673326041782275,33.855224907398224,0.6396771240979433,0.0842289372740197,0.08021763362921774,2961,320.8296306275377,0.30826520919799805
2962,9303.185,1965.8399999999997,7165.666666666666,100,100,1004,1.9561213159894726,7.1371181938911015,2.162992477416992,-1965.8399999999997,-0.0166586073464714,29.541680991649628,0.6725786849856377,0.02454655757173896,0.07719282689504325,2962,320.84108844393177,0.30826520919799805
2963,9305.968,2042.6599999999983,7173.999999999998,100,100,1007,1.9365493544583627,7.124131082423037,2.152442455291748,-2042.6599999999983,-0.01615589059656486,49.36490738391876,0.5922904051840305,0.07831100143084768,0.07274351693922654,2963,320.85336059098813,0.30826520919799805
2964,9308.742,1835.9533333333334,6743.999999999999,100,100,1007,1.9560594865663834,6.697120158887785,2.165067434310913,-1835.9533333333334,-0.014532470784615725,25.080728590488434,0.5848417608067393,0.054690203636710066,0.059830036538187414,2964,320.8659295370694,0.30826520919799805
2965,9311.555,1838.6400000000006,6903.666666666669,100,100,1005,1.9754596037178564,6.869320066334994,2.1807801723480225,-1838.6400000000006,-0.011671919317450374,35.70315861701965,0.6317592207342386,0.024329678402864374,0.07753906270954758,2965,320.8769089482932,0.30826520919799805
2966,9314.406,1907.2666666666673,6998.333333333337,100,100,1012,1.9501869545112043,6.915349143610016,2.1736323833465576,-1907.2666666666673,-0.009220176842063665,30.408320367336273,0.6410459345206618,0.05817266731901327,0.08492337755160406,2966,320.8873536153617,0.30826520919799805
2967,9317.272,1899.0133333333317,6857.999999999997,100,100,1002,1.9540319341456076,6.844311377245506,2.1556100845336914,-1899.0133333333317,-0.016560026677325368,34.22645515203476,0.5955876689404249,0.015243999941958464,0.08331008191453293,2967,320.89618291932703,0.30826520919799805
2968,9320.078,1908.443333333333,7015.999999999996,100,100,1008,1.9602183545228198,6.960317460317457,2.176117420196533,-1908.443333333333,-0.01360016642138362,27.471666634082794,0.6203812696039677,0.028466599440434948,0.08072916697710752,2968,320.90772798264135,0.30826520919799805
2969,9323.085,1882.7199999999991,6770.666666666668,100,100,1004,2.155250696575759,6.743691899070386,2.363116502761841,-1882.7199999999991,-0.01612083741929382,19.86986070871353,0.6441886946558952,0.04368792162858881,0.07728160521946847,2969,320.9119137592985,0.30826520919799805
2970,9329.674,1965.6166666666659,7082.333333333334,100,100,1013,2.146386377893109,6.991444554129648,2.3797974586486816,-1965.6166666666659,-0.016598577349213883,32.60540968179703,0.6992464195936918,0.015399986608827021,0.07093897415325046,2970,320.9150895171016,0.30826520919799805
2971,9332.89,1900.7266666666674,6754.666666666665,100,100,1005,2.3165629854638925,6.7210613598673286,2.5283734798431396,-1900.7266666666674,-0.013960364158265293,30.479625314474106,0.6658567450940609,0.07662463602173375,0.09164496534503996,2971,320.7909960828532,0.30826520919799805
2972,9335.791,1996.4200000000014,7066.333333333337,100,100,1005,2.0514910453374484,7.031177446102823,2.270064353942871,-1996.4200000000014,-0.01617742225062102,35.08632528781891,0.6843742337077856,0.05130020302021876,0.07355685788206756,2972,320.7989392867188,0.30826520919799805
2973,9338.835,1928.3933333333337,6892.666666666664,100,100,1008,2.1779654770008556,6.83796296296296,2.3940374851226807,-1928.3933333333337,-0.013816187842166983,38.250484347343445,0.571838685311377,0.05588607062236406,0.08333333348855376,2973,320.8023294715997,0.30826520919799805
2974,9341.965,1947.9666666666672,6860.333333333333,100,100,1006,2.251491748480678,6.819416832339297,2.4728429317474365,-1947.9666666666672,-0.01607535412767902,26.88500291109085,0.5960663761943579,0.032618050621067596,0.08795431395992637,2974,320.80252349600454,0.30826520919799805
2975,9345.069,1904.0000000000007,6787.000000000001,100,100,1006,2.248650198482036,6.746520874751492,2.461107015609741,-1904.0000000000007,-0.01632519147824496,36.0657063126564,0.5949891889467835,0.04066319947014563,0.08695652184542269,2975,320.8036322284304,0.30826520919799805
2976,9348.101,1894.6799999999994,7018.999999999998,100,100,1005,2.1648663661410263,6.9840796019900475,2.3760337829589844,-1894.6799999999994,-0.01611589698586613,23.93148761987686,0.562263322994113,0.07692501630663173,0.09573567728511989,2976,320.8070916117213,0.30826520919799805
2977,9351.097,1835.8700000000013,6950.333333333338,100,100,1008,2.1320348212842846,6.895171957671962,2.3454337120056152,-1835.8700000000013,-0.01587126075901324,32.75818622112274,0.5169699937105179,0.05858953535789624,0.07519531267462298,2977,320.8120885916345,0.30826520919799805
2978,9353.95,1898.0533333333342,6931.666666666668,100,100,1009,1.9954423187300563,6.8698381235546755,2.2132158279418945,-1898.0533333333342,-0.007052215631119907,32.74419832229614,0.5290665756911039,0.049525740068929736,0.08329679537564516,2978,320.8221113715798,0.30826520919799805
2979,9356.786,2001.2566666666673,7118.333333333331,100,100,1007,1.9990172799697004,7.06885137371731,2.215008020401001,-2001.2566666666673,-0.014247283979784697,28.047644793987274,0.6026680590584874,0.0394369795176317,0.08602061169221997,2979,320.832480463316,0.30826520919799805
2980,9362.764,1866.3566666666675,7022.333333333339,100,100,1011,1.9766454983080721,6.945928123969673,2.1954047679901123,-1866.3566666666675,-0.012650936201680452,28.135620176792145,0.6048738583922386,0.049636120258583105,0.05800015345448628,2980,320.84336034354243,0.30826520919799805
2981,9365.599,1919.0200000000011,6837.333333333335,100,100,1006,1.9811165043908296,6.796554009277669,2.1899540424346924,-1919.0200000000011,-0.012549133854918182,27.747690558433533,0.5536490138620138,0.03769769729115069,0.06929347827099264,2981,320.7459450484607,0.30826520919799805
2982,9368.447,1971.02,6984.666666666663,100,100,1009,1.992957779239564,6.9223653782623025,2.212019920349121,-1971.02,-0.01780375384259969,40.07549458742142,0.6377182677388191,0.017403334211849142,0.08239995205076411,2982,320.7561407103262,0.30826520919799805
2983,9371.283,1861.5133333333333,6965.333333333336,100,100,1003,2.0050274174296456,6.94449983383184,2.2081613540649414,-1861.5133333333333,-0.01684877320076339,31.08477234840393,0.5715379929170012,0.04297391905129189,0.08029387705028057,2983,320.76611543070777,0.30826520919799805
2984,9374.103,1950.0666666666664,6875.333333333332,100,100,1012,1.9749590907091268,6.793807641633728,2.1997485160827637,-1950.0666666666664,-0.014901178714353591,33.452575862407684,0.5548200597986579,0.058827759323321516,0.06798377423547208,2984,320.77757670813276,0.30826520919799805
2985,9376.963,1956.8233333333337,7039.000000000003,100,100,1011,1.976026211285818,6.962413452027698,2.1994264125823975,-1956.8233333333337,-0.014899995527230203,22.398139029741287,0.5943328533321619,0.06500435560883489,0.09025543858297169,2985,320.78754495916104,0.30826520919799805
2986,9379.769,1823.746666666666,6736.999999999999,100,100,1006,1.986168887004234,6.696819085487077,2.1916613578796387,-1823.746666666666,-0.016584938974119723,29.522367775440216,0.49082005489617586,0.046182448088075034,0.0738790761679411,2986,320.79883743957555,0.30826520919799805
2987,9382.57,1864.8466666666684,6959.333333333333,100,100,1007,1.9614376362862644,6.9109566368752064,2.1716654300689697,-1864.8466666666684,-0.013906365958973765,24.830736696720123,0.5620260024443269,0.05971399477130035,0.08250914211384952,2987,320.8104114719129,0.30826520919799805
2988,9385.434,1882.6500000000003,7150.333333333334,100,100,1011,1.9883222533224112,7.072535443455325,2.2104761600494385,-1882.6500000000003,-0.01332566887140274,22.612434774637222,0.5934147853404284,0.02639363788330229,0.08229932619724423,2988,320.8202293568374,0.30826520919799805
2989,9388.256,1851.7166666666662,6764.666666666663,100,100,1006,1.9766570567190425,6.724320742213383,2.1854774951934814,-1851.7166666666662,-0.01410220714751631,24.646216541528702,0.5216608261689544,0.05103526893799426,0.062075407593511045,2989,320.8309731631735,0.30826520919799805
2990,9394.208,1885.413333333333,7102.6666666666615,100,100,1008,1.9726096237834085,7.046296296296291,2.1852636337280273,-1885.413333333333,-0.01487635262310505,22.5860897898674,0.5291498219594359,0.025167631458316464,0.07796223973855376,2990,320.8419546549228,0.30826520919799805
2991,9397.094,1995.9866666666678,7151.000000000003,100,100,1014,1.9681363915785766,7.05226824457594,2.197006940841675,-1995.9866666666678,-0.011685974372085184,25.250654608011246,0.5668269861489534,0.03675234296679264,0.0604745369637385,2991,320.7443737171757,0.30826520919799805
2992,9399.952,1956.0433333333328,7103.666666666671,100,100,1007,1.9812334660448083,7.054286660046346,2.1955432891845703,-1956.0433333333328,-0.01756282232236117,30.293059468269348,0.6244201827794313,0.059138532531505916,0.05547706090146676,2992,320.7539854807839,0.30826520919799805
2993,9402.734,1934.0799999999986,6997.666666666662,100,100,1011,1.9489281901096673,6.921529838443781,2.171847105026245,-1934.0799999999986,-0.01400389731861651,27.80703514814377,0.61506521794945,0.0317707651447563,0.07546338869724423,2993,320.7665979457622,0.30826520919799805
2994,9405.551,1956.36,7139.999999999995,100,100,1012,1.9645114619562793,7.055335968379442,2.185535192489624,-1956.36,-0.008761864039115608,33.0648934841156,0.577668946236372,0.045798115294019226,0.06948617822490633,2994,320.7781143202212,0.30826520919799805
2995,9408.396,1914.5800000000004,6940.0,100,100,1005,1.9621774125658902,6.9054726368159205,2.1676437854766846,-1914.5800000000004,-0.009562178107444197,29.547334372997284,0.6433614511042833,0.015467912366148084,0.06345486117061228,2995,320.78794198710364,0.30826520919799805
2996,9411.217,1904.186666666667,7008.666666666663,100,100,1007,1.9686620702362196,6.959947037404829,2.1799347400665283,-1904.186666666667,-0.010688826587283984,34.66305011510849,0.6371257929131389,0.025600170003599487,0.06324800522997975,2996,320.7987947597107,0.30826520919799805
2997,9413.986,2026.3366666666666,6985.666666666669,100,100,1005,1.919421693773486,6.950912106135989,2.1332309246063232,-2026.3366666666666,-0.008845625896356069,61.98691916465759,0.660639425739646,0.015006188979896251,0.07363281265133992,2997,320.811172555929,0.30826520919799805
2998,9416.832,1847.6933333333332,6769.000000000002,100,100,1009,1.9692531246895006,6.708622398414273,2.186095952987671,-1847.6933333333332,-0.01598792360164225,28.754985839128494,0.6358285341411829,0.01787033382424852,0.07034239452332258,2998,320.8213901864947,0.30826520919799805
2999,9419.601,1870.279999999999,6999.999999999998,100,100,1008,1.940855854569698,6.944444444444443,2.151665449142456,-1870.279999999999,-0.014669227006379515,37.98338061571121,0.601978094317019,0.028947378628799925,0.10839843767462298,2999,320.8340792103189,0.30826520919799805
3000,9425.42,2015.2466666666662,7173.333333333332,100,100,1007,1.931626316971056,7.123469049983448,2.145223617553711,-2015.2466666666662,-0.018025934405159205,29.4140687584877,0.73532092012465,0.01466092962618859,0.0865920044016093,3000,320.84634139966647,0.30826520919799805
