step,wall_clock_s,mean_flow_time,makespan,n_completed,n_orders,n_decisions,decision_time_ms,sim_time_per_decision,solve_wall_clock_s,reward_sum,policy_loss,value_loss,entropy,approx_kl,clip_fraction,episode,sps,gpu_mem_gb
1,3.286,2126.3933333333325,7481.333333333334,100,100,1030,2.30828689284695,7.263430420711975,2.5947768688201904,-2126.3933333333325,-0.030549220083390966,1450.3888262580422,1.28470958331052,0.006784445387037361,0.18060661764705882,1,313.43412880512363,0.30533790588378906
2,5.936,2187.04,7697.333333333337,100,100,1032,1.9866983502581643,7.458656330749357,2.2688887119293213,-2187.04,-0.05128440323888379,1491.7219058766084,1.2641478952239542,0.014237715533989318,0.20174632352941177,2,347.3620276502212,0.30533790588378906
3,8.604,2095.99,7442.000000000005,100,100,1029,1.9841202157092497,7.232264334305155,2.257558822631836,-2095.99,-0.04068918153643608,1380.3447265625,1.1976005224620594,0.018879409495960262,0.22113970667123795,3,359.2723141148813,0.30533790588378906
4,11.248,2196.1166666666672,7662.333333333334,100,100,1031,1.9705702227094977,7.4319430973165215,2.25199031829834,-2196.1166666666672,-0.04393315715167452,1484.814395680147,1.1892144890392529,0.011903328437577276,0.19511554696980646,4,366.4789485192129,0.30533790588378906
5,13.905,2095.7466666666664,7423.666666666662,100,100,1030,1.9895658249632246,7.207443365695789,2.267812967300415,-2095.7466666666664,-0.052197852281524855,1376.116745892693,1.2184118225294,-0.0020333567278130967,0.2006740201922024,5,370.5148141684002,0.30533790588378906
6,16.591,2140.983333333334,7655.000000000001,100,100,1031,2.0043562562950137,7.424830261881669,2.28410267829895,-2140.983333333334,-0.049199065083966535,1382.7056310317096,1.1611518000855165,0.012769844732247293,0.20286239595974193,6,372.66381546806684,0.30533790588378906
7,19.237,2129.516666666666,7520.666666666671,100,100,1030,1.9800700979687056,7.3016181229773505,2.256669044494629,-2129.516666666666,-0.031778798493392324,1406.5549962660846,1.1134311697062325,0.005514365579823361,0.19332107857746236,7,374.9505649730818,0.30533790588378906
8,22.059,2140.2433333333333,7642.333333333336,100,100,1031,2.1262681888548296,7.41254445522147,2.4093780517578125,-2140.2433333333333,-0.033969633007312525,1435.0998822380516,1.019189846866271,0.012453564285191105,0.2545955899883719,8,373.7227560238994,0.30533790588378906
9,24.985,1941.7933333333342,7164.3333333333385,100,100,1032,2.2340782932926317,6.942183462532305,2.5181729793548584,-1941.7933333333342,-0.04587389315095018,1156.0436886058135,0.9828285013928133,-0.0014736625393304754,0.21507352941176472,9,371.2579623739405,0.30533790588378906
10,31.408,2223.6166666666672,7705.333333333333,100,100,1034,2.2084329800132654,7.451966473243068,2.5070958137512207,-2223.6166666666672,-0.03656107170836014,1524.2193603515625,1.0040419031591976,0.024173305188442636,0.22352941180853284,10,369.48590757661236,0.30533790588378906
11,34.467,2134.69,7690.33333333333,100,100,1032,2.3542678317771646,7.451873385012917,2.654222011566162,-2134.69,-0.03514703187872382,1367.001387652229,0.9005289375782013,0.02953664877671091,0.23253676470588236,11,329.06374521663344,0.30533790588378906
12,37.466,2131.7233333333324,7493.666666666664,100,100,1029,2.281570455025016,7.28247489471979,2.575547456741333,-2131.7233333333324,-0.011638904538224725,1374.1696382410387,0.9547020950738121,0.028431590057580787,0.210845588322948,12,330.1928292197406,0.30533790588378906
13,40.34,2061.82,7278.999999999995,100,100,1032,2.1785522277318954,7.053294573643407,2.468118667602539,-2061.82,-0.010824862100622234,1270.6769516888787,0.9618996399290421,0.022076232358813286,0.2113970588235294,13,332.2513415792394,0.30533790588378906
14,43.192,2054.2566666666676,7407.66666666667,100,100,1031,2.15479388874147,7.184933721306178,2.4392476081848145,-2054.2566666666676,-0.012222007464836626,1288.1796031278723,0.8614829463117263,0.05741914245299995,0.22931985469425425,14,334.1848834918753,0.30533790588378906
15,46.265,2064.3000000000015,7464.333333333334,100,100,1027,2.3720070111910796,7.268094774423889,2.655658721923828,-2064.3000000000015,-0.042235054513987375,1249.8905496036305,0.8658694922924042,0.032803435111418366,0.1879595588235294,15,334.18708769480213,0.30533790588378906
16,49.255,2184.87,7640.333333333331,100,100,1029,2.286003208022286,7.425008098477484,2.5731897354125977,-2184.87,-0.038838602547698164,1379.0694256950828,0.7275350830134224,0.047909295145312655,0.1988051472341313,16,334.79111511089894,0.30533790588378906
17,52.051,2002.490000000001,7278.666666666665,100,100,1033,2.1136106459139,7.046143917392706,2.4010074138641357,-2002.490000000001,-0.0357024606098147,1121.2075446633733,0.7327997982501984,0.02944487283992417,0.1932700164616108,17,336.64978853186886,0.30533790588378906
18,54.748,2086.0199999999995,7481.000000000001,100,100,1030,2.0297381552207527,7.263106796116506,2.306501865386963,-2086.0199999999995,-0.011604849906528698,1276.7293485753676,0.7193365342476788,0.04994557426749345,0.1669730395078659,18,338.8796659864331,0.30533790588378906
19,57.422,2206.6800000000007,7842.333333333336,100,100,1027,2.0133053559488903,7.636157091853296,2.2846856117248535,-2206.6800000000007,0.025796675451976413,1459.194860121783,0.7490314525716445,0.07455871466492467,0.18964460842749653,19,340.992147077898,0.30533790588378906
20,63.417,2189.4733333333315,7568.999999999995,100,100,1030,1.9975741714853974,7.348543689320384,2.2768664360046387,-2189.4733333333315,-0.028676208519541165,1349.356886919807,0.7268733820494484,0.052169326418901193,0.21537990210687413,20,342.92332854322785,0.30533790588378906
21,66.146,2223.4933333333324,7748.666666666668,100,100,1028,2.0275104093113514,7.537613488975357,2.303337574005127,-2223.4933333333324,0.011250916320611449,1416.7798641429229,0.7502767180695253,0.065102290307336,0.18979779411764705,21,327.12246491024416,0.30533790588378906
22,68.857,2155.4233333333336,7478.000000000004,100,100,1033,2.017156149184968,7.239109390125851,2.3070669174194336,-2155.4233333333336,-0.007868865176158793,1252.3195046817555,0.7778138360556435,0.07768161167554996,0.16993464091244867,22,329.2495461910557,0.30533790588378906
23,71.51,2033.9800000000005,7360.333333333334,100,100,1027,1.9972977627924813,7.166828951639078,2.2617344856262207,-2033.9800000000005,-0.007854044245665564,1161.9775139303767,0.7581996102543438,0.03922642548979424,0.15854779411764705,23,331.3977651067496,0.30533790588378906
24,74.172,2001.0766666666657,7389.333333333332,100,100,1030,2.0053884455283146,7.174110032362458,2.2766199111938477,-2001.0766666666657,-0.02364792532342322,1054.845173555262,0.7294582018957418,0.13500176247394205,0.19209558867356358,24,333.38758062574163,0.30533790588378906
25,76.846,2072.556666666667,7369.333333333334,100,100,1029,2.011247813489842,7.161645610625203,2.285332202911377,-2072.556666666667,-0.009306486422086464,1131.0803886862361,0.6578968745820662,0.14346039296566127,0.20036764793536244,25,335.17902288348284,0.30533790588378906
26,79.499,2152.2000000000003,7576.666666666665,100,100,1030,1.9912584457609765,7.35598705501618,2.266106605529785,-2152.2000000000003,-0.024693435140173223,1199.4691018497242,0.71643207441358,0.1358889294856721,0.17861519622452118,26,336.94782625135474,0.30533790588378906
27,82.196,2140.5600000000004,7613.333333333331,100,100,1029,2.029794266160516,7.39876903142209,2.3072102069854736,-2140.5600000000004,-0.015049265533247414,1188.3504566865809,0.7691443299545961,0.09060880937613547,0.17849264732178519,27,338.41129042562267,0.30533790588378906
28,84.894,2043.0600000000004,7419.0,100,100,1030,2.0293852429638064,7.202912621359223,2.306732416152954,-2043.0600000000004,-0.010208694099941674,1039.3992004394531,0.7007667203159893,0.1223012004595469,0.20940563740099177,28,339.78895333339244,0.30533790588378906
29,87.607,2061.440000000001,7276.999999999999,100,100,1034,2.0344988402425956,7.037717601547388,2.3217267990112305,-2061.440000000001,0.014303184059612891,1097.5507776596967,0.7437509754124809,0.053874264532864535,0.14163602976238027,29,341.0672312640949,0.30533790588378906
30,93.624,2026.7833333333326,7396.33333333333,100,100,1034,2.0350254334669695,7.153127014829139,2.3183279037475586,-2026.7833333333326,-0.012447850997833645,995.3680473776425,0.7126882163917317,0.10131728419047945,0.15955882388002732,30,342.27504211668804,0.30533790588378906
31,96.327,2085.1566666666663,7515.333333333336,100,100,1028,2.0223691620581317,7.310635538262,2.2965269088745117,-2085.1566666666663,-0.014731781721553382,1039.623249727137,0.730002760887146,0.0611611273523201,0.16268382352941177,31,331.59838271111244,0.30533790588378906
32,99.054,2155.1166666666672,7459.999999999999,100,100,1033,2.0200364952744683,7.221684414327202,2.3086252212524414,-2155.1166666666672,-0.023216200006358764,1110.622912238626,0.8008065153570736,0.06632396962274523,0.18775531057925784,32,332.89764771488007,0.30533790588378906
33,101.767,2087.5799999999995,7426.0,100,100,1030,2.03621213604669,7.209708737864077,2.314558982849121,-2087.5799999999995,-0.024760475573951706,1021.5571253159467,0.7504832192378885,0.14568165492485552,0.1930147063206224,33,334.1452191330596,0.30533790588378906
34,104.436,2144.7699999999995,7435.0,100,100,1028,2.003403305205614,7.232490272373541,2.2783548831939697,-2144.7699999999995,-0.039514963624670225,1039.5258959601906,0.7163195894921527,0.1438575231209945,0.12775735294117646,34,335.449877353629,0.30533790588378906
35,107.166,2197.1800000000003,7545.666666666666,100,100,1029,2.04443265444104,7.333009394233883,2.324105739593506,-2197.1800000000003,0.004222873981822939,1123.0332946777344,0.7501363701680127,0.16216737764668376,0.1749080884106019,35,336.5074580562578,0.30533790588378906
36,109.842,2097.7466666666674,7484.333333333334,100,100,1030,2.007352135673129,7.266343042071198,2.284468173980713,-2097.7466666666674,-0.008846757823930067,958.3666399787454,0.7100700332837946,0.4117309023379622,0.17172181430984945,36,337.6837125571763,0.30533790588378906
37,112.47,2126.2666666666664,7577.666666666666,100,100,1031,1.9646125126794471,7.3498221791141285,2.241745710372925,-2126.2666666666664,-0.016176558373605505,998.3176431094898,0.7597747935968286,0.2146325860692955,0.18178834152572296,37,338.96053072591195,0.30533790588378906
38,115.091,2218.4499999999994,7558.000000000003,100,100,1031,1.941870710569516,7.330746847720662,2.225215435028076,-2218.4499999999994,-0.028848722357960307,1038.8812345616957,0.7508887043770622,0.14068895112723112,0.13662027348490322,38,340.201169187048,0.30533790588378906
39,117.744,2151.133333333332,7566.999999999996,100,100,1032,1.9745961257595888,7.332364341085268,2.2578561305999756,-2151.133333333332,-0.014816190280458507,986.1823138068704,0.7548597963417277,0.09862096047521952,0.12270220588235294,39,341.30077880372863,0.30533790588378906
40,123.539,2073.4800000000005,7574.333333333335,100,100,1033,1.9675378515479756,7.332365279122299,2.24576735496521,-2073.4800000000005,0.013087547274635118,889.6497695025275,0.7949037096079659,0.24979331082773998,0.16145833340637825,40,342.41458186196434,0.30533790588378906
41,126.152,2072.333333333334,7496.333333333333,100,100,1032,1.9458551380590197,7.263888888888888,2.2239410877227783,-2072.333333333334,0.012854844496092376,832.0086795582491,0.7934443600037518,0.1448665021042175,0.13924632352941177,41,334.9212274783272,0.30533790588378906
42,128.804,2159.54,7570.0000000000055,100,100,1031,1.9772129965978598,7.342386032977696,2.260005235671997,-2159.54,0.0022514085011447176,913.6625276453354,0.6968254622291116,0.35190393665449365,0.14961922387866414,42,336.02923809337085,0.30533790588378906
43,131.426,2098.3466666666673,7595.666666666668,100,100,1033,1.9528481110593254,7.353017102291063,2.2322745323181152,-2098.3466666666673,0.023384277544477406,863.7133053050321,0.7508292285835042,0.1809496620313867,0.17391748375752392,43,337.1863452935594,0.30533790588378906
44,134.091,2162.876666666666,7634.666666666663,100,100,1028,1.9892979562074193,7.426718547341112,2.2661590576171875,-2162.876666666666,0.009888355346286999,916.8280639648438,0.7305140284930959,0.09955716680954485,0.11121323529411764,44,338.15010201631577,0.30533790588378906
45,136.738,2239.1899999999996,7637.999999999997,100,100,1030,1.968396990333946,7.415533980582522,2.251223564147949,-2239.1899999999996,-0.010135102976003991,944.7381448184742,0.7327121268300449,0.1355988758698325,0.1502757357323871,45,339.1377014800326,0.30533790588378906
46,139.399,2019.4066666666677,7295.666666666668,100,100,1030,1.996719222108933,7.0831715210356,2.270930767059326,-2019.4066666666677,-0.019015749039895394,696.5117663215188,0.6952463870539385,0.10604766058489024,0.09604779411764706,46,340.0523267585501,0.30533790588378906
47,142.189,2007.4566666666651,7318.000000000002,100,100,1031,2.091183801268333,7.097963142580022,2.3724324703216553,-2007.4566666666651,-0.014531504773699185,685.387285120347,0.6545367389917374,0.17945011703790548,0.12939863564337,47,340.63141764456014,0.30533790588378906
48,145.067,1979.0700000000006,7343.333333333332,100,100,1031,2.1870879732590858,7.1225347559004195,2.469744920730591,-1979.0700000000006,-0.000885134727201041,613.0168699376724,0.6727866863503176,0.13852043004761286,0.12158613520510056,48,340.9805232987606,0.30533790588378906
49,147.955,2078.883333333331,7414.333333333326,100,100,1030,2.1889606797027863,7.198381877022646,2.4797911643981934,-2078.883333333331,-0.01987340682021835,690.0873152788947,0.6783127951271394,0.22093707028612056,0.12071078445981531,49,341.28876598312036,0.30533790588378906
50,154.137,2068.0600000000013,7417.333333333337,100,100,1033,2.064846077503858,7.180380767989678,2.3558895587921143,-2068.0600000000013,-0.021573686972260475,655.6716757381664,0.7261002335478278,0.22787076794980643,0.12831903599640904,50,341.87049146290883,0.30533790588378906
51,156.889,2143.5666666666657,7733.333333333333,100,100,1035,2.0366757504129107,7.471819645732689,2.331251382827759,-2143.5666666666657,-0.008666707230184008,722.8018008961398,0.7417475440922905,0.10382467059089857,0.10820521414279938,51,335.0340025914024,0.30533790588378906
52,159.696,2187.5733333333337,7682.666666666665,100,100,1031,2.120960039397382,7.451665050113157,2.4084694385528564,-2187.5733333333337,-0.002629694569965496,719.0493828268612,0.7242863160722396,0.3349807439234984,0.1377363459152334,52,335.5996610691609,0.30533790588378906
53,162.538,2168.8299999999986,7530.666666666667,100,100,1032,2.1504131783126645,7.297157622739018,2.4392201900482178,-2168.8299999999986,-0.007131818353253252,710.8379552504596,0.6921488160596174,0.1257868243573124,0.13419117647058823,53,336.08104510817344,0.30533790588378906
54,165.358,2167.1966666666667,7587.33333333333,100,100,1028,2.1299561272748537,7.380674448767831,2.409390926361084,-2167.1966666666667,-0.0036487195859937105,676.4106355554917,0.7048053548616522,0.16101011740701163,0.11764705882352941,54,336.5668785620621,0.30533790588378906
55,168.358,2125.6800000000003,7398.666666666666,100,100,1029,2.296454616866651,7.19015225137674,2.583782434463501,-2125.6800000000003,0.012391792555503985,644.3766452564913,0.6756894413162681,0.18428054358810186,0.08299632370471954,55,336.6805955974861,0.30533790588378906
56,171.206,2144.7400000000007,7638.33333333333,100,100,1029,2.1550642386209167,7.423064463880787,2.4411985874176025,-2144.7400000000007,-0.012110723346910057,573.8546331069049,0.733481946236947,0.2106629857546924,0.09696691176470588,56,337.0904662147294,0.30533790588378906
57,173.86,2219.0433333333335,7737.666666666666,100,100,1031,1.9731445210442944,7.505011315874555,2.252113103866577,-2219.0433333333335,-0.00023854885469464695,631.0666010239545,0.694082985029501,0.2618196803172502,0.08088235294117647,57,337.8765615252949,0.30533790588378906
58,176.492,2152.0433333333335,7581.999999999999,100,100,1031,1.96646605225354,7.354025218234723,2.243041515350342,-2152.0433333333335,0.006473036414450582,595.459815530216,0.7140350674881655,0.21004795635749093,0.06991859262480456,58,338.6781431833678,0.30533790588378906
59,179.087,2011.5366666666669,7307.666666666667,100,100,1021,1.9700591595858028,7.157362063336598,2.2182679176330566,-2011.5366666666669,-0.004402123566251248,484.5068988800049,0.6398582849651575,0.2471177257830277,0.1026751403696835,59,339.47192083786973,0.30533790588378906
60,184.959,2116.076666666667,7543.000000000002,100,100,1033,1.968298742654918,7.302032913843177,2.2483694553375244,-2116.076666666667,-0.004268091171979904,516.909241620232,0.6719842255115509,0.15420306095963016,0.07358047388055745,60,340.2324703080633,0.30533790588378906
61,187.66,2178.08,7614.999999999999,100,100,1034,1.9981705997277923,7.364603481624758,2.289395332336426,-2178.08,-0.013965714613304418,550.0175179874195,0.6878875406349406,0.29817907971001284,0.06590073533794459,61,334.9778071014231,0.30533790588378906
62,190.325,2173.0466666666675,7494.3333333333385,100,100,1030,1.988273688243901,7.27605177993528,2.2685439586639404,-2173.0466666666675,0.0033562206389272913,539.287940530216,0.6901024317040163,0.23459659764707527,0.08517156891963061,62,335.6996375647362,0.30533790588378906
63,193.009,2143.93,7537.999999999998,100,100,1032,2.0036499027041863,7.304263565891471,2.284877300262451,-2143.93,-0.014667902744429953,473.73889878216914,0.6497508743230034,0.268585931198151,0.08318014705882353,63,336.3789210545182,0.30533790588378906
64,195.695,2002.1566666666665,7351.666666666666,100,100,1034,2.0073875255713407,7.109929078014184,2.2915539741516113,-2002.1566666666665,-0.004318201366592856,376.619384765625,0.6978419247795554,0.22510181858396047,0.06957720592617989,64,337.0444138406853,0.30533790588378906
65,198.355,2095.7499999999995,7607.999999999996,100,100,1035,1.9802700466102952,7.3507246376811555,2.266214370727539,-2095.7499999999995,0.018059365286984864,445.7727975284352,0.6914091075167936,0.3231892304166275,0.07014538785990547,65,337.7431288502675,0.30533790588378906
66,201.053,2100.496666666666,7416.666666666669,100,100,1032,2.0108744172675377,7.18669250645995,2.294355630874634,-2100.496666666666,0.004517131457653116,419.8669496424058,0.7156471364638385,0.30490412474062073,0.09145220588235294,66,338.34351335308094,0.30533790588378906
67,203.722,2015.956666666667,7447.000000000002,100,100,1032,1.9913897312664997,7.216085271317831,2.2695887088775635,-2015.956666666667,0.0030599407961263377,348.27540229348574,0.6233502179384232,0.2987566498546478,0.07766544117647059,67,338.97724823209165,0.30533790588378906
68,206.409,2088.8666666666677,7489.333333333333,100,100,1035,2.0074200012230716,7.236070853462158,2.294473171234131,-2088.8666666666677,0.007588906761477976,368.5109782499426,0.6682577501325047,0.33131297061438947,0.05995153767221114,68,339.57844958059474,0.30533790588378906
69,209.094,2084.4533333333334,7331.333333333334,100,100,1032,1.9989341093351805,7.104005167958657,2.279921293258667,-2084.4533333333334,-0.03148885914946303,359.9546194637523,0.6630329644471845,0.3525403491632246,0.07352941176470588,69,340.1531311219856,0.30533790588378906
70,215.029,2204.16,7684.999999999999,100,100,1030,2.022038932518979,7.4611650485436884,2.3036460876464844,-2204.16,-0.024216327651896897,429.3482084835277,0.7159559972145978,0.1606648014858365,0.07000612774316002,70,340.6907445062972,0.30533790588378906
71,217.748,2134.5366666666664,7614.999999999999,100,100,1035,2.0185416431620644,7.357487922705313,2.3091397285461426,-2134.5366666666664,-0.005262268871507224,347.93103251737705,0.7007956855437335,0.2252817649859935,0.08497660475618699,71,336.11747540523146,0.30533790588378906
72,220.427,2094.436666666668,7398.000000000002,100,100,1029,2.010162779925603,7.1895043731778445,2.286773920059204,-2094.436666666668,-0.014009351622970664,341.19288074269014,0.6719490570180556,0.7316314014743137,0.13042279420530095,72,336.70118422136386,0.30533790588378906
73,223.124,2099.09,7509.000000000002,100,100,1032,2.0090865301574734,7.2761627906976765,2.2899324893951416,-2099.09,0.01875046410543077,310.37105021757236,0.6914352879804724,0.670210915412206,0.10294117647058823,73,337.2556818059664,0.30533790588378906
74,225.781,2068.2866666666664,7448.666666666665,100,100,1031,1.986255672684429,7.224700937601033,2.2643206119537354,-2068.2866666666664,-0.014911809881382129,301.6688398473403,0.6512933680239845,0.21869077119866714,0.07871586172019734,74,337.85444415231854,0.30533790588378906
75,228.457,2123.566666666666,7494.000000000003,100,100,1033,1.99933349443843,7.254598257502423,2.283052444458008,-2123.566666666666,-0.006730008760795873,305.6752705293543,0.6885954246801489,0.2220474107136183,0.098090277875171,75,338.41992055976306,0.30533790588378906
76,231.128,2144.506666666666,7577.999999999997,100,100,1030,1.990018350081247,7.357281553398056,2.266234874725342,-2144.506666666666,-0.017983365420471218,301.2296088723575,0.6663832611897412,0.2463566134135951,0.07705269622452118,76,338.96306939727015,0.30533790588378906
77,233.813,2020.2800000000002,7451.333333333335,100,100,1030,2.006068640248398,7.2343042071197425,2.287224292755127,-2020.2800000000002,-0.0004438904716688044,243.06195786420037,0.6199774111018461,0.2739909189506708,0.09543504916569766,77,339.47689314056475,0.30533790588378906
78,236.445,2223.8500000000013,7520.333333333332,100,100,1029,1.965114382182522,7.308390022675736,2.242342710494995,-2223.8500000000013,0.007266341434682117,375.5226260914522,0.6561629246262943,0.17112466731957873,0.09494485311648425,78,340.0487924877479,0.30533790588378906
79,239.088,2174.0400000000022,7647.333333333338,100,100,1032,1.9560445732005707,7.410206718346258,2.2368898391723633,-2174.0400000000022,-0.023047424140660203,316.51795286290786,0.67102582445916,0.13544847501907498,0.08409926470588236,79,340.60729895512037,0.30533790588378906
80,244.89,2109.583333333333,7464.999999999998,100,100,1030,1.9736095142858194,7.247572815533979,2.25014066696167,-2109.583333333333,-0.007962489610209185,260.3344968907973,0.6481713678906945,0.2855753413100234,0.07766544117647059,80,341.1516987316058,0.30533790588378906
81,247.529,2037.7799999999995,7390.000000000002,100,100,1031,1.9534886519945833,7.167798254122213,2.2283706665039062,-2037.7799999999995,-0.0033292736967696864,236.8518528657801,0.5838019567377427,0.1925998974509318,0.12204569446689942,81,337.3198541333875,0.30533790588378906
82,250.198,2118.34,7705.666666666667,100,100,1031,1.9945726498679612,7.4739734885224705,2.2746689319610596,-2118.34,-0.005926133188254693,260.39532515581914,0.693674335584921,0.19570866262759357,0.10359768963911954,82,337.8405067395087,0.30533790588378906
83,252.822,2086.92,7492.000000000001,100,100,1031,1.9557974812783352,7.266731328806984,2.2318124771118164,-2086.92,-0.022895554409307593,238.34099780811982,0.6533678796361474,0.15721425515435197,0.11075367647058823,83,338.41198386673324,0.30533790588378906
84,255.462,2136.166666666667,7437.333333333337,100,100,1028,1.9680459138616586,7.234760051880678,2.2411375045776367,-2136.166666666667,0.006732776870622355,274.2243840834674,0.6322630012736601,0.21833147828960242,0.08134191176470588,84,338.9383377978254,0.30533790588378906
85,258.085,1974.2066666666672,7394.000000000001,100,100,1031,1.9474537367006597,7.171677982541223,2.2195234298706055,-1974.2066666666672,-0.006841888267766027,179.32468997730928,0.5914700890288633,0.2026762895505218,0.07313550438951044,85,339.4883769877303,0.30533790588378906
86,260.727,2078.956666666667,7370.666666666666,100,100,1031,1.958529582670795,7.149046233430326,2.2388579845428467,-2078.956666666667,-0.010856394245124915,225.47600072972915,0.5789530461325365,0.31057402107398957,0.09525997936725616,86,340.00290285457396,0.30533790588378906
87,263.746,1992.4833333333338,7357.000000000003,100,100,1030,2.30993669575026,7.142718446601944,2.59468412399292,-1992.4833333333338,0.013772338409634197,161.29113410500918,0.6135164911256117,0.2631523878491648,0.09803921597845414,87,340.016029063893,0.30533790588378906
88,266.888,2226.743333333334,7765.66666666667,100,100,1028,2.421900097068747,7.554150453955905,2.7113893032073975,-2226.743333333334,0.006984220625942244,274.24618440515854,0.6956827921025893,0.10349822711363874,0.07674632352941177,88,339.866964065681,0.30533790588378906
89,269.861,2182.393333333333,7644.999999999997,100,100,1032,2.2556000949125448,7.4079457364341055,2.5510568618774414,-2182.393333333333,-0.0106205594013719,227.16056689094094,0.6854860133984509,0.23047557997051626,0.0900735294117647,89,339.94599790670543,0.30533790588378906
90,276.479,2208.146666666666,7684.66666666667,100,100,1029,2.1923418851221745,7.468091998704247,2.480513095855713,-2208.146666666666,-0.013293701771865873,241.61017249612246,0.6339348054984036,0.1649827903670752,0.09126838252824895,90,340.10984587311555,0.30533790588378906
91,279.605,2004.9400000000012,7447.333333333333,100,100,1031,2.3977558683399853,7.223407694794697,2.689969062805176,-2004.9400000000012,-0.017993707155041835,147.99007236256318,0.6021253659444696,0.11275939363986254,0.10589548419503604,91,335.4660653283033,0.30533790588378906
92,282.494,2192.813333333333,7592.666666666664,100,100,1031,2.1810486890596024,7.364371160685416,2.470144271850586,-2192.813333333333,-0.0023483917774523005,228.41254537245806,0.6844209134578705,0.3523082075065331,0.09447216505513471,92,335.6847102564124,0.30533790588378906
93,285.398,2132.9100000000003,7542.999999999995,100,100,1032,2.2017563966891633,7.309108527131778,2.493654727935791,-2132.9100000000003,-0.002605062964207986,213.03371025534238,0.6783087043201222,0.20764804048025431,0.06525735294117647,93,335.8869626140197,0.30533790588378906
94,288.476,2053.4966666666664,7370.999999999998,100,100,1029,2.3571908666523296,7.163265306122447,2.642291307449341,-2053.4966666666664,-0.02464483809821746,160.647611618042,0.6011531633489272,0.654298192314694,0.11387867655824213,94,335.8686774189353,0.30533790588378906
95,291.484,2115.656666666666,7536.999999999999,100,100,1028,2.3191414420367926,7.331712062256808,2.6040401458740234,-2115.656666666666,-0.007099946686888442,164.1353822034948,0.6745908273493543,0.1860680162687512,0.0818014705882353,95,335.9296325716505,0.30533790588378906
96,294.438,2126.7400000000007,7626.333333333336,100,100,1033,2.252075021918809,7.382704098096163,2.5442955493927,-2126.7400000000007,0.018237105954219315,168.66941137874826,0.6268975392860525,0.11805413515471361,0.07082312093938098,96,336.06750841359343,0.30533790588378906
97,297.379,2126.2866666666687,7397.000000000004,100,100,1031,2.2242820569224633,7.174587778855484,2.5156407356262207,-2126.2866666666687,-0.023484212565509713,175.91744052662568,0.6296558511607787,0.1342456550405854,0.09210871905088425,97,336.21027581266185,0.30533790588378906
98,300.16,2010.4666666666674,7335.333333333332,100,100,1030,2.098122139086097,7.121682847896439,2.3754138946533203,-2010.4666666666674,-0.016720584073268315,147.8737164665671,0.5644250757553998,0.4980215875924948,0.10309436303727768,98,336.52833642502907,0.30533790588378906
99,302.926,2073.876666666666,7588.66666666667,100,100,1031,2.0796600388223894,7.360491432266411,2.3602445125579834,-2073.876666666666,-0.012664783088599934,120.99048468645881,0.544586264035281,0.41947062587475076,0.10438550438951044,99,336.8578680794813,0.30533790588378906
100,309.545,2148.766666666668,7622.333333333334,100,100,1031,2.2687901051490993,7.393145813126415,2.5602221488952637,-2148.766666666668,-0.013718593263012521,172.98231551226448,0.5749853016699061,0.1662186112610952,0.11790966505513471,100,336.94271628433665,0.30533790588378906
101,312.314,2080.6166666666672,7513.66666666667,100,100,1031,2.0804130951002255,7.287746524409961,2.361374616622925,-2080.6166666666672,-0.005877095110276166,136.08155463723574,0.6153138122137856,0.1527641182696885,0.07037815144833397,101,333.3352939273235,0.30533790588378906
102,315.11,2043.8433333333332,7398.666666666664,100,100,1029,2.1107028201367233,7.190152251376738,2.3865528106689453,-2043.8433333333332,0.003618290702648023,112.72816826315487,0.6021515341366038,0.1700618694508996,0.08575367664589602,102,333.6424525335127,0.30533790588378906
103,318.133,2155.4966666666655,7570.0,100,100,1034,2.2984381032859047,7.321083172147002,2.5977978706359863,-2155.4966666666655,-0.013638399596161702,139.8684559990378,0.6807545458569246,0.6166133004487219,0.1012867647497093,103,333.7236176392591,0.30533790588378906
104,321.113,1984.4866666666662,7435.000000000004,100,100,1031,2.2636892341319417,7.211445198836085,2.549875259399414,-1984.4866666666662,-0.025266750825240332,83.44537303026985,0.6207252381479039,0.20696031204972634,0.06624212203656926,104,333.83724625115207,0.30533790588378906
105,324.146,2130.9466666666676,7569.666666666668,100,100,1032,2.320950678364706,7.334948320413438,2.6155049800872803,-2130.9466666666676,-0.019417066729682332,111.45266252405503,0.6782967045026667,0.26983057166559293,0.0859375,105,333.8959764048932,0.30533790588378906
106,327.217,2110.303333333334,7418.000000000001,100,100,1030,2.359627280158253,7.201941747572817,2.6523234844207764,-2110.303333333334,-0.01822832730763099,114.68226197186638,0.6313095758942997,0.26777927504907195,0.10539215715492473,106,333.90940352635124,0.30533790588378906
107,330.136,2121.733333333333,7614.666666666662,100,100,1031,2.2130845771527965,7.385709666989973,2.5009002685546875,-2121.733333333333,-0.029390138080891443,147.69468935798196,0.6729558338137234,0.07818583266891758,0.09079569446689942,107,334.08095309971105,0.30533790588378906
108,333.046,2149.2799999999993,7688.999999999998,100,100,1030,2.1929995121786967,7.465048543689319,2.4801690578460693,-2149.2799999999993,-0.009703933644820662,122.03312885060029,0.6778544187545776,0.13816627721740482,0.07858455926179886,108,334.25423138130935,0.30533790588378906
109,336.137,2054.516666666667,7577.666666666666,100,100,1031,2.368488556896919,7.3498221791141285,2.6633243560791016,-2054.516666666667,-0.012234161005300634,96.8242005740895,0.7019729754504036,0.1335579803596963,0.08272058823529412,109,334.24766480187344,0.30533790588378906
110,342.625,1994.8533333333337,7336.999999999999,100,100,1030,2.3015349521301687,7.123300970873785,2.5872457027435303,-1994.8533333333337,-0.00801172896343119,97.12378905801212,0.7118522980633903,0.1610618862323463,0.09129901975393295,110,334.3229200128012,0.30533790588378906
111,345.587,2133.1833333333334,7567.333333333335,100,100,1034,2.241032594378958,7.318504190844618,2.535534381866455,-2133.1833333333334,-0.030515665708876708,113.52695442648495,0.7575681761783712,0.1067989870237344,0.09411764714647741,111,331.08047746784536,0.30533790588378906
112,348.653,2069.4466666666685,7459.666666666668,100,100,1032,2.3455292629682667,7.228359173126616,2.6378872394561768,-2069.4466666666685,0.001732101828298148,89.16698478249943,0.7460842115037581,0.2720504862475483,0.0978860294117647,112,331.1289816984641,0.30533790588378906
113,351.6,2132.4500000000003,7583.333333333333,100,100,1032,2.25572180194246,7.348191214470284,2.552837610244751,-2132.4500000000003,-0.018428962349015122,84.4573247572955,0.7137429994695327,0.15325426039121606,0.0818014705882353,113,331.2882935560424,0.30533790588378906
114,354.269,2137.51,7554.000000000004,100,100,1032,1.9908423429262976,7.319767441860469,2.272761106491089,-2137.51,-0.00865753022406031,81.24321477553424,0.7579860248986412,0.1273192622808411,0.0822610294117647,114,331.70574377929574,0.30533790588378906
115,356.924,2110.890000000001,7464.999999999998,100,100,1031,1.982200290297748,7.2405431619786595,2.2632598876953125,-2110.890000000001,-0.031463877681423634,74.57477967879352,0.8013346493244171,0.06250073542982779,0.08363970588235294,115,332.12651758305583,0.30533790588378906
116,359.58,2176.7699999999995,7576.000000000004,100,100,1031,1.9664867138842375,7.348205625606211,2.2470297813415527,-2176.7699999999995,-0.0037695639492834315,113.32581419103286,0.7559865888427285,0.05627658125697909,0.10116859262480456,116,332.54030613861545,0.30533790588378906
117,362.213,2061.5433333333335,7317.333333333337,100,100,1031,1.9605386039968418,7.097316521176854,2.2378392219543457,-2061.5433333333335,-0.017717216383008397,111.61671156041763,0.7286820665878408,0.09374483286485295,0.10950630289666793,117,332.97018192802506,0.30533790588378906
118,364.866,2067.973333333334,7557.666666666671,100,100,1029,1.9885029157748548,7.344671201814063,2.2609734535217285,-2067.973333333334,-0.007970240514944582,104.98002366458668,0.700541269253282,0.20118562888477326,0.10974264714647741,118,333.36932408394193,0.30533790588378906
119,367.499,2112.6633333333325,7505.66666666667,100,100,1027,1.9707493668788465,7.308341447581957,2.2400405406951904,-2112.6633333333325,-0.04277446362025598,83.54621595494888,0.6746832351474201,0.12396869585876737,0.11443014705882353,119,333.77507688099297,0.30533790588378906
120,373.369,2209.613333333333,7658.666666666667,100,100,1032,1.9883196699422199,7.421188630490956,2.271253824234009,-2209.613333333333,0.0133098454817253,126.73453746122472,0.6916390376932481,0.6353411730378866,0.16773897058823528,120,334.15836830246997,0.30533790588378906
121,376.034,2012.7399999999989,7373.6666666666615,100,100,1028,1.999231615599339,7.172827496757453,2.2692606449127197,-2012.7399999999989,-0.026735118535511634,62.41796560848461,0.7100395323599086,0.15493418176329748,0.13740808823529413,121,331.67724910052857,0.30533790588378906
122,378.688,2010.0066666666667,7356.666666666666,100,100,1029,1.9772419831792456,7.149335924846128,2.2493770122528076,-2010.0066666666667,0.004840595209423234,69.8764279309441,0.6648167503230712,0.16522993725341031,0.10808823608300265,122,332.0701913122435,0.30533790588378906
123,381.44,2017.1300000000006,7325.333333333336,100,100,1031,2.0594459756934214,7.105075978014875,2.3401944637298584,-2017.1300000000006,-0.031075355870758787,71.0899642495548,0.6817048402393565,0.20561886858195066,0.11685924407313852,123,332.37759868119207,0.30533790588378906
124,384.422,2064.7933333333335,7410.666666666667,100,100,1031,2.2603929200671273,7.187843517620434,2.5472981929779053,-2064.7933333333335,-0.03783184728201698,76.94475437613094,0.6474926423500565,0.15073334859163665,0.09434086172019734,124,332.4810762438671,0.30533790588378906
125,387.312,2029.333333333332,7416.666666666666,100,100,1033,2.1715473368112987,7.17973539851565,2.461465358734131,-2029.333333333332,-0.016613661585485235,60.04302271674661,0.6419346832177218,0.13347542764249204,0.11049836632959983,125,332.66722087186594,0.30533790588378906
126,390.256,2111.776666666664,7589.3333333333285,100,100,1034,2.228796133740915,7.339780786589293,2.5228662490844727,-2111.776666666664,-0.01672900698202498,76.9570930705351,0.6464365019517786,0.16530309994157186,0.10450367651441518,126,332.8073321795541,0.30533790588378906
127,393.223,2131.590000000001,7426.333333333329,100,100,1029,2.2696474225616012,7.217039196631029,2.5564956665039062,-2131.590000000001,-0.024526085348471123,85.98611697028664,0.6124421020641047,0.16560422711978284,0.101470588322948,127,332.9131676383987,0.30533790588378906
128,396.071,2050.386666666669,7408.6666666666715,100,100,1032,2.1421461235939403,7.178940568475457,2.4294419288635254,-2050.386666666669,-0.0034896712750196457,54.306905522066,0.6247853768222472,0.5043550273951363,0.11075367647058823,128,333.12448150770166,0.30533790588378906
129,398.958,1930.290000000001,7173.333333333336,100,100,1030,2.190413687703679,6.964401294498384,2.4694106578826904,-1930.290000000001,-0.01280252679305918,56.38074695362764,0.5368806132498916,0.1246904718607445,0.09880514705882353,129,333.29604276976454,0.30533790588378906
130,405.538,2086.4366666666656,7633.999999999997,100,100,1029,2.1983618050201845,7.418853255587947,2.4809274673461914,-2086.4366666666656,-0.01606874693842495,61.61420076033648,0.6190812473787981,0.21918663133264465,0.109283088322948,130,333.4394873172113,0.30533790588378906
131,408.537,2058.316666666668,7528.333333333335,100,100,1036,2.2543601345173783,7.266731016731018,2.5565171241760254,-2058.316666666668,-0.012835190357530819,59.61647863949047,0.6100591149400262,0.3457799431429628,0.10294117668972295,131,330.53540763999615,0.30533790588378906
132,411.327,1993.4,7345.999999999999,100,100,1033,2.10361849096949,7.111326234269118,2.390310287475586,-1993.4,-0.013272619751446387,62.324502271764416,0.6013487174230463,0.19865476380116032,0.09472017976291039,132,330.8048378628427,0.30533790588378906
133,414.04,2177.55,7584.000000000005,100,100,1031,2.027654023091268,7.355965082444233,2.312241792678833,-2177.55,0.0006406836978652898,75.71278908673455,0.6741401281426934,0.12331804458517581,0.10254726909539279,133,331.1280243356132,0.30533790588378906
134,416.708,2051.2166666666667,7577.666666666663,100,100,1029,1.9979528675264921,7.364107547781014,2.2692999839782715,-2051.2166666666667,-0.022953234065104935,46.82464291067684,0.5844592465197339,0.28588614539544593,0.1051470589111833,134,331.47709724073616,0.30533790588378906
135,419.411,2115.07,7434.0,100,100,1033,2.0229399804024086,7.196515004840271,2.306511163711548,-2115.07,-0.01634423221077989,70.41317771462833,0.6492050360230839,0.33214966732296436,0.14491421575931943,135,331.80316631653193,0.30533790588378906
136,422.123,2005.5233333333335,7206.0,100,100,1031,2.020408243693368,6.98933074684772,2.2992215156555176,-2005.5233333333335,0.002933945561594823,62.53378138822668,0.6446573804406559,0.16527271553572706,0.09670430772444781,136,332.1140218600455,0.30533790588378906
137,424.837,2126.8633333333332,7637.000000000004,100,100,1027,2.03585433023288,7.436222005842263,2.3115105628967285,-2126.8633333333332,0.013190358548479922,63.87575239293716,0.5525448892046424,0.4573320456479183,0.13710171597845414,137,332.41005128336434,0.30533790588378906
138,427.525,2232.643333333335,7655.333333333331,100,100,1029,2.009599222516527,7.439585357952703,2.2870805263519287,-2232.643333333335,0.015983754549832904,110.42240182091209,0.600149046848802,0.1687186011318665,0.12205882370471954,138,332.7269316143256,0.30533790588378906
139,430.227,2204.116666666665,7565.666666666662,100,100,1031,2.0188616875967393,7.338182993857092,2.302096366882324,-2204.116666666665,-0.015419215574237408,85.71430239957921,0.6753608479219324,0.13343334582511007,0.10162815144833397,139,333.0338625831722,0.30533790588378906
140,436.166,2123.9733333333334,7550.333333333336,100,100,1031,2.020160814839353,7.323310701584225,2.3006744384765625,-2123.9733333333334,-0.011955505784820108,72.94637865178726,0.6603022068738937,0.16206853272502914,0.10307247936725616,140,333.34220518374866,0.30533790588378906
141,438.891,2141.916666666666,7561.666666666668,100,100,1028,2.03496828636314,7.355706874189366,2.3105361461639404,-2141.916666666666,-0.010832693811286898,69.71584768856273,0.6146423606311574,0.21941744370954386,0.10064338235294118,141,331.15048146525294,0.30533790588378906
142,441.617,2254.4066666666668,7699.999999999999,100,100,1034,2.0334264039461876,7.446808510638297,2.326225996017456,-2254.4066666666668,-0.014427535948069656,81.06352525598862,0.6534385365598342,0.07474648438887123,0.07886029429295484,142,331.4478750697283,0.30533790588378906
143,444.306,2163.2833333333324,7555.666666666667,100,100,1031,2.009175460949128,7.32848367280957,2.2889835834503174,-2163.2833333333324,-0.0030286076533443786,71.62773065006031,0.6577675850952373,0.268501818043125,0.09703256321303985,143,331.7625971285021,0.30533790588378906
144,446.994,2182.103333333336,7520.6666666666715,100,100,1030,2.0132155327162553,7.301618122977351,2.2940585613250732,-2182.103333333336,-0.011569870416732395,86.42712105021758,0.6487946466487997,0.06185439421096817,0.08302696093040354,144,332.0718578665951,0.30533790588378906
145,449.685,2143.7266666666665,7485.999999999998,100,100,1030,2.0123960184683862,7.267961165048542,2.2936441898345947,-2143.7266666666665,0.002125656067886773,68.96064949035645,0.67953302229152,0.7551314001629019,0.1015625,145,332.3751033752936,0.30533790588378906
146,452.392,2135.2066666666656,7493.333333333331,100,100,1031,2.0262305558163214,7.268024571613318,2.306840658187866,-2135.2066666666656,-0.017037907122250867,66.7968921661377,0.6368027031421661,1.0346849011753767,0.10556722826817456,146,332.6649783173477,0.30533790588378906
147,455.119,2023.9900000000007,7324.333333333331,100,100,1028,2.0490619623471877,7.124837872892345,2.324284553527832,-2023.9900000000007,-0.022448826225145775,50.396473323597625,0.6389788994017769,0.07772009459543316,0.0744485294117647,147,332.930343673392,0.30533790588378906
148,457.838,2035.6233333333353,7320.000000000005,100,100,1032,2.0331262597090443,7.093023255813958,2.3153324127197266,-2035.6233333333353,-0.024309245239504996,44.824860965504364,0.659786681918537,0.21009644309935324,0.07996323529411764,148,333.20725630952035,0.30533790588378906
149,460.513,2057.086666666665,7408.000000000001,100,100,1028,2.0073546674908846,7.206225680933853,2.2797813415527344,-2057.086666666665,-0.009214507415890694,46.600932738360235,0.6505087666651782,0.041140985141015225,0.09375,149,333.5039091952744,0.30533790588378906
150,466.481,2170.786666666668,7540.0,100,100,1030,2.019486213509825,7.320388349514563,2.3011932373046875,-2170.786666666668,-0.033192694351515346,81.71225929260254,0.7168799647513557,0.18638675217174322,0.09466911764705882,150,333.78241859017635,0.30533790588378906
151,469.203,2244.483333333333,7723.000000000001,100,100,1033,2.0265121987524073,7.476282671829623,2.3179521560668945,-2244.483333333333,-0.01160801002098357,81.02064371109009,0.690388996811474,1.0214063601349206,0.12203839881455197,151,331.72394084159174,0.30533790588378906
152,471.871,1946.0966666666673,7327.333333333334,100,100,1029,2.0006446092479124,7.120829284094591,2.271531343460083,-1946.0966666666673,0.014848514405243537,67.90392931769875,0.7107277232057908,0.1768831648891244,0.06332720597000684,152,332.0295122723427,0.30533790588378906
153,474.528,2140.026666666667,7554.666666666665,100,100,1033,1.9748846090616008,7.313326879638591,2.2594687938690186,-2140.026666666667,-0.019346144159927088,58.94168921077953,0.7114400346489513,0.0746776779209647,0.07317197717287961,153,332.3471897680761,0.30533790588378906
154,477.157,2171.3766666666666,7631.66666666667,100,100,1032,1.9465670517064602,7.395025839793284,2.2261953353881836,-2171.3766666666666,-0.014973137637271601,66.51493274464326,0.7131500068832847,0.8607406414538512,0.0978860294117647,154,332.6789385720561,0.30533790588378906
155,479.786,2178.7399999999993,7476.999999999999,100,100,1029,1.9548714276995107,7.266277939747327,2.232083320617676,-2178.7399999999993,0.010621832135845633,111.92524719238281,0.7129850440165576,0.5073792251265224,0.08079044126412448,155,333.0005081733119,0.30533790588378906
156,482.411,2064.749999999999,7374.999999999998,100,100,1029,1.9548355691782964,7.167152575315839,2.2270567417144775,-2064.749999999999,0.019273421124500388,81.7249246485093,0.6473973410971025,0.20002369151231558,0.07159926479353625,156,333.321876539932,0.30533790588378906
157,485.112,2083.4233333333336,7486.666666666668,100,100,1034,1.9918008706563042,7.240490006447454,2.2803592681884766,-2083.4233333333336,-0.019317229004467234,56.05183074053596,0.7224456562715418,0.353430088787504,0.08630514714647741,157,333.59709795730504,0.30533790588378906
158,487.761,2115.176666666667,7396.000000000001,100,100,1032,1.9685524206043603,7.166666666666668,2.250429391860962,-2115.176666666667,-0.02881510807749103,66.27923022999482,0.7059835581218495,0.33741666045834257,0.08455882352941177,158,333.9011117370952,0.30533790588378906
159,490.376,2112.6433333333325,7517.333333333335,100,100,1027,1.9487156795687837,7.319701395650764,2.2189321517944336,-2112.6433333333325,0.004583549083155745,57.63777878705193,0.632969963199952,0.17674759188529982,0.0859375,159,334.21497417423825,0.30533790588378906
160,496.193,2173.2666666666673,7480.333333333332,100,100,1029,1.9519713312881637,7.269517330741819,2.22774600982666,-2173.2666666666673,-0.007653373457929667,66.40625493666705,0.7133423186400357,0.13582557299420894,0.09715073555707932,160,334.525150467632,0.30533790588378906
161,498.852,2139.7699999999986,7519.333333333332,100,100,1031,1.9787904946675485,7.293242806336888,2.2585341930389404,-2139.7699999999986,-0.01097788508324062,52.61463423336254,0.6740982725339777,0.1775874900563127,0.09525997936725616,161,332.6655566263797,0.30533790588378906
162,501.618,2195.0833333333344,7570.333333333334,100,100,1033,2.061043177742154,7.328493062278155,2.348224639892578,-2195.0833333333344,-0.015637642539599362,64.65345786599552,0.6552288269295412,0.17296319245360792,0.07858455882352941,162,332.890856124264,0.30533790588378906
163,504.547,2114.46,7561.333333333334,100,100,1032,2.2297667632964187,7.32687338501292,2.52150297164917,-2114.46,-0.01942303020726232,53.39421188130098,0.6395426936009351,0.9159082410281852,0.10477941176470588,163,333.0038323046131,0.30533790588378906
164,507.389,2145.0533333333324,7606.666666666665,100,100,1029,2.138741109411588,7.392290249433105,2.4210798740386963,-2145.0533333333324,-0.015052250312531696,60.63265519983628,0.661153174498502,0.23305615634136997,0.06599264723413131,164,333.1665873343544,0.30533790588378906
165,510.228,2106.6500000000005,7414.6666666666715,100,100,1032,2.128688565522158,7.184754521963829,2.4157073497772217,-2106.6500000000005,-0.01778455949662363,68.9293285818661,0.6706904155366561,0.21234407581334167,0.11167279411764706,165,333.33547007821926,0.30533790588378906
166,513.223,2152.1966666666676,7607.000000000004,100,100,1032,2.272679361847749,7.3711240310077555,2.5639376640319824,-2152.1966666666676,-0.0266118109883631,66.60958772547104,0.688578312887865,0.1727283223093871,0.08685661764705882,166,333.40071440841126,0.30533790588378906
167,516.079,1920.3333333333335,7206.666666666665,100,100,1033,2.134502809364006,6.976444014198127,2.419872283935547,-1920.3333333333335,-0.014900252661284278,59.38526647231158,0.5793734490871429,0.44668661734527526,0.13796977129052668,167,333.55760931934657,0.30533790588378906
168,518.909,2119.6733333333336,7411.666666666668,100,100,1029,2.1306779414353816,7.202785876255265,2.4138810634613037,-2119.6733333333336,0.007017347413827391,56.826636033899646,0.6232399931725334,0.09070858449729927,0.09347426496884402,168,333.7213640186513,0.30533790588378906
169,521.782,1994.9533333333322,7407.000000000001,100,100,1033,2.1482139376387908,7.1703775411423045,2.4324326515197754,-1994.9533333333322,-0.005752694491735276,50.69677336075727,0.5927393918528276,0.25614081327255595,0.10559640561833102,169,333.8634915307885,0.30533790588378906
170,528.351,2048.2066666666656,7351.999999999998,100,100,1029,2.227627891170149,7.144800777453837,2.508352041244507,-2048.2066666666656,-0.004115208709502921,59.3487974615658,0.6525522961336023,0.1443011803305982,0.08722426479353625,170,333.9576431431184,0.30533790588378906
171,531.181,2166.223333333334,7569.333333333332,100,100,1032,2.1412796530396094,7.3346253229974145,2.426710367202759,-2166.223333333334,-0.011362871757763274,59.39634491415585,0.6271800740676767,0.2313428382622078,0.10615808823529412,171,331.8360113350373,0.30533790588378906
172,533.813,2147.2466666666664,7463.333333333335,100,100,1028,1.9649109911401883,7.2600518806744505,2.2387278079986572,-2147.2466666666664,-0.03282575785894604,69.18194769410526,0.6689101860803717,0.05074677238350406,0.10845588235294118,172,332.12552783551547,0.30533790588378906
173,536.458,2027.006666666666,7409.666666666663,100,100,1033,1.9666596322788317,7.172959019038396,2.2449984550476074,-2027.006666666666,-0.011487365864655551,47.28949395348044,0.6274498727391747,0.1492114517810371,0.13031045763808138,173,332.4137077018311,0.30533790588378906
174,539.104,2090.75,7474.999999999996,100,100,1031,1.9612096997102584,7.2502424830261845,2.236881732940674,-2090.75,-0.004484442062675953,46.94984166762408,0.6649741179802838,0.21973706958199138,0.12519695478327134,174,332.69452661622057,0.30533790588378906
175,541.726,2110.0900000000006,7418.666666666666,100,100,1029,1.953723228245112,7.209588597343699,2.223863124847412,-2110.0900000000006,-0.02465793860199697,54.352017402648926,0.6452466372181388,0.16454404330921962,0.08455882352941177,175,332.9839461016287,0.30533790588378906
176,544.378,2118.1000000000004,7487.999999999997,100,100,1031,1.9779739093855673,7.26285160038797,2.2556042671203613,-2118.1000000000004,0.011745817356688134,46.295449032503015,0.6264546478495878,0.8086801464190049,0.09250262642607969,176,333.2558007955198,0.30533790588378906
177,547.04,2138.0799999999995,7592.000000000002,100,100,1029,1.9845528673132622,7.378036929057339,2.2559738159179688,-2138.0799999999995,-0.0474152056609883,54.28193832846249,0.6666884246994468,0.21256940064760035,0.10772058849825579,177,333.51504777771345,0.30533790588378906
178,549.692,2065.266666666668,7468.333333333333,100,100,1031,1.978439188342827,7.2437762689945036,2.252373456954956,-2065.266666666668,-0.02799388749853653,49.58843677184161,0.6022700912812177,0.16344036393360617,0.08140756321303985,178,333.7815744564169,0.30533790588378906
179,552.353,2176.726666666666,7564.666666666664,100,100,1029,1.9861266291424255,7.351473922902492,2.2620625495910645,-2176.726666666666,-0.012761510333375019,78.25602626800537,0.6134047069970299,0.11936624424860758,0.10275735311648425,179,334.03668566709024,0.30533790588378906
180,558.238,2151.129999999999,7514.666666666663,100,100,1027,1.982855599894104,7.317104836092175,2.253584146499634,-2151.129999999999,-0.004121406935155392,49.628110492930695,0.6542637733852162,0.1508666333358954,0.07490808823529412,180,334.2819908593818,0.30533790588378906
181,560.934,2097.5833333333335,7741.666666666663,100,100,1031,1.9995414178364999,7.508891044293563,2.2781388759613037,-2097.5833333333335,-0.036876988295903974,62.672838519601264,0.5863594965023153,0.27229999928899545,0.08698792054372675,181,332.5952156721004,0.30533790588378906
182,563.617,2236.403333333334,7776.333333333333,100,100,1028,1.9783782079663663,7.564526588845655,2.251887321472168,-2236.403333333334,-0.030751318917335832,59.198547924266144,0.6323767690097585,0.28099647731355887,0.0896139705882353,182,332.8357720660537,0.30533790588378906
183,566.28,2124.543333333332,7602.0000000000055,100,100,1034,1.9818577372533859,7.352030947775634,2.265209674835205,-2124.543333333332,-0.03379528224468231,65.21194839477539,0.60894296011504,0.430434838800198,0.09025735298500341,183,333.0968918848215,0.30533790588378906
184,568.939,2071.9366666666665,7343.6666666666715,100,100,1032,1.9829906953016816,7.115956072351426,2.2613775730133057,-2071.9366666666665,-0.01075509502826368,42.32739055857939,0.6122302614590701,0.8167387467384448,0.10431985294117647,184,333.3538656658443,0.30533790588378906
185,571.597,2111.5133333333342,7578.333333333334,100,100,1029,1.9757182715665205,7.364755425979916,2.249189615249634,-2111.5133333333342,-0.0006866202799274641,54.20764238694135,0.599119253894862,0.08976211061577916,0.0966911767335499,185,333.60406433209147,0.30533790588378906
186,574.278,1995.4533333333338,7350.33333333333,100,100,1034,1.9951151826687346,7.108639587362989,2.2780206203460693,-1995.4533333333338,-0.03605548166395987,46.216576407937445,0.6197845760513755,0.1414931837524123,0.11038602954324554,186,333.84684130001585,0.30533790588378906
187,576.943,2083.2366666666667,7531.666666666664,100,100,1032,1.9869445750937444,7.298126614987078,2.267174482345581,-2083.2366666666667,-0.023264945813399905,55.88962162242216,0.615706592798233,0.1186939609264407,0.10753676470588236,187,334.0935619394387,0.30533790588378906
188,579.612,2131.846666666667,7420.666666666668,100,100,1033,1.9740393017450237,7.1836076153597945,2.257108449935913,-2131.846666666667,-0.009817278012633324,50.93104609321146,0.5995516172226738,0.21371907837387613,0.10723039222990766,188,334.3371785588643,0.30533790588378906
189,582.257,2024.1866666666672,7358.0,100,100,1032,1.9695899227513145,7.12984496124031,2.245143175125122,-2024.1866666666672,-0.017052184461670762,49.03451117347269,0.569088010226979,0.09292256022009122,0.11029411764705882,189,334.5917782305849,0.30533790588378906
190,588.141,2084.7499999999995,7526.000000000003,100,100,1031,1.9896128004873903,7.299709020368577,2.2658498287200928,-2084.7499999999995,-0.03024535604259547,63.5999491074506,0.6097819936626098,0.08188849496518207,0.09466911764705882,190,334.8267488144568,0.30533790588378906
191,590.808,2074.3033333333333,7450.333333333334,100,100,1033,1.9873783154871103,7.212326556953856,2.2699408531188965,-2074.3033333333333,-0.016861425986623064,54.17177026412066,0.6053301025839413,0.26240312568980323,0.09926470588235294,191,333.2421541150504,0.30533790588378906
192,593.412,2052.2966666666675,7399.666666666673,100,100,1031,1.9333386038557403,7.17717426446816,2.207479476928711,-2052.2966666666675,-0.012254945988602498,37.095097934498504,0.5751005384851905,0.3596687576432219,0.10116859262480456,192,333.5170462239873,0.30533790588378906
193,596.027,2050.083333333334,7335.0,100,100,1033,1.9255221724674279,7.100677637947725,2.2028844356536865,-2050.083333333334,-0.01502145903513712,41.936316658468805,0.5329674964441973,0.6341580292620861,0.11642156870049589,193,333.78699450799195,0.30533790588378906
194,598.634,2034.8666666666657,7364.0,100,100,1032,1.9355414720891086,7.135658914728682,2.209710121154785,-2034.8666666666657,-0.00520980018464958,53.38691184099983,0.5888162404298782,0.07721985173274708,0.10018382352941177,194,334.0572120465629,0.30533790588378906
195,601.242,2030.1933333333325,7391.666666666669,100,100,1032,1.9407975786345715,7.1624677002584,2.2140145301818848,-2030.1933333333325,-0.022269011365578455,62.853155584896314,0.5628799033515594,0.2854086404926527,0.09972426470588236,195,334.3246096191152,0.30533790588378906
196,603.883,2121.25,7539.000000000003,100,100,1035,1.9484019318622523,7.284057971014495,2.2331149578094482,-2121.25,-0.02638670982902541,52.28912269367891,0.5983254050507265,0.4866555185632451,0.11171457259094014,196,334.5763108909886,0.30533790588378906
197,606.499,2076.9466666666667,7410.999999999999,100,100,1028,1.950244163230953,7.209143968871595,2.2191834449768066,-2076.9466666666667,-0.035851334988632626,56.232197761535645,0.5483569704434451,0.2922311998417546,0.0978860294117647,197,334.82814677709337,0.30533790588378906
198,609.097,2242.9900000000016,7853.333333333332,100,100,1030,1.9238516482642118,7.624595469255662,2.1996891498565674,-2242.9900000000016,-0.026901329538839704,47.72844457626343,0.5744729594272726,0.24802132637705654,0.08118872563628589,198,335.09134489151506,0.30533790588378906
199,611.677,2059.8066666666664,7261.666666666669,100,100,1028,1.9201802517648003,7.063878080415048,2.186997413635254,-2059.8066666666664,0.007174499990308986,52.41144647317774,0.62758269117159,0.2698775367016959,0.09099264705882353,199,335.3585043383613,0.30533790588378906
200,617.434,2073.346666666667,7445.999999999998,100,100,1033,1.9375244917353436,7.208131655372699,2.2125651836395264,-2073.346666666667,-0.006908594082821818,47.526895859662226,0.5978193195427165,0.10086625482996597,0.08231209152761627,200,335.6152278575666,0.30533790588378906
201,620.112,2086.4066666666668,7455.333333333333,100,100,1030,1.9807070856507036,7.238187702265372,2.2583916187286377,-2086.4066666666668,-0.02752988560892203,47.175003809087414,0.5856781601905823,0.372224721701487,0.09911151975393295,201,334.1233603074537,0.30533790588378906
202,623.15,2201.2799999999997,7780.333333333337,100,100,1032,2.3106405038392,7.539082687338505,2.606879949569702,-2201.2799999999997,-0.017195374020101392,55.28875855838551,0.6125137209892273,0.03843489453634795,0.11075367647058823,202,334.1505164547448,0.30533790588378906
203,626.344,2033.676666666669,7328.666666666671,100,100,1032,2.4717090113987323,7.1014211886304945,2.76710844039917,-2033.676666666669,-0.0237446014824159,46.55449295043945,0.4912664614179555,2.75932097530869,0.125,203,334.09442904834276,0.30533790588378906
204,629.263,2106.156666666667,7610.333333333335,100,100,1036,2.1980527976508033,7.345881595881598,2.496674060821533,-2106.156666666667,-0.02590685962315868,39.80627727508545,0.5248234070399228,0.11955133437603603,0.10049019622452118,204,334.1910996448088,0.30533790588378906
205,632.187,2078.073333333334,7407.66666666667,100,100,1030,2.2176075744831447,7.191909385113272,2.5003621578216553,-2078.073333333334,-0.009422180407187519,46.390516617718866,0.4827873391263625,0.23823510910220005,0.11550245127257179,205,334.27465701783734,0.30533790588378906
206,635.366,2030.960000000001,7466.999999999999,100,100,1031,2.4568725507850937,7.242483026188166,2.7501871585845947,-2030.960000000001,0.006006341263213579,49.069346596212945,0.5113908928983352,0.17522168741219074,0.10543592537150663,206,334.22484065233886,0.30533790588378906
207,638.554,2121.846666666667,7458.666666666665,100,100,1029,2.4705999996965664,7.248461289277614,2.7610068321228027,-2121.846666666667,-0.03596332866479369,48.839072339675006,0.553588875952889,0.20491810938042096,0.09237132352941177,207,334.167482319994,0.30533790588378906
208,641.497,2127.7833333333333,7676.666666666665,100,100,1033,2.2289156805568835,7.431429493384962,2.5199310779571533,-2127.7833333333333,-0.02166162891423001,46.49368471257827,0.47297687302617464,0.19408472417168976,0.12280433011405609,208,334.24490913147685,0.30533790588378906
209,644.402,2005.04,7332.66666666667,100,100,1031,2.1944893325320387,7.112188813449728,2.4773738384246826,-2005.04,-0.011564524186884655,37.83765481500065,0.5117391564828508,0.4014885688734734,0.09427521027186338,209,334.3378158526042,0.30533790588378906
210,651.306,2132.4100000000008,7661.000000000001,100,100,1032,2.441318313565914,7.423449612403101,2.7398433685302734,-2132.4100000000008,-0.026290484786252764,51.01025457943187,0.5204857096952551,0.17039053199593635,0.11902573529411764,210,334.2872904588827,0.30533790588378906
211,654.273,2144.1566666666663,7434.333333333332,100,100,1031,2.253587390332294,7.210798577432912,2.543762683868408,-2144.1566666666663,-0.039287211455623895,53.17475217931411,0.5263280763345606,0.20103747018969015,0.11410189113196205,211,332.44696903798933,0.30533790588378906
212,657.191,2005.68,7388.333333333332,100,100,1030,2.2240870868452616,7.173139158576051,2.5051307678222656,-2005.68,-0.012919509673819822,49.18440454146441,0.5245911636773277,0.4358783128178295,0.10248161764705882,212,332.5381555965657,0.30533790588378906
213,659.948,2084.773333333333,7501.666666666668,100,100,1028,2.0694754877787243,7.297341115434502,2.343942880630493,-2084.773333333333,-0.04130571784780306,47.92943988126867,0.5145719349384308,0.20218681947410325,0.0896139705882353,213,332.7065760317091,0.30533790588378906
214,662.715,2187.7166666666662,7516.666666666671,100,100,1030,2.05391407819935,7.297734627831719,2.3351328372955322,-2187.7166666666662,-0.005054954713320031,50.945826418259564,0.5620246731183108,0.35161862957893925,0.08685661764705882,214,332.87181498189494,0.30533790588378906
215,665.766,2026.6266666666668,7444.6666666666715,100,100,1031,2.3414831213105676,7.220821209182029,2.6332955360412598,-2026.6266666666668,-0.002771524274173905,42.87393345552332,0.49583522975444794,0.3598285785479033,0.10950630289666793,215,332.89475007725355,0.30533790588378906
216,668.686,2070.160000000001,7473.000000000001,100,100,1035,2.2148162318879496,7.220289855072465,2.507690191268921,-2070.160000000001,-0.04120694774696056,37.605658531188965,0.540000888354638,0.21558951099594945,0.10177139061338761,216,332.98921667134425,0.30533790588378906
217,671.456,2058.2166666666653,7404.666666666668,100,100,1029,2.0748930017077396,7.19598315516683,2.352201461791992,-2058.2166666666653,-0.011933883980793111,41.84281797970043,0.4454571188372724,0.3877691445694141,0.09273897067588918,217,333.14788430087367,0.30533790588378906
218,674.207,2171.0866666666675,7593.6666666666715,100,100,1033,2.0381195577977644,7.351080993868995,2.3233673572540283,-2171.0866666666675,-0.016921021866009515,53.77032369725845,0.481869860607035,0.25244679884053767,0.08241421597845414,218,333.3205622878091,0.30533790588378906
219,677.169,2098.920000000001,7677.000000000001,100,100,1035,2.2442197107714446,7.417391304347827,2.5426692962646484,-2098.920000000001,-0.00666326897985795,43.52156627879423,0.5112679390346303,0.2561639746623662,0.10340073529411764,219,333.3908489715401,0.30533790588378906
220,683.923,2140.69,7569.666666666669,100,100,1031,2.291989427490772,7.3420627222761095,2.5848169326782227,-2140.69,-0.03153134592096595,45.540966258329505,0.4846552277312559,0.16173548501341,0.08876050438951044,220,333.43450071094946,0.30533790588378906
221,687.004,2142.9866666666667,7453.999999999999,100,100,1033,2.340858276132837,7.215876089060987,2.6382248401641846,-2142.9866666666667,-0.0021449564134373386,48.21556714001824,0.5157510585644666,0.15351995177950492,0.11172385623349863,221,331.6230406441247,0.30533790588378906
222,689.898,2137.709999999998,7533.33333333333,100,100,1034,2.187215764304295,7.285622179239198,2.480653762817383,-2137.709999999998,-0.02711664079962408,45.443883166593665,0.5885353947387022,0.01933590682250831,0.10560661773471271,222,331.7299769978916,0.30533790588378906
223,692.841,2107.496666666666,7607.999999999998,100,100,1030,2.221841262359606,7.386407766990289,2.5038466453552246,-2107.496666666666,-0.028798936592305407,40.69079780578613,0.6150582310031442,0.08938299917944652,0.12668504916569767,223,331.807785089754,0.30533790588378906
224,695.896,2059.2833333333347,7421.999999999997,100,100,1030,2.335315338760904,7.205825242718444,2.624699592590332,-2059.2833333333347,-0.010533110238611698,37.246263952816236,0.6126194973202312,0.09266823085079737,0.1056985294117647,224,331.83121913121784,0.30533790588378906
225,698.947,2182.8466666666673,7514.000000000002,100,100,1034,2.3118717609670525,7.266924564796907,2.611412525177002,-2182.8466666666673,-0.01485525703002863,52.79883412753834,0.6055197321316775,0.16075006840572528,0.10882352949941859,225,331.8618560632105,0.30533790588378906
226,701.817,2043.466666666667,7264.999999999998,100,100,1027,2.156537682490882,7.074001947419667,2.4312422275543213,-2043.466666666667,-0.012062624608220444,50.72165074067957,0.6141858398914337,1.230255625943434,0.1200980395078659,226,331.9687625855033,0.30533790588378906
227,704.745,2061.096666666666,7517.666666666668,100,100,1028,2.220845914328949,7.3129053177691326,2.497877359390259,-2061.096666666666,-0.03212307798950111,49.30049924289479,0.6392843293793061,0.13071532451602466,0.09237132352941177,227,332.04787243407657,0.30533790588378906
228,707.854,2008.7766666666666,7421.666666666663,100,100,1031,2.3867056261753494,7.19851277077271,2.676821708679199,-2008.7766666666666,-0.03584198998835157,37.97769260406494,0.61548472765614,0.09078918687095318,0.10123424407313852,228,332.0459214672529,0.30533790588378906
229,710.896,2148.2100000000005,7536.33333333333,100,100,1032,2.347886919151349,7.302648578811366,2.642834424972534,-2148.2100000000005,-0.018713375690447932,44.17992417952593,0.6823281321455451,0.06114397198646603,0.1052389705882353,229,332.07650678701526,0.30533790588378906
230,716.697,1945.7000000000005,7311.333333333334,100,100,1031,1.9414690597557347,7.091496928548335,2.2123823165893555,-1945.7000000000005,-0.012296218644170201,41.7269487100489,0.6919718691531349,0.019810906666166642,0.10254726909539279,230,332.29863417204245,0.30533790588378906
231,719.303,2053.7066666666665,7547.333333333337,100,100,1033,1.9273773465253277,7.306227815424334,2.204376697540283,-2053.7066666666665,-0.008495269452824313,43.5280346028945,0.650227592271917,0.0669124767608831,0.0988562091746751,231,331.0647192848515,0.30533790588378906
232,721.921,2087.0000000000005,7459.000000000002,100,100,1033,1.9381935109807196,7.220716360116168,2.2157204151153564,-2087.0000000000005,-0.02878364912398598,47.85097958059872,0.6334141203585792,0.16022466055994086,0.09604779411764706,232,331.29506685353164,0.30533790588378906
233,724.603,1966.7599999999993,7456.9999999999945,100,100,1032,1.9833814918357777,7.2257751937984445,2.259575366973877,-1966.7599999999993,-0.016614590059308446,34.44861866446102,0.6521618935991736,0.038037523230099506,0.109375,233,331.49324791848534,0.30533790588378906
234,727.254,2032.6933333333345,7385.333333333336,100,100,1032,1.9722553262218125,7.156330749354008,2.250673770904541,-2032.6933333333345,-0.019915471291717363,49.96488705803366,0.6521841822301641,0.042515393545138926,0.12591911764705882,234,331.70411463943356,0.30533790588378906
235,729.872,2025.0933333333344,7470.000000000001,100,100,1032,1.9435105631452834,7.238372093023257,2.2183048725128174,-2025.0933333333344,-0.0211012357407633,44.688783533432904,0.5711083280689576,0.2109267205095795,0.09972426470588236,235,331.9280589039571,0.30533790588378906
236,732.496,1975.306666666667,7363.666666666663,100,100,1032,1.9458115308197186,7.135335917312658,2.2165048122406006,-1975.306666666667,-0.017876079497749314,34.79517628164852,0.5660179616773829,0.030897110159618452,0.09604779411764706,236,332.1480205170137,0.30533790588378906
237,735.147,2083.2833333333315,7541.0,100,100,1029,1.9702068018655503,7.328474246841594,2.2422683238983154,-2083.2833333333315,-0.042722482727292704,48.096995017107794,0.5165468103745404,0.1284185314194902,0.08639705882352941,237,332.34976135086947,0.30533790588378906
238,737.769,2205.416666666666,7640.000000000001,100,100,1029,1.9489874623433494,7.424684159378038,2.2222912311553955,-2205.416666666666,-0.026464983273078415,71.52568536646226,0.5594528589178535,0.10188702301478342,0.1285845589111833,238,332.56339573174154,0.30533790588378906
239,740.483,2009.239999999999,7308.666666666665,100,100,1032,2.0245211218102916,7.082041343669249,2.3080475330352783,-2009.239999999999,-0.009165956255267648,36.148735270780676,0.5462768770316068,0.0324899949328563,0.10294117647058823,239,332.7381350767419,0.30533790588378906
240,746.981,2013.960000000001,7388.333333333337,100,100,1029,2.2669400394404535,7.180110139293816,2.5442419052124023,-2013.960000000001,-0.04214881744016619,35.77433942346012,0.5841713214621824,0.11898218261023216,0.10376838244059507,240,332.79592036677997,0.30533790588378906
241,749.98,1954.7200000000005,7246.666666666664,100,100,1030,2.2891861175241184,7.035598705501616,2.5708611011505127,-1954.7200000000005,-0.012732910649741398,46.90811258203843,0.6134986667072072,0.03513314861886423,0.0853247550480506,241,331.2700885289161,0.30533790588378906
242,753.002,2066.78,7399.666666666666,100,100,1033,2.298143367861855,7.163278476928041,2.59012508392334,-2066.78,-0.02082014807006892,46.0463368471931,0.5714793240322786,0.051647912135676426,0.10677083340637825,242,331.3123304285851,0.30533790588378906
243,755.876,2026.936666666666,7471.666666666665,100,100,1031,2.1717737124651078,7.247009376010345,2.455203056335449,-2026.936666666666,-0.015533509445102775,48.88262097975787,0.6109304296619752,0.011399436502388734,0.10720850877902087,243,331.4167669194555,0.30533790588378906
244,758.777,2041.9633333333331,7604.666666666669,100,100,1034,2.184160736121951,7.354609929078016,2.4739906787872314,-2041.9633333333331,-0.006654449026374256,38.47002326740938,0.5778561883112964,0.2506965205265099,0.14126838261590285,244,331.51220587696304,0.30533790588378906
245,761.748,2050.756666666667,7443.000000000004,100,100,1031,2.2589905906981715,7.2192046556741065,2.545614004135132,-2050.756666666667,-0.029927825609989026,39.481461076175464,0.6202277085360359,0.016394264030489412,0.10182510579333585,245,331.5729987464812,0.30533790588378906
246,764.794,2148.076666666666,7585.0,100,100,1032,2.32116831455275,7.349806201550388,2.614359140396118,-2148.076666666666,-0.018412037752568722,47.898820259991815,0.6348305072854546,0.01679012140341322,0.09237132352941177,246,331.602226993233,0.30533790588378906
247,767.769,1984.4966666666674,7254.000000000003,100,100,1034,2.274731622659376,7.015473887814316,2.56654953956604,-1984.4966666666674,-0.025257862556506607,35.49254557665657,0.6440984475262025,0.04398028729209567,0.09512867647058823,247,331.66339328909385,0.30533790588378906
248,770.597,2063.396666666667,7449.666666666666,100,100,1032,2.1209498044363286,7.218669250645994,2.407982587814331,-2063.396666666667,-0.009422704440486781,45.919717956991754,0.7105789640370537,0.023104020606671626,0.10431985294117647,248,331.7858235927644,0.30533790588378906
249,773.294,2056.1833333333325,7388.999999999997,100,100,1032,2.0097615314618675,7.15988372093023,2.289126396179199,-2056.1833333333325,-0.029739121961243013,39.87756633758545,0.7310743068947512,0.021701623617178378,0.10845588235294118,249,331.9629718922034,0.30533790588378906
250,779.275,2079.9933333333324,7470.000000000002,100,100,1034,1.993302419458334,7.224371373307545,2.2768423557281494,-2079.9933333333324,-0.012698514715713613,39.15556189593147,0.6643732935190201,0.0631945038022583,0.11746323546942543,250,332.1499836958614,0.30533790588378906
251,781.988,2117.513333333332,7527.333333333333,100,100,1035,2.0179502407295837,7.272785829307568,2.3062500953674316,-2117.513333333332,-0.029692544711425024,50.1653730729047,0.7500178007518544,0.10138604550978497,0.14471925181501052,251,330.91823211985826,0.30533790588378906
252,784.669,2125.593333333333,7578.333333333335,100,100,1028,1.999242509491488,7.371919584954606,2.269864797592163,-2125.593333333333,-0.027755428516470334,48.76640757392435,0.7467569901662714,0.020786835445666358,0.09926470588235294,252,331.0974724243578,0.30533790588378906
253,787.327,2140.5066666666667,7677.666666666666,100,100,1030,1.977611455763464,7.454045307443365,2.252734661102295,-2140.5066666666667,-0.03327765825259335,44.62411184871898,0.7749276336501626,0.03651053572128363,0.10906862774316002,253,331.2878119757558,0.30533790588378906
254,790.004,1995.363333333334,7285.666666666665,100,100,1031,1.9929576131075288,7.066602004526349,2.2682337760925293,-1995.363333333334,-0.013783577884383062,43.04767311320585,0.7680787330164629,0.058526162195074206,0.09571953819078557,254,331.4702993264762,0.30533790588378906
255,792.675,2045.856666666666,7432.999999999999,100,100,1030,1.9938963092411461,7.216504854368931,2.2673401832580566,-2045.856666666666,-0.0204433097558863,40.52161006366505,0.7396509980454165,0.06867727975580185,0.11197916681275648,255,331.65292238024387,0.30533790588378906
256,795.342,2005.3500000000006,7469.000000000002,100,100,1033,1.9822090981160323,7.230396902226526,2.2605926990509033,-2005.3500000000006,-0.034993017256698185,32.70270375644459,0.7591151332153994,0.02294149768867475,0.10028594776111491,256,331.8397903660903,0.30533790588378906
257,797.968,1898.283333333333,7164.333333333336,100,100,1022,1.9889102734756563,7.01011089367254,2.239596128463745,-1898.283333333333,-0.013337763026356697,39.196377754211426,0.6893593296408653,0.5161650131740316,0.08910345239564776,257,332.02846582828516,0.30533790588378906
258,800.661,2059.640000000001,7487.999999999999,100,100,1034,1.9862693415844823,7.241779497098645,2.267274856567383,-2059.640000000001,-0.01445949384394814,34.00954886043773,0.7704530410906848,0.21871508347034893,0.10137867664589602,258,332.2031938281715,0.30533790588378906
259,803.309,2122.266666666666,7803.333333333334,100,100,1034,1.9633365561735296,7.546744036105739,2.2454164028167725,-2122.266666666666,-0.017414375345277434,39.71501614065731,0.6717323555665857,0.4114542270647636,0.11902573529411764,259,332.39523678567934,0.30533790588378906
260,809.205,2027.1566666666665,7433.999999999999,100,100,1030,1.972306698777722,7.217475728155339,2.243154764175415,-2027.1566666666665,-0.03171948902308941,36.375002300038055,0.6962110049584332,0.2460095104213585,0.11780024539021884,260,332.5818898766465,0.30533790588378906
261,811.842,2099.0066666666667,7551.333333333332,100,100,1030,1.955662426104751,7.3313915857605165,2.22920823097229,-2099.0066666666667,-0.05077014666269807,44.84006592806648,0.695390432196505,0.10810988388531019,0.10830269622452118,261,331.4386916806823,0.30533790588378906
262,814.524,2180.7666666666664,7723.000000000004,100,100,1035,1.9888828975341961,7.461835748792274,2.277841329574585,-2180.7666666666664,-0.02480149225277059,50.676083115970386,0.7356366357382607,0.08980457026593607,0.1027740643304937,262,331.61827189228137,0.30533790588378906
263,817.181,2026.1566666666674,7538.333333333333,100,100,1032,1.97880503643925,7.304586563307494,2.2536373138427734,-2026.1566666666674,-0.026625483789864707,41.98127645604751,0.6815925827797722,0.05238796673331629,0.1213235294117647,263,331.8029399906311,0.30533790588378906
264,819.873,2117.6466666666656,7501.333333333328,100,100,1033,2.0006700874858923,7.261697321716677,2.289443016052246,-2117.6466666666656,-0.034315387773163175,35.6123384587905,0.695703362717348,0.1177957029944724,0.11330678116749315,264,331.9737666971544,0.30533790588378906
265,822.537,2094.2766666666676,7538.666666666672,100,100,1035,1.9756429944556333,7.283735909822872,2.258148431777954,-2094.2766666666676,-0.04158526291961179,41.010838284212,0.6448631391805761,0.04600059102042852,0.1210728612016229,265,332.1566592280556,0.30533790588378906
266,825.198,2071.6933333333336,7499.6666666666615,100,100,1037,1.9662076180303252,7.232079717132749,2.2551939487457275,-2071.6933333333336,-0.015293610610944383,43.59547946032356,0.6665944597300362,0.11836034546414499,0.1378322964643731,266,332.3421108388989,0.30533790588378906
267,827.857,1973.3966666666663,7213.333333333337,100,100,1030,1.9754072829845895,7.003236245954696,2.2461609840393066,-1973.3966666666663,-0.04367263741133844,34.129005305907306,0.6850726148661446,0.09317809240618612,0.11626838235294118,267,332.51875240919037,0.30533790588378906
268,830.518,2038.0466666666675,7373.333333333336,100,100,1028,1.9868752896035604,7.172503242542155,2.2551846504211426,-2038.0466666666675,-0.028532370267545477,42.77987959805657,0.6534119261538281,0.025815188871039188,0.11121323529411764,268,332.6916722541086,0.30533790588378906
269,833.113,2041.0266666666682,7369.333333333333,100,100,1030,1.925407768819409,7.154692556634304,2.1933979988098145,-2041.0266666666682,-0.029528176959823158,57.18017768859863,0.666885652962853,0.4197007172521861,0.11029411764705882,269,332.8910699519173,0.30533790588378906
270,838.848,2045.506666666666,7600.666666666665,100,100,1031,1.9299608126154422,7.372130617523439,2.2046825885772705,-2045.506666666666,-0.01872269979075474,38.55527647803812,0.7543688626850352,0.07244060778826036,0.1007746852496091,270,333.08620409706936,0.30533790588378906
271,841.458,2042.970000000001,7341.000000000002,100,100,1030,1.9336880570123858,7.127184466019419,2.2038345336914062,-2042.970000000001,-0.028782064971678397,50.30726298163919,0.724263533949852,0.03946837033008171,0.09635416681275648,271,332.039020061056,0.30533790588378906
272,844.122,2081.3566666666666,7468.999999999999,100,100,1029,1.9642544205031702,7.258503401360543,2.2358100414276123,-2081.3566666666666,-0.03341151686275706,42.70153500052059,0.72920740702573,0.1237631583113826,0.0895220589111833,272,332.2101681213141,0.30533790588378906
273,846.784,1981.8600000000006,7442.3333333333285,100,100,1034,1.9781275623526633,7.197614442295289,2.2582216262817383,-1981.8600000000006,-0.033031648353618735,42.801507613238165,0.7948897866641774,0.02176963665817097,0.08318014705882353,273,332.387203317735,0.30533790588378906
274,849.377,1943.6333333333332,7235.33333333333,100,100,1029,1.9218681241676168,7.031422092646579,2.1871085166931152,-1943.6333333333332,-0.018761109232025987,38.578088984769934,0.8277344107627869,0.11096232343355522,0.09669117717181935,274,332.58392010957743,0.30533790588378906
275,852.004,2019.776666666664,7288.666666666663,100,100,1035,1.9430561363472094,7.042190016103056,2.224351644515991,-2019.776666666664,-0.032476434429340506,44.30697250366211,0.7975785872515511,0.014239349998259807,0.08936330237809349,275,332.77304052202567,0.30533790588378906
276,854.614,2078.4133333333334,7641.999999999999,100,100,1035,1.9230530449922607,7.383574879227052,2.2060558795928955,-2078.4133333333334,-0.024875636322095114,39.531730090870575,0.7530153884607202,0.7887003257295445,0.12909425181501052,276,332.96789198623554,0.30533790588378906
277,857.207,1971.5866666666657,7318.0,100,100,1030,1.9280429124759817,7.104854368932039,2.1938018798828125,-1971.5866666666657,-0.04933789317660472,42.79278250301586,0.7116871914442848,0.29949713172391057,0.09987745127257179,277,333.16212623212954,0.30533790588378906
278,859.871,2012.5933333333332,7406.000000000001,100,100,1031,1.9713338541506522,7.183317167798255,2.2530267238616943,-2012.5933333333332,-0.026077503502807197,47.288879310383514,0.7749178094022414,0.16267758433926194,0.10084033669794307,278,333.3289658714074,0.30533790588378906
279,862.866,2063.459999999999,7368.666666666669,100,100,1033,2.2789434659892525,7.133268796385933,2.5704572200775146,-2063.459999999999,-0.008797996513107243,43.02388645620907,0.7444115364376236,0.14973567850778208,0.09293300658464432,279,333.36909719285546,0.30533790588378906
280,869.355,2011.4399999999994,7359.000000000004,100,100,1034,2.2428310418823947,7.117021276595748,2.5350406169891357,-2011.4399999999994,-0.009602551184156361,37.36338172239416,0.6501627161222345,0.10543980848160572,0.08970588270355673,280,333.42137304633684,0.30533790588378906
281,872.395,2095.5733333333337,7508.333333333333,100,100,1032,2.3109711229019663,7.275516795865633,2.6024491786956787,-2095.5733333333337,-0.03643628187915858,45.98894899031695,0.6915750205516815,0.02311233016799259,0.09696691176470588,281,332.0962233917841,0.30533790588378906
282,875.462,2057.5466666666675,7394.333333333337,100,100,1033,2.333274247626966,7.158115521135853,2.6268303394317627,-2057.5466666666675,-0.02318280080662054,39.05450899460737,0.6853185559020323,0.12823049962411032,0.08328227129052668,282,332.1124747071632,0.30533790588378906
283,878.402,2047.6,7483.9999999999945,100,100,1032,2.2121000965712447,7.251937984496119,2.4961769580841064,-2047.6,-0.004644972327000955,69.09974872364717,0.6760406424017513,0.11236418953494114,0.07490808823529412,283,332.17595508704125,0.30533790588378906
284,881.387,2028.9366666666676,7379.333333333337,100,100,1032,2.2581517451592585,7.150516795865636,2.544785976409912,-2028.9366666666676,0.012742589118287843,95.31374729380889,0.6241384047795745,0.1766747700406567,0.07628676470588236,284,332.2217591316243,0.30533790588378906
285,884.451,2052.6100000000006,7599.000000000003,100,100,1033,2.327220909079286,7.356243949661184,2.619004249572754,-2052.6100000000006,-0.020064266069846994,32.38839132645551,0.5924825203769347,0.6999778416528202,0.12750204258105335,285,332.23874039461134,0.30533790588378906
286,887.505,1906.0033333333326,7235.000000000003,100,100,1034,2.318783075957626,6.997098646034819,2.6092135906219482,-1906.0033333333326,-0.022345845697118956,34.18550432429594,0.6014077575767741,0.04208590931889108,0.09384191189618672,286,332.26093140926747,0.30533790588378906
287,890.402,2011.6933333333334,7560.666666666667,100,100,1034,2.1906587020746238,7.3120567375886525,2.478647470474243,-2011.6933333333334,-0.03026342561797184,41.94998037113863,0.638032836949124,0.05292512594913954,0.0700367647497093,287,332.34074786748613,0.30533790588378906
288,893.08,2066.826666666667,7575.333333333331,100,100,1031,1.9847277406680783,7.347559004203037,2.2582263946533203,-2066.826666666667,0.004776562125805546,40.67068380468032,0.560724659001126,0.1300563736106543,0.11502100877902087,288,332.498940628002,0.30533790588378906
289,895.716,2041.1433333333343,7356.666666666672,100,100,1032,1.95623120061093,7.128552971576233,2.2322192192077637,-2041.1433333333343,-0.02823057321502882,34.05454029756434,0.5720224100000718,0.13545566188472816,0.08685661764705882,289,332.6724056324523,0.30533790588378906
290,901.569,2032.1733333333343,7437.333333333335,100,100,1029,1.9611841599629836,7.227729186912862,2.2302000522613525,-2032.1733333333343,-0.007139487356385764,39.20557804668651,0.5636908184079563,0.09775344226235415,0.10698529420530095,290,332.8423692541082,0.30533790588378906
291,904.236,1961.6433333333337,7455.333333333334,100,100,1035,1.9701095670236697,7.203220611916264,2.250102996826172,-1961.6433333333337,-0.02339189055868808,34.067759177264044,0.5994409366565592,0.051528227097793096,0.10055982628289391,291,331.82029495952315,0.30533790588378906
292,906.868,2127.2300000000005,7395.333333333333,100,100,1025,1.9605595121023858,7.214959349593496,2.224433422088623,-2127.2300000000005,-0.0342060926315539,51.54035073694061,0.6287705971712164,0.08907003332312931,0.0822610294117647,292,331.9878320508701,0.30533790588378906
293,909.502,1959.5966666666673,7267.333333333333,100,100,1028,1.9662647844647358,7.069390402075227,2.2295820713043213,-1959.5966666666673,-0.017826938727761015,33.29265420577105,0.6438440128284342,0.20849765320171548,0.09604779411764706,293,332.15669018175817,0.30533790588378906
294,912.146,1977.3,7302.666666666665,100,100,1034,1.9646133485338444,7.062540296582848,2.2416069507598877,-1977.3,-0.013716105700415723,37.06150301764993,0.6096004510627073,0.023260125301449615,0.113235294161474,294,332.32713417229013,0.30533790588378906
295,914.781,2059.0333333333333,7454.666666666664,100,100,1031,1.9529869034254037,7.2305205302295485,2.225989818572998,-2059.0333333333333,-0.035434993805692476,37.75658383088953,0.6167686371242299,0.025667071530787164,0.09880514705882353,295,332.4970002206629,0.30533790588378906
296,917.41,2039.1866666666665,7438.666666666664,100,100,1034,1.9436725344359371,7.194068343004511,2.223783254623413,-2039.1866666666665,-0.013217843767693815,32.94270543491139,0.6176175738082212,0.13938694564379095,0.10946691189618672,296,332.67146784663754,0.30533790588378906
297,920.095,1999.1533333333334,7444.333333333331,100,100,1033,1.9907787022300765,7.206518231687639,2.267423391342163,-1999.1533333333334,-0.03192594702191213,33.16748966890223,0.6542612068793353,0.11622681286569465,0.1329656863475547,297,332.82325081341463,0.30533790588378906
298,922.727,2030.743333333333,7450.666666666664,100,100,1030,1.958992717068787,7.2336569579288,2.2289443016052246,-2030.743333333333,0.010459827697452377,33.51833898880903,0.6296329393106348,0.18230624433764367,0.10477941176470588,298,332.9901839912095,0.30533790588378906
299,925.372,2027.8466666666668,7430.999999999997,100,100,1031,1.9686671195661958,7.207565470417068,2.2399377822875977,-2027.8466666666668,-0.02091932384406819,31.042526160969455,0.6492263516959023,0.12106834634152405,0.10267857199206072,299,333.1526029288741,0.30533790588378906
300,931.208,2046.2533333333342,7491.666666666671,100,100,1034,1.9789471008861708,7.24532559638943,2.2570183277130127,-2046.2533333333342,-0.033088774913374114,38.4721201728372,0.6804140701013452,0.043889033358188015,0.085845588322948,300,333.311621515288,0.30533790588378906
301,933.875,2041.5933333333337,7525.333333333331,100,100,1034,1.9679716635113529,7.277885235332041,2.2464535236358643,-2041.5933333333337,-0.02220222441589131,28.102396544288187,0.6151010139900095,0.01462648032739868,0.08235294130795143,301,332.3335747446411,0.30533790588378906
302,936.567,1882.0300000000022,7234.000000000004,100,100,1034,2.0085183748879922,6.996131528046425,2.2857627868652344,-1882.0300000000022,-0.015025070375379394,37.208750528447766,0.62989100550904,0.30191462389741314,0.09908088274738368,302,332.48231327072153,0.30533790588378906
303,939.214,2004.0033333333329,7438.666666666668,100,100,1033,1.9640798653662566,7.201032591158439,2.2392728328704834,-2004.0033333333329,-0.009520237224505228,39.506561391493854,0.6138919311411241,0.059847498744013995,0.11494076799820452,303,332.64506548451203,0.30533790588378906
304,941.907,2058.5833333333335,7505.333333333331,100,100,1034,1.9908742730350844,7.25854287556415,2.273951768875122,-2058.5833333333335,-0.011561455972054425,36.84811709908878,0.5822523166151607,0.11194741157198544,0.0973345589111833,304,332.7917426217569,0.30533790588378906
305,944.572,2095.89,7541.666666666669,100,100,1033,1.9669393063969154,7.300742174895129,2.2438817024230957,-2095.89,-0.020117546267369214,51.33375779320212,0.5657732916228911,0.22925012206028708,0.10110294117647059,305,332.9467034686543,0.30533790588378906
306,947.232,2041.3666666666668,7410.333333333336,100,100,1034,1.9755078318872898,7.166666666666669,2.2556777000427246,-2041.3666666666668,-0.0018662511754561873,33.08658083747415,0.588686367168146,0.07411996167331167,0.11939338244059507,306,333.1030722497707,0.30533790588378906
307,949.908,2109.436666666667,7598.333333333334,100,100,1030,1.9862152413392746,7.377022653721683,2.262777805328369,-2109.436666666667,-0.02895637250998441,42.93668657190659,0.6077686855021645,0.12183972776812665,0.1253063726951094,307,333.24908654986643,0.30533790588378906
308,952.533,2015.913333333334,7371.000000000003,100,100,1033,1.9310105529804025,7.135527589545017,2.206754446029663,-2015.913333333334,0.013555568149861167,77.08406274458942,0.6553963843513938,0.045864719568806535,0.0832312091746751,308,333.41551777538655,0.30533790588378906
309,955.145,2063.4899999999984,7388.333333333332,100,100,1034,1.9327493241944889,7.145390070921985,2.210867166519165,-2063.4899999999984,0.014645363094613832,42.41799046011532,0.6787574431475472,0.04171838404555969,0.10303308858590968,309,333.5859444149952,0.30533790588378906
310,960.865,2042.1700000000003,7430.33333333334,100,100,1036,1.9183783770833724,7.172136422136429,2.199233293533325,-2042.1700000000003,-0.015253502355121514,42.00083250157974,0.596148265635266,0.04361971247229068,0.12239583362551297,310,333.7621289009421,0.30533790588378906
311,963.478,1966.6333333333355,7426.333333333336,100,100,1032,1.9272601742039313,7.19605943152455,2.197564125061035,-1966.6333333333355,-0.029786548741600093,37.395951719845044,0.5951535605332431,0.03437958313289153,0.1056985294117647,311,332.8472595412713,0.30533790588378906
312,966.117,1994.1133333333335,7463.000000000004,100,100,1032,1.9600019345101503,7.231589147286825,2.231128454208374,-1994.1133333333335,-0.02668588005882852,46.08025270349839,0.6075175351956311,0.04469492929467164,0.11075367647058823,312,333.0061049740881,0.30533790588378906
313,968.709,2056.0133333333342,7428.333333333332,100,100,1031,1.9190136787448182,7.204978984804396,2.1887574195861816,-2056.0133333333342,0.0009608699337524526,36.14325747770422,0.6044454425573349,0.04956800576217253,0.1205357146613738,313,333.17959798993195,0.30533790588378906
314,971.303,1962.3033333333342,7296.999999999998,100,100,1030,1.9269899971493818,7.084466019417474,2.194093704223633,-1962.3033333333342,-0.024858388611499,38.116654452155615,0.5858134232899722,0.03378551999819191,0.10952818656668943,314,333.35003067730594,0.30533790588378906
315,973.92,2101.9266666666663,7432.000000000004,100,100,1033,1.9371700846154642,7.194578896418203,2.215471029281616,-2101.9266666666663,-0.02416608509991099,36.096936001497156,0.6616027442847981,0.025806588559027982,0.10401348046520177,315,333.51521791968213,0.30533790588378906
316,976.528,2006.1366666666677,7403.666666666671,100,100,1032,1.9191508713835317,7.174095607235146,2.1913039684295654,-2006.1366666666677,-0.0028736154713174876,35.576833837172565,0.6236501125728383,0.022660916174679774,0.13097426470588236,316,333.6812400951465,0.30533790588378906
317,979.139,2005.0000000000002,7335.666666666669,100,100,1032,1.9343872094353618,7.108204134366927,2.2091259956359863,-2005.0000000000002,-0.032170919701457024,54.6434824887444,0.6597168778671938,0.03620365994763287,0.12040441176470588,317,333.8454806503973,0.30533790588378906
318,981.996,1902.549999999999,7192.333333333336,100,100,1032,2.138287788405906,6.969315245478039,2.416924476623535,-1902.549999999999,-0.037199704387389565,43.69867251901066,0.632416835602592,0.049226182375979775,0.11259191176470588,318,333.92527104273887,0.30533790588378906
319,985.137,2025.42,7430.666666666668,100,100,1031,2.410040153904116,7.207242159715488,2.7013120651245117,-2025.42,-0.01661421249017996,38.96494074428783,0.6260338004897622,0.021033815197263134,0.11357668086009867,319,333.9069315382289,0.30533790588378906
320,991.604,1919.2800000000007,7306.0,100,100,1032,2.268949126718248,7.079457364341085,2.5532984733581543,-1919.2800000000007,-0.025730531388784155,34.003607020658606,0.627659823088085,0.033254927192020285,0.11167279411764706,320,333.9428690276351,0.30533790588378906
321,994.756,2091.4699999999984,7441.999999999997,100,100,1026,2.4170733895924372,7.253411306042882,2.701704740524292,-2091.4699999999984,-0.0660640762790161,50.224977268892175,0.617612791412017,0.038013082894715756,0.0978860294117647,321,332.7469195166686,0.30533790588378906
322,997.891,2039.2433333333317,7443.333333333334,100,100,1031,2.401952959450773,7.219527966375687,2.6942026615142822,-2039.2433333333317,0.004770764807129607,46.280124215518725,0.6286842060439727,0.06133621242856059,0.11784401316853131,322,332.7346198144992,0.30533790588378906
323,1000.801,1981.1433333333337,7328.000000000003,100,100,1033,2.19655033860929,7.093901258470477,2.4832088947296143,-1981.1433333333337,-0.017813330105341533,36.10139285816866,0.6662237381233889,0.04667905862580108,0.08741830070229138,323,332.7998796067694,0.30533790588378906
324,1003.712,2157.139999999999,7586.333333333335,100,100,1029,2.1978799808965914,7.3725299643667,2.4819223880767822,-2157.139999999999,-0.0432860455749666,58.34950065612793,0.6377568573636168,0.05155728308840052,0.10643382370471954,324,332.8593003685169,0.30533790588378906
325,1006.811,1987.7099999999998,7347.666666666665,100,100,1028,2.379954766286428,7.147535667963682,2.6597774028778076,-1987.7099999999998,-0.044700973338502294,37.73608959422392,0.642830853953081,0.04445725165800575,0.08731617647058823,325,332.8559955499937,0.30533790588378906
326,1009.95,2120.0066666666667,7495.333333333334,100,100,1034,2.3913162492928985,7.248871695680207,2.693601608276367,-2120.0066666666667,-0.019192705204819933,48.387765884399414,0.6395864092251834,0.02760684466920793,0.09843750013148084,326,332.84510650110275,0.30533790588378906
327,1012.978,2003.316666666667,7393.666666666668,100,100,1032,2.3036094969219723,7.164405684754523,2.589949369430542,-2003.316666666667,-0.003652879530016114,34.97703406390022,0.6764246365603279,0.05300533350365346,0.1056985294117647,327,332.8689415082048,0.30533790588378906
328,1015.955,2080.1933333333327,7577.999999999998,100,100,1034,2.25542997975151,7.328820116054157,2.5468719005584717,-2080.1933333333327,-0.014736322576508802,32.176330510307764,0.7067556039375418,0.049197635291527736,0.11351102963089943,328,332.9113331122775,0.30533790588378906
329,1018.78,2067.7066666666665,7368.666666666665,100,100,1032,2.1163594986622534,7.14018087855297,2.3988139629364014,-2067.7066666666665,-0.0008626534767887171,51.84371791166418,0.6897718783687142,0.026748263989301288,0.12408088235294118,329,333.0012422378581,0.30533790588378906
330,1025.158,2024.7066666666685,7356.666666666673,100,100,1031,2.0831326869832196,7.1354671839637955,2.3609304428100586,-2024.7066666666685,-0.022947839338003713,44.3307362724753,0.7082479070214664,0.0667305997613927,0.13438813081559012,330,333.1060194909798,0.30533790588378906
331,1028.104,2130.1800000000007,7505.333333333338,100,100,1032,2.2310912771540328,7.272609819121451,2.522907018661499,-2130.1800000000007,-0.03227651373976294,50.19680769303266,0.6976677109213436,0.041814461870885944,0.11259191176470588,331,331.9878282137074,0.30533790588378906
332,1030.843,2098.6433333333334,7576.33333333333,100,100,1028,2.047568386269313,7.3699740596627725,2.320678234100342,-2098.6433333333334,-0.005507504129234482,39.76651085124296,0.671738821794005,0.03759959593470044,0.10753676470588236,332,332.1028364757075,0.30533790588378906
333,1033.62,2104.4300000000007,7428.000000000004,100,100,1032,2.0716913746554377,7.197674418604655,2.3534770011901855,-2104.4300000000007,-0.017542580854805076,41.249029496136835,0.6993880166726953,0.06045899190255167,0.12821691176470587,333,332.20917080305185,0.30533790588378906
334,1036.582,2041.42,7364.333333333332,100,100,1030,2.2521385424589577,7.149838187702264,2.5356173515319824,-2041.42,-0.02777489581528832,44.88198325213264,0.6539904032559956,0.024792879196705624,0.14935661764705882,334,332.25349472859443,0.30533790588378906
335,1039.576,2048.28,7425.000000000003,100,100,1030,2.2723827179910128,7.208737864077673,2.560059070587158,-2048.28,-0.0194813291377881,41.279198702643896,0.6480276689809912,0.06148236370234586,0.1243872550480506,335,332.2872483144787,0.30533790588378906
336,1042.606,2084.840000000001,7599.666666666666,100,100,1028,2.315191730516256,7.392671854734111,2.5959229469299316,-2084.840000000001,-0.015682001981665108,43.81919266195858,0.6005992968292797,0.04157144892686868,0.1171875,336,332.30795606362983,0.30533790588378906
337,1045.751,2000.7566666666658,7349.666666666664,100,100,1034,2.408185203553392,7.107994842037393,2.7060317993164062,-2000.7566666666658,-0.022166383671848214,50.77580536113066,0.5834838046747095,0.06695997664321433,0.11406250013148084,337,332.29698109668084,0.30533790588378906
338,1048.679,2104.3333333333344,7389.333333333334,100,100,1031,2.215977400567502,7.167151632719044,2.50301456451416,-2104.3333333333344,-0.026562464834355256,44.50253915786743,0.625658879385275,0.03662507069598445,0.10248161764705882,338,332.352479907362,0.30533790588378906
339,1051.593,2109.14,7628.9999999999945,100,100,1033,2.1905760882135628,7.38528557599225,2.4790823459625244,-2109.14,-0.015841450651778895,46.9527702331543,0.6858859868610606,0.032301688525716174,0.11825980399461354,339,332.4136844284637,0.30533790588378906
340,1058.45,2005.9433333333345,7395.000000000005,100,100,1033,2.384427977709635,7.158760890609878,2.681164026260376,-2005.9433333333345,-0.00990972711759455,50.0510435665355,0.5935095285668093,0.030522246845066547,0.11085580070229138,340,332.41109753172213,0.30533790588378906
341,1061.399,2130.629999999999,7692.000000000003,100,100,1032,2.21044292897726,7.453488372093026,2.499333620071411,-2130.629999999999,-0.03551163765437463,52.013799386865955,0.5645881295204163,0.035487477989483845,0.1130514705882353,341,331.28825786966917,0.30533790588378906
342,1064.368,2088.133333333334,7489.000000000003,100,100,1031,2.240140738203276,7.263821532492728,2.523334503173828,-2088.133333333334,-0.03844335094532546,61.55421941420611,0.6282561018186457,0.047705913126906925,0.12427783669794307,342,331.3328273330648,0.30533790588378906
343,1067.475,2012.5966666666666,7309.000000000002,100,100,1030,2.381607863794361,7.096116504854371,2.6688930988311768,-2012.5966666666666,-0.05997277095037348,35.317024399252496,0.6013855460812064,0.03262024329673937,0.11764705882352941,343,331.33336526230073,0.30533790588378906
344,1070.585,2100.340000000001,7439.0,100,100,1032,2.385512016020542,7.208333333333333,2.68237042427063,-2100.340000000001,-0.0063983999630984134,49.60626882665298,0.5903828485923655,0.03034459152395892,0.09558823529411764,344,331.3348311014725,0.30533790588378906
345,1073.221,2096.7600000000007,7586.000000000002,100,100,1036,1.9449401545944232,7.322393822393824,2.2282681465148926,-2096.7600000000007,-0.007126338012954768,40.10614310993868,0.6485129051348743,0.032351250335683715,0.1277573531603112,345,331.48616999499995,0.30533790588378906
346,1075.851,1942.2800000000002,7269.333333333332,100,100,1030,1.9458010702312571,7.057605177993526,2.211705446243286,-1942.2800000000002,-0.011682152364622144,35.25401393105002,0.613372200552155,0.04151023306664737,0.10677083362551297,346,331.63340003539736,0.30533790588378906
347,1078.479,1970.7166666666658,7328.333333333329,100,100,1029,1.9557797878327172,7.1218011013929345,2.2222211360931396,-1970.7166666666658,-0.024316100787152264,30.103437451755298,0.5764344369663912,0.11149758048807545,0.11534926470588236,347,331.7792454646919,0.30533790588378906
348,1081.105,1926.723333333335,7295.000000000004,100,100,1031,1.9523714856261787,7.075654704170711,2.2209126949310303,-1926.723333333335,-0.020082493531791604,41.13284819266375,0.5881461930625579,0.035512538681573724,0.1330094543450019,348,331.9271943108919,0.30533790588378906
349,1083.75,1961.8466666666686,7301.000000000003,100,100,1034,1.9563216631835763,7.060928433268861,2.233980178833008,-1961.8466666666686,-0.0047641853966257156,42.33641405666576,0.5559627729303697,0.044363253599251896,0.12169117655824213,349,332.0710180371295,0.30533790588378906
350,1089.639,2039.2499999999989,7272.666666666665,100,100,1032,1.958791279123894,7.047157622739016,2.2365505695343018,-2039.2499999999989,-0.018007958307862282,44.87674685085521,0.5874745048144284,0.028539417455356347,0.12913602941176472,350,332.20804220682317,0.30533790588378906
351,1092.285,2076.0133333333333,7471.000000000001,100,100,1034,1.953315668594366,7.225338491295939,2.2308106422424316,-2076.0133333333333,-0.010589092860327047,31.81326911028694,0.5418397924479317,0.025148767303428885,0.12398897067588918,351,331.3677818203549,0.30533790588378906
352,1094.908,2015.3833333333334,7393.666666666665,100,100,1029,1.9504619051590997,7.1852931648850005,2.216099500656128,-2015.3833333333334,-0.03402133357218083,36.64102301878088,0.5346789653686916,0.038751887013752234,0.09604779411764706,352,331.51356404848394,0.30533790588378906
353,1097.555,1927.1133333333332,7264.000000000004,100,100,1030,1.9566672801003946,7.052427184466023,2.2249300479888916,-1927.1133333333332,-0.038589247885872334,51.8650842554429,0.5567894446499208,0.05571219527765232,0.11488970632062238,353,331.65272800741565,0.30533790588378906
354,1100.206,2044.2133333333343,7399.333333333335,100,100,1033,1.9637125871970975,7.162955792191031,2.245313882827759,-2044.2133333333343,-0.046548998476389575,38.05016304464901,0.5603497396497166,0.05458850807660971,0.13822508208891926,354,331.79250272554776,0.30533790588378906
355,1103.16,1919.5333333333338,7144.000000000001,100,100,1031,2.2469473335165695,6.929194956353056,2.5279107093811035,-1919.5333333333338,-0.007027747438234442,43.783909292782056,0.5224861809436012,0.04999130280852756,0.11679359262480456,355,331.83866039896014,0.30533790588378906
356,1106.048,2046.5833333333323,7374.000000000003,100,100,1028,2.1770178023970357,7.173151750972766,2.4556095600128174,-2046.5833333333323,-0.017585376277565956,37.59368719774134,0.5598060067962197,0.021374886225470725,0.12178308823529412,356,331.90143350144825,0.30533790588378906
357,1108.945,2086.5,7538.999999999999,100,100,1030,2.1821511642627636,7.319417475728154,2.463487386703491,-2086.5,-0.011325153576977113,38.68466366038603,0.5076533380676719,0.07089727293179535,0.11688112774316002,357,331.9632736765687,0.30533790588378906
358,1111.936,1976.8033333333342,7459.666666666672,100,100,1029,2.2655873655805867,7.249433106575969,2.544567823410034,-1976.8033333333342,-0.02217555955490645,43.26526524038876,0.5128528072553522,0.03159182883374503,0.09926470588235294,358,331.99615865163645,0.30533790588378906
359,1114.951,1996.7966666666662,7514.000000000003,100,100,1033,2.290117808496841,7.273959341723139,2.5806946754455566,-1996.7966666666662,-0.023826048839563393,31.849439228282254,0.4648555916021852,0.06223098246846348,0.10661764705882353,359,332.0244864362744,0.30533790588378906
360,1121.36,1966.3066666666657,7414.66666666667,100,100,1034,2.128121374301951,7.170857511283046,2.4140608310699463,-1966.3066666666657,-0.0070075017454869605,29.706782453200397,0.5009685386629665,0.5189526717603097,0.11911764719030436,360,332.1016164711377,0.30533790588378906
361,1124.39,1912.7466666666671,7156.333333333331,100,100,1029,2.3043090381421534,6.954648526077095,2.5826785564422607,-1912.7466666666671,-0.006122026702060419,32.88586622125962,0.4756806743163216,0.07874123540857587,0.09558823529411764,361,331.0721265576187,0.30533790588378906
362,1127.437,2050.986666666667,7600.333333333334,100,100,1031,2.3266364684577754,7.371807306821856,2.6150410175323486,-2050.986666666667,-0.010442396735443789,37.31620092952953,0.5207113080164966,0.027878028299549922,0.09197741615421631,362,331.091570550884,0.30533790588378906
363,1130.395,1883.8766666666684,7119.000000000002,100,100,1033,2.2309762825792707,6.89157792836399,2.5204312801361084,-1883.8766666666684,-0.022729829227661386,43.37507550856646,0.5017877001972759,0.0638536090246977,0.10314542515312924,363,331.1391488974943,0.30533790588378906
364,1133.169,2009.05,7464.666666666665,100,100,1035,2.0585326572367246,7.212238325281802,2.3434672355651855,-2009.05,-0.011527183027390172,33.850881800932044,0.5820263010614058,0.15740713883218738,0.10782921138931723,364,331.2419723120079,0.30533790588378906
365,1135.868,2039.2733333333335,7362.666666666667,100,100,1031,2.0104637243048757,7.141286776592305,2.286029100418091,-2039.2733333333335,-0.02764259519822457,37.85880862965303,0.6086317274500342,0.024749444314853892,0.09611344556598102,365,331.3625114420393,0.30533790588378906
366,1138.558,2076.646666666667,7489.333333333332,100,100,1034,1.9985335588327302,7.2430689877498375,2.2796545028686523,-2076.646666666667,-0.032194631174206734,39.51543892131132,0.647189208689858,0.04626415192957639,0.13097426492501707,366,331.4877101758679,0.30533790588378906
367,1141.245,1963.61,7316.666666666669,100,100,1030,2.0023321375721,7.103559870550164,2.273545980453491,-1963.61,-0.010998571565484299,37.508040596457086,0.6179205231806811,0.1243878471911611,0.08624387269510943,367,331.60983090316347,0.30533790588378906
368,1143.95,2051.2733333333326,7457.666666666666,100,100,1033,2.0051848024782606,7.219425621168118,2.286630153656006,-2051.2733333333326,-0.014823961729074226,31.802502127254712,0.6290849867989036,0.03297145108637564,0.11192810469690491,368,331.7285649441024,0.30533790588378906
369,1146.687,2115.7600000000007,7521.666666666667,100,100,1033,2.0235713452077313,7.281381090674412,2.306983470916748,-2115.7600000000007,-0.019201245378045476,44.91818744996015,0.5686827705186956,0.06886045678915895,0.09752859481993843,369,331.83780648444684,0.30533790588378906
370,1152.665,2026.6466666666668,7418.333333333337,100,100,1031,1.9909444238645477,7.195279663756874,2.2641117572784424,-2026.6466666666668,-0.013218967271420886,29.096977458280676,0.5165045077309889,0.01002359193037538,0.11823792054372675,370,331.9622888935052,0.30533790588378906
371,1155.358,2031.4133333333334,7441.66666666667,100,100,1033,1.9961957416757725,7.203936753791549,2.273775577545166,-2031.4133333333334,-0.009542003657449694,33.71002906911514,0.568888239124242,0.07242902022485129,0.08369076799820452,371,331.1337234978298,0.30533790588378906
372,1158.027,2005.1633333333334,7223.333333333332,100,100,1033,1.979978798617251,6.992578251048724,2.259648561477661,-2005.1633333333334,-0.018802861135233852,46.80547484229593,0.6173817077103783,0.061110351436689275,0.1039624183493502,372,331.26251777926217,0.30533790588378906
373,1160.723,2061.616666666667,7588.666666666663,100,100,1030,1.9990557254273986,7.367637540453071,2.272082805633545,-2061.616666666667,-0.019813302904367447,35.758640457602105,0.5299806831514134,0.31476989815778594,0.11504289244904238,373,331.3805971683447,0.30533790588378906
374,1163.418,2037.4033333333336,7579.999999999999,100,100,1040,1.9840126948950525,7.288461538461537,2.2756829261779785,-2037.4033333333336,-0.011123597183648278,38.73511875376982,0.516380712389946,0.10982269860858865,0.10661764705882353,374,331.5068493452521,0.30533790588378906
375,1166.093,1953.1100000000008,7268.333333333334,100,100,1030,1.984744076391013,7.056634304207121,2.2524607181549072,-1953.1100000000008,-0.00719789371770971,45.68876647949219,0.4889291454763973,0.03512908204335391,0.09298406891963061,375,331.62967122751803,0.30533790588378906
376,1168.743,2050.78,7431.999999999998,100,100,1032,1.9676576544712983,7.201550387596898,2.2428324222564697,-2050.78,-0.012773626045707394,35.658173504997706,0.4371298761928783,0.08830729590537136,0.10248161764705882,376,331.7607847305177,0.30533790588378906
377,1171.413,1972.936666666667,7327.333333333332,100,100,1035,1.9805059904358597,7.079549114331722,2.261105537414551,-1972.936666666667,-0.03768434244043687,25.194961435654584,0.5078835496131111,0.09036800198202186,0.09550467922407038,377,331.8880857255778,0.30533790588378906
378,1174.127,2018.44,7576.999999999999,100,100,1033,1.9991561452184676,7.334946757018392,2.27763295173645,-2018.44,-0.002980777500745128,24.80652910120347,0.44523965085253997,0.07795908829361639,0.12842116022811217,378,332.0007570259525,0.30533790588378906
379,1176.85,1939.9699999999998,7223.0,100,100,1035,2.030034394763806,6.978743961352657,2.3123934268951416,-1939.9699999999998,-0.01800073661348399,44.46698373906753,0.519294798374176,0.08573797711527303,0.10582386395510505,379,332.1119900064884,0.30533790588378906
380,1182.847,2030.7999999999988,7531.999999999999,100,100,1035,2.003318842405966,7.277294685990337,2.285024881362915,-2030.7999999999988,-0.02358874541652553,35.181032853968006,0.44700078490902395,0.08131757904501523,0.1076620992492227,380,332.22990539237134,0.30533790588378906
381,1185.543,1984.5633333333349,7315.0,100,100,1035,1.9957011603808776,7.067632850241546,2.277622938156128,-1984.5633333333349,-0.029132896486450646,28.709838418399585,0.42201803756110806,0.04361003905069083,0.10490474630804623,381,331.4226878825012,0.30533790588378906
382,1188.223,2084.3733333333325,7434.999999999999,100,100,1031,1.9898940841816402,7.21144519883608,2.2653589248657227,-2084.3733333333325,-0.04404586400179302,40.49337723675896,0.47737887677024393,0.0669014146688449,0.0951943279189222,382,331.5434075266811,0.30533790588378906
383,1190.952,1920.5500000000006,7190.66666666667,100,100,1029,2.0523087469547754,6.988014253320379,2.323168992996216,-1920.5500000000006,0.0017581078059533063,28.62555913364186,0.4375976302167949,0.06113643948372234,0.0895220589111833,383,331.6471527935668,0.30533790588378906
384,1193.562,2025.8100000000004,7357.666666666668,100,100,1032,1.9143515506979483,7.12952196382429,2.188734531402588,-2025.8100000000004,-0.01176124602994498,33.45603718477137,0.47341255383456454,0.041239056883461994,0.1015625,384,331.7866413409647,0.30533790588378906
385,1196.181,2059.1800000000003,7434.0,100,100,1036,1.929872586912364,7.175675675675675,2.2091197967529297,-2059.1800000000003,-0.021604324307511833,44.89279146755443,0.4781558995737749,0.11306718380793053,0.10064338301034535,385,331.9264429574689,0.30533790588378906
386,1198.823,1976.8033333333342,7399.000000000003,100,100,1037,1.9532242031424893,7.135004821600774,2.233271360397339,-1976.8033333333342,-0.022465784308117104,38.941887855529785,0.48621705875677224,0.02669967179912526,0.09046238704639323,386,332.0599067692091,0.30533790588378906
387,1201.413,1844.6933333333343,7220.000000000002,100,100,1027,1.9270331031364456,7.030185004868551,2.1837081909179688,-1844.6933333333343,-0.03761108712676693,32.322129642262176,0.4219581055290559,0.13257517470115357,0.078125,387,332.19884935572094,0.30533790588378906
388,1204.064,2124.093333333334,7587.666666666663,100,100,1031,1.948899418751553,7.3595215001616525,2.226036548614502,-2124.093333333334,-0.04200143942280727,45.61773614322438,0.4696497873348348,0.05956107296515256,0.09716386610970777,388,332.32366374664224,0.30533790588378906
389,1206.701,1967.0199999999998,7307.0,100,100,1032,1.9531240344973455,7.080426356589148,2.2257864475250244,-1967.0199999999998,-0.013555168995962423,30.657745641820572,0.39221513358985677,0.06394802963854197,0.08501838235294118,389,332.45268956754444,0.30533790588378906
390,1212.505,1997.479999999999,7485.000000000002,100,100,1032,1.9507561030828344,7.252906976744188,2.223803758621216,-1997.479999999999,-0.020134861526243827,35.718225591322955,0.4275432722095181,0.16737434320042238,0.09650735294117647,390,332.5816570674788,0.30533790588378906
391,1215.123,2054.146666666668,7478.000000000002,100,100,1033,1.9281500479835738,7.239109390125849,2.2023489475250244,-2054.146666666668,-0.023519875344765538,36.90209607517018,0.49128542884307747,0.08342406772734488,0.09385212423170314,391,331.8479141811289,0.30533790588378906
392,1217.739,1988.923333333332,7458.333333333335,100,100,1032,1.933820927294527,7.227067183462534,2.2062528133392334,-1988.923333333332,-0.015423882259603809,31.58496643515194,0.4740954593700521,0.04092264705447152,0.10340073529411764,392,331.9825479052167,0.30533790588378906
393,1220.376,2032.43,7610.333333333331,100,100,1033,1.9463575990565865,7.367215230719585,2.224092960357666,-2032.43,-0.019477321396527046,32.38089494144215,0.45468343115028215,0.0322959193127805,0.09155433011405609,393,332.11151243593946,0.30533790588378906
394,1223.393,2044.5500000000018,7592.66666666667,100,100,1033,2.286867861904651,7.350112939657957,2.5760154724121094,-2044.5500000000018,-0.016499957946293494,39.78793553745045,0.43303721354288216,0.04934882332899553,0.09339256540817373,394,332.1368164701814,0.30533790588378906
395,1226.375,2057.7499999999995,7409.999999999999,100,100,1034,2.248261123783058,7.166344294003868,2.541411876678467,-2057.7499999999995,-0.002026786425096147,37.61826711542466,0.48856644858332243,0.07203730486114235,0.09825367655824213,395,332.17235971222846,0.30533790588378906
396,1229.33,1920.286666666666,7190.666666666666,100,100,1032,2.2418244186628162,6.967700258397932,2.522324800491333,-1920.286666666666,-0.015738333849345938,32.76310118506937,0.4760122053763446,0.022750193965347373,0.0896139705882353,396,332.2136049651298,0.30533790588378906
397,1232.308,1929.3766666666663,7216.333333333331,100,100,1033,2.2519561477881807,6.985801871571472,2.53767466545105,-1929.3766666666663,-0.02722476554267547,36.850215182584876,0.4200718731564634,0.058061063399209696,0.13306781079839258,397,332.2489050243128,0.30533790588378906
398,1235.244,1945.8266666666666,7161.333333333331,100,100,1036,2.2052205600335286,6.912483912483911,2.498986005783081,-1945.8266666666666,-0.02549154612728778,34.80661526848288,0.4769269894151127,0.04440960206214667,0.08624387269510943,398,332.29790890847954,0.30533790588378906
399,1238.226,1794.1799999999996,7167.666666666664,100,100,1028,2.274362743625613,6.9724383916990895,2.5448575019836426,-1794.1799999999996,-0.017081146840663516,36.54851223440731,0.46132755191887126,0.050194744739736265,0.10202205882352941,399,332.3279519134921,0.30533790588378906
400,1244.736,1926.453333333333,7225.333333333331,100,100,1031,2.191392437574769,7.008082767539603,2.4711713790893555,-1926.453333333333,-0.01522817533901509,29.08339578965131,0.4290706795804641,0.07159724088577445,0.10996586172019734,400,332.38111539329026,0.30533790588378906
401,1247.822,1967.3966666666665,7438.66666666667,100,100,1029,2.3750374143430917,7.229024943310661,2.654904365539551,-1967.3966666666665,-0.010625533211757155,34.24886883006376,0.3797292498981251,0.054484943938030696,0.08501838235294118,401,331.42302310973383,0.30533790588378906
402,1250.675,1927.446666666668,7290.333333333336,100,100,1030,2.1534161155057836,7.077993527508093,2.426670789718628,-1927.446666666668,-0.02861009817570448,26.72196309706744,0.44484612696311054,0.1278406850897762,0.11504289244904238,402,331.490555975026,0.30533790588378906
403,1253.321,1992.8833333333328,7467.0,100,100,1028,1.9700071029953934,7.2636186770428015,2.236344337463379,-1992.8833333333328,-0.011385753422099002,37.646852871950934,0.4620567428715089,0.10479086675160729,0.12178308823529412,403,331.6110055183736,0.30533790588378906
404,1255.993,1922.1666666666656,7227.666666666668,100,100,1034,1.9649084143131625,6.990006447453257,2.241316318511963,-1922.1666666666656,-0.029485931756960994,30.722362518310547,0.4026673725422691,0.0858584557837971,0.1051470589111833,404,331.72864401325256,0.30533790588378906
405,1258.646,2005.996666666667,7349.999999999997,100,100,1036,1.9594916977657142,7.094594594594592,2.2407066822052,-2005.996666666667,-0.017669786164975342,26.845975651460535,0.4313356762423235,0.05669612305321019,0.09712009811226059,405,331.85274589607417,0.30533790588378906
406,1261.289,2077.2566666666676,7423.333333333334,100,100,1027,1.9657148023116917,7.228172671210647,2.2307355403900146,-2077.2566666666676,-0.015091540675391169,31.974253991070917,0.5042180388289339,0.018093050262370312,0.10462622607455534,406,331.9718156351677,0.30533790588378906
407,1264.001,2067.930000000001,7577.666666666667,100,100,1034,1.9960739824117468,7.3284977433913605,2.2784345149993896,-2067.930000000001,-0.02532051898100797,37.36420384575339,0.48165617883205414,0.03593523305950358,0.09623161769088577,407,332.07727602324843,0.30533790588378906
408,1266.687,1891.0399999999995,7280.666666666666,100,100,1033,1.9982062914207692,7.048080025814778,2.271745443344116,-1891.0399999999995,-0.020847526269362253,28.08167850269991,0.4740343909053242,0.03501448393388487,0.11728962423170314,408,332.18868569860587,0.30533790588378906
409,1269.362,1985.1700000000003,7297.000000000003,100,100,1031,1.989530456012113,7.077594568380216,2.2639589309692383,-1985.1700000000003,-0.01171475522877539,37.18167543411255,0.5666678521563026,0.01066901143777239,0.09887079850715749,409,332.30084924142153,0.30533790588378906
410,1275.288,2058.470000000001,7439.333333333332,100,100,1034,1.9883816268941752,7.194713088330109,2.267298936843872,-2058.470000000001,-0.024806144044679755,36.346488672144275,0.5702902692205766,0.14147767227362185,0.07509191180853282,410,332.4135706233831,0.30533790588378906
411,1277.937,2068.033333333334,7481.666666666672,100,100,1034,1.950564313269215,7.2356544165054855,2.230933666229248,-2068.033333333334,-0.010081251234035282,38.92978808459114,0.5460586127112893,0.04299426317790195,0.09255514710265048,411,331.6893831976218,0.30533790588378906
412,1280.606,2001.5200000000007,7478.000000000002,100,100,1031,1.971380794818299,7.253152279340448,2.2444541454315186,-2001.5200000000007,-0.011688528637237409,34.747643414665674,0.5949847084634444,0.06227593094124185,0.09112394995549146,412,331.8031791328922,0.30533790588378906
413,1283.257,2029.1366666666668,7438.000000000005,100,100,1033,1.9618572124270117,7.2003872216844185,2.2400741577148438,-2029.1366666666668,-0.02603479299475165,31.98556198793299,0.575380447156289,0.0490439083043705,0.10544321905164157,413,331.9225884240871,0.30533790588378906
414,1285.885,1975.0699999999995,7275.333333333332,100,100,1028,1.9516577797621155,7.077172503242541,2.215545892715454,-1975.0699999999995,-0.004520582856939119,28.78393816947937,0.5291423762545866,0.009937016724827974,0.10340073529411764,414,332.04376548183706,0.30533790588378906
415,1288.526,1983.0333333333328,7361.333333333336,100,100,1032,1.9582881771123701,7.133074935400519,2.232492446899414,-1983.0333333333328,-0.021205123459153315,32.79678243749282,0.6001769497114069,0.025400328028755373,0.12454044117647059,415,332.16392679574784,0.30533790588378906
416,1291.162,1983.8966666666665,7343.666666666669,100,100,1031,1.9543063043229187,7.1228580666020065,2.224578380584717,-1983.8966666666665,-0.020397708258208108,28.40710771785063,0.6025336779215756,0.030323235215345287,0.0888261558378444,416,332.2844524305803,0.30533790588378906
417,1293.811,2115.1299999999997,7537.666666666668,100,100,1030,1.949780582206197,7.318122977346279,2.220763683319092,-2115.1299999999997,-0.017135742777848944,39.85113934909596,0.5976489221348482,0.12405758664039347,0.1081495100961012,417,332.4000703178611,0.30533790588378906
418,1296.481,2059.33,7470.666666666668,100,100,1031,1.9800131924849664,7.246039443905595,2.2570736408233643,-2059.33,-0.02900949931320022,46.33329464407528,0.6192692903911367,0.009894001071670037,0.08140756321303985,418,332.51135867681666,0.30533790588378906
419,1299.128,1964.1700000000012,7242.666666666667,100,100,1034,1.9604993238324584,7.004513217279175,2.237290620803833,-1964.1700000000012,-0.020194496740313136,39.08166890985825,0.6332464148016537,0.04305564939482685,0.09623161769088577,419,332.62924629287824,0.30533790588378906
420,1304.978,2060.5299999999993,7264.999999999998,100,100,1033,1.948082187241854,7.032913843175216,2.2297964096069336,-2060.5299999999993,-0.014135855414411602,51.62760756997501,0.6184389205539927,0.013438510232577649,0.08920547388055745,420,332.7477513142125,0.30533790588378906
421,1307.626,2080.2466666666664,7341.333333333337,100,100,1029,1.9579827039936093,7.134434726271464,2.2293198108673096,-2080.2466666666664,0.0035193627152372807,40.148155969731945,0.6208627986557343,0.01827281094772522,0.07352941176470588,421,332.0445528846446,0.30533790588378906
422,1310.309,1997.7800000000007,7397.333333333335,100,100,1030,1.9885570898163811,7.181877022653723,2.2623555660247803,-1997.7800000000007,-0.025714505354271215,44.1309445886051,0.6221047955400804,0.019692125586409343,0.09834558823529412,422,332.1508393535534,0.30533790588378906
423,1312.959,2038.68,7436.333333333337,100,100,1034,1.9577964197986577,7.191811734364929,2.2370047569274902,-2038.68,-0.022454520468326175,37.405538110172046,0.6531204563729903,0.03470701432910145,0.09466911764705882,423,332.26785342630563,0.30533790588378906
424,1315.597,2088.393333333332,7529.666666666665,100,100,1034,1.9418677010904903,7.2820760799484185,2.2230165004730225,-2088.393333333332,-0.014728614567395519,44.60201818802778,0.6231355044771644,0.04772440087296726,0.11286764723413131,424,332.38739511426763,0.30533790588378906
425,1318.217,2058.1866666666656,7473.999999999997,100,100,1030,1.9351874741508617,7.256310679611648,2.204998731613159,-2058.1866666666656,-0.04499109713908504,30.586429539848776,0.5830394538009868,0.048189733663628644,0.09972426470588236,425,332.50826241375836,0.30533790588378906
426,1320.844,2080.426666666666,7529.333333333334,100,100,1032,1.9447177344194952,7.295865633074936,2.220115900039673,-2080.426666666666,-0.0007995955426903332,46.56204734129064,0.5895702944082373,0.07167947019094273,0.11443014705882353,426,332.62823369548454,0.30533790588378906
427,1323.448,2007.0733333333328,7378.666666666667,100,100,1032,1.9191944774947771,7.149870801033592,2.1911516189575195,-2007.0733333333328,-0.03296723348252913,32.08008440803079,0.5926238578908584,0.014679360734161866,0.11856617647058823,427,332.75363668498545,0.30533790588378906
428,1326.102,2037.5399999999995,7383.333333333332,100,100,1035,1.9267373905035752,7.133655394524959,2.206352949142456,-2037.5399999999995,-0.01592684109859607,33.80987408581902,0.5929870132137748,0.03194374634939082,0.16080381063853993,428,332.8679462160676,0.30533790588378906
429,1328.714,2074.7400000000002,7509.333333333335,100,100,1032,1.925557365261069,7.276485788113696,2.2013611793518066,-2074.7400000000002,-0.002710600876632859,38.57446878096636,0.5803029817693374,0.0334770556552993,0.10799632352941177,429,332.9905203448336,0.30533790588378906
430,1334.474,2037.8666666666659,7464.333333333327,100,100,1034,1.9578993235123876,7.218891038039968,2.236637592315674,-2037.8666666666659,-0.02300089645980145,35.802971475264606,0.5337793138973853,0.01711306188885561,0.09439338239676812,430,333.1049208650619,0.30533790588378906
431,1337.117,2156.8466666666664,7610.000000000001,100,100,1032,1.9443068808339925,7.374031007751939,2.221446990966797,-2156.8466666666664,-0.008451327298055677,60.14167920280905,0.6425266037969029,0.051753580467501545,0.11580882352941177,431,332.44318680607785,0.30533790588378906
432,1339.728,2012.546666666667,7331.333333333334,100,100,1028,1.9339039882804459,7.131647211413749,2.200695514678955,-2012.546666666667,0.005491524743025794,38.64460851164425,0.5642407483914319,0.02340346558348221,0.08272058823529412,432,332.56225308710106,0.30533790588378906
433,1342.752,2089.0433333333335,7543.333333333332,100,100,1033,2.2867577964582435,7.302355598580186,2.580425500869751,-2089.0433333333335,-0.0215288350249038,36.27830258537741,0.5219399438184851,0.12213209503919215,0.13301674868254101,433,332.58252072619683,0.30533790588378906
434,1345.948,2024.6599999999996,7305.999999999998,100,100,1034,2.4482120864041064,7.06576402321083,2.750209093093872,-2024.6599999999996,-0.022088336758315563,38.354935477761664,0.5703749980996636,0.034760067828328294,0.11112132361706566,434,332.5611709445265,0.30533790588378906
435,1348.915,1986.453333333333,7308.000000000004,100,100,1030,2.247755533509246,7.095145631067965,2.5311527252197266,-1986.453333333333,-0.03469266802729929,34.19709598316866,0.5576359840000377,0.07260621500694577,0.11795343151863884,435,332.5931290034207,0.30533790588378906
436,1351.873,2029.6000000000015,7369.333333333333,100,100,1033,2.210825847913507,7.133914165859955,2.501621961593628,-2029.6000000000015,-0.01857667723122765,36.0552144611583,0.51682449176031,0.18915842810426564,0.10401348046520177,436,332.62950781646254,0.30533790588378906
437,1354.938,2128.769999999999,7473.666666666671,100,100,1031,2.3311992257401695,7.248949240219855,2.623034715652466,-2128.769999999999,-0.019638753003057313,43.825203222386975,0.5009887770694845,0.01859909707940567,0.11088497936725616,437,332.63808792591425,0.30533790588378906
438,1358.103,2034.6700000000003,7346.000000000002,100,100,1033,2.4075278808792833,7.111326234269121,2.7020833492279053,-2034.6700000000003,0.002336517743328038,34.45000654108384,0.5623303274897968,0.01877681947970653,0.10534109481993843,438,332.6236402012104,0.30533790588378906
439,1361.14,2100.09,7563.333333333332,100,100,1030,2.3051164110724645,7.34304207119741,2.5916452407836914,-2100.09,-0.035977976177545154,33.52120090933407,0.5197336813982796,0.03431393405052779,0.11994485337944592,439,332.6379963506381,0.30533790588378906
440,1367.777,2055.5599999999995,7278.333333333329,100,100,1030,2.183447087192637,7.0663430420711935,2.4641735553741455,-2055.5599999999995,-0.013713787748094867,30.0008788950303,0.5387775521068012,0.03921650954768719,0.1087622550480506,440,332.6849087040519,0.30533790588378906
441,1370.917,1999.6566666666672,7322.0,100,100,1034,2.4028554159294044,7.081237911025145,2.702472448348999,-1999.6566666666672,-0.02551886669414885,36.45268277560963,0.5404406356460908,0.0596953178071143,0.13170955899883718,441,331.7713575711115,0.30533790588378906
442,1373.877,2091.4866666666676,7512.999999999999,100,100,1033,2.2204845124046027,7.2729912875121,2.511138916015625,-2091.4866666666676,-0.03829556155730696,42.02224776324104,0.6025653823333628,0.07180601796683143,0.10947712423170314,442,331.80839159271403,0.30533790588378906
443,1376.855,1991.7099999999994,7480.999999999999,100,100,1034,2.2416756298335367,7.235009671179883,2.529996633529663,-1991.7099999999994,-0.027473569683292332,33.87215591879452,0.5615524430485332,0.0889372984495233,0.1319852942491279,443,331.8418967027105,0.30533790588378906
444,1379.654,2092.3866666666677,7469.000000000004,100,100,1031,2.0910126090936805,7.244422890397676,2.371074914932251,-2092.3866666666677,-0.026080759406528053,51.01587374070112,0.569279803072705,0.1124349640449509,0.11416754301856546,444,331.9159388628217,0.30533790588378906
445,1382.43,2032.3400000000006,7350.999999999999,100,100,1031,2.068988653441853,7.129970902036857,2.348081588745117,-2032.3400000000006,0.004266443881480133,30.910648458144244,0.6135526132934234,0.06297097862561178,0.10753676470588236,445,331.9950306855993,0.30533790588378906
446,1385.401,2103.136666666666,7481.666666666665,100,100,1028,2.233904961370664,7.277885862516211,2.5154776573181152,-2103.136666666666,-0.02919468886273749,36.03674344455494,0.6716324722065645,0.07697567687479451,0.13051470588235295,446,332.0250781071672,0.30533790588378906
447,1388.375,2109.6866666666665,7586.666666666666,100,100,1031,2.2416955360756132,7.358551568056902,2.528521776199341,-2109.6866666666665,-0.008587694117415915,45.20818418615005,0.6380016567075953,0.05427007170339279,0.11731880289666793,447,332.0564593211328,0.30533790588378906
448,1391.172,1973.323333333333,7380.666666666666,100,100,1029,2.0886614199852676,7.172659540006478,2.3598108291625977,-1973.323333333333,-0.009810663211871596,39.3095700600568,0.5792767221436781,0.08412040111622499,0.13170955899883718,448,332.12867349392894,0.30533790588378906
449,1393.932,1985.256666666666,7293.333333333334,100,100,1034,2.0484418783434153,7.053513862024501,2.331480026245117,-1985.256666666666,-0.028759744620936757,41.38476641037885,0.6187729020329082,0.05444583037516328,0.1354779412641245,449,332.2127442349995,0.30533790588378906
450,1400.513,2040.9466666666663,7493.666666666665,100,100,1031,2.1988461681602796,7.268347882314903,2.4829611778259277,-2040.9466666666663,-0.032514727400506246,33.62346211601706,0.5661548472502652,0.040445620858329624,0.14876575767993927,450,332.249942011438,0.30533790588378906
451,1403.631,1989.6333333333328,7288.000000000002,100,100,1037,2.364010413683836,7.027965284474448,2.667156934738159,-1989.6333333333328,-0.01601011251263759,42.45158055249382,0.5995429149445366,0.037485512637752384,0.13581730863627264,451,331.3905482294106,0.30533790588378906
452,1406.728,2153.163333333334,7586.333333333334,100,100,1032,2.356319478555048,7.351098191214471,2.653148651123047,-2153.163333333334,-0.02140085618285572,46.17150020599365,0.545492625411819,0.024841926091432792,0.09604779411764706,452,331.3945367911554,0.30533790588378906
453,1409.638,2170.5699999999997,7565.333333333337,100,100,1034,2.173695839829815,7.3165699548678305,2.4675533771514893,-2170.5699999999997,-0.02919661604306277,35.08069245955523,0.573489826391725,0.0463945439482546,0.1272977945559165,453,331.44393935550306,0.30533790588378906
454,1412.516,2023.743333333333,7314.333333333337,100,100,1031,2.154787681693307,7.094406724862596,2.438871145248413,-2023.743333333333,-0.015984333010719103,30.724421417011936,0.5557678631123375,0.06726122841321151,0.11909138674245161,454,331.4984735574824,0.30533790588378906
455,1415.55,1996.0566666666664,7343.333333333333,100,100,1033,2.293388769463325,7.1087447563730235,2.585191488265991,-1996.0566666666664,-0.016130593605339527,33.04378430983599,0.5306923214127036,0.10376799724283903,0.12974877458284884,455,331.5178469877459,0.30533790588378906
456,1418.616,1996.2566666666671,7298.333333333335,100,100,1031,2.3387820542556037,7.078887811186552,2.6267478466033936,-1996.2566666666671,-0.029532996608930474,45.01631624558393,0.5779487464357825,0.048764130929211044,0.13353466505513473,456,331.5279474570509,0.30533790588378906
457,1421.534,2000.116666666668,7280.000000000001,100,100,1034,2.1860235030906963,7.040618955512573,2.477092742919922,-2000.116666666668,-0.009412793990443735,41.797325134277344,0.6288424423512291,0.07956266912001678,0.12693014719030438,457,331.5749528054388,0.30533790588378906
458,1424.446,1964.5066666666683,7348.666666666667,100,100,1033,2.1809942874740105,7.113907712165215,2.4689412117004395,-1964.5066666666683,-0.0172851531602004,32.43512546314913,0.553468876025256,0.04827088937300312,0.1293402780943057,458,331.62228643311244,0.30533790588378906
459,1427.529,1933.3800000000008,7272.000000000003,100,100,1034,2.3330019330299625,7.032882011605419,2.625617027282715,-1933.3800000000008,-0.0025322007782319013,44.48110776789048,0.6320591533885282,0.038900138947236186,0.1359375000876539,459,331.6303472069466,0.30533790588378906
460,1433.941,2003.3499999999997,7296.999999999999,100,100,1035,2.4252893722611635,7.050241545893719,2.7290902137756348,-2003.3499999999997,-0.015854731147341868,44.75781157437493,0.6870984224712148,0.04519180727519972,0.15420287409249475,460,331.619771283664,0.30533790588378906
461,1436.667,1965.3666666666672,7279.333333333334,100,100,1033,2.0134597287593556,7.046789286866732,2.2928285598754883,-1965.3666666666672,-0.024670860757503438,40.2812245312859,0.6542840196805841,0.027861928539898467,0.12637867647058823,461,330.96045994074245,0.30533790588378906
462,1439.35,2170.786666666665,7837.66666666667,100,100,1032,1.9818817825072856,7.59463824289406,2.265538454055786,-2170.786666666665,-0.03841338416232782,67.3713272038628,0.6998862852068508,0.020144325283849063,0.13143382352941177,462,331.06045441319026,0.30533790588378906
463,1442.006,2096.613333333334,7538.333333333333,100,100,1027,1.9690137305056645,7.340149302174618,2.239445447921753,-2096.613333333334,-0.024084301829776344,55.25549675436581,0.622992745052804,0.04641571323222974,0.1513480395078659,463,331.16289082875915,0.30533790588378906
464,1444.702,2106.106666666666,7457.666666666665,100,100,1029,1.9992268196260965,7.247489471979266,2.2761309146881104,-2106.106666666666,0.005724229959442335,50.727448856129364,0.5892753504654941,0.01915913260103587,0.15422794135177836,464,331.25735292011575,0.30533790588378906
465,1447.385,1989.7333333333333,7330.666666666668,100,100,1033,1.9875120029884814,7.096482736366571,2.2667346000671387,-1989.7333333333333,-0.020462900509729105,55.15505599975586,0.6606441175236422,0.021691668853985473,0.14899918305523255,465,331.35686272842673,0.30533790588378906
466,1450.062,2090.3133333333335,7317.999999999999,100,100,1026,1.9787359640290907,7.132553606237816,2.2474026679992676,-2090.3133333333335,-0.014330165789407842,53.97911026898552,0.6721320783390718,0.023987611824208322,0.15854779411764705,466,331.4527275154656,0.30533790588378906
467,1452.72,2144.896666666666,7503.000000000004,100,100,1027,1.970165626562138,7.305744888023373,2.2416112422943115,-2144.896666666666,-0.036334149046417547,52.16931351493387,0.6571127973935184,0.05503917769665884,0.15701593195690827,467,331.5531618225895,0.30533790588378906
468,1455.397,2123.4600000000005,7473.333333333335,100,100,1030,1.98388009849773,7.2556634304207135,2.261378049850464,-2123.4600000000005,0.00176836276317344,49.846114326925836,0.6965390724294326,0.0238809646860532,0.16069240210687413,468,331.65101646803214,0.30533790588378906
469,1458.085,2051.9300000000007,7412.000000000005,100,100,1029,1.9847190473002425,7.2031098153547175,2.2586655616760254,-2051.9300000000007,-0.016170721446328303,54.53702552178327,0.6038061542546048,0.010543531310224138,0.1409926471464774,469,331.7453203440845,0.30533790588378906
470,1464.516,2103.663333333333,7410.0,100,100,1034,2.0452260185659967,7.166344294003869,2.3371779918670654,-2103.663333333333,-0.02568992386188577,49.05419759189381,0.6178527719834271,0.0134782758404446,0.12876838248442202,470,331.8254431366365,0.30533790588378906
471,1467.409,2084.5199999999995,7460.333333333333,100,100,1031,2.166474005884909,7.236016812156482,2.4510231018066406,-2084.5199999999995,-0.008545214693774195,47.683645248413086,0.6155913822791156,0.02733999871484497,0.14870010579333587,471,331.04469713765815,0.30533790588378906
472,1470.372,2021.9433333333336,7465.000000000003,100,100,1036,2.2243975866657886,7.205598455598458,2.5195817947387695,-2021.9433333333336,-0.019417931599652067,51.17268719392664,0.5834825336933136,0.03481705738779377,0.17830882396768122,472,331.0821389304021,0.30533790588378906
473,1473.388,1959.0833333333335,7166.666666666666,100,100,1031,2.2831736185572584,6.951180084060782,2.571857213973999,-1959.0833333333335,-0.04516444864052841,43.38144341637106,0.6094196973478093,0.02646621346802396,0.1647190131685313,473,331.1044517435122,0.30533790588378906
474,1476.36,2055.526666666667,7228.333333333334,100,100,1031,2.231068476252294,7.010992563853864,2.523629903793335,-2055.526666666667,-0.022698510547771174,49.45582030801212,0.6419513567405588,0.0251995390144122,0.1629464293227476,474,331.13614184890474,0.30533790588378906
475,1479.312,2026.5300000000009,7354.333333333334,100,100,1030,2.2301882523500804,7.140129449838188,2.518136978149414,-2026.5300000000009,-0.01670695238691919,47.43370819091797,0.6086118615725461,0.03854471636141705,0.14445465715492473,475,331.1714781718885,0.30533790588378906
476,1482.23,2027.5533333333328,7442.000000000001,100,100,1033,2.1870389158340733,7.204259438528559,2.476069211959839,-2027.5533333333328,-0.019320441944086376,39.869439237258014,0.6886616822551278,0.04955334703931037,0.15063317032421336,476,331.21645911693264,0.30533790588378906
477,1485.268,2054.890000000001,7628.33333333333,100,100,1033,2.3032867365236336,7.384640206518228,2.5958051681518555,-2054.890000000001,-0.061392733991584354,35.24572063894833,0.6983054648427403,0.02043915935107233,0.14026756540817373,477,331.23447682312445,0.30533790588378906
478,1488.203,2037.7766666666662,7392.666666666666,100,100,1034,2.2019544478759845,7.149580915538362,2.493427276611328,-2037.7766666666662,0.004913248423048679,38.523341964272895,0.657328675774967,0.03314147982061567,0.17012867660206907,478,331.2759823271413,0.30533790588378906
479,1491.072,1988.8900000000008,7334.666666666667,100,100,1032,2.1510686043581324,7.1072351421188635,2.4372355937957764,-1988.8900000000008,-0.03962747336310499,44.90188800587374,0.651646366890739,0.03295161494273035,0.14338235294117646,479,331.3307750824535,0.30533790588378906
480,1497.052,2068.763333333333,7413.000000000001,100,100,1033,2.0235169409356817,7.176185866408519,2.3053107261657715,-2068.763333333333,-0.009096259799073724,37.17153801637537,0.6244186548625722,0.0318328071734868,0.1388888889375855,480,331.4181620813059,0.30533790588378906
481,1499.75,2042.4300000000012,7368.333333333334,100,100,1033,1.997148596126287,7.13294611164892,2.276933193206787,-2042.4300000000012,-0.033655175699523705,44.13338072159711,0.6394285594715792,0.024627189449828994,0.14210580070229137,481,330.7913306327724,0.30533790588378906
482,1502.459,2021.340000000001,7448.999999999996,100,100,1032,2.0116791661554414,7.21802325581395,2.2883002758026123,-2021.340000000001,-0.024163958616554737,31.622412401087143,0.594523564857595,0.030073414152652463,0.1479779411764706,482,330.8815910050699,0.30533790588378906
483,1505.23,2041.766666666667,7410.666666666672,100,100,1030,2.0479272822713823,7.1948220064724975,2.3257880210876465,-2041.766666666667,0.003910382442614611,39.65990577024572,0.6424767287338481,0.038255133513731006,0.1550245100961012,483,330.95663686934955,0.30533790588378906
484,1507.942,2015.756666666666,7420.000000000002,100,100,1030,2.0184304840971254,7.203883495145633,2.2934842109680176,-2015.756666666666,-0.034541345037081665,35.325554118436926,0.6959257914739496,0.02580173352651079,0.11749387269510943,484,331.0446357045234,0.30533790588378906
485,1510.698,2140.35,7414.666666666666,100,100,1030,2.036161067696668,7.1987055016181225,2.3154025077819824,-2140.35,-0.035670542870374286,39.98057881523581,0.6633044428685132,0.014327156874488163,0.1407781870049589,485,331.1223657202899,0.30533790588378906
486,1513.404,2019.7333333333333,7394.66666666667,100,100,1030,2.0135118468953928,7.179288025889971,2.2876009941101074,-2019.7333333333333,-0.04026846124735825,38.987471524406885,0.6260689365513185,0.01534987160908606,0.14215686303727768,486,331.2110118560593,0.30533790588378906
487,1516.149,2016.3233333333337,7399.666666666668,100,100,1032,2.0367114326615217,7.170219638242895,2.314248561859131,-2016.3233333333337,-0.028345817480893695,33.30486213459688,0.6226315805140663,0.03564830006935688,0.12454044117647059,487,331.2920668612492,0.30533790588378906
488,1518.897,2050.2933333333335,7571.666666666667,100,100,1032,2.012715890395361,7.336886304909561,2.290992498397827,-2050.2933333333335,-0.023099350249942613,35.177488916060504,0.6567949670202592,0.032918992315364236,0.12867647058823528,488,331.37207813172165,0.30533790588378906
489,1521.641,1972.3766666666663,7341.000000000003,100,100,1031,2.0370678960370077,7.120271580989334,2.3137259483337402,-1972.3766666666663,-0.030315087067292017,38.618026957792395,0.6194267185295329,0.017890999833231464,0.1307773116756888,489,331.4520785241023,0.30533790588378906
490,1527.628,1998.426666666666,7342.333333333329,100,100,1031,2.016247235347854,7.121564823795664,2.2924020290374756,-1998.426666666666,-0.016160426469629303,30.05390214920044,0.6272313577287337,0.014771861722692847,0.11915703819078557,490,331.53891856761356,0.30533790588378906
491,1530.343,2059.226666666666,7450.666666666663,100,100,1038,1.9975261089144372,7.177906229929348,2.2895026206970215,-2059.226666666666,-0.010580109213204944,40.10622927721809,0.6015540519181419,0.04633206536356524,0.1235556729576167,491,330.91926057449285,0.30533790588378906
492,1533.031,1984.3666666666668,7433.666666666666,100,100,1033,1.9868418188010128,7.1961923201032585,2.2634541988372803,-1984.3666666666668,-0.02919923623695093,36.536711917204016,0.6567883535343058,0.028929712822633413,0.10855800658464432,492,331.01281409759866,0.30533790588378906
493,1535.751,2055.5366666666673,7453.666666666669,100,100,1042,1.9971961613597917,7.153230966090853,2.297183036804199,-2055.5366666666673,-0.021836476948331383,33.08681359010584,0.6263213648515589,0.02617465887520024,0.1209660949295058,493,331.10519488239163,0.30533790588378906
494,1538.447,2166.2500000000023,7599.6666666666715,100,100,1034,1.9937419707254584,7.349774339136046,2.2796833515167236,-2166.2500000000023,-0.00040206882883520685,44.88959475124584,0.6696048028328839,0.03254051370244911,0.10615808823529412,494,331.1969135428655,0.30533790588378906
495,1541.177,2023.37,7375.666666666669,100,100,1032,2.0175018393373216,7.146963824289408,2.2942862510681152,-2023.37,-0.02729743719100952,34.98183239207548,0.5936176391208873,0.05600443325923098,0.10294117647058823,495,331.2800234233824,0.30533790588378906
496,1543.875,1991.5366666666675,7335.333333333331,100,100,1035,1.9956220282187713,7.087278582930755,2.277696371078491,-1991.5366666666675,-0.022372527979314327,35.72522300832412,0.5094267752240685,0.05328769688083626,0.14004010750966914,496,331.37141743148965,0.30533790588378906
497,1546.579,2048.5766666666664,7379.666666666667,100,100,1033,2.006562634949128,7.143917392707325,2.2864396572113037,-2048.5766666666664,-0.016104812295559573,46.58985210867489,0.5615490946699592,0.03069103616015876,0.11815767976291039,497,331.4598521578669,0.30533790588378906
498,1549.278,2040.4066666666672,7579.0000000000055,100,100,1029,2.003218170297961,7.36540330417882,2.2739808559417725,-2040.4066666666672,0.017040487597970402,32.196827720193305,0.611174712286276,0.059805110028451854,0.1124080884106019,498,331.5467564673841,0.30533790588378906
499,1551.942,2109.573333333333,7388.999999999999,100,100,1033,1.9664325243554512,7.152952565343658,2.2474427223205566,-2109.573333333333,-0.001431613612700911,43.392351655399096,0.5900234518682256,0.04155739209176425,0.09900939552222981,499,331.6432133005802,0.30533790588378906
500,1557.725,1989.6666666666677,7422.999999999999,100,100,1032,1.9535594001636198,7.19282945736434,2.2236413955688477,-1989.6666666666677,-0.0005851078997640049,47.84925101785099,0.5943025780074737,0.03073148354408605,0.09650735294117647,500,331.740422370412,0.30533790588378906
501,1560.355,2039.796666666667,7412.333333333333,100,100,1033,1.935824295546452,7.175540496934495,2.2115437984466553,-2039.796666666667,0.006441321607459994,37.61833813611199,0.6606535350575167,0.02184313684975838,0.10447303928873118,501,331.1787380204706,0.30533790588378906
502,1562.982,1975.4299999999994,7489.666666666667,100,100,1034,1.9331837498098323,7.243391360412637,2.207383871078491,-1975.4299999999994,-0.002399340436300811,43.712707463432764,0.6082128067226971,0.03721116902306676,0.09751838248442202,502,331.2833113742805,0.30533790588378906
503,1565.665,1960.9466666666658,7282.333333333336,100,100,1033,1.981949179666793,7.049693449499841,2.2590506076812744,-1960.9466666666658,0.0015347418649231687,29.67202713910271,0.632531951455509,0.02552815594176269,0.0900735294117647,503,331.3755137797733,0.30533790588378906
504,1568.306,2028.4333333333336,7392.666666666663,100,100,1031,1.9492126097288398,7.170384739734882,2.2212510108947754,-2028.4333333333336,-0.003529798184685847,32.06354674170999,0.6241776084198671,0.022409374900983974,0.09427521027186338,504,331.47494686922425,0.30533790588378906
505,1570.923,1967.8133333333328,7354.666666666662,100,100,1034,1.9262336584968165,7.112830431979364,2.2018158435821533,-1967.8133333333328,-0.012062111116178772,27.110609447254856,0.6211680024862289,0.022013976231820005,0.0889705884106019,505,331.58076398291803,0.30533790588378906
506,1573.559,1956.42,7267.999999999998,100,100,1030,1.937712620586627,7.056310679611649,2.207995653152466,-1956.42,-0.01389275339212926,31.303335470311783,0.6034558231339735,0.047476332326529216,0.11412377480198355,506,331.68006250588274,0.30533790588378906
507,1576.186,1967.0466666666666,7399.000000000003,100,100,1033,1.9409851897291528,7.16263310745402,2.2130215167999268,-1967.0466666666666,-0.013850109322982676,30.871946559232825,0.6045086751965916,0.015055364239207633,0.09890727129052668,507,331.7825566069303,0.30533790588378906
508,1578.828,1977.5900000000008,7460.000000000001,100,100,1030,1.9479101017406844,7.242718446601943,2.213977098464966,-1977.5900000000008,-0.03291083445005557,27.941833944881665,0.6374682678895838,0.011233706164228566,0.08118872563628589,508,331.88001335371,0.30533790588378906
509,1581.62,2105.913333333334,7525.666666666667,100,100,1035,2.0616462814131222,7.271175523349437,2.3499624729156494,-2105.913333333334,-0.013514662051902097,42.90679729686064,0.6482770898762871,0.023508546124075484,0.09709224630804623,509,331.9484154346019,0.30533790588378906
510,1588.238,1922.1400000000003,7215.333333333332,100,100,1029,2.3085222540168044,7.011985746679623,2.5869364738464355,-1922.1400000000003,-0.004458868054344374,25.909185802235324,0.6509924793944639,0.02085923675365527,0.10091911782236661,510,331.9631770358088,0.30533790588378906
511,1591.157,2021.1799999999996,7441.333333333332,100,100,1034,2.1986975833346682,7.196647324306897,2.4864633083343506,-2021.1799999999996,-0.014708085560842472,37.648726898081165,0.6743802945403492,0.012113728468059836,0.11093750004382695,511,331.25525219139064,0.30533790588378906
512,1594.109,1895.8166666666668,7198.333333333337,100,100,1029,2.2353808576805902,6.995464852607713,2.5111753940582275,-1895.8166666666668,-0.027062982375569204,25.259252379922305,0.6008500675944721,0.02295876883855432,0.09558823529411764,512,331.28728716732843,0.30533790588378906
513,1597.109,1913.7633333333338,7190.333333333335,100,100,1030,2.274999515384038,6.980906148867315,2.556870222091675,-1913.7633333333338,-0.041457085705855316,22.116997746860278,0.6281732320785522,0.015417115598478737,0.09773284328334472,513,331.309807510865,0.30533790588378906
514,1600.107,1868.783333333333,7258.999999999996,100,100,1034,2.2733191506058064,7.020309477756283,2.559616804122925,-1868.783333333333,-0.031103323268539766,26.773572220521814,0.5358772698570701,0.01455927434760858,0.11075367668972295,514,331.33541775729225,0.30533790588378906
515,1602.951,1985.5766666666664,7258.999999999995,100,100,1028,2.1340753918229187,7.061284046692602,2.4035489559173584,-1985.5766666666664,-0.009353302145267235,23.725260818705838,0.5323309407514685,-0.006350260994890157,0.09466911764705882,515,331.3887534918269,0.30533790588378906
516,1605.976,1993.3066666666668,7442.000000000002,100,100,1034,2.282894003687776,7.197292069632497,2.5731961727142334,-1993.3066666666668,-0.029936878914561343,28.997042347403134,0.5159853214726728,0.00852455325794461,0.10450367651441518,516,331.40840295763,0.30533790588378906
517,1609.041,1973.7533333333333,7258.666666666665,100,100,1031,2.3351182336182803,7.0404138376980265,2.6195006370544434,-1973.7533333333333,-0.001226894009639235,40.87531106612261,0.5544758044621524,0.02211652321549242,0.1081932783126831,517,331.41795636160913,0.30533790588378906
518,1611.928,1917.0399999999995,7275.6666666666715,100,100,1030,2.1928365050715586,7.063754045307448,2.4696147441864014,-1917.0399999999995,-0.04155906443210209,30.847233463736142,0.4709318096146864,0.04017235679031514,0.13342524539021886,518,331.4633482442333,0.30533790588378906
519,1614.622,2067.2533333333345,7247.666666666671,100,100,1034,1.9772751447096164,7.009348807221151,2.2612664699554443,-2067.2533333333345,-0.006578718421652037,46.53226672901827,0.47245490463340983,0.025203354473513385,0.08933823533794459,519,331.55057054244304,0.30533790588378906
520,1620.466,1970.1766666666665,7356.000000000002,100,100,1032,1.9634015482079685,7.127906976744188,2.2352426052093506,-1970.1766666666665,-0.026015852687551695,31.02445047041949,0.4292282672489391,0.02208993396283511,0.10615808823529412,520,331.64484872189024,0.30533790588378906
521,1623.128,2107.493333333333,7503.333333333335,100,100,1031,1.95349757306668,7.277723892660848,2.2285215854644775,-2107.493333333333,-0.024675182614694622,57.04841383765726,0.4777509482467876,0.034076025497223085,0.12362132352941177,521,331.0841303941328,0.30533790588378906
522,1625.795,2061.416666666668,7490.666666666671,100,100,1032,1.9714942826012278,7.258397932816541,2.2489821910858154,-2061.416666666668,-0.03186925906030571,26.278214987586527,0.3892640629235436,0.026260554564514142,0.12913602941176472,522,331.1760866518204,0.30533790588378906
523,1628.452,2126.2500000000005,7652.333333333334,100,100,1031,1.9638554789722111,7.422243776268995,2.2398388385772705,-2126.2500000000005,-0.019678522129063767,44.13642204509062,0.41482775176272674,0.019635715604047563,0.10582983230843264,523,331.26864517939146,0.30533790588378906
524,1631.111,1943.2933333333326,7181.33333333333,100,100,1034,1.9511104446774568,6.945196647324304,2.227008819580078,-1943.2933333333326,-0.013152894454405588,35.10208786235136,0.3154666664845803,0.05633633168112925,0.1503676474094391,524,331.3625851280224,0.30533790588378906
525,1633.783,2055.123333333333,7458.666666666666,100,100,1032,1.9754183135950187,7.227390180878553,2.2515170574188232,-2055.123333333333,-0.02238724654649987,40.20493883245132,0.38328518849961896,0.037365020108957064,0.11764705882352941,525,331.4522751559136,0.30533790588378906
526,1636.495,2079.5766666666664,7531.666666666664,100,100,1033,2.0107122906506247,7.291061632784767,2.29423189163208,-2079.5766666666664,-0.013165887116509326,38.690925261553595,0.39373526853673596,0.02777411912307691,0.10304330070229138,526,331.5340714935445,0.30533790588378906
527,1639.221,2039.9033333333346,7421.000000000003,100,100,1034,2.005028044372595,7.176982591876212,2.289926052093506,-2039.9033333333346,-0.02896482596064315,35.252817041733685,0.3367092285086127,0.038126785869655365,0.11507352945559166,527,331.61367842619654,0.30533790588378906
528,1641.922,2078.106666666667,7503.66666666667,100,100,1032,2.0025964162372007,7.270994832041347,2.28373122215271,-2078.106666666667,-0.018989935298176372,30.930235021254596,0.36540437621228833,0.029092310037573472,0.11029411764705882,528,331.69655046108966,0.30533790588378906
529,1644.605,2054.260000000001,7352.000000000005,100,100,1034,1.968623211245256,7.110251450676987,2.251114845275879,-2054.260000000001,-0.012750085826744051,35.86345139671774,0.34313929256270914,0.04290194467723589,0.10919117664589602,529,331.78438414102254,0.30533790588378906
530,1650.519,2086.79,7453.000000000002,100,100,1036,1.9761206548252865,7.194015444015446,2.2626535892486572,-2086.79,-0.03275855493677013,38.06726152756635,0.3980421485269771,0.0235567487166811,0.10723039244904238,530,331.87310766669714,0.30533790588378906
531,1653.197,1984.1200000000003,7377.666666666669,100,100,1030,1.9826732034505643,7.1627831715210375,2.2528774738311768,-1984.1200000000003,-0.036601322429145086,35.857570816488824,0.3649195450193742,0.030438245178255087,0.11044730421374827,531,331.3095830914727,0.30533790588378906
532,1655.895,2136.6833333333334,7621.666666666667,100,100,1035,1.9870715945788124,7.363929146537843,2.2741243839263916,-2136.6833333333334,-0.015491329297861633,40.622489760903754,0.3460294139735839,0.02115586245610543,0.11225768748451681,532,331.3947323859181,0.30533790588378906
533,1658.567,1989.1566666666672,7354.0,100,100,1031,1.9637145464255263,7.132880698351116,2.237851142883301,-1989.1566666666672,-0.033658296636798805,25.10719394683838,0.34774891024126725,0.027658444856676984,0.08698792054372675,533,331.48258384190706,0.30533790588378906
534,1661.24,2101.7433333333342,7565.333333333333,100,100,1033,1.971316651084135,7.323652791222975,2.251868963241577,-2101.7433333333342,-0.02525823941344724,38.133765388937555,0.31548767536878586,0.022825261242413783,0.09569035952582079,534,331.5710803382903,0.30533790588378906
535,1663.877,1961.38,7248.666666666666,100,100,1027,1.9581103207726673,7.058098020123336,2.2189788818359375,-1961.38,0.02871835626223508,25.39090078017291,0.31310012498322654,0.06281057234360453,0.10585171597845414,535,331.66280503044675,0.30533790588378906
536,1666.541,2101.0100000000007,7442.333333333335,100,100,1032,1.9547995179891586,7.211563307493542,2.232835054397583,-2101.0100000000007,-0.0173674686537946,52.38712983972886,0.35649599397883697,0.0442447316052173,0.10661764705882353,536,331.75187585564976,0.30533790588378906
537,1669.22,2017.9533333333338,7383.666666666669,100,100,1034,1.9690013537678788,7.140876853642813,2.249694585800171,-2017.9533333333338,-0.004219261381556006,37.86341058506685,0.35258380718090954,0.03391876511330552,0.09862132370471954,537,331.83883969624304,0.30533790588378906
538,1671.87,2006.76,7325.333333333337,100,100,1026,1.9738762191275305,7.139701104613389,2.2348251342773438,-2006.76,0.031209084150545737,37.157693189733166,0.3403048120877322,0.015292934528962873,0.07766544117647059,538,331.92645052699515,0.30533790588378906
539,1674.533,2073.670000000001,7368.333333333337,100,100,1034,1.9576013507276442,7.126047711154097,2.241943836212158,-2073.670000000001,-0.003023961202844101,43.87914640763227,0.38582438493476195,0.02936428676099133,0.09641544126412448,539,332.01611713267175,0.30533790588378906
540,1680.281,2114.216666666666,7497.333333333334,100,100,1030,1.9321706826409812,7.278964401294499,2.2045247554779053,-2114.216666666666,-0.0004820977063740001,38.01737319721895,0.32035370039589267,0.023607693235937727,0.08716299034216825,540,332.1103153898165,0.30533790588378906
541,1682.893,2069.0099999999984,7478.333333333332,100,100,1030,1.9169809693443471,7.260517799352749,2.1864726543426514,-2069.0099999999984,-0.00939360458184691,32.888246816747326,0.3593840173938695,0.02783728130709599,0.09604779411764706,541,331.59088937772765,0.30533790588378906
542,1685.561,2013.1699999999996,7361.666666666667,100,100,1030,1.9582238862092056,7.147249190938512,2.229004383087158,-2013.1699999999996,-0.015086590997217333,40.18445660086239,0.34871164928464327,0.040337274405721796,0.09466911764705882,542,331.6770697122246,0.30533790588378906
543,1688.178,1953.439999999999,7267.666666666664,100,100,1034,1.9273181834097814,7.028691166989037,2.2002573013305664,-1953.439999999999,0.006503122749135774,37.488494199865,0.3265312397304703,0.02367272542323917,0.10193014714647741,543,331.7753784749474,0.30533790588378906
544,1690.781,1985.7600000000002,7471.333333333333,100,100,1031,1.9190423854533674,7.2466860653087615,2.185676336288452,-1985.7600000000002,-0.0172879097654539,39.01979609096752,0.32705630296293425,0.02222009894424392,0.09525997936725616,544,331.8746471063718,0.30533790588378906
545,1693.397,2013.8066666666664,7392.66666666667,100,100,1039,1.9091327267513396,7.115174847609884,2.1952342987060547,-2013.8066666666664,-0.007660914595951052,38.22331007789163,0.32369349721600027,0.040280392657116276,0.09583333353785907,545,331.9752656036993,0.30533790588378906
546,1696.038,1999.9800000000012,7358.333333333334,100,100,1033,1.9348967106587327,7.123265569538561,2.209773063659668,-1999.9800000000012,-0.005615164635374266,41.46004519743078,0.34348227346644683,0.04210211588275235,0.08879697717287961,546,332.0674253395159,0.30533790588378906
547,1698.682,2001.8199999999997,7537.999999999999,100,100,1029,1.9495159367676842,7.3255587949465495,2.2155823707580566,-2001.8199999999997,0.010804736438919516,28.653002851149616,0.38627418788040385,0.026774834574419346,0.10496323555707932,547,332.156407251273,0.30533790588378906
548,1701.403,1883.9866666666662,7178.666666666668,100,100,1038,1.9920777450073404,6.915863840719333,2.2744390964508057,-1883.9866666666662,-0.025648780084927294,32.40381728901583,0.500378495630096,0.022938586500993764,0.09178046268575332,548,332.23522858216984,0.30533790588378906
549,1704.505,1861.8699999999992,7213.333333333333,100,100,1039,2.3381158820899333,6.942572986846327,2.639331579208374,-1861.8699999999992,-0.024718284278231507,34.10457504496855,0.4545811590026407,0.01828590371673379,0.1117034317816005,549,332.2401579914428,0.30533790588378906
550,1711.297,2016.5933333333337,7397.66666666667,100,100,1029,2.4492344023674306,7.189180434078396,2.7321836948394775,-2016.5933333333337,-0.028677450410802576,22.207995330586154,0.4583454395041746,0.036588559742085636,0.11562500017530777,550,332.2232648029308,0.30533790588378906
551,1714.18,1920.9033333333323,7138.999999999997,100,100,1032,2.1541321730464986,6.917635658914726,2.434929132461548,-1920.9033333333323,-0.044328687657766486,33.00408531637753,0.4956923942355549,0.012431556105558924,0.09099264705882353,551,331.5673306512774,0.30533790588378906
552,1717.318,2043.8133333333337,7407.333333333334,100,100,1033,2.3826719235785716,7.170700225879316,2.6775500774383545,-2043.8133333333337,-0.013838106766343117,33.81658957986271,0.5936003721812192,0.014299911679700017,0.11126429740996922,552,331.56302435213513,0.30533790588378906
553,1720.5,1939.8699999999992,7260.333333333337,100,100,1033,2.439051693993272,7.028396256857054,2.731952667236328,-1939.8699999999992,-0.003864391323398141,34.67935062857235,0.6419474552659428,0.007590954643948113,0.10544321905164157,553,331.5501782367319,0.30533790588378906
554,1723.438,1924.0766666666668,7155.0,100,100,1033,2.2060320409923606,6.9264278799612775,2.4932761192321777,-1924.0766666666668,-0.01821896488613942,52.66344255559585,0.5539154366535299,0.03154612027848249,0.1090686275240253,554,331.5842699739212,0.30533790588378906
555,1726.368,2187.5166666666664,7623.666666666663,100,100,1029,2.1882444119852025,7.408811143505018,2.472128391265869,-2187.5166666666664,-0.026420167099465344,52.88492326175465,0.5780344272361082,0.014043531866798945,0.08630514714647741,555,331.6176455232636,0.30533790588378906
556,1729.448,1919.6166666666659,7176.666666666669,100,100,1033,2.3314774446396767,6.947402387867056,2.6235315799713135,-1919.6166666666659,-0.0043596077491255365,41.345301403718835,0.5555195256191141,0.026025218409760034,0.10901756540817373,556,331.6242876547561,0.30533790588378906
557,1732.422,2013.1366666666654,7371.333333333331,100,100,1031,2.2418735173750384,7.149692854833493,2.526970386505127,-2013.1366666666654,-0.004654141855152214,32.42688683902516,0.5361105387701708,0.027391158646958715,0.1071428573306869,557,331.6503600398279,0.30533790588378906
558,1735.391,2042.0200000000002,7400.333333333335,100,100,1030,2.2291260201809475,7.184789644012946,2.511385917663574,-2042.0200000000002,0.010223913828239721,45.644032197840076,0.5018851336310891,0.039695927434984374,0.13143382352941177,558,331.67616753863985,0.30533790588378906
559,1738.393,1979.1733333333332,7265.000000000003,100,100,1030,2.264597573209084,7.05339805825243,2.548130750656128,-1979.1733333333332,-0.02137331576908336,47.714320855982166,0.4629805464954937,0.014256654041887754,0.1069240201922024,559,331.69594341810426,0.30533790588378906
560,1744.667,2064.799999999999,7410.666666666663,100,100,1034,2.1321469035433744,7.1669890393294615,2.420623540878296,-2064.799999999999,-0.004844448748318588,50.51597202525419,0.47887931764125824,0.025103475922472116,0.11268382388002732,560,331.74301105381414,0.30533790588378906
561,1747.68,2103.8433333333305,7423.666666666661,100,100,1031,2.2714894290229397,7.200452634982212,2.5626211166381836,-2103.8433333333305,0.008669306140612154,40.39843261943144,0.44755153796252084,0.02141885514206746,0.11633403380127515,561,331.1150293226787,0.30533790588378906
562,1750.657,2016.1999999999994,7410.333333333334,100,100,1031,2.2567180400871454,7.187520206918849,2.538536548614502,-2016.1999999999994,-0.017145815141060772,37.1673942453721,0.46202301453141603,0.022495344332556295,0.11915703819078557,562,331.14087547682647,0.30533790588378906
563,1753.479,1953.6866666666665,7296.000000000001,100,100,1030,2.111422234255531,7.083495145631069,2.385876417160034,-1953.6866666666665,-0.03033605798640672,35.25063929838293,0.5465132374973858,0.03772589671151603,0.1799938726951094,563,331.1953077879313,0.30533790588378906
564,1756.3,2012.2199999999993,7333.666666666668,100,100,1033,2.0969929327982744,7.099386898999678,2.3803675174713135,-2012.2199999999993,-0.0054637526627629995,35.971047906314624,0.42470095131327124,0.019865020082386976,0.1273999183493502,564,331.2515854178751,0.30533790588378906
565,1759.311,2015.576666666666,7443.666666666668,100,100,1032,2.274152713145541,7.212855297157624,2.566190004348755,-2015.576666666666,-0.028755782281651217,49.70394504771513,0.46699778998599334,0.019353636336745694,0.10294117647058823,565,331.2712493866008,0.30533790588378906
566,1762.262,1897.2633333333338,7153.333333333333,100,100,1029,2.226741884928287,6.951733074182053,2.5036652088165283,-1897.2633333333338,-0.038133223924566716,43.30906295776367,0.5018070778426003,0.023206487684921527,0.10965073546942543,566,331.3003419081399,0.30533790588378906
567,1765.358,2092.126666666668,7536.6666666666715,100,100,1028,2.365036963477028,7.33138780804151,2.648125648498535,-2092.126666666668,-0.019667609046925518,36.910267268910125,0.5422553551547667,0.02006731165901703,0.11167279411764706,567,331.301619570031,0.30533790588378906
568,1768.516,2099.026666666666,7382.666666666669,100,100,1025,2.4336956065466127,7.202601626016262,2.711221694946289,-2099.026666666666,0.002084578770925017,54.3274280463948,0.6278527563109118,0.018545037108089996,0.11397058823529412,568,331.2895472384252,0.30533790588378906
569,1771.471,1914.5999999999997,7263.333333333333,100,100,1032,2.2221771302378497,7.038113695090439,2.5047667026519775,-1914.5999999999997,-0.014442308422397165,40.646218075471765,0.6431415124851114,0.023344290935817885,0.08915441176470588,569,331.31963326430014,0.30533790588378906
570,1778.116,2035.416666666668,7348.000000000005,100,100,1031,2.175289137893249,7.127061105722603,2.4594757556915283,-2035.416666666668,-0.019214110339389127,61.17825499702902,0.6318324173198027,0.01362034900333075,0.11869747936725616,570,331.35758783654177,0.30533790588378906
571,1781.287,2007.85,7462.333333333335,100,100,1035,2.4223187447925985,7.20998389694042,2.723254442214966,-2007.85,-0.01800436115659335,24.49606166166418,0.7121480247553658,0.015721891623209503,0.09366644392995273,571,330.6535998674312,0.30533790588378906
572,1784.191,2135.186666666666,7596.666666666662,100,100,1033,2.1698787039378433,7.353985156502094,2.4611740112304688,-2135.186666666666,0.0009146962479195174,39.590316491968494,0.6232511401176453,0.03647410153301761,0.10774101338842336,572,330.6943380133617,0.30533790588378906
573,1787.156,2016.953333333335,7392.666666666672,100,100,1035,2.2125160368834287,7.142673107890505,2.505500316619873,-2016.953333333335,-0.00938275275642381,32.729501499849206,0.6017795415485606,0.02810125772649532,0.09149398435564603,573,330.7248218642005,0.30533790588378906
574,1790.312,2043.9166666666672,7378.999999999998,100,100,1027,2.409903896417552,7.1850048685491705,2.694286346435547,-2043.9166666666672,0.04299661681494292,38.98258927289177,0.6467174949014888,0.02085988479666412,0.09451593195690829,574,330.715564609275,0.30533790588378906
575,1792.977,2062.916666666668,7370.333333333336,100,100,1031,1.965998838611388,7.148722922728744,2.243023157119751,-2062.916666666668,-0.022335661794332898,33.82563927594353,0.6934054809458116,0.02522893766324748,0.08751313125385958,575,330.7989697131558,0.30533790588378906
576,1795.641,2026.896666666666,7282.999999999999,100,100,1031,1.9647732300721796,7.064015518913675,2.2410166263580322,-2026.896666666666,0.004039615009199171,50.1955706652473,0.6281970669241512,0.011737665538128246,0.09480042054372675,576,330.8824267991982,0.30533790588378906
577,1798.313,2106.9866666666667,7542.666666666666,100,100,1036,1.9645491309516117,7.28056628056628,2.2506446838378906,-2106.9866666666667,-0.011005662874702145,38.28014261582319,0.6153382816735435,0.03903131149298347,0.12270220610148766,577,330.96690890862914,0.30533790588378906
578,1800.958,2028.6666666666672,7531.000000000002,100,100,1030,1.9518753402929716,7.311650485436895,2.224489688873291,-2028.6666666666672,-0.01654834398890243,29.873098513659308,0.5836018394021427,0.014212397324359593,0.08808210798922707,578,331.05268364013386,0.30533790588378906
579,1803.611,2179.7266666666656,7719.333333333328,100,100,1033,1.9318655368557338,7.472733139722486,2.21407151222229,-2179.7266666666656,-0.008267000573516056,46.064349454991955,0.6227695310817045,0.034284873721737635,0.1278594771728796,579,331.1384776258764,0.30533790588378906
580,1809.545,2052.8233333333324,7513.666666666663,100,100,1033,1.9995164544711976,7.273636656986121,2.282698392868042,-2052.8233333333324,-0.02732674476197537,36.887113851659436,0.636550816542962,0.019869160728857797,0.09237132352941177,580,331.20994666152035,0.30533790588378906
581,1812.217,1869.9033333333334,7147.000000000003,100,100,1040,1.957761537722455,6.8721153846153875,2.2443244457244873,-1869.9033333333334,-0.024189605377614498,55.79185598036822,0.6060852671370787,0.023474916952716952,0.08501838235294118,581,330.70980421847577,0.30533790588378906
582,1814.866,1933.6700000000003,7177.333333333332,100,100,1034,1.9505730172848001,6.941328175370727,2.2279675006866455,-1933.6700000000003,-0.016194058746537742,30.596017893622903,0.5395663783830755,0.02404362602186773,0.12702205886735635,582,330.7968257299124,0.30533790588378906
583,1817.539,2054.6,7395.333333333331,100,100,1034,1.9678899414190658,7.152159896840746,2.249422311782837,-2054.6,-0.029164037338512784,33.90610874400419,0.5517769938006121,0.004413713735309155,0.09062500013148084,583,330.8795171777716,0.30533790588378906
584,1820.211,1916.44,7281.666666666666,100,100,1033,1.9785648601540768,7.049048080025814,2.2523670196533203,-1916.44,-0.01503974785480429,36.53646491555607,0.5190183844636468,0.008399659754051006,0.08552900329232216,584,330.9610215449355,0.30533790588378906
585,1823.132,2071.97,7395.000000000001,100,100,1034,2.201926401578524,7.15183752417795,2.4939098358154297,-2071.97,-0.017437026452492264,41.058014533099005,0.5655133522608701,0.00968584481640445,0.10808823542559848,585,330.9980055655223,0.30533790588378906
586,1826.06,2020.6299999999992,7481.666666666664,100,100,1034,2.1938925540989818,7.235654416505478,2.486562728881836,-2020.6299999999992,-0.019339612959062353,37.86758933347814,0.5711601157398785,0.014225119426983464,0.08906250008765389,586,331.0334780432921,0.30533790588378906
587,1828.97,1970.3500000000004,7404.000000000001,100,100,1035,2.1744962332878206,7.153623188405798,2.4630324840545654,-1970.3500000000004,-0.009579695528373122,32.05262257071102,0.5607866583501592,0.014579752686104792,0.08255347609519958,587,331.0727145568093,0.30533790588378906
588,1831.921,1953.376666666666,7142.33333333333,100,100,1029,2.225741303382863,6.941043083900224,2.503983497619629,-1953.376666666666,-0.0658815117443309,26.53883990119485,0.5271179860129076,0.018175700730781126,0.09558823529411764,588,331.1011358762615,0.30533790588378906
589,1834.774,2037.3400000000006,7352.333333333337,100,100,1030,2.1106873770036456,7.138187702265375,2.3930916786193848,-2037.3400000000006,-0.02344230146092527,36.80555147283218,0.5039785741006627,0.009990432121626595,0.08042279411764706,589,331.14780677002665,0.30533790588378906
590,1841.29,1979.6066666666654,7350.666666666666,100,100,1029,2.264824588633748,7.143505021056041,2.5466318130493164,-1979.6066666666654,-0.02122773602604866,22.50262688187992,0.575197580982657,0.015676644069197422,0.09145220588235294,590,331.16860807940407,0.30533790588378906
591,1844.272,1964.7266666666683,7417.333333333336,100,100,1032,2.2456309096635025,7.187338501291992,2.5337767601013184,-1964.7266666666683,-0.02938893941395423,38.47872296501608,0.5453421569922391,0.06007430449073367,0.10707720588235294,591,330.5597176867974,0.30533790588378906
592,1847.34,1964.8966666666677,7313.666666666671,100,100,1035,2.328513043815639,7.066344605475044,2.625178575515747,-1964.8966666666677,-0.021974956781110343,35.77690315246582,0.5751841348760268,0.026627134738887167,0.10757854317917544,592,330.5709653252853,0.30533790588378906
593,1850.356,1930.9000000000008,7192.333333333336,100,100,1034,2.2744511610358176,6.955834945196649,2.5673890113830566,-1930.9000000000008,-0.033290039200116604,44.41057014465332,0.6260527477544897,0.03589982689385686,0.11112132361706566,593,330.591066225438,0.30533790588378906
594,1853.061,1986.9700000000018,7343.333333333336,100,100,1029,2.007080368408924,7.136378360868159,2.278433322906494,-1986.9700000000018,-0.027750047197675005,35.32045988475575,0.6210052151890362,0.005928698564222192,0.07306985294117647,594,330.6636631148031,0.30533790588378906
595,1855.746,1954.1633333333332,7304.0,100,100,1033,1.9830916744511708,7.070667957405615,2.258589267730713,-1954.1633333333332,-0.028393366647993818,34.24140077478745,0.6439485339557424,0.010787549353314234,0.0976307192707763,595,330.74185716547777,0.30533790588378906
596,1858.452,2059.396666666665,7358.666666666665,100,100,1029,2.0028452869311004,7.151279559442823,2.275664806365967,-2059.396666666665,-0.024525189799640107,33.10618518380558,0.6157589765156016,0.013346501547322772,0.07950367647058823,596,330.81407635100294,0.30533790588378906
597,1861.193,2035.776666666667,7319.000000000004,100,100,1033,2.0186205208391703,7.085188770571156,2.3003242015838623,-2035.776666666667,-0.01852358379127348,32.70494904237635,0.6177735915955376,0.021210513522793704,0.09293300658464432,597,330.88177432292065,0.30533790588378906
598,1863.903,2083.453333333333,7384.666666666668,100,100,1030,1.9986245622948824,7.169579288025891,2.2744357585906982,-2083.453333333333,-0.033450546345728284,35.84500166949104,0.6228442428743138,0.0034170195354176138,0.09466911764705882,598,330.953537432204,0.30533790588378906
599,1866.64,2032.2966666666657,7544.33333333333,100,100,1031,2.0179178455761417,7.3174911089557035,2.295027017593384,-2032.2966666666657,-0.010208932244602372,31.518598444321576,0.6450587633778068,0.012893247192122918,0.07313550438951044,599,331.0204301083642,0.30533790588378906
600,1872.632,2058.823333333333,7360.000000000001,100,100,1031,2.013710862776277,7.138700290979632,2.291762113571167,-2058.823333333333,-0.020199227763120744,37.580364507787365,0.616050709696377,0.0162951838266214,0.11134453819078557,600,331.0915016473979,0.30533790588378906
601,1875.361,2092.5299999999997,7467.666666666666,100,100,1033,2.0158049373933458,7.229106163278477,2.2979142665863037,-2092.5299999999997,-0.028206573415766743,35.66533946990967,0.556446818744435,0.01783670418936869,0.0910437091746751,601,330.5816786884052,0.30533790588378906
602,1878.069,2041.0499999999986,7359.666666666663,100,100,1029,2.0042379988371906,7.1522513767411695,2.277541160583496,-2041.0499999999986,0.002840834395850406,39.228765207178455,0.6054096335873884,0.014266200712881982,0.0967830884106019,602,330.65297952415403,0.30533790588378906
603,1880.795,2059.153333333334,7398.333333333336,100,100,1032,2.0110115337604295,7.168927648578814,2.293368101119995,-2059.153333333334,-0.020844532505554313,31.032912394579718,0.627832318930065,0.009197917773717028,0.08915441176470588,603,330.7224904389256,0.30533790588378906
604,1883.523,1996.6366666666668,7219.666666666662,100,100,1036,2.0128688249111346,6.968790218790215,2.3007633686065674,-1996.6366666666668,-0.023153896827031586,27.30964122099035,0.5932005626313827,0.00663397232454051,0.10156250021913472,604,330.79335363665695,0.30533790588378906
605,1886.257,2066.543333333334,7409.66666666667,100,100,1034,2.020131431252478,7.166021921341073,2.304853916168213,-2066.543333333334,-0.017423003829796526,35.42039332670324,0.5698517727501252,0.017416032775894135,0.08906250008765389,605,330.8621915275068,0.30533790588378906
606,1888.966,1928.6133333333328,7246.666666666667,100,100,1029,2.0175628768881118,7.042436022027859,2.2860569953918457,-1928.6133333333328,-0.014920921448399039,29.83987538954791,0.5026637718958014,0.022405219935428572,0.09963235302883036,606,330.9323893444153,0.30533790588378906
607,1891.705,2040.876666666668,7348.333333333338,100,100,1034,2.0122704065965067,7.106705351386206,2.2959511280059814,-2040.876666666668,-0.0005591346827500007,31.73657495835248,0.5359205165330101,0.012362113332047182,0.08042279411764706,607,330.99984526677355,0.30533790588378906
608,1894.454,1906.9333333333334,7211.999999999999,100,100,1032,2.0329110455688437,6.988372093023255,2.3145651817321777,-1906.9333333333334,-0.017812552807085654,37.466627457562616,0.5539569872267106,0.025870368453016615,0.10477941176470588,608,331.0642130803771,0.30533790588378906
609,1897.212,1959.8333333333335,7315.000000000001,100,100,1035,2.030259132011825,7.067632850241547,2.31577205657959,-1959.8333333333335,-0.0028801432482021697,29.01162405575023,0.5427781799260307,0.007189591702840784,0.10022560200270485,609,331.1284447272221,0.30533790588378906
610,1903.141,2007.4966666666658,7382.333333333335,100,100,1031,1.994012802036228,7.160362107985776,2.269699811935425,-2007.4966666666658,-0.030468381667400107,36.02573944540585,0.546837824232438,0.023095921055167255,0.08698792054372675,610,331.20067318404455,0.30533790588378906
611,1905.901,1958.943333333334,7353.333333333333,100,100,1033,2.0354242970813554,7.118425298483381,2.3149054050445557,-1958.943333333334,-0.004359701703138211,38.749625738929296,0.5610725643003688,0.014159811318249386,0.08568218985901159,611,330.7018796055297,0.30533790588378906
612,1908.638,1953.043333333333,7159.333333333333,100,100,1031,2.0022780812190977,6.944067248625929,2.2794153690338135,-1953.043333333333,-0.013486414983430329,31.720613030826343,0.6321744164999794,0.01644692025558256,0.09604779411764706,612,330.767868056814,0.30533790588378906
613,1911.369,2077.133333333334,7288.666666666667,100,100,1034,2.000956671588065,7.049000644745326,2.2876462936401367,-2077.133333333334,-0.024118102046058458,44.423833903144384,0.5351650522035711,0.015135562739006299,0.10395220601383377,613,330.83610684296264,0.30533790588378906
614,1914.009,1977.1966666666651,7400.999999999994,100,100,1032,1.9303510675537074,7.171511627906971,2.203448534011841,-1977.1966666666651,-0.040243917857022846,36.41284488229191,0.563917239799219,0.01250758713371504,0.10477941176470588,614,330.91902498339704,0.30533790588378906
615,1916.634,1940.2266666666671,7236.999999999998,100,100,1035,1.9214188431475114,6.9922705314009646,2.2010300159454346,-1940.2266666666671,-0.025895011666066507,38.33010370591108,0.6164397036328035,0.025629361214883187,0.10198028122677523,615,331.00592854229257,0.30533790588378906
616,1919.254,1978.9400000000005,7330.666666666669,100,100,1035,1.9210869557750614,7.082769726247989,2.198922872543335,-1978.9400000000005,-0.023381747579311624,33.82811950234806,0.6066539471640306,0.015020211220390219,0.09157754042569329,616,331.0932673282518,0.30533790588378906
617,1921.869,2022.7333333333343,7349.333333333335,100,100,1029,1.9233905741052504,7.142209264658246,2.1912598609924316,-2022.7333333333343,-0.021014580503106117,27.321290857651654,0.64761463070617,0.006555053097305491,0.07987132361706566,617,331.17805736914175,0.30533790588378906
618,1924.544,1986.9266666666676,7390.000000000005,100,100,1033,1.9562121021803847,7.153920619554699,2.233074188232422,-1986.9266666666676,-0.02685539616162286,30.571488240185907,0.5597232194507823,0.012705112043905127,0.10845588235294118,618,331.2544993994821,0.30533790588378906
619,1927.19,2058.7933333333335,7207.666666666664,100,100,1033,1.9408321370517643,6.977412068409162,2.2204840183258057,-2058.7933333333335,-0.016258121522910455,35.02407556421616,0.5497748062891119,0.009700814460623352,0.098090277875171,619,331.3357356169586,0.30533790588378906
620,1932.985,1966.2533333333326,7246.333333333337,100,100,1033,1.9426468553766247,7.014843497902552,2.2169628143310547,-1966.2533333333326,-0.017915564178324798,26.030063236460965,0.5076776742935181,0.014465791032896103,0.09063521246699725,620,331.41472939156654,0.30533790588378906
621,1935.66,2015.543333333333,7460.333333333332,100,100,1036,1.955502897116237,7.20109395109395,2.241027355194092,-2015.543333333333,-0.021023246130960828,28.234044131110696,0.5271224107812432,0.011500711754813571,0.09712009811226059,621,330.9547655157897,0.30533790588378906
622,1938.284,2093.746666666667,7508.333333333334,100,100,1028,1.9297253894021713,7.303826199740597,2.1958160400390625,-2093.746666666667,-0.048823851544190854,53.559657882241645,0.471137181362685,0.010430593728361762,0.0900735294117647,622,331.03716330658267,0.30533790588378906
623,1940.934,2040.5333333333342,7455.999999999998,100,100,1033,1.935984027736062,7.217812197483057,2.2127747535705566,-2040.5333333333342,-0.024471278028453097,29.072611808776855,0.4602482695789898,0.01000415101674769,0.09666053928873118,623,331.1173106406633,0.30533790588378906
624,1943.917,2076.7233333333324,7388.999999999999,100,100,1032,2.233592151143487,7.159883720930232,2.5201497077941895,-2076.7233333333324,-0.008977959809057853,40.3998483209049,0.43270934592275057,0.013441232426831609,0.09053308823529412,624,331.14011909957304,0.30533790588378906
625,1946.914,1987.973333333335,7371.333333333336,100,100,1033,2.2547080318803205,7.135850274282029,2.543440818786621,-1987.973333333335,-0.01217101073330816,25.030231868519504,0.47825346492669163,0.026236570735551034,0.10712826799820452,625,331.16096595730147,0.30533790588378906
626,1949.968,1968.1066666666663,7213.666666666668,100,100,1038,2.2978574195239685,6.949582530507387,2.5985567569732666,-1968.1066666666663,-0.029989946962279433,27.358036405899945,0.48397370208712187,0.033856405058245664,0.09112395017462618,626,331.1748258304912,0.30533790588378906
627,1952.905,2070.1499999999996,7407.666666666665,100,100,1034,2.186260639525035,7.164087685364279,2.4765512943267822,-2070.1499999999996,-0.0053977323148180455,35.517318949979895,0.44494427302304435,0.023822008741690832,0.09595588244059507,627,331.20604739961954,0.30533790588378906
628,1955.858,2108.0033333333345,7475.333333333332,100,100,1034,2.193648938712893,7.229529335912313,2.488098621368408,-2108.0033333333345,-0.01153555715127903,40.39631136725931,0.4215194670593037,0.03937551999800181,0.10615808823529412,628,331.2347030390111,0.30533790588378906
629,1958.95,2043.7200000000012,7307.666666666668,100,100,1035,2.3411138156419935,7.060547504025766,2.6400341987609863,-2043.7200000000012,-0.022968836484805626,37.47901641621309,0.3931245058774948,0.010703592177699594,0.10185494668343488,629,331.24028970283683,0.30533790588378906
630,1965.43,2019.3400000000006,7348.333333333334,100,100,1034,2.276778624868615,7.106705351386203,2.5689585208892822,-2019.3400000000006,-0.004450140466146609,34.48803121903364,0.3753391477991553,0.015756082043106502,0.10560661773471271,630,331.2592951594633,0.30533790588378906
631,1968.523,2003.4766666666662,7393.333333333332,100,100,1040,2.313911537483084,7.108974358974358,2.622039318084717,-2003.4766666666662,-0.015258868060567799,31.38450813293457,0.41642559451215405,0.022316749474745903,0.0900735294117647,631,330.6829938369334,0.30533790588378906
632,1971.424,2036.6066666666686,7325.999999999999,100,100,1032,2.1758753861176108,7.098837209302324,2.4645071029663086,-2036.6066666666686,-0.018168262370369014,26.648726014529956,0.4474606058176826,0.011375836836283697,0.08318014705882353,632,330.719786056957,0.30533790588378906
633,1974.128,2036.3100000000004,7437.333333333334,100,100,1036,1.9790000983641545,7.17889317889318,2.2654244899749756,-2036.3100000000004,-0.04153137752676711,28.787702784818762,0.45033545879756703,0.008835777962196837,0.08348651997306768,633,330.7916587901741,0.30533790588378906
634,1976.836,2066.623333333334,7345.666666666666,100,100,1032,2.002732749859615,7.117894056847545,2.283721446990967,-2066.623333333334,-0.00744919413152863,33.64213073954863,0.4324938269222484,0.017618807210751316,0.09926470588235294,634,330.8605195221721,0.30533790588378906
635,1979.533,1947.4033333333334,7210.000000000003,100,100,1033,1.9945233284035069,6.97967086156825,2.2704269886016846,-1947.4033333333334,-0.02847553214386982,33.896239056306726,0.37210411315455155,0.03538385917679133,0.08731617647058823,635,330.931643096463,0.30533790588378906
636,1982.199,1957.893333333334,7268.66666666667,100,100,1033,1.9461317518671897,7.036463375282352,2.22080397605896,-1957.893333333334,-0.021538314464337686,37.14442600923426,0.3606230862000409,0.023280337144730285,0.09298406870049589,636,331.0076171774539,0.30533790588378906
637,1984.895,2103.5066666666667,7560.333333333331,100,100,1032,1.9840623078147643,7.325904392764856,2.2641234397888184,-2103.5066666666667,-0.030732636011260396,40.067647597369024,0.4088752559002708,0.027613622355548775,0.08731617647058823,637,331.0780485045058,0.30533790588378906
638,1987.59,2027.7600000000018,7350.6666666666715,100,100,1033,1.9736596321622188,7.1158438205872905,2.2530417442321777,-2027.7600000000018,-0.020134399371112093,32.16127286237829,0.3951983022339204,0.02193960571415065,0.08231209152761627,638,331.1488275181741,0.30533790588378906
639,1990.244,2007.6333333333334,7308.333333333333,100,100,1033,1.9548915781663136,7.074862858986769,2.2297542095184326,-2007.6333333333334,0.0006975364487837343,34.446191002340875,0.3446461028035949,0.03484479872071568,0.10401348046520177,639,331.22616644134274,0.30533790588378906
640,1996.142,1972.0200000000013,7217.333333333333,100,100,1032,1.9645902145222596,6.993540051679586,2.238806962966919,-1972.0200000000013,-0.00041764755459392774,40.404968822703644,0.351141841534306,0.020089149420313975,0.07628676470588236,640,331.3012689060412,0.30533790588378906
641,1998.834,2038.8600000000008,7342.000000000003,100,100,1036,1.9721283757624046,7.086872586872589,2.2563092708587646,-2038.8600000000008,-0.012760962250039858,30.02961820714614,0.434838246773271,0.024463878636357978,0.09267769622452118,641,330.8373452224962,0.30533790588378906
642,2001.523,1861.7233333333331,7116.000000000002,100,100,1037,1.9784979759100303,6.862102217936356,2.259538173675537,-1861.7233333333331,-0.016713878632906604,38.16542176639332,0.42530061041607575,0.015346367151805144,0.07939762490637162,642,330.9109697972438,0.30533790588378906
643,2004.216,1931.8199999999988,7307.666666666662,100,100,1037,1.976441850067586,7.046930247508835,2.2598142623901367,-1931.8199999999988,-0.015230087453828138,31.2419376373291,0.46509748697280884,0.024901969543219927,0.0894725682104335,643,330.98383081488277,0.30533790588378906
644,2006.879,2077.513333333333,7431.666666666667,100,100,1035,1.954725989734457,7.180354267310789,2.2402408123016357,-2077.513333333333,-0.02053601119448157,41.3405647277832,0.5162848909111584,0.022223292873925802,0.08439171138931723,644,331.0602426486547,0.30533790588378906
645,2009.56,1929.703333333334,7368.666666666669,100,100,1033,1.9675436612698254,7.133268796385933,2.2407174110412598,-1929.703333333334,-0.022095978369607645,31.616903024561264,0.47013367186574373,0.022466615410795546,0.08195465693579,645,331.13273401507405,0.30533790588378906
646,2012.247,1959.87,7319.333333333329,100,100,1033,1.982567956966834,7.08551145530816,2.2584316730499268,-1959.87,-0.03104875417535796,32.343621253967285,0.47541645662311244,0.01419271992327755,0.06433823529411764,646,331.20394839257773,0.30533790588378906
647,2014.934,2017.5466666666675,7346.999999999998,100,100,1035,1.9660009672991248,7.098550724637679,2.2487916946411133,-2017.5466666666675,-0.0038908216006615583,31.86341672785142,0.5172196977278766,0.02559262906844892,0.0793365643304937,647,331.2759226307806,0.30533790588378906
648,2017.652,1889.8399999999988,7128.3333333333285,100,100,1032,2.0016806198793007,6.9072997416020625,2.27713680267334,-1889.8399999999988,-0.01017564907670021,20.338887943941003,0.5636391183909248,0.022934640689259943,0.07261029411764706,648,331.34130098396327,0.30533790588378906
649,2020.342,2017.8633333333337,7379.666666666665,100,100,1031,1.9840523747367753,7.157775622373099,2.2602102756500244,-2017.8633333333337,0.0017020685926956288,31.793725911308737,0.5163946204325732,0.029253800783087227,0.08193277348490323,649,331.4102568939331,0.30533790588378906
650,2026.292,1982.2566666666671,7400.666666666666,100,100,1035,1.9934759415677132,7.150402576489532,2.271564483642578,-1982.2566666666671,-0.009162224336143802,32.344975415398096,0.49007053497959585,0.04995642605867675,0.08597927847329308,650,331.479631507601,0.30533790588378906
651,2029.008,2020.8933333333327,7383.999999999999,100,100,1035,1.9660142989343274,7.134299516908212,2.247243881225586,-2020.8933333333327,-0.03285449173520593,26.171038178836596,0.4978713033830418,0.010667553123579743,0.09600601652089287,651,331.01491424288713,0.30533790588378906
652,2031.688,2038.6733333333334,7479.666666666666,100,100,1036,1.9683701750996763,7.219755469755469,2.252485752105713,-2038.6733333333334,0.0030775939059608124,29.327693602618048,0.511885420364492,0.020998235593330774,0.08164828445981531,652,331.0882609259472,0.30533790588378906
653,2034.31,1886.4366666666663,7253.666666666668,100,100,1034,1.9255860721488884,7.0151515151515165,2.198521375656128,-1886.4366666666663,-0.02321666742072386,28.39651612674489,0.4933136894422419,0.03800719293683548,0.0738970589111833,653,331.1697575136031,0.30533790588378906
654,2036.942,1968.1566666666672,7329.666666666666,100,100,1031,1.9348052382933483,7.109279017135466,2.2057275772094727,-1968.1566666666672,-0.009793242384843966,36.92742656258976,0.4452230982920703,0.017186907979467994,0.08915441176470588,654,331.2480859982093,0.30533790588378906
655,2039.599,1987.473333333334,7309.333333333336,100,100,1035,1.9349825121957251,7.0621578099838995,2.2137744426727295,-1987.473333333334,-0.021262140282059964,27.071278179393094,0.4557195323355058,0.02423246863284422,0.08990641727167017,655,331.3239448433933,0.30533790588378906
656,2042.233,1981.8466666666677,7403.333333333333,100,100,1027,1.946305063645652,7.208698474521259,2.210106611251831,-1981.8466666666677,-0.023277823922826964,33.8911175587598,0.4817845873972949,0.018111099769799587,0.07950367647058823,656,331.3995012015574,0.30533790588378906
657,2044.897,1869.1999999999994,7144.000000000004,100,100,1034,1.968771662059595,6.909090909090913,2.241149663925171,-1869.1999999999994,-0.027503964545972207,22.721878079807055,0.45830415057785373,0.01996627530795248,0.08795955886735636,657,331.47337747416327,0.30533790588378906
658,2047.532,2018.8699999999994,7390.666666666663,100,100,1037,1.9125687535457032,7.126968820315008,2.19598388671875,-2018.8699999999994,-0.017280998037141913,35.62498704124899,0.5292615373344982,0.009677259847247863,0.07982183313545059,658,331.5532308484028,0.30533790588378906
659,2050.168,1960.5933333333337,7295.6666666666715,100,100,1032,1.9317451554716947,7.069444444444449,2.2054226398468018,-1960.5933333333337,-0.03248053219388513,27.77958394499386,0.4946329725139281,0.013742520514985217,0.1052389705882353,659,331.63035650638034,0.30533790588378906
660,2055.948,1912.59,7207.666666666665,100,100,1033,1.9393352372887376,6.977412068409163,2.2107412815093994,-1912.59,-0.034401477259748126,24.657095179838294,0.4454833102576873,0.015613813877708334,0.09058415035114568,660,331.7079396843245,0.30533790588378906
661,2058.635,2006.8033333333326,7392.0,100,100,1035,1.9597607753622,7.142028985507246,2.2424538135528564,-2006.8033333333326,-0.023655248367611098,42.821114764494055,0.5990589147104937,0.029105133202392608,0.1247493317898582,661,331.2710251821692,0.30533790588378906
662,2061.379,1965.9133333333334,7267.666666666663,100,100,1035,1.9938936239954281,7.021900161030593,2.277317762374878,-1965.9133333333334,-0.02107135546119774,31.623449045069076,0.6025874018669128,0.047482017407139,0.11585060200270485,662,331.3320645486528,0.30533790588378906
663,2064.348,2010.2333333333322,7379.333333333331,100,100,1033,2.2105964182200775,7.143594707970311,2.499518871307373,-2010.2333333333322,-0.027593792251804295,41.316086769104004,0.64195096755729,0.011073468828245121,0.11494076799820452,663,331.3559434011093,0.30533790588378906
664,2067.435,2055.6533333333327,7344.666666666665,100,100,1030,2.3352156322024475,7.1307443365695775,2.622863292694092,-2055.6533333333327,-0.010033650214181226,37.17121982574463,0.6144975862082314,0.015210324110846747,0.10309436303727768,664,331.35943949912985,0.30533790588378906
665,2070.607,2106.5100000000016,7519.333333333338,100,100,1032,2.4000101786173604,7.2861757105943195,2.697176456451416,-2106.5100000000016,0.024102390031604207,47.52736646988813,0.616492344176068,0.01987122727201923,0.08915441176470588,665,331.35023655034075,0.30533790588378906
666,2073.595,2004.6266666666668,7207.666666666666,100,100,1032,2.2465986425964912,6.984173126614986,2.5348892211914062,-2004.6266666666668,-0.03407516763271654,34.1915158664479,0.6045264908496071,0.031721079910365754,0.09329044117647059,666,331.3704172521659,0.30533790588378906
667,2076.533,1964.4133333333336,7303.0,100,100,1034,2.1903445849391474,7.062862669245648,2.4801981449127197,-1964.4133333333336,-0.008337058209101944,26.885117643019733,0.5762151497251847,0.02931665998595931,0.10009191185235977,667,331.39954768357563,0.30533790588378906
668,2079.595,2143.0166666666655,7443.333333333329,100,100,1028,2.3127307407358653,7.240596627756157,2.6003572940826416,-2143.0166666666655,-0.02158905878005659,55.51491095038021,0.6082470710663235,0.027337930377517992,0.09099264705882353,668,331.4059303590595,0.30533790588378906
669,2082.728,2096.89,7326.666666666667,100,100,1030,2.382227862638069,7.11326860841424,2.6748368740081787,-2096.89,-0.01219419773448916,60.007636687334845,0.643993112970801,0.046884241346132886,0.09543504916569766,669,331.40189298022784,0.30533790588378906
670,2089.286,1938.3833333333332,7341.333333333337,100,100,1031,2.2974478178653075,7.120594891690918,2.5830044746398926,-1938.3833333333332,-0.02339567183790838,29.826332204482135,0.6137885420637972,0.021593681070953608,0.07215073529411764,670,331.41360577914986,0.30533790588378906
671,2092.239,2071.833333333333,7434.666666666664,100,100,1033,2.219077734103551,7.197160374314293,2.5081493854522705,-2071.833333333333,0.0012756439254564397,38.22774600982666,0.6616877974832759,0.047947988530401796,0.09717116044724688,671,330.8818382477329,0.30533790588378906
672,2095.038,1975.696666666667,7365.0,100,100,1035,2.068301738725732,7.115942028985507,2.3562605381011963,-1975.696666666667,-0.012317294364466387,29.350517637589398,0.6676187392543343,0.02790974032626871,0.10720254042569329,672,330.93391024312336,0.30533790588378906
673,2097.997,2052.4033333333336,7428.666666666663,100,100,1035,2.2200612571756335,7.177455716586148,2.5122334957122803,-2052.4033333333336,0.0022116754861438975,38.838422775268555,0.7161773969145382,0.022994211768758866,0.10904077571981094,673,330.96038197919535,0.30533790588378906
674,2101.025,2098.32,7631.333333333335,100,100,1034,2.2846424566650296,7.380399742101871,2.580320358276367,-2098.32,-0.03196983959744958,41.01828311471378,0.7405489911051357,0.025653777198920792,0.10229779451208956,674,330.9755519255481,0.30533790588378906
675,2103.893,2010.736666666666,7315.999999999997,100,100,1031,2.1229225006921055,7.096023278370511,2.405977964401245,-2010.736666666666,0.007311628364464816,36.08546060674331,0.6892407694283653,0.0023200273828800112,0.09617909701431498,675,331.0144575019976,0.30533790588378906
676,2106.758,2075.2099999999996,7458.333333333334,100,100,1035,2.1178080209931314,7.206119162640903,2.408522844314575,-2075.2099999999996,-0.026387191268012804,38.16240613600787,0.6700457983157214,0.009868841796346447,0.08798462590750526,676,331.05554136355227,0.30533790588378906
677,2109.658,1857.3266666666666,7027.666666666668,100,100,1030,2.1804021370768982,6.822977346278319,2.4552221298217773,-1857.3266666666666,-0.04846476051299011,36.78904752170338,0.6557531724957859,0.011307130790288177,0.10278799034216825,677,331.08884257480923,0.30533790588378906
678,2112.699,1901.6166666666666,7019.666666666669,100,100,1033,2.3031963211495974,6.795417876734432,2.593086004257202,-1901.6166666666666,-0.022707688676960328,28.93859260222491,0.5893892010345179,0.01378846452708411,0.1186172385864398,678,331.10106147175077,0.30533790588378906
679,2115.538,1948.8266666666675,7172.333333333335,100,100,1028,2.123315661311229,6.976977950713361,2.3954882621765137,-1948.8266666666675,-0.039174533229978645,26.64954126582426,0.5893749962834751,0.015505455091924351,0.11167279411764706,679,331.14273162498927,0.30533790588378906
680,2121.907,2106.88,7414.666666666671,100,100,1033,2.085372023482781,7.177799290093582,2.3727450370788574,-2106.88,-0.012888584285974503,44.129964772392725,0.6255739077049143,0.023683742120149818,0.09936683011405609,680,331.1893148309011,0.30533790588378906
681,2124.857,2010.2199999999998,7204.666666666666,100,100,1031,2.1887332669375277,6.988037504041383,2.4737470149993896,-2010.2199999999998,-0.0050313001060310536,42.371204151826745,0.5671251118183136,0.021414328407605782,0.10537027348490323,681,330.6617191013385,0.30533790588378906
682,2128.0,1977.826666666666,7303.333333333332,100,100,1032,2.3869609497686084,7.076873385012918,2.6782033443450928,-1977.826666666666,-0.012263845378423439,35.358947192921356,0.6144707483403823,0.02439085176721325,0.10615808823529412,682,330.6583961141937,0.30533790588378906
683,2131.135,1974.09,7359.3333333333385,100,100,1031,2.387730163096601,7.138053669576468,2.678180694580078,-1974.09,-0.03496807169251363,31.407913572647992,0.5094808686305495,0.02317988226080642,0.11810661764705882,683,330.6557622855767,0.30533790588378906
684,2134.094,1880.430000000001,7319.33333333333,100,100,1032,2.215249224768071,7.092377260981909,2.4944040775299072,-1880.430000000001,-0.018644921645960388,27.081050956950467,0.5417615394381916,0.01994204372920863,0.10707720588235294,684,330.68079268383815,0.30533790588378906
685,2137.036,1916.6099999999992,7191.666666666668,100,100,1032,2.203351839909388,6.968669250645996,2.4859962463378906,-1916.6099999999992,0.005697687759118921,36.02004471947165,0.5844863714540706,0.013343090458553942,0.10661764705882353,685,330.7085814782852,0.30533790588378906
686,2140.171,1899.0766666666698,7102.666666666672,100,100,1032,2.380502131828937,6.882428940568481,2.6711044311523438,-1899.0766666666698,-0.0019249202793135362,26.661795644199145,0.6355780976660111,0.026641930747941574,0.12270220588235294,686,330.70628641567663,0.30533790588378906
687,2143.349,1975.5533333333337,7330.333333333335,100,100,1032,2.4189577513968197,7.103036175710596,2.7125301361083984,-1975.5533333333337,-0.03966941821443684,31.866575044744156,0.604196276734857,0.020811709431547892,0.12270220588235294,687,330.69750159780745,0.30533790588378906
688,2146.311,1998.2933333333328,7320.666666666666,100,100,1031,2.224976529419661,7.1005496281926925,2.509141445159912,-1998.2933333333328,-0.010937433552873485,33.009046891156366,0.5668278450475019,0.015233373235198943,0.10707720588235294,688,330.72138185072026,0.30533790588378906
689,2149.273,2026.8799999999994,7448.666666666666,100,100,1029,2.222701941098225,7.2387431162941365,2.501481771469116,-2026.8799999999994,-0.0020015957655713837,36.06271581088795,0.6210030930883744,0.021675311412443134,0.11985294126412448,689,330.74431976487784,0.30533790588378906
690,2155.297,1941.9066666666668,7261.666666666663,100,100,1034,2.1137029009806336,7.022888459058668,2.3946244716644287,-1941.9066666666668,-0.021284741568653023,39.43599863613353,0.566824717556729,0.015453902415602523,0.11580882352941177,690,330.79081985158865,0.30533790588378906
691,2157.991,2071.100000000001,7380.666666666668,100,100,1031,1.9816903005174347,7.158745554477854,2.2591071128845215,-2071.100000000001,0.012860035304637515,44.84155469782212,0.5886701862601673,0.0026324137339971084,0.09105829850715749,691,330.3651785823614,0.30533790588378906
692,2160.66,1956.3900000000008,7246.333333333338,100,100,1032,1.9696443794022653,7.021640826873389,2.243225336074829,-1956.3900000000008,-0.016887516221579385,41.44597406948314,0.5443679707891801,0.004265314173501204,0.09696691176470588,692,330.4346313001577,0.30533790588378906
693,2163.314,1989.9266666666656,7179.0,100,100,1028,1.9574131336921994,6.983463035019455,2.2251646518707275,-1989.9266666666656,-0.01080320282455753,41.93051287707161,0.5704236398724949,0.009928846615366638,0.08777573529411764,693,330.5045272921591,0.30533790588378906
694,2166.069,2029.8466666666673,7335.000000000002,100,100,1030,2.0384070876018296,7.121359223300972,2.3198108673095703,-2029.8466666666673,-0.024385810994050083,35.61966856788187,0.5574687018113977,0.010981878895750818,0.11443014705882353,694,330.5597108549247,0.30533790588378906
695,2168.743,1927.6000000000013,7140.999999999999,100,100,1030,1.9727083476875158,6.933009708737863,2.2425692081451416,-1927.6000000000013,-0.017499427913742906,23.09634260570302,0.5447034686803818,0.004446723251877462,0.09237132396768122,695,330.6270310812694,0.30533790588378906
696,2171.407,1975.34,7212.333333333333,100,100,1029,1.9658616126494155,7.00907029478458,2.234370708465576,-1975.34,-0.02210014554507592,32.33070143531351,0.5006467866546968,0.01980439737192629,0.09687500008765389,696,330.69527833284315,0.30533790588378906
697,2174.105,1990.4400000000014,7239.333333333335,100,100,1032,1.9818625013324136,7.014857881136952,2.255821704864502,-1990.4400000000014,-0.021911765503532746,31.168732362634994,0.5167213108609704,0.02213043348884265,0.1056985294117647,697,330.7595129048143,0.30533790588378906
698,2176.765,1960.049999999999,7276.000000000001,100,100,1035,1.9480574861447808,7.029951690821257,2.228463649749756,-1960.049999999999,-0.016093271551653743,28.786744847017175,0.4749336566995172,0.01362729657386594,0.08806818197755252,698,330.8308505018559,0.30533790588378906
699,2179.466,1922.5966666666675,7378.333333333335,100,100,1037,1.9766400202663332,7.115075538412087,2.259596586227417,-1922.5966666666675,-0.02865054819952039,36.713051571565515,0.5154420251355452,0.025245306756593946,0.10834983056958984,699,330.8965969564794,0.30533790588378906
700,2186.127,1835.3599999999994,6981.666666666666,100,100,1032,2.152698448531568,6.765180878552971,2.4331581592559814,-1835.3599999999994,-0.011300169588888393,26.22619920618394,0.48913366654339957,0.006077070422607529,0.10202205882352941,700,330.9304907906436,0.30533790588378906
701,2189.233,1949.3999999999996,7271.666666666669,100,100,1034,2.3514666346647566,7.03255963894262,2.6454219818115234,-1949.3999999999996,-0.011548775823458153,35.842041183920465,0.4612171711290584,0.0287997797200018,0.10266544122029753,701,330.3640921622181,0.30533790588378906
702,2192.187,1923.7866666666662,7191.333333333333,100,100,1032,2.215544671062091,6.968346253229974,2.498169422149658,-1923.7866666666662,-0.02329445509787868,32.94141174765194,0.4758233068620457,0.008833207152372994,0.11259191176470588,702,330.3897357851563,0.30533790588378906
703,2195.129,1906.3200000000006,7106.333333333338,100,100,1027,2.211392309064156,6.919506653683873,2.4831833839416504,-1906.3200000000006,-0.028661240933134276,35.095865950864905,0.49379413662587895,0.009603929101585355,0.08455882352941177,703,330.4147773587681,0.30533790588378906
704,2198.257,1902.9166666666672,7315.666666666669,100,100,1034,2.3799901344044208,7.075112830431982,2.6731913089752197,-1902.9166666666672,-0.019840469830395543,36.42741135989918,0.4922679522458245,0.014923388929352821,0.08272058823529412,704,330.41509034746593,0.30533790588378906
705,2201.347,1956.3266666666666,7269.666666666664,100,100,1031,2.3612136760397764,7.051083090850304,2.6506664752960205,-1956.3266666666666,-0.03475700400988845,31.264602436738855,0.5073416338247412,0.014490834320895374,0.11928834152572296,705,330.4194370515145,0.30533790588378906
706,2204.279,1945.990000000002,7242.0,100,100,1033,2.1993708626627706,7.010648596321394,2.4846694469451904,-1945.990000000002,-0.023774145609315706,33.21290826797485,0.5014267949496999,0.029209059122128084,0.09579248397665865,706,330.44859934794727,0.30533790588378906
707,2207.233,1905.1766666666665,7255.999999999999,100,100,1031,2.220173326283007,7.037827352085353,2.498616933822632,-1905.1766666666665,-0.017484950449536827,42.06122241300695,0.5203037577516892,0.02097210559911807,0.11738445434500189,707,330.4735042718183,0.30533790588378906
708,2210.146,1965.9733333333345,7201.666666666667,100,100,1035,2.1638693731134206,6.9581320450885675,2.4568932056427,-1965.9733333333345,-0.0332311844891485,28.713997953078326,0.5127908534863416,0.003735402581857189,0.09625668473103467,708,330.50618071057954,0.30533790588378906
709,2212.904,1962.2133333333334,7308.666666666666,100,100,1034,2.044482108784706,7.068343004513217,2.3262040615081787,-1962.2133333333334,-0.02394736256888684,33.50850943958058,0.49670610094771667,0.017262027509894,0.0778492647497093,709,330.56148967852073,0.30533790588378906
710,2218.897,1899.06,7101.0,100,100,1035,2.0009798052887193,6.860869565217391,2.2812387943267822,-1899.06,0.0010099829558063956,25.15356372384464,0.46484140087576475,0.03642551763743326,0.08330548160216387,710,330.62124715481696,0.30533790588378906
711,2221.636,1878.9400000000005,7127.666666666667,100,100,1036,2.004117759876852,6.87998712998713,2.285048484802246,-1878.9400000000005,-0.007823318955214584,24.41808863247142,0.4606640487909317,0.04579034788698396,0.09436274517108412,711,330.1944939125003,0.30533790588378906
712,2224.387,1980.2266666666671,7167.66666666667,100,100,1034,2.024854834658063,6.931979368149584,2.3101518154144287,-1980.2266666666671,-0.002367271713035948,30.656782879548913,0.5102265275576535,0.03734465298133299,0.09356617686503074,712,330.2510552272547,0.30533790588378906
713,2227.15,1915.2366666666667,7320.666666666669,100,100,1035,2.0305978754031413,7.073107890499197,2.3132784366607666,-1915.2366666666667,-0.02185060122214696,22.867377505582922,0.41173453629016876,0.0348927915603032,0.098638034918729,713,330.3060549941951,0.30533790588378906
714,2229.861,1953.1366666666663,7247.666666666668,100,100,1034,1.996823789743703,7.009348807221149,2.2767205238342285,-1953.1366666666663,-0.001296898624037995,26.815300969516528,0.49119220235768485,0.04011459967724102,0.0939338235732387,714,330.3681561360203,0.30533790588378906
715,2232.563,1956.8599999999994,7210.999999999996,100,100,1035,1.9760407720004087,6.967149758454103,2.256610631942749,-1956.8599999999994,-0.007951862726579694,27.43928550271427,0.5075645455542732,0.02228356705745682,0.08844418473103467,715,330.43181178489203,0.30533790588378906
716,2235.25,1977.2966666666662,7331.666666666665,100,100,1032,1.972492635358385,7.1043281653746755,2.2447338104248047,-1977.2966666666662,-0.025168567183701432,23.29665489757762,0.46092887485728545,0.015846434802583912,0.08869485294117647,716,330.4963530742422,0.30533790588378906
717,2237.964,2018.4066666666663,7367.666666666665,100,100,1033,1.9962567267380475,7.132300742174894,2.277327299118042,-2018.4066666666663,-0.021033077939030004,37.919924455530506,0.5262663802679848,0.011422734724713819,0.08920547388055745,717,330.55713711866287,0.30533790588378906
718,2240.722,1956.180000000001,7148.000000000001,100,100,1033,2.0290725086414456,6.9196515004840276,2.309365749359131,-1956.180000000001,-0.0326964971883332,40.21065683925853,0.49032530276214376,0.021653776036520654,0.08644812093938098,718,330.6112978898179,0.30533790588378906
719,2243.478,2023.2733333333335,7302.333333333336,100,100,1031,2.042568766147939,7.082767539605563,2.3188836574554443,-2023.2733333333335,-0.018318686579518458,35.937728376949536,0.5199772636680042,0.024401887515148914,0.0795693279189222,719,330.6647535258181,0.30533790588378906
720,2249.519,2018.6499999999996,7377.666666666666,100,100,1033,2.0332071617550405,7.141981284285253,2.315586805343628,-2018.6499999999996,-0.020586523008258903,30.459907475639792,0.49645406183074503,0.045416042917435444,0.10033700987696648,720,330.7193917933601,0.30533790588378906
721,2252.278,2019.9266666666663,7265.333333333333,100,100,1032,2.0359629851336365,7.040051679586563,2.3157095909118652,-2019.9266666666663,-0.02203879039734602,25.469431484446805,0.5033441098297343,0.019560689839315328,0.09466911764705882,721,330.2895581911815,0.30533790588378906
722,2255.002,1931.190000000001,7151.666666666667,100,100,1033,2.004111908842329,6.923201032591159,2.2824997901916504,-1931.190000000001,-0.027193216004354114,25.48975083407234,0.48595915296498465,0.026349095922127804,0.11555351338842336,722,330.3486405442218,0.30533790588378906
723,2257.738,1906.1066666666663,7120.999999999999,100,100,1034,2.018713925080644,6.8868471953578325,2.3008692264556885,-1906.1066666666663,-0.02601310720338541,33.287514349993536,0.5207708565627828,0.025325436083435574,0.10101102949941859,723,330.40642459279275,0.30533790588378906
724,2260.425,1838.0966666666668,6922.333333333334,100,100,1025,1.995290636948151,6.75349593495935,2.251962184906006,-1838.0966666666668,-0.0407076058909297,42.830624243792364,0.47988532713669185,0.023503714830012006,0.08088235294117647,724,330.4670034689426,0.30533790588378906
725,2263.15,2028.0700000000004,7387.333333333331,100,100,1033,1.9987361123136245,7.151339141658598,2.27909255027771,-2028.0700000000004,-0.01668248391326736,29.524707850287943,0.4810104878509746,0.016448068679036462,0.1017156863475547,725,330.525612009181,0.30533790588378906
726,2265.878,1831.8199999999995,7045.000000000003,100,100,1033,2.013989351644737,6.81994191674734,2.289433479309082,-1831.8199999999995,-0.035413901485940986,29.00018540550681,0.40851184287491965,0.06066564231535748,0.1173406863475547,726,330.58351115862985,0.30533790588378906
727,2268.609,1913.4199999999985,7155.666666666662,100,100,1036,1.9958549231725915,6.907014157014153,2.2778491973876953,-1913.4199999999985,-0.0017772627008311888,23.227766597972195,0.4178914646891987,0.04515400642583914,0.10968137269510943,727,330.64227444394965,0.30533790588378906
728,2271.319,2009.3366666666677,7321.999999999998,100,100,1033,1.9971885781965983,7.0880929332042575,2.2786223888397217,-2009.3366666666677,-0.027502944391659078,34.900997049668256,0.4411252614329843,0.031533719954656106,0.10171568656668943,728,330.7025800323977,0.30533790588378906
729,2273.942,1870.5600000000009,7029.000000000001,100,100,1030,1.9285551468995445,6.824271844660195,2.194206476211548,-1870.5600000000009,0.00031750846435041986,38.96916798984303,0.4449935612433097,0.023936320407836532,0.08731617647058823,729,330.77407959812365,0.30533790588378906
730,2279.703,2009.9566666666672,7225.666666666667,100,100,1030,1.9275206813670116,7.015210355987056,2.1981635093688965,-2009.9566666666672,-0.015274097814279445,34.40642149308149,0.41466663383385716,0.012859343284028856,0.08869485294117647,730,330.8427091391526,0.30533790588378906
731,2282.407,1921.0999999999995,7273.666666666671,100,100,1036,1.9758930509598946,7.020913770913775,2.2587554454803467,-1921.0999999999995,-0.040607923422666156,32.11209027907427,0.42713042830719666,0.048513537711080384,0.11151960820836179,731,330.4524072836079,0.30533790588378906
732,2285.071,1856.7866666666678,6998.666666666666,100,100,1034,1.947128430897878,6.768536428110895,2.2206337451934814,-1856.7866666666678,0.0072528697440729425,28.910571715411017,0.46697832994601307,0.02262503557550885,0.0973345589111833,732,330.5196839860971,0.30533790588378906
733,2287.704,1894.3999999999987,7294.66666666667,100,100,1039,1.9199666024846338,7.020853384664744,2.202629327774048,-1894.3999999999987,-0.021594076663913095,39.76669967875761,0.45407085383639617,0.023158584166701662,0.09595588265972979,733,330.593522306205,0.30533790588378906
734,2290.339,1951.5933333333328,7206.333333333334,100,100,1034,1.9292184706764723,6.9693745970341725,2.206852912902832,-1951.5933333333328,-0.012362180606407277,32.23799368914436,0.4449581302264157,0.024358918041209963,0.11553308893652524,734,330.6645857292051,0.30533790588378906
735,2292.987,1898.9866666666667,7131.999999999998,100,100,1033,1.9431728924897798,6.904162633107452,2.217287063598633,-1898.9866666666667,-0.02173007433028782,48.7297342524809,0.4334302776876618,0.029966919573352617,0.09150326799820452,735,330.7332865314688,0.30533790588378906
736,2295.626,1909.9299999999996,7253.666666666667,100,100,1032,1.939655036815305,7.02874677002584,2.2119812965393066,-1909.9299999999996,-0.026061112773330772,30.054313210880053,0.4226677742074518,0.04777380205033457,0.09237132352941177,736,330.802554292322,0.30533790588378906
737,2298.264,2055.8999999999996,7432.0,100,100,1033,1.9334306868761488,7.194578896418199,2.2104945182800293,-2055.8999999999996,-0.027880001046201763,39.14070724038517,0.5136673879974029,0.011222139201195473,0.11933210864663124,737,330.8723579934246,0.30533790588378906
738,2300.993,1807.933333333331,6981.333333333328,100,100,1033,1.9994941914214284,6.758309131978052,2.2767581939697266,-1807.933333333331,-0.02868401864543557,38.37927784639246,0.496848918059293,0.03635812721639762,0.1344464872689808,738,330.9287956758467,0.30533790588378906
739,2303.88,1843.933333333333,7061.999999999998,100,100,1032,2.1528760657118733,6.843023255813952,2.429924964904785,-1843.933333333333,-0.006350521984345773,45.35622624789967,0.45108793675899506,0.016060028889435616,0.1056985294117647,739,330.9621774074667,0.30533790588378906
740,2310.563,1934.4733333333331,7115.66666666667,100,100,1033,2.236556341116103,6.888351080993872,2.523561954498291,-1934.4733333333331,-0.02208563855246586,28.00815144707175,0.4242449779720867,0.026387736735427204,0.10896650329232216,740,330.979942996939,0.30533790588378906
741,2313.536,1945.6966666666676,7177.0000000000055,100,100,1030,2.2346205829678882,6.967961165048549,2.515711784362793,-1945.6966666666676,0.007752915460835485,33.33780389673569,0.4378368451314814,0.02872335828621598,0.09803921597845414,741,330.47254240034124,0.30533790588378906
742,2316.439,1961.420000000001,7289.333333333332,100,100,1033,2.1665534376466984,7.056469828977089,2.453587770462036,-1961.420000000001,-0.028251635622890556,32.339130093069635,0.44493676283780265,0.04321639275397448,0.10723039222990766,742,330.5042754581802,0.30533790588378906
743,2319.501,1996.1933333333332,7299.000000000001,100,100,1032,2.3030299446753104,7.072674418604652,2.591825008392334,-1996.1933333333332,-0.0038397707702482447,36.041793178109565,0.5517175232662874,0.016005889601621998,0.10248161764705882,743,330.5129259596305,0.30533790588378906
744,2322.641,2025.5366666666666,7301.999999999996,100,100,1032,2.38745484402757,7.075581395348833,2.6809544563293457,-2025.5366666666666,-0.011028607211568776,35.318572493160474,0.5423374684417949,0.027756782837540787,0.12683823529411764,744,330.510403058438,0.30533790588378906
745,2325.606,1998.5233333333329,7231.333333333337,100,100,1032,2.2303133728271423,7.007105943152458,2.5166242122650146,-1998.5233333333329,0.014515420257606926,37.253733466653266,0.5231594530975118,0.052249537031029296,0.17417279411764705,745,330.532796589297,0.30533790588378906
746,2328.5,1882.3199999999997,7160.666666666669,100,100,1034,2.1539435219118728,6.925209542230821,2.4374310970306396,-1882.3199999999997,-0.009204572861028068,35.5436305438771,0.5876882093794206,0.024025781696443173,0.12610294122029753,746,330.56613655598454,0.30533790588378906
747,2331.398,2119.856666666667,7414.666666666662,100,100,1033,2.1755559529274313,7.177799290093574,2.4648075103759766,-2119.856666666667,-0.01550345730913036,44.510518859414496,0.6146494632258135,0.011671682121232152,0.11228553928873118,747,330.59821091199507,0.30533790588378906
748,2334.102,2006.376666666668,7306.333333333336,100,100,1033,1.9698127792491817,7.072926750564701,2.24665904045105,-2006.376666666668,-0.010668733978972715,25.90403719509349,0.6468893885612488,0.03716208735097419,0.09936683011405609,748,330.65772209215424,0.30533790588378906
749,2336.801,1935.323333333334,7176.0,100,100,1040,1.9774205765525739,6.9,2.2688052654266357,-1935.323333333334,-0.020246854325866,34.76686831081615,0.6256561884108711,0.04434205611537704,0.13051470588235295,749,330.7208630612936,0.30533790588378906
750,2342.618,1983.5900000000006,7302.666666666664,100,100,1027,1.952439628427208,7.110678351184678,2.213919162750244,-1983.5900000000006,-0.03352233077235082,33.38012723361744,0.64087845078286,0.025964197949232423,0.10064338235294118,750,330.7860701668726,0.30533790588378906
751,2345.328,2010.9733333333338,7307.333333333331,100,100,1034,1.9808388777875217,7.067053513862023,2.2619242668151855,-2010.9733333333338,-0.005292785463525969,41.97293634975658,0.7175435423851013,0.011178764215026818,0.09990808827912107,751,330.3972932145157,0.30533790588378906
752,2348.049,1903.9766666666653,7187.666666666667,100,100,1034,2.000792938279172,6.951321727917473,2.2801709175109863,-1903.9766666666653,-0.020763932453358874,44.722537994384766,0.7085266393773696,0.03094813317875378,0.13750000013148084,752,330.4549404326092,0.30533790588378906
753,2350.743,1901.303333333333,7176.999999999996,100,100,1030,1.9920121361863194,6.96796116504854,2.258974552154541,-1901.303333333333,-0.02129015260759522,33.36986491259407,0.740837639745544,0.04341123805052655,0.13985906891963062,753,330.5142818686628,0.30533790588378906
754,2353.406,1878.1900000000012,7198.333333333336,100,100,1028,1.968336185954098,7.002269779507136,2.2323920726776123,-1878.1900000000012,-0.020726554862716618,34.241375249974865,0.597555972635746,0.042320987059022576,0.13786764705882354,754,330.576981423796,0.30533790588378906
755,2356.093,1946.066666666667,7197.666666666667,100,100,1032,1.960447383864039,6.974483204134367,2.233978509902954,-1946.066666666667,-0.028512479449786684,30.057879335740033,0.549109458046801,0.02044888854245929,0.13143382352941177,755,330.63803109422054,0.30533790588378906
756,2358.778,2044.9633333333322,7282.999999999998,100,100,1033,1.9689554676308954,7.050338818973861,2.247955083847046,-2044.9633333333322,-0.004101306200027466,26.278053620282343,0.5216954552075442,0.04634120184517301,0.12055759811226059,756,330.6996308085744,0.30533790588378906
757,2361.5,1911.3966666666672,7240.666666666668,100,100,1033,1.9854460801209781,7.009357857373347,2.2630598545074463,-1911.3966666666672,-0.013525998384198722,30.24286516974954,0.5044177998514736,0.01953927842516671,0.12004697717287961,757,330.75592686180596,0.30533790588378906
758,2364.18,2013.86,7234.666666666668,100,100,1031,1.9740868096938131,7.017135467183965,2.2477378845214844,-2013.86,-0.03657315208521836,36.580556729260614,0.5833906925776425,0.011946096578065087,0.11679359262480456,758,330.81696223696014,0.30533790588378906
759,2366.858,1944.8533333333328,7299.666666666665,100,100,1039,1.9556769974129964,7.0256657042027575,2.243692636489868,-1944.8533333333328,-0.008108209818601608,35.02643467398251,0.6087207180612227,0.018566760282470462,0.10229779516949374,759,330.8817414406601,0.30533790588378906
760,2372.701,1977.0266666666657,7286.999999999995,100,100,1031,1.9656645022757229,7.067895247332682,2.237771987915039,-1977.0266666666657,-0.04035539190997096,34.17327370363123,0.587019170908367,0.012206801836488439,0.10031512642607969,760,330.9444029924411,0.30533790588378906
761,2375.415,1936.6266666666656,7376.666666666662,100,100,1039,1.9765159755423523,7.099775425088222,2.2655935287475586,-1936.6266666666656,-0.02571532324723461,27.624813304227942,0.5926268530242583,0.01934683374950991,0.09090073560090627,761,330.56121176949006,0.30533790588378906
762,2378.123,1972.7400000000018,7191.333333333333,100,100,1034,1.9793560912173307,6.954867827208252,2.259554386138916,-1972.7400000000018,-0.019586443287474085,31.765615743749283,0.5784001481883666,0.014753622578128296,0.10523897102650474,762,330.6195318112317,0.30533790588378906
763,2380.81,1938.4866666666674,7202.999999999998,100,100,1032,1.9655878912357887,6.979651162790696,2.23848819732666,-1938.4866666666674,0.013415374683544916,29.767808830036838,0.5737089129055247,0.023758261752150515,0.09466911764705882,763,330.67984376808977,0.30533790588378906
764,2383.475,1954.9533333333345,7339.333333333331,100,100,1032,1.9553750963221022,7.11175710594315,2.226639747619629,-1954.9533333333345,-0.021350974217057228,31.81799260307761,0.5546905538615059,0.021614376476089305,0.09375,764,330.7430827060891,0.30533790588378906
765,2386.138,1871.266666666667,7263.333333333332,100,100,1031,1.9579830236875684,7.044940187520206,2.2252249717712402,-1871.266666666667,-0.0037464239251087696,25.03978260825662,0.6574120416360743,0.03290957973941284,0.0993303573306869,765,330.8061001944732,0.30533790588378906
766,2388.81,1962.9333333333332,7200.333333333335,100,100,1027,1.9665889971560373,7.011035378123987,2.2307498455047607,-1962.9333333333332,-0.0046370977207141765,29.097401338465072,0.6346801615813199,0.025762481258853394,0.08609068656668943,766,330.86592726183466,0.30533790588378906
767,2391.492,1900.5966666666664,7322.666666666668,100,100,1030,1.9543564062366643,7.109385113268609,2.2198846340179443,-1900.5966666666664,-0.02504039029864704,26.848684703602512,0.5403339240480872,0.020650338484248257,0.11397058823529412,767,330.9256510448345,0.30533790588378906
768,2394.15,1884.7700000000011,7176.333333333334,100,100,1031,1.9558677029778782,6.9605560944067255,2.224583864212036,-1884.7700000000011,0.0012491923921248492,32.960692181306726,0.5645753539660398,0.009096844368340337,0.08377100877902087,768,330.9888963419997,0.30533790588378906
769,2396.759,1869.893333333334,7019.0,100,100,1027,1.917969034631041,6.834469328140214,2.177311658859253,-1869.893333333334,-0.05409767106175423,23.911929411046646,0.5751262850621167,0.019554211114368895,0.09987745127257179,769,331.05709780271394,0.30533790588378906
770,2402.533,2005.4666666666665,7275.333333333334,100,100,1034,1.9217865561617888,7.036105738233398,2.200420379638672,-2005.4666666666665,-0.03316702584133429,28.397693521836224,0.5386808312991086,0.025813582428621456,0.11746323568856015,770,331.1249811267326,0.30533790588378906
771,2405.197,1926.8966666666672,7149.999999999997,100,100,1026,1.9582942509197687,6.968810916179335,2.2197999954223633,-1926.8966666666672,-0.04947481197578942,22.10219644097721,0.5279755530988469,0.00879322994253872,0.08731617647058823,771,330.7521013140146,0.30533790588378906
772,2407.858,1925.2199999999982,7223.333333333335,100,100,1038,1.943776298310744,6.958895311496469,2.229712963104248,-1925.2199999999982,-0.02769363107269301,31.09038080888636,0.5676719861872056,0.02889128408723456,0.09906775219475522,772,330.817682708669,0.30533790588378906
773,2410.527,1850.2833333333338,7036.999999999997,100,100,1032,1.9498399242013331,6.818798449612401,2.221344470977783,-1850.2833333333338,-0.01159795926993384,31.934761440052707,0.6489476684261771,0.012762635898338082,0.13832720588235295,773,330.87952492289105,0.30533790588378906
774,2413.161,1950.786666666666,7171.000000000002,100,100,1034,1.9215885877412902,6.935203094777565,2.1977598667144775,-1950.786666666666,-0.017306672847446275,31.01392936706543,0.6071297140682445,0.016324740036746815,0.11773897071971613,774,330.94683073522464,0.30533790588378906
775,2415.816,2059.76,7415.66666666667,100,100,1032,1.9433094011917493,7.185723514211889,2.2206406593322754,-2059.76,-0.028718659270773914,28.79080825693467,0.6060695928685805,0.012161816655219915,0.08869485294117647,775,331.01029439311935,0.30533790588378906
776,2418.448,1963.3166666666664,7137.333333333332,100,100,1025,1.9404198048727177,6.963252032520324,2.198961019515991,-1963.3166666666664,0.021273147533921635,30.72211704534643,0.625895660589723,0.014575832259759088,0.07306985294117647,776,331.07404553265565,0.30533790588378906
777,2421.225,1986.716666666666,7258.666666666663,100,100,1034,1.9939187655182162,7.019987105093485,2.277388572692871,-1986.716666666666,-0.01817077146295239,27.668267081765567,0.5701751279480317,0.013505090692299692,0.08676470597000684,777,331.12121956777224,0.30533790588378906
778,2424.325,2020.4900000000018,7361.000000000005,100,100,1037,2.3386567022082043,7.098360655737709,2.643573045730591,-2020.4900000000018,-0.01919489701771561,41.43283053005443,0.5717705076231676,0.014035007204203045,0.10789027196519516,778,331.12572837957896,0.30533790588378906
779,2427.284,2012.2233333333338,7289.333333333331,100,100,1030,2.221139125950924,7.077022653721681,2.5032613277435303,-2012.2233333333338,-0.02144637134145288,29.841516719144934,0.6116301767966327,0.010317545317401014,0.1009497550480506,779,331.1461932319719,0.30533790588378906
780,2434.197,2019.2133333333318,7289.666666666663,100,100,1032,2.297508140688387,7.063630490956069,2.5891096591949463,-2019.2133333333318,-0.02932928694302545,33.008249787723315,0.5375762257505866,0.00994615298216505,0.109375,780,331.1541301952767,0.30533790588378906
781,2437.19,1910.7833333333338,7204.333333333334,100,100,1035,2.2279910141476185,6.9607085346215785,2.5170528888702393,-1910.7833333333338,-0.02041782422319931,33.240752668941724,0.6114707168410806,0.018534728360143218,0.10406918473103467,781,330.64844349283527,0.30533790588378906
782,2440.093,2024.6266666666677,7398.666666666668,100,100,1029,2.160573566347846,7.190152251376742,2.4384963512420654,-2024.6266666666677,-0.02916893604047158,37.06051955503576,0.6110894338173025,0.013482633265940583,0.10193014714647741,782,330.67668455053644,0.30533790588378906
783,2443.203,1920.3633333333332,7191.333333333333,100,100,1034,2.3428872336878492,6.954867827208252,2.6363961696624756,-1920.3633333333332,-0.030789881615954286,32.7411537731395,0.5679017471916535,0.016020122422453237,0.10551470627679545,783,330.6790817400569,0.30533790588378906
784,2446.412,1955.4133333333323,7184.333333333328,100,100,1032,2.4472725784763436,6.961563307493535,2.7397329807281494,-1955.4133333333323,-0.016718984773272976,30.575940440682803,0.6106612945304197,0.018210859626860303,0.11167279411764706,784,330.66728363115084,0.30533790588378906
785,2449.483,1957.4766666666662,7215.999999999999,100,100,1031,2.301432202826683,6.999030067895246,2.59110951423645,-1957.4766666666662,-0.011915505863726139,29.838856921476477,0.5667233414509717,0.023670301128945807,0.13261554696980646,785,330.67340316307,0.30533790588378906
786,2452.406,1987.6900000000005,7233.000000000002,100,100,1032,2.185401066103517,7.00872093023256,2.471911668777466,-1987.6900000000005,-0.03184484285028542,38.676555044510785,0.5971123365794911,0.015617922667468734,0.09926470588235294,786,330.7001276168646,0.30533790588378906
787,2455.317,2048.2400000000002,7490.666666666669,100,100,1034,2.1560793044270743,7.2443584784010335,2.445713520050049,-2048.2400000000002,-0.02039808456731193,35.55603638817282,0.6594693327651304,0.015121553736903211,0.11672794161474004,787,330.729234811499,0.30533790588378906
788,2458.125,2085.879999999999,7324.33333333333,100,100,1033,2.0717429835619794,7.09035172636334,2.359687089920044,-2085.879999999999,-0.022097254117183825,32.24810431985294,0.654716365477618,0.01646239138276809,0.09528186303727768,788,330.7716878517748,0.30533790588378906
789,2461.049,2045.3933333333316,7279.666666666666,100,100,1034,2.1750570603194186,7.040296582849773,2.4655725955963135,-2045.3933333333316,-0.019121492500690854,42.270398280199835,0.6576377977343166,0.01626032102606533,0.10937500021913472,789,330.7987179795937,0.30533790588378906
790,2467.469,2036.856666666666,7416.000000000001,100,100,1028,2.233487548458785,7.214007782101168,2.514357805252075,-2036.856666666666,-0.00852413081070956,39.255955808302936,0.6948995520086849,0.009697687606710722,0.10018382352941177,790,330.8157791056578,0.30533790588378906
791,2470.269,1818.5800000000006,7001.333333333333,100,100,1030,2.068939709751098,6.797411003236245,2.339372158050537,-1818.5800000000006,-0.04460460813168217,35.29048151128433,0.6692938278703129,0.0037882388021577805,0.10554534328334472,791,330.3972550334317,0.30533790588378906
792,2473.212,1899.7466666666678,7221.333333333333,100,100,1031,2.207127740519947,7.004203039120594,2.4871604442596436,-1899.7466666666678,-0.02396519569789662,28.953431185554056,0.6360311543240267,0.011195852284264915,0.11278886610970777,792,330.4209691657539,0.30533790588378906
793,2476.196,1958.4400000000005,7163.333333333331,100,100,1033,2.2278683435213313,6.934494998386574,2.517859935760498,-1958.4400000000005,-0.03210584575529484,42.46740077523624,0.6223996825077954,0.0076533154009238765,0.12193627458284884,793,330.4398684008157,0.30533790588378906
794,2479.029,1927.5866666666686,7197.666666666673,100,100,1032,2.0914744212817356,6.974483204134374,2.3696510791778564,-1927.5866666666686,-0.027519167756990474,22.976008583517636,0.5829825637971654,0.01730506053632673,0.09834558823529412,794,330.47858752328807,0.30533790588378906
795,2482.03,1958.563333333333,7143.666666666667,100,100,1031,2.241316683356452,6.928871645651471,2.5278332233428955,-1958.563333333333,-0.010334671913262676,34.460072966182935,0.5878640895380693,0.012229691485545653,0.11265756321303985,795,330.494436023957,0.30533790588378906
796,2484.966,2057.59,7326.666666666667,100,100,1033,2.177577055219853,7.0926105195224265,2.468160390853882,-2057.59,-0.03773454850649133,42.66554776360007,0.5852920588325051,0.014539515702327824,0.10809844776111491,796,330.5196598558434,0.30533790588378906
797,2487.912,1916.073333333333,7121.666666666665,100,100,1034,2.1844158581605746,6.887491940683429,2.4745609760284424,-1916.073333333333,-0.013082584914039163,37.811868387110096,0.5097221951274311,0.018607585214982358,0.10560661773471271,797,330.5438576787744,0.30533790588378906
798,2491.023,1915.0966666666668,7058.999999999998,100,100,1030,2.3488910698096803,6.853398058252425,2.6360995769500732,-1915.0966666666668,-0.030852726770236212,36.280522122102624,0.5480609246913124,0.00676959496237995,0.09574142186080709,798,330.54454434747583,0.30533790588378906
799,2494.165,1900.0333333333347,7103.333333333335,100,100,1035,2.3727572918982034,6.863123993558777,2.6705822944641113,-1900.0333333333347,-0.01953665153397357,38.10717694899615,0.5690867515171275,0.020090578644372085,0.14425969299148111,799,330.54306671755387,0.30533790588378906
800,2500.63,1913.9166666666663,7077.3333333333285,100,100,1029,2.249911176226309,6.877874959507608,2.5296623706817627,-1913.9166666666663,0.013148100663195638,29.28860159481273,0.5219872462398866,0.012302913922159112,0.11654411782236661,800,330.55873570775725,0.30533790588378906
801,2503.799,1924.8033333333317,7110.666666666664,100,100,1031,2.41226537338757,6.89686388619463,2.700657844543457,-1924.8033333333317,-0.012895802255062497,30.20640188104966,0.535703693242634,0.02376213812899283,0.1149553573306869,801,330.0939710342588,0.30533790588378906
802,2506.939,2019.2333333333327,7358.333333333335,100,100,1031,2.389279245439588,7.137083737471712,2.680424690246582,-2019.2333333333327,-0.04237784587723367,28.917247660019818,0.550956913653542,0.007598840426105787,0.12375262642607969,802,330.09180723631226,0.30533790588378906
803,2509.945,1960.1466666666656,7207.666666666667,100,100,1036,2.235633014448699,6.957207207207207,2.5320305824279785,-1960.1466666666656,-0.006720444625791381,30.744957755593692,0.5274237893960055,0.019887505273800343,0.10202205904266413,803,330.1092348227459,0.30533790588378906
804,2512.725,2001.5800000000008,7421.999999999999,100,100,1035,2.0447857943385985,7.171014492753622,2.328725576400757,-2001.5800000000008,-0.024396237999419954,37.12161047318403,0.5500575672177708,0.020930277943775496,0.1066594255321166,804,330.1558668205398,0.30533790588378906
805,2515.404,1918.473333333333,7280.666666666669,100,100,1031,1.9708463613207656,7.061752344002588,2.2424063682556152,-1918.473333333333,-0.03328649017631131,25.817741450141458,0.5751304670291788,0.015581809771795045,0.09880514705882353,805,330.21420699489374,0.30533790588378906
806,2518.099,2017.066666666666,7207.000000000003,100,100,1034,1.9593387801646898,6.9700193423597705,2.2413721084594727,-2017.066666666666,-0.02075425201259992,33.35063507977654,0.5585694505887873,0.006095940925126129,0.0859375,806,330.27142457444194,0.30533790588378906
807,2520.779,1920.7866666666675,7358.666666666669,100,100,1032,1.9694602711653235,7.130490956072354,2.242718458175659,-1920.7866666666675,-0.05542186055989826,43.04799124773811,0.5624641092384562,0.025899251183385357,0.12270220588235294,807,330.3296017610875,0.30533790588378906
808,2523.441,1891.273333333335,7106.666666666668,100,100,1028,1.9638012652557184,6.913099870298315,2.226196527481079,-1891.273333333335,-0.013006685082526767,25.833284237805536,0.6098895283306346,0.017067482845638606,0.11580882352941177,808,330.38858305800363,0.30533790588378906
809,2526.187,1982.5999999999997,7233.333333333333,100,100,1033,2.0093218805917537,7.002258793159084,2.2929892539978027,-1982.5999999999997,-0.017285849241649404,31.336320372188794,0.5938391703016618,0.005406303516150836,0.12928921575931943,809,330.4383289984448,0.30533790588378906
810,2532.081,2076.69,7327.333333333335,100,100,1030,1.9502681569259577,7.113915857605179,2.2253952026367188,-2076.69,-0.033242188065367585,30.83110279195449,0.4856736230499604,0.018638645723352536,0.1331188726951094,810,330.49791638794244,0.30533790588378906
811,2534.748,1957.4566666666663,7219.0,100,100,1030,1.9576746612127183,7.00873786407767,2.2274246215820312,-1957.4566666666663,-0.026105637169059587,36.613304025986615,0.49316538957988515,0.020174360929933542,0.09129901975393295,811,330.1349726985259,0.30533790588378906
812,2537.404,1910.8166666666677,7305.000000000003,100,100,1032,1.9463545557286577,7.078488372093026,2.2174782752990723,-1910.8166666666677,-0.025123782455921173,27.819838018978345,0.5080267673029619,0.01510048731613685,0.11764705882352941,812,330.19610668637205,0.30533790588378906
813,2540.121,2013.7900000000002,7314.000000000003,100,100,1029,1.9832571429463848,7.107871720116621,2.258695602416992,-2013.7900000000002,-0.034892371198272,33.86622790729298,0.5622819241355447,0.01014070533325567,0.10101102949941859,813,330.24801592457897,0.30533790588378906
814,2542.836,1972.7266666666678,7255.0,100,100,1033,1.9937814161495198,7.0232333010648595,2.274207592010498,-1972.7266666666678,-0.012467904591604191,30.86402208664838,0.5449615103356978,0.012349060425014399,0.1141748366987004,814,330.30172763213903,0.30533790588378906
815,2545.566,1989.7766666666669,7314.333333333332,100,100,1031,2.014430648322957,7.0944067248625915,2.287698268890381,-1989.7766666666669,-0.04384604496333529,30.205492412342746,0.5702767214354347,0.015000316273311482,0.11331407638157115,815,330.3524429078085,0.30533790588378906
816,2548.317,1911.8699999999992,7186.666666666663,100,100,1033,2.0245062898427957,6.957082929977409,2.3029561042785645,-1911.8699999999992,-0.029375868520754224,29.03019691916073,0.5504902688895955,0.007516848769121091,0.09293300658464432,816,330.40119946301456,0.30533790588378906
817,2551.046,1905.4666666666658,7089.333333333333,100,100,1031,2.0104441278009784,6.876172001293242,2.2856671810150146,-1905.4666666666658,-0.0352861081414363,29.360594525056726,0.6006180661566117,0.007984807550468865,0.1122636558378444,817,330.4519331177927,0.30533790588378906
818,2554.006,1945.836666666667,7331.333333333335,100,100,1028,2.1940546694840397,7.13164721141375,2.470876455307007,-1945.836666666667,-0.01968071423470974,23.58607522179099,0.5676241297932232,0.008322157369762221,0.10615808823529412,818,330.4714686495136,0.30533790588378906
819,2556.995,1967.393333333334,7153.333333333334,100,100,1029,2.245726920953935,6.951733074182054,2.526930332183838,-1967.393333333334,-0.03599524739034036,25.571516654070685,0.61794414415079,0.013462807596250273,0.1251838242306429,819,330.48750324120954,0.30533790588378906
820,2563.763,1808.5800000000004,6899.333333333333,100,100,1030,2.3219121370274682,6.698381877022653,2.6009392738342285,-1808.5800000000004,-0.01840291972107747,36.02493816263535,0.6100282686598161,0.008872084973571712,0.09757965715492473,820,330.49373838088076,0.30533790588378906
821,2566.732,1997.6066666666673,7210.333333333332,100,100,1031,2.2192546070501873,6.993533785968315,2.505838394165039,-1997.6066666666673,-0.024445251999970746,30.902903472675998,0.5877014626474941,0.009376088485998265,0.08652836172019734,821,330.03680743496375,0.30533790588378906
822,2569.678,1990.6699999999996,7396.000000000002,100,100,1029,2.1928323634634967,7.187560738581149,2.473973274230957,-1990.6699999999996,-0.03870301107492517,26.71149786780862,0.5849021594314014,0.010131955294020693,0.10882352949941859,822,330.05882509984764,0.30533790588378906
823,2572.45,1907.3000000000006,7119.333333333336,100,100,1035,2.045478358761304,6.8785829307568465,2.3308756351470947,-1907.3000000000006,0.0030019752242985893,24.06091319813448,0.569349517717081,0.018394177752163482,0.09412600275348215,823,330.10555541618675,0.30533790588378906
824,2575.202,1870.6366666666675,6961.333333333336,100,100,1032,2.0201086240835027,6.7454780361757125,2.2960093021392822,-1870.6366666666675,-0.03062990296851186,25.67477823706234,0.5927426797502181,0.012932485832339701,0.10615808823529412,824,330.1535697544307,0.30533790588378906
825,2577.929,1933.9033333333332,7249.666666666669,100,100,1031,2.0086941814906427,7.0316844487552554,2.284113645553589,-1933.9033333333332,-0.05007692996193381,23.977454970864688,0.6118933751302607,0.005992759840891641,0.11055672344039469,825,330.2042355184259,0.30533790588378906
826,2580.657,1912.2733333333335,7079.666666666667,100,100,1034,1.9905321081385117,6.846872985170858,2.2701704502105713,-1912.2733333333335,-0.040027786046266556,29.232579287360696,0.651790927438175,0.019962152539793512,0.11636029424912789,826,330.2560368764641,0.30533790588378906
827,2583.364,2027.29,7394.6666666666715,100,100,1027,2.0006151909340524,7.200259655955863,2.2684617042541504,-2027.29,-0.031707220327328235,34.10310044008143,0.6294635814778945,0.029270135989303097,0.12071078489808475,827,330.30733466394577,0.30533790588378906
828,2586.177,1972.6766666666672,7323.333333333334,100,100,1032,2.068267827907707,7.0962532299741605,2.353280544281006,-1972.6766666666672,-0.03361834739060963,24.075627158669864,0.6673065266188454,0.013789168675430119,0.08639705882352941,828,330.34705048645014,0.30533790588378906
829,2588.904,2049.146666666667,7322.999999999998,100,100,1031,2.0038032977436204,7.102812803103781,2.2828867435455322,-2049.146666666667,-0.0355587657814955,34.55241901734296,0.6087081046665416,0.011196975137435776,0.10438550438951044,829,330.39737249083595,0.30533790588378906
830,2594.897,1951.216666666667,7264.333333333334,100,100,1034,2.0265038681623655,7.025467440361058,2.3075692653656006,-1951.216666666667,0.00581133393022944,30.62341375911937,0.6379320411121144,0.012563129452139358,0.10082720592617989,830,330.44374907343496,0.30533790588378906
831,2597.643,1906.2566666666653,6973.333333333334,100,100,1033,2.003415198077061,6.750564698289772,2.28387713432312,-1906.2566666666653,-0.02676899150452193,33.765210544361786,0.6214491181513843,0.01675950101343915,0.09441380750607042,831,330.08154970887574,0.30533790588378906
832,2600.37,2042.5900000000008,7369.999999999999,100,100,1028,2.0076707193486625,7.1692607003891045,2.27984356880188,-2042.5900000000008,-0.012413625550620696,32.94838759478401,0.6107479903627845,0.010939252097159624,0.09329044117647059,832,330.1306679601424,0.30533790588378906
833,2603.138,1982.4466666666676,7305.333333333333,100,100,1035,2.015080869058372,7.05829307568438,2.299459457397461,-1982.4466666666676,-0.025334791937733397,26.531631189234115,0.6098022732664558,0.013928440810345551,0.10987633729682249,833,330.17727078284094,0.30533790588378906
834,2605.882,1941.5400000000002,7218.666666666666,100,100,1033,2.02109341781013,6.988060664730558,2.2996323108673096,-1941.5400000000002,-0.01861755896414466,32.64839231266695,0.5879070636104134,0.026096444549586845,0.09334150329232216,834,330.22598041054147,0.30533790588378906
835,2608.603,1926.313333333333,7182.333333333333,100,100,1030,1.9915763131632171,6.973139158576052,2.2635631561279297,-1926.313333333333,-1.0087319156702828e-05,29.559239668004654,0.5593829794841654,0.009497236611102433,0.09895833362551297,835,330.27637930362323,0.30533790588378906
836,2611.332,1976.97,7143.666666666668,100,100,1031,2.009591368857182,6.928871645651472,2.284578561782837,-1976.97,-0.005961535881985636,41.81904949861414,0.5647491917890661,0.02398642071399509,0.10786502194755218,836,330.3260035531409,0.30533790588378906
837,2614.086,1962.2566666666662,7190.666666666668,100,100,1035,2.012982995222336,6.947504025764896,2.299814462661743,-1962.2566666666662,-0.009533084367456682,30.613594503963697,0.546795228824896,0.012743577682960998,0.0998495992492227,837,330.3739372254392,0.30533790588378906
838,2616.81,1981.31,7161.333333333332,100,100,1029,2.0074494677687205,6.959507612568836,2.2802927494049072,-1981.31,-0.01618684165398864,34.78953005285824,0.5230626227224574,0.028764854185283184,0.09227941185235977,838,330.42324924797583,0.30533790588378906
839,2619.503,1909.7233333333338,7095.666666666666,100,100,1029,1.9825404263042687,6.895691609977324,2.2492008209228516,-1909.7233333333338,-0.010330286698744577,35.90368843078613,0.5571765531511867,0.01057499393081183,0.09145220588235294,839,330.4765149809531,0.30533790588378906
840,2625.526,1995.170000000001,7252.999999999997,100,100,1032,2.0066071695390035,7.028100775193796,2.2877752780914307,-1995.170000000001,-0.025394287289065474,40.50585774814381,0.5833835330079583,0.018994009663241312,0.08639705882352941,840,330.5265278004339,0.30533790588378906
841,2628.236,2000.926666666666,7356.333333333332,100,100,1032,1.9886991283910478,7.128229974160206,2.263618230819702,-2000.926666666666,-0.023926518912262777,36.30695421555463,0.5489975696100908,0.013378684689729092,0.09099264705882353,841,330.1637151528587,0.30533790588378906
842,2630.979,1950.959999999999,7103.9999999999945,100,100,1027,2.026867184143227,6.917234664070102,2.298067331314087,-1950.959999999999,-0.04786927841932458,32.07782358281753,0.5524998885743758,0.014526077765314019,0.08930759833139532,842,330.20974844818454,0.30533790588378906
843,2633.621,1912.4233333333323,7282.999999999998,100,100,1027,1.9400730299942028,7.091528724440115,2.2018544673919678,-1912.4233333333323,-0.04498954391216531,30.027567021987018,0.5530036945539691,0.01738137496273767,0.09558823529411764,843,330.2684519189248,0.30533790588378906
844,2636.267,1884.9766666666646,7133.66666666667,100,100,1032,1.9365144367176361,6.912467700258401,2.2065391540527344,-1884.9766666666646,-0.012148147558464724,44.93122835720287,0.5395606931518105,0.022641285877291334,0.09329044117647059,844,330.32841119534385,0.30533790588378906
845,2638.919,1972.3433333333335,7235.0,100,100,1032,1.939605812762337,7.010658914728682,2.213275671005249,-1972.3433333333335,-0.00795741324477336,24.61611270904541,0.526742061271387,0.018856907513348713,0.09650735294117647,845,330.3875637143951,0.30533790588378906
846,2641.589,2015.7866666666666,7354.000000000003,100,100,1031,1.9453265757284603,7.132880698351118,2.2183845043182373,-2015.7866666666666,-0.012844032717539984,31.74598461740157,0.532764856429661,0.023711996235172537,0.11731880289666793,846,330.4439350621911,0.30533790588378906
847,2644.217,1927.4266666666656,7083.666666666663,100,100,1028,1.9193942603566376,6.89072632944228,2.1829984188079834,-1927.4266666666656,-0.011215783929561867,36.22606002583223,0.5304314678206163,0.021495422499035213,0.1130514705882353,847,330.5043842799199,0.30533790588378906
848,2646.876,1966.9500000000003,7151.000000000001,100,100,1034,1.9424235975375215,6.915860735009672,2.222217321395874,-1966.9500000000003,-0.017769295503111446,40.22914981842041,0.5490369437371984,0.02202101973200436,0.08308823538177154,848,330.5628758765359,0.30533790588378906
849,2649.523,1749.4466666666665,6953.999999999998,100,100,1031,1.9347942802354072,6.744907856450046,2.1965160369873047,-1749.4466666666665,-0.00582924616687438,38.9712610244751,0.5552768137525109,0.017851779935881495,0.09847689113196205,849,330.62177020942033,0.30533790588378906
850,2655.356,1959.0899999999995,7223.333333333334,100,100,1035,1.9326789384473853,6.979066022544284,2.212785482406616,-1959.0899999999995,-0.019289007246056023,37.22421505871941,0.5957968419089037,0.024119389565278065,0.1166861635797164,850,330.68175304409164,0.30533790588378906
851,2658.014,1884.8466666666673,7159.666666666667,100,100,1029,1.9330107854711809,6.957887917071591,2.198364019393921,-1884.8466666666673,-0.06854518149595927,37.37571031907026,0.6326242071740767,-0.0009575846043470152,0.11976102958707248,851,330.34224383912846,0.30533790588378906
852,2660.716,1901.3833333333332,7154.999999999998,100,100,1031,1.9690160011551068,6.939864209505333,2.2422103881835938,-1901.3833333333332,-0.036531253608272356,37.00170062570011,0.6105305495507577,0.008943521835402968,0.11265756321303985,852,330.3942034169692,0.30533790588378906
853,2663.657,1960.7099999999998,7283.333333333334,100,100,1032,2.1926810089119733,7.05749354005168,2.476670026779175,-1960.7099999999998,-0.053352673811947596,36.367817878723145,0.6236923223032671,0.01831602251074989,0.10477941176470588,853,330.4167389704695,0.30533790588378906
854,2666.56,2012.3700000000015,7300.999999999999,100,100,1031,2.166947235974775,7.0814742967992235,2.4509871006011963,-2012.3700000000015,-0.03980624840101775,38.84251720765058,0.5880270319826463,0.018715077110648376,0.11462710140382543,854,330.4437740097806,0.30533790588378906
855,2669.488,2001.8099999999997,7309.000000000005,100,100,1029,2.193115356779206,7.103012633624883,2.4713284969329834,-2001.8099999999997,-0.014608820133349475,32.9763812457814,0.5955778334070655,0.01863076986388906,0.09466911764705882,855,330.46671209661986,0.30533790588378906
856,2672.601,1977.7300000000005,7188.999999999999,100,100,1029,2.3708136052398268,6.986394557823129,2.6554925441741943,-1977.7300000000005,-0.02305013029014363,27.081286318161908,0.5495573404957267,0.007719178410137401,0.09448529429295484,856,330.46680374538994,0.30533790588378906
857,2675.467,1914.0833333333335,7141.333333333336,100,100,1030,2.126280096635331,6.933333333333335,2.4029664993286133,-1914.0833333333335,0.008119868991129538,33.64028605292825,0.6251082657014623,0.013314295991543023,0.10431985337944592,857,330.49787491541974,0.30533790588378906
858,2678.371,1994.959999999999,7276.333333333336,100,100,1036,2.144017569859185,7.023487773487775,2.43418288230896,-1994.959999999999,-0.021986679776626473,26.67937744365019,0.5241840849904453,0.025526418960105407,0.09037990210687413,858,330.526279899203,0.30533790588378906
859,2681.364,1955.466666666667,7339.000000000004,100,100,1032,2.2289424444514494,7.111434108527135,2.515568256378174,-1955.466666666667,-0.02002241396728684,30.934944545521457,0.5413465447285596,0.03307436828446739,0.10386029411764706,859,330.5422083044338,0.30533790588378906
860,2688.098,1882.2833333333322,7174.333333333334,100,100,1033,2.346248304631853,6.945143594707971,2.6359493732452393,-1882.2833333333322,-0.02777898366398671,31.775937108432544,0.5210036440368961,0.026411029886837828,0.0900735294117647,860,330.54388411836777,0.30533790588378906
861,2690.946,1915.7100000000014,7038.333333333334,100,100,1032,2.1160299399716043,6.820090439276487,2.3978710174560547,-1915.7100000000014,-0.026028649936265805,26.911780581754797,0.5796520666164511,0.013589076485539623,0.08823529411764706,861,330.1325732277338,0.30533790588378906
862,2693.632,1890.413333333334,7181.000000000004,100,100,1033,1.9598531480184382,6.9515972894482125,2.2338943481445312,-1890.413333333334,-0.052461438812315464,36.88055930418127,0.5507986624451244,0.01789957087021321,0.11866830070229138,862,330.18694262257435,0.30533790588378906
863,2696.317,1895.9033333333334,7306.333333333336,100,100,1032,1.9753661826559767,7.079780361757108,2.247370481491089,-1895.9033333333334,-0.0007679234532748952,33.34772766337675,0.6171265165595448,0.025192655629807097,0.0978860294117647,863,330.24081205009287,0.30533790588378906
864,2699.003,1852.2133333333325,7079.666666666668,100,100,1033,1.97153136511455,6.853501129396581,2.2431862354278564,-1852.2133333333325,-0.02797634872224401,34.16668847027947,0.5816469534355051,0.027949740651392323,0.07873774517108412,864,330.2950804533628,0.30533790588378906
865,2701.705,2016.7433333333327,7283.666666666665,100,100,1035,1.9771601923781892,7.037359098228662,2.2611489295959473,-2016.7433333333327,-0.02418822258272592,30.225422298207004,0.5628758151741589,0.030254316975033897,0.10039271414279938,865,330.3477040378484,0.30533790588378906
866,2704.406,1944.813333333331,7140.999999999996,100,100,1028,1.9859073957444644,6.946498054474705,2.2560110092163086,-1944.813333333331,0.007150785997509956,34.860344634336585,0.5913250783787054,0.01923561082837884,0.09053308823529412,866,330.39786795336045,0.30533790588378906
867,2707.124,1938.3799999999997,7310.000000000002,100,100,1034,1.9904148931087244,7.069632495164412,2.266806125640869,-1938.3799999999997,-0.012586829033406341,29.116703370038202,0.6163256282315535,0.029609455494210124,0.11011029451208956,867,330.4481064844017,0.30533790588378906
868,2709.792,1952.1100000000015,7196.000000000005,100,100,1025,1.9711392208161513,7.020487804878053,2.231151819229126,-1952.1100000000015,0.04622176051249399,27.704332632177017,0.6185063968330402,0.019928895861513037,0.07261029411764706,868,330.5010015380669,0.30533790588378906
869,2712.51,1918.5933333333335,7173.333333333331,100,100,1041,1.9784463013949072,6.890810118475822,2.2693891525268555,-1918.5933333333335,0.00025830319260849673,38.36750400767607,0.6361198863562416,0.017128030557240194,0.09539900522898226,869,330.55367906025543,0.30533790588378906
870,2718.402,1952.79,7240.000000000002,100,100,1033,1.9770861554409431,7.0087124878993246,2.2563979625701904,-1952.79,-0.03434043136589667,32.16661066167495,0.6152338438174304,0.019538069008644122,0.08690767976291039,870,330.6058656910051,0.30533790588378906
871,2721.191,1909.073333333334,7296.000000000001,100,100,1033,2.0418625355617928,7.062923523717329,2.323505401611328,-1909.073333333334,-0.02417434746509089,29.77826951531803,0.643120646915015,0.011517369503374486,0.0717422385864398,871,330.2583510977056,0.30533790588378906
872,2723.883,1806.4899999999998,6950.333333333332,100,100,1030,1.9860177652376876,6.747896440129448,2.2507987022399902,-1806.4899999999998,0.003025181920212858,29.91978718252743,0.6700534014140859,0.0032668185098480213,0.08241421597845414,872,330.310112080941,0.30533790588378906
873,2726.596,1866.5066666666673,7063.333333333334,100,100,1035,1.9700309161573721,6.824476650563608,2.249819755554199,-1866.5066666666673,-0.023640829083674094,28.525105308083926,0.6090578182655222,0.015525933153078179,0.09266377021284665,873,330.36106108033437,0.30533790588378906
874,2729.293,1891.7266666666665,7103.333333333332,100,100,1031,1.983365371564058,6.889751050759779,2.2563419342041016,-1891.7266666666665,-0.024190032416406798,28.183002864613254,0.6427102343124502,0.017578422660281992,0.09105829850715749,874,330.4123036264127,0.30533790588378906
875,2731.998,1948.2500000000018,7161.333333333337,100,100,1032,1.9854644389936786,6.939276485788117,2.2615392208099365,-1948.2500000000018,-0.035276243517942285,37.675045630511114,0.607297164552352,0.021814607145429096,0.07674632352941177,875,330.4630252613978,0.30533790588378906
876,2734.692,1905.1300000000012,7086.999999999998,100,100,1031,1.9765068873109082,6.873908826382151,2.250499725341797,-1905.1300000000012,-0.02903990020208499,35.2904099296121,0.5510512458927491,0.04280679455191335,0.08475577787441366,876,330.51433005193377,0.30533790588378906
877,2737.396,1992.1566666666652,7338.666666666665,100,100,1032,1.9849471901516365,7.11111111111111,2.2627792358398438,-1992.1566666666652,-0.015758853789199802,47.37904514985926,0.5666587291394963,0.023270604200661182,0.08501838235294118,877,330.5649448073691,0.30533790588378906
878,2740.134,1895.473333333331,7132.666666666664,100,100,1034,1.9994408112448032,6.898130238555768,2.2794835567474365,-1895.473333333331,-0.03402242754750392,24.971235752105713,0.5322548264966291,0.021178186261642945,0.10211397071971613,878,330.6119595742824,0.30533790588378906
879,2742.823,1812.1566666666672,7097.333333333333,100,100,1025,1.9954875125209006,6.924227642276422,2.249345302581787,-1812.1566666666672,0.02664566461873405,34.45049678578096,0.5828741197200382,0.023743808276348692,0.09604779411764706,879,330.6614523311527,0.30533790588378906
880,2748.764,1859.2066666666658,7132.333333333334,100,100,1037,1.9783642239107058,6.877852780456445,2.2587788105010986,-1859.2066666666658,-0.011088220840867828,33.529379059286676,0.5982640876489527,0.02840963556595585,0.09265412959982366,880,330.71364358972085,0.30533790588378906
881,2751.458,1883.8699999999983,7143.999999999996,100,100,1032,1.9831831433653269,6.922480620155035,2.257098913192749,-1883.8699999999983,-0.03708238143692998,25.259824724758374,0.5388231636846766,0.017719929400995812,0.08547794117647059,881,330.37569242615876,0.30533790588378906
882,2754.118,2002.4233333333323,7208.666666666667,100,100,1031,1.9351598450093812,6.991917232460395,2.2049267292022705,-2002.4233333333323,-0.03554338079822414,28.782870517057532,0.5299099876600153,0.022114894643891603,0.1127232146613738,882,330.4310594391202,0.30533790588378906
883,2756.759,1928.79,7258.000000000003,100,100,1033,1.9319188785139698,7.02613746369797,2.204801321029663,-1928.79,-0.025461933082517457,35.92005505281336,0.5977617809001137,0.029244379592402017,0.08282271246699725,883,330.4892184591911,0.30533790588378906
884,2759.394,1917.8866666666677,6992.333333333336,100,100,1031,1.9289624638345986,6.782088587132236,2.1984400749206543,-1917.8866666666677,-0.0024888936211081114,24.7280813665951,0.5968668653684504,0.018539438154274487,0.10484506321303985,884,330.5471857285112,0.30533790588378906
885,2762.019,1798.3399999999997,6998.666666666666,100,100,1031,1.9078501443731826,6.7882314904623335,2.1726913452148438,-1798.3399999999997,-0.016723203746711508,32.73945488649256,0.5754180541809868,0.018791626104811096,0.09716386610970777,885,330.60630571584255,0.30533790588378906
886,2764.677,1852.5400000000018,7037.333333333333,100,100,1030,1.945773107610028,6.832362459546926,2.21201753616333,-1852.5400000000018,0.0028591023429351695,28.459433948292453,0.5865435074357426,0.027554689947625294,0.10125612774316002,886,330.6610647772851,0.30533790588378906
887,2767.328,1882.2333333333338,7055.333333333331,100,100,1032,1.9426069768595098,6.836563307493538,2.2137959003448486,-1882.2333333333338,-0.017403097275425407,33.05142312891343,0.5619865007260266,0.005905612404389745,0.08272058823529412,887,330.7171813683912,0.30533790588378906
888,2769.981,1861.813333333333,7240.666666666661,100,100,1033,1.9431897396914164,7.00935785737334,2.2135305404663086,-1861.813333333333,-0.02712103116380818,30.617448133580826,0.5293583002160577,0.019839187679976663,0.1154513889375855,888,330.7733809220209,0.30533790588378906
889,2772.635,1992.8466666666673,7272.333333333331,100,100,1034,1.9403537710573762,7.033204384268212,2.2168686389923096,-1992.8466666666673,-0.014261736260617481,33.88842840755687,0.5173856738735648,0.023504181737628055,0.11691176496884402,889,330.8296435978289,0.30533790588378906
890,2778.38,1997.2500000000007,7194.333333333334,100,100,1028,1.9241847276346982,6.998378728923477,2.1876885890960693,-1997.2500000000007,-0.00013657314155031652,38.20005753461052,0.4856552621897529,0.030657979002331987,0.1130514705882353,890,330.88696522273386,0.30533790588378906
891,2781.172,1939.1866666666654,7259.333333333331,100,100,1032,2.017178197523088,7.034237726098189,2.29437518119812,-1939.1866666666654,-0.024219102664467168,28.28305653964772,0.5248627049081466,0.006329648970516727,0.09650735294117647,891,330.55494536493717,0.30533790588378906
892,2784.365,1913.0433333333326,7113.666666666662,100,100,1035,2.412289660648951,6.873107890499191,2.7093517780303955,-1913.0433333333326,-0.026748549795764333,25.55164555942311,0.5550108955186956,0.012652428991928259,0.0990975937422584,892,330.5475940487585,0.30533790588378906
893,2787.449,1820.9500000000003,6988.66666666667,100,100,1036,2.307882915321975,6.745817245817249,2.601916551589966,-1820.9500000000003,-0.012541489374330816,25.889078869539148,0.6240223190363716,0.034807830525096506,0.11044730399461354,893,330.5535339951996,0.30533790588378906
894,2790.399,1919.1866666666674,7230.666666666666,100,100,1033,2.1853587591961126,6.999677315262987,2.467893600463867,-1919.1866666666674,-0.017066799158997396,20.10450626822079,0.5975125694976133,0.030982007135582322,0.1325061275240253,894,330.5741772077028,0.30533790588378906
895,2793.482,1859.1233333333325,7113.0,100,100,1030,2.3148170850935927,6.905825242718446,2.594109058380127,-1859.1233333333325,-0.013481024324017413,26.748079720665427,0.629775171770769,0.018292832065044957,0.08854166681275648,895,330.5780601754415,0.30533790588378906
896,2796.632,1842.8300000000008,6999.000000000002,100,100,1033,2.3930465633731193,6.775411423039692,2.6843717098236084,-1842.8300000000008,-0.01864331604584175,29.721186132992017,0.5902523994445801,0.01737985001048347,0.13679534372161417,896,330.57514723484996,0.30533790588378906
897,2799.728,1931.4566666666658,7099.333333333333,100,100,1029,2.3472283778357363,6.899254940071266,2.62899112701416,-1931.4566666666658,-0.02026040983550689,28.14580749062931,0.6269879937171936,0.021760339068029735,0.09227941185235977,897,330.5771541740789,0.30533790588378906
898,2802.617,1902.0999999999997,7220.666666666667,100,100,1033,2.1420947716923906,6.9899967731526305,2.4219090938568115,-1902.0999999999997,-0.02764976295806906,24.221580673666562,0.6474823075182298,0.010423600896234241,0.10539215715492473,898,330.60506346053734,0.30533790588378906
899,2805.614,1804.1600000000017,7001.000000000006,100,100,1031,2.2481249281314537,6.79049466537343,2.5248935222625732,-1804.1600000000017,-0.010031839668312493,25.86398879219504,0.6364266609444338,0.004209313877200817,0.09887079850715749,899,330.61927614152313,0.30533790588378906
900,2812.531,1943.073333333335,7243.333333333336,100,100,1037,2.411124880471435,6.984892317582773,2.7138140201568604,-1943.073333333335,-0.028013826950508004,28.728105488945456,0.6458412741913515,0.0014575446051928926,0.11739960444324157,900,330.61182277650613,0.30533790588378906
901,2815.483,1987.5866666666657,7241.666666666666,100,100,1027,2.2179239525658305,7.051282051282051,2.4912610054016113,-1987.5866666666657,-0.04183512860361267,28.98169921426212,0.6652010416283327,0.013960137412034194,0.11090686303727768,901,330.19340813789245,0.30533790588378906
902,2818.348,1891.33,7188.333333333331,100,100,1037,2.1227405009352984,6.9318547090967515,2.411916732788086,-1891.33,-0.014637637582114515,28.153164190404556,0.6176009108038509,0.019145550822620008,0.1114960409262601,902,330.22574601943467,0.30533790588378906
903,2821.139,1889.3599999999994,7216.000000000001,100,100,1034,2.055312283481228,6.97872340425532,2.333463191986084,-1889.3599999999994,-0.04665378963246065,26.55998462789199,0.6196293410132913,0.007990072861395995,0.08933823533794459,903,330.2656432598147,0.30533790588378906
904,2824.042,1887.5633333333358,7006.333333333335,100,100,1027,2.168458129801654,6.822135670236937,2.4368720054626465,-1887.5633333333358,-0.035635070026140005,31.954466903910916,0.5318443161599776,0.01674932865631383,0.11213235294117647,904,330.289756261731,0.30533790588378906
905,2827.047,1901.9299999999992,7171.666666666665,100,100,1034,2.25241808693611,6.935847840103158,2.5400733947753906,-1901.9299999999992,-0.010971001842442681,27.921680646784164,0.5645272635361728,0.01838382614625837,0.1051470589111833,905,330.3043378511897,0.30533790588378906
906,2829.984,1820.6966666666672,7079.999999999996,100,100,1028,2.206166536553585,6.887159533073927,2.478196620941162,-1820.6966666666672,-0.027215969310525584,31.003638435812558,0.6138227301485398,0.015072949771659778,0.11167279411764706,906,330.32483484421704,0.30533790588378906
907,2832.782,1930.2999999999995,7166.333333333332,100,100,1031,2.0656625582826633,6.950856773359197,2.342045307159424,-1930.2999999999995,-0.037461264168514925,30.915785116307877,0.5709500637124566,0.014408678710049786,0.10353203819078557,907,330.36268552319996,0.30533790588378906
908,2835.661,1871.6266666666663,7072.666666666666,100,100,1029,2.147378622842962,6.873339812115321,2.4183456897735596,-1871.6266666666663,-0.012848036637639297,29.195889164419736,0.531639014096821,0.041095181402531177,0.12343750017530777,908,330.38999069966405,0.30533790588378906
909,2838.691,1831.033333333334,6946.333333333335,100,100,1030,2.2851831057036605,6.744012944983821,2.566035270690918,-1831.033333333334,-0.015180890393607756,24.263443441951978,0.5368966497480869,0.027425950687542996,0.09283088235294118,909,330.4001873434657,0.30533790588378906
910,2845.527,1890.46,7066.999999999999,100,100,1032,2.3221738365534765,6.847868217054263,2.6105716228485107,-1890.46,-0.01373390294611454,21.619155575247373,0.5064186155796051,0.029865260417436194,0.12729779411764705,910,330.4048125726448,0.30533790588378906
911,2848.492,1839.92,7069.333333333332,100,100,1031,2.2144081467576506,6.856773359198188,2.4936256408691406,-1839.92,-0.007781853132388171,33.24306044859045,0.6092218274579329,0.03141777160550084,0.1429227963089943,911,329.9875828944809,0.30533790588378906
912,2851.404,1883.3933333333327,7130.0,100,100,1032,2.166218994060791,6.908914728682171,2.446671962738037,-1883.3933333333327,-0.01948302721276003,35.50566437665154,0.5726712188299965,0.01876893493702964,0.09558823529411764,912,330.01248258245306,0.30533790588378906
913,2854.495,1850.8366666666664,7106.33333333333,100,100,1034,2.3050837524323518,6.87266279819471,2.5973448753356934,-1850.8366666666664,-0.011038354926687829,28.397396816926843,0.5917651495512795,0.012702972703503774,0.09705882366089259,913,330.01734313489993,0.30533790588378906
914,2857.636,1843.4299999999996,7047.0,100,100,1030,2.3845674727763075,6.841747572815534,2.6673882007598877,-1843.4299999999996,-0.010700424147002837,26.203098493463852,0.5657966811867321,0.017776688981993014,0.10723039244904238,914,330.01512748436465,0.30533790588378906
915,2860.634,2018.6566666666672,7361.000000000003,100,100,1030,2.249979904798556,7.1466019417475755,2.531388521194458,-2018.6566666666672,-0.02419424826717552,30.356523878434125,0.6165398201521706,0.021559489829301396,0.10386029411764706,915,330.02930241760987,0.30533790588378906
916,2863.588,1886.8133333333337,7186.333333333334,100,100,1036,2.193715445145346,6.936615186615187,2.4851417541503906,-1886.8133333333337,-0.017199643723228398,29.023827216204474,0.5845601611277637,0.023679875309907776,0.11060049034216825,916,330.05066719678723,0.30533790588378906
917,2866.656,2049.9599999999996,7296.666666666667,100,100,1034,2.3004670223902113,7.056737588652482,2.5989108085632324,-2049.9599999999996,-0.013784445822238922,40.711157237782196,0.5651899418410133,0.023390895690467647,0.09696691198384061,917,330.0580321061534,0.30533790588378906
918,2869.736,1943.6166666666672,7203.000000000004,100,100,1031,2.3219267713270946,6.986420950533466,2.608621120452881,-1943.6166666666672,-0.0255225352011621,30.856052987715778,0.5995417219751021,0.010169912389863063,0.09204306760255028,918,330.0630764366702,0.30533790588378906
919,2872.52,1842.4133333333332,6924.000000000003,100,100,1028,2.0687281114913536,6.735408560311287,2.336461067199707,-1842.4133333333332,-0.038553327869843036,27.27743466461406,0.6124279437696233,0.005048804639099056,0.09191176470588236,919,330.1010614095615,0.30533790588378906
920,2878.367,1947.2000000000003,7189.000000000001,100,100,1031,1.9622866140414756,6.972841901066926,2.2357044219970703,-1947.2000000000003,-0.015053016215781955,32.5097355001113,0.5656804074259365,0.016847634105943143,0.09716386610970777,920,330.15160978483874,0.30533790588378906
921,2881.064,1950.2266666666665,7152.333333333333,100,100,1029,1.9650717188520004,6.950761256883705,2.2334775924682617,-1950.2266666666665,-0.008324811015935504,34.933086816002344,0.5883752949097577,0.012350422619526987,0.07766544117647059,921,329.83716833184343,0.30533790588378906
922,2883.751,1910.063333333333,7159.666666666663,100,100,1033,1.960995448063536,6.930945466279442,2.236504077911377,-1910.063333333333,-0.008454054977525683,27.099665080799777,0.5493389587191975,0.008458320797859308,0.09477124187876196,922,329.8880748092384,0.30533790588378906
923,2886.469,1893.39,7110.666666666666,100,100,1031,2.0021167788139675,6.896863886194632,2.2760531902313232,-1893.39,-0.01957106699838358,27.175927975598505,0.5073008449638591,0.020906049456885633,0.10799632352941177,923,329.9345763195461,0.30533790588378906
924,2889.161,1892.0600000000009,7158.666666666665,100,100,1034,1.9582388784089693,6.923275306254028,2.2331390380859375,-1892.0600000000009,-0.02006621039746439,26.089905710781323,0.5034605141948251,0.02897112050970249,0.12270220588235294,924,329.9851849610414,0.30533790588378906
925,2891.856,1914.9633333333325,7241.333333333333,100,100,1034,1.9753953565598412,7.003223726627982,2.2536537647247314,-1914.9633333333325,-0.038265709272202325,33.16539814892937,0.5223599339232725,0.033021463225047815,0.10863970592617989,925,330.035144017449,0.30533790588378906
926,2894.544,1922.7866666666669,7107.333333333333,100,100,1029,1.9596012637735978,6.90702947845805,2.2286388874053955,-1922.7866666666669,-0.0017986845992067281,34.501831222982965,0.5022562575690886,0.009818261845366043,0.11626838235294118,926,330.08411027986847,0.30533790588378906
927,2897.217,1897.9633333333331,6988.333333333335,100,100,1034,1.9531658617779613,6.758542875564154,2.2298834323883057,-1897.9633333333331,-0.026378195623264593,40.87494628569659,0.5213190264561597,0.012970896992448936,0.09209558827912107,927,330.13647571362594,0.30533790588378906
928,2899.932,1938.6233333333337,7114.333333333332,100,100,1030,1.9916651446091969,6.907119741100322,2.2646567821502686,-1938.6233333333337,-0.05363197964342201,38.5873919655295,0.4911425920093761,0.02142734136021532,0.10845588235294118,928,330.1825911981702,0.30533790588378906
929,2902.974,1948.6033333333328,7264.000000000001,100,100,1032,2.291294572267559,7.038759689922482,2.5806069374084473,-1948.6033333333328,-0.01224315062384395,24.07298548081342,0.4850403482423109,0.017072173355914214,0.09283088235294118,929,330.19205398838375,0.30533790588378906
930,2909.385,1979.9333333333323,7371.333333333333,100,100,1029,2.133350825458548,7.163589245221898,2.4092330932617188,-1979.9333333333323,-0.02166713511242586,37.03485853531782,0.48761715608484607,0.01367213494171772,0.13897058849825578,930,330.21843454351267,0.30533790588378906
931,2912.495,1824.996666666666,7132.666666666669,100,100,1039,2.314590664779457,6.864934231632983,2.614008665084839,-1824.996666666666,-0.00834211296237567,31.214597814223346,0.45693421451484456,0.019741987504804617,0.08137254964779406,931,329.82268145654433,0.30533790588378906
932,2915.653,1956.1766666666676,7244.000000000002,100,100,1034,2.3718325921552297,7.0058027079303695,2.6706795692443848,-1956.1766666666676,-0.017338855465983644,33.375945932724896,0.4836590018342523,0.020596201743875796,0.10110294117647059,932,329.82009430933203,0.30533790588378906
933,2918.637,1798.4133333333332,7012.333333333335,100,100,1034,2.2274473910823436,6.781753707285624,2.5156197547912598,-1798.4133333333332,0.002313657828113612,25.43694751402911,0.4898106096421971,0.018977506647763008,0.09062500013148084,933,329.8371499343826,0.30533790588378906
934,2921.575,1985.4500000000003,7309.000000000002,100,100,1033,2.182512487972738,7.075508228460795,2.469242572784424,-1985.4500000000003,-0.0072856858263120935,37.23929461310892,0.5290458246189005,0.009864002036492285,0.0763888889375855,934,329.85911615669556,0.30533790588378906
935,2924.589,1913.0733333333337,7119.999999999999,100,100,1031,2.2692627556464853,6.90591658583899,2.55081844329834,-1913.0733333333337,-0.016256294158451697,31.539405948975507,0.5288322489051258,0.011081984208431095,0.0818014705882353,935,329.871665778709,0.30533790588378906
936,2927.66,1978.4533333333331,7409.0,100,100,1032,2.310825485755083,7.179263565891473,2.5976157188415527,-1978.4533333333331,-0.01648142928367152,25.265706314760095,0.4774237459196764,0.02998916555524749,0.12683823529411764,936,329.87811453667734,0.30533790588378906
937,2930.65,1990.573333333333,7285.333333333335,100,100,1030,2.221243106421011,7.073139158576053,2.5073001384735107,-1990.573333333333,-0.03221002149888698,29.86340393739588,0.5086916614981258,0.008045176941189258,0.08210784328334472,937,329.89300324764343,0.30533790588378906
938,2933.399,1945.1999999999994,7298.333333333333,100,100,1037,2.014434718699334,7.037929926068788,2.300661325454712,-1945.1999999999994,-0.015771516270058995,32.53179970909567,0.5384655664948856,0.01137484794975642,0.09915865431813632,938,329.9374236167167,0.30533790588378906
939,2936.135,1967.8633333333332,7214.333333333331,100,100,1033,1.9951174244156606,6.983865763149401,2.2721660137176514,-1967.8633333333332,0.005993935224764487,24.85116139580222,0.5720780290224973,0.012342728917514357,0.11090686281814295,939,329.98176369490267,0.30533790588378906
940,2942.098,1832.966666666667,6980.0,100,100,1033,1.9930726038255988,6.75701839303001,2.269777774810791,-1832.966666666667,-0.006023350829148994,27.550249408273135,0.5596120348748039,0.01877529571955914,0.09298406891963061,940,330.0280760962053,0.30533790588378906
941,2944.855,1866.446666666667,7005.666666666669,100,100,1030,2.0225716498228317,6.801618122977349,2.294443368911743,-1866.446666666667,-0.00765870270483634,30.366186198066263,0.6119607923661962,0.013897539883413735,0.07215073529411764,941,329.70517093373,0.30533790588378906
942,2947.622,1993.9800000000002,7177.000000000002,100,100,1032,2.0146029078592944,6.954457364341087,2.297286033630371,-1993.9800000000002,-0.0031280917498995274,37.83512171577005,0.4851939327576581,0.026457632035838768,0.11259191176470588,942,329.7457665432877,0.30533790588378906
943,2950.349,2027.5933333333337,7403.333333333335,100,100,1032,2.0000630798578163,7.173772609819123,2.2814438343048096,-2027.5933333333337,-0.01957046311786946,37.84505945093491,0.5418378561735153,0.01242596045588417,0.10248161764705882,943,329.7908453354386,0.30533790588378906
944,2953.105,1877.4800000000012,6990.666666666668,100,100,1034,2.0136153788172515,6.760799484203741,2.2937543392181396,-1877.4800000000012,-0.03586070738075411,25.45275421703563,0.5182345676071504,0.012302688795470577,0.09090073538177154,944,329.8332040807077,0.30533790588378906
945,2955.84,1887.6999999999998,7061.000000000004,100,100,1036,2.000656370864642,6.815637065637069,2.285003900527954,-1887.6999999999998,-0.011762991492800853,28.85916847341201,0.5274741412962184,0.004462982596391264,0.08517156870049589,945,329.87844269450915,0.30533790588378906
946,2958.554,1933.0633333333344,7155.333333333335,100,100,1030,1.9937888355202322,6.946925566343044,2.263273239135742,-1933.0633333333344,-0.0057799783535301685,52.36720309538,0.5484588251394384,0.008161572691546205,0.07628676470588236,946,329.92399136248184,0.30533790588378906
947,2961.301,1986.583333333333,7277.999999999999,100,100,1033,2.0110426890543893,7.045498547918682,2.294454574584961,-1986.583333333333,-0.014426014276550096,29.24695106113658,0.5773040520794251,0.006930096728918964,0.07965686303727768,947,329.96682134029555,0.30533790588378906
948,2964.05,1934.9066666666668,7173.33333333333,100,100,1035,2.017360483408694,6.930756843800319,2.299839735031128,-1934.9066666666668,-0.04293965455144644,31.755470331977396,0.5870117913274204,0.015935957623536095,0.09625668473103467,948,330.0101053701004,0.30533790588378906
949,2966.802,1983.9233333333323,7115.666666666665,100,100,1033,2.0211785082819818,6.888351080993868,2.3030595779418945,-1983.9233333333323,-0.021950208308065638,28.37397221957936,0.5771739316337249,0.009130561912624055,0.07679738564526334,949,330.0520152059821,0.30533790588378906
950,2972.803,1939.970000000001,7168.000000000004,100,100,1034,2.0195704071270932,6.932301740812383,2.3012325763702393,-1939.970000000001,-0.030499717604149792,28.4553461635814,0.5196813476436278,0.0072161676978473276,0.11360294130795143,950,330.09411736645075,0.30533790588378906
951,2975.563,1770.4199999999996,6934.000000000001,100,100,1036,2.011498746360584,6.693050193050194,2.2939889430999756,-1770.4199999999996,-0.027311484877239254,37.83956853081198,0.4723988192922929,0.011933346665875219,0.10217524539021884,951,329.77588592599653,0.30533790588378906
952,2978.295,1812.12,7019.333333333333,100,100,1036,2.0044114856223816,6.775418275418275,2.2848803997039795,-1812.12,-0.011004547314608799,33.684864549075854,0.49569694434895234,0.014507966184550348,0.08440563740099177,952,329.8212047180097,0.30533790588378906
953,2980.987,1861.6366666666665,7011.666666666666,100,100,1028,1.9784160538174298,6.820687418936446,2.2413060665130615,-1861.6366666666665,-0.03274499800275354,27.87272628615884,0.5310166241491542,0.012489343342809555,0.07904411764705882,953,329.8683817437641,0.30533790588378906
954,2983.699,1864.9099999999994,7171.666666666668,100,100,1032,1.9892091083822252,6.949289405684755,2.2626795768737793,-1864.9099999999994,-0.019131368902676246,26.740811179665958,0.46882155274643617,0.01325509393834235,0.10294117647058823,954,329.9144450487849,0.30533790588378906
955,2986.431,1838.3933333333337,7170.333333333333,100,100,1032,2.0034975744964365,6.947997416020671,2.274841785430908,-1838.3933333333337,-0.030335338786244392,32.63061534657198,0.484203989014906,0.00925470786237651,0.07261029411764706,955,329.9582027966771,0.30533790588378906
956,2989.188,1801.7633333333326,7167.000000000002,100,100,1035,1.9984557501440823,6.924637681159422,2.274798631668091,-1801.7633333333326,-0.023971622097579873,31.981059971977682,0.4598224198116976,0.009570738372584695,0.06755514705882353,956,330.0000226294398,0.30533790588378906
957,2991.961,2016.8833333333332,7236.333333333333,100,100,1033,2.0052052266618086,7.005162955792191,2.288083076477051,-2016.8833333333332,-0.03309643317890518,30.653710757984836,0.5416685351554085,0.005197642069748219,0.08328227129052668,957,330.0394320746915,0.30533790588378906
958,2994.633,1854.0633333333326,7034.333333333329,100,100,1035,1.9433309173364426,6.796457326892106,2.2189974784851074,-1854.0633333333326,-0.000872980967602309,41.16745999280144,0.5217456133926616,0.010722437760491362,0.07703877021284665,958,330.0905562034284,0.30533790588378906
959,2997.316,1898.38,7056.000000000005,100,100,1030,1.9691121363243793,6.850485436893209,2.2385799884796143,-1898.38,-0.00848629287279704,38.19486556333654,0.5247432624592501,0.010131529498133151,0.06939338235294118,959,330.13865755944704,0.30533790588378906
960,3003.144,1821.8199999999977,7067.3333333333285,100,100,1032,1.9475171522304142,6.84819121447028,2.2167091369628906,-1821.8199999999977,-0.02516832608072197,25.736907930935132,0.5029323320178425,0.009690435236895127,0.08731617647058823,960,330.18978596022487,0.30533790588378906
961,3005.823,1945.3366666666666,7294.333333333334,100,100,1033,1.955164083219264,7.061310100032269,2.2297861576080322,-1945.3366666666666,-0.019241784534910145,28.562031802009134,0.5851305775782641,0.009848216226707925,0.07536764705882353,961,329.89135756172357,0.30533790588378906
962,3008.466,1883.2633333333322,7218.66666666667,100,100,1031,1.9258053357478964,7.001616553507924,2.194060802459717,-1883.2633333333322,-0.013332069358404945,27.915762620813705,0.5824839735732359,0.014873131614876911,0.06492909701431498,962,329.9442177100048,0.30533790588378906
963,3011.143,1920.0766666666668,7209.666666666666,100,100,1034,1.9502832675424748,6.972598323662153,2.2270686626434326,-1920.0766666666668,-0.031463008921812564,23.551846083472757,0.5995721632943434,-0.00022821305730544468,0.07527573538177154,963,329.99434127899264,0.30533790588378906
964,3013.796,1848.0599999999997,7057.999999999998,100,100,1035,1.9281277299188258,6.819323671497583,2.2049219608306885,-1848.0599999999997,-0.02023586302119143,28.157543518963983,0.6250942568568623,0.015368076438522515,0.08927974630804623,964,330.04720552674377,0.30533790588378906
965,3016.474,1958.8266666666666,7289.66666666667,100,100,1034,1.9525365570264668,7.049967762733723,2.2316195964813232,-1958.8266666666666,-0.025163472027463073,29.123295166913202,0.5700173763667836,0.015527077481451938,0.07224264719030436,965,330.0970257685934,0.30533790588378906
966,3019.151,1807.6299999999994,7003.666666666663,100,100,1033,1.9520585653295475,6.779929009357854,2.22039532661438,-1807.6299999999994,-0.022605540230870247,25.483399447272806,0.6061784274437848,0.0170319282093688,0.08609068656668943,966,330.1464645409524,0.30533790588378906
967,3021.963,1898.1533333333336,7093.6666666666715,100,100,1032,2.0551554269388377,6.873708010335922,2.333291530609131,-1898.1533333333336,-0.022085685502080357,39.53841445025276,0.6381376122727114,0.009352797186960849,0.06571691176470588,967,330.1807502372204,0.30533790588378906
968,3025.102,1923.1233333333312,7047.66666666666,100,100,1035,2.3567874409744274,6.809339774557159,2.6533281803131104,-1923.1233333333312,-0.010963084011831704,27.66778777627384,0.6714761458775577,0.009412968798321398,0.0778743317898582,968,330.18023980792753,0.30533790588378906
969,3028.122,1861.1433333333323,7116.666666666667,100,100,1027,2.2836345651013796,6.9295683219733855,2.5518696308135986,-1861.1433333333323,-0.006789499318555874,29.77736776015338,0.6570250558502534,0.020144051420228445,0.08792892186080709,969,330.1900989663511,0.30533790588378906
970,3034.618,1869.1200000000015,7021.333333333338,100,100,1035,2.2022274393669288,6.783896940418684,2.493171215057373,-1869.1200000000015,-0.01233104320571703,30.85406841951258,0.6606448906309464,0.008953593291260083,0.067388034918729,970,330.20890366024366,0.30533790588378906
971,3037.653,1817.3666666666663,7060.000000000002,100,100,1032,2.2737863360788646,6.841085271317831,2.557870388031006,-1817.3666666666663,-0.025461858686278847,32.30599644604851,0.6521211862564087,0.006299038256710286,0.06709558823529412,971,329.83459582249935,0.30533790588378906
972,3040.72,2040.6400000000003,7487.333333333335,100,100,1032,2.3089768415788017,7.255167958656332,2.59751558303833,-2040.6400000000003,-0.02655265463844818,36.32480924269732,0.7014490260797388,0.0057576329940382176,0.06709558823529412,972,329.84132731131604,0.30533790588378906
973,3043.647,1771.3966666666663,6959.999999999998,100,100,1038,2.1694514475159905,6.705202312138726,2.4581127166748047,-1771.3966666666663,-0.01393454521894455,30.257146077997543,0.6901716362027561,0.00847182741306503,0.06551995807710816,973,329.8650804453729,0.30533790588378906
974,3046.673,1988.7533333333342,7362.666666666671,100,100,1035,2.2631803858161406,7.113687600644126,2.5548768043518066,-1988.7533333333342,-0.01374870998894467,32.11662017597872,0.6306347395567333,0.014728912296157111,0.08439171138931723,974,329.87725342467394,0.30533790588378906
975,3049.748,1859.3999999999992,7085.333333333334,100,100,1032,2.3169951543190277,6.865633074935401,2.6020193099975586,-1859.3999999999992,-0.02218968322610154,26.722423833959244,0.6636064070112565,0.001477903316673987,0.07077205882352941,975,329.88299751553785,0.30533790588378906
976,3052.619,1921.0666666666655,7155.666666666665,100,100,1035,2.1260123679657346,6.913687600644121,2.4117207527160645,-1921.0666666666655,-0.005225587471881334,30.628765050102682,0.6498066519989687,0.004688878646394347,0.062416443929952735,976,329.91175074450905,0.30533790588378906
977,3055.326,1905.0666666666657,7182.9999999999945,100,100,1040,1.9689697101757002,6.906730769230764,2.258010149002075,-1905.0666666666657,-0.029252376078682786,39.32026591020472,0.6625332323943868,0.0052481870139565534,0.0744485294117647,977,329.95993317029684,0.30533790588378906
978,3058.01,1927.323333333334,7103.333333333335,100,100,1028,1.9733575864646091,6.909857328145267,2.2387449741363525,-1927.323333333334,-0.034714330864303256,23.69823457213009,0.6169909405357697,0.015481993631350206,0.09237132352941177,978,330.00639390850665,0.30533790588378906
979,3060.686,1883.8633333333328,7190.999999999998,100,100,1034,1.9519530954803168,6.954545454545452,2.225013256072998,-1883.8633333333328,-0.03478427165571381,23.393453485825482,0.5931057035923004,0.011568455265232307,0.08143382388002732,979,330.05577042008287,0.30533790588378906
980,3066.596,1758.9166666666674,6876.000000000001,100,100,1037,1.9717278672299612,6.6306653809064615,2.2486443519592285,-1758.9166666666674,-0.02456473745405674,30.199228342841653,0.660411066868726,0.017338991541798937,0.07671097293496132,980,330.1040291153668,0.30533790588378906
981,3069.299,1750.6199999999997,7134.000000000003,100,100,1034,1.9788836559994107,6.899419729206966,2.2484934329986572,-1750.6199999999997,-0.04891187927740462,26.148137485279758,0.6251853397663902,0.01676484357278027,0.07637867660206907,981,329.8042519852696,0.30533790588378906
982,3071.99,2009.436666666666,7243.666666666668,100,100,1032,1.9615877914024056,7.019056847545221,2.2403502464294434,-2009.436666666666,0.011872446986244005,46.50683655458338,0.6487868796376621,0.019770677427432555,0.06066176470588235,982,329.8514252093812,0.30533790588378906
983,3074.683,1936.0433333333337,7134.333333333334,100,100,1028,1.9767754858428548,6.940012970168612,2.245485544204712,-1936.0433333333337,-0.012758505037602256,26.55825204708997,0.6507226474144879,0.008815549861858873,0.07766544117647059,983,329.89680330000556,0.30533790588378906
984,3077.366,1767.990000000001,6923.666666666665,100,100,1033,1.9667152948055455,6.7024846724749905,2.2364461421966553,-1767.990000000001,-0.013202258988338359,29.39552360422471,0.6856968315208659,0.0071319851284737095,0.06255106211585157,984,329.9448071836684,0.30533790588378906
985,3080.083,1841.4400000000005,7048.33333333333,100,100,1031,1.9779395728501212,6.836404784998381,2.2474312782287598,-1841.4400000000005,-0.024554090656559256,21.08700606402229,0.7245037853717804,0.006329457522096003,0.06906512642607969,985,329.9885534282957,0.30533790588378906
986,3082.809,1872.7666666666657,7107.33333333333,100,100,1033,2.0025711516071643,6.8802839625685674,2.278573751449585,-1872.7666666666657,-0.003160659169011256,30.147061361986047,0.6619879279066535,0.018048048471374548,0.09385212423170314,986,330.0318192620694,0.30533790588378906
987,3085.482,1781.1133333333325,7020.666666666665,100,100,1031,1.9576342398830113,6.809569996766892,2.2223703861236572,-1781.1133333333325,-0.009473130106925964,31.69554578556734,0.7068972359685337,0.010687075692283757,0.06853991615421631,987,330.08001865786593,0.30533790588378906
988,3088.177,1794.7666666666669,7071.999999999999,100,100,1035,1.967856231716952,6.832850241545893,2.241866111755371,-1794.7666666666669,-0.02205687920179437,29.34575131360222,0.6939351181773579,0.019620124096571302,0.07595254042569329,988,330.12728456596756,0.30533790588378906
989,3090.899,1895.9166666666663,7236.666666666668,100,100,1039,1.9718576506133387,6.965030478023742,2.2565560340881348,-1895.9166666666663,-0.019800817100879026,32.26166399787454,0.6522121420677971,0.01969429383547429,0.06976102971855332,989,330.17262017923406,0.30533790588378906
990,3096.84,1865.9700000000005,7147.333333333334,100,100,1032,1.9656916659067263,6.925710594315246,2.236513376235962,-1865.9700000000005,-0.002400678472922129,25.80631222444422,0.6525693053708357,0.003838886143913602,0.06939338235294118,990,330.2162605399578,0.30533790588378906
991,3099.539,1892.0399999999995,7113.999999999999,100,100,1035,1.9540115015509263,6.87342995169082,2.2315139770507812,-1892.0399999999995,-0.021109505720874843,26.550721757552203,0.651599142481299,0.007667065817205345,0.06011864981230568,991,329.91905225639323,0.30533790588378906
992,3102.204,1872.2033333333345,7119.666666666672,100,100,1031,1.9459753644144095,6.905593275137413,2.2154200077056885,-1872.2033333333345,-0.019216528381494916,24.99057980144725,0.6442641098709667,0.012372782268999693,0.09342174407313852,992,329.9680308160512,0.30533790588378906
993,3104.872,1898.3366666666664,7150.0,100,100,1032,1.9542768415083474,6.928294573643411,2.2241599559783936,-1898.3366666666664,-0.034640138585339576,32.03428414288689,0.6561639904975891,0.007909320195561604,0.06204044117647059,993,330.0168528960921,0.30533790588378906
994,3107.585,1858.0866666666664,7082.666666666666,100,100,1034,1.9702792063632861,6.849774339136041,2.246494770050049,-1858.0866666666664,-0.004478289855315405,30.423559132744284,0.5780265839660869,0.010522058966350467,0.0921875003944425,994,330.0614844341465,0.30533790588378906
995,3110.306,1821.6333333333334,7161.999999999999,100,100,1034,1.9849708882057806,6.926499032882011,2.2628445625305176,-1821.6333333333334,-0.03940740665968727,26.14964703952565,0.6436114644303041,0.014671245083103286,0.05974264705882353,995,330.1051847846384,0.30533790588378906
996,3112.987,2009.3999999999994,7376.999999999998,100,100,1035,1.95133990286467,7.127536231884056,2.233438730239868,-2009.3999999999994,-0.025351805831579602,40.24017053491929,0.5640694753212088,0.021496529613881755,0.08263703216524686,996,330.1533078844428,0.30533790588378906
997,3115.636,1944.3533333333337,7226.0,100,100,1034,1.9276491275131054,6.988394584139265,2.2032487392425537,-1944.3533333333337,-0.0223781540442039,27.69395643122056,0.5650559760191861,0.018510641595211756,0.0967830884106019,997,330.2046046676742,0.30533790588378906
998,3118.283,1904.353333333334,7240.3333333333385,100,100,1034,1.9279652815789519,7.002256608639592,2.200655698776245,-1904.353333333334,-0.03754539338543134,32.98014508976656,0.5271803272121093,0.013486546803933915,0.08768382361706566,998,330.2557596687643,0.30533790588378906
999,3120.933,1861.466666666667,7131.666666666667,100,100,1032,1.9347374048851098,6.910529715762274,2.2017016410827637,-1861.466666666667,-0.014375578666872838,30.73211877486285,0.5347104449482525,0.025518237318679252,0.0703125,999,330.3061043297444,0.30533790588378906
1000,3126.784,1959.143333333334,7263.000000000005,100,100,1031,1.920423372766088,7.044616876818627,2.189344882965088,-1959.143333333334,0.004276048063355333,39.83588415033677,0.5420188465539146,0.0203602280919714,0.07497373968362808,1000,330.355966165526,0.30533790588378906
1001,3129.449,1865.316666666667,7110.000000000004,100,100,1037,1.9339259388104886,6.856316297010611,2.214561939239502,-1865.316666666667,-0.021783733850016314,30.324271819170782,0.4935419458676787,0.011895818286575377,0.08452347293496132,1001,330.0681578324586,0.30533790588378906
1002,3132.111,1826.4599999999978,7187.333333333329,100,100,1035,1.9271493702676994,6.944283413848628,2.201636791229248,-1826.4599999999978,-0.013487729189150473,23.22787155824549,0.4863780842107885,0.03401330603724893,0.08606283454334035,1002,330.11790438486327,0.30533790588378906
1003,3134.744,1879.3666666666672,7145.333333333332,100,100,1031,1.9174641130128958,6.930488199159391,2.1835036277770996,-1879.3666666666672,-0.0011387570377658395,24.48546490949743,0.5539116096847198,0.011852342852815875,0.07215073529411764,1003,330.16957995534244,0.30533790588378906
1004,3137.423,1917.7999999999997,7057.333333333333,100,100,1029,1.9659103036688892,6.858438613540654,2.2343592643737793,-1917.7999999999997,-0.04244238905170385,36.64641296162325,0.510532004868283,0.005812907180584529,0.09990808849825579,1004,330.2155534736792,0.30533790588378906
1005,3140.11,1812.953333333334,7077.333333333333,100,100,1032,1.9570246113007599,6.857881136950904,2.2272026538848877,-1812.953333333334,-0.027834752136293578,23.267958500806024,0.4802170799059026,0.029536810939830235,0.11764705882352941,1005,330.26168982550195,0.30533790588378906
1006,3143.01,1855.9733333333338,7016.333333333332,100,100,1035,2.136116713321439,6.779066022544282,2.4219419956207275,-1855.9733333333338,-0.020866547765977243,29.784705386442297,0.5067690742366454,0.010209591977079125,0.10498830237809349,1006,330.2862634303822,0.30533790588378906
1007,3146.03,1896.8499999999995,7042.666666666664,100,100,1032,2.248114244308496,6.824289405684752,2.533586263656616,-1896.8499999999995,-0.04329427002983935,32.97420434390797,0.5434073323712629,0.01689580553348231,0.07996323529411764,1007,330.2972314268182,0.30533790588378906
1008,3149.203,1849.236666666667,7054.333333333332,100,100,1032,2.397634689005763,6.835594315245477,2.68570613861084,-1849.236666666667,-0.018108566729899717,24.160979944116928,0.47253137388650107,0.020135239232331514,0.09880514705882353,1008,330.2921025171159,0.30533790588378906
1009,3152.348,1848.0800000000006,6961.333333333331,100,100,1028,2.376333949679748,6.77172503242542,2.6527676582336426,-1848.0800000000006,-0.009139665155945456,22.30774175419527,0.5317092257387498,0.010960108710124213,0.08455882352941177,1009,330.28867422743025,0.30533790588378906
1010,3158.979,1776.4899999999989,6869.3333333333285,100,100,1025,2.2426345342452207,6.701788617886174,2.5068671703338623,-1776.4899999999989,-0.04637320657425067,32.91794431910795,0.44382095468394894,0.0343238452093347,0.0900735294117647,1010,330.29936069166575,0.30533790588378906
1011,3162.186,1907.5866666666668,7237.333333333334,100,100,1034,2.4146006760778307,6.999355254674404,2.7090566158294678,-1907.5866666666668,-0.021249600960051313,24.222938930287082,0.4856291610528441,0.008623277419246733,0.09871323538177154,1011,329.9123919090257,0.30533790588378906
1012,3165.25,1862.46,7127.666666666668,100,100,1035,2.293150626451389,6.886634460547505,2.5852179527282715,-1862.46,-0.016719631850719452,31.840257560505588,0.4551633798024234,0.018605452797868672,0.10047627021284665,1012,329.91993544585694,0.30533790588378906
1013,3168.18,1895.7033333333334,7082.333333333334,100,100,1033,2.1712698945315827,6.8560826072926755,2.454033613204956,-1895.7033333333334,-0.01898924776298158,27.47638245189891,0.48135032548623924,0.01510185532285558,0.09058415035114568,1013,329.94086205096374,0.30533790588378906
1014,3171.143,1846.4933333333327,7156.666666666669,100,100,1033,2.214805903959035,6.9280413036463395,2.499572277069092,-1846.4933333333327,-0.03158997223876855,29.185975411359003,0.516446507152389,0.021113528061986846,0.09671160162371747,1014,329.958285329716,0.30533790588378906
1015,3173.962,1753.1300000000003,6982.333333333336,100,100,1034,2.0817935203762303,6.752740167633787,2.35746431350708,-1753.1300000000003,-0.009406913784058654,25.247403228984158,0.4553438600371866,0.022025572813992554,0.07674632352941177,1015,329.9910098754927,0.30533790588378906
1016,3176.872,1838.7833333333328,6982.000000000001,100,100,1031,2.159376043007031,6.772065955383124,2.436142921447754,-1838.7833333333328,-0.019803531139212495,29.062370664933148,0.4795534882475348,0.023376343477353016,0.08869485294117647,1016,330.01327938206146,0.30533790588378906
1017,3179.944,1800.9266666666663,6964.999999999999,100,100,1036,2.2985974886781864,6.722972972972972,2.5918493270874023,-1800.9266666666663,-0.003359335200751529,22.050138080821316,0.4614247960202834,0.01990854734664454,0.09803921597845414,1017,330.0202840637157,0.30533790588378906
1018,3182.871,1919.9333333333332,7224.000000000002,100,100,1035,2.1632913990477145,6.979710144927538,2.4519259929656982,-1919.9333333333332,-0.037144293132073736,35.578158378601074,0.4596575034015319,0.01570749725215137,0.09441844943691702,1018,330.04191397761133,0.30533790588378906
1019,3185.748,1739.1933333333334,6823.000000000001,100,100,1034,2.1138605421879175,6.598646034816248,2.393127918243408,-1739.1933333333334,-0.01896472943618017,26.42571227690753,0.43079478688099804,0.020717329544234362,0.09613970601383377,1019,330.06845073054234,0.30533790588378906
1020,3192.272,1844.786666666666,7117.999999999999,100,100,1041,2.1655935650748646,6.8376560999039375,2.463890314102173,-1844.786666666666,-0.018707039327744174,23.932405780343448,0.41460923675228567,0.024533308172762832,0.09480428202625583,1020,330.0907871897317,0.30533790588378906
1021,3195.331,1775.6500000000012,7005.000000000003,100,100,1032,2.300455717639745,6.787790697674422,2.5844075679779053,-1775.6500000000012,-0.02167326316018315,27.190326915067786,0.3913654281812556,0.017562506631400215,0.078125,1021,329.7273016564837,0.30533790588378906
1022,3198.245,1865.1566666666665,7092.333333333335,100,100,1034,2.1581756291285923,6.859123146357191,2.442552089691162,-1865.1566666666665,-0.011360512936816496,27.349126787746656,0.5507248587468091,0.014611422714284238,0.10854779446826261,1022,329.7502073799184,0.30533790588378906
1023,3201.309,1814.4633333333352,6978.000000000004,100,100,1030,2.2997858254826693,6.774757281553401,2.5802664756774902,-1814.4633333333352,-0.009023263666997938,17.95060042773976,0.46057844424948974,0.018083300530527008,0.09420955926179886,1023,329.7563251713411,0.30533790588378906
1024,3204.332,1731.136666666666,6882.666666666666,100,100,1039,2.2520615979876726,6.624318254732113,2.5482046604156494,-1731.136666666666,-0.005201816832756295,20.923286774579218,0.48930536561152516,0.011859793599475832,0.07273284323951777,1024,329.7695256145686,0.30533790588378906
1025,3207.484,1895.6566666666672,7364.333333333333,100,100,1033,2.3814285562138386,7.129073894804775,2.6716413497924805,-1895.6566666666672,-0.023001396864214364,22.876368270200842,0.44095220285303455,0.02979815497939639,0.10079656870049589,1025,329.7674649204288,0.30533790588378906
1026,3210.699,1879.5000000000002,7187.333333333333,100,100,1032,2.445438082935469,6.964470284237726,2.7345130443573,-1879.5000000000002,-0.008021196624373688,26.944912686067468,0.4992917898823233,0.00662060162079904,0.08915441176470588,1026,329.75870957622055,0.30533790588378906
1027,3213.804,1874.6700000000005,7080.666666666663,100,100,1036,2.32148909056739,6.834620334620332,2.619499921798706,-1874.6700000000005,-0.017982432070900414,25.25790786743164,0.4940047544591567,0.009673315025044276,0.07077205882352941,1027,329.7625199607748,0.30533790588378906
1028,3216.856,1912.3133333333328,7022.666666666668,100,100,1032,2.28265707237581,6.804909560723515,2.5737502574920654,-1912.3133333333328,-0.02484471076989875,38.00120269550997,0.4974050670862198,0.01189960164072759,0.08363970588235294,1028,329.7704215582138,0.30533790588378906
1029,3219.972,1854.6633333333336,6956.333333333337,100,100,1034,2.3292865587499287,6.727595099935528,2.6183364391326904,-1854.6633333333336,-0.017122191924820927,20.708027839660645,0.5036063281928792,0.010654871783438413,0.07233455886735636,1029,329.7724633864732,0.30533790588378906
1030,3226.852,1745.4166666666672,6957.999999999995,100,100,1041,2.4247001887877953,6.683957732949083,2.73469614982605,-1745.4166666666672,-0.010590252466499805,25.163886855630313,0.5455603880040786,0.025402136075118667,0.07412413496743231,1030,329.76576889937144,0.30533790588378906
1031,3229.896,1924.2833333333338,7140.666666666666,100,100,1040,2.2432526918307234,6.86602564102564,2.549203872680664,-1924.2833333333338,-0.0006625321419800029,29.516014716204474,0.5409184010589824,0.01767766270238687,0.08134191176470588,1031,329.40344396473154,0.30533790588378906
1032,3232.682,1922.5200000000002,7238.333333333333,100,100,1039,2.027674014541151,6.966634584536413,2.317539930343628,-1922.5200000000002,-0.014477797509992825,28.778494442210476,0.4907744632047765,0.009289644405190997,0.09307598059668261,1032,329.4410359826336,0.30533790588378906
1033,3235.38,1776.3366666666666,7081.666666666668,100,100,1040,1.9546804809718965,6.809294871794873,2.2366857528686523,-1776.3366666666666,-0.027954705169095713,24.262854183421414,0.486539578613113,0.03387883271994617,0.0900735294117647,1033,329.4877732479814,0.30533790588378906
1034,3238.095,1837.4233333333325,7191.999999999995,100,100,1040,1.9610905782498707,6.915384615384611,2.2462310791015625,-1837.4233333333325,-0.014860186917597757,24.014769273645737,0.5316686498768189,0.021932976594304338,0.10707720588235294,1034,329.53270459499834,0.30533790588378906
1035,3240.808,1890.6966666666676,7123.333333333334,100,100,1041,1.9689146021119786,6.842779378802434,2.2620491981506348,-1890.6966666666676,-0.015653536161955667,21.005825996398926,0.5005389189018923,0.029492985785884017,0.08596453289775287,1035,329.57801957952546,0.30533790588378906
1036,3243.507,1827.5733333333328,6963.333333333334,100,100,1040,1.962301635201304,6.695512820512821,2.2495861053466797,-1827.5733333333328,-0.021201201878926334,24.005749141468723,0.5008733290083268,0.014652936178369118,0.08455882352941177,1036,329.62440672476015,0.30533790588378906
1037,3246.249,1712.1066666666677,7029.999999999999,100,100,1041,1.9943616697412632,6.753121998078769,2.282078981399536,-1712.1066666666677,-0.010055874803048722,25.00050706021926,0.48660775756134705,0.028660384621402687,0.08447772527442259,1037,329.66660141026193,0.30533790588378906
1038,3248.938,1813.0399999999997,6976.999999999998,100,100,1035,1.960747921951835,6.741062801932365,2.2346723079681396,-1813.0399999999997,7.925341453622369e-05,19.302441961625043,0.5420366508119246,0.03521777280462522,0.10315006708397585,1038,329.71236211250005,0.30533790588378906
1039,3251.677,1784.513333333333,6898.000000000002,100,100,1040,1.9816769239976286,6.632692307692309,2.269205093383789,-1784.513333333333,0.004964903763988439,17.227057204527014,0.4233145915410098,0.043070632950676715,0.09329044117647059,1039,329.7544128749758,0.30533790588378906
1040,3257.567,1987.1366666666665,7316.333333333332,100,100,1041,1.9527192146577277,7.028178033941722,2.2446982860565186,-1987.1366666666665,-0.021582651280743236,27.6074322532205,0.47400828319437366,0.01488422608578249,0.07504325272405848,1040,329.80098650940715,0.30533790588378906
1041,3260.332,1819.429999999999,7100.333333333332,100,100,1035,2.01905255874052,6.860225442834137,2.2999391555786133,-1819.429999999999,-0.011768764542306171,24.904209473553827,0.4574410424512975,0.03856847192133393,0.08042279411764706,1041,329.5157896281286,0.30533790588378906
1042,3263.301,1960.4400000000003,7120.333333333332,100,100,1036,2.1871992275181755,6.872908622908621,2.4839658737182617,-1960.4400000000003,-0.0029690809657468517,33.495315215166876,0.4802825705093496,0.014780879178194,0.08149509811226059,1042,329.5334940879512,0.30533790588378906
1043,3266.381,1772.6199999999997,7050.999999999999,100,100,1040,2.3036718265547487,6.779807692307691,2.60361909866333,-1772.6199999999997,-0.01786065353628467,19.032869731678684,0.4632904266609865,0.05926332864499487,0.09283088235294118,1043,329.5411659353031,0.30533790588378906
1044,3269.54,1866.6133333333335,7051.666666666664,100,100,1034,2.3691771748769357,6.819793681495807,2.6614909172058105,-1866.6133333333335,-0.021722372183028388,25.775511685539694,0.4353729298009592,0.02946030588217956,0.09825367655824213,1044,329.5389675976681,0.30533790588378906
1045,3272.522,1792.1500000000003,7189.66666666667,100,100,1040,2.2067463462008163,6.913141025641028,2.5046534538269043,-1792.1500000000003,-0.022496723378186718,21.04705866645364,0.4858561833115185,0.03738863326554351,0.09604779411764706,1045,329.5565276840345,0.30533790588378906
1046,3275.502,1881.9500000000005,7266.333333333335,100,100,1041,2.2036174855058106,6.980147294268333,2.5075020790100098,-1881.9500000000005,-0.025538620155523804,20.415071291082047,0.45810411256902356,0.02024232150699176,0.08469398801817614,1046,329.5744758389696,0.30533790588378906
1047,3278.703,1723.5600000000004,7163.000000000002,100,100,1040,2.408648844105371,6.887500000000002,2.712334156036377,-1723.5600000000004,-0.02759152612484553,18.225145311916577,0.42886656961020303,0.02899964794735698,0.0900735294117647,1047,329.5700026090384,0.30533790588378906
1048,3281.805,1859.9866666666667,7186.0,100,100,1029,2.3490483967625364,6.983479105928086,2.6275415420532227,-1859.9866666666667,-0.026283380849396482,31.96291929132798,0.49328647203305187,0.03369011190165218,0.07582720588235294,1048,329.572004812165,0.30533790588378906
1049,3284.81,1865.8833333333334,7023.999999999996,100,100,1031,2.241480600307438,6.8128031037827315,2.519977331161499,-1865.8833333333334,-0.0162552391343257,28.769848935744342,0.47923336046583515,0.014803055677261642,0.11561187093748766,1049,329.5843174486057,0.30533790588378906
1050,3291.339,1740.5599999999997,6921.666666666664,100,100,1034,2.2139933270562575,6.694068343004511,2.4958598613739014,-1740.5599999999997,-0.012268357910215855,22.83099132425645,0.48727358439389395,0.024585966034518444,0.09889705895501025,1050,329.60039317685454,0.30533790588378906
1051,3294.104,1799.946666666667,7004.333333333337,100,100,1033,2.0260121976498726,6.780574378831885,2.2984046936035156,-1799.946666666667,-0.00697081462096642,24.709586648380053,0.4697888524216764,0.016381608541397488,0.10723039222990766,1051,329.28199446049854,0.30533790588378906
1052,3296.871,1797.546666666666,7037.666666666664,100,100,1031,2.039688263900549,6.826058842547686,2.310601234436035,-1797.546666666666,-0.010160727535977084,24.62937854318058,0.461939490016769,0.019013082115527463,0.09434086172019734,1052,329.31827792071846,0.30533790588378906
1053,3299.675,1846.4499999999985,7037.666666666666,100,100,1031,2.0528258981633023,6.826058842547687,2.3277199268341064,-1846.4499999999985,-0.01079755270963206,27.544676163617304,0.5235434527344563,0.009564616329204427,0.12841386654797723,1053,329.350880068819,0.30533790588378906
1054,3302.436,1777.7833333333326,6884.333333333332,100,100,1036,2.0249615804090895,6.645109395109394,2.305823564529419,-1777.7833333333326,-0.01534652808571563,30.59454272775089,0.4949769631904714,0.008267657735439785,0.09727328445981531,1054,329.38931546015186,0.30533790588378906
1055,3305.234,1861.6200000000008,6927.333333333336,100,100,1033,2.037650918622302,6.706034204582125,2.318507432937622,-1861.6200000000008,0.00029501581893247715,26.326005206388587,0.491118436350542,0.015839923881953034,0.10391135623349863,1055,329.42297151205713,0.30533790588378906
1056,3308.013,1795.6233333333332,6996.333333333333,100,100,1034,2.04624284200219,6.7662798194713085,2.323988437652588,-1795.6233333333332,-0.018344436991302407,29.541349298813763,0.47110318786957683,0.011270762191784075,0.07987132361706566,1056,329.458839379569,0.30533790588378906
1057,3310.78,1758.3466666666668,6915.999999999999,100,100,1036,2.0288247108310244,6.6756756756756745,2.3091962337493896,-1758.3466666666668,-0.02233398946769097,22.166360827053296,0.42353104054927826,0.014956460553495324,0.0850183825720759,1057,329.49632704357487,0.30533790588378906
1058,3313.544,1827.6266666666672,6957.999999999999,100,100,1031,2.0317525694789915,6.748787584869058,2.304415702819824,-1827.6266666666672,-0.011452305240227896,23.753004242392148,0.47084731214186726,0.02527979079990045,0.10254726909539279,1058,329.5326780025528,0.30533790588378906
1059,3316.319,1731.8766666666672,6830.000000000001,100,100,1034,2.0345559963376427,6.60541586073501,2.311896324157715,-1731.8766666666672,-0.026045584832044208,23.209715057821835,0.5448293791097754,0.013943515925990035,0.08419117660206907,1059,329.56869310559523,0.30533790588378906
1060,3322.395,1724.2266666666671,6932.666666666669,100,100,1034,2.032848837136019,6.704706640876855,2.304748058319092,-1724.2266666666671,-0.018426082096993923,30.268581783070285,0.5682715563213124,0.021337439484127304,0.09558823529411764,1060,329.60490709265684,0.30533790588378906
1061,3325.134,1801.8400000000006,7052.333333333329,100,100,1034,1.9902671189443704,6.820438426821402,2.2676689624786377,-1801.8400000000006,-0.022719735553597704,23.485553545110367,0.5196967383517939,0.021715038866900346,0.06911764710265048,1061,329.31692984636203,0.30533790588378906
1062,3327.851,1748.0666666666664,6877.333333333329,100,100,1033,1.990290996523904,6.657631494030329,2.260406017303467,-1748.0666666666664,-0.013880823629305643,24.191515614004697,0.4905894486343159,0.004454960462787901,0.0824652780943057,1062,329.35846740684656,0.30533790588378906
1063,3330.583,1801.569999999999,6976.66666666667,100,100,1033,1.999207937301994,6.753791545659893,2.272068977355957,-1801.569999999999,0.005201468901599155,26.965586493997012,0.5136346282327876,0.013219285331776036,0.08139297388055745,1063,329.39853050824667,0.30533790588378906
1064,3333.326,1845.200000000001,7098.333333333332,100,100,1036,2.003144014817321,6.8516731016731,2.286259889602661,-1845.200000000001,-0.020291779135518214,25.679278317619772,0.5614794843337115,0.013284566812217236,0.08700980399461354,1064,329.4382699374163,0.30533790588378906
1065,3336.105,1795.163333333334,7090.000000000005,100,100,1032,2.0404795547739725,6.870155038759695,2.3156685829162598,-1795.163333333334,-0.022671362604288495,23.170570261338177,0.5548606357153725,0.009511483394924332,0.07720588235294118,1065,329.4731411253113,0.30533790588378906
1066,3338.825,1897.1466666666663,7111.999999999999,100,100,1034,1.985141781957665,6.878143133462282,2.2653636932373047,-1897.1466666666663,-0.017159176332985655,34.549099136801324,0.5785741376526216,0.022118559860460022,0.09632352958707248,1066,329.51440592087897,0.30533790588378906
1067,3341.571,1769.626666666666,7018.666666666665,100,100,1042,1.9981526882984746,6.735764555342289,2.2914652824401855,-1769.626666666666,-0.01855461606208016,21.46808335360359,0.5564927309751511,0.011152744389084332,0.09135008208891925,1067,329.55548919207774,0.30533790588378906
1068,3344.309,1721.9299999999996,6948.999999999997,100,100,1039,1.9977380185682931,6.6881616939364745,2.281750440597534,-1721.9299999999996,-0.01933820786721566,24.42053180582383,0.639580570599612,0.012317493866088198,0.09368872598690145,1068,329.596377446728,0.30533790588378906
1069,3347.026,1900.5966666666673,7242.333333333335,100,100,1035,1.9791912078263536,6.99742351046699,2.2591800689697266,-1900.5966666666673,-0.011154594885952333,24.41189071711372,0.6250196257058311,0.015957591753891286,0.13222760750966914,1069,329.6380588970894,0.30533790588378906
1070,3352.962,1748.9133333333336,6995.333333333331,100,100,1036,2.01472856922877,6.752252252252251,2.2957375049591064,-1748.9133333333336,-0.013806492822956951,30.245545667760513,0.6372348543475655,0.021399963243097505,0.08348651975393295,1070,329.67545576039146,0.30533790588378906
1071,3355.628,1869.88,7154.666666666664,100,100,1033,1.9244577924766924,6.926105195224263,2.1973884105682373,-1869.88,-0.010750796152826618,30.448204152724323,0.6588026232579175,0.023698314640890148,0.10370710798922707,1071,329.4096942172617,0.30533790588378906
1072,3358.297,1860.166666666667,7133.333333333336,100,100,1033,1.9449429828376084,6.905453372055504,2.2170379161834717,-1860.166666666667,-0.035790640258175486,22.936674061943503,0.6952569107798969,0.029286606689257658,0.1254595588235294,1072,329.4555174448008,0.30533790588378906
1073,3360.984,1855.296666666667,7053.999999999999,100,100,1034,1.9586537707942886,6.822050290135396,2.2367937564849854,-1855.296666666667,-0.03659159076564452,26.163418966181137,0.6826208111117867,0.018703105677987504,0.085845588322948,1073,329.49967729110756,0.30533790588378906
1074,3363.636,1909.4699999999998,7079.000000000002,100,100,1027,1.936170887025191,6.892891918208376,2.1991541385650635,-1909.4699999999998,-0.041267370038172775,36.37887766781975,0.6949907103005577,0.012419252724879804,0.08363970588235294,1074,329.54513710999476,0.30533790588378906
1075,3366.319,1921.276666666665,7098.666666666667,100,100,1029,1.9626414954962808,6.898607061872369,2.231091022491455,-1921.276666666665,0.002230665482142392,33.35783677942612,0.7373409727040459,0.00415240166544476,0.07297794126412448,1075,329.5882184770923,0.30533790588378906
1076,3368.988,1842.969999999999,7162.666666666665,100,100,1036,1.9409473927900138,6.913770913770913,2.2200024127960205,-1842.969999999999,-0.023932887761689284,24.42697811126709,0.7120568594511818,0.001669120474937646,0.08256740210687413,1076,329.63460042925476,0.30533790588378906
1077,3371.673,1880.5366666666669,7038.333333333333,100,100,1031,1.955541512891867,6.826705463950857,2.227301836013794,-1880.5366666666669,-0.025863567661658367,28.93812375910142,0.6671994486275841,0.012210584553780364,0.08646271027186338,1077,329.6778383978176,0.30533790588378906
1078,3374.363,1749.9899999999998,6835.000000000003,100,100,1032,1.967919572814216,6.623062015503878,2.236522912979126,-1749.9899999999998,-0.03437354585484547,29.276845988105325,0.656414624522714,0.014518595631028908,0.1171875,1078,329.72090342697317,0.30533790588378906
1079,3377.036,1855.9100000000005,7031.666666666669,100,100,1032,1.938122382176347,6.813630490956075,2.211045265197754,-1855.9100000000005,-0.02561480102731901,27.77520160114064,0.6489589021486395,0.019462871779550743,0.09145220588235294,1079,329.7654681596953,0.30533790588378906
1080,3383.224,2014.43,7213.666666666668,100,100,1031,1.9538446157225828,6.996766892984159,2.2310733795166016,-2014.43,-0.014924596447278471,46.090134003583124,0.7648484619224772,0.010933421216631198,0.1274947489009184,1080,329.80733502226525,0.30533790588378906
1081,3386.156,1884.773333333334,7033.333333333331,100,100,1031,2.1715370514073293,6.821855803427091,2.4520866870880127,-1884.773333333334,-0.014890989891308196,30.482117989484003,0.7137548073249704,0.011992559035527794,0.0680803573306869,1081,329.48625940067825,0.30533790588378906
1082,3389.222,1945.92,7206.999999999996,100,100,1035,2.2866318857180326,6.963285024154586,2.5821306705474854,-1945.92,-0.014869032783762497,41.723500448114734,0.7361889534136828,0.018193182747756297,0.0883606286609874,1082,329.4936262241151,0.30533790588378906
1083,3392.36,1940.8400000000008,7177.333333333329,100,100,1034,2.3620715675554895,6.9413281753707246,2.657927989959717,-1940.8400000000008,-0.008868725504726171,42.48307648827048,0.6551161320770488,0.0021851410753751066,0.09356617686503074,1083,329.49360065193343,0.30533790588378906
1084,3395.421,1927.9700000000018,7156.333333333337,100,100,1030,2.2973001935718202,6.947896440129453,2.582672595977783,-1927.9700000000018,0.002614147632437594,29.761270074283374,0.6790396273136139,0.006960297955254859,0.0661764705882353,1084,329.4998898900941,0.30533790588378906
1085,3398.451,1822.0466666666669,6962.000000000001,100,100,1034,2.2534977775733607,6.733075435203095,2.542046308517456,-1822.0466666666669,-0.005472243106102242,33.06020439372343,0.672541989999659,0.01195639358176028,0.07068014714647741,1085,329.510430676892,0.30533790588378906
1086,3401.514,1950.38,7213.666666666669,100,100,1032,2.276510076147013,6.9899870801033614,2.565218687057495,-1950.38,-0.026732097051161176,29.994749518001782,0.6798894922522938,0.006006424363209482,0.06341911764705882,1086,329.5170948156088,0.30533790588378906
1087,3404.682,1916.3066666666678,7191.333333333336,100,100,1035,2.389235939304142,6.94814814814815,2.6862101554870605,-1916.3066666666678,-0.02908598489182837,29.553513022030103,0.6258034635992611,0.0012148818692795055,0.06646891727167017,1087,329.5145065149557,0.30533790588378906
1088,3407.791,1997.9900000000007,7350.666666666667,100,100,1033,2.3386272986528587,7.115843820587287,2.633065938949585,-1997.9900000000007,-0.029442079091335043,27.809585711535284,0.6195863888544195,0.019928646862835568,0.10774101338842336,1088,329.5170101972057,0.30533790588378906
1089,3410.704,1852.3599999999997,7084.666666666667,100,100,1038,2.137619458871978,6.825305073859988,2.4348344802856445,-1852.3599999999997,-0.0029457648120382253,25.047836247612448,0.6208594371290768,0.0212843782021938,0.10090598814627703,1089,329.53986507418693,0.30533790588378906
1090,3416.678,1903.9766666666665,7179.333333333332,100,100,1033,2.0005468533591646,6.949983865763148,2.2765674591064453,-1903.9766666666665,-0.008837165584897293,32.33531800438376,0.5902915675850475,0.011157696573611568,0.08512050658464432,1090,329.5783736733161,0.30533790588378906
1091,3419.415,1852.73,7056.999999999999,100,100,1033,2.00155595432884,6.8315585672797665,2.2760369777679443,-1852.73,-0.04028013934764792,26.129765202017392,0.6341527533881804,0.008594540146398632,0.08016748375752393,1091,329.3045683374217,0.30533790588378906
1092,3422.168,1845.3866666666665,7170.999999999998,100,100,1032,1.9942624034186782,6.9486434108527115,2.2671425342559814,-1845.3866666666665,-0.03273990125778843,24.61121379627901,0.629341605831595,0.010132394950179494,0.078125,1092,329.34126537887255,0.30533790588378906
1093,3424.905,1787.9233333333352,6984.000000000001,100,100,1033,1.992365442277703,6.760890609874154,2.2688040733337402,-1787.9233333333352,-0.020265836104312363,25.96632463791791,0.6181911256383447,0.012282617171021068,0.07674632352941177,1093,329.3796017443537,0.30533790588378906
1094,3427.682,1855.1633333333334,7084.666666666664,100,100,1032,2.025943603335028,6.864987080103357,2.301961898803711,-1855.1633333333334,-0.01631582237999229,20.06925136902753,0.6126241245690514,0.012203457368099514,0.0859375,1094,329.41386220152276,0.30533790588378906
1095,3430.411,1815.416666666667,7035.999999999998,100,100,1032,1.9982505812852953,6.817829457364339,2.2691545486450195,-1815.416666666667,-0.012561293647569768,25.540681838989258,0.6160212159156799,0.0194254376761177,0.08363970588235294,1095,329.4526857535969,0.30533790588378906
1096,3433.271,1817.4666666666658,7082.666666666671,100,100,1037,2.0979504338299484,6.829958212793318,2.3849427700042725,-1817.4666666666658,-0.019997569787151673,27.356692594640396,0.6102846142123727,0.007182362509946174,0.06518665175227557,1096,329.4802565394464,0.30533790588378906
1097,3436.025,1829.1099999999992,7043.666666666668,100,100,1032,2.021268799891082,6.825258397932818,2.2943384647369385,-1829.1099999999992,-0.014580083600081065,25.8252833590788,0.568729228394873,0.013202571029336575,0.08042279411764706,1097,329.51653892132043,0.30533790588378906
1098,3438.785,1837.2233333333338,7036.333333333333,100,100,1035,2.0185841548881958,6.798389694041868,2.2991974353790283,-1837.2233333333338,-0.021253574365640387,29.626004106858197,0.6025527023217258,0.0014060297706986174,0.0637115643304937,1098,329.55305967093085,0.30533790588378906
1099,3441.524,1731.1300000000006,6909.333333333334,100,100,1030,2.0089375699454357,6.708090614886732,2.2772839069366455,-1731.1300000000006,-0.020789030090193537,26.633350877200854,0.5911596838165732,0.01623332831556635,0.07735906891963061,1099,329.5900234831028,0.30533790588378906
1100,3447.442,1812.1533333333323,6944.666666666668,100,100,1032,1.9801034902984118,6.729328165374678,2.2510955333709717,-1812.1533333333323,-0.010967833483043839,23.77120522891774,0.5534540782956516,0.008898646488566609,0.0900735294117647,1100,329.630481263198,0.30533790588378906
1101,3450.153,1943.8333333333335,7088.999999999998,100,100,1033,1.960926041767066,6.862536302032912,2.2403080463409424,-1943.8333333333335,-0.04601359860423733,33.988761621363025,0.5654468466253841,0.010418406564413625,0.0842013889375855,1101,329.3642696917654,0.30533790588378906
1102,3452.842,1829.273333333332,7155.000000000001,100,100,1034,1.9562280452242788,6.91972920696325,2.230483293533325,-1829.273333333332,-0.013149229207021348,33.62257194519043,0.5158114170326906,0.03560826739104574,0.08428308827912107,1102,329.40716509999316,0.30533790588378906
1103,3455.576,1810.8066666666668,7100.666666666664,100,100,1033,1.9844060024203298,6.873830267828329,2.257545232772827,-1810.8066666666668,-0.00981095077141243,23.575717954074634,0.5172992559040294,0.02202178196132402,0.12188521246699725,1103,329.4455282488871,0.30533790588378906
1104,3458.235,1723.0933333333337,6919.333333333333,100,100,1031,1.9419239605862781,6.711283543485289,2.203019380569458,-1723.0933333333337,-0.019554777974810672,29.25091572368846,0.4752856238799937,0.023381911457844955,0.08620010579333585,1104,329.49031097160747,0.30533790588378906
1105,3460.928,1645.193333333334,6773.999999999998,100,100,1036,1.9607860999519875,6.538610038610037,2.232717514038086,-1645.193333333334,-0.011338985908557387,40.12545905393713,0.46794214143472557,0.015446345814887215,0.08992034328334472,1105,329.5332731480988,0.30533790588378906
1106,3463.676,1765.9633333333322,6858.666666666669,100,100,1037,1.968964994745823,6.613950498232081,2.2484822273254395,-1765.9633333333322,-0.012746093301650356,29.420579124899472,0.532599126591402,0.017409493009943294,0.10378959292874616,1106,329.57125659055623,0.30533790588378906
1107,3466.398,1834.2999999999997,7009.33333333333,100,100,1039,1.9765405202395605,6.7462303496952165,2.263399362564087,-1834.2999999999997,-0.014979936867294943,28.252345758325912,0.4582145722473369,0.036486349698594385,0.09515931413454168,1107,329.61221916483595,0.30533790588378906
1108,3469.125,1804.4500000000005,6953.000000000001,100,100,1033,1.9821051306687187,6.730880929332043,2.254147529602051,-1804.4500000000005,-0.014196925166556063,25.900086585213156,0.4862368413630654,0.020882112679400426,0.08379289222990766,1108,329.65085209117643,0.30533790588378906
1109,3471.859,1840.316666666666,6991.666666666667,100,100,1029,1.9787596708364545,6.794622610949141,2.2441022396087646,-1840.316666666666,-0.018637305509079907,21.951846333111035,0.48497143431621437,0.010159734790624283,0.08483455899883718,1109,329.68760100390296,0.30533790588378906
1110,3477.706,1828.073333333332,7000.666666666663,100,100,1030,1.9431991250597809,6.796763754045304,2.2075209617614746,-1828.073333333332,0.002733507303192335,27.291059494018555,0.5289678542929537,0.01503503744435661,0.06893382352941177,1110,329.730151702658,0.30533790588378906
1111,3480.378,1792.0666666666664,6946.999999999999,100,100,1031,1.9506934067509005,6.7381183317167785,2.216531753540039,-1792.0666666666664,0.014039522475179504,23.323238597196692,0.5400898728300544,0.020803800297846252,0.08475577787441366,1111,329.4728606342545,0.30533790588378906
1112,3483.051,1859.8133333333328,6959.000000000001,100,100,1031,1.93913133192092,6.749757516973813,2.2081992626190186,-1859.8133333333328,-0.014751324210973346,28.711516829097974,0.5625648971866158,0.013406641319092801,0.07924107199206072,1112,329.5159524398017,0.30533790588378906
1113,3485.732,1807.583333333333,7096.333333333334,100,100,1032,1.9592344936871424,6.876291989664083,2.229318380355835,-1807.583333333333,-0.011311152402092428,28.844824454363653,0.5631435960531235,0.011303291912875412,0.08639705882352941,1113,329.55861454808695,0.30533790588378906
1114,3488.422,1763.216666666667,7074.333333333332,100,100,1039,1.954499230324806,6.808790503689444,2.236581802368164,-1763.216666666667,-0.005833870512159432,27.69147003398222,0.5634780683938194,0.016657181568649215,0.08079044170239393,1114,329.60234686510745,0.30533790588378906
1115,3491.118,1859.4433333333334,7080.66666666667,100,100,1035,1.952804538988225,6.841223832528184,2.2297182083129883,-1859.4433333333334,-0.02373374957481728,28.58025806090411,0.5330790851046058,0.017322010127827525,0.07482453216524686,1115,329.64424254554007,0.30533790588378906
1116,3493.805,1871.2900000000009,7311.0,100,100,1032,1.9595892420814682,7.084302325581396,2.2310104370117188,-1871.2900000000009,-0.04116218800053877,30.183376957388486,0.5295971526819117,0.015980136577341267,0.12224264705882353,1116,329.6862506323409,0.30533790588378906
1117,3496.462,1858.4933333333342,7266.3333333333385,100,100,1031,1.9367779827533085,7.04784998383447,2.203774929046631,-1858.4933333333342,-0.025210591170060283,34.08218512815588,0.485193851239541,0.020995222292292642,0.09532563081559013,1117,329.7304190756699,0.30533790588378906
1118,3499.151,1788.5666666666664,6930.999999999996,100,100,1033,1.9482112293999863,6.709583736689251,2.2192931175231934,-1788.5666666666664,-0.008187966284287326,24.323523998260498,0.5025740971460062,0.033970901809345165,0.08409926470588236,1118,329.7724080193909,0.30533790588378906
1119,3502.144,1735.1166666666668,6956.333333333331,100,100,1039,2.180451971834617,6.6952197625922345,2.4735026359558105,-1735.1166666666668,-0.019287296406486455,25.479682697969324,0.5299167457748862,0.021903768558438647,0.08308823560090627,1119,329.7870804082355,0.30533790588378906
1120,3508.989,1893.3066666666655,7059.666666666663,100,100,1034,2.430478434485511,6.827530625402963,2.728668689727783,-1893.3066666666655,-0.013422966441687416,19.797046773573932,0.5349904973717297,0.010014980199390693,0.07821691189618672,1120,329.77932192214064,0.30533790588378906
1121,3511.934,1922.9633333333322,7102.0,100,100,1031,2.177899711174578,6.8884578079534435,2.458606004714966,-1922.9633333333322,-0.01017077935530859,28.51442777409273,0.5165556528989006,0.029699482876287008,0.10451680728617836,1121,329.4558025961793,0.30533790588378906
1122,3515.134,1778.3966666666674,6961.666666666665,100,100,1027,2.407184324432219,6.778643297630638,2.6828348636627197,-1778.3966666666674,-0.010749982779516894,31.576137879315546,0.509761440622456,0.027301195586634255,0.08670343195690829,1122,329.4480748191198,0.30533790588378906
1123,3518.404,1797.9433333333332,6926.999999999995,100,100,1030,2.485590197317736,6.725242718446598,2.772836446762085,-1797.9433333333332,-0.01790646819726509,31.04161750569063,0.5035612477975733,0.016732129720313585,0.0744485294117647,1123,329.4345609728878,0.30533790588378906
1124,3521.49,1712.046666666666,6903.999999999998,100,100,1033,2.2991601170815117,6.683446272991286,2.5800395011901855,-1712.046666666666,-0.010690651039647706,27.806961059570312,0.5136215848957791,0.024326722185565707,0.09344362774316002,1124,329.43927197549925,0.30533790588378906
1125,3524.496,1926.6266666666668,7084.999999999996,100,100,1033,2.2362443361077946,6.858664085188767,2.5246658325195312,-1926.6266666666668,-0.014808892327196458,26.167925778557272,0.553646511891309,0.03163080377956195,0.09211601338842336,1125,329.4513574200043,0.30533790588378906
1126,3527.673,1877.7800000000002,7091.999999999999,100,100,1032,2.391830230760749,6.872093023255813,2.6817994117736816,-1877.7800000000002,-0.020281581043758812,37.994263761183795,0.6011165792451185,0.00978836790069609,0.10845588235294118,1126,329.4471994831701,0.30533790588378906
1127,3530.866,1781.1899999999996,6808.333333333336,100,100,1032,2.4274547458915112,6.597222222222225,2.7156481742858887,-1781.1899999999996,-0.029312733560800552,26.49412951749914,0.5805900394916534,0.004566657213110696,0.10983455882352941,1127,329.4415514052843,0.30533790588378906
1128,3533.947,1878.2399999999998,7001.666666666663,100,100,1032,2.281850774893393,6.7845607235142085,2.567505121231079,-1878.2399999999998,-0.03215863336535061,32.71097682504093,0.5846526438699049,0.009176700300646616,0.09375,1128,329.4464016463247,0.30533790588378906
1129,3537.109,1882.7933333333328,6976.333333333334,100,100,1034,2.3763133466245545,6.7469374597034175,2.6695613861083984,-1882.7933333333328,-0.0028340123484239857,28.387172418482162,0.5299219725763097,0.013418505659929532,0.10303308836677495,1129,329.44418457871274,0.30533790588378906
1130,3543.566,1855.6333333333341,6992.666666666666,100,100,1029,2.2369283768488684,6.7955944282474885,2.5141754150390625,-1855.6333333333341,-0.03696846047087627,28.782397382399616,0.5098492196377586,0.013863099451341173,0.09411764714647741,1130,329.4560118823054,0.30533790588378906
1131,3546.794,1778.446666666667,6874.000000000004,100,100,1033,2.4497833480248867,6.6544046466602165,2.7466652393341064,-1778.446666666667,-0.02277425260228269,32.57615479301004,0.530073262312833,0.01613291144124506,0.09528186281814295,1131,329.12595075335867,0.30533790588378906
1132,3549.948,1843.1966666666663,7021.0,100,100,1031,2.3856122197111786,6.809893307468477,2.6709811687469482,-1843.1966666666663,-0.021601121379610372,24.728405475616455,0.5349729823715547,0.0229442777687355,0.11095063081559013,1132,329.12399805329,0.30533790588378906
1133,3552.921,1874.8200000000006,7182.999999999999,100,100,1032,2.2016607563132276,6.960271317829457,2.4829115867614746,-1874.8200000000006,-0.013724472538075027,20.150842526379755,0.5743407729793998,0.011765621458728085,0.07950367647058823,1133,329.13908196614364,0.30533790588378906
1134,3555.879,1870.0099999999998,7102.333333333329,100,100,1033,2.191165343128931,6.875443691513388,2.4733941555023193,-1870.0099999999998,-0.004094909383531879,31.174856410307044,0.544679227997275,0.02671541942639605,0.09339256540817373,1134,329.1557002802938,0.30533790588378906
1135,3559.07,1812.2199999999993,6970.666666666668,100,100,1041,2.3791561019271397,6.696125520333014,2.6890149116516113,-1812.2199999999993,-0.022449028294752624,37.24250653210808,0.5507920428233988,0.030717402528834474,0.08355860762736377,1135,329.15313202945816,0.30533790588378906
1136,3562.15,1817.1933333333322,7102.666666666666,100,100,1031,2.310573034644286,6.889104429356611,2.5942704677581787,-1817.1933333333322,-0.011944487033521427,24.40888287039364,0.5410672785604701,0.027008406896664595,0.08974527348490323,1136,329.1579654377748,0.30533790588378906
1137,3565.328,1801.513333333333,6947.666666666666,100,100,1033,2.396388574875711,6.725717973539851,2.68552565574646,-1801.513333333333,-0.02631499766207793,26.3963321797988,0.574389802182422,0.021381641717572862,0.09150326799820452,1137,329.15433863183387,0.30533790588378906
1138,3568.602,1846.6466666666672,7095.0,100,100,1041,2.4650733897598474,6.815561959654179,2.779463768005371,-1846.6466666666672,-0.01398839067448588,23.327619019676657,0.5760914420380312,0.011649757534649004,0.09607482701539993,1138,329.14397224398874,0.30533790588378906
1139,3571.625,1811.1900000000003,7002.333333333329,100,100,1027,2.263603894540563,6.818240830899055,2.533320188522339,-1811.1900000000003,-0.001103314242380507,23.32591450915617,0.6201343264649896,0.009912175489315653,0.08563112774316002,1139,329.1529797942178,0.30533790588378906
1140,3578.466,1863.8933333333332,7125.000000000001,100,100,1036,2.2390869672636726,6.877413127413129,2.5349907875061035,-1863.8933333333332,-0.02767066742457888,21.412919465233298,0.5738092248930651,0.020668892498018548,0.08946078445981531,1140,329.16439122420513,0.30533790588378906
1141,3581.593,1898.1433333333334,7170.333333333332,100,100,1032,2.3409719947795926,6.94799741602067,2.628257989883423,-1898.1433333333334,-0.04012535643928191,26.396270134869745,0.6188843767432606,-0.0021133586997166276,0.08685661764705882,1141,328.81429504788446,0.30533790588378906
1142,3584.575,1983.8066666666668,7152.333333333334,100,100,1031,2.2077295816504368,6.937277723892661,2.4923510551452637,-1983.8066666666668,-0.028288330992355067,27.342904623816995,0.6232488909188438,0.010270984172273208,0.08324579850715749,1142,328.8283941136939,0.30533790588378906
1143,3587.61,1815.4766666666662,6950.333333333334,100,100,1027,2.2747771163355877,6.767607919506654,2.5464727878570557,-1815.4766666666662,0.010048511711990131,25.44024366490981,0.583173436277053,0.01558016486438539,0.09191176470588236,1143,328.83648867697275,0.30533790588378906
1144,3590.81,1853.2266666666662,7095.66666666667,100,100,1032,2.4409243238452722,6.875645994832044,2.735865592956543,-1853.2266666666662,-0.008102582959348665,26.836978491614847,0.5342146044268328,0.015204303007682456,0.07950367647058823,1144,328.830839966881,0.30533790588378906
1145,3593.52,1685.6500000000003,6956.0,100,100,1037,1.9750015429789587,6.707810993249759,2.2507896423339844,-1685.6500000000003,-0.027943485690390363,36.6968568353092,0.49318459367050843,0.014637397478937227,0.08441742115160998,1145,328.8714169170904,0.30533790588378906
1146,3596.236,1668.523333333336,6664.6666666666715,100,100,1037,1.9683493725621395,6.426872388299587,2.245584726333618,-1668.523333333336,-0.02605010333525784,26.813716776230756,0.5623196845545488,0.011043891502434717,0.08498303175849073,1146,328.9113845114931,0.30533790588378906
1147,3598.927,1881.306666666666,6920.666666666669,100,100,1031,1.9512253151312253,6.712576786291629,2.2236642837524414,-1881.306666666666,-0.01889866595978246,26.179132349350873,0.5783473577569512,0.010276588179883273,0.09571953819078557,1147,328.9519754133292,0.30533790588378906
1148,3601.602,1772.03,6957.333333333336,100,100,1028,1.9438833628821002,6.7678339818417665,2.2022740840911865,-1772.03,0.029822219163179398,23.394820732228897,0.5157112198717454,0.013367654125699225,0.08134191176470588,1148,328.9930346568146,0.30533790588378906
1149,3604.34,1830.823333333333,7069.666666666666,100,100,1033,1.988033588708803,6.843820587286221,2.2614409923553467,-1830.823333333333,-0.009130218340193523,18.22892372748431,0.5390289785230861,0.010425133736776736,0.10406454258105334,1149,329.029731769308,0.30533790588378906
1150,3610.33,1795.1033333333346,7055.333333333336,100,100,1036,2.0090197869234907,6.810167310167312,2.290074348449707,-1795.1033333333346,-0.008816923781791153,21.87189775354722,0.5314698412137873,0.00991707669762785,0.09635416681275648,1150,329.0641654206515,0.30533790588378906
1151,3613.055,1802.9100000000014,6918.333333333333,100,100,1030,1.9757834974070558,6.716828478964401,2.2451395988464355,-1802.9100000000014,-0.03955377287724439,24.269917151507208,0.5061857498743955,0.02475771714029286,0.0931372550480506,1151,328.807876492813,0.30533790588378906
1152,3615.77,1781.6733333333332,6892.666666666666,100,100,1032,1.9838100775504166,6.6789405684754515,2.2538108825683594,-1781.6733333333332,-0.03622757227105253,24.558836375965793,0.5400000696673113,0.013859349138596478,0.09558823529411764,1152,328.8464079749949,0.30533790588378906
1153,3618.486,1899.3166666666677,7077.333333333334,100,100,1033,1.9782101664473983,6.851242336237497,2.258406162261963,-1899.3166666666677,0.006581295172081274,29.208533455343808,0.5308310056433958,0.01845432392677621,0.09012459152761627,1153,328.88507736292866,0.30533790588378906
1154,3621.261,1884.3800000000008,7141.333333333334,100,100,1033,2.0057995179767243,6.913197805743789,2.285538673400879,-1884.3800000000008,-0.010234595495550072,22.864093892714557,0.5377465845907435,0.022202839102486476,0.08925653599640902,1154,328.9182990173703,0.30533790588378906
1155,3624.451,1858.9733333333331,7125.333333333337,100,100,1034,2.39543297946835,6.891038039974213,2.69003963470459,-1858.9733333333331,-0.02493696196881287,37.71437802034266,0.5440929014893139,0.006421600509544506,0.0783088235732387,1155,328.9140457175471,0.30533790588378906
1156,3627.553,1851.5700000000006,7020.333333333332,100,100,1031,2.323206207104331,6.809246686065308,2.6092207431793213,-1851.5700000000006,-0.034948622807860374,28.162808362175436,0.5394369512796402,0.004972602634498959,0.07536764705882353,1156,328.9170510744224,0.30533790588378906
1157,3630.55,1912.4699999999998,7185.666666666667,100,100,1032,2.221482170812511,6.962855297157623,2.5058600902557373,-1912.4699999999998,-0.020394300329772866,26.01251604977776,0.5267216440509347,0.02775935605442261,0.10386029411764706,1157,328.9298030319159,0.30533790588378906
1158,3633.632,1902.046666666667,6970.33333333333,100,100,1030,2.309585242527673,6.767313915857602,2.593369245529175,-1902.046666666667,-0.024775368325850543,29.41757563983693,0.5433220276061226,0.012949849533684114,0.0900735294117647,1158,328.93420748689573,0.30533790588378906
1159,3636.786,2013.0100000000018,7291.333333333334,100,100,1031,2.365375559476216,7.072098286453282,2.659132242202759,-2013.0100000000018,0.00029782534522168776,32.09498371797449,0.48420429492698,0.028077371985144803,0.10129989552147248,1159,328.93244685027423,0.30533790588378906
1160,3643.495,1723.9299999999994,6800.666666666665,100,100,1030,2.3541582529026184,6.602588996763752,2.6328070163726807,-1723.9299999999994,-0.021389317150939915,36.04096485586727,0.4941077381372452,0.0029066653497626677,0.0966605395078659,1160,328.93308163289095,0.30533790588378906
1161,3646.567,1754.166666666667,6900.333333333335,100,100,1031,2.2918134810318076,6.69285483349499,2.573729991912842,-1754.166666666667,-0.026173100642421666,31.466957484974582,0.4870043414480546,0.015361383858629885,0.11731880289666793,1161,328.6154185503577,0.30533790588378906
1162,3649.762,1869.266666666666,7132.33333333333,100,100,1038,2.4087097322405002,6.871226718047525,2.712930202484131,-1869.266666666666,-0.016314525650266337,30.24156890195959,0.504622707472128,0.011050601373426616,0.08528098748887286,1162,328.61213930340955,0.30533790588378906
1163,3652.573,1708.956666666667,6792.666666666664,100,100,1035,2.068474495464009,6.562962962962961,2.3488337993621826,-1708.956666666667,-0.025226770270177546,24.04796802296358,0.5103336493758595,0.00957845600308193,0.09817847609519958,1163,328.6425458474257,0.30533790588378906
1164,3655.349,1799.5033333333329,6983.666666666668,100,100,1034,2.0300000954403163,6.754029658284979,2.3070662021636963,-1799.5033333333329,-0.04262098900097258,24.7580465148477,0.5077974542098886,0.018766326696255848,0.10101102949941859,1164,328.675878010496,0.30533790588378906
1165,3658.118,1693.1466666666677,6835.333333333333,100,100,1031,2.022429484789098,6.629809246686065,2.2888023853302,-1693.1466666666677,-0.008709826397106928,28.70514404072481,0.4396635442972183,0.022247535053311902,0.12060136610970777,1165,328.70890484902804,0.30533790588378906
1166,3660.872,1795.1366666666665,7045.666666666665,100,100,1034,2.0101280483044324,6.81399097356544,2.286288022994995,-1795.1366666666665,-0.017862510675673977,21.19043841081507,0.4241430706837598,0.019810903115499327,0.09209558827912107,1166,328.7441422432824,0.30533790588378906
1167,3663.648,1829.2999999999995,7303.666666666666,100,100,1036,2.0164441115952827,7.049871299871299,2.296091079711914,-1829.2999999999995,0.004430991268771536,33.06097069908591,0.4265952557325363,0.015078722869100817,0.10891544117647059,1167,328.7777878047867,0.30533790588378906
1168,3666.47,1937.3299999999997,7307.666666666664,100,100,1035,2.0618934327160607,7.060547504025762,2.350257635116577,-1937.3299999999997,-0.021200101986965713,26.27158748402315,0.4350893111789928,0.01658387228791766,0.12115641727167017,1168,328.8070040928965,0.30533790588378906
1169,3669.316,1890.7999999999997,7245.000000000002,100,100,1039,2.066205297256134,6.973051010587104,2.359088182449341,-1890.7999999999997,-0.027510207913377705,28.393473737380084,0.4373648289371939,0.02128903934841647,0.09767156883197672,1169,328.83513262141696,0.30533790588378906
1170,3675.383,1720.6666666666663,6716.333333333333,100,100,1032,2.0398372089826005,6.508074935400517,2.313230037689209,-1720.6666666666663,-0.005930492435308064,23.76224464528701,0.4195517585338915,0.027110229458605105,0.07904411764705882,1170,328.8670353389067,0.30533790588378906
1171,3678.216,1790.1700000000012,6971.33333333333,100,100,1042,2.0417879058956214,6.69033909149072,2.335494041442871,-1790.1700000000012,-0.014752493349506575,18.28199040188509,0.47451023406842174,0.013494334252112928,0.08808210798922707,1171,328.60328814686943,0.30533790588378906
1172,3681.031,1895.2200000000018,7167.666666666668,100,100,1033,2.054950920977636,6.938689899967732,2.3352713584899902,-1895.2200000000018,-0.02084020821048933,22.789142103756177,0.48090724997660694,0.007991799809079728,0.09385212423170314,1172,328.63277301758194,0.30533790588378906
1173,3683.774,1719.5966666666668,6851.666666666665,100,100,1038,1.9994689790246674,6.600834938985226,2.2800955772399902,-1719.5966666666668,-0.02405274736092371,23.681325435638428,0.5295414845733082,0.02505096190211856,0.10484506321303985,1173,328.6698435756358,0.30533790588378906
1174,3686.509,1777.4566666666663,6826.666666666666,100,100,1037,1.9934828353420675,6.58309225329476,2.2755074501037598,-1777.4566666666663,-0.03192978664575254,26.89303762772504,0.5363113468184191,0.0006235166356953628,0.07801894821664866,1174,328.7071720422868,0.30533790588378906
1175,3689.232,1809.0866666666668,6996.000000000003,100,100,1036,1.9842919898731814,6.752895752895755,2.2641966342926025,-1809.0866666666668,-0.018017766504165006,21.3075790124781,0.5496929682352963,0.0028461923185900294,0.07199754916569766,1175,328.7454249115076,0.30533790588378906
1176,3691.978,1816.6500000000008,7103.333333333338,100,100,1035,2.0004490843708607,6.86312399355878,2.281782627105713,-1816.6500000000008,-0.007553870187086218,22.170808651868036,0.555410351823358,0.022693031344234067,0.09855447884868174,1176,328.78124996161273,0.30533790588378906
1177,3694.793,1833.89,6940.000000000002,100,100,1041,2.021872620438257,6.666666666666669,2.3207197189331055,-1833.89,-0.021500688429702732,28.563249027027805,0.5251183615011328,0.0195629323613556,0.11445718006614376,1177,328.8124317025301,0.30533790588378906
1178,3697.57,1970.4966666666662,7331.666666666665,100,100,1035,2.0250277282166236,7.083735909822865,2.3105735778808594,-1970.4966666666662,-0.01296762891990297,32.35250024234547,0.5071663190336788,0.014403242371318972,0.0844752674593645,1178,328.84555999219793,0.30533790588378906
1179,3700.326,1775.0233333333329,6905.333333333335,100,100,1032,2.0195875993014725,6.6912144702842395,2.2913286685943604,-1775.0233333333329,-0.02389175718759789,23.881311304428998,0.5217984047006158,0.014104666784131789,0.08501838235294118,1179,328.879429452284,0.30533790588378906
1180,3706.273,1966.7533333333333,7186.333333333331,100,100,1032,1.983136532227184,6.963501291989662,2.260838031768799,-1966.7533333333333,-0.00369707473060664,55.51525135601268,0.5738939011798185,0.0024668416727389045,0.08134191176470588,1180,328.9160854790756,0.30533790588378906
1181,3709.043,1870.93,6965.000000000004,100,100,1032,2.012154558161815,6.749031007751942,2.289321184158325,-1870.93,-0.010253422126612243,29.6357102394104,0.5663246188093635,0.004325141161269344,0.0703125,1181,328.6629891619554,0.30533790588378906
1182,3711.807,1839.6366666666663,7093.333333333332,100,100,1033,2.0221644728052333,6.8667312036140675,2.303332567214966,-1839.6366666666663,-0.010136359261677545,30.807465216692755,0.5361899277743172,0.024596384356674904,0.09293300658464432,1182,328.6965251362277,0.30533790588378906
1183,3714.49,1901.2533333333333,7108.999999999998,100,100,1035,1.946767152664994,6.868599033816423,2.2235524654388428,-1901.2533333333333,-0.02525439244859359,28.93158009473015,0.5422146706020131,0.0055549334478307765,0.08008856983745799,1183,328.7377446719963,0.30533790588378906
1184,3717.166,1898.2533333333326,7054.000000000001,100,100,1033,1.9403239119336342,6.828654404646661,2.2146143913269043,-1898.2533333333326,-0.015333558980594663,33.36746754365809,0.533162893179585,0.012505692399024744,0.10023488564526334,1184,328.779005031404,0.30533790588378906
1185,3719.849,1797.106666666666,6895.666666666666,100,100,1033,1.9502739582277495,6.675379154565989,2.222055196762085,-1797.106666666666,-0.020248563905410907,30.70126558752621,0.5118327421300551,0.010270290494458201,0.09160539222990766,1185,328.81949155871536,0.30533790588378906
1186,3722.527,1922.7600000000007,7219.333333333338,100,100,1030,1.935929321747237,7.009061488673144,2.206423044204712,-1922.7600000000007,-0.0122327620492262,23.889503871693332,0.4948408557649921,0.005636160323560676,0.0696997550480506,1186,328.8596738372374,0.30533790588378906
1187,3725.206,1889.9133333333332,7024.666666666668,100,100,1030,1.9425290324770421,6.820064724919095,2.2131195068359375,-1889.9133333333332,-0.003811370732043596,35.63119978063247,0.5663513427271563,0.009786646347492933,0.07889093151863884,1187,328.89966965303694,0.30533790588378906
1188,3727.895,1853.826666666666,7027.666666666665,100,100,1035,1.9464445421877115,6.79001610305958,2.2259182929992676,-1853.826666666666,-0.011826135492061867,25.220820174497717,0.5036491769201615,0.01763006960562266,0.11639371689628153,1188,328.94007722253434,0.30533790588378906
1189,3730.599,1816.9266666666676,6994.0,100,100,1034,1.956754836827567,6.764023210831722,2.2307605743408203,-1816.9266666666676,-0.01513724505682202,22.519552567425897,0.49426834197605357,0.012454254812944461,0.09264705921797191,1189,328.97876202409395,0.30533790588378906
1190,3736.42,1823.186666666665,6910.666666666661,100,100,1033,1.951441821522311,6.68989996773152,2.226518392562866,-1823.186666666665,-0.009766367702361415,28.583861968096564,0.5227266620187199,0.007828029009568341,0.08415032682173393,1190,329.0185272708851,0.30533790588378906
1191,3739.109,1874.1266666666663,7014.000000000005,100,100,1035,1.9312752652598393,6.776811594202903,2.207620620727539,-1874.1266666666663,-0.006706120172405944,34.50946056141573,0.506312707767767,0.004007080871173564,0.11463903767221115,1191,328.78313731483394,0.30533790588378906
1192,3741.962,1853.6266666666675,6979.333333333331,100,100,1038,2.0748701345611558,6.723827874116889,2.3690266609191895,-1853.6266666666675,-0.023095121771535453,29.609915508943445,0.45930880658766804,0.01114451022038017,0.10044642866534345,1192,328.8098360181816,0.30533790588378906
1193,3745.023,1752.7766666666657,6877.333333333332,100,100,1031,2.285620851770123,6.670546395085676,2.564011335372925,-1752.7766666666657,-0.006931323996361564,26.45039457433364,0.46551875068860893,0.02645999427391764,0.14443277348490322,1193,328.8163836341586,0.30533790588378906
1194,3748.126,1877.6866666666663,7162.000000000002,100,100,1036,2.324754631476707,6.913127413127415,2.622370719909668,-1877.6866666666663,-0.013623937978135311,33.25205982432646,0.5173847298411762,0.017867949229719883,0.10340073529411764,1194,328.8205714824001,0.30533790588378906
1195,3751.233,1879.2633333333333,7252.333333333334,100,100,1035,2.319597005776629,7.007085346215781,2.614854574203491,-1879.2633333333333,-0.02193237156333292,38.46014903573429,0.528262602055774,0.018174101858783293,0.12274398435564603,1195,328.82412349325364,0.30533790588378906
1196,3754.2,1888.6433333333332,7121.333333333331,100,100,1034,2.190641583843297,6.88716956802063,2.4786295890808105,-1888.6433333333332,-0.020051611642188886,24.20340840956744,0.5141575958798913,0.02424119718318038,0.10091911782236661,1196,328.8397497993566,0.30533790588378906
1197,3757.116,1882.4866666666671,7136.333333333334,100,100,1031,2.1347390889993187,6.921758810216619,2.4139211177825928,-1882.4866666666671,-0.010161488946965513,21.401293922873105,0.542112303130767,0.020229313419857883,0.11088497936725616,1197,328.85890443944106,0.30533790588378906
1198,3760.263,2022.67,7188.999999999995,100,100,1030,2.364898059015316,6.979611650485433,2.6542105674743652,-2022.67,-0.008429403553771623,44.07472947064568,0.5972693124238182,0.026685910374747917,0.12484681430984945,1198,328.8575829006451,0.30533790588378906
1199,3763.425,1886.006666666667,7113.333333333333,100,100,1030,2.385547474813331,6.906148867313916,2.671421527862549,-1886.006666666667,-0.01230754199273446,32.46109457576976,0.5465976508224711,0.008543271283783457,0.08731617647058823,1199,328.8549983514728,0.30533790588378906
1200,3769.927,1770.2933333333335,6804.000000000002,100,100,1029,2.238164429482257,6.612244897959186,2.5096466541290283,-1770.2933333333335,-0.00987144828061847,26.804748086368335,0.5791905864196665,0.017665107987875885,0.09696691176470588,1200,328.86587659210335,0.30533790588378906
1201,3772.812,1894.6099999999994,7147.33333333333,100,100,1033,2.1178431738851393,6.919006131010001,2.40084171295166,-1894.6099999999994,0.00019279955064549167,36.77028515759636,0.6003298899706673,0.016427809680702492,0.10457516352043432,1201,328.5832999125349,0.30533790588378906
1202,3775.562,1887.5333333333338,7074.333333333337,100,100,1028,2.017711575962023,6.8816472114137515,2.2844021320343018,-1887.5333333333338,-0.023339640568284428,22.33162203957053,0.6441865878946641,0.011177958790486789,0.08823529411764706,1202,328.61624090970514,0.30533790588378906
1203,3778.335,1824.3333333333335,6877.000000000002,100,100,1029,2.033836637176501,6.683187560738583,2.303680658340454,-1824.3333333333335,-0.03189938066198545,27.126131639761084,0.6421131561784184,0.014298354289220536,0.08630514714647741,1203,328.6474106729293,0.30533790588378906
1204,3781.104,1875.3066666666678,7053.666666666668,100,100,1030,2.0201987368778047,6.84822006472492,2.2916202545166016,-1875.3066666666678,-0.010923696900991833,36.385794134701,0.5933895864907432,0.003400785875890185,0.07567401975393295,1204,328.67916135954937,0.30533790588378906
1205,3783.858,1928.2900000000002,7148.666666666669,100,100,1031,2.012580216281427,6.9337213061752365,2.290519952774048,-1928.2900000000002,0.01680423880872481,51.038502132191375,0.6346907878623289,0.013200591770274675,0.10720850877902087,1205,328.7123548229943,0.30533790588378906
1206,3786.679,1934.3999999999996,7159.999999999996,100,100,1035,2.0409853149268433,6.917874396135262,2.329597234725952,-1934.3999999999996,-0.01702116002493045,29.11848326290355,0.5964615993640002,0.03142625561860554,0.12855113692143383,1206,328.7408637288191,0.30533790588378906
1207,3789.44,1816.9499999999985,7062.666666666668,100,100,1029,2.025786976997928,6.8636216391318445,2.2935829162597656,-1816.9499999999985,-0.04063542540568639,24.34266703269061,0.5775788154672173,0.02748378783272689,0.117095588322948,1207,328.772870641165,0.30533790588378906
1208,3792.209,1895.5233333333342,7126.333333333333,100,100,1030,2.0158365046723015,6.918770226537217,2.289350986480713,-1895.5233333333342,-0.022449794170611045,36.286373643314136,0.5521676785805646,0.023858732817804113,0.11274509833139532,1208,328.8043969359848,0.30533790588378906
1209,3794.969,1896.6833333333334,7088.999999999997,100,100,1034,2.007203286953227,6.855899419729204,2.2886013984680176,-1896.6833333333334,0.012004786910598768,29.8435479332419,0.5885597484953263,0.01627656729782329,0.08887867651441518,1209,328.83770044740584,0.30533790588378906
1210,3800.907,1918.0566666666668,7046.000000000003,100,100,1030,1.992457184841115,6.840776699029129,2.263753890991211,-1918.0566666666668,-0.04117247081526062,33.70690390642952,0.5769794881343842,0.023096958586179158,0.08609068656668943,1210,328.87140983653546,0.30533790588378906
1211,3803.632,1832.1833333333332,6912.333333333331,100,100,1028,1.9791190651089592,6.724059662775614,2.2433526515960693,-1832.1833333333332,-0.08097302185042816,32.679915596457086,0.5786772668361664,0.01804834997336216,0.07077205882352941,1211,328.62996688679164,0.30533790588378906
1212,3806.335,1934.0633333333328,7289.333333333336,100,100,1033,1.9680327220368203,7.056469828977091,2.243558883666992,-1934.0633333333328,-0.041352753089193034,32.27782642140108,0.647178541211521,0.023633452036472803,0.0998263889375855,1212,328.66782510930045,0.30533790588378906
1213,3809.077,1888.57,7170.000000000002,100,100,1035,1.983043958954873,6.927536231884059,2.2631776332855225,-1888.57,-0.02253040361820775,25.44572255190681,0.6592065762071049,0.018405760220690248,0.09901403767221115,1213,328.7030279318183,0.30533790588378906
1214,3811.785,1827.5899999999988,7001.666666666666,100,100,1029,1.9804681205544603,6.80434078393262,2.244410514831543,-1827.5899999999988,-0.00930861706900246,28.780381090500775,0.683227196774062,0.014380789492005372,0.07904411764705882,1214,328.739531371615,0.30533790588378906
1215,3814.511,1881.3966666666665,7132.0,100,100,1034,1.9748472910134818,6.897485493230174,2.254689931869507,-1881.3966666666665,0.01311563903137165,40.34055479835062,0.7122768812319812,0.015238665879758842,0.08740808836677495,1215,328.7756016741175,0.30533790588378906
1216,3817.201,1977.576666666666,7215.666666666666,100,100,1030,1.954910096834477,7.005501618122977,2.224055290222168,-1977.576666666666,-0.010866368408588803,31.562260235057156,0.6587142663843492,0.009551939157330814,0.07215073529411764,1216,328.8137185742209,0.30533790588378906
1217,3819.91,1915.5266666666666,6960.666666666665,100,100,1031,1.9778911724178958,6.751374070481732,2.250715732574463,-1915.5266666666666,-0.009578573407933992,22.661453751956714,0.7402465010390562,0.020622357712401188,0.10911239552147248,1217,328.8503779720226,0.30533790588378906
1218,3822.615,1879.6,6961.333333333334,100,100,1028,1.9604813206509655,6.771725032425422,2.226560354232788,-1879.6,-0.03853100814911373,31.53865965674905,0.6934059525237364,0.022178027854191467,0.07582720588235294,1218,328.8865979910217,0.30533790588378906
1219,3825.338,1871.4799999999998,7071.666666666669,100,100,1032,1.9875153109102777,6.8523901808785554,2.2606096267700195,-1871.4799999999998,-0.016579954830162665,35.03423219568589,0.6370226144790649,0.0087590369341128,0.07904411764705882,1219,328.92230951261246,0.30533790588378906
1220,3831.236,1867.5299999999988,7183.0,100,100,1031,1.9767014536722973,6.967022308438409,2.2441821098327637,-1867.5299999999988,-0.018805027775028172,41.83363437652588,0.5997983918470495,0.00947847800082801,0.0915178573306869,1220,328.95785783520665,0.30533790588378906
1221,3833.909,1897.6033333333335,7121.999999999998,100,100,1033,1.9383480193567646,6.894482090997094,2.21006178855896,-1897.6033333333335,-0.025162182638750356,21.913457926581888,0.6486604608157102,0.008067940217990647,0.07633782682173393,1221,328.72530990174454,0.30533790588378906
1222,3836.588,1804.3066666666666,7179.666666666666,100,100,1036,1.9328143822054404,6.930180180180179,2.2078404426574707,-1804.3066666666666,0.01591344374944182,37.00158618478214,0.6566622011801776,0.02121908323811915,0.1087622550480506,1222,328.7658410643984,0.30533790588378906
1223,3839.265,1903.1766666666665,7214.666666666666,100,100,1035,1.9445040587173856,6.9706924315619965,2.2212445735931396,-1903.1766666666665,-0.01959087047725916,40.35425921047435,0.6031538835343193,0.027441090185140425,0.0947108961203519,1223,328.8061372900925,0.30533790588378906
1224,3841.937,1827.5199999999995,7031.666666666666,100,100,1028,1.9518692597451508,6.840142671854734,2.21177077293396,-1827.5199999999995,-0.006398611428106532,27.08016263737398,0.5597346118267845,0.030631763422313857,0.11856617647058823,1224,328.8450252874781,0.30533790588378906
1225,3844.627,1920.9000000000008,7167.999999999999,100,100,1029,1.914871138845461,6.965986394557822,2.1783080101013184,-1920.9000000000008,0.0005798973964855951,30.72159486658433,0.6093186315368203,0.038661661633180786,0.08354779420530095,1225,328.8826257698048,0.30533790588378906
1226,3847.328,1909.6299999999994,7123.666666666665,100,100,1032,1.9660695749714017,6.902777777777776,2.238875389099121,-1909.6299999999994,0.015611272031331764,31.654566596536075,0.6013339617673088,0.017197722322581446,0.07536764705882353,1226,328.9200018967034,0.30533790588378906
1227,3849.992,1934.9233333333343,7114.666666666667,100,100,1031,1.9333649849678118,6.900743614613644,2.2039308547973633,-1934.9233333333343,0.0027754140250823077,34.86203030978932,0.5476201124051038,0.02340945031713037,0.1122636558378444,1227,328.96018779709806,0.30533790588378906
1228,3852.642,1962.2766666666669,7208.333333333329,100,100,1031,1.9216949564371362,6.991593921758806,2.190319299697876,-1962.2766666666669,-0.02363384942359784,26.75961514080272,0.5693502163185793,0.030913652537171456,0.051011029411764705,1228,329.0015067979322,0.30533790588378906
1229,3855.297,1841.3866666666675,7005.333333333331,100,100,1035,1.9241298575872097,6.76843800322061,2.1964240074157715,-1841.3866666666675,-0.022951479836860123,25.53959810032564,0.5671442676992977,0.0391819204121609,0.08192680513157564,1229,329.0433692540772,0.30533790588378906
1230,3861.208,1899.296666666668,7153.666666666665,100,100,1031,1.9253397663733647,6.938570966698996,2.1923880577087402,-1899.296666666668,-0.0022039796937914457,26.67621430228738,0.6028738214689142,0.0268675325821866,0.07641806760255028,1230,329.08454386632167,0.30533790588378906
1231,3864.388,1816.8533333333335,7160.333333333329,100,100,1034,2.3832456476723403,6.9248871695680165,2.673171043395996,-1816.8533333333335,-0.011837362092645728,18.392200301675235,0.6407010327367222,0.03222925981561489,0.08014705886735636,1231,328.8037133358796,0.30533790588378906
1232,3867.375,1933.6466666666693,7267.000000000003,100,100,1035,2.193806861675736,7.021256038647346,2.4836719036102295,-1933.6466666666693,-0.018925378482569668,24.968691433177273,0.6155143485349768,0.022121485964710114,0.06279244668343488,1232,328.8173248093148,0.30533790588378906
1233,3870.337,1920.413333333334,7118.666666666669,100,100,1027,2.1874822802912397,6.931515741642326,2.45815110206604,-1920.413333333334,-0.024002236204550546,23.343512170455035,0.6773716719711528,0.022511227665852535,0.059283088235294115,1233,328.8310843775926,0.30533790588378906
1234,3873.559,1907.5633333333335,7174.333333333331,100,100,1033,2.416243659587539,6.945143594707968,2.71022367477417,-1907.5633333333335,-0.008159055648481144,19.6775620544658,0.6254876738085466,0.022577268735724774,0.0676062091746751,1234,328.8242296876495,0.30533790588378906
1235,3876.77,1916.816666666666,7146.666666666668,100,100,1028,2.438221594041525,6.952010376134891,2.7182483673095703,-1916.816666666666,-0.007499307174892987,25.303335021523868,0.5906825819436241,0.024784740581012824,0.1130514705882353,1235,328.81701126092867,0.30533790588378906
1236,3879.729,1763.0466666666662,6891.333333333331,100,100,1025,2.2075243889376885,6.723252032520323,2.4683706760406494,-1763.0466666666662,-0.04744774618131273,17.178358884418714,0.5632945746183395,0.007758542977492599,0.06433823529411764,1236,328.8304154323209,0.30533790588378906
1237,3882.654,1793.2600000000002,7004.999999999999,100,100,1033,2.1599016478240114,6.7812197483059045,2.438605785369873,-1793.2600000000002,-0.01911575615625171,19.244063152986413,0.5715632280882668,0.031089758948998198,0.06020220588235294,1237,328.8487768626448,0.30533790588378906
1238,3885.855,1843.0166666666669,7098.999999999998,100,100,1036,2.4084640927765606,6.8523166023166,2.704329490661621,-1843.0166666666669,-0.008963824742857148,22.54474900750553,0.6067733764648438,0.007838671876336722,0.0661764705882353,1238,328.8445046755063,0.30533790588378906
1239,3889.087,1865.033333333334,6982.666666666669,100,100,1027,2.4409754654735383,6.7990912041544975,2.7155520915985107,-1865.033333333334,-0.01950454229817671,25.511558967478134,0.5622557059806936,0.01598365412792191,0.06479779411764706,1239,328.83528830292977,0.30533790588378906
1240,3895.704,1869.22,7201.666666666669,100,100,1034,2.2580896520435925,6.964861379754999,2.5479929447174072,-1869.22,-0.015147719148765592,18.59381975847132,0.6330393456360873,0.01595343372387373,0.08097426483736318,1240,328.8443174432107,0.30533790588378906
1241,3898.558,1917.213333333333,7197.333333333333,100,100,1033,2.0960882869129867,6.967408841561793,2.3743066787719727,-1917.213333333333,-0.014068066745119937,25.440366127911737,0.7002472912563997,0.012701718711896855,0.10217524517108412,1241,328.566577729699,0.30533790588378906
1242,3901.371,1866.363333333334,7140.000000000005,100,100,1030,2.0521681554597415,6.93203883495146,2.3228759765625,-1866.363333333334,-0.00843246390714365,21.144161028020523,0.6387721440371346,0.03075275371563347,0.057751225636285895,1242,328.5936897435032,0.30533790588378906
1243,3904.42,1844.4566666666674,6917.666666666667,100,100,1032,2.266073353316043,6.703165374677003,2.5483546257019043,-1844.4566666666674,0.009997315869173583,27.941869343028348,0.626873205689823,0.03722991795032559,0.05560661764705882,1243,328.6014162431657,0.30533790588378906
1244,3907.47,1912.3000000000006,7312.333333333332,100,100,1030,2.275961555215051,7.09935275080906,2.5567526817321777,-1912.3000000000006,0.005805438165278996,25.93800724253935,0.6363645476453444,0.020427471143193543,0.08256740210687413,1244,328.6085208788444,0.30533790588378906
1245,3910.289,1965.6566666666656,7186.666666666666,100,100,1031,2.0626828335966305,6.970578726155835,2.339125633239746,-1965.6566666666656,0.00010098023887942819,35.43834523593678,0.6477999941391104,0.03263892894199885,0.05888918086009867,1245,328.635293481817,0.30533790588378906
1246,3913.141,2030.0166666666657,7201.999999999999,100,100,1033,2.0864845138802286,6.971926427879961,2.372483730316162,-2030.0166666666657,-0.03832269854405347,42.70446042453541,0.631374131230747,0.026773445869741196,0.09706903599640902,1246,328.65974844136775,0.30533790588378906
1247,3916.172,1913.316666666666,7110.333333333333,100,100,1035,2.258947730662778,6.86988727858293,2.5535717010498047,-1913.316666666666,-0.008148735827382873,35.01696513680851,0.6083627474658629,0.02024660588529728,0.083013034918729,1247,328.6696524064296,0.30533790588378906
1248,3919.208,1898.3966666666665,7162.333333333334,100,100,1032,2.26083866177513,6.940245478036176,2.542304039001465,-1898.3966666666665,-0.03336547435644795,20.287913771236646,0.61450354579617,0.019136531055932316,0.09834558823529412,1248,328.67843448174295,0.30533790588378906
1249,3922.292,1966.4500000000012,7206.666666666669,100,100,1034,2.276194681110837,6.9696969696969715,2.5721278190612793,-1966.4500000000012,0.013945172650410849,38.62213235742905,0.66494260114782,0.015481959179262905,0.08419117682120379,1249,328.6835541542586,0.30533790588378906
1250,3928.978,1902.336666666667,7146.000000000005,100,100,1030,2.3865870859030887,6.937864077669907,2.6723036766052246,-1902.336666666667,-0.02276394609361887,23.453103093539966,0.6718334380318137,0.017778346972430453,0.10477941220297533,1250,328.68041575971995,0.30533790588378906
1251,3932.024,2005.3699999999997,7346.333333333332,100,100,1036,2.2452028004612603,7.09105534105534,2.544522523880005,-2005.3699999999997,-0.035534041878931666,31.971914333455704,0.6818286338273216,0.011047683854806511,0.07935049034216825,1251,328.39552586704906,0.30533790588378906
1252,3935.265,1962.0266666666657,7165.666666666666,100,100,1031,2.435816872289547,6.950210151956029,2.728400945663452,-1962.0266666666657,-0.016654807416831747,32.17119514240938,0.6472021840951022,0.0056487189482568815,0.07497373968362808,1252,328.3870555519837,0.30533790588378906
1253,3938.455,1967.44,7260.999999999997,100,100,1034,2.403556867556672,7.022243713733073,2.7010433673858643,-1967.44,-0.037017479484133864,33.870170929852655,0.625070688479087,0.008667101282352471,0.09724264745326604,1253,328.38363300028504,0.30533790588378906
1254,3941.4,1948.8,7117.000000000001,100,100,1031,2.160710281720448,6.903006789524734,2.441783905029297,-1948.8,-0.0010648311718421824,23.301872926599838,0.5892302613047993,0.0069183227058280915,0.10261292054372675,1254,328.3997708734919,0.30533790588378906
1255,3944.377,1824.8266666666657,6946.999999999997,100,100,1031,2.1850604257500295,6.738118331716777,2.4621222019195557,-1824.8266666666657,-0.01664853222010767,37.156661482418286,0.5975354559281293,0.0025225918644162662,0.10359768963911954,1255,328.41331820389735,0.30533790588378906
1256,3947.606,1987.8433333333326,7253.999999999997,100,100,1035,2.4112261811514264,7.008695652173911,2.7139763832092285,-1987.8433333333326,-0.03416517880909583,45.222023739534265,0.5571101386757458,0.010257082631784108,0.08460060200270485,1256,328.40690223983626,0.30533790588378906
1257,3950.776,1903.4266666666663,7146.666666666668,100,100,1026,2.413726319058764,6.965562053281353,2.690690755844116,-1903.4266666666663,-0.0004600543145309476,37.84259908339556,0.5865276109646348,0.011305953738937044,0.06709558823529412,1257,328.4030641688469,0.30533790588378906
1258,3953.481,1927.4266666666674,7006.000000000001,100,100,1033,1.9571558593313452,6.782187802516942,2.2375288009643555,-1927.4266666666674,-0.004251596682211932,34.236670550178076,0.5879617162487086,0.008660617221133126,0.08409926470588236,1258,328.4397849628779,0.30533790588378906
1259,3956.158,1839.233333333333,6958.666666666666,100,100,1026,1.9578304116570593,6.7823261858349575,2.21543025970459,-1839.233333333333,-0.016059091533808148,33.884400963783264,0.5636607491794754,0.015394601066980292,0.08915441176470588,1259,328.4767564898499,0.30533790588378906
1260,3961.992,1746.2300000000005,6848.66666666667,100,100,1027,1.9450770171192324,6.668614086335609,2.200293779373169,-1746.2300000000005,-0.045888382503215,34.115085882299084,0.5670251872609643,0.005286129075102508,0.07490808823529412,1260,328.51520829817593,0.30533790588378906
1261,3964.675,1802.813333333333,6992.666666666668,100,100,1028,1.9335072927660732,6.802204928664074,2.194932222366333,-1802.813333333333,0.006082313573535751,33.74768374947941,0.49716126655831056,0.00016519979929880183,0.08869485294117647,1261,328.2894903391112,0.30533790588378906
1262,3967.404,1935.8100000000006,7129.666666666668,100,100,1032,1.9785728679641417,6.908591731266151,2.254802942276001,-1935.8100000000006,-0.024124427534201565,31.793461133452023,0.5347785967237809,0.016817516147378173,0.0818014705882353,1262,328.32379129597814,0.30533790588378906
1263,3970.109,1902.7033333333325,7069.9999999999945,100,100,1030,1.9566166022503115,6.864077669902907,2.22737193107605,-1902.7033333333325,-0.007395954473930246,29.363261580467224,0.5775371448082083,0.012417489724398097,0.07536764705882353,1263,328.3594790016256,0.30533790588378906
1264,3972.797,1817.3933333333334,7058.333333333335,100,100,1032,1.9533282943167398,6.839470284237728,2.2231860160827637,-1817.3933333333334,-0.02187066859401324,31.138250743641574,0.5463271447840858,0.010278218484017998,0.08777573529411764,1264,328.39711482940527,0.30533790588378906
1265,3975.494,1835.659999999999,6880.666666666667,100,100,1033,1.956629816583373,6.660858341400452,2.2296082973480225,-1835.659999999999,-0.02271790854523287,28.17598275577321,0.5223457160241464,0.009819426222855006,0.0883374183493502,1265,328.43417092093233,0.30533790588378906
1266,3978.182,1902.2533333333333,7168.999999999999,100,100,1033,1.9490678577403477,6.939980638915778,2.2221550941467285,-1902.2533333333333,-0.008480872849331182,27.470348217908075,0.5360803604125977,0.006382229412659346,0.08415032682173393,1266,328.47192394254284,0.30533790588378906
1267,3980.95,1830.1066666666657,7027.000000000003,100,100,1030,1.983293979564338,6.822330097087382,2.254093885421753,-1830.1066666666657,-0.028256074908901665,27.223167026744168,0.5536681194515789,0.01875183084527688,0.078125,1267,328.50224867141065,0.30533790588378906
1268,3984.081,1827.0166666666669,6900.666666666664,100,100,1029,2.342666668000118,6.7061872367994795,2.623154640197754,-1827.0166666666669,-0.015110805849818623,41.604234134449676,0.5770660323255202,0.012109691249754499,0.08722426479353625,1268,328.5023169096575,0.30533790588378906
1269,3987.057,1834.2366666666671,7032.333333333335,100,100,1028,2.20634289455495,6.840791180285345,2.475273370742798,-1834.2366666666671,0.011306926169816186,38.272577566259045,0.5629610410507988,0.0392482726054047,0.10064338235294118,1269,328.5149772863737,0.30533790588378906
1270,3993.792,1862.2766666666662,7020.333333333331,100,100,1028,2.2142311289285015,6.829118028534369,2.487278938293457,-1862.2766666666662,-0.016231980284347254,26.276522692512064,0.5760211988844115,0.004592697273063309,0.0818014705882353,1270,328.5268918369566,0.30533790588378906
1271,3996.815,1931.0166666666662,7232.333333333337,100,100,1029,2.252189795042237,7.028506640751542,2.5316824913024902,-1931.0166666666662,-0.02085376952720039,27.55315681766061,0.5476295807782341,0.0120695338872097,0.09181985302883036,1271,328.22758843737853,0.30533790588378906
1272,3999.816,1843.5733333333326,6900.666666666669,100,100,1031,2.229818819198219,6.693178144196575,2.5096688270568848,-1843.5733333333326,-0.03761437359978171,26.100977448856128,0.5761475869837929,0.0012473532423267469,0.07412027348490323,1272,328.23911461305585,0.30533790588378906
1273,4002.83,1876.4433333333343,7138.999999999998,100,100,1035,2.2308261844594983,6.8975845410628,2.5211238861083984,-1876.4433333333343,-0.026522102930090007,30.411196568432977,0.6143485842382207,0.008775428420288818,0.0744485294117647,1273,328.2505524383184,0.30533790588378906
1274,4005.979,1897.6433333333337,6964.666666666667,100,100,1030,2.366207476402407,6.761812297734628,2.650787591934204,-1897.6433333333337,-0.01888494659215212,32.544644832611084,0.5749783415128203,0.015312678671976113,0.09635416681275648,1274,328.2496235589574,0.30533790588378906
1275,4009.07,1898.7499999999982,7071.3333333333285,100,100,1031,2.314884871403415,6.85871322340769,2.6001408100128174,-1898.7499999999982,-0.01742404299404691,24.90052599065444,0.601034642142408,0.008811611524673508,0.07910976909539279,1275,328.2536672452317,0.30533790588378906
1276,4011.984,1918.38,7055.000000000002,100,100,1033,2.1465401724612003,6.829622458857698,2.4360363483428955,-1918.38,-0.03150502329363542,30.54900301204008,0.5579745822093066,0.01762325963799787,0.09477124187876196,1276,328.27275002871886,0.30533790588378906
1277,4014.715,1831.8933333333325,7042.333333333336,100,100,1029,1.9782648195102595,6.843861354065438,2.2437987327575684,-1831.8933333333325,-0.048109058701597596,25.46434523077572,0.5548729607287575,0.00913869233473259,0.08318014705882353,1277,328.30577897622624,0.30533790588378906
1278,4017.462,1872.443333333334,7087.999999999997,100,100,1032,2.0051208306004678,6.868217054263563,2.2787764072418213,-1872.443333333334,-0.02807601837112623,26.39908790588379,0.5208441176835228,0.021680742731619188,0.07720588235294118,1278,328.3381067534961,0.30533790588378906
1279,4020.226,1832.6500000000005,7290.0000000000055,100,100,1035,1.9976952657607443,7.043478260869571,2.2755184173583984,-1832.6500000000005,-0.02849802648758187,34.01001728282255,0.5615257585749907,0.014408195093411076,0.07703877021284665,1279,328.36988509260794,0.30533790588378906
1280,4026.196,1838.6066666666668,7031.999999999996,100,100,1035,1.997682705503587,6.794202898550721,2.276167154312134,-1838.6066666666668,-0.03312334922306678,32.30519861333511,0.5274300693589098,0.011288188836153816,0.08401570863583509,1280,328.4030340205889,0.30533790588378906
1281,4028.907,1957.2599999999989,7189.999999999999,100,100,1033,1.9636450166113508,6.960309777347531,2.2412447929382324,-1957.2599999999989,-0.04014799711020554,32.63091917598949,0.5323100125088411,0.005318400491138592,0.08011642186080709,1281,328.1756543326276,0.30533790588378906
1282,4031.636,1904.8433333333337,7099.66666666667,100,100,1031,1.9703821525714793,6.886194633042357,2.2408905029296875,-1904.8433333333337,-0.025742961258134422,25.50716952716603,0.4947024776655085,0.008537860511911704,0.10944065144833397,1282,328.2092037046586,0.30533790588378906
1283,4034.354,1823.6600000000003,6907.000000000002,100,100,1028,1.9885594357513543,6.718871595330741,2.251080274581909,-1823.6600000000003,-0.03180363571600003,31.293539552127612,0.513701344237608,0.010517554052913672,0.07352941176470588,1283,328.2428750063828,0.30533790588378906
1284,4037.078,1748.313333333334,6893.000000000001,100,100,1025,1.988668197470649,6.7248780487804884,2.2405753135681152,-1748.313333333334,-0.03935834639431799,28.124561127494363,0.4620627620640923,0.020511167685446495,0.12913602941176472,1284,328.27530436938724,0.30533790588378906
1285,4039.846,1864.4800000000012,7089.333333333336,100,100,1034,1.9991062855126418,6.856221792392008,2.2754039764404297,-1864.4800000000012,-0.001867601538405699,21.175874092999628,0.46407068126341877,0.030628254780929315,0.0859375,1285,328.3062950659273,0.30533790588378906
1286,4042.604,2035.2200000000003,7254.000000000005,100,100,1029,2.000310787803469,7.049562682215748,2.2732155323028564,-2035.2200000000003,0.011506874716895469,37.495599690605616,0.48132458767470193,0.025922628414050183,0.09264705899883718,1286,328.33685499008715,0.30533790588378906
1287,4045.313,1935.7633333333315,7146.666666666665,100,100,1029,1.9722168136522014,6.9452542921930664,2.239612340927124,-1935.7633333333315,-0.018655859262627715,41.42342343049891,0.4735114263261066,0.020066058591884726,0.08492647067588918,1287,328.37138035818526,0.30533790588378906
1288,4048.065,1758.4833333333331,6936.000000000001,100,100,1034,2.008286652216468,6.7079303675048365,2.2831552028656006,-1758.4833333333331,0.01054757515735486,27.44191624136532,0.5104937229086371,0.022827016949817976,0.09172794157091309,1288,328.40356538721045,0.30533790588378906
1289,4050.859,1936.0466666666666,7170.000000000003,100,100,1032,1.9746996101818604,6.947674418604654,2.2500784397125244,-1936.0466666666666,0.009865925647318363,31.35090508180506,0.5039754343383452,0.010625273715156843,0.07904411764705882,1289,328.4318105013119,0.30533790588378906
1290,4056.801,1886.936666666667,7162.333333333334,100,100,1026,1.9570157864788225,6.980831708901885,2.215670347213745,-1886.936666666667,0.002589272116036976,26.730259523672217,0.5809630199664217,0.022761087967356777,0.09237132352941177,1290,328.4649537124177,0.30533790588378906
1291,4059.532,1951.7433333333327,7018.000000000002,100,100,1032,1.9801127906643259,6.800387596899227,2.256352663040161,-1951.7433333333327,-0.01329452418448294,38.9461093229406,0.5175979523097768,0.021392102497081983,0.07720588235294118,1291,328.2370886395797,0.30533790588378906
1292,4062.275,2046.813333333334,7334.333333333332,100,100,1031,1.9887643070190524,7.113805366957645,2.269083261489868,-2046.813333333334,-0.020045025931561693,45.01995383991915,0.5848337771261439,0.016559128194143447,0.0814732146613738,1292,328.2692248244639,0.30533790588378906
1293,4064.989,1974.313333333334,7286.666666666671,100,100,1031,1.9692950544401888,7.067571936631106,2.2430529594421387,-1974.313333333334,-0.01219981163740158,28.37878687241498,0.5898077417822445,0.013686056317216271,0.07766544117647059,1293,328.3037547569764,0.30533790588378906
1294,4067.714,2011.1866666666674,7275.666666666667,100,100,1028,1.9817078767610707,7.077496757457848,2.252664804458618,-2011.1866666666674,0.02535971549942213,43.42278514188879,0.5861999962259742,0.02050071715048569,0.10110294117647059,1294,328.33660486665804,0.30533790588378906
1295,4070.48,2006.1799999999994,7199.333333333335,100,100,1027,2.0139308699824734,7.010061668289518,2.2857367992401123,-2006.1799999999994,-0.017494769602575722,40.52771843180937,0.6383030958035413,0.028277319181463954,0.08823529411764706,1295,328.36573077793815,0.30533790588378906
1296,4073.142,1898.2266666666658,7196.333333333334,100,100,1029,1.9309984431154048,6.993521218011015,2.194251537322998,-1898.2266666666658,-0.028055891011129406,31.57761214761173,0.6687562930233338,0.008909080619238974,0.07536764705882353,1296,328.40374128304825,0.30533790588378906
1297,4075.798,1991.1566666666672,7189.333333333332,100,100,1029,1.920648301685495,6.9867184969225775,2.188182830810547,-1991.1566666666672,-0.021692116306546855,27.933082510443295,0.6770317466819987,0.017939061487970108,0.06893382352941177,1297,328.4421949936217,0.30533790588378906
1298,4078.469,1883.3900000000015,6987.333333333336,100,100,1028,1.9411682881684864,6.797016861219198,2.20341420173645,-1883.3900000000015,0.024095590883756384,30.3091360540951,0.6625359356403351,0.023977697676266816,0.08685661764705882,1298,328.4791536509136,0.30533790588378906
1299,4081.141,1965.323333333334,7304.666666666669,100,100,1033,1.9202132642608125,7.071313326879641,2.1947948932647705,-1965.323333333334,-0.006410860018256833,31.93603285621194,0.6971860966261696,0.014739286510602516,0.09574142164167236,1299,328.5171894161267,0.30533790588378906
1300,4086.93,1874.0999999999995,7164.666666666668,100,100,1034,1.923013926952955,6.929078014184398,2.195023775100708,-1874.0999999999995,-0.010202813071801382,27.883961593403537,0.6110274607644361,0.021138564320555067,0.085845588322948,1300,328.55592985027613,0.30533790588378906
1301,4089.618,1973.713333333334,7248.666666666671,100,100,1032,1.9314432151880938,7.023901808785533,2.2056241035461426,-1973.713333333334,-0.005647389053860132,32.45364660375259,0.6854013572720921,0.028706638806718674,0.09834558823529412,1301,328.3414917006266,0.30533790588378906
1302,4092.28,2026.7800000000007,7388.66666666667,100,100,1032,1.9200315906317875,7.159560723514215,2.1931509971618652,-2026.7800000000007,-0.010631048120558262,33.947263942045325,0.6801118202069226,0.021235905375386423,0.0859375,1302,328.3801378173746,0.30533790588378906
1303,4094.958,1825.846666666666,6930.666666666663,100,100,1031,1.9439199809969614,6.72227610733915,2.211221933364868,-1825.846666666666,-0.022177995949545327,29.029955863952637,0.6726297850117964,0.01925082821809851,0.07674632352941177,1303,328.4170434450756,0.30533790588378906
1304,4097.655,1930.9400000000003,7179.666666666666,100,100,1032,1.945959691201019,6.95704134366925,2.2179956436157227,-1930.9400000000003,-0.032390672658734465,31.383716835695154,0.6105026749565321,0.008801138138069826,0.08363970588235294,1304,328.45271526563437,0.30533790588378906
1305,4100.322,1961.830000000001,7082.666666666669,100,100,1031,1.926723472678277,6.869705787261561,2.200455904006958,-1961.830000000001,-0.05250713196309174,28.015386637519388,0.6185682827935499,0.0033307580537546206,0.07326680772444781,1305,328.49054433004545,0.30533790588378906
1306,4103.375,1939.080000000001,7099.333333333333,100,100,1033,2.267838624781151,6.872539528880283,2.556521415710449,-1939.080000000001,-0.020345422658411896,27.672677208395566,0.5960254274746951,0.021814095938359115,0.08333333340637825,1306,328.49791645207455,0.30533790588378906
1307,4106.563,1979.7433333333338,7155.000000000001,100,100,1033,2.3709823802746435,6.926427879961278,2.6686694622039795,-1979.7433333333338,-0.0242478814907372,43.209918414845184,0.595072485944804,0.008576600131003516,0.07730800658464432,1307,328.4944425787618,0.30533790588378906
1308,4109.555,1954.5999999999992,7123.666666666662,100,100,1028,2.2213294753779436,6.929636835278854,2.4989404678344727,-1954.5999999999992,-0.03482725515085108,28.335206887301275,0.6069707215270576,0.0077782920322052255,0.07674632352941177,1308,328.50538769911685,0.30533790588378906
1309,4112.53,1903.1166666666666,7057.0,100,100,1031,2.198835402848172,6.844810863239573,2.481443405151367,-1903.1166666666666,-0.02359998061814729,27.901536240297204,0.6241308906499077,0.008060330655151868,0.08698792054372675,1309,328.51848665141625,0.30533790588378906
1310,4119.175,1877.8866666666665,6996.333333333334,100,100,1031,2.175934817917486,6.785968315551245,2.4612720012664795,-1877.8866666666665,-0.036109255462446636,31.147878085865695,0.6025979808148216,0.013369328725863905,0.09342174407313852,1310,328.53306100700746,0.30533790588378906
1311,4122.234,1811.1866666666683,7084.333333333336,100,100,1033,2.2798256531839205,6.858018715714749,2.563387632369995,-1811.1866666666683,-0.015276294516618638,32.83296214832979,0.5657157091533437,0.01226478854796904,0.10483047388055745,1311,328.24580607461746,0.30533790588378906
1312,4125.218,1916.35,7166.333333333334,100,100,1030,2.2260698075044574,6.957605177993528,2.503772497177124,-1916.35,-0.021009849713129157,26.879135692820828,0.5424412155852598,0.010132584767073722,0.07352941176470588,1312,328.258019728241,0.30533790588378906
1313,4128.253,1895.8533333333326,7116.33333333333,100,100,1034,2.2396820104668347,6.882333978078656,2.5276973247528076,-1895.8533333333326,-0.022793094189289737,26.53888651903938,0.6112150856677223,0.015555117851095823,0.08529411782236661,1313,328.267199453044,0.30533790588378906
1314,4131.302,1767.7766666666662,6845.999999999998,100,100,1036,2.283373551508843,6.608108108108106,2.574768304824829,-1767.7766666666662,-0.00017014359507490606,35.74932261074291,0.5861382247770534,0.018322273465695187,0.08915441198384061,1314,328.27571691402784,0.30533790588378906
1315,4134.058,1808.0566666666668,6984.333333333335,100,100,1030,2.0137062122213463,6.780906148867316,2.2817914485931396,-1808.0566666666668,-0.01618016738554134,33.74896977929508,0.5955017472014708,0.005004029823741054,0.07674632352941177,1315,328.3059526493711,0.30533790588378906
1316,4136.865,1885.563333333334,7106.333333333335,100,100,1030,2.0592671808859024,6.899352750809063,2.3300044536590576,-1885.563333333334,-0.029067706645411605,24.338855238521802,0.6512069526840659,0.039351393393350434,0.14950980421374827,1316,328.3322273572451,0.30533790588378906
1317,4139.667,1889.0133333333329,7172.999999999999,100,100,1035,2.030182029525547,6.930434782608695,2.3108060359954834,-1889.0133333333329,-0.01701156088315389,26.474316596984863,0.657155355109888,0.029047419844359598,0.12383021414279938,1317,328.3600024002344,0.30533790588378906
1318,4142.435,1722.3666666666666,6870.666666666665,100,100,1032,2.00408953467615,6.657622739018087,2.273361921310425,-1722.3666666666666,-0.0008333022432292209,27.930160690756406,0.6453075093381545,0.018928310404161867,0.11534926470588236,1318,328.3896945057786,0.30533790588378906
1319,4145.204,1875.1366666666675,7206.333333333334,100,100,1028,2.0081309326706953,7.01005188067445,2.2771236896514893,-1875.1366666666675,-0.01611057110130787,32.43162155151367,0.6192088854663512,0.006887932085459504,0.08409926470588236,1319,328.41831668057876,0.30533790588378906
1320,4151.116,1769.6966666666672,6856.999999999999,100,100,1030,1.9875450481353236,6.657281553398057,2.254857301712036,-1769.6966666666672,-0.04253183639443973,21.476486879236557,0.6424576631363701,0.016801988675176877,0.09420955926179886,1320,328.4506697145516,0.30533790588378906
1321,4153.857,1742.5000000000007,6947.333333333334,100,100,1035,1.9842210607063295,6.712399355877618,2.259781837463379,-1742.5000000000007,-0.03615521994309828,26.252643192515652,0.6700971389518064,0.006958554649506421,0.10482119023799896,1321,328.2313862475873,0.30533790588378906
1322,4156.606,1832.0833333333328,7078.666666666666,100,100,1035,1.9900697597262005,6.839291465378421,2.26796555519104,-1832.0833333333328,-0.027705079437616992,24.126658523783963,0.6893136694150812,0.03007683640017229,0.12558489336686976,1322,328.2632715424879,0.30533790588378906
1323,4159.347,1861.476666666667,7062.000000000002,100,100,1032,1.9940319762099534,6.843023255813955,2.2667794227600098,-1861.476666666667,-0.02594805202063392,26.27666706197402,0.6721604957300074,0.007978650035939235,0.07858455882352941,1323,328.29506518981697,0.30533790588378906
1324,4162.165,1877.3533333333328,7047.000000000002,100,100,1033,2.0163194563768134,6.821878025169411,2.2946977615356445,-1877.3533333333328,-0.020474808290600777,24.642090685227338,0.6733278193894554,0.014047600298106451,0.09569035952582079,1324,328.3209516468421,0.30533790588378906
1325,4164.849,1790.2566666666658,6937.000000000001,100,100,1027,1.9557311593173135,6.7546251217137305,2.2128357887268066,-1790.2566666666658,-0.011796848191057934,23.576529278474695,0.6400076115832609,0.017191112322239754,0.09175857901573181,1325,328.3559241873537,0.30533790588378906
1326,4167.571,1893.7200000000005,7121.999999999998,100,100,1039,1.9527507195862313,6.8546679499518754,2.2379608154296875,-1893.7200000000005,-0.012056828312137547,20.935798055985394,0.6834256999632892,0.018033088232828853,0.08216911795384743,1326,328.3908379324928,0.30533790588378906
1327,4170.282,1884.6233333333337,7195.666666666665,100,100,1033,1.9685995170219088,6.965795417876733,2.242534637451172,-1884.6233333333337,-0.020591476274763838,20.65929115519804,0.6199990353163551,0.013868655441054964,0.07643995105343707,1327,328.42501599655395,0.30533790588378906
1328,4173.011,1781.420000000001,7002.666666666666,100,100,1040,1.9705473060289829,6.7333333333333325,2.257131338119507,-1781.420000000001,-0.014618441352949423,22.102702196906595,0.6427315824172076,0.01604544571498135,0.06985294117647059,1328,328.4594923750466,0.30533790588378906
1329,4175.764,1819.0933333333332,7118.666666666665,100,100,1034,1.9989035781779159,6.884590586718245,2.2750368118286133,-1819.0933333333332,-0.026249567128937033,23.297175744000604,0.7027429605231565,0.03923314705710201,0.06838235302883036,1329,328.49054007614546,0.30533790588378906
1330,4181.686,1806.3966666666674,6857.666666666671,100,100,1033,1.967058857832562,6.638593094546632,2.2382540702819824,-1806.3966666666674,-0.005210788701387013,24.237071009243238,0.6426384378882015,0.009208593051880598,0.057904411764705885,1330,328.5227733938953,0.30533790588378906
1331,4184.398,1872.8266666666655,7017.666666666666,100,100,1033,1.9581827703802075,6.7934817683123585,2.2324435710906982,-1872.8266666666655,-0.027487610302427235,23.26118418749641,0.65673008035211,0.02058390011627446,0.06622753270408686,1331,328.30651562107107,0.30533790588378906
1332,4187.111,1820.9666666666672,7178.333333333334,100,100,1033,1.9559867362043706,6.949015811552115,2.225907325744629,-1820.9666666666672,-0.015821580254637143,18.87946039087632,0.6764081812956754,0.00324275774319711,0.06020220588235294,1332,328.3404714293053,0.30533790588378906
1333,4189.864,1867.6333333333337,7240.666666666668,100,100,1033,1.9924247844526968,7.009357857373347,2.264833688735962,-1867.6333333333337,-0.010811197242754348,25.673256761887494,0.6377118685666252,0.010445484641583307,0.1151450164616108,1333,328.37137375553414,0.30533790588378906
1334,4192.595,1862.276666666666,6973.999999999999,100,100,1034,1.965153868813644,6.744680851063829,2.240962505340576,-1862.276666666666,-0.03184744282899534,24.0594962905435,0.6738273326088401,0.013115115573301035,0.07343750008765389,1334,328.40403372228224,0.30533790588378906
1335,4195.294,1947.2333333333333,7072.333333333335,100,100,1034,1.9505148942895751,6.839780786589299,2.2275490760803223,-1947.2333333333333,-0.007561602684504846,28.169915760264676,0.7210144312942729,0.014658531906795414,0.09724264745326604,1335,328.4392122430696,0.30533790588378906
1336,4197.971,1783.3200000000004,6919.999999999998,100,100,1035,1.9368131413317964,6.68599033816425,2.2081568241119385,-1783.3200000000004,-0.02460606144193341,19.812706077800076,0.6656616128542844,0.012909008135252139,0.07971256708397585,1336,328.47627080980016,0.30533790588378906
1337,4200.683,1816.5166666666657,6996.333333333331,100,100,1031,1.9593378286185439,6.7859683155512425,2.224921226501465,-1816.5166666666657,-0.025186568608178812,18.530330517712763,0.6650291015120113,0.015243290505810258,0.07641806760255028,1337,328.50970466235026,0.30533790588378906
1338,4203.36,1883.966666666667,7131.666666666669,100,100,1033,1.9395533407743504,6.903839948370444,2.2118046283721924,-1883.966666666667,-0.0285201258957386,24.966090875513412,0.6852298501659843,0.009054868584772682,0.0703125,1338,328.54624819053487,0.30533790588378906
1339,4206.075,1789.093333333334,7050.666666666663,100,100,1036,1.9565749036743303,6.805662805662802,2.2337729930877686,-1789.093333333334,-0.021001491476507747,32.97645366893095,0.6781915110700271,0.010999645448892433,0.05958946093040354,1339,328.58043676812053,0.30533790588378906
1340,4211.853,1828.1500000000003,6965.999999999996,100,100,1031,1.9389760437052044,6.756547041707077,2.20522403717041,-1828.1500000000003,-0.018927794716813984,28.413076625150794,0.6166658857289482,0.009056242778623366,0.09243697497774572,1340,328.6164260003786,0.30533790588378906
1341,4214.558,1869.8233333333328,7082.333333333333,100,100,1033,1.9478757037634222,6.856082607292675,2.2205686569213867,-1869.8233333333328,-0.015346066916690153,23.621397270875818,0.6363003819304354,0.014188733828418395,0.07817606211585157,1341,328.4088517554578,0.30533790588378906
1342,4217.25,1876.8333333333323,7198.999999999998,100,100,1034,1.9495802686272308,6.96228239845261,2.2239272594451904,-1876.8333333333323,-0.012168414069010931,22.389271595898798,0.5975769214770373,0.017853612087064367,0.08795955886735636,1342,328.44439171530416,0.30533790588378906
1343,4219.911,1911.6366666666672,7122.333333333331,100,100,1030,1.926123102995775,6.914886731391584,2.192955255508423,-1911.6366666666672,-0.019906180143794593,20.87717106763054,0.627120587755652,0.00510504876044305,0.08976715715492473,1343,328.48131006611806,0.30533790588378906
1344,4222.891,1909.8233333333337,7256.666666666667,100,100,1032,2.196871219139705,7.031653746770026,2.4792940616607666,-1909.8233333333337,-0.021979042904122788,24.86934549668256,0.616286559139981,0.011973250595688382,0.08501838235294118,1344,328.493901136812,0.30533790588378906
1345,4225.92,1788.570000000001,6886.333333333337,100,100,1038,2.2317515404649106,6.6342324983943515,2.525021553039551,-1788.570000000001,-0.023119270691976827,25.613325399511,0.6020272444276249,0.014209376428933704,0.07057510513593168,1345,328.5040654512396,0.30533790588378906
1346,4229.057,1872.2499999999993,7003.000000000003,100,100,1032,2.3349371134996586,6.785852713178297,2.6221024990081787,-1872.2499999999993,-0.020489015178207087,33.072442784028894,0.6201752283993889,0.010253280860043186,0.07766544117647059,1346,328.50447694730354,0.30533790588378906
1347,4232.31,1824.5100000000014,7079.33333333333,100,100,1034,2.4606545457555202,6.846550612508056,2.7514848709106445,-1824.5100000000014,-0.030869102845078007,39.908417982213635,0.6344365389908061,0.017781425301697764,0.09466911786619354,1347,328.496251905474,0.30533790588378906
1348,4235.429,1878.7333333333331,7281.000000000004,100,100,1034,2.3336353973211716,7.04158607350097,2.6256678104400635,-1878.7333333333331,-0.023210602155064836,24.41384537079755,0.6426795650930965,0.019567147938205916,0.09384191189618672,1348,328.49850942691165,0.30533790588378906
1349,4238.412,1896.473333333335,7225.000000000004,100,100,1038,2.1739774557442435,6.96050096339114,2.467590093612671,-1896.473333333335,-0.015718316905857885,26.10921859741211,0.6197828860843883,0.004483055806143538,0.06099002150928273,1349,328.5121759743783,0.30533790588378906
1350,4245.419,1877.0733333333328,7138.666666666667,100,100,1032,2.3071507729505107,6.917312661498708,2.591456651687622,-1877.0733333333328,-0.020050089861101964,20.776803325204288,0.6192801156464744,0.003685832817127983,0.08134191176470588,1350,328.5152616441107,0.30533790588378906
1351,4248.457,1790.1599999999996,6876.333333333331,100,100,1029,2.2478465502674396,6.68253968253968,2.521881580352783,-1790.1599999999996,-0.016848770627642378,26.558373114641974,0.5976157547796473,0.003525438704801833,0.08446691185235977,1351,328.2206275239328,0.30533790588378906
1352,4251.412,1836.043333333333,7096.333333333331,100,100,1029,2.175696209784456,6.8963394881762206,2.4529082775115967,-1836.043333333333,-0.014979231719146757,23.214762463289148,0.6262077382382225,0.004537340534357902,0.07297794126412448,1352,328.234462341901,0.30533790588378906
1353,4254.267,1801.4399999999991,7012.666666666665,100,100,1032,2.0725492249484816,6.795219638242893,2.3471832275390625,-1801.4399999999991,-0.022076034562333542,26.97769801756915,0.5525770275031819,0.00858586939626976,0.07996323529411764,1353,328.2568253533793,0.30533790588378906
1354,4257.127,1792.3633333333355,6927.333333333334,100,100,1035,2.0758903380663356,6.693075684380033,2.35622501373291,-1792.3633333333355,-0.024027413907734788,31.083598438431235,0.572327129981097,0.022645053159281173,0.0805481286609874,1354,328.2793981734173,0.30533790588378906
1355,4260.136,1892.4666666666665,7061.666666666666,100,100,1028,2.2457993187550236,6.869325551232166,2.5169575214385986,-1892.4666666666665,-0.009042441954507548,32.9406000586117,0.6051330925787196,0.021993751665029454,0.0896139705882353,1355,328.2888246610096,0.30533790588378906
1356,4263.222,1882.9566666666665,7070.333333333334,100,100,1030,2.3145208737668264,6.864401294498382,2.595723867416382,-1882.9566666666665,-0.010927407399696462,26.07063860051772,0.6428021026008269,0.008610225768814631,0.0900735294117647,1356,328.29277276968077,0.30533790588378906
1357,4266.174,1818.4266666666672,7176.999999999999,100,100,1029,2.191669291470913,6.9747327502429535,2.464277982711792,-1818.4266666666672,-0.018378389944486758,23.17650281681734,0.5914508402347565,0.019403461764073548,0.08860294126412448,1357,328.3067927479406,0.30533790588378906
1358,4269.033,1873.2199999999993,7188.999999999999,100,100,1038,2.0818123331487266,6.92581888246628,2.374943733215332,-1873.2199999999993,-0.026472745791954154,24.02795222226311,0.6172640507712084,0.007112954298089094,0.07799369797987096,1358,328.33010104305663,0.30533790588378906
1359,4272.016,1744.1900000000003,6890.666666666668,100,100,1026,2.2233654955968434,6.716049382716051,2.48513126373291,-1744.1900000000003,-0.044291483950527274,26.726086343035977,0.6350714520496481,0.023127983810434884,0.0666360294117647,1359,328.3410080292098,0.30533790588378906
1360,4278.525,1893.1733333333343,6997.333333333337,100,100,1026,2.2723863549670296,6.820012995451595,2.5430123805999756,-1893.1733333333343,-0.02935990784317255,33.84763852988972,0.6496057966176201,0.0033029294572770596,0.08639705882352941,1360,328.3479900481657,0.30533790588378906
1361,4281.436,1793.4866666666671,6992.999999999996,100,100,1030,2.133060485866029,6.789320388349511,2.406313180923462,-1793.4866666666671,-0.009960208526429008,24.16800228287192,0.6232836877598482,0.010511905886232853,0.06158088235294118,1361,328.0988002767589,0.30533790588378906
1362,4284.51,1849.5933333333317,6957.666666666666,100,100,1033,2.27547521869285,6.735398515650209,2.5627191066741943,-1849.5933333333317,-0.015775310149525896,28.903134738697727,0.6016580225790248,0.04162627415772637,0.09344362774316002,1362,328.10445942455203,0.30533790588378906
1363,4287.472,1804.3633333333332,6922.666666666666,100,100,1033,2.1770978703714423,6.701516618263955,2.459287643432617,-1804.3633333333332,-0.024407089852234897,34.658053903018725,0.6274549172205084,0.041030568632242435,0.09849877458284884,1363,328.11873754610735,0.30533790588378906
1364,4290.624,1868.3766666666668,7003.999999999997,100,100,1033,2.3578275875247012,6.780251694094867,2.6470069885253906,-1868.3766666666668,-0.0437745804186253,27.041545587427475,0.585161063600989,0.023094118137926084,0.08236315364346784,1364,328.11850294477046,0.30533790588378906
1365,4293.818,1771.3433333333344,7038.333333333336,100,100,1032,2.4083009698787388,6.8200904392764885,2.6927261352539062,-1771.3433333333344,-0.02739766497603234,37.461306123172534,0.5485546615193871,0.014011034317424191,0.11672794117647059,1365,328.114771642715,0.30533790588378906
1366,4296.863,1864.7266666666665,7043.000000000002,100,100,1035,2.2454734310138846,6.804830917874398,2.540271282196045,-1864.7266666666665,-0.021976791322231293,31.548498462228213,0.5818601268179276,0.00391360667451997,0.10076871689628153,1366,328.1231341588746,0.30533790588378906
1367,4299.834,1774.9199999999996,6790.333333333337,100,100,1031,2.1827767198186305,6.586162301972198,2.458379030227661,-1774.9199999999996,-0.02116145012790666,33.49110085823957,0.5524855221019072,0.0121759541455985,0.09204306760255028,1367,328.1361912248168,0.30533790588378906
1368,4303.006,1840.4466666666674,7129.999999999999,100,100,1035,2.36382144930714,6.888888888888888,2.6575498580932617,-1840.4466666666674,-0.00707726224380381,26.10985772749957,0.5576486841720694,0.007652959526133011,0.0844752674593645,1368,328.13479769073876,0.30533790588378906
1369,4306.213,1983.28,7252.999999999999,100,100,1034,2.3980030937010435,7.014506769825918,2.6960861682891846,-1983.28,-0.019246012355913136,30.554555892944336,0.5340449231512406,0.02385321883861359,0.11544117682120379,1369,328.1305356856904,0.30533790588378906
1370,4312.549,1903.6366666666677,7136.000000000001,100,100,1032,2.209119575211865,6.914728682170543,2.493546962738037,-1903.6366666666677,-0.023077695740058142,29.43657050413244,0.49790095143458424,0.0069081258056137495,0.09466911764705882,1370,328.1421414836033,0.30533790588378906
1371,4315.265,1813.943333333332,6864.666666666662,100,100,1032,1.962479652341477,6.651808785529711,2.233912467956543,-1813.943333333332,-0.013037054416011362,29.05242420645321,0.5118270034299177,0.004226856704061741,0.0859375,1371,327.9205187494956,0.30533790588378906
1372,4317.978,1978.9066666666665,7027.999999999999,100,100,1030,1.966825724823527,6.8233009708737855,2.240649700164795,-1978.9066666666665,-0.020403521436759654,39.42796005922205,0.46833863766754374,0.013229897348484135,0.10906862774316002,1372,327.9531138807524,0.30533790588378906
1373,4320.68,1714.1433333333337,6738.999999999999,100,100,1030,1.9673977655277235,6.542718446601941,2.2330994606018066,-1714.1433333333337,-0.012796332511831732,33.59000082576976,0.5082938644815894,0.005446729654281893,0.08992034328334472,1373,327.98638601031666,0.30533790588378906
1374,4323.394,1754.783333333332,6746.000000000001,100,100,1033,1.9731829604422466,6.530493707647629,2.243715763092041,-1754.783333333332,-0.02227203580824768,34.18201008964987,0.4974305182695389,0.014227979138548322,0.11585988564526334,1374,328.0193490139525,0.30533790588378906
1375,4326.119,1729.603333333334,6840.999999999999,100,100,1028,1.972817800325751,6.6546692607003886,2.234999179840088,-1729.603333333334,0.028134819174952367,28.949370047625372,0.5401705529759911,0.011603855842943578,0.08363970588235294,1375,328.0504816403831,0.30533790588378906
1376,4328.808,1910.9933333333327,6989.66666666667,100,100,1033,1.9401968056732737,6.766376250403359,2.216308116912842,-1910.9933333333327,-0.029840660582789603,38.545997198890234,0.5323002461124869,0.00821767422124086,0.08011642186080709,1376,328.08523812818385,0.30533790588378906
1377,4331.513,1861.7133333333331,7019.666666666665,100,100,1029,1.963975119442508,6.821833495302881,2.234062910079956,-1861.7133333333331,-0.01257080102668089,26.12039058348712,0.5069714442772024,0.015310988001361051,0.09944852967472638,1377,328.11792996221146,0.30533790588378906
1378,4334.223,1902.0666666666668,7070.999999999998,100,100,1032,1.9639457353524314,6.85174418604651,2.2373158931732178,-1902.0666666666668,-0.021325197536498308,27.509210137759936,0.5900186335339266,0.020662756691522458,0.0900735294117647,1378,328.15085791320655,0.30533790588378906
1379,4336.934,1890.2133333333322,7109.6666666666615,100,100,1030,1.9700075723502097,6.9025889967637495,2.241898536682129,-1890.2133333333322,-0.018679828218677464,45.93249365862678,0.4942675522145103,0.0199204428559717,0.12117034328334472,1379,328.1832348958596,0.30533790588378906
1380,4343.085,1773.4599999999998,6908.333333333333,100,100,1034,1.9381861709061887,6.681173436492585,2.208418607711792,-1773.4599999999998,-0.020206561859916237,41.39718650369083,0.5164134721545612,0.014072667875820222,0.09227941185235977,1380,328.21674480046505,0.30533790588378906
1381,4346.016,1863.6133333333335,7178.999999999998,100,100,1033,2.1480409479641427,6.949661181026135,2.4269847869873047,-1863.6133333333335,5.104099674259915e-05,30.104799326728372,0.4930108987233218,0.01796073485028875,0.101766748682541,1381,327.9730351302296,0.30533790588378906
1382,4349.03,1826.716666666668,7014.666666666668,100,100,1032,2.231239435730444,6.797157622739019,2.5118203163146973,-1826.716666666668,-0.01962387189269066,26.5590337304508,0.4719900287249509,0.0052027834976530254,0.07996323529411764,1382,327.98299800313873,0.30533790588378906
1383,4352.157,1820.4933333333322,6976.66666666667,100,100,1033,2.3375848023760035,6.753791545659893,2.624837875366211,-1820.4933333333322,-0.0041020588730187975,32.85731854158289,0.4918292603071998,0.023755017140715876,0.08695874187876196,1383,327.98471594191324,0.30533790588378906
1384,4355.077,1836.3666666666657,6955.333333333331,100,100,1032,2.142338857732446,6.739664082687336,2.4205267429351807,-1836.3666666666657,-0.028708438334219596,25.777646513546216,0.4898770363891826,0.012212179135531187,0.08272058823529412,1384,328.001765861713,0.30533790588378906
1385,4358.075,1869.6066666666666,7095.666666666668,100,100,1032,2.206552132527351,6.875645994832042,2.487683057785034,-1869.6066666666666,-0.013903942013926366,25.46281074075138,0.5064314595040154,0.01960073091664954,0.08823529411764706,1385,328.01297549529863,0.30533790588378906
1386,4361.126,1852.0166666666667,6817.33333333333,100,100,1029,2.269161711818022,6.625202461937153,2.5478880405426025,-1852.0166666666667,-0.013396691147457151,48.304866061491126,0.4944196746629827,0.013925139984006392,0.09549632361706566,1386,328.01940350077496,0.30533790588378906
1387,4364.195,1781.2833333333328,6831.000000000001,100,100,1021,2.317549265605506,6.690499510284036,2.574150323867798,-1781.2833333333328,-0.0173985950241331,37.9778516292572,0.47348075173795223,0.01198334086802788,0.11359342955984175,1387,328.0227100736797,0.30533790588378906
1388,4367.156,1887.7266666666671,7077.999999999998,100,100,1032,2.18002063871087,6.858527131782944,2.461568593978882,-1887.7266666666671,-0.023190838723059964,25.16704688352697,0.5274818907765781,0.01086478600935901,0.07858455882352941,1388,328.0366171898911,0.30533790588378906
1389,4370.175,1839.2199999999998,7121.0,100,100,1032,2.2078744188138795,6.900193798449612,2.4913642406463623,-1839.2199999999998,-0.01917661227943266,27.623637255500345,0.49645432479241314,0.008350398850298542,0.07674632352941177,1389,328.0461362841889,0.30533790588378906
1390,4376.138,1879.840000000001,7070.333333333333,100,100,1029,2.0086785228117447,6.871072238419177,2.2758376598358154,-1879.840000000001,-0.04133347827283775,26.953386166516474,0.5688287896268508,0.017868144136360464,0.12481617664589602,1390,328.07464346454833,0.30533790588378906
1391,4378.899,1863.3600000000008,7078.000000000005,100,100,1030,1.9985832045650453,6.87184466019418,2.2672927379608154,-1863.3600000000008,-0.016868621658752945,29.559771565830005,0.5822326374404571,0.015239203769905382,0.09712009833139532,1391,327.86279544053906,0.30533790588378906
1392,4381.658,1904.466666666667,7114.000000000004,100,100,1031,1.9956660533963435,6.900096993210479,2.266921043395996,-1904.466666666667,-0.026497485170907834,27.00089594897102,0.56025131046772,0.020712687120334628,0.09053308823529412,1392,327.8916240275324,0.30533790588378906
1393,4384.392,1801.666666666666,6913.666666666668,100,100,1033,1.9766606990246163,6.692804130364635,2.248979330062866,-1801.666666666666,-0.009389304172466783,30.357762953814337,0.5544724043677834,0.015545420670498382,0.0944138072869357,1393,327.9227402111967,0.30533790588378906
1394,4387.2,1896.7666666666667,7148.999999999999,100,100,1029,1.9930891170636167,6.947521865889212,2.2634549140930176,-1896.7666666666667,-0.03793940594529405,26.31708823933321,0.4875396078123766,0.0057272067129173695,0.10468750008765389,1394,327.9475253614553,0.30533790588378906
1395,4389.923,1845.8066666666675,7106.666666666666,100,100,1031,1.9846951499107996,6.892984157775622,2.2529377937316895,-1845.8066666666675,-0.025360620306695208,32.90178503709681,0.5638117965529946,0.01139407989788143,0.11449579850715749,1395,327.97888186948217,0.30533790588378906
1396,4392.671,1898.383333333332,7064.0,100,100,1033,1.9776139383331404,6.838334946757018,2.25362229347229,-1898.383333333332,0.008545860922073616,23.111370647654812,0.5085616839282653,0.0222297704723828,0.09196282682173393,1396,328.0088911669537,0.30533790588378906
1397,4395.427,1754.3333333333328,6929.333333333334,100,100,1037,1.9973217914502426,6.682095789135327,2.277789354324341,-1754.3333333333328,-0.02783731705344775,30.539061209734747,0.5713824805091409,0.02600509096073973,0.10509756842956823,1397,328.0391274118541,0.30533790588378906
1398,4398.185,1890.5566666666666,7054.666666666668,100,100,1032,1.991333626300934,6.8359173126615,2.2657418251037598,-1890.5566666666666,-0.009536658249357167,27.567602522232953,0.5591196084723753,0.016035309568157092,0.08088235294117647,1398,328.0681274107913,0.30533790588378906
1399,4400.975,1944.6366666666681,7208.000000000005,100,100,1032,2.009473351311379,6.984496124031012,2.2886412143707275,-1944.6366666666681,-0.011854958337019472,36.72537949505974,0.5329432811807183,0.015339878243942033,0.08731617647058823,1399,328.0945806604317,0.30533790588378906
1400,4407.046,1674.0799999999995,6725.999999999999,100,100,1030,1.9866400000467463,6.53009708737864,2.2487666606903076,-1674.0799999999995,-0.04513493300799061,33.44543765572941,0.6015702231841928,0.03802846390274627,0.13664215715492473,1400,328.12442781647627,0.30533790588378906
1401,4409.775,1864.5800000000004,6929.999999999997,100,100,1027,1.9801808160683458,6.747809152872441,2.242483377456665,-1864.5800000000004,-0.028047347605666694,25.27328067667344,0.5371729135513306,0.008861781464314418,0.0925245100961012,1401,327.9063198272677,0.30533790588378906
1402,4412.503,1904.7066666666674,7047.000000000003,100,100,1031,1.9750911742448807,6.835111542192049,2.2476251125335693,-1904.7066666666674,-0.0011562073931974523,31.525801378137924,0.5341985839254716,0.02848599911393488,0.1137079837567666,1402,327.9372751280559,0.30533790588378906
1403,4415.258,1854.8933333333364,7186.000000000004,100,100,1033,1.9912137484289743,6.9564375605033915,2.2656400203704834,-1854.8933333333364,-0.03441841434687376,27.839917182922363,0.4947861213894451,0.01720170956276193,0.11264297388055745,1403,327.96653576761065,0.30533790588378906
1404,4418.03,1783.57,7064.999999999997,100,100,1035,2.0143467637120884,6.826086956521737,2.2935256958007812,-1783.57,-0.023387849823955226,39.352475334616265,0.567626111647662,0.020204767680672163,0.11096256708397585,1404,327.99508296031604,0.30533790588378906
1405,4420.774,1799.8066666666668,6978.999999999998,100,100,1035,1.9863681188348123,6.742995169082124,2.265347480773926,-1799.8066666666668,-0.03498547085944344,27.83723595563103,0.5030913607162588,0.02147301138885429,0.10047627021284665,1405,328.02560088565076,0.30533790588378906
1406,4423.522,1894.2766666666676,7097.0000000000055,100,100,1031,1.9933890382407882,6.883608147429685,2.267817497253418,-1894.2766666666676,-0.013461346792824128,26.434597828808954,0.4216819374876864,0.038160820460796135,0.12375262642607969,1406,328.05490098120606,0.30533790588378906
1407,4426.257,1850.4133333333332,7203.000000000001,100,100,1031,1.9893319104146845,6.986420950533463,2.258202314376831,-1850.4133333333332,-0.019400861497749302,27.623180754044476,0.45218998719664183,0.0237764712621677,0.1205357146613738,1407,328.08517117710375,0.30533790588378906
1408,4429.004,1866.2533333333338,7069.666666666668,100,100,1036,1.9806922791196702,6.824002574002575,2.2627124786376953,-1866.2533333333338,0.0014238515868782997,26.213069018195657,0.4570169142063926,0.024440233164247784,0.07552083340637825,1408,328.1155217740053,0.30533790588378906
1409,4431.754,1758.7033333333322,6939.66666666667,100,100,1037,1.987523625949676,6.692060430729672,2.2684781551361084,-1758.7033333333322,0.004524816430228598,20.560692085939294,0.5154499192448223,0.02844236115925014,0.09314903901780353,1409,328.14590966809,0.30533790588378906
1410,4437.516,1875.6166666666672,7030.000000000001,100,100,1032,1.917755331658188,6.81201550387597,2.187089681625366,-1875.6166666666672,0.001113162869039704,21.43226505728329,0.4435502899920239,0.05940654299304109,0.08685661764705882,1410,328.18183228806396,0.30533790588378906
1411,4440.209,1788.7666666666667,7048.999999999996,100,100,1035,1.9341372960170613,6.810628019323668,2.2062323093414307,-1788.7666666666667,0.007092965657220167,23.92883020288804,0.531297381309902,0.015431301945628709,0.09358288785990547,1411,327.986587887266,0.30533790588378906
1412,4442.886,1824.58,7019.000000000001,100,100,1037,1.923938956975635,6.768563162970107,2.2005908489227295,-1824.58,-0.011952239198281485,22.251585343304804,0.49062419507433386,0.008361415430793868,0.08452347293496132,1412,328.0223357395227,0.30533790588378906
1413,4445.61,1788.9366666666651,6990.666666666667,100,100,1037,1.9477355809659556,6.741240758598521,2.226638078689575,-1788.9366666666651,-0.014504482421804877,22.61097532160142,0.49802356344812054,0.013241431764874826,0.09003817881731425,1413,328.0547824589799,0.30533790588378906
1414,4448.295,1848.3500000000004,7072.0,100,100,1034,1.9358039683413761,6.839458413926499,2.209319591522217,-1848.3500000000004,-0.011662673917325103,20.563089819515454,0.5353719596477116,0.03374130352783729,0.08382352945559166,1414,328.08906735979696,0.30533790588378906
1415,4450.981,1816.979999999999,6999.666666666668,100,100,1036,1.9346805009361658,6.756435006435008,2.2111008167266846,-1816.979999999999,-0.020682377001161083,21.691015439874985,0.5438206975950914,0.043738756561651826,0.08869485294117647,1415,328.12384042182777,0.30533790588378906
1416,4453.667,1767.6566666666656,6927.666666666663,100,100,1040,1.929127595324714,6.661217948717946,2.2115347385406494,-1767.6566666666656,-0.007570219061830465,23.52126424452838,0.5314657276167589,0.031149099539855823,0.09053308823529412,1416,328.1595021425599,0.30533790588378906
1417,4456.361,1838.2733333333338,7025.333333333335,100,100,1035,1.9454490832066622,6.787761674718198,2.219748020172119,-1838.2733333333338,-0.009416568640838651,24.169782386106604,0.5629510371124044,0.033208943670615554,0.07896056157701156,1417,328.19336110653035,0.30533790588378906
1418,4459.056,1893.2100000000003,7097.333333333331,100,100,1033,1.9325107446035943,6.8706034204582105,2.204758644104004,-1893.2100000000003,-0.030963546212981728,21.19555675282198,0.5148562166620704,0.049223898511092344,0.08512050658464432,1418,328.2266552887817,0.30533790588378906
1419,4461.892,1713.8366666666666,6858.666666666663,100,100,1034,2.043649419147802,6.633139909735651,2.319091320037842,-1713.8366666666666,-0.0018135371672756532,25.660878966836368,0.49874794395530925,0.036356053202111716,0.12693014719030438,1419,328.2497620945135,0.30533790588378906
1420,4468.491,1780.676666666667,6880.666666666665,100,100,1028,2.304485994517977,6.693255512321659,2.5777294635772705,-1780.676666666667,-0.03566577669013949,27.432660888223086,0.5079596962998895,0.016211693818845293,0.0900735294117647,1420,328.2522227014115,0.30533790588378906
1421,4471.549,1915.5733333333349,7179.666666666668,100,100,1031,2.2686467488828383,6.963789201422569,2.5517001152038574,-1915.5733333333349,-0.016783984158845508,32.99741672067081,0.4888920889181249,0.028434825828298926,0.09650735294117647,1421,328.0013300329852,0.30533790588378906
1422,4474.692,1973.3666666666663,7106.333333333328,100,100,1033,2.349568149665441,6.879315908357529,2.643007278442383,-1973.3666666666663,-0.014953141593757798,42.37329098757576,0.5687900071634966,0.006563573418294682,0.09660947717287961,1422,328.0017817029747,0.30533790588378906
1423,4477.647,1809.8999999999992,6939.999999999995,100,100,1032,2.1653711236742605,6.7248062015503836,2.44709849357605,-1809.8999999999992,-0.031163224293028608,29.104289195116827,0.5888456193839803,0.022577220149447814,0.13602941176470587,1423,328.01583414661815,0.30533790588378906
1424,4480.642,1780.6,6911.333333333333,100,100,1030,2.21701504920329,6.710032362459547,2.4896881580352783,-1780.6,0.014674232396132806,33.55142458747415,0.6119436441975481,0.01512970745234805,0.08302696093040354,1424,328.02640527123657,0.30533790588378906
1425,4483.678,1869.6400000000012,6994.333333333334,100,100,1032,2.2413505825833164,6.777454780361758,2.527841091156006,-1869.6400000000012,-0.020267434418201447,31.759360734154196,0.6238372895647498,0.010731941582087208,0.09650735294117647,1425,328.03450636130884,0.30533790588378906
1426,4486.802,1910.6866666666663,7092.0,100,100,1029,2.337274244788263,6.892128279883382,2.6176271438598633,-1910.6866666666663,-0.01672309179625967,33.84724970424877,0.7081203863901251,0.009685851568493116,0.09871323538177154,1426,328.03544212641407,0.30533790588378906
1427,4489.911,1885.2733333333354,7053.666666666672,100,100,1029,2.33820388810863,6.8548752834467175,2.6213622093200684,-1885.2733333333354,-0.01615345888935468,37.231444877736706,0.6843694430940291,0.010207620408276425,0.08033088244059507,1427,328.0374911645101,0.30533790588378906
1428,4492.718,1750.0433333333349,6814.666666666668,100,100,1035,2.0278985508614116,6.5842190016103075,2.307617425918579,-1750.0433333333349,-0.00615439040805487,22.393918682547177,0.6438906709937489,0.01880551759591874,0.10377673804759979,1428,328.0628568136392,0.30533790588378906
1429,4495.466,1965.416666666666,7154.666666666668,100,100,1029,1.9896497575030367,6.953028830579852,2.2608749866485596,-1965.416666666666,0.021479960695347366,40.054567224839154,0.7430579522076775,0.0215137773535817,0.11102941194001366,1429,328.09123811423456,0.30533790588378906
1430,4501.415,1843.7366666666683,6865.333333333335,100,100,1032,1.9574429274242473,6.652454780361759,2.2319495677948,-1843.7366666666683,-0.03163666727350039,31.115367160123938,0.6803672927267411,0.015319490558741725,0.11397058823529412,1430,328.1222242632855,0.30533790588378906
1431,4504.161,1879.7066666666663,7146.66666666667,100,100,1030,1.974960773713091,6.938511326860844,2.2438199520111084,-1879.7066666666663,-0.05333658620057737,33.3758682643666,0.7325640574974173,0.007080665368395036,0.08746936303727768,1431,327.91565949470305,0.30533790588378906
1432,4506.895,1862.3999999999996,7147.33333333333,100,100,1031,1.9816630446531824,6.932428063368895,2.252610445022583,-1862.3999999999996,-0.033784120179274506,25.262190285850973,0.709010903887889,0.007586997988469461,0.08186712203656926,1432,327.94553484206114,0.30533790588378906
1433,4509.612,1826.9933333333338,6913.333333333336,100,100,1030,1.9542565053889474,6.711974110032365,2.2210023403167725,-1826.9933333333338,-0.01576978373615181,23.030868698568906,0.7552437834879931,0.012732411584104686,0.06847426470588236,1433,327.976341260067,0.30533790588378906
1434,4512.338,1900.4233333333336,7114.999999999996,100,100,1032,1.9748831384854983,6.894379844961237,2.2475337982177734,-1900.4233333333336,-0.025638793211649444,34.119601137497845,0.7336845731033999,0.02792639091528733,0.11397058823529412,1434,328.006866479396,0.30533790588378906
1435,4515.085,1915.3466666666677,6982.666666666668,100,100,1029,1.9867005857545792,6.785876255264012,2.257111072540283,-1915.3466666666677,-0.032626449513961285,34.17367546698626,0.8080424683935502,0.00428692002178115,0.08262867655824213,1435,328.0352408540092,0.30533790588378906
1436,4517.826,1931.3933333333334,7343.666666666665,100,100,1039,1.973359095433743,7.06801411613731,2.263415813446045,-1931.3933333333334,-0.013654617154422928,32.574133929084326,0.6771222063723732,0.02090940412188716,0.11262254942865933,1436,328.0661885524159,0.30533790588378906
1437,4520.618,1934.7733333333322,7346.33333333333,100,100,1033,2.0188998066056576,7.111648919006128,2.3029229640960693,-1934.7733333333322,-0.020795947543400174,29.033087898703183,0.6996915217708138,0.016271784750963834,0.09477124187876196,1437,328.0920811281915,0.30533790588378906
1438,4523.344,1833.8366666666668,7146.666666666669,100,100,1040,1.9628218291193031,6.871794871794874,2.2497782707214355,-1833.8366666666668,-0.029628755634321886,36.67039534624885,0.7254486434599933,0.02178195829037577,0.13051470588235295,1438,328.1243006777576,0.30533790588378906
1439,4526.067,1884.93,7049.666666666668,100,100,1029,1.965117882109049,6.850988014253321,2.231114625930786,-1884.93,-0.008331868907108027,26.63859448713415,0.7921033045824837,0.01150848249466542,0.1146139712894664,1439,328.154237141505,0.30533790588378906
1440,4531.97,2004.1833333333334,7356.999999999998,100,100,1035,1.9402951720859045,7.108212560386471,2.2228143215179443,-2004.1833333333334,-0.03153864568208947,46.79733231488396,0.7576324501458336,0.011913525841116686,0.10507185844814076,1440,328.1871321541994,0.30533790588378906
1441,4534.716,1936.5766666666666,7315.999999999999,100,100,1035,1.9680364273380542,7.068599033816424,2.248081922531128,-1936.5766666666666,-0.02080339872661759,29.957714501549216,0.7558587509043077,0.009633881344651693,0.09725935844814076,1441,327.984797304057,0.30533790588378906
1442,4537.464,1939.3499999999979,7162.666666666661,100,100,1030,1.9962866015244023,6.9540453074433595,2.2674851417541504,-1939.3499999999979,-0.04389349179451957,32.058775060317096,0.7701355148764217,0.010814946583088706,0.09589460798922707,1442,328.01321397201156,0.30533790588378906
1443,4540.217,1955.4800000000005,7147.333333333333,100,100,1030,1.9967704871217313,6.9391585760517795,2.268564462661743,-1955.4800000000005,-0.026076051937279236,32.72768172095804,0.7841110141838298,0.003514690215096754,0.09451593151863884,1443,328.04116595418856,0.30533790588378906
1444,4542.934,1948.1099999999994,7159.666666666666,100,100,1033,1.9627314623055794,6.930945466279445,2.2383644580841064,-1948.1099999999994,0.0013552700333735522,36.777955167433795,0.7790610211737016,0.01289408968980698,0.09706903599640902,1444,328.072372805208,0.30533790588378906
1445,4545.632,1869.8866666666672,7068.000000000001,100,100,1030,1.9424128177738522,6.862135922330098,2.208986282348633,-1869.8866666666672,-0.012442059102742112,33.83139840294333,0.7378464884617749,0.01206757896751001,0.09405637269510943,1445,328.104244595238,0.30533790588378906
1446,4548.343,1949.6933333333332,7154.333333333332,100,100,1031,1.9605020372780577,6.939217588102165,2.2329928874969482,-1949.6933333333332,-0.04068068442318369,27.757842849282657,0.7302155249259051,0.007468931794659618,0.11009716505513471,1446,328.13535099697924,0.30533790588378906
1447,4551.118,1841.7033333333334,7078.666666666665,100,100,1031,2.0024874905904775,6.865826058842546,2.2742154598236084,-1841.7033333333334,-0.028781525845475057,24.80028320761288,0.6707298247253194,0.009207565789384878,0.1122636558378444,1447,328.1617842124375,0.30533790588378906
1448,4553.807,1769.8066666666655,7040.666666666668,100,100,1031,1.9483584855302851,6.828968638861948,2.2124760150909424,-1769.8066666666655,0.00561038328005987,37.29217638688929,0.6910558623426101,0.015502820257097483,0.08922006321303985,1448,328.1944142207913,0.30533790588378906
1449,4556.513,1914.0966666666668,7144.999999999999,100,100,1035,1.9534742026612306,6.903381642512076,2.2310967445373535,-1914.0966666666668,-0.01236798192429192,27.118349580203784,0.6705317023922416,0.004888517833451796,0.09320688510642332,1449,328.22663847096635,0.30533790588378906
1450,4562.294,1862.1866666666656,6983.666666666663,100,100,1030,1.9318497095492135,6.780258899676372,2.196244478225708,-1862.1866666666656,-0.037344787927234877,27.332154105691348,0.668654805597137,0.0070366801365333445,0.10386029411764706,1450,328.2596855950907,0.30533790588378906
1451,4564.998,1991.6666666666665,7176.333333333336,100,100,1030,1.9493288332279952,6.967313915857607,2.2214243412017822,-1991.6666666666665,-0.04391314768615891,39.20708490820492,0.6712086638983559,0.0011869223226847895,0.07015931387158002,1451,328.0678563212455,0.30533790588378906
1452,4567.655,1911.9333333333332,7155.999999999998,100,100,1031,1.9170335593572831,6.940834141610085,2.183255434036255,-1911.9333333333332,-0.015908018877620205,29.700468203600714,0.658498664112652,0.0018883435302140081,0.0818014705882353,1452,328.10274124878396,0.30533790588378906
1453,4570.325,1842.7666666666678,6983.333333333331,100,100,1031,1.9295217281218282,6.773359198189458,2.1962788105010986,-1842.7666666666678,-0.022105202599264243,29.19446044809678,0.6411572370459052,0.004989877805415103,0.11029411764705882,1453,328.13661701982073,0.30533790588378906
1454,4573.015,1915.7733333333338,7084.666666666665,100,100,1035,1.925561257755015,6.8450885668276955,2.201207399368286,-1915.7733333333338,-0.01985761128804263,25.503962965572583,0.6032586711294511,0.01696723944041878,0.11158923804759979,1454,328.169917827975,0.30533790588378906
1455,4575.69,1882.6366666666668,7127.333333333332,100,100,1030,1.931824464830163,6.919741100323623,2.195702314376831,-1882.6366666666668,-0.02847436278620187,28.144540562349206,0.580040693283081,0.00939415060737006,0.11151960798922707,1455,328.20314510762216,0.30533790588378906
1456,4578.353,1810.6833333333325,7092.999999999998,100,100,1034,1.9219045443289213,6.859767891682783,2.189816951751709,-1810.6833333333325,-0.0104689120369799,34.8591157688814,0.5915619056014454,0.013327406664543292,0.09871323538177154,1456,328.23812548308007,0.30533790588378906
1457,4581.142,1804.0766666666666,6898.333333333336,100,100,1028,2.0067533094242056,6.710440985732816,2.2712268829345703,-1804.0766666666666,-0.0033310449627392434,25.088208310744342,0.5996523446896497,0.015700328085051084,0.11580882352941177,1457,328.26271900551666,0.30533790588378906
1458,4584.089,1940.736666666667,7337.6666666666715,100,100,1033,2.156943269321895,7.103259115843826,2.442051649093628,-1940.736666666667,-0.012754139326074544,27.61173713908476,0.6371581440462786,0.014856583219678962,0.08277165035114568,1458,328.2769928826659,0.30533790588378906
1459,4587.347,1837.783333333334,6991.0,100,100,1037,2.44167164853157,6.741562198649952,2.747434139251709,-1837.783333333334,-0.020730247118455523,25.395339404835422,0.59754658797208,0.03334341721047702,0.13260039643329732,1459,328.26988938626323,0.30533790588378906
1460,4594.135,1783.3433333333335,7041.333333333336,100,100,1031,2.459211835491351,6.8296152602651174,2.742393732070923,-1783.3433333333335,-0.0063076374011442945,23.245439445271213,0.6323058894451927,0.020371700760305804,0.11357668086009867,1460,328.261481488842,0.30533790588378906
1461,4597.226,1808.0866666666668,6868.999999999998,100,100,1039,2.2857025997575167,6.6111645813281985,2.5851798057556152,-1808.0866666666668,-0.018876216292162153,24.8229899967418,0.6598990647231832,0.024344835050321895,0.10272671589080025,1461,328.01480350418774,0.30533790588378906
1462,4600.451,1961.4033333333332,7259.3333333333285,100,100,1033,2.426030396146651,7.02742820264601,2.719214677810669,-1961.4033333333332,-0.02484438324566273,31.131593143238742,0.659096409292782,0.004981874628677307,0.07363153599640902,1462,328.0093958463318,0.30533790588378906
1463,4603.602,1899.1100000000004,7095.333333333333,100,100,1032,2.3459406009407773,6.875322997416021,2.6322243213653564,-1899.1100000000004,-0.011666747686617514,24.37610180237714,0.652792356470052,0.017347088494502446,0.09329044117647059,1463,328.00901946464046,0.30533790588378906
1464,4606.585,1889.4766666666662,7070.333333333333,100,100,1030,2.196352716503683,6.864401294498381,2.472801685333252,-1889.4766666666662,-0.0388107289943625,27.67458621193381,0.6454283893108368,0.012902878341265023,0.08609068656668943,1464,328.02024350079904,0.30533790588378906
1465,4609.605,1822.76,7099.666666666669,100,100,1034,2.224217891797596,6.866215344938751,2.509099006652832,-1822.76,-0.012552499880685526,20.68406318215763,0.6190192182274425,0.008772214439779739,0.06727941180853282,1465,328.0296389242803,0.30533790588378906
1466,4612.556,1847.0466666666669,7184.333333333335,100,100,1030,2.1824233014660988,6.975080906148869,2.456209897994995,-1847.0466666666669,-0.005886701100012835,23.494457581463983,0.6038076588336159,0.015421352198566584,0.07352941176470588,1466,328.04306976918457,0.30533790588378906
1467,4615.433,1890.7433333333338,7107.999999999995,100,100,1030,2.107006987642714,6.900970873786403,2.379843235015869,-1890.7433333333338,-0.007503014222225722,19.865035702200498,0.6567730833502377,0.013097621887401842,0.09037990210687413,1467,328.0617088297152,0.30533790588378906
1468,4618.477,1924.2033333333325,7086.0,100,100,1028,2.25068832752621,6.892996108949417,2.526611804962158,-1924.2033333333325,-0.022451540948275256,22.903741415809183,0.6059697866439819,0.014178307268165928,0.07536764705882353,1468,328.06809862459824,0.30533790588378906
1469,4621.477,1772.186666666666,7087.666666666669,100,100,1032,2.2337692834855627,6.867894056847547,2.511547803878784,-1772.186666666666,-0.0012800177997526001,28.51443722668816,0.634667331681532,0.0245935957372079,0.06112132352941176,1469,328.0784374758132,0.30533790588378906
1470,4627.786,1856.54,6930.0,100,100,1033,2.071861182078034,6.708615682478219,2.350529909133911,-1856.54,-0.0015960958074120915,22.209467943976907,0.6301418919773663,0.018743174431352493,0.06801470588235294,1470,328.0997351581802,0.30533790588378906
1471,4630.832,1853.323333333334,7080.666666666666,100,100,1031,2.2623109614077292,6.867765923052052,2.5425336360931396,-1853.323333333334,0.0063032205490504995,27.724973790785846,0.595229677417699,0.02205311007770326,0.09722951755804174,1471,327.86138735702116,0.30533790588378906
1472,4633.827,1800.7333333333331,6975.999999999999,100,100,1036,2.2036940146832724,6.733590733590733,2.490412712097168,-1800.7333333333331,-0.00962813910754288,25.53000057444853,0.5459651482455871,0.03490872073042042,0.10937500021913472,1472,327.87304342196944,0.30533790588378906
1473,4636.669,1865.6266666666668,7060.000000000001,100,100,1032,2.059882361547437,6.84108527131783,2.333421468734741,-1865.6266666666668,-0.020552639630349243,24.534849531510297,0.6522489970221239,0.02045607957852018,0.1135110294117647,1473,327.8946448718183,0.30533790588378906
1474,4639.601,1771.5400000000006,6947.000000000001,100,100,1033,2.133721203204255,6.725072604065828,2.4143471717834473,-1771.5400000000006,-0.006776124732021023,26.661168070400464,0.5979410620296702,0.00858106154619771,0.08277165035114568,1474,327.9100868602234,0.30533790588378906
1475,4642.588,1858.193333333334,7098.333333333335,100,100,1028,2.2005028210730737,6.904993514915695,2.4725582599639893,-1858.193333333334,-0.007663664901081254,21.770177897285013,0.6229081767446855,0.01442078167490442,0.07720588235294118,1475,327.9205170089724,0.30533790588378906
1476,4645.63,1901.8566666666657,7118.3333333333285,100,100,1030,2.252085825871423,6.91100323624595,2.533637046813965,-1901.8566666666657,-0.003586525152273038,26.3815938725191,0.5866713111891466,0.0029912492849261444,0.07904411764705882,1476,327.92758796041585,0.30533790588378906
1477,4648.882,1910.5100000000002,7055.666666666668,100,100,1034,2.438112474033137,6.823662153449389,2.735215663909912,-1910.5100000000002,0.006533022367340677,31.70807897343355,0.6217683536164901,0.013070654466419536,0.085845588322948,1477,327.9205480462355,0.30533790588378906
1478,4652.049,1866.4800000000002,7005.333333333333,100,100,1032,2.3543866241374234,6.788113695090439,2.642805814743042,-1866.4800000000002,0.003518491326009526,31.196238742155188,0.5954533762791577,0.001560297274195096,0.07950367647058823,1478,327.91916141684425,0.30533790588378906
1479,4655.08,1833.4900000000018,6938.666666666671,100,100,1031,2.238976141793796,6.730035564177178,2.5214035511016846,-1833.4900000000018,-0.014293264049817534,25.64749599905575,0.6253925859928131,0.020902454647619056,0.13806460140382543,1479,327.92709354145217,0.30533790588378906
1480,4661.873,1890.7433333333322,7018.333333333335,100,100,1027,2.214055503840978,6.833820188250569,2.486570119857788,-1890.7433333333322,-0.009697896811892004,34.4153361600988,0.6702009132679771,0.008569657384856221,0.10922181430984945,1480,327.93622555213165,0.30533790588378906
1481,4664.988,1869.4899999999993,7010.666666666662,100,100,1034,2.294229884065392,6.780141843971627,2.584825277328491,-1869.4899999999993,-0.025476322509348392,25.487993240356445,0.6898880390559926,0.004890812067862819,0.06332720597000684,1481,327.6724526866145,0.30533790588378906
1482,4667.938,1780.5633333333335,6883.333333333334,100,100,1033,2.1682707664970624,6.663439819296548,2.4473726749420166,-1780.5633333333335,-0.029381277149214464,26.836149916929358,0.6836466806776383,0.011035821325255228,0.08460988564526334,1482,327.6866302858066,0.30533790588378906
1483,4670.981,1876.3533333333332,7084.666666666666,100,100,1033,2.246623230414665,6.858341400451758,2.5347483158111572,-1876.3533333333332,-0.018555834149832234,25.723222788642435,0.6489007920026779,0.012208609102184282,0.09191176470588236,1483,327.69434222653734,0.30533790588378906
1484,4673.694,1829.6166666666668,7094.333333333334,100,100,1035,1.954397680980248,6.854428341384864,2.2305991649627686,-1829.6166666666668,-0.029938977047362748,24.55048600365134,0.6468015313148499,0.020671199637410397,0.09387533454334035,1484,327.72556627247536,0.30533790588378906
1485,4676.381,1789.8300000000008,6947.333333333331,100,100,1028,1.950121203737319,6.758106355382618,2.2093253135681152,-1789.8300000000008,-0.016244476661086082,25.481776994817398,0.6039149393053616,0.013837378228987184,0.10615808823529412,1485,327.7571255724088,0.30533790588378906
1486,4679.083,1847.9233333333323,7052.333333333331,100,100,1030,1.9455655334399815,6.84692556634304,2.210386276245117,-1847.9233333333323,-0.022021642612183794,29.97768559175379,0.628210830337861,0.011490921678213292,0.08287377480198355,1486,327.78796179801367,0.30533790588378906
1487,4681.8,1817.3733333333332,6889.333333333333,100,100,1028,1.9713652703878453,6.701686121919584,2.233949661254883,-1817.3733333333332,-0.028456002747749582,29.982999184552362,0.6265395599253037,0.01618561301353004,0.09834558823529412,1487,327.81727448490795,0.30533790588378906
1488,4684.522,1763.4133333333343,6851.000000000001,100,100,1036,1.9619028969680437,6.6129343629343635,2.2377448081970215,-1763.4133333333343,-0.013718034469467752,33.98588163712446,0.5893904654418721,0.0064369263127446175,0.08440563740099177,1488,327.8479818791642,0.30533790588378906
1489,4687.262,1817.1133333333328,6944.666666666666,100,100,1031,1.9614553807536366,6.735855156805689,2.2302379608154297,-1817.1133333333328,-0.022465253248810768,26.756508827209473,0.565210726331262,0.008305846631307812,0.09755777348490323,1489,327.87626439255735,0.30533790588378906
1490,4693.157,1856.5766666666675,7080.333333333334,100,100,1032,1.955810560918839,6.860788113695091,2.225320816040039,-1856.5766666666675,-0.004398298614165362,28.95722411660587,0.578618593952235,0.007221063136753133,0.07536764705882353,1490,327.9071147041147,0.30533790588378906
1491,4695.893,1903.0800000000017,7069.333333333331,100,100,1032,1.9515892433213764,6.850129198966406,2.225588083267212,-1903.0800000000017,-0.007580984274254125,26.22247325672823,0.568734801867429,0.0046647596926264025,0.07996323529411764,1491,327.71316664748,0.30533790588378906
1492,4698.602,1915.6566666666681,7141.000000000001,100,100,1030,1.9445920377761776,6.933009708737865,2.212358236312866,-1915.6566666666681,-0.021046500433893764,30.04958926930147,0.5431762530523188,0.010977433992700432,0.08042279411764706,1492,327.74342945256484,0.30533790588378906
1493,4701.365,1795.0766666666677,6849.333333333335,100,100,1034,1.9809505791895134,6.624113475177307,2.2585389614105225,-1795.0766666666677,-0.016268118722912145,19.43113613128662,0.5338728287640739,0.008888619794400738,0.09255514710265048,1493,327.77077101326904,0.30533790588378906
1494,4704.464,1825.7700000000007,7007.000000000002,100,100,1033,2.2885034856812925,6.783155856727978,2.5756478309631348,-1825.7700000000007,-0.01810367449241526,23.976275275735293,0.4955593930447803,0.005382261595086139,0.09671160162371747,1494,327.7743968033377,0.30533790588378906
1495,4707.561,1791.4566666666665,7008.333333333335,100,100,1031,2.3106397678361974,6.797607500808279,2.589005470275879,-1791.4566666666665,-0.017915267168599015,27.215530058916876,0.5378588289022446,0.012563740187461543,0.08331144995549146,1495,327.77782760333537,0.30533790588378906
1496,4710.588,1878.513333333333,6980.999999999998,100,100,1029,2.258441690174524,6.784256559766762,2.535271406173706,-1878.513333333333,-0.003878389430396697,35.76579772724825,0.5259908709455939,0.01605681064949535,0.07996323529411764,1496,327.7856347908591,0.30533790588378906
1497,4713.441,1753.946666666666,6855.666666666666,100,100,1028,2.088170232711512,6.6689364461738,2.3520865440368652,-1753.946666666666,-0.013342602726291208,26.301672598894903,0.512396258466384,0.015190715110614239,0.09558823529411764,1497,327.8053306172989,0.30533790588378906
1498,4716.48,1831.6233333333344,6983.000000000001,100,100,1028,2.236615178802192,6.792801556420234,2.512650728225708,-1831.6233333333344,0.00476754703285063,23.271447882932776,0.49705194638055916,0.021618957230684292,0.08915441176470588,1498,327.81202553681516,0.30533790588378906
1499,4719.625,1935.403333333334,7172.666666666671,100,100,1030,2.346174658990456,6.963754045307447,2.630481481552124,-1935.403333333334,-0.04805178622550824,25.351546624127558,0.4905198584584629,0.012131581137723783,0.08685661764705882,1499,327.81181565966193,0.30533790588378906
1500,4726.106,1839.5766666666666,7050.333333333333,100,100,1031,2.2259350125583035,6.8383446492078885,2.504328489303589,-1839.5766666666666,-0.01884995592648492,19.78059774987838,0.5029920909334632,0.017061799641369897,0.08659401316853131,1500,327.8210457014253,0.30533790588378906
1501,4729.165,1779.5466666666655,6909.666666666666,100,100,1028,2.278229569701898,6.721465629053177,2.549419641494751,-1779.5466666666655,-0.025092520860626417,26.721440876231473,0.46076710083905387,0.013222346025834079,0.10386029411764706,1501,327.5859287939621,0.30533790588378906
1502,4731.985,1799.416666666667,6953.333333333337,100,100,1024,2.094095311917954,6.790364583333337,2.3501744270324707,-1799.416666666667,-0.017766670731361955,31.70462852716446,0.4715254958719015,0.01582824730576249,0.08349609375,1502,327.6070994747062,0.30533790588378906
1503,4734.704,1751.7200000000003,6822.0,100,100,1032,1.9691892436618894,6.6104651162790695,2.2372281551361084,-1751.7200000000003,-0.007468452512779657,22.260663509368896,0.4527261195813908,0.02168211404932663,0.10707720588235294,1503,327.6369380606441,0.30533790588378906
1504,4737.445,1756.2066666666658,6774.9999999999945,100,100,1033,1.9841136521049427,6.5585672797676615,2.2565364837646484,-1756.2066666666658,-0.008284620666766869,27.891790137571448,0.4168655653210247,0.02099483336239834,0.09523080070229138,1504,327.6654070220214,0.30533790588378906
1505,4740.215,1811.0533333333337,7023.000000000001,100,100,1034,1.9927495162586395,6.792069632495165,2.267958402633667,-1811.0533333333337,-0.023930561564424458,27.093589446123907,0.41755382103078503,0.01626611007925342,0.07683823542559848,1505,327.6921802093992,0.30533790588378906
1506,4742.983,1850.0999999999995,7130.9999999999945,100,100,1039,2.0030444621039454,6.863330125120303,2.287999153137207,-1850.0999999999995,-0.02391525511355961,27.836053623872644,0.45834961971815896,0.023532224979991204,0.09457720618914156,1506,327.7198853975252,0.30533790588378906
1507,4745.76,1768.3366666666668,6963.000000000003,100,100,1040,1.997775673561801,6.69519230769231,2.2836368083953857,-1768.3366666666668,-0.013852925039827824,23.701136028065402,0.506927415728569,0.03544981007272487,0.0859375,1507,327.74731407095953,0.30533790588378906
1508,4748.504,1663.7033333333345,6698.333333333334,100,100,1032,1.9874289728179502,6.490633074935401,2.256963014602661,-1663.7033333333345,-0.01919002436539706,51.15457910649917,0.4727593265912112,0.017639415389995146,0.09466911764705882,1508,327.77522015038363,0.30533790588378906
1509,4751.252,1710.2233333333331,6782.000000000002,100,100,1034,1.9939702130967618,6.558994197292072,2.2683372497558594,-1710.2233333333331,-0.0194241937578601,30.085300838246066,0.53548365130144,0.0251571258995682,0.10790441185235977,1509,327.8032647731955,0.30533790588378906
1510,4757.241,1774.2299999999993,6843.666666666666,100,100,1034,1.9917764029478227,6.618633139909735,2.267556667327881,-1774.2299999999993,-0.035653379252728296,31.270986557006836,0.48485734006937814,0.021322196027647483,0.08400735302883036,1510,327.83086806678284,0.30533790588378906
1511,4759.99,1800.3566666666663,6911.000000000002,100,100,1028,1.9926980552526286,6.722762645914399,2.2556777000427246,-1800.3566666666663,-6.336307920077267e-05,31.377721842597513,0.4595830747309853,0.03238715776173836,0.10018382352941177,1511,327.63470098112737,0.30533790588378906
1512,4762.785,1918.9899999999986,7049.999999999997,100,100,1032,2.0170303298721755,6.831395348837207,2.294210433959961,-1918.9899999999986,-0.03477118802530801,31.338192490970386,0.4828244184746462,0.008962672392098123,0.08731617647058823,1512,327.6591275616913,0.30533790588378906
1513,4765.524,1740.9233333333336,6847.666666666668,100,100,1037,1.9735105132743387,6.6033429765348775,2.253504753112793,-1740.9233333333336,-0.007859037422082004,19.131201828227322,0.4873088186278063,0.007263563826734967,0.06426753410521675,1513,327.6884309660107,0.30533790588378906
1514,4768.28,1864.6266666666672,7089.999999999998,100,100,1035,1.9928082120762283,6.850241545893718,2.271575927734375,-1864.6266666666672,-0.018646669848000303,23.387560704175165,0.5572728462078992,0.0072955634883221454,0.10406918473103467,1514,327.71607193638243,0.30533790588378906
1515,4771.033,1846.9066666666668,6936.3333333333385,100,100,1032,1.994750389148835,6.721253229974165,2.2680742740631104,-1846.9066666666668,-0.03161947719533654,27.77765891131233,0.5175223297932569,0.016856791561140734,0.08639705882352941,1515,327.7433339920843,0.30533790588378906
1516,4773.798,1881.3100000000006,7004.000000000001,100,100,1032,1.997285658000001,6.786821705426357,2.272528886795044,-1881.3100000000006,-0.017532239284585503,23.81148069045123,0.4910718938883613,0.009495236965663293,0.0978860294117647,1516,327.76963459053025,0.30533790588378906
1517,4776.556,1768.0833333333328,6893.666666666665,100,100,1034,1.986315280826838,6.666989039329463,2.2607674598693848,-1768.0833333333328,-0.034356688313624435,28.8570055400624,0.509285622221582,0.00965738098602742,0.0895220589111833,1517,327.79686539266135,0.30533790588378906
1518,4779.3,1806.0133333333342,6964.000000000003,100,100,1030,1.9950365039601343,6.761165048543692,2.261767864227295,-1806.0133333333342,-0.0327877233571866,32.521711966570685,0.5282574033035952,0.013364781488609664,0.11795343151863884,1518,327.8241565539098,0.30533790588378906
1519,4782.04,1810.316666666665,7046.999999999995,100,100,1033,1.9823543096073009,6.821878025169405,2.2562239170074463,-1810.316666666665,-0.02884277334327207,23.898624111624326,0.5833708004039877,0.0195545044809799,0.10431985294117647,1519,327.8523054013316,0.30533790588378906
1520,4788.057,1810.7900000000018,7007.333333333337,100,100,1034,1.9787803696012718,6.776918117343652,2.25337290763855,-1810.7900000000018,-0.025723806637174943,29.068967875312357,0.5557019175852046,0.012525739374241847,0.10643382392385427,1520,327.88056821424556,0.30533790588378906
1521,4790.818,1770.1633333333332,7007.333333333332,100,100,1030,1.997859419879585,6.803236245954691,2.267899513244629,-1770.1633333333332,-0.024056821239783484,25.094337799969843,0.5627871909562279,0.00792734052725684,0.10998774539021884,1521,327.68244582442907,0.30533790588378906
1522,4793.491,1908.8733333333328,7089.33333333333,100,100,1029,1.9142368330508905,6.889536767087785,2.178300380706787,-1908.8733333333328,-0.02022971284082707,31.22807052556206,0.5377050795975853,0.01659014238975942,0.07536764705882353,1522,327.7144792674983,0.30533790588378906
1523,4796.169,1875.8299999999986,7097.6666666666615,100,100,1032,1.9293154044755438,6.87758397932816,2.1994240283966064,-1875.8299999999986,-0.01273740192546564,22.448001917670755,0.5838630427332485,0.009522726519635934,0.0661764705882353,1523,327.7465882542915,0.30533790588378906
1524,4798.853,1841.8266666666668,7117.333333333338,100,100,1031,1.9394431644183459,6.903330100226322,2.20562481880188,-1841.8266666666668,-0.02884058911791619,25.747935687794406,0.5782097253729316,0.029366288529298103,0.08836659701431498,1524,327.7780844146741,0.30533790588378906
1525,4801.529,1803.996666666667,7103.333333333337,100,100,1034,1.9123088019022743,6.869761444229533,2.1834781169891357,-1803.996666666667,0.0040905710090609155,28.7415267719942,0.529510448960697,0.01781608256073121,0.07895220597000684,1525,327.81076779374956,0.30533790588378906
1526,4804.198,1915.4166666666663,7008.333333333333,100,100,1032,1.9138031018728232,6.791020671834625,2.187927484512329,-1915.4166666666663,-0.0342293075450203,36.895342995138726,0.5426412612638053,0.02061408951275927,0.09191176470588236,1526,327.84346897292994,0.30533790588378906
1527,4806.876,1895.1833333333325,7209.666666666662,100,100,1032,1.9243286836616218,6.986111111111107,2.1967616081237793,-1895.1833333333325,-0.017481410656781757,30.934193835538977,0.5411935553831213,0.013827954573036335,0.0978860294117647,1527,327.8755274594862,0.30533790588378906
1528,4809.615,1869.1933333333332,7055.666666666666,100,100,1033,1.9425502415910536,6.83026782833172,2.216231107711792,-1869.1933333333332,-0.02438748233458575,32.69075668559355,0.5744005503023372,0.017816595938604546,0.08874591505702804,1528,327.90361337328414,0.30533790588378906
1529,4812.305,1967.9466666666658,7202.33333333333,100,100,1031,1.9349353032269734,6.985774329130291,2.2064011096954346,-1967.9466666666658,-0.012325136484030415,40.046596078311694,0.568190657917191,0.027692981360493887,0.07412027348490323,1529,327.93460577768275,0.30533790588378906
1530,4818.096,1912.5166666666669,7065.000000000002,100,100,1028,1.936249998339238,6.872568093385215,2.200061798095703,-1912.5166666666669,-0.011616121210596141,30.74863686281092,0.573844651965534,0.026909053079126513,0.13051470588235295,1530,327.96533057968827,0.30533790588378906
1531,4820.812,1871.4366666666665,6961.999999999999,100,100,1030,1.9491080597079204,6.759223300970873,2.2191293239593506,-1871.4366666666665,-0.005846437395495527,33.39541771832634,0.6087105554692885,0.012208901017027743,0.08992034328334472,1531,327.78276621274165,0.30533790588378906
1532,4823.847,1903.1200000000006,7115.999999999999,100,100,1034,2.2218940032887446,6.88201160541586,2.511298894882202,-1903.1200000000006,-0.001029381638064104,32.61831397168777,0.5915234500870985,0.008932910256964318,0.08658088239676812,1532,327.7908874337171,0.30533790588378906
1533,4826.913,1971.8800000000006,7231.333333333331,100,100,1028,2.264945329790246,7.034370946822307,2.5442633628845215,-1971.8800000000006,-0.022913423969465142,30.78259583080516,0.5564345822614782,0.023484468826448873,0.06479779411764706,1533,327.7956604031858,0.30533790588378906
1534,4830.047,1956.8833333333337,7270.333333333335,100,100,1032,2.3173855600947184,7.044896640826875,2.6076290607452393,-1956.8833333333337,-0.00536831484778839,49.06561481251436,0.5569832018193077,0.019373645197928828,0.08547794117647059,1534,327.7966247462477,0.30533790588378906
1535,4833.174,1882.996666666667,7069.333333333333,100,100,1030,2.334669517981594,6.863430420711974,2.6200473308563232,-1882.996666666667,-0.007865549229523715,36.639391113730035,0.5982543519314598,0.010450256577528575,0.11550245127257179,1535,327.79760878192167,0.30533790588378906
1536,4836.212,1893.3666666666663,7078.666666666669,100,100,1030,2.2436527186073363,6.872491909385115,2.526395082473755,-1893.3666666666663,-0.029121756553649902,26.762904728160184,0.579135545036372,0.013799103312468267,0.07184436303727768,1536,327.8046987551698,0.30533790588378906
1537,4839.199,1924.59,7218.333333333332,100,100,1029,2.2014379008076688,7.014901198574667,2.4789135456085205,-1924.59,-0.022311144124935654,30.615432486814612,0.581795615308425,0.016872174133930135,0.07435661773471271,1537,327.8149879552505,0.30533790588378906
1538,4842.339,1858.3399999999992,7096.999999999999,100,100,1041,2.3325669562880678,6.817483189241114,2.641587734222412,-1858.3399999999992,-0.019539887742961153,25.22026202257942,0.5425309793037527,0.01365941297262907,0.08896518191870521,1538,327.81743157810155,0.30533790588378906
1539,4845.445,1871.8499999999985,6984.333333333331,100,100,1033,2.2895217796297165,6.761213294611163,2.5787463188171387,-1871.8499999999985,-0.03238941849592854,31.64197282230153,0.5356948099592153,0.023341449604177958,0.0744485294117647,1539,327.82048215703736,0.30533790588378906
1540,4851.947,1940.32,7198.333333333334,100,100,1033,2.320450241857777,6.96837689577283,2.612604856491089,-1940.32,-0.013029635719516697,39.61189701977898,0.5428224793251823,0.035855011199600995,0.08517156870049589,1540,327.82167881232914,0.30533790588378906
1541,4854.718,1801.1733333333332,7090.999999999996,100,100,1031,1.9860975746928953,6.87778855480116,2.2563109397888184,-1801.1733333333332,-0.0057633074329179875,45.037551543291876,0.596116271089105,0.028325252063736758,0.11731880289666793,1541,327.6194691231829,0.30533790588378906
1542,4857.488,1820.1566666666663,7012.666666666667,100,100,1036,2.0006222024058355,6.768983268983269,2.281996965408325,-1820.1566666666663,-0.014938203453579369,29.567112361683566,0.5820320870946435,0.027753770591088515,0.09849877458284884,1542,327.64590420257116,0.30533790588378906
1543,4860.242,1823.5299999999995,7101.999999999999,100,100,1032,1.9886679268286873,6.8817829457364335,2.2617032527923584,-1823.5299999999995,0.0030712571871631287,27.68556572409237,0.5606644320137361,0.02738924368253827,0.11397058823529412,1543,327.6725442408568,0.30533790588378906
1544,4863.006,1929.4800000000005,7180.000000000002,100,100,1034,1.9897352028151747,6.943907156673116,2.2716760635375977,-1929.4800000000005,-0.012673779774238081,31.904026059543384,0.5995732747456607,0.013997603125651093,0.08354779420530095,1544,327.6989460515173,0.30533790588378906
1545,4865.79,1791.1333333333337,6858.33333333333,100,100,1031,2.013949272773842,6.652117685095374,2.286647319793701,-1791.1333333333337,0.0026183398988317043,33.12072787565344,0.5714269070064321,0.02154317781027845,0.08554359262480456,1545,327.7233369358291,0.30533790588378906
1546,4868.563,1780.4200000000005,6854.000000000001,100,100,1029,2.018137414784934,6.66083576287658,2.285953998565674,-1780.4200000000005,-0.021858485634712613,29.26864741830265,0.6205814638558556,0.013264739324393518,0.06295955882352941,1546,327.7480725819862,0.30533790588378906
1547,4871.345,1828.6200000000006,6987.000000000002,100,100,1029,2.021033043517895,6.790087463556853,2.2881839275360107,-1828.6200000000006,-0.024100727839943242,32.8863535488353,0.5774334160720601,0.01891971372670549,0.10101102949941859,1547,327.7721333634901,0.30533790588378906
1548,4874.123,1752.4066666666672,6874.666666666663,100,100,1035,1.9951741078391598,6.642190016103056,2.271178960800171,-1752.4066666666672,-0.02274165751741213,30.37886611153098,0.6037606509292827,0.025259420508518815,0.10904077571981094,1548,327.79765987697925,0.30533790588378906
1549,4876.879,1815.2633333333333,7022.333333333336,100,100,1033,1.9898470467504652,6.797999354630528,2.2648820877075195,-1815.2633333333333,-0.017002480652402428,20.635252531837015,0.6006269560140722,0.011511490676853368,0.08639705882352941,1549,327.8242415018377,0.30533790588378906
1550,4882.889,1886.2233333333334,7118.000000000001,100,100,1033,1.976030590332727,6.890609874152953,2.254567861557007,-1886.2233333333334,-0.02278385596240268,44.45095168842989,0.5717898940338808,0.019801340127528152,0.07633782682173393,1550,327.8502729893208,0.30533790588378906
1551,4885.658,1803.2800000000002,6964.000000000001,100,100,1030,1.9975547545399626,6.76116504854369,2.2652204036712646,-1803.2800000000002,0.00464439090779599,30.530243901645434,0.5783457826165592,0.01037012184422244,0.058363970588235295,1551,327.6573908403445,0.30533790588378906
1552,4888.375,1812.6599999999994,6976.000000000001,100,100,1029,1.9690059308701198,6.779397473275025,2.2319650650024414,-1812.6599999999994,-0.0158695573644603,26.258113019606647,0.5999458019128617,0.018399725202471018,0.09641544126412448,1552,327.68579129067024,0.30533790588378906
1553,4891.184,1820.553333333333,6981.333333333333,100,100,1030,2.0265819423479363,6.77799352750809,2.294196367263794,-1820.553333333333,-0.015875809990307865,24.34189560834099,0.5908190984936321,0.018247540057499838,0.06387867647058823,1553,327.7081805011651,0.30533790588378906
1554,4893.919,1855.7333333333338,7118.666666666667,100,100,1036,1.9707987450187285,6.871299871299872,2.2498457431793213,-1855.7333333333338,-0.010730634169543491,28.257607095381793,0.6151901466004989,0.010498222247834373,0.07904411764705882,1554,327.7367545101623,0.30533790588378906
1555,4896.691,1799.4799999999998,6988.666666666666,100,100,1036,1.9880232618515772,6.745817245817245,2.2690649032592773,-1799.4799999999998,-0.014108885298756993,26.50228957568898,0.5825692397706649,0.015774763415238875,0.08118872563628589,1555,327.76278537394506,0.30533790588378906
1556,4899.39,1740.836666666666,7025.999999999998,100,100,1035,1.9416237662766795,6.788405797101447,2.211582660675049,-1740.836666666666,-0.007143217084162375,34.518331696005426,0.645596965270884,0.025899891145801282,0.11117145769736346,1556,327.793548780572,0.30533790588378906
1557,4902.099,1870.43,7056.333333333336,100,100,1032,1.9382613377380293,6.837532299741604,2.208296537399292,-1870.43,-0.0008013822576578925,38.05221529567943,0.639922708272934,0.020637643304379547,0.10615808823529412,1557,327.8228984758853,0.30533790588378906
1558,4904.826,1870.9099999999994,7181.333333333331,100,100,1032,1.9614250946730418,6.958656330749352,2.2306718826293945,-1870.9099999999994,-0.017425677026895917,28.728570882011862,0.6835582133601693,0.011973815764684011,0.09558823529411764,1558,327.85095749063305,0.30533790588378906
1559,4907.553,1788.793333333333,7045.333333333337,100,100,1041,1.940227184564548,6.767851424911947,2.2235188484191895,-1788.793333333333,-0.006917960887007853,33.15240601932301,0.6497451391290215,0.019010468358721805,0.10572556230951757,1559,327.88093884281614,0.30533790588378906
1560,4913.356,1685.5000000000002,6761.333333333337,100,100,1032,1.9577685082529837,6.551679586563311,2.2208974361419678,-1685.5000000000002,-0.013759240946348976,24.539305350359747,0.6248997072963154,0.030512084568138507,0.11488970588235294,1560,327.9104941917347,0.30533790588378906
1561,4916.065,1759.673333333333,7060.333333333331,100,100,1042,1.921294051586273,6.775751759436978,2.2051472663879395,-1759.673333333333,-0.014726369203451802,22.209283772636862,0.650149231447893,0.015221437206491828,0.11361315375303521,1561,327.7350645044245,0.30533790588378906
1562,4918.75,1792.546666666668,7033.666666666665,100,100,1036,1.9268920840866304,6.789253539253537,2.200350761413574,-1792.546666666668,-0.009331956834477536,31.92246613782995,0.5919313553501578,0.01584220548187766,0.08930759811226059,1562,327.766831867114,0.30533790588378906
1563,4921.427,1897.073333333333,7031.333333333329,100,100,1032,1.9226816851490487,6.813307493540048,2.191871166229248,-1897.073333333333,-0.0070419118684880875,30.92803938248578,0.6299775672309539,0.026601403944796938,0.09696691176470588,1563,327.7982277808009,0.30533790588378906
1564,4924.138,1952.6166666666675,7297.666666666669,100,100,1035,1.935778357030077,7.050885668276974,2.213366746902466,-1952.6166666666675,-0.010768212816294502,32.39348720101749,0.549983016708318,0.018034233384669814,0.114263034918729,1564,327.82795039369057,0.30533790588378906
1565,4926.922,1902.2800000000009,7108.333333333336,100,100,1033,2.0026268165005012,6.881252016779609,2.281270742416382,-1902.2800000000009,0.010058092282098882,26.648073252509622,0.6343031052280875,0.017956023443462876,0.08884803928873118,1565,327.85234958144616,0.30533790588378906
1566,4929.62,1845.2366666666662,7059.333333333334,100,100,1034,1.926566922912875,6.827208252740168,2.19675874710083,-1845.2366666666662,-0.03044430763625047,25.790413856506348,0.6142065595178043,0.0075829413763131015,0.08869485294117647,1566,327.8826853797841,0.30533790588378906
1567,4932.29,1770.32,7011.333333333334,100,100,1032,1.9252095932128312,6.793927648578812,2.1878304481506348,-1770.32,-0.005507462548420709,21.76428996815401,0.6303090225247776,0.01398353957954575,0.08777573529411764,1567,327.91439801703615,0.30533790588378906
1568,4934.984,1693.0700000000008,6721.333333333335,100,100,1030,1.9495235905232071,6.5255663430420725,2.2088992595672607,-1693.0700000000008,-0.03535511607632918,23.530545487123376,0.6299912193242241,0.011710036374792895,0.09267769622452118,1568,327.9441317366012,0.30533790588378906
1569,4937.714,1762.693333333334,6889.999999999999,100,100,1035,1.9736568128537153,6.657004830917874,2.2480990886688232,-1762.693333333334,-0.023103452684796032,23.87347448573393,0.6500281305874095,0.016793195411617702,0.09767713967491598,1569,327.9723988129702,0.30533790588378906
1570,4944.138,1956.7399999999998,7323.333333333335,100,100,1038,1.944880346455369,7.055234425176623,2.2281534671783447,-1956.7399999999998,-0.014093421783079119,31.343617831959445,0.6375096703276915,0.008655787904418129,0.12408088322948008,1570,328.002467906229,0.30533790588378906
1571,4947.377,1758.5133333333338,6963.333333333333,100,100,1031,2.438236858332611,6.753960556094406,2.7194504737854004,-1758.5133333333338,-0.022798230652423465,21.832338417277615,0.6451832310241812,0.04080732914564364,0.11633403380127515,1571,327.7500185853639,0.30533790588378906
1572,4950.441,1818.5333333333322,7135.999999999996,100,100,1040,2.2453232685130877,6.8615384615384585,2.5434961318969727,-1818.5333333333322,-0.024868089815273005,32.20700143365299,0.5671151823857251,0.012727207511060816,0.1208639705882353,1572,327.7572684958203,0.30533790588378906
1573,4953.399,1809.1299999999997,6940.333333333332,100,100,1028,2.1676728604968405,6.751297016861218,2.43524169921875,-1809.1299999999997,-0.02092123787631007,24.372310021344354,0.6151727683403913,0.009056479040095034,0.08777573529411764,1573,327.7690771554375,0.30533790588378906
1574,4956.631,1843.3566666666654,6978.66666666667,100,100,1034,2.4005902327175614,6.749194068343008,2.696924924850464,-1843.3566666666654,-0.023595612222219214,27.992215829737045,0.5910740599912756,0.025233216152307305,0.13079044135177836,1574,327.7639641173788,0.30533790588378906
1575,4959.903,1854.3766666666668,7036.333333333334,100,100,1034,2.463148356725172,6.804964539007093,2.75990891456604,-1854.3766666666668,-0.031172782511395568,28.98842789145077,0.5615541645709206,0.013019529914291686,0.11976102958707248,1575,327.75618386516715,0.30533790588378906
1576,4962.937,1909.9599999999998,7228.0,100,100,1033,2.223699997131427,6.997095837366892,2.508770227432251,-1909.9599999999998,-0.0029345181058434877,27.379582966075223,0.6343406333642847,-0.004404571486006984,0.08563112774316002,1576,327.76397619891554,0.30533790588378906
1577,4965.914,1933.8666666666668,7222.999999999997,100,100,1033,2.1700119075211197,6.9922555663117105,2.456165075302124,-1933.8666666666668,-0.030506428550271428,24.41720168730792,0.6353973378153408,0.011009901840760209,0.09063521246699725,1577,327.77550583079153,0.30533790588378906
1578,4969.07,1874.8100000000006,7093.333333333337,100,100,1033,2.3354304003703255,6.866731203614072,2.6246025562286377,-1874.8100000000006,-0.0038121943088138804,25.80438305349911,0.575974786106278,0.024973305086057412,0.09798815364346784,1578,327.77519568672335,0.30533790588378906
1579,4972.126,1822.3866666666665,7062.0,100,100,1034,2.2612181813023784,6.829787234042553,2.550628185272217,-1822.3866666666665,-0.03001387433751541,25.203493567074048,0.5971691170159508,0.00880685227457434,0.06976102949941859,1579,327.78169974714217,0.30533790588378906
1580,4978.741,1766.8999999999985,6977.999999999994,100,100,1029,2.224001552990164,6.781341107871714,2.496135711669922,-1766.8999999999985,-0.023898179752423483,25.459662577685187,0.5930112232180202,0.006267109310583156,0.09641544126412448,1580,327.7894648250434,0.30533790588378906
1581,4981.623,1821.3433333333328,7060.333333333336,100,100,1031,2.1029594566611616,6.848043970255418,2.3747916221618652,-1821.3433333333328,0.0022706203984425347,21.35750170315013,0.589231038794798,0.013424902209354675,0.10871848858454648,1581,327.57033207379965,0.30533790588378906
1582,4984.445,1790.83,6856.999999999996,100,100,1034,2.033608028623753,6.63152804642166,2.3120040893554688,-1790.83,0.005221668904756799,22.249953269958496,0.6028545814401963,0.01984667415586848,0.09963235302883036,1582,327.5923656595374,0.30533790588378906
1583,4987.516,1861.3466666666657,7126.666666666671,100,100,1036,2.2525824324369905,6.879021879021883,2.546245813369751,-1861.3466666666657,-0.018517769873142242,18.97769007963293,0.5851059222922605,0.022578700342873,0.10768995105343707,1583,327.5983646373301,0.30533790588378906
1584,4990.526,1878.766666666667,7041.333333333331,100,100,1031,2.2281422873707823,6.829615260265113,2.5077319145202637,-1878.766666666667,-0.005519942791365525,30.313087771920596,0.5470878446803373,0.018355734666864222,0.08508403380127515,1584,327.6073867481208,0.30533790588378906
1585,4993.364,1849.1466666666656,6991.999999999999,100,100,1027,2.073015577405575,6.808179162609542,2.337507724761963,-1849.1466666666656,0.03146440020817168,22.657432205536786,0.5983590211938409,0.01257769946995027,0.09375,1585,327.6268039487039,0.30533790588378906
1586,4996.244,1924.8966666666665,7119.666666666663,100,100,1036,2.0745793445364833,6.872265122265119,2.3617265224456787,-1924.8966666666665,-0.027002413099741236,31.488163162680234,0.5076980582054924,0.011751475750797373,0.10401348046520177,1586,327.64535898993654,0.30533790588378906
1587,4999.236,1767.0933333333328,6919.666666666668,100,100,1031,2.217168961520642,6.711606854186875,2.491138458251953,-1767.0933333333328,0.00011351803208098692,25.022964084849637,0.5899422756012749,0.01709346496157677,0.09565388674245161,1587,327.6554464996679,0.30533790588378906
1588,5002.356,1878.2133333333343,7205.333333333333,100,100,1035,2.3108580713227824,6.961674718196457,2.605719804763794,-1878.2133333333343,-0.030157171271960524,24.920230921577005,0.5691500691806569,0.01057720764005995,0.08597927847329308,1588,327.65798871673223,0.30533790588378906
1589,5005.541,1750.6966666666672,6830.333333333334,100,100,1034,2.364420697810867,6.605738233397808,2.6529417037963867,-1750.6966666666672,-0.027923688182935995,21.877408869126263,0.5305216426358503,0.025024032706449574,0.10321691194001366,1589,327.65615498292425,0.30533790588378906
1590,5012.277,1773.7299999999987,6893.666666666664,100,100,1030,2.4068932020720277,6.692880258899674,2.6865460872650146,-1773.7299999999987,0.0037242534625179626,22.211778668796313,0.49908489470972733,0.015685200567959863,0.09375,1590,327.6518589457015,0.30533790588378906
1591,5015.235,1738.9899999999993,7054.0,100,100,1030,2.155509028579244,6.848543689320389,2.426713705062866,-1738.9899999999993,-0.01156690574305899,29.296458833357867,0.5286930492695641,0.01455668909886085,0.09712009876966476,1591,327.43353226731574,0.30533790588378906
1592,5018.463,1785.5899999999997,6974.66666666667,100,100,1031,2.4219513102953982,6.764953119948273,2.704798936843872,-1785.5899999999997,-0.001568608040757039,21.81569956330692,0.5265538482105031,0.02005858172881691,0.11219800438951044,1592,327.42830977257853,0.30533790588378906
1593,5021.689,1892.5733333333328,7183.333333333331,100,100,1034,2.404807060592172,6.947130883301094,2.701338291168213,-1892.5733333333328,-0.018518876832197693,23.489214476417093,0.5425292893367655,0.021915102463133412,0.0965073531603112,1593,327.423894144181,0.30533790588378906
1594,5024.668,1929.3533333333332,7221.66666666667,100,100,1033,2.183092352127276,6.990964827363668,2.466717481613159,-1929.3533333333332,-0.020032573820037,23.26645752962898,0.5124468137236202,0.026698377072427643,0.12091503270408686,1594,327.43535461518064,0.30533790588378906
1595,5027.641,1788.743333333333,7086.999999999998,100,100,1032,2.179827229882403,6.867248062015502,2.4580941200256348,-1788.743333333333,-0.012674130006309818,23.87156935299144,0.48471609371549945,0.015135424280100885,0.10340073529411764,1595,327.4469990661387,0.30533790588378906
1596,5030.846,1933.1333333333341,7165.999999999999,100,100,1035,2.407615266038456,6.92367149758454,2.707918882369995,-1933.1333333333341,-0.02471350531970315,24.675574695362766,0.5311956002431757,0.01777155330979868,0.10774565531926997,1596,327.4441342573095,0.30533790588378906
1597,5033.554,1742.05,6857.666666666667,100,100,1034,1.939670021089093,6.63217279174726,2.209639072418213,-1742.05,-0.005424478365217938,22.96239653755637,0.5373397250385845,0.024156836203902084,0.11829044143943225,1597,327.47336878460516,0.30533790588378906
1598,5036.234,1797.5266666666666,6998.999999999999,100,100,1033,1.9264470483604657,6.77541142303969,2.1965200901031494,-1797.5266666666666,-0.018549387069309458,34.58473357032327,0.4870986736872617,0.024107529096962774,0.11637050658464432,1598,327.5042482594689,0.30533790588378906
1599,5038.936,1806.1966666666672,6976.0,100,100,1030,1.9504747590845795,6.772815533980583,2.2133336067199707,-1806.1966666666672,-1.9318807651014888e-05,21.340879131765927,0.47365983794717226,0.016903349311392316,0.09558823529411764,1599,327.5330600983177,0.30533790588378906
1600,5044.875,1797.8366666666666,7002.66666666667,100,100,1031,1.9372870024812168,6.792111218881348,2.2030303478240967,-1797.8366666666666,-0.02554645696107079,32.172073139863855,0.5002056136727333,0.01858545945245115,0.0915178573306869,1600,327.560593122279,0.30533790588378906
1601,5047.611,1837.2266666666665,7134.9999999999945,100,100,1035,1.9474246362584153,6.89371980676328,2.2217540740966797,-1837.2266666666665,-0.02175766393980559,22.733559748705694,0.5029502695097643,0.016667447025504184,0.09533756708397585,1601,327.3794078945502,0.30533790588378906
1602,5050.339,1760.8933333333325,7027.666666666663,100,100,1040,1.9554982677128954,6.7573717948717915,2.2386810779571533,-1760.8933333333325,-0.022246244253919405,24.051040649414062,0.5444116417099448,0.01661687030676095,0.08639705882352941,1602,327.40853190177666,0.30533790588378906
1603,5053.08,1754.7233333333331,6993.333333333332,100,100,1041,1.951293372768304,6.717899455651616,2.2345125675201416,-1754.7233333333331,-0.0239855700501186,25.805664511287915,0.5461987651446286,0.013747738866025911,0.10204909172128229,1603,327.43694848629355,0.30533790588378906
1604,5055.768,1834.1633333333334,7189.000000000001,100,100,1033,1.933491481481605,6.959341723136497,2.204096794128418,-1834.1633333333334,-0.025757379254654926,21.123323917388916,0.5423367382848964,0.013945365685846327,0.08649918305523255,1604,327.46718363889084,0.30533790588378906
1605,5058.481,1763.8766666666675,6983.333333333334,100,100,1033,1.9578018363444396,6.760245240400129,2.227208375930786,-1763.8766666666675,-0.010133327258860363,28.19714849135455,0.544511120985536,0.013782837277497439,0.09926470588235294,1605,327.4957147816862,0.30533790588378906
1606,5061.327,1784.7766666666666,7064.000000000001,100,100,1042,2.0374259092548286,6.779270633397314,2.3327951431274414,-1784.7766666666666,-0.029559498871950543,32.0847749710083,0.5276091151377734,0.019272921329555923,0.10309436314684503,1606,327.51750236214633,0.30533790588378906
1607,5064.542,1842.9533333333331,6950.000000000001,100,100,1033,2.399913744418544,6.727976766698936,2.691298484802246,-1842.9533333333331,-0.025166098658433732,23.313129032359402,0.5301435484605677,0.01361928733325947,0.0910437091746751,1607,327.5135161691314,0.30533790588378906
1608,5067.739,1853.4433333333322,7248.999999999999,100,100,1041,2.391948125022754,6.963496637848222,2.70149827003479,-1853.4433333333322,-0.01661016740014448,24.251245610854205,0.5216887978946462,0.0210843329961576,0.09529087385710548,1608,327.51235637532426,0.30533790588378906
1609,5070.689,1803.2133333333343,6977.333333333334,100,100,1034,2.1475741784520648,6.747904577691813,2.4309136867523193,-1803.2133333333343,-0.009546945309814285,25.164081685683307,0.5647164416663787,0.011282420419293511,0.09062500035061556,1609,327.52570919095643,0.30533790588378906
1610,5077.335,1710.2866666666662,6814.666666666668,100,100,1036,2.1881121617533323,6.577863577863579,2.473829507827759,-1710.2866666666662,-0.011818630839971936,26.289829646839816,0.5194944301072288,0.01624908753300962,0.09022671575931941,1610,327.53705688188484,0.30533790588378906
1611,5080.478,1773.3500000000004,6947.000000000004,100,100,1036,2.3178128374139977,6.705598455598459,2.6101129055023193,-1773.3500000000004,-0.009569588884272996,20.564412790186264,0.5814614541390363,0.015014963334097582,0.08287377458284884,1611,327.30250009942,0.30533790588378906
1612,5083.45,1704.4300000000003,6999.000000000001,100,100,1033,2.1841787019318972,6.775411423039691,2.4601681232452393,-1704.4300000000003,-0.03745538083946004,24.32466989405015,0.5792405833216274,0.004242723540622084,0.0754187091746751,1612,327.31432901177544,0.30533790588378906
1613,5086.565,1723.6800000000012,6896.333333333338,100,100,1033,2.302596223719115,6.676024524040017,2.5839860439300537,-1723.6800000000012,-0.012272813823074102,21.248774837045108,0.5504881073446835,0.010412446113632005,0.09563929740996922,1613,327.31698295238095,0.30533790588378906
1614,5089.663,1730.876666666668,6843.6666666666715,100,100,1033,2.3009751223312604,6.625040335592131,2.584794282913208,-1730.876666666668,-0.005669649635605952,23.817299450145047,0.5445754685822655,0.02003103871966767,0.08966503270408686,1614,327.3206800202666,0.30533790588378906
1615,5092.562,1849.9800000000002,7148.000000000003,100,100,1042,2.084854605134877,6.85988483685221,2.3854007720947266,-1849.9800000000002,-0.01921727294650148,26.288407718434055,0.5901122487643186,0.020310951088664726,0.12397875834037275,1615,327.3389960397634,0.30533790588378906
1616,5095.305,1851.0900000000015,7072.666666666672,100,100,1030,1.982638836517315,6.8666666666666725,2.250417947769165,-1851.0900000000015,-0.017651050406343797,31.859141181497012,0.5894419993547833,0.02982521090683911,0.08578431387158002,1616,327.3648813366295,0.30533790588378906
1617,5098.068,1882.8200000000015,7077.0,100,100,1032,1.9867959293101864,6.857558139534884,2.2592055797576904,-1882.8200000000015,-0.032661725219119996,30.65317428813261,0.5586651195498074,0.01603653157294235,0.09145220588235294,1617,327.38989623739354,0.30533790588378906
1618,5100.831,1717.8666666666652,6842.666666666662,100,100,1035,1.996620578898324,6.6112721417069205,2.2715373039245605,-1717.8666666666652,-0.02785001289756859,34.360572310055005,0.6499017889008802,0.02122135997256812,0.08677306157701156,1618,327.4154749181294,0.30533790588378906
1619,5103.586,1807.8966666666668,7021.666666666666,100,100,1027,1.9911445951372195,6.837065887698799,2.252880811691284,-1807.8966666666668,-0.008056484655860592,46.9346137046814,0.6399960842202691,0.020562816130490425,0.09022671597845414,1619,327.439964241278,0.30533790588378906
1620,5109.6,1851.8433333333335,7098.333333333331,100,100,1032,2.010892829501301,6.878229974160205,2.2865235805511475,-1851.8433333333335,-0.020004930577295667,35.084804703207574,0.5839735663989011,0.015467379906433909,0.10018382352941177,1620,327.4635952423355,0.30533790588378906
1621,5112.368,1864.7566666666667,7154.333333333336,100,100,1035,1.9952065714045568,6.912399355877619,2.2729506492614746,-1864.7566666666667,-0.01896083579563043,25.08592414855957,0.5385689656524097,0.02371324394035208,0.1027740643304937,1621,327.28181137369637,0.30533790588378906
1622,5115.137,1832.4233333333334,6999.999999999999,100,100,1032,1.9869022312765408,6.782945736434107,2.2570204734802246,-1832.4233333333334,-0.03495468829265412,33.191113976871264,0.5391400868401808,0.018563518266412702,0.10340073529411764,1622,327.30638851568153,0.30533790588378906
1623,5117.896,1843.7933333333337,6992.333333333333,100,100,1030,1.9982752437676186,6.7886731391585755,2.267296552658081,-1843.7933333333337,-0.013541751650764662,31.61657709233901,0.5415416877059376,0.019467558650135556,0.09267769622452118,1623,327.33118133032036,0.30533790588378906
1624,5120.708,1838.0599999999986,6917.999999999996,100,100,1033,2.0125286538913008,6.6969990319457855,2.288691520690918,-1838.0599999999986,0.0014231887865154183,26.21522075989667,0.46165579951861324,0.020645289914682508,0.09145220588235294,1624,327.35315940397777,0.30533790588378906
1625,5123.496,1866.503333333334,6988.666666666667,100,100,1032,2.0022979652546997,6.771963824289406,2.2773542404174805,-1866.503333333334,0.007877135649323463,29.863893396714154,0.46503547885838675,0.04221625563770752,0.1015625,1625,327.3764591421425,0.30533790588378906
1626,5126.251,1832.9200000000023,6980.666666666671,100,100,1031,1.993828419136167,6.7707727125767905,2.264752149581909,-1832.9200000000023,-0.043949717327075845,29.78953176386216,0.5137918065575993,0.016369696370983386,0.10773371905088425,1626,327.40161648141736,0.30533790588378906
1627,5129.004,1845.2566666666662,7054.333333333336,100,100,1030,1.9889144655271858,6.84886731391586,2.2562787532806396,-1845.2566666666662,-0.002471096594544018,38.435809696421906,0.4578218153294395,0.021003018188125947,0.10370710798922707,1627,327.42678137305194,0.30533790588378906
1628,5131.744,1812.456666666667,7012.000000000001,100,100,1030,1.9738083508643276,6.807766990291263,2.2434134483337402,-1812.456666666667,-0.020549827693578077,40.99406435910393,0.4910205865607542,0.014050560558269568,0.07950367647058823,1628,327.45262482276246,0.30533790588378906
1629,5134.484,1853.2333333333327,7087.666666666667,100,100,1034,1.9710026117360555,6.8546099290780145,2.2470951080322266,-1853.2333333333327,-0.0067405012052725345,30.4917392169728,0.47355809194200177,0.029453996801748872,0.10376838244059507,1629,327.47923776378803,0.30533790588378906
1630,5140.539,1889.8500000000008,7060.333333333337,100,100,1034,2.03038355535098,6.828175370728565,2.313059091567993,-1889.8500000000008,-0.029206717003356007,38.08990728153902,0.5059212507570491,0.009577059563632835,0.0817095589111833,1630,327.50151373859956,0.30533790588378906
1631,5143.312,1912.4200000000014,7061.333333333335,100,100,1032,1.9894304254151838,6.842377260981913,2.267360210418701,-1912.4200000000014,-0.014351856620872723,28.71206059175379,0.5084828453905442,0.029604000991265124,0.09237132352941177,1631,327.3188263558791,0.30533790588378906
1632,5146.084,1861.0599999999988,7070.666666666665,100,100,1031,1.9949783688947689,6.8580666020045244,2.2653844356536865,-1861.0599999999988,-0.0032537139623480685,29.258223421433392,0.5327635407447815,0.0362597120778553,0.09329044117647059,1632,327.3428713234869,0.30533790588378906
1633,5148.831,1718.8199999999995,6907.666666666668,100,100,1033,1.9851520813961891,6.68699580509842,2.255845308303833,-1718.8199999999995,-0.007318511933964842,34.06362999186796,0.48998841205063987,0.02646722602794933,0.09752859481993843,1633,327.3688730813025,0.30533790588378906
1634,5151.601,1894.4633333333325,7198.66666666667,100,100,1039,1.978934649512516,6.928456849534812,2.26745343208313,-1894.4633333333325,-0.0026889597887501996,31.523650926702164,0.5045148318304735,0.0325456459335435,0.10321691215914838,1634,327.394552706935,0.30533790588378906
1635,5154.28,1884.7033333333331,7186.000000000003,100,100,1031,1.9197214365901587,6.96993210475267,2.1859829425811768,-1884.7033333333331,0.003614196882528417,23.47602025200339,0.46110185367219586,0.022654197555418837,0.11423319402862997,1635,327.42439952180206,0.30533790588378906
1636,5156.978,1880.780000000001,7048.333333333331,100,100,1036,1.928700673309403,6.803410553410552,2.2104361057281494,-1880.780000000001,-0.006549606921479982,32.58884396272547,0.4840581320664462,0.026444616046158925,0.08746936281814295,1636,327.45398604651933,0.30533790588378906
1637,5159.656,1843.6099999999992,6965.000000000001,100,100,1029,1.9236061255021275,6.768707482993198,2.1867775917053223,-1843.6099999999992,-0.012858100016327464,27.961356611812818,0.4485020637512207,0.034391340854413366,0.08943014723413131,1637,327.4834486131563,0.30533790588378906
1638,5162.364,1837.416666666666,6960.666666666664,100,100,1030,1.9505171845576645,6.757928802588994,2.216606378555298,-1837.416666666666,-0.002938482800827307,29.34243157330681,0.5067049974904341,0.03907780239687247,0.08746936303727768,1638,327.511198320511,0.30533790588378906
1639,5165.096,1833.353333333334,7032.333333333336,100,100,1033,1.9457142279210202,6.807679896740886,2.218564510345459,-1833.353333333334,-0.010805125567404664,25.51196227354162,0.49589138083598194,0.032787367550875336,0.0860906863475547,1639,327.53794772305713,0.30533790588378906
1640,5170.941,1900.6199999999997,6988.666666666667,100,100,1031,1.9585313274327278,6.778532169414808,2.233957052230835,-1900.6199999999997,-0.014864559422301896,33.71898840455448,0.49456634854569154,0.027072217075756806,0.08830094556598102,1640,327.56407993174713,0.30533790588378906
1641,5173.653,1789.1699999999992,6935.666666666667,100,100,1038,1.927772925597811,6.681759794476558,2.20847487449646,-1789.1699999999992,-0.030400136211777434,26.282653724446018,0.4573205779580509,0.02968133323798504,0.08311449648702846,1641,327.39616376210563,0.30533790588378906
1642,5176.338,1805.1266666666666,6915.000000000003,100,100,1025,1.941227611926634,6.746341463414637,2.1948328018188477,-1805.1266666666666,-0.028777421397321364,23.348992829813678,0.4983273262486738,0.04918114123318125,0.07904411764705882,1642,327.4243292533677,0.30533790588378906
1643,5179.03,1835.8833333333328,6909.999999999997,100,100,1029,1.926282993554019,6.71525753158406,2.1884825229644775,-1835.8833333333328,-0.023460645831244832,26.16779540566837,0.4223029446952483,0.02918250659508083,0.09687500008765389,1643,327.4528431730708,0.30533790588378906
1644,5181.907,1818.2099999999994,6990.666666666662,100,100,1032,2.0808258718610633,6.773901808785525,2.358358144760132,-1818.2099999999994,-0.0015553700025467312,19.129528017605054,0.46018705736188326,0.02280963252997026,0.11902573529411764,1644,327.47018415474776,0.30533790588378906
1645,5184.97,1794.1766666666656,6941.666666666669,100,100,1039,2.237529164006265,6.681103625280721,2.5335440635681152,-1794.1766666666656,-0.017662860343561453,37.93731616525089,0.43372520278481874,0.04210616799194694,0.08011642229907653,1645,327.47708161038344,0.30533790588378906
1646,5188.09,1867.8699999999988,7118.999999999998,100,100,1034,2.312951254689025,6.884912959381043,2.6027140617370605,-1867.8699999999988,-0.012200614766162984,25.39889743748833,0.4359259434482631,0.024031917098909616,0.08216911773471271,1646,327.4795148272213,0.30533790588378906
1647,5191.19,1903.6800000000003,7154.333333333336,100,100,1033,2.2948199412258052,6.925782510487256,2.5824410915374756,-1903.6800000000003,-0.02461175319245633,40.87384560528923,0.46441665291786194,0.021302481907803344,0.07215073529411764,1647,327.48290229771743,0.30533790588378906
1648,5194.306,1793.61,6955.999999999998,100,100,1028,2.3228359914426457,6.766536964980543,2.5977141857147217,-1793.61,-0.016664062243174103,29.44835090637207,0.42356958766193953,0.03702770425554584,0.0978860294117647,1648,327.48433925219194,0.30533790588378906
1649,5197.328,1922.536666666666,7212.999999999996,100,100,1029,2.2157872703462203,7.009718172983476,2.4922335147857666,-1922.536666666666,0.027300577008110637,31.275923392351935,0.4533722551868242,0.02043115570952924,0.08409926470588236,1649,327.49195202496907,0.30533790588378906
1650,5204.08,1899.780000000001,7104.666666666672,100,100,1034,2.242932013709754,6.871050934880728,2.5317578315734863,-1899.780000000001,-0.023009706781629252,26.52585817785824,0.5508306315716576,0.02816353931762826,0.0933823530726573,1650,327.49800359205165,0.30533790588378906
1651,5207.178,1870.6533333333332,6977.666666666665,100,100,1030,2.2841834953705806,6.774433656957927,2.5643310546875,-1870.6533333333332,-0.022624209304066265,27.138651623445398,0.5078006421818453,0.01941650260500062,0.08609068656668943,1651,327.2688179825932,0.30533790588378906
1652,5210.146,1839.2033333333331,6971.33333333333,100,100,1025,2.205469268487721,6.801300813008127,2.4692046642303467,-1839.2033333333331,-0.013833120355711263,25.546085696229163,0.4721803453833084,0.013155875871341456,0.09145220588235294,1652,327.27912547593445,0.30533790588378906
1653,5212.915,1736.733333333334,6925.000000000002,100,100,1033,1.998340947772597,6.703775411423042,2.2722976207733154,-1736.733333333334,-0.03168627334868207,30.226108270532944,0.5140203973826241,0.01621130938121282,0.09798815364346784,1653,327.3034317264713,0.30533790588378906
1654,5215.708,1741.2633333333347,6886.000000000003,100,100,1030,2.0195842729610147,6.685436893203886,2.285783052444458,-1741.2633333333347,-0.021081479731947184,29.13628796970143,0.4747195445439395,0.015533918757950339,0.07981004916569766,1654,327.3256409372282,0.30533790588378906
1655,5218.466,1764.510000000001,6897.0,100,100,1031,1.9937364728245108,6.689621726479147,2.2634878158569336,-1764.510000000001,-0.021616760422201717,33.24296222013586,0.46471823226003084,0.02036411061828189,0.08790703819078557,1655,327.35020241603775,0.30533790588378906
1656,5221.206,1803.693333333334,7032.333333333335,100,100,1028,1.9785434832970399,6.840791180285345,2.238910675048828,-1803.693333333334,0.009340402177151512,25.121695462395163,0.45872222675996666,0.02079047217472073,0.0859375,1656,327.3753315906768,0.30533790588378906
1657,5223.966,1822.7733333333338,7008.666666666666,100,100,1034,1.9916581227290993,6.778207607994841,2.2686572074890137,-1822.7733333333338,-0.01721469868960626,26.04551413479973,0.5439708145225749,0.020681279944255948,0.08207720627679545,1657,327.40034782635826,0.30533790588378906
1658,5226.764,1750.746666666668,6896.666666666672,100,100,1025,2.0214360024462024,6.728455284552851,2.2791831493377686,-1750.746666666668,0.00850853937513688,30.236510220695944,0.5803254299304065,0.021154307191917562,0.10799632352941177,1658,327.4211373172398,0.30533790588378906
1659,5229.532,1793.2099999999991,6898.999999999998,100,100,1030,2.002866892144084,6.698058252427183,2.2721526622772217,-1793.2099999999991,0.006222869242158006,23.565340322606705,0.5846957923734889,0.007407792439848623,0.07674632352941177,1659,327.4448078719004,0.30533790588378906
1660,5235.513,1918.6000000000015,7211.333333333332,100,100,1033,1.98249632457951,6.980961600516294,2.2594923973083496,-1918.6000000000015,-0.01425618218148456,29.37904716940487,0.5501800346023896,0.02426137897076414,0.09625204258105334,1660,327.4696872109425,0.30533790588378906
1661,5238.275,1786.1866666666654,6868.999999999998,100,100,1028,1.997842996653916,6.681906614785991,2.261589288711548,-1786.1866666666654,-0.03559389557032024,28.306503856883328,0.5618141687968198,0.012954904684139526,0.06893382352941177,1661,327.29169292414804,0.30533790588378906
1662,5241.056,1794.1600000000005,6936.333333333331,100,100,1033,2.0031368816118156,6.714746692481444,2.2791197299957275,-1794.1600000000005,-0.021812129656181616,25.89356262543622,0.5376218171680675,0.010558760700993897,0.07490808823529412,1662,327.3151312741309,0.30533790588378906
1663,5243.801,1772.4599999999994,6950.333333333329,100,100,1034,1.977465086214864,6.721792392005154,2.2507400512695312,-1772.4599999999994,-0.01519869311767466,21.215519035563748,0.4762012086370412,0.031117752447779125,0.13795955917414496,1663,327.3409905114416,0.30533790588378906
1664,5246.565,1774.206666666667,6894.666666666667,100,100,1032,2.004755426368806,6.680878552971577,2.2750799655914307,-1774.206666666667,-0.05219857520697748,29.776809355791876,0.5213867338264689,0.012671908945776522,0.10386029411764706,1664,327.36526720154865,0.30533790588378906
1665,5249.286,1727.9866666666671,6962.666666666669,100,100,1034,1.9529890708131734,6.733720180528693,2.2225704193115234,-1727.9866666666671,-0.024231972446774736,27.715178910423727,0.5238943433060366,0.007477976950159406,0.07527573538177154,1665,327.392550795314,0.30533790588378906
1666,5251.985,1735.7933333333322,6881.333333333336,100,100,1029,1.9491037904385358,6.687398769031424,2.2095367908477783,-1735.7933333333322,-0.0024579547564772997,21.818524697247675,0.41853466279366436,0.010831343188114902,0.1129595589111833,1666,327.4201827614332,0.30533790588378906
1667,5254.75,1669.063333333335,6649.333333333335,100,100,1032,1.9818020344020568,6.443152454780363,2.248004198074341,-1669.063333333335,-0.011246227357974824,22.04766096788294,0.4107441402533475,0.017994175521273387,0.08272058823529412,1667,327.44433100845964,0.30533790588378906
1668,5257.513,1825.6033333333337,7077.333333333331,100,100,1032,1.9789373055650932,6.857881136950902,2.25238299369812,-1825.6033333333337,-0.018320379669175428,32.57211612252628,0.41336733979337353,0.021045504357008374,0.07582720588235294,1668,327.4685048716436,0.30533790588378906
1669,5260.246,1938.74,7075.666666666668,100,100,1032,1.9593595897340281,6.856266149870803,2.236367702484131,-1938.74,-0.016493267324917456,53.938298786387726,0.4485086465583128,0.019437616447890726,0.07306985294117647,1669,327.4945863859352,0.30533790588378906
1670,5266.148,1895.550000000001,7044.33333333333,100,100,1033,1.9682714437690834,6.819296547273311,2.2440497875213623,-1895.550000000001,0.013054035165730645,33.43592795203714,0.43473973870277405,0.03807669169926906,0.08287377480198355,1670,327.5207338047186,0.30533790588378906
1671,5268.932,1855.0333333333347,7013.333333333332,100,100,1035,1.978793141324127,6.776167471819645,2.257783889770508,-1855.0333333333347,-0.010950660086510813,23.58883835287655,0.3822111000909525,0.027404157862560275,0.10553141727167017,1671,327.34715465184973,0.30533790588378906
1672,5271.664,1627.8866666666688,6653.333333333335,100,100,1032,1.9598864330260386,6.447028423772611,2.224698066711426,-1627.8866666666688,-0.029543934417340684,32.90495737861185,0.4611046958495589,0.020057596820954454,0.0978860294117647,1672,327.3733231443758,0.30533790588378906
1673,5274.362,1764.4733333333331,6739.666666666665,100,100,1032,1.932633722601675,6.530684754521962,2.199054718017578,-1764.4733333333331,-0.0013502333861063508,20.923988678876093,0.4117738499360926,0.021602422923452276,0.07261029411764706,1673,327.40151594404415,0.30533790588378906
1674,5277.066,1801.746666666667,6924.666666666668,100,100,1033,1.9289110344316223,6.703452726686029,2.198411464691162,-1801.746666666667,0.006773568963741555,26.43715050641228,0.3820975598166971,0.022348449137472713,0.08752042515312924,1674,327.42948197613975,0.30533790588378906
1675,5279.765,1734.3466666666668,6782.333333333332,100,100,1032,1.9366696718114593,6.5720284237726085,2.202165365219116,-1734.3466666666668,-0.011329915758003207,26.66578183454626,0.38646705185665803,0.020822309690308485,0.0739889705882353,1675,327.4575785898094,0.30533790588378906
1676,5282.483,1769.8399999999997,6935.0,100,100,1038,1.9533791925187487,6.68111753371869,2.2314419746398926,-1769.8399999999997,-0.013995757709969492,28.1181219886331,0.3751799332744935,0.03502204726614496,0.08679096685612903,1676,327.4855574054552,0.30533790588378906
1677,5285.231,1759.0799999999997,6806.000000000001,100,100,1033,1.9769322392841782,6.588576960309778,2.2518579959869385,-1759.0799999999997,-0.014362441266284269,25.34203035691205,0.37930867514189553,0.013454686644870569,0.07409109481993843,1677,327.5107689647319,0.30533790588378906
1678,5287.95,1872.61,7107.000000000004,100,100,1034,1.9533027069754827,6.873307543520313,2.22763991355896,-1872.61,-0.023222951218485832,26.28830172033871,0.38702431496451883,0.024381944656317288,0.08988970627679545,1678,327.5379094407759,0.30533790588378906
1679,5290.669,1826.4466666666663,6919.999999999997,100,100,1033,1.9393508204881964,6.698935140367858,2.2096054553985596,-1826.4466666666663,-0.01472864264403196,24.093738808351404,0.33876826986670494,0.03873505157089847,0.06852532682173393,1679,327.5648292745026,0.30533790588378906
1680,5296.485,1718.3799999999994,6959.66666666667,100,100,1038,1.919164642402705,6.704881181759798,2.19621205329895,-1718.3799999999994,-0.007007976336514249,30.243715230156393,0.3629721990403007,0.01957866967217449,0.08784138674245161,1680,327.59384919474456,0.30533790588378906
1681,5299.187,1770.2366666666671,6914.999999999999,100,100,1033,1.9374632125356148,6.69409486931268,2.2067208290100098,-1770.2366666666671,-0.03355622171040844,23.676525480606976,0.36684400807408724,0.008703003925106981,0.09058415035114568,1681,327.4291082310799,0.30533790588378906
1682,5302.164,1799.696666666666,7067.666666666665,100,100,1040,2.160345095818719,6.795833333333332,2.4562718868255615,-1799.696666666666,-0.02257209676591789,25.517502953024472,0.394202355076285,0.018417350954704863,0.09191176470588236,1682,327.4413801081098,0.30533790588378906
1683,5305.383,1775.9033333333332,6842.000000000003,100,100,1036,2.383530598055593,6.604247104247107,2.67885684967041,-1775.9033333333332,-0.008456372162875007,20.31799024694106,0.4531930448377834,0.022388158975552547,0.0900735294117647,1683,327.4379733132505,0.30533790588378906
1684,5308.496,1744.9066666666668,6916.333333333337,100,100,1035,2.299530240189698,6.682447665056364,2.5876450538635254,-1744.9066666666668,-0.0003944106728715055,20.971462642445285,0.40910034582895394,0.020688022058868015,0.0832219255321166,1684,327.4409275678422,0.30533790588378906
1685,5311.43,1732.936666666667,6855.666666666668,100,100,1033,2.1440771545643225,6.6366569861245575,2.4202072620391846,-1732.936666666667,0.0001525431323577376,20.581771794487448,0.4904906092321171,0.01763777486870394,0.09099264705882353,1685,327.454546544879,0.30533790588378906
1686,5314.551,1814.9966666666662,6941.666666666666,100,100,1033,2.2968544031061513,6.719909648273636,2.5829529762268066,-1814.9966666666662,-0.014071538441759698,21.519052449394675,0.4042762482867521,0.015237888293888639,0.1012561275240253,1686,327.4566325624605,0.30533790588378906
1687,5317.842,1784.6566666666663,6973.000000000002,100,100,1040,2.457336154251467,6.7048076923076945,2.770139694213867,-1784.6566666666663,-0.010644499349462636,19.893414833966425,0.4000142777667326,0.02319349769009825,0.09696691176470588,1687,327.4496418119834,0.30533790588378906
1688,5320.959,1824.926666666666,7206.333333333336,100,100,1033,2.3007034860544144,6.976121329461119,2.585954427719116,-1824.926666666666,-0.004490626318489804,25.755057727589328,0.44877343405695524,0.0206352774574257,0.07352941176470588,1688,327.45185199779536,0.30533790588378906
1689,5323.95,1770.8666666666657,6920.000000000001,100,100,1030,2.181179514177397,6.718446601941748,2.4534711837768555,-1770.8666666666657,-0.026504390927798608,25.11857203876271,0.45150386410601,0.01731517697300981,0.09589460798922707,1689,327.461397228212,0.30533790588378906
1690,5330.847,1789.173333333334,6966.000000000001,100,100,1041,2.254386360450191,6.691642651296831,2.5542688369750977,-1789.173333333334,-0.013125487110194038,30.877774967866785,0.5259738722268272,0.01588383165653795,0.11424091721282285,1690,327.466934825744,0.30533790588378906
1691,5333.929,1771.6966666666665,6981.000000000002,100,100,1037,2.2493305666823025,6.731918997107042,2.5417840480804443,-1771.6966666666665,-0.016463706927264437,21.853437002967386,0.5339860241202747,0.012373944675988135,0.08816459292874616,1691,327.238354937357,0.30533790588378906
1692,5336.995,1838.0266666666657,6911.666666666668,100,100,1033,2.2470391080926633,6.690868021942563,2.5310862064361572,-1838.0266666666657,-0.013592882629703073,18.795189268448773,0.5883532762527466,0.010963895673151402,0.09482230399461354,1692,327.2438849872448,0.30533790588378906
1693,5339.94,1833.2766666666669,7064.999999999999,100,100,1035,2.149590242492116,6.826086956521738,2.4346632957458496,-1833.2766666666669,-0.01106740380911266,24.575900077819824,0.5402272045612335,0.010409013998201665,0.10406918473103467,1693,327.2572604911952,0.30533790588378906
1694,5342.838,1735.593333333334,6919.000000000004,100,100,1038,2.081205588043174,6.665703275529869,2.366406202316284,-1735.593333333334,-0.007117711144554264,21.918649364920224,0.5596030827830819,0.005747896949555177,0.07930672278299052,1694,327.27401343732566,0.30533790588378906
1695,5345.821,1711.9500000000012,6835.333333333335,100,100,1038,2.160237282124278,6.585099550417471,2.449669122695923,-1711.9500000000012,-0.0030730518457644128,26.838238660027,0.5330580280107611,0.017189819622538325,0.10858718546874382,1695,327.2855562023666,0.30533790588378906
1696,5348.881,1813.5733333333324,6996.999999999998,100,100,1030,2.253091651991516,6.793203883495144,2.526700973510742,-1813.5733333333324,-0.050538014620542526,30.408960903392117,0.5744703385759803,0.036383329705773466,0.15762867690885768,1696,327.2908702201594,0.30533790588378906
1697,5351.88,1667.2000000000003,6953.000000000003,100,100,1043,2.171575647402887,6.666347075743052,2.469921827316284,-1667.2000000000003,-0.01167717028190108,31.44660130669089,0.5794327618444667,0.009777909850099069,0.08615518558551283,1697,327.3023647008934,0.30533790588378906
1698,5354.762,1793.1166666666675,6986.333333333333,100,100,1035,2.077397198645749,6.750080515297906,2.357914447784424,-1793.1166666666675,-0.024832538712550613,18.168944302727194,0.5864693075418472,0.007773256812737707,0.08752506708397585,1698,327.3195849575662,0.30533790588378906
1699,5357.742,1758.0633333333344,6953.999999999999,100,100,1030,2.190762330569978,6.751456310679611,2.461591958999634,-1758.0633333333344,-0.0352617818314363,26.440453753751868,0.6228347105138442,0.017561102737946546,0.11351102985003415,1699,327.32968362437185,0.30533790588378906
1700,5364.601,1723.3700000000006,7044.333333333334,100,100,1042,2.322501822011885,6.76039667306462,2.6274139881134033,-1723.3700000000006,-0.014966143014402512,22.05305034974042,0.58937868475914,0.01670387718716965,0.09507761457387139,1700,327.33115658769725,0.30533790588378906
1701,5367.815,1791.5299999999988,7160.666666666664,100,100,1036,2.379036971802093,6.9118404118404095,2.6737558841705322,-1791.5299999999988,-0.008660869672894478,21.551382597754984,0.6206087084377513,0.012371864964199416,0.0939031863475547,1701,327.10257948825034,0.30533790588378906
1702,5370.905,1689.6333333333341,6856.666666666668,100,100,1038,2.2523017336169406,6.605651894669237,2.5416390895843506,-1689.6333333333341,-0.006205414969693212,27.349929416880887,0.6146390665979946,0.018298134981545016,0.09460346685612903,1702,327.1076481148438,0.30533790588378906
1703,5373.927,1778.8899999999996,6909.666666666667,100,100,1039,2.1843737251456035,6.650304780237408,2.4770212173461914,-1778.8899999999996,-0.02102304808795452,35.04145919575411,0.6117922996773439,-0.00012609447516939219,0.09289215789998279,1703,327.11704145163463,0.30533790588378906
1704,5377.102,1812.6733333333343,7003.999999999998,100,100,1033,2.3366386255218727,6.780251694094868,2.62560772895813,-1812.6733333333343,-0.005935269188793267,32.191592665279614,0.6309800384675756,0.007174405173453338,0.09528186281814295,1704,327.11595593044984,0.30533790588378906
1705,5380.27,1756.986666666666,6993.666666666668,100,100,1033,2.3522697966581885,6.770248467247501,2.6372122764587402,-1756.986666666666,-0.004979046609471826,20.908969121820785,0.6183640054043602,0.021752264980665025,0.13991013081634746,1705,327.1154108113051,0.30533790588378906
1706,5383.283,1696.51,6826.666666666667,100,100,1038,2.1956196550086053,6.57675016056519,2.4873695373535156,-1696.51,-0.013987726189524811,21.390136382159064,0.5757146337453056,0.015062901944689015,0.118303571772926,1706,327.1251041877884,0.30533790588378906
1707,5386.3,1737.6133333333335,6806.999999999999,100,100,1034,2.212159285737054,6.5831721470019335,2.4928088188171387,-1737.6133333333335,-0.024044587386443335,23.59047238966998,0.5735584252020892,0.006816160906215801,0.11259191176470588,1707,327.1338384727902,0.30533790588378906
1708,5389.457,1770.9866666666671,6975.0,100,100,1034,2.31963181908727,6.745647969052224,2.605903387069702,-1770.9866666666671,-0.0011248036068590248,26.362133699304916,0.528732411125127,0.01573589657132021,0.07720588235294118,1708,327.1340446896945,0.30533790588378906
1709,5392.333,1754.3666666666666,6841.333333333335,100,100,1033,2.090134560887856,6.622781542433044,2.367929697036743,-1754.3666666666666,-0.010709218735642293,25.54717950259938,0.568098568741013,0.005163670318913372,0.09247344776111491,1709,327.15117101917224,0.30533790588378906
1710,5398.329,1745.1799999999994,6793.333333333332,100,100,1034,1.9739238887338952,6.5699548678272075,2.2485477924346924,-1745.1799999999994,-0.023141223115517813,25.11834972045001,0.5135765321114484,0.006021101746762938,0.10818014710265048,1710,327.17528222143335,0.30533790588378906
1711,5401.12,1738.3133333333328,6896.666666666664,100,100,1043,1.9749566633164997,6.612336209651644,2.2668542861938477,-1738.3133333333328,-0.024925899198826623,17.169971073375027,0.5591555053696913,0.009473937269135872,0.0879934210987652,1711,327.0035078163052,0.30533790588378906
1712,5403.87,1803.7633333333329,7099.999999999997,100,100,1032,1.9827690894865293,6.879844961240307,2.250575304031372,-1803.7633333333329,-0.0023527528871508207,23.283186996684353,0.5218718034379622,0.01217704319039031,0.11534926470588236,1712,327.02802853398856,0.30533790588378906
1713,5406.661,1913.8233333333328,7278.666666666668,100,100,1032,1.9989080400866739,7.0529715762273915,2.277522087097168,-1913.8233333333328,-0.031596805023796415,29.89949265648337,0.5209748385583653,0.013510664421654143,0.10845588235294118,1713,327.05010518134884,0.30533790588378906
1714,5409.432,1873.196666666667,7184.9999999999945,100,100,1033,1.9966796736322192,6.9554695062923475,2.2717387676239014,-1873.196666666667,-0.005791090976666002,36.88817473018871,0.48111768242190867,0.01082241942126797,0.11366421597845414,1714,327.07349699997064,0.30533790588378906
1715,5412.19,1719.583333333333,6851.333333333332,100,100,1035,1.972674490807461,6.61964573268921,2.2454960346221924,-1719.583333333333,-0.028014825163956952,23.71745471393361,0.5097655987038332,0.006361642705194433,0.07022894392995273,1715,327.09807994966906,0.30533790588378906
1716,5414.953,1722.25,6826.999999999999,100,100,1034,1.9763177948665211,6.602514506769825,2.2472035884857178,-1722.25,-0.008964516715530087,19.609920613905963,0.4950127601623535,0.02376459597144276,0.07711397067588918,1716,327.12214782691865,0.30533790588378906
1717,5417.723,1743.59,6936.333333333332,100,100,1040,1.973496441048785,6.669551282051281,2.2586190700531006,-1743.59,-0.008366024998181006,16.857436881345862,0.5548519746345633,0.03105109347961843,0.09880514705882353,1717,327.1468567253108,0.30533790588378906
1718,5420.522,1803.9466666666663,7153.333333333334,100,100,1041,1.9990672410164283,6.871597822606469,2.2899413108825684,-1803.9466666666663,-0.007542299709337599,21.21230997758753,0.5643021157559227,0.013801564243348205,0.07928741350769997,1718,327.16994400657546,0.30533790588378906
1719,5423.606,1733.9600000000012,6795.666666666666,100,100,1027,2.276786366688902,6.61700746510873,2.5465948581695557,-1733.9600000000012,-0.016523968181846774,19.192343515508316,0.48736818836015816,0.03383902820539387,0.12837009833139532,1719,327.1733128061167,0.30533790588378906
1720,5430.272,1906.2133333333338,7229.666666666667,100,100,1037,2.302816683375308,6.971713275474125,2.6007795333862305,-1906.2133333333338,-0.030015844303895447,25.349030943477857,0.582957519327893,0.01583544906527416,0.0789380660828422,1720,327.17551284853636,0.30533790588378906
1721,5433.233,1795.6733333333334,7118.333333333331,100,100,1035,2.135509662082698,6.877616747181962,2.418834924697876,-1795.6733333333334,-0.012269641930127846,22.10544978871065,0.5530123973593992,-0.0005151267567485132,0.08238636395510505,1721,326.9749425019107,0.30533790588378906
1722,5436.24,1790.993333333333,7054.0,100,100,1039,2.2013964396126076,6.789220404234841,2.498270273208618,-1790.993333333333,-0.021074085605933386,23.3388651118559,0.5175063496126848,0.005736128796878106,0.09678308884887134,1722,326.98521744718687,0.30533790588378906
1723,5439.305,1868.6499999999987,7105.999999999995,100,100,1034,2.2509617984747043,6.8723404255319105,2.5413429737091064,-1868.6499999999987,-0.031208022579769876,28.88243853344637,0.5264662285061443,0.005584296962136731,0.08382352945559166,1723,326.99109770067145,0.30533790588378906
1724,5442.307,1665.4633333333325,6783.0,100,100,1038,2.1537606922240284,6.534682080924855,2.4433350563049316,-1665.4633333333325,-0.016582959852017024,31.563125273760626,0.48732861525872173,0.03215249561403385,0.10221901360680075,1724,327.0014606933951,0.30533790588378906
1725,5445.326,1741.2633333333329,6879.666666666664,100,100,1040,2.1810270198889508,6.615064102564101,2.478032350540161,-1741.2633333333329,-0.01762592441895429,20.84465447594138,0.4999745681005366,0.032379649507621414,0.13648897058823528,1725,327.01110599066703,0.30533790588378906
1726,5448.528,1762.2033333333334,6858.666666666665,100,100,1032,2.370795736120032,6.6459948320413424,2.6559956073760986,-1762.2033333333334,-0.03292126241413986,16.595923199373132,0.45736898306538076,0.009708970490678707,0.07904411764705882,1726,327.008338925483,0.30533790588378906
1727,5451.56,1829.1966666666663,6945.333333333335,100,100,1033,2.2391370784568836,6.723459180380769,2.526519536972046,-1829.1966666666663,-0.013580294764217208,18.637626255259793,0.47705645289491205,0.01887144149034558,0.09257557199281805,1727,327.0159110116446,0.30533790588378906
1728,5454.347,1849.4499999999998,7126.666666666667,100,100,1032,2.0105225758720913,6.905684754521964,2.2854673862457275,-1849.4499999999998,-0.008348134948926814,20.652379737180823,0.4486485912519343,0.010445841769550872,0.07077205882352941,1728,327.0381216620505,0.30533790588378906
1729,5457.136,1844.4166666666663,7039.999999999999,100,100,1033,1.996054209607391,6.815101645692158,2.2709224224090576,-1844.4166666666663,-0.028263074263711187,20.096541313564074,0.4304281644084874,0.029434023561942226,0.11233660162371747,1729,327.06018028444146,0.30533790588378906
1730,5463.163,1796.9966666666667,7029.666666666664,100,100,1035,2.0132693737646306,6.791948470209338,2.2915616035461426,-1796.9966666666667,-0.02062549737884718,26.634554582483627,0.45608391744249005,0.026175575378789184,0.10377673804759979,1730,327.0824875980542,0.30533790588378906
1731,5466.002,1909.2633333333326,7097.666666666668,100,100,1028,2.0522509732352505,6.9043450064850855,2.3234243392944336,-1909.2633333333326,-0.06202892619459068,29.165273049298456,0.41934140377184925,0.01584275852313594,0.07950367647058823,1731,326.9071960765461,0.30533790588378906
1732,5468.794,1693.0433333333349,6700.666666666668,100,100,1037,2.0024738675962306,6.461587913854068,2.283743143081665,-1693.0433333333349,-0.014735484769677414,26.449580248664407,0.39912016777431264,0.018444238949621862,0.08993212725309764,1732,326.9298387034799,0.30533790588378906
1733,5471.588,1692.1533333333327,6939.666666666665,100,100,1038,2.0132402698545286,6.685613359023762,2.292889356613159,-1692.1533333333327,-0.017810457495643812,25.01672026690315,0.3800143091117634,0.041131338960600686,0.09558823617065654,1733,326.9526202305246,0.30533790588378906
1734,5474.371,1698.1500000000005,6863.666666666665,100,100,1030,2.0185348546150528,6.663754045307442,2.280841112136841,-1698.1500000000005,-0.006383888533010203,26.36199676289278,0.3942582532763481,0.02577034686007263,0.07797181387158002,1734,326.97456350608513,0.30533790588378906
1735,5477.193,1853.8899999999996,7143.666666666666,100,100,1036,2.0149666990169672,6.895431145431145,2.296332836151123,-1853.8899999999996,0.0023729500415570594,24.11002310584573,0.3858340470229878,0.034812238592969474,0.07889093151863884,1735,326.9952314771289,0.30533790588378906
1736,5479.983,1681.6699999999994,6757.666666666668,100,100,1031,2.0153230875025927,6.554477853216943,2.279874801635742,-1681.6699999999994,-0.007549572599065655,35.65879288841696,0.3684766820686705,0.032059688059448754,0.10162815144833397,1736,327.0168842179316,0.30533790588378906
1737,5482.828,1806.0633333333328,7168.333333333333,100,100,1040,2.0467781724829157,6.892628205128204,2.3401355743408203,-1806.0633333333328,-0.013921967433655964,18.310077526990106,0.4165305648656452,0.017282166737405694,0.07582720588235294,1737,327.036902997373,0.30533790588378906
1738,5485.635,1767.4266666666651,7131.666666666661,100,100,1033,2.020485480996669,6.903839948370436,2.2929956912994385,-1767.4266666666651,-0.027599810006316092,20.057543025297278,0.4480491271790336,0.009646957897690727,0.09900939574136454,1738,327.05786447488026,0.30533790588378906
1739,5488.483,1801.783333333332,7048.999999999999,100,100,1039,2.035841481138067,6.784408084696823,2.3240134716033936,-1801.783333333332,-0.02011403129162157,23.326637408312628,0.4349454360849717,0.013373963983373387,0.07368259855053004,1739,327.0774220235178,0.30533790588378906
1740,5494.58,1680.2700000000013,6785.66666666667,100,100,1037,2.0295848606087863,6.5435551269688235,2.308011293411255,-1680.2700000000013,-0.00526868541012792,15.567274864982156,0.4158256395774729,0.019021315801450434,0.081271210575805,1740,327.0987630647217,0.30533790588378906
1741,5497.395,1690.0366666666666,6939.000000000001,100,100,1034,2.03000580429458,6.71083172147002,2.3043718338012695,-1690.0366666666666,-0.004508051254293498,17.362962428261252,0.4165865419542088,0.020043722155284795,0.08648897071971613,1741,326.9239137691558,0.30533790588378906
1742,5500.247,1843.1433333333325,7010.666666666666,100,100,1039,2.043332819422641,6.747513634905357,2.3353891372680664,-1843.1433333333325,0.0028810887871419683,22.28641336104449,0.4133332717944594,0.03452183589722742,0.09295343147481189,1742,326.9433289234532,0.30533790588378906
1743,5503.041,1747.5033333333333,6965.333333333335,100,100,1033,2.013377637249875,6.742820264601486,2.287794828414917,-1747.5033333333333,-0.016692531240337035,21.14797892290003,0.43931657601805296,0.02218042394516113,0.07501021246699725,1743,326.9650118965728,0.30533790588378906
1744,5505.845,1778.5200000000002,7204.000000000002,100,100,1039,2.0166973040427534,6.933589990375363,2.3015940189361572,-1778.5200000000002,-0.016716535257942537,16.188619697795193,0.372805399053237,0.019567947348524982,0.07594975500422366,1744,326.98721536102295,0.30533790588378906
1745,5508.685,1774.546666666666,7011.333333333329,100,100,1037,2.02958302962142,6.761170041787203,2.3122355937957764,-1774.546666666666,-0.02475796382435981,17.555268666323492,0.3693433614338146,0.026494926892850986,0.06932268116404028,1745,327.0069226030939,0.30533790588378906
1746,5511.51,1746.4733333333331,6850.666666666664,100,100,1038,2.0336425832476333,6.599871547848424,2.3185548782348633,-1746.4733333333331,-0.0018735183402895927,19.42287332871381,0.3520524659577538,0.03656562619760413,0.07379201690063757,1746,327.0276795418065,0.30533790588378906
1747,5514.267,1770.943333333333,6913.666666666666,100,100,1039,1.9712594802302235,6.654154635867821,2.254448413848877,-1770.943333333333,0.001979918109581751,19.98280662648818,0.31180907566757765,0.026084399480810937,0.06859681382775307,1747,327.0525616003942,0.30533790588378906
1748,5517.014,1688.5400000000018,6725.000000000002,100,100,1034,1.9745596719867904,6.50386847195358,2.2480556964874268,-1688.5400000000018,-0.018046778407605255,22.445221311905804,0.3351529424681383,0.028718118305893287,0.06525735294117647,1748,327.077094847915,0.30533790588378906
1749,5519.739,1732.1933333333322,6941.333333333331,100,100,1029,1.963705442614122,6.745707806932295,2.225250482559204,-1732.1933333333322,-0.02718894400031251,25.887311991523294,0.32087967789951055,0.03351306317028288,0.06433823529411764,1749,327.102065028621,0.30533790588378906
1750,5525.666,1714.8166666666666,6794.666666666664,100,100,1035,1.9723277308433744,6.564895330112719,2.245703935623169,-1714.8166666666666,-0.017696349443319964,24.99770128025728,0.3418356136364095,0.030964772573069614,0.0688502674593645,1750,327.1267836417697,0.30533790588378906
1751,5528.386,1768.3833333333337,6986.666666666666,100,100,1029,1.9565790087714126,6.789763524457402,2.2155492305755615,-1768.3833333333337,-0.026077386950526166,22.207996031817267,0.3533199484295705,0.020482218495624906,0.06562500008765389,1751,326.9637747601763,0.30533790588378906
1752,5531.107,1724.3666666666647,6938.666666666665,100,100,1028,1.954685312067068,6.749675745784693,2.209014415740967,-1724.3666666666647,-0.010681048419107409,17.611359988941867,0.3390296695014352,0.028519401052857146,0.06158088235294118,1752,326.98878175742533,0.30533790588378906
1753,5533.821,1768.0799999999995,6952.999999999998,100,100,1031,1.9481753614061774,6.743937924345294,2.2130095958709717,-1768.0799999999995,-0.042889299145077955,23.48398318010218,0.34206030517816544,0.03429254036232391,0.06624212203656926,1753,327.0147225997645,0.30533790588378906
1754,5536.552,1708.1133333333344,6834.333333333334,100,100,1030,1.9553097058765734,6.635275080906149,2.215561628341675,-1708.1133333333344,0.0037683766225681584,17.4067865820492,0.3524733396137462,0.031729796148069644,0.050857843283344716,1754,327.039489056774,0.30533790588378906
1755,5539.285,1702.4766666666665,6820.999999999998,100,100,1030,1.9642037844728426,6.622330097087377,2.225428342819214,-1702.4766666666665,-0.005181741352905245,20.68551498300889,0.35896844153895097,0.05074821411193732,0.08011642186080709,1755,327.0640541043501,0.30533790588378906
1756,5542.135,1634.6633333333334,6710.333333333333,100,100,1030,2.059478543866064,6.514886731391585,2.3254895210266113,-1634.6633333333334,-0.03118359242730281,16.208655890296487,0.4192945483852835,0.04931711789686233,0.057904411764705885,1756,327.08169942882927,0.30533790588378906
1757,5545.09,1630.5566666666657,6759.33333333333,100,100,1029,2.1651994172923548,6.568837058632974,2.428313970565796,-1630.5566666666657,-0.016266044886673197,16.387202711666333,0.3721233303932583,0.023129296687650767,0.07941176479353625,1757,327.09298501347274,0.30533790588378906
1758,5548.04,1812.413333333334,6946.333333333331,100,100,1027,2.158508177650793,6.763713080168774,2.4257571697235107,-1812.413333333334,0.0027845192919759188,25.41054941626156,0.3771315973032923,0.004407333292286186,0.05208333362551296,1758,327.1041953351632,0.30533790588378906
1759,5551.153,1706.5066666666662,6923.999999999999,100,100,1042,2.279778885598797,6.644913627639155,2.581660270690918,-1706.5066666666662,0.006007999674800564,18.971104313345517,0.42705800033667507,0.030093709609526044,0.08496732067535906,1759,327.10846746256175,0.30533790588378906
1760,5557.724,1837.996666666667,7051.000000000004,100,100,1040,2.268330670575289,6.7798076923076955,2.5707814693450928,-1837.996666666667,-0.022519813631387317,24.978933656916897,0.4429354930625242,0.011257800982361111,0.08409926470588236,1760,327.11288729963593,0.30533790588378906
1761,5560.734,1913.0766666666668,7322.333333333334,100,100,1040,2.1780868253419894,7.040705128205129,2.4799325466156006,-1913.0766666666668,-0.0039216930265812315,25.73471720078412,0.47831689522546883,0.012400119127157857,0.05560661764705882,1761,326.91887117060065,0.30533790588378906
1762,5563.775,1681.2800000000009,6708.66666666667,100,100,1026,2.2485837223258804,6.5386614684860325,2.5115833282470703,-1681.2800000000009,-0.04598455361145384,17.92912250406602,0.4299411309116027,0.024207546498955172,0.0818014705882353,1762,326.9246367129402,0.30533790588378906
1763,5566.679,1737.0200000000011,6941.333333333336,100,100,1029,2.111936249974771,6.745707806932299,2.376805543899536,-1737.0200000000011,0.007995250251363306,22.44741891412174,0.49421126614598665,0.015606048352578106,0.06801470588235294,1763,326.9389121819098,0.30533790588378906
1764,5569.602,1892.0566666666655,7167.333333333331,100,100,1033,2.123153534973002,6.938367215230717,2.4039700031280518,-1892.0566666666655,-0.029227281591909772,33.486276514389935,0.4745621383190155,0.01789949810378911,0.06387867647058823,1764,326.95280164369274,0.30533790588378906
1765,5572.48,1822.1500000000005,7005.333333333333,100,100,1037,2.0810396340024533,6.755384120861459,2.371750831604004,-1822.1500000000005,-0.023599504328825894,25.410736925461713,0.5044179085422965,0.004585821373278604,0.06327771548839177,1765,326.97006316498954,0.30533790588378906
1766,5575.267,1875.07,6980.333333333333,100,100,1033,2.007228269134463,6.7573410777670215,2.2858471870422363,-1875.07,-0.0021718694444964916,38.04269555035759,0.5298187496031032,0.007528461899389239,0.06801470588235294,1766,326.9918869343442,0.30533790588378906
1767,5578.031,1857.3400000000004,7094.666666666669,100,100,1031,1.9894622710725847,6.881344972518592,2.25960636138916,-1857.3400000000004,-0.00960108092712129,35.62729027692009,0.5583522731766981,0.018785392892930436,0.08659401316853131,1767,327.01467400231354,0.30533790588378906
1768,5580.803,1885.2633333333338,7084.333333333334,100,100,1032,1.994995636185956,6.864664082687339,2.271747350692749,-1885.2633333333338,-0.012202077161739855,65.85257092644187,0.5784577289048363,0.013093105893965592,0.08272058823529412,1768,327.0371545014296,0.30533790588378906
1769,5583.585,1865.769999999999,7011.666666666668,100,100,1031,1.9867470429010625,6.80084060782412,2.2577641010284424,-1865.769999999999,-0.011168064604348996,40.43685837352977,0.6453197668580448,0.017225662821575123,0.11003151360680075,1769,327.05889270098066,0.30533790588378906
1770,5589.626,1771.526666666667,6824.999999999998,100,100,1035,2.0175346840343975,6.594202898550723,2.298741579055786,-1771.526666666667,-0.012996927424169639,33.531343179590564,0.5817949868300382,0.011738688698695862,0.0793365643304937,1770,327.0800899234619,0.30533790588378906
1771,5592.411,1917.4433333333332,7107.666666666669,100,100,1027,2.0132061343879495,6.920804933463163,2.2808902263641357,-1917.4433333333332,-0.008169737397967017,36.697868431315705,0.5960946442449794,0.008912684885538457,0.07904411764705882,1771,326.9114123417913,0.30533790588378906
1772,5595.174,1834.7099999999998,6938.666666666668,100,100,1031,1.9778496613789252,6.730035564177175,2.248562812805176,-1834.7099999999998,-0.03925880871932296,29.65859665590174,0.5687224225086325,0.0036800296528620973,0.08600315144833397,1772,326.93426945467456,0.30533790588378906
1773,5597.935,1898.3700000000003,7152.000000000003,100,100,1027,1.9976551115817545,6.963972736124638,2.2623870372772217,-1898.3700000000003,-0.027922750834156487,29.716267932863797,0.5409672004992471,0.018739613012739402,0.09068627480198355,1773,326.95648373250475,0.30533790588378906
1774,5600.717,1756.8033333333335,6864.333333333336,100,100,1029,1.991248689705019,6.67087787495951,2.256901502609253,-1756.8033333333335,-0.002996399669962771,52.04727683347814,0.6406093774472966,0.009435126037501237,0.08363970588235294,1774,326.9778000992072,0.30533790588378906
1775,5603.507,1921.950000000001,7055.0,100,100,1031,2.004681472602426,6.842870999030068,2.283452033996582,-1921.950000000001,-0.033769005389117146,67.26521318099078,0.5209389758460662,0.013143138939459972,0.12710084152572296,1775,326.9989475455226,0.30533790588378906
1776,5606.314,1820.756666666667,6880.333333333334,100,100,1035,2.0036644460903346,6.647665056360709,2.2876193523406982,-1820.756666666667,-0.023078894790481117,49.15153144387638,0.5026765364934417,0.015747594400582945,0.07390541451818802,1776,327.01984725671656,0.30533790588378906
1777,5609.119,1835.9566666666665,6940.666666666666,100,100,1032,2.009261239549261,6.725452196382428,2.2867655754089355,-1835.9566666666665,-0.021591796265805468,37.95128048167509,0.504745685002383,0.016830206273452324,0.1171875,1777,327.04030101227397,0.30533790588378906
1778,5611.978,1785.2800000000002,6894.33333333333,100,100,1035,2.0669042509598072,6.661191626409015,2.3516488075256348,-1785.2800000000002,0.0086021668770734,20.959407497854794,0.4882045304950546,0.02785601679180913,0.08677306157701156,1778,327.0581450893145,0.30533790588378906
1779,5614.776,1843.9333333333334,6962.000000000003,100,100,1030,2.0192264104533253,6.759223300970876,2.2875308990478516,-1843.9333333333334,-0.048592768034295124,28.479551876292508,0.5023164757910896,0.02617290649248068,0.10922181387158002,1779,327.07858856601655,0.30533790588378906
1780,5620.9,1761.2799999999997,6899.000000000002,100,100,1032,2.0342437007154026,6.685077519379846,2.309385061264038,-1761.2799999999997,-0.014157342450583683,31.58158107364879,0.5880981008796131,0.01865692061426885,0.0978860294117647,1780,327.0958260229313,0.30533790588378906
1781,5623.714,1842.043333333333,7079.333333333337,100,100,1031,2.009027738035607,6.866472680245719,2.2813334465026855,-1842.043333333333,-0.02396746040047968,24.493449463563806,0.6131487392327365,0.0103577278992709,0.10399159701431498,1781,326.9256016049457,0.30533790588378906
1782,5626.51,1919.4933333333333,7127.333333333336,100,100,1033,2.007331463034082,6.899645046789289,2.289780378341675,-1919.4933333333333,-0.003681111697326688,37.86479374941658,0.5652334063368685,0.017816960660959866,0.08409926470588236,1782,326.94670693747736,0.30533790588378906
1783,5629.309,1894.1866666666651,7137.0,100,100,1029,2.0062198234084847,6.9358600583090375,2.274934768676758,-1894.1866666666651,-0.006482714567990864,30.72277130800135,0.5388990658171037,0.03085965455872664,0.09439338261590284,1783,326.9669573612596,0.30533790588378906
1784,5632.084,1915.8766666666672,7255.333333333335,100,100,1035,1.975737679929693,7.00998389694042,2.256804943084717,-1915.8766666666672,-0.022496813661692774,27.120301919824936,0.5575961172580719,0.026768070193664992,0.0949615643304937,1784,326.98963254319153,0.30533790588378906
1785,5634.815,1892.0966666666673,7185.333333333339,100,100,1031,1.9413618808774824,6.969285483349505,2.211805582046509,-1892.0966666666673,-6.379055626252118e-05,26.882784787346335,0.6308384349240976,0.02340547608293812,0.09289653380127515,1785,327.0140946521637,0.30533790588378906
1786,5637.56,1848.2166666666674,6958.666666666666,100,100,1031,1.9531461717804783,6.749434206272227,2.2240066528320312,-1848.2166666666674,-0.028200421811026687,29.727815740248737,0.5850285699262339,0.02158571618800873,0.07274159701431498,1786,327.03774920900736,0.30533790588378906
1787,5640.284,1855.6866666666654,7046.000000000002,100,100,1035,1.9468759412647805,6.807729468599035,2.2255985736846924,-1855.6866666666654,-0.013600760851712787,37.283670874202954,0.6195872539983076,0.026078628266558927,0.08752506708397585,1787,327.063301889767,0.30533790588378906
1788,5643.015,1801.2199999999991,6964.999999999997,100,100,1032,1.9577404065869835,6.7490310077519355,2.227111577987671,-1801.2199999999991,-0.0006969250629053396,30.101250760695514,0.6638264664832283,0.02993442549246966,0.11213235294117647,1788,327.08791079633613,0.30533790588378906
1789,5645.796,1817.3099999999997,7198.666666666667,100,100,1033,1.9885779296238217,6.968699580509842,2.2654685974121094,-1817.3099999999997,-0.022946350166902822,27.490062334958246,0.6199837432188147,0.022653791245401782,0.07092524517108412,1789,327.1097977812839,0.30533790588378906
1790,5651.672,1977.9200000000003,7223.666666666665,100,100,1032,1.9618444766961183,6.999677002583978,2.2366909980773926,-1977.9200000000003,-0.010684396633330514,34.49290567285874,0.6012745333068511,0.02576208917889744,0.07996323529411764,1790,327.1329655822587,0.30533790588378906
1791,5654.418,1908.179999999999,7134.333333333329,100,100,1029,1.9682543223273041,6.93326854551344,2.234473943710327,-1908.179999999999,-0.03844101365436526,32.98075793771183,0.5817400944583556,0.04341980882728582,0.05974264705882353,1791,326.975466436338,0.30533790588378906
1792,5657.153,1808.2133333333338,7011.6666666666715,100,100,1030,1.9532396114494615,6.807443365695797,2.21708345413208,-1808.2133333333338,-0.022398314110058194,25.29794434940114,0.5861844227594488,0.039417681592407036,0.10692401975393295,1792,326.99949152588465,0.30533790588378906
1793,5659.891,1874.206666666665,7139.666666666668,100,100,1029,1.9674956287412142,6.9384515711046335,2.2332217693328857,-1874.206666666665,-0.01833662374273819,30.940425367916333,0.5684063079602578,0.030876663376522416,0.09503676479353625,1793,327.02305724205644,0.30533790588378906
1794,5662.953,1853.5466666666669,7006.666666666665,100,100,1033,2.2122676664375542,6.782833171990963,2.4961254596710205,-1853.5466666666669,-0.0014253226930604262,28.029559023240033,0.6742649604292477,0.03376567843781017,0.08915441176470588,1794,327.02868100618883,0.30533790588378906
1795,5666.202,1806.8100000000006,7041.333333333332,100,100,1034,2.39468974903914,6.809800128949064,2.685471296310425,-1806.8100000000006,-0.028029662885648364,30.38388229818905,0.6589254544061773,0.02881674382233006,0.07729779424912789,1795,327.02362278224666,0.30533790588378906
1796,5669.273,1813.78,6910.666666666667,100,100,1031,2.268654123020009,6.7028774652441,2.54952335357666,-1813.78,0.0009768973378574148,22.108026756959802,0.5976589181843925,0.014903416391462088,0.08140756321303985,1796,327.02832226753077,0.30533790588378906
1797,5672.29,1928.9733333333331,7244.33333333333,100,100,1032,2.2073398252169407,7.019702842377258,2.490302801132202,-1928.9733333333331,-0.008354135295924018,33.268284040338855,0.6083761593874764,0.027702197610564968,0.07352941176470588,1797,327.0363507233423,0.30533790588378906
1798,5675.346,1875.9433333333322,7072.666666666665,100,100,1034,2.2347432284704203,6.840103159252094,2.5238561630249023,-1875.9433333333322,-0.01538329538615311,23.289601354038012,0.636666344369159,0.04635316853904549,0.07527573538177154,1798,327.0424349156986,0.30533790588378906
1799,5678.559,1853.9800000000002,7117.999999999999,100,100,1035,2.368990631531114,6.877294685990337,2.6666295528411865,-1853.9800000000002,-0.023134834516574356,31.589148128733914,0.5405751405393376,0.025792784872464836,0.06133021414279938,1799,327.0396458199932,0.30533790588378906
1800,5685.147,1790.3033333333337,7122.000000000002,100,100,1029,2.3013743466948338,6.921282798833821,2.576449394226074,-1790.3033333333337,-0.015534274225287577,34.032372180153345,0.5649727057008183,0.024700892116764888,0.06470588244059507,1800,327.0417925121488,0.30533790588378906
1801,5688.289,1880.420000000001,7141.000000000001,100,100,1030,2.306688251991042,6.933009708737865,2.58780837059021,-1880.420000000001,-0.015315375729080509,29.462372723747702,0.611236737054937,0.02834031158743207,0.05974264705882353,1801,326.8421951324708,0.30533790588378906
1802,5691.412,1746.5266666666662,6861.000000000003,100,100,1033,2.290446468897611,6.64181994191675,2.5761852264404297,-1746.5266666666662,0.00798021608908825,23.341899226693545,0.5803196719464134,0.02892014292164651,0.03676470588235294,1802,326.84438585510844,0.30533790588378906
1803,5694.428,1822.5833333333337,7030.333333333331,100,100,1033,2.1995562458922953,6.805743788318811,2.4823129177093506,-1822.5833333333337,-0.028936485485995516,27.336723776424634,0.5701456832535127,0.03788200009148568,0.08598856211585157,1803,326.8526501901703,0.30533790588378906
1804,5697.47,1863.5033333333329,7100.999999999998,100,100,1029,2.2287067078846796,6.9008746355685116,2.5033106803894043,-1863.5033333333329,-0.010304039618109955,35.00061405406279,0.5134047984200365,0.030556952834184116,0.0739889705882353,1804,326.8587755384383,0.30533790588378906
1805,5700.444,1814.9400000000012,6894.6666666666715,100,100,1029,2.1412279860743757,6.700356333009399,2.413386106491089,-1814.9400000000012,-0.0012675755218986202,25.84210479960722,0.6117690591251149,0.04713146743939861,0.06194852949941859,1805,326.8687230452377,0.30533790588378906
1806,5703.348,1764.2299999999998,7029.999999999999,100,100,1029,2.101053645000752,6.83187560738581,2.3703150749206543,-1764.2299999999998,-0.02557750676265534,27.592613837298224,0.5427342942532372,0.04419627302216694,0.05560661764705882,1806,326.88276299821973,0.30533790588378906
1807,5706.365,1842.676666666667,7126.0,100,100,1028,2.2048418284874005,6.9319066147859925,2.4759559631347656,-1842.676666666667,-0.033072369173169136,25.702664655797623,0.6456529612050337,0.03666107002508772,0.08134191176470588,1807,326.8900791548224,0.30533790588378906
1808,5709.448,1805.2000000000003,7028.333333333334,100,100,1029,2.2690090379316588,6.830255911888566,2.5439274311065674,-1805.2000000000003,-0.006252830628963078,24.294410929960364,0.6138846269425224,0.03299902311033186,0.07922794143943225,1808,326.89379507112386,0.30533790588378906
1809,5712.386,1811.996666666665,7052.9999999999945,100,100,1034,2.123874760204944,6.821083172146997,2.4036171436309814,-1811.996666666665,-0.02355389390140772,30.747509451473462,0.6230188643231112,0.029752618140157533,0.05625000004382694,1809,326.90663633420144,0.30533790588378906
1810,5718.791,1825.4299999999996,7004.333333333336,100,100,1034,2.09361228193886,6.774016763378468,2.375337600708008,-1825.4299999999996,-0.02899004760033944,23.48739792318905,0.539269316722365,0.02565596463596996,0.07187500004382695,1810,326.9205691280485,0.30533790588378906
1811,5721.875,1815.3700000000003,6862.999999999999,100,100,1030,2.2667975741375272,6.663106796116504,2.548976182937622,-1815.3700000000003,-0.02752067000769517,25.96043799905216,0.5426262029830147,0.016011096747259965,0.06724877480198355,1811,326.7252233235815,0.30533790588378906
1812,5725.02,1681.5266666666657,6814.333333333333,100,100,1032,2.313988467939234,6.603036175710594,2.594581127166748,-1681.5266666666657,-0.004944642594851115,36.022820977603686,0.6020057876320446,0.02356075619771967,0.11075367647058823,1812,326.72603343854684,0.30533790588378906
1813,5728.18,1748.376666666666,7117.000000000004,100,100,1037,2.32900250361821,6.863066538090649,2.6247477531433105,-1748.376666666666,-0.016108886749647996,22.98337751276353,0.5932758310261894,0.014256540198830943,0.07119626705260838,1813,326.7268412594114,0.30533790588378906
1814,5731.192,1834.9499999999998,6999.000000000001,100,100,1034,2.2016329788990188,6.768858800773695,2.4896843433380127,-1834.9499999999998,-0.03265341650694609,24.625873425427606,0.5226317065603593,0.005162419806070188,0.09770220627679545,1814,326.7355368092626,0.30533790588378906
1815,5734.162,1764.9066666666656,6990.666666666666,100,100,1030,2.1700844663710703,6.787055016181229,2.4431121349334717,-1764.9066666666656,-0.027905469212461922,29.613211070790012,0.5337697714567184,0.023323858266367632,0.09099264705882353,1815,326.74593772831145,0.30533790588378906
1816,5737.337,1801.7866666666657,6932.0,100,100,1031,2.3563258984703372,6.72356935014549,2.6438522338867188,-1801.7866666666657,-0.02794320840278969,24.38779701906092,0.5233618003480575,0.029726383694009307,0.07228203819078557,1816,326.74481350581664,0.30533790588378906
1817,5740.529,1790.2366666666653,7083.000000000001,100,100,1032,2.3559250955942788,6.863372093023257,2.6415293216705322,-1790.2366666666653,-0.0052662477554643854,26.07833738888011,0.47563761735663695,0.013878592310528107,0.0822610294117647,1817,326.7428817216541,0.30533790588378906
1818,5743.575,1726.7799999999997,6884.666666666664,100,100,1029,2.241505732948994,6.690638160025912,2.5141372680664062,-1726.7799999999997,0.011013521867639878,19.50410374473123,0.49265751067329855,0.008369481184191126,0.07904411764705882,1818,326.7487544048689,0.30533790588378906
1819,5746.6,1884.9133333333336,7315.333333333336,100,100,1042,2.1873390612204964,7.0204734484964835,2.4928741455078125,-1884.9133333333336,-0.02634442104574512,29.805819230921127,0.4681592311929254,0.033013006542151904,0.07501021257656462,1819,326.7581052788945,0.30533790588378906
1820,5753.077,1785.7899999999995,6933.999999999999,100,100,1037,2.2714168742423015,6.686595949855351,2.5661404132843018,-1785.7899999999995,-0.0063483864068984985,24.857988666085635,0.41037309783346515,0.02042485889978707,0.08809389173984528,1820,326.76098790102964,0.30533790588378906
1821,5755.839,1822.6633333333334,6925.666666666665,100,100,1035,1.9662915932572478,6.691465378421898,2.2421324253082275,-1822.6633333333334,-0.013442278675296727,23.660621811361874,0.3968863456564791,0.03321965844781302,0.08033923804759979,1821,326.5935709820894,0.30533790588378906
1822,5758.611,1781.56,6995.333333333336,100,100,1030,1.9883161172207482,6.791585760517802,2.2518234252929688,-1781.56,0.003989821272518705,27.908668490017163,0.43986133003936095,0.021669602117446417,0.08379289244904238,1822,326.6152287485441,0.30533790588378906
1823,5761.374,1780.8433333333328,6910.666666666665,100,100,1033,1.9709361100205134,6.689899967731525,2.2420403957366943,-1780.8433333333328,-0.0016902467126355453,28.310951625599582,0.459020741722163,0.022343092817155755,0.06898488564526334,1823,326.6378706296316,0.30533790588378906
1824,5764.134,1785.3500000000006,6947.0,100,100,1033,1.9687146167266332,6.7250726040658275,2.240629196166992,-1785.3500000000006,0.014023245531408227,25.98111921198228,0.4658493908012615,0.023633499985889476,0.06990400329232216,1824,326.6607062149137,0.30533790588378906
1825,5766.912,1754.756666666666,6917.333333333334,100,100,1032,1.9936669577732538,6.702842377260983,2.2649683952331543,-1754.756666666666,0.0005492334089734975,30.17150592803955,0.4534543726374121,0.02345283081590691,0.0739889705882353,1825,326.6822612211219,0.30533790588378906
1826,5769.687,1888.9599999999991,6979.666666666667,100,100,1033,1.9780731841557573,6.756695708292998,2.2554261684417725,-1888.9599999999991,-0.017208974808454514,22.116234919604132,0.4661734069094938,0.024849450434832013,0.08828635623349863,1826,326.7042134096635,0.30533790588378906
1827,5772.433,1687.1366666666672,6656.333333333335,100,100,1028,1.979933949373119,6.475032425421532,2.239337205886841,-1687.1366666666672,0.008366053540478735,25.086819929235123,0.46022123843431473,0.01656459946431877,0.06571691176470588,1827,326.72685927557546,0.30533790588378906
1828,5775.194,1727.2466666666687,6702.6666666666715,100,100,1029,1.9742068010984228,6.5137674117266,2.2381134033203125,-1727.2466666666687,-0.013507976155618535,23.06739536453696,0.4116365339826135,0.018399531966732705,0.06939338235294118,1828,326.74885821904536,0.30533790588378906
1829,5777.969,1822.9199999999996,7090.666666666668,100,100,1039,1.9809969211682046,6.824510747513636,2.266819715499878,-1822.9199999999996,-0.02851685750133851,36.5030995537253,0.4485943405067219,0.02054140076506883,0.05894607853363542,1829,326.77173971094874,0.30533790588378906
1830,5784.402,1874.95,6978.666666666663,100,100,1031,1.9989652767150539,6.7688328483672775,2.2762811183929443,-1874.95,-0.012346606701612473,28.606391121359433,0.4053140992627424,0.03324521411730744,0.06847426470588236,1830,326.79079288303666,0.30533790588378906
1831,5787.563,1810.3933333333327,6894.999999999998,100,100,1031,2.322505529252695,6.687681862269639,2.6062493324279785,-1810.3933333333327,-0.0002499384367290665,25.60471596437342,0.4679986124529558,0.025702630566871342,0.07628676470588236,1831,326.5863221195925,0.30533790588378906
1832,5790.575,1844.2466666666678,7065.333333333335,100,100,1030,2.1997442742520312,6.859546925566344,2.4760806560516357,-1844.2466666666678,0.004478025852757341,23.798317123861874,0.46186164372107563,0.021307740821023744,0.06004901975393295,1832,326.5943591151447,0.30533790588378906
1833,5793.552,1762.460000000001,6943.333333333338,100,100,1034,2.162642650868261,6.7150225660864,2.4451253414154053,-1762.460000000001,-0.004791857565150541,24.31939873975866,0.4153745586381239,0.019778801922631616,0.07490808823529412,1833,326.6050106365133,0.30533790588378906
1834,5796.677,1887.4000000000012,6986.333333333331,100,100,1029,2.313534888023451,6.78943958535795,2.5947113037109375,-1887.4000000000012,-0.011971983510781737,28.249804861405316,0.3997629763668074,0.014613174230736844,0.06654411773471271,1834,326.60640868054344,0.30533790588378906
1835,5799.825,1729.31,6755.999999999997,100,100,1033,2.3165620522643913,6.540174249757984,2.6003365516662598,-1729.31,-0.011077230933177121,22.714483737945557,0.35821613537914615,0.0238967599648544,0.06387867647058823,1835,326.60725584718574,0.30533790588378906
1836,5802.816,1785.9266666666663,6897.333333333338,100,100,1038,2.1470276511459105,6.644829800899169,2.4411587715148926,-1785.9266666666663,-0.008950368473854135,20.546123700983383,0.39311899770708647,0.018839273701065824,0.06210609262480455,1836,326.61780258951615,0.30533790588378906
1837,5805.79,1697.016666666667,6838.333333333337,100,100,1028,2.1672207213927366,6.652075226977954,2.4322471618652344,-1697.016666666667,-0.017472519977566076,24.189549558302936,0.38667092910584283,0.019178190104225102,0.0739889705882353,1837,326.62757600384464,0.30533790588378906
1838,5808.894,1823.1199999999997,7026.000000000001,100,100,1032,2.267103972407094,6.808139534883722,2.552860736846924,-1823.1199999999997,-0.008491917842012994,25.749573342940387,0.4202619002145879,0.011466341887545936,0.06571691176470588,1838,326.6306836579845,0.30533790588378906
1839,5811.877,1762.8366666666664,7032.666666666667,100,100,1035,2.163530048320367,6.794847020933978,2.451164722442627,-1762.8366666666664,-0.007745484657147352,21.192740328171674,0.41078999726211324,0.014475719621473485,0.06571691176470588,1839,326.64112038916835,0.30533790588378906
1840,5817.944,1888.5233333333335,7252.999999999997,100,100,1032,2.025711145062476,7.028100775193796,2.3011133670806885,-1888.5233333333335,0.0013184746289077926,23.24089002609253,0.359056244001669,0.014835364705718616,0.0818014705882353,1840,326.6601185112902,0.30533790588378906
1841,5820.777,1719.6,6822.999999999997,100,100,1031,2.0206412234976816,6.6178467507274465,2.286177396774292,-1719.6,-0.02614795246764141,22.740780914531033,0.3882807905183119,0.008919707636403687,0.06479779411764706,1841,326.49612772924075,0.30533790588378906
1842,5823.57,1790.6666666666674,6945.666666666667,100,100,1034,2.0093384915575516,6.7172791747259835,2.285031795501709,-1790.6666666666674,-0.0057605885736205995,30.73431458192713,0.3955233833369087,0.01052966238656903,0.08253676510032486,1842,326.51707402262343,0.30533790588378906
1843,5826.413,1814.2233333333334,7015.333333333331,100,100,1038,2.0391588621487506,6.758509955041745,2.3276493549346924,-1814.2233333333334,-0.024625887601252866,21.49000431509579,0.4490808704320122,0.021559187053593203,0.07293855092104744,1843,326.5358799982274,0.30533790588378906
1844,5829.217,1751.1533333333327,6890.000000000001,100,100,1028,2.0197071977583003,6.702334630350196,2.282259941101074,-1751.1533333333327,-0.05146954953670502,19.374612724079807,0.510406948187772,0.013682977330651791,0.06801470588235294,1844,326.55516566853294,0.30533790588378906
1845,5832.004,1670.7600000000002,6662.999999999999,100,100,1032,2.011867247178046,6.456395348837209,2.2797927856445312,-1670.7600000000002,-0.025385241462465596,24.298973392037784,0.45064475518815655,0.015129136065404643,0.11029411764705882,1845,326.5760871659279,0.30533790588378906
1846,5834.775,1832.9566666666672,7086.999999999998,100,100,1032,1.9918470925474612,6.867248062015502,2.263596296310425,-1832.9566666666672,-0.007691570612437585,23.581281493691836,0.43546591348507824,0.021696170292082515,0.09099264705882353,1846,326.59784899737116,0.30533790588378906
1847,5837.562,1804.4766666666674,7029.000000000003,100,100,1032,2.0053964157863122,6.81104651162791,2.2769312858581543,-1804.4766666666674,-0.013607268057325306,26.93232799978817,0.3953663172090755,0.019995504456079182,0.09237132352941177,1847,326.6187388311751,0.30533790588378906
1848,5840.362,1845.6066666666673,7001.333333333329,100,100,1035,2.0076800023030112,6.764573268921091,2.2882602214813232,-1845.6066666666673,-0.01653235696037026,26.617725204018985,0.44876012644347024,0.010849769083399545,0.061956885106423325,1848,326.6393527178024,0.30533790588378906
1849,5843.207,1716.3933333333332,6888.666666666665,100,100,1029,2.0369024296988987,6.694525429219305,2.299497127532959,-1716.3933333333332,0.005701788646333358,33.28031245399924,0.4193368887200075,0.025374938935890573,0.09954044135177836,1849,326.65638600580513,0.30533790588378906
1850,5849.371,1827.296666666667,7044.000000000001,100,100,1032,2.000817927521069,6.825581395348838,2.272162437438965,-1827.296666666667,0.019560782896245226,22.84218210332534,0.40139472309280844,0.027759829132050714,0.10799632352941177,1850,326.6758460010096,0.30533790588378906
1851,5852.22,1801.7699999999995,7041.333333333333,100,100,1032,2.029096896876581,6.822997416020671,2.3039586544036865,-1801.7699999999995,0.008691120673628414,33.8698287711424,0.47892571196836586,0.012005534663330764,0.07123161764705882,1851,326.5060319109377,0.30533790588378906
1852,5855.068,1815.4133333333323,7020.666666666666,100,100,1039,2.0316582282017324,6.757138273981392,2.3213086128234863,-1815.4133333333323,-0.018397447625722957,23.56348368700813,0.4867553649579777,0.01832264691919965,0.07689951053437065,1852,326.5246559391521,0.30533790588378906
1853,5857.941,1839.0900000000004,7130.000000000001,100,100,1029,2.06439484888733,6.929057337220604,2.3365399837493896,-1839.0900000000004,-0.04996058903634548,32.71050049276913,0.512759697787902,0.007198472788064357,0.08207720605766072,1853,326.5401884196801,0.30533790588378906
1854,5860.775,1774.596666666668,6838.666666666666,100,100,1032,2.034090599564063,6.626614987080103,2.307745933532715,-1774.596666666668,-0.021251812905949706,25.99847619673785,0.4751113986267763,0.02143395381897469,0.07628676470588236,1854,326.55836057932316,0.30533790588378906
1855,5863.584,1819.8799999999997,7005.666666666668,100,100,1027,2.0308518034570144,6.821486530347291,2.2957537174224854,-1819.8799999999997,-0.0319186610114925,22.777228327358472,0.44920552302809325,0.007851364200606066,0.10646446136867299,1855,326.57707258954116,0.30533790588378906
1856,5866.39,1739.6933333333343,6834.333333333333,100,100,1030,2.023635051457338,6.6352750809061485,2.289668560028076,-1739.6933333333343,-0.011172994889099808,23.237282752990723,0.4127342170652221,0.021641226067646024,0.07735906891963061,1856,326.5964325564671,0.30533790588378906
1857,5869.199,1699.3633333333337,6864.333333333331,100,100,1034,2.0097460350286527,6.638620245003222,2.2825257778167725,-1699.3633333333337,-0.010854159536607125,21.940329860238467,0.4369567580082837,0.015523627016912489,0.08327205895501025,1857,326.6162782904132,0.30533790588378906
1858,5872.014,1823.8033333333326,6961.333333333336,100,100,1030,2.031923980492809,6.758576051779937,2.303854465484619,-1823.8033333333326,1.806856187827447e-05,24.245356110965503,0.3975406473173815,0.021165223160471,0.08241421597845414,1858,326.6351095487367,0.30533790588378906
1859,5874.741,1813.666666666666,6966.333333333333,100,100,1031,1.953572745296732,6.756870352408664,2.223252058029175,-1813.666666666666,-0.00957900148761623,28.17147367140826,0.4942189130712958,0.0368452753926463,0.0773371852496091,1859,326.6590001374473,0.30533790588378906
1860,5880.607,1878.8633333333337,7095.000000000002,100,100,1032,1.9336105609725973,6.875000000000002,2.2070798873901367,-1878.8633333333337,-0.026637605994063264,23.264585551093607,0.504047626081635,0.018944083805442515,0.08685661764705882,1860,326.68352778695817,0.30533790588378906
1861,5883.329,1781.0400000000002,7008.666666666666,100,100,1030,1.9381710681928666,6.804530744336569,2.204831123352051,-1781.0400000000002,0.004609212279319763,21.866205243503344,0.4777449614861432,0.0032502169145599883,0.07169117647058823,1861,326.53265001253004,0.30533790588378906
1862,5886.121,1773.6566666666665,6800.666666666667,100,100,1035,1.984001643019886,6.570692431561997,2.263235569000244,-1773.6566666666665,-0.010893049372551852,27.766227161183078,0.468496973900234,0.022161866017781636,0.08852774080108194,1862,326.55358516676336,0.30533790588378906
1863,5888.849,1860.6733333333316,7082.666666666663,100,100,1029,1.9543455804827594,6.883057985098798,2.2211785316467285,-1860.6733333333316,-0.042638543445397824,25.478865960065058,0.4689629099824849,0.015693540876621708,0.13419117734712713,1863,326.57707399383435,0.30533790588378906
1864,5891.591,1835.5733333333344,7001.333333333332,100,100,1032,1.94522655037026,6.78423772609819,2.215588092803955,-1835.5733333333344,-0.025482219589107177,26.109705307904413,0.45072759337284984,0.013354346813524471,0.08869485294117647,1864,326.600228297287,0.30533790588378906
1865,5894.325,1876.583333333334,7089.333333333336,100,100,1034,1.9525500959932904,6.856221792392008,2.229909896850586,-1876.583333333334,-0.021443857153987184,25.726059268502627,0.45119216512231264,0.018668693750548887,0.08860294126412448,1865,326.62417402504235,0.30533790588378906
1866,5897.08,1902.3566666666675,7139.33333333333,100,100,1030,1.9569023303208348,6.931391585760515,2.226491689682007,-1902.3566666666675,-0.017379189512747174,30.44711146635168,0.49434517236316905,0.019684593857485142,0.08854166681275648,1866,326.64625439515095,0.30533790588378906
1867,5899.797,1798.49,6966.666666666662,100,100,1031,1.9389158098982822,6.757193663110245,2.206421375274658,-1798.49,0.0029511882320922963,21.53520411603591,0.5604493363815195,0.01410442589343909,0.08830094556598102,1867,326.670557020116,0.30533790588378906
1868,5902.817,1796.9133333333336,6998.666666666669,100,100,1034,2.150601934149818,6.768536428110898,2.436648368835449,-1796.9133333333336,0.00772760490722516,25.000159123364618,0.5323733082588982,0.025287817971890465,0.10193014714647741,1868,326.6786035537593,0.30533790588378906
1869,5905.765,1820.523333333334,7011.666666666667,100,100,1030,2.1199384477052803,6.807443365695793,2.394247531890869,-1820.523333333334,-0.014301241211154881,26.343489366419174,0.5067617113099379,0.014420105418299927,0.08869485294117647,1869,326.6899219471884,0.30533790588378906
1870,5912.328,1782.3533333333332,6883.999999999997,100,100,1031,2.104320851873668,6.677012609117359,2.3773133754730225,-1782.3533333333332,0.011176059789517346,22.889760466182935,0.5221301391720772,0.012309422196053407,0.0837053573306869,1870,326.7028906594304,0.30533790588378906
1871,5915.419,1792.9766666666665,6891.666666666667,100,100,1033,2.2592064864809074,6.671506937721846,2.5465481281280518,-1792.9766666666665,-0.01317287576110924,29.756289033328784,0.5672556933234719,0.019547327702371952,0.08649918305523255,1871,326.5056726886787,0.30533790588378906
1872,5918.379,1834.753333333333,7034.999999999996,100,100,1032,2.1225312999278207,6.816860465116275,2.4033727645874023,-1834.753333333333,-0.022668330711038673,26.36689360001508,0.5336291956550935,0.016026377999771607,0.08409926470588236,1872,326.5167913231386,0.30533790588378906
1873,5921.374,1783.0933333333337,6986.333333333331,100,100,1027,2.1751561827146917,6.8026614735475475,2.4425277709960938,-1783.0933333333337,0.04195586986401502,28.795302867889404,0.5205753419329139,0.012721206527203321,0.10110294117647059,1873,326.5250631102673,0.30533790588378906
1874,5924.463,1865.3733333333323,6954.666666666664,100,100,1029,2.257979593413499,6.758665370910267,2.538566827774048,-1865.3733333333323,-0.00938801938558326,42.51881094539867,0.5569474127362756,0.017082241517902517,0.08244485364240758,1874,326.52857694158996,0.30533790588378906
1875,5927.555,1747.2466666666674,6787.333333333335,100,100,1033,2.2657688283149624,6.57050661503711,2.5499744415283203,-1747.2466666666674,-0.01670363129061811,26.24393704358269,0.6267946520272423,0.03958742638967712,0.12602124187876196,1875,326.532459113901,0.30533790588378906
1876,5930.514,1773.5433333333335,7000.999999999999,100,100,1032,2.151339728084696,6.78391472868217,2.431367874145508,-1773.5433333333335,-0.028198635205626488,29.288125711328842,0.5757078055073234,0.02828671727055574,0.11029411764705882,1876,326.5435099671266,0.30533790588378906
1877,5933.299,1922.116666666668,7173.333333333335,100,100,1036,1.990687837091573,6.924066924066926,2.27736759185791,-1922.116666666668,-0.016562466947909665,24.938483231207904,0.6506086272351882,0.031273166416212916,0.09267769622452118,1877,326.5648617409142,0.30533790588378906
1878,5936.069,1749.38,6870.666666666665,100,100,1033,1.9725761849645955,6.6511777992900925,2.2447056770324707,-1749.38,-0.025547650012680712,26.04013703851139,0.5820400522035711,0.030354478369083476,0.08282271246699725,1878,326.58651426679774,0.30533790588378906
1879,5938.811,1857.0433333333328,7009.999999999997,100,100,1030,1.9638342736514953,6.805825242718444,2.2339539527893066,-1857.0433333333328,-0.014313867096515262,22.438841034384335,0.5879003896432764,0.021046529818490586,0.06525735294117647,1879,326.60915682067673,0.30533790588378906
1880,5944.786,1860.7133333333322,7017.666666666667,100,100,1034,1.9875963227967488,6.786911669890394,2.2633590698242188,-1860.7133333333322,-0.027010272476164734,22.009312573601218,0.6090911951135186,0.02745154218556469,0.08400735302883036,1880,326.6299329429624,0.30533790588378906
1881,5947.622,1949.5366666666669,7272.333333333335,100,100,1032,2.001413565048724,7.046834625322999,2.2799391746520996,-1949.5366666666669,-0.005335838698288973,23.38373840556425,0.5687043798320434,0.008143630104742068,0.07674632352941177,1881,326.47266718593073,0.30533790588378906
1882,5950.384,1860.819999999999,6939.999999999998,100,100,1032,1.9780102721956927,6.724806201550386,2.253699779510498,-1860.819999999999,-0.023687962771338576,32.662006967207965,0.5994158842984367,0.02472434561316143,0.1171875,1882,326.4945428600862,0.30533790588378906
1883,5953.163,1849.0766666666668,6969.333333333337,100,100,1031,1.983174681911926,6.759780148722926,2.253704786300659,-1849.0766666666668,-0.006049557424643461,24.813973539015826,0.6231987783137489,0.03571751356974025,0.1049107146613738,1883,326.51532680067993,0.30533790588378906
1884,5955.975,1851.8199999999997,7143.333333333336,100,100,1034,2.004807059832342,6.908446163765315,2.2841567993164062,-1851.8199999999997,-0.013915181598242591,23.205859941594742,0.6501974928028443,0.015444202677291982,0.09099264749709297,1884,326.53482921635185,0.30533790588378906
1885,5958.735,1964.8300000000004,7231.333333333335,100,100,1031,1.9718292908865875,7.013902360168123,2.245866537094116,-1964.8300000000004,0.00022719729253474404,24.735067395602954,0.6498769100974587,0.013944637893206057,0.08009453819078557,1885,326.55657140435414,0.30533790588378906
1886,5961.55,1928.4266666666672,7102.333333333337,100,100,1032,2.014308818164751,6.882105943152458,2.295165538787842,-1928.4266666666672,-0.001985158826060155,30.108393893522376,0.6271884318660287,0.02434648250859669,0.10064338235294118,1886,326.57544511700763,0.30533790588378906
1887,5964.311,1815.926666666668,6924.3333333333385,100,100,1032,1.9735116270179462,6.709625322997421,2.2483904361724854,-1815.926666666668,-0.016779140624053338,29.762354626375085,0.6679541933185914,0.012970788349561831,0.07582720588235294,1887,326.597331651839,0.30533790588378906
1888,5967.134,1814.7266666666671,6953.000000000002,100,100,1031,2.005852570203535,6.743937924345298,2.278224468231201,-1814.7266666666671,-0.00543746176887961,26.79023192910587,0.6504444620188545,0.020193613682161358,0.09887079850715749,1888,326.6155674655507,0.30533790588378906
1889,5969.904,1836.2866666666666,7110.666666666667,100,100,1029,1.9933162296672358,6.910268869452543,2.2591159343719482,-1836.2866666666666,0.006237902404630885,18.15062622463002,0.6162515343988643,0.03177881708560402,0.08915441176470588,1889,326.636402664166,0.30533790588378906
1890,5975.891,1915.6800000000005,7149.333333333329,100,100,1028,1.9785363834345866,6.954604409857325,2.2448360919952393,-1915.6800000000005,-0.004202896290842225,27.491204289829028,0.6326247602701187,0.016525570440160876,0.08777573529411764,1890,326.65670505322674,0.30533790588378906
1891,5978.727,1862.3966666666674,6939.666666666672,100,100,1031,2.0230225987224744,6.731005496281933,2.3008720874786377,-1862.3966666666674,-0.00959763741668533,27.52760873121374,0.5941920148975709,0.016214680036201197,0.0925682783126831,1891,326.4987728402692,0.30533790588378906
1892,5981.525,1853.0000000000007,7004.0,100,100,1033,2.0080546945169395,6.780251694094869,2.2823550701141357,-1853.0000000000007,-0.011187848799368915,22.66467784432804,0.5800037936252707,0.031754873336895424,0.10355392164167236,1892,326.51875259763295,0.30533790588378906
1893,5984.322,1860.2633333333333,7016.999999999999,100,100,1033,2.0039702780519515,6.792836398838334,2.2825121879577637,-1860.2633333333333,-0.02156283169546548,30.554328750161563,0.6185970972566044,0.010114507368464675,0.0883884806843365,1893,326.53872149150374,0.30533790588378906
1894,5987.115,1812.9966666666671,7050.333333333333,100,100,1028,1.9961768464123693,6.8583009079118025,2.2622811794281006,-1812.9966666666671,0.016365663422381178,29.610396890079272,0.5642480525900336,0.016589538406525904,0.06387867647058823,1894,326.5581299450305,0.30533790588378906
1895,5989.921,1856.803333333333,7223.999999999997,100,100,1033,2.0121678613966543,6.9932236205227465,2.286180019378662,-1856.803333333333,-0.011620336376568851,25.570815857718973,0.5825734857250663,0.02430973104064298,0.06622753270408686,1895,326.57761773045354,0.30533790588378906
1896,5992.706,1796.8499999999995,6899.999999999996,100,100,1031,1.965968961087638,6.692531522793401,2.235668659210205,-1796.8499999999995,-0.023617852917488885,26.76115540897145,0.560509624726632,0.014879558872267166,0.07819065144833397,1896,326.59789384640993,0.30533790588378906
1897,5995.427,1815.940000000002,6995.0,100,100,1029,1.9526960158745954,6.797862001943635,2.2172625064849854,-1815.940000000002,-0.02854411117732525,25.472246787127325,0.5887376070022583,0.0094398848767228,0.08125000008765389,1897,326.62129528458746,0.30533790588378906
1898,5998.206,1856.776666666667,6978.000000000004,100,100,1035,1.9718494677943164,6.7420289855072495,2.254565954208374,-1856.776666666667,-0.02711856726776151,31.01391985837151,0.5719457356368794,0.01429410751306397,0.05606617647058824,1898,326.64249160674075,0.30533790588378906
1899,6000.95,1902.4566666666663,7133.66666666667,100,100,1028,1.9687033052953025,6.9393644617380055,2.2349565029144287,-1902.4566666666663,-0.02824453768484733,32.97049864600687,0.5264912512810791,0.008955131017822115,0.06479779411764706,1899,326.6644703611419,0.30533790588378906
1900,6006.859,1884.8333333333317,7153.33333333333,100,100,1030,1.944989223232113,6.944983818770224,2.212486743927002,-1884.8333333333317,0.010922188158420956,31.1169937358183,0.4939749670379302,0.020969344618018058,0.06525735294117647,1900,326.68724549444954,0.30533790588378906
1901,6009.611,1833.9033333333325,7091.666666666663,100,100,1033,1.9488527578376558,6.865117779929006,2.221141815185547,-1833.9033333333325,-0.01676606756689794,21.982760611702414,0.506513295804753,0.02825921744464294,0.08282271246699725,1901,326.536932068628,0.30533790588378906
1902,6012.36,1806.069999999999,7192.333333333339,100,100,1037,1.9574484090961106,6.9357119897139246,2.238292694091797,-1806.069999999999,-0.021495662410469615,26.417279047124527,0.4767259105163462,0.028535785269923508,0.11937924255343045,1902,326.56014651882396,0.30533790588378906
1903,6015.123,1752.5766666666657,6950.999999999999,100,100,1032,1.9711558143030707,6.735465116279069,2.2397749423980713,-1752.5766666666657,-0.021034957457552936,27.3223035475787,0.5728880745523116,0.01123808225041584,0.10799632352941177,1903,326.5816717248271,0.30533790588378906
1904,6017.872,1669.2933333333337,6836.000000000002,100,100,1040,1.9554349977764873,6.573076923076925,2.2392845153808594,-1669.2933333333337,-0.01839042498784907,27.767004630144903,0.5090055553352132,0.018926462589982238,0.08685661764705882,1904,326.60532480166535,0.30533790588378906
1905,6020.634,1815.246666666666,6897.000000000001,100,100,1033,1.9580903212879743,6.676669893514037,2.234994649887085,-1815.246666666666,-0.018074868630398724,29.984104605282056,0.5474859064116198,0.009797289673074642,0.08287377458284884,1905,326.6270772697754,0.30533790588378906
1906,6023.67,1867.73,7224.666666666666,100,100,1030,2.213606310700907,7.014239482200646,2.489914894104004,-1867.73,-0.01723583187798367,29.349211496465347,0.5830149308723562,0.028962392086053595,0.12224264749709297,1906,326.6334362555586,0.30533790588378906
1907,6026.886,1843.0566666666666,7022.999999999998,100,100,1033,2.380872215279572,6.798644724104548,2.672135591506958,-1843.0566666666666,-0.018499088199699625,29.409191355985755,0.6233924872734967,0.00323546929147971,0.08011642186080709,1907,326.6305492234818,0.30533790588378906
1908,6030.12,1758.4533333333331,6930.666666666666,100,100,1037,2.3640621995298314,6.683381549341047,2.660064458847046,-1758.4533333333331,-0.0066107392091961465,24.690940800835104,0.5642826785059536,0.018601002459249952,0.0830033940865713,1908,326.6273287780604,0.30533790588378906
1909,6033.146,1906.3766666666668,7218.666666666669,100,100,1036,2.1965743236254514,6.96782496782497,2.4916646480560303,-1906.3766666666668,-0.003585001125055201,33.84239107019761,0.590554580968969,0.008752067967126256,0.07950367647058823,1909,326.63522406271983,0.30533790588378906
1910,6040.04,1792.8266666666668,7101.333333333334,100,100,1037,2.2620594029277994,6.847958855673418,2.561211585998535,-1792.8266666666668,-0.012200949960114324,25.75484505821677,0.6290967622224022,0.013758285210796577,0.06706023764084368,1910,326.638993597194,0.30533790588378906
1911,6043.101,1824.3199999999997,6892.999999999999,100,100,1031,2.241049951464516,6.685741998060135,2.524756908416748,-1824.3199999999997,-0.0008251341607640771,25.58470080880558,0.5812791226541295,0.008908026817473857,0.07917542054372675,1911,326.4393322205205,0.30533790588378906
1912,6046.075,1648.060000000001,6719.333333333332,100,100,1029,2.1744371230955677,6.529964366699059,2.441920280456543,-1648.060000000001,-0.05176277420319179,28.621541023254395,0.5978832542896271,0.006655361578690217,0.0666360294117647,1912,326.4490038994418,0.30533790588378906
1913,6049.186,1913.3266666666686,6972.333333333334,100,100,1030,2.275848835345032,6.769255663430421,2.560563325881958,-1913.3266666666686,-0.011255966882933588,44.71410308164709,0.5928966061157339,0.015104006811538163,0.09175857857746236,1913,326.4513481282824,0.30533790588378906
1914,6052.264,1751.2633333333342,6897.999999999998,100,100,1032,2.2667682164054463,6.684108527131781,2.5475571155548096,-1751.2633333333342,-0.01957512559259639,23.66280979268691,0.5712697032619926,0.010569480924031642,0.08363970588235294,1914,326.4558403347796,0.30533790588378906
1915,6055.194,1886.8533333333337,6981.33333333333,100,100,1028,2.118738229995311,6.791180285343707,2.3898792266845703,-1886.8533333333337,-0.015512051772983634,36.07374244577744,0.5911525426542058,0.009860753287177752,0.08455882352941177,1915,326.4676304358961,0.30533790588378906
1916,6058.254,1799.963333333334,6964.333333333334,100,100,1028,2.2557797681600045,6.7746433203631655,2.5274860858917236,-1799.963333333334,-0.0414937911555171,26.63311986362233,0.5713059867129606,0.002044289218782283,0.08409926470588236,1916,326.4724495615039,0.30533790588378906
1917,6061.267,1875.1566666666674,7019.666666666669,100,100,1031,2.1942988350611654,6.8086000646621425,2.4771831035614014,-1875.1566666666674,-0.01456891548107652,25.733625159544104,0.5711263453259188,0.004171844397205859,0.0703125,1917,326.4802570591275,0.30533790588378906
1918,6064.153,1846.7133333333338,7087.333333333331,100,100,1032,2.082834301255607,6.867571059431523,2.3590638637542725,-1846.7133333333338,-0.02511551368105061,31.17309216892018,0.5540352472487617,0.017085239654132986,0.08363970588235294,1918,326.49508461458663,0.30533790588378906
1919,6067.153,1728.0766666666666,6898.333333333332,100,100,1031,2.1819331717996286,6.690914969285482,2.4579315185546875,-1728.0766666666666,-0.011418329003979178,29.667525880477008,0.5124920326120713,0.015317952280918904,0.07451418086009867,1919,326.50354131129177,0.30533790588378906
1920,6073.665,1886.1299999999997,7172.333333333328,100,100,1032,2.2605763547043063,6.94993540051679,2.5473146438598633,-1886.1299999999997,-0.049832799252780044,31.656591303208295,0.5592770988450331,0.010720182155423304,0.09145220588235294,1920,326.50795486071394,0.30533790588378906
1921,6076.601,1981.9733333333331,7161.666666666669,100,100,1031,2.11929388863245,6.946330423537021,2.3976213932037354,-1981.9733333333331,-0.009006335454828599,31.05358595006606,0.5573985383791082,0.026903749806532526,0.08895745917278178,1921,326.33544105802036,0.30533790588378906
1922,6079.601,1710.3466666666675,6848.33333333333,100,100,1038,2.1801033744324707,6.597623635195887,2.469336986541748,-1710.3466666666675,-0.0117658555836362,18.709179261151483,0.4919875045033062,0.012442285646958387,0.07976628160651993,1922,326.34508729404575,0.30533790588378906
1923,6082.617,1894.8766666666675,7200.333333333331,100,100,1034,2.1941135388644093,6.963571889103802,2.4850027561187744,-1894.8766666666675,-0.0415410215363783,23.428763894473803,0.46873323093442354,0.012390798889100552,0.0690257356447332,1923,326.35328002239874,0.30533790588378906
1924,6085.798,1885.9900000000007,7104.666666666668,100,100,1035,2.3343515909695323,6.864412238325283,2.6328155994415283,-1885.9900000000007,-0.02315822312170092,22.28624537411858,0.47963355393970714,0.026981277473490026,0.10093582903637606,1924,326.3528333290072,0.30533790588378906
1925,6088.994,1840.7299999999998,6992.999999999999,100,100,1032,2.3487804238928134,6.776162790697674,2.638366937637329,-1840.7299999999998,-0.01588750712792663,33.65895268496345,0.45746585463776307,0.01076243251479943,0.0896139705882353,1925,326.3509671732246,0.30533790588378906
1926,6092.094,1847.6033333333337,6912.666666666664,100,100,1033,2.2751004866749005,6.691836076153596,2.564984083175659,-1847.6033333333337,-0.022443569730967283,26.737475900089038,0.43816113033715415,0.020160302465014598,0.08001429740996922,1926,326.3544859697751,0.30533790588378906
1927,6095.133,1831.326666666665,7076.999999999995,100,100,1031,2.2103802120777356,6.864209505334622,2.4874303340911865,-1831.326666666665,-0.00499024023027981,24.05681427787332,0.44305875546791973,0.014572478231617851,0.08600315144833397,1927,326.36085978072856,0.30533790588378906
1928,6098.323,1761.200000000001,6817.999999999997,100,100,1037,2.326929217461306,6.574734811957567,2.6244425773620605,-1761.200000000001,-0.0035133288406273898,29.602520381703098,0.48099564103519216,0.03146334218463915,0.10743071292253102,1928,326.36019910883465,0.30533790588378906
1929,6101.532,1815.9733333333338,6908.000000000002,100,100,1035,2.357314199272201,6.674396135265702,2.6500191688537598,-1815.9733333333338,-0.010971876299556564,26.241916249780093,0.4770223559702144,0.018783870252424523,0.07436497334171743,1929,326.3582260014777,0.30533790588378906
1930,6108.185,1883.6999999999994,7131.999999999997,100,100,1036,2.325027798793304,6.884169884169881,2.62526535987854,-1883.6999999999994,-0.01946020802921232,25.08519427916583,0.4853839698959799,0.03500661158742493,0.11611519622452118,1930,326.35888353970813,0.30533790588378906
1931,6111.213,1770.049999999999,6874.333333333329,100,100,1028,2.2271071029111296,6.687094682230865,2.500454902648926,-1770.049999999999,-0.0024423972867867526,19.103569689918967,0.43842467052095074,0.024855156073018032,0.0822610294117647,1931,326.17894777271425,0.30533790588378906
1932,6113.982,1842.006666666666,6926.333333333333,100,100,1030,1.983626990791555,6.7245954692556635,2.2532565593719482,-1842.006666666666,0.008710239739979015,21.32252042433795,0.42341359134982615,0.02639726154944476,0.08900122563628589,1932,326.19968707899636,0.30533790588378906
1933,6116.733,1767.6800000000005,6824.333333333334,100,100,1031,1.9733395741820683,6.6191399935337865,2.2417235374450684,-1767.6800000000005,0.01640108063378755,25.715029435999252,0.4616650040535366,0.024801812963286304,0.0814732146613738,1933,326.22151129967324,0.30533790588378906
1934,6119.491,1799.3833333333348,6871.3333333333385,100,100,1027,1.9803355397391764,6.690684842583582,2.2419323921203613,-1799.3833333333348,-0.03243312277995488,26.320798817802878,0.45454170905491886,0.013097701957175398,0.08363970588235294,1934,326.2423124757477,0.30533790588378906
1935,6122.264,1889.0300000000002,7011.000000000005,100,100,1027,2.00061743037037,6.826679649464464,2.2657766342163086,-1889.0300000000002,-0.02746647026608972,30.19133778179393,0.5049698317752165,0.024179951376829517,0.11688112774316002,1935,326.26230559924323,0.30533790588378906
1936,6125.036,1771.8833333333343,7018.333333333336,100,100,1031,1.982147428708442,6.807306821855806,2.2519900798797607,-1771.8833333333343,-0.03060206929769586,19.520156131071204,0.48401952228125406,0.008196955279666273,0.0970982146613738,1936,326.2829546853092,0.30533790588378906
1937,6127.836,1780.496666666666,7034.666666666668,100,100,1028,2.010473151077926,6.843060959792479,2.276242256164551,-1780.496666666666,-0.05693160326165311,27.109039783477783,0.44897978095447316,0.023032698972041115,0.09053308823529412,1937,326.30167897549035,0.30533790588378906
1938,6130.645,1880.0133333333322,7039.666666666663,100,100,1032,1.9994818792965392,6.821382428940566,2.2769153118133545,-1880.0133333333322,-0.011156371739857337,25.231502364663516,0.5626768960672266,0.007927601170890471,0.08501838235294118,1938,326.320480843385,0.30533790588378906
1939,6133.419,1786.3233333333335,7061.0,100,100,1039,1.9733186710815915,6.795957651588066,2.2581002712249756,-1786.3233333333335,-0.02396849564769689,22.45166052089018,0.5109614037415561,0.013288872149560656,0.0950367652318057,1939,326.3422892110307,0.30533790588378906
1940,6139.419,1941.9,7083.000000000001,100,100,1031,1.9701788543834633,6.870029097963143,2.247875928878784,-1941.9,-0.0007624780649647993,38.003691504983344,0.5547610367922222,0.006840184967800537,0.09434086172019734,1940,326.3625758836881,0.30533790588378906
1941,6142.371,1847.5066666666667,7037.0,100,100,1034,2.1116766935426967,6.8056092843326885,2.4015133380889893,-1847.5066666666667,-0.010034860471290919,35.17946610731237,0.5317549004274256,0.0261137117015417,0.10652573538177154,1941,326.2028423627405,0.30533790588378906
1942,6145.561,1871.846666666668,7059.333333333333,100,100,1030,2.3500007772773,6.853721682847896,2.634079933166504,-1871.846666666668,0.012452621670330273,30.627902199240292,0.5125399096047177,0.02803757565561682,0.09053308823529412,1942,326.20112394475615,0.30533790588378906
1943,6148.716,1873.6500000000008,7096.0,100,100,1031,2.3255683787692805,6.882638215324927,2.612172842025757,-1873.6500000000008,-0.010264227495473973,24.43633559170891,0.5129689074614469,0.02761560742681682,0.0966386558378444,1943,326.20145810005977,0.30533790588378906
1944,6151.721,1885.7333333333327,7264.3333333333285,100,100,1033,2.175960791547894,7.03226847370119,2.463597536087036,-1885.7333333333327,-0.010166809948928216,20.86830447701847,0.5573990993640002,0.02835205663680373,0.09477124187876196,1944,326.2100392768654,0.30533790588378906
1945,6154.703,1810.7400000000007,7091.333333333331,100,100,1034,2.157951063297264,6.858156028368792,2.441624402999878,-1810.7400000000007,-0.011097941164146452,22.13931313683005,0.5231830197222093,0.020444231333813685,0.11351102963089943,1945,326.22004083620226,0.30533790588378906
1946,6157.832,1917.5900000000004,7257.999999999998,100,100,1034,2.286961893469989,7.01934235976789,2.5799224376678467,-1917.5900000000004,0.002828901304918177,26.29212371040793,0.5532815079478657,0.02612192096079097,0.10974264714647741,1946,326.2221858175067,0.30533790588378906
1947,6160.956,1895.6499999999994,7136.333333333334,100,100,1034,2.2732000960112773,6.901676337846551,2.5663578510284424,-1895.6499999999994,-0.012993577539044269,23.195159631616928,0.5987981426365235,0.010699237539323376,0.10082720658358406,1947,326.2245347752474,0.30533790588378906
1948,6163.988,1802.1266666666652,6894.999999999995,100,100,1032,2.200481398261239,6.681201550387592,2.481712818145752,-1802.1266666666652,-0.02735712132690584,23.974261844859402,0.5251219965079251,0.01081174606224522,0.07628676470588236,1948,326.2315089691484,0.30533790588378906
1949,6167.012,1826.4066666666668,7032.333333333332,100,100,1040,2.182225286266587,6.761858974358973,2.482969045639038,-1826.4066666666668,-0.004730107153163236,32.251441562876984,0.5286131834282595,0.03670401312068433,0.09926470588235294,1949,326.2401513753248,0.30533790588378906
1950,6173.45,1740.65,6838.000000000001,100,100,1032,2.3007052336898886,6.625968992248063,2.5834872722625732,-1740.65,-0.0199764313395409,21.75719196656171,0.5292560019913841,0.022272387183928752,0.10294117647058823,1950,326.2407534310202,0.30533790588378906
1951,6176.27,1777.0700000000006,6913.000000000005,100,100,1036,2.0114180490798876,6.672779922779927,2.2909481525421143,-1777.0700000000006,-0.0012399875284994349,19.114638132207535,0.48983850636902976,0.014399646302027738,0.09359681387158002,1951,326.0859721919112,0.30533790588378906
1952,6179.1,1843.9600000000005,7034.333333333336,100,100,1035,2.033259612193178,6.796457326892112,2.3150835037231445,-1843.9600000000005,-0.010012969812926124,22.826850358177634,0.5258804875261643,0.019124170176356155,0.08844418473103467,1952,326.1041204953583,0.30533790588378906
1953,6181.924,1770.6333333333328,6929.666666666666,100,100,1034,2.0329089931210564,6.701805286911669,2.3097405433654785,-1770.6333333333328,-0.016729816027423915,23.49466054579791,0.5568441126276465,0.020078333207707414,0.08676470597000684,1953,326.12240888429795,0.30533790588378906
1954,6184.755,1844.5500000000009,7104.000000000003,100,100,1034,2.0199942962551125,6.870406189555128,2.2992351055145264,-1844.5500000000009,-0.004095885902643204,27.876740399528952,0.5568381372620078,0.009403977323980892,0.09411764714647741,1954,326.14034718586066,0.30533790588378906
1955,6187.585,1767.0433333333326,6796.33333333333,100,100,1031,2.0343548022969387,6.591981894600709,2.305323839187622,-1767.0433333333326,-0.022413556381840918,29.508600627674777,0.5708129033446312,0.007329908939188018,0.1049107146613738,1955,326.1577587226088,0.30533790588378906
1956,6190.383,1890.5166666666667,7092.999999999996,100,100,1031,2.0104802119212315,6.879728419010665,2.2858917713165283,-1890.5166666666667,-0.05515523057650117,25.911113458521225,0.5538333308170823,0.008138369114877766,0.06762079850715749,1956,326.1768919942778,0.30533790588378906
1957,6193.201,1784.9400000000014,7005.0,100,100,1033,2.010837175666074,6.781219748305905,2.2849373817443848,-1784.9400000000014,-0.01736360991044956,27.683162324568805,0.5667241338421317,0.003660944930743426,0.0754187091746751,1957,326.1953010966203,0.30533790588378906
1958,6196.003,1889.793333333334,7228.333333333338,100,100,1033,2.0080658255346906,6.997418522103908,2.285844564437866,-1889.793333333334,0.007594663156744312,33.20401752696318,0.6090942498515634,0.009171875316978377,0.08506944446879275,1958,326.21448903520445,0.30533790588378906
1959,6198.809,1787.2900000000002,7072.333333333337,100,100,1031,2.0195758494139295,6.8596831555124504,2.290752410888672,-1787.2900000000002,0.0058763411224764936,24.522529489853802,0.6726523620240829,0.024120711255818605,0.1127232146613738,1959,326.2331474257112,0.30533790588378906
1960,6204.96,1789.1933333333332,6978.333333333333,100,100,1033,2.0473367868835197,6.75540496934495,2.325728416442871,-1789.1933333333332,-0.028131220654091415,25.714746643515195,0.6271802923258614,0.004517944207798471,0.07312091505702804,1960,326.2488516943881,0.30533790588378906
1961,6207.788,1869.6366666666665,7022.000000000002,100,100,1028,2.018597374143847,6.830739299610896,2.287169933319092,-1869.6366666666665,-0.045633950161145014,26.179413739372702,0.5855304178069619,0.01040823309107081,0.08042279411764706,1961,326.09330138720696,0.30533790588378906
1962,6210.648,1825.9166666666656,7071.666666666667,100,100,1031,2.04997730252146,6.859036534109279,2.3221607208251953,-1825.9166666666656,-0.0010835995678515995,24.40926316205193,0.5999551441739587,0.011735899004099123,0.08784138674245161,1962,326.10911467682564,0.30533790588378906
1963,6213.454,1846.3233333333344,6958.333333333333,100,100,1030,2.012936116616667,6.755663430420712,2.2849245071411133,-1846.3233333333344,0.002723050057230627,28.60233783721924,0.6217278242111206,0.01549860609777491,0.09757965715492473,1963,326.1276430025925,0.30533790588378906
1964,6216.322,1852.1233333333334,7116.999999999997,100,100,1035,2.040767536390627,6.876328502415456,2.3226687908172607,-1852.1233333333334,-0.01651277842328829,29.540215716642493,0.6010295249083463,0.018721453040865633,0.08898729962461135,1964,326.14365505251106,0.30533790588378906
1965,6219.145,1770.2633333333342,6998.666666666668,100,100,1034,2.005041008018051,6.768536428110897,2.284285545349121,-1770.2633333333342,-0.02640604803009945,24.531298973981073,0.6253183291238897,0.015190437846981427,0.09080882392385427,1965,326.16187705052215,0.30533790588378906
1966,6222.007,1759.613333333334,6928.666666666667,100,100,1037,2.039822950741867,6.6814529090324655,2.324455976486206,-1759.613333333334,-0.02659548449275248,24.14401326459997,0.6368041336536407,0.014865484773455298,0.07763009058202014,1966,326.1784928035314,0.30533790588378906
1967,6224.819,1836.276666666666,7047.999999999999,100,100,1033,2.0180520795859103,6.822846079380445,2.2945332527160645,-1836.276666666666,-0.031575502882547235,20.553244843202478,0.6154591818066204,0.004164494649397538,0.0810355395078659,1967,326.1971276849088,0.30533790588378906
1968,6227.682,1737.7566666666671,6958.333333333329,100,100,1037,2.0439647051228236,6.710061073609768,2.3242337703704834,-1737.7566666666671,-0.012578797362306538,32.06175888285917,0.597821997369037,0.010451107902233215,0.07897341645815793,1968,326.2136792400546,0.30533790588378906
1969,6230.509,1879.1700000000003,7037.666666666667,100,100,1027,2.0238427460482007,6.852645245050309,2.2904181480407715,-1879.1700000000003,0.008799315758926026,22.705533406313727,0.6909700036048889,0.007361254586345132,0.07628676470588236,1969,326.2305597468284,0.30533790588378906
1970,6236.417,1765.6800000000005,6847.33333333333,100,100,1031,1.9711066935316206,6.641448431943094,2.23862886428833,-1765.6800000000005,-0.018064779503380552,24.466381269342758,0.6408926625462139,0.009732568496153416,0.08272058823529412,1970,326.2509490290173,0.30533790588378906
1971,6239.171,1862.9699999999998,7019.000000000001,100,100,1033,1.9479467571169382,6.794772507260407,2.2216622829437256,-1862.9699999999998,-0.0282249555868261,30.05885073717903,0.6027753861511455,0.016351567574448007,0.07633782682173393,1971,326.10840531100456,0.30533790588378906
1972,6241.903,1888.9666666666665,7055.333333333334,100,100,1029,1.9371103983195055,6.856494978943959,2.2041115760803223,-1888.9666666666665,-0.012991161907420438,23.848652047269486,0.6342973297133165,0.0007768544258878511,0.08354779420530095,1972,326.13050852813274,0.30533790588378906
1973,6244.653,1761.1266666666666,7047.66666666667,100,100,1037,1.9436318231090945,6.796207007393124,2.221011161804199,-1761.1266666666666,-0.021650853073772264,22.784562138950122,0.6133843344800612,0.020468302365556797,0.08533653901780353,1973,326.152972693182,0.30533790588378906
1974,6247.409,1866.2833333333326,7050.999999999995,100,100,1032,1.9691279073392018,6.832364341085267,2.243765115737915,-1866.2833333333326,-0.019911929745884502,26.175251820508173,0.5661700061138939,0.01758795105578268,0.08042279411764706,1974,326.17425264328915,0.30533790588378906
1975,6250.16,1905.266666666667,7078.333333333334,100,100,1032,1.9453120173781735,6.858850129198967,2.223036766052246,-1905.266666666667,-0.03692473104114041,27.90552226234885,0.5509684094611336,0.021491826943340984,0.11029411764705882,1975,326.19581694818334,0.30533790588378906
1976,6252.903,1769.196666666668,6900.000000000001,100,100,1029,1.9621717192837198,6.705539358600584,2.22807240486145,-1769.196666666668,0.0023782122332383603,23.151288425221164,0.5083050009082345,0.02042679865981507,0.09641544126412448,1976,326.21728534643114,0.30533790588378906
1977,6255.701,1871.0066666666653,7212.666666666667,100,100,1039,1.9721046226373422,6.941931344241258,2.2578089237213135,-1871.0066666666653,-0.03609706034116885,23.76113936480354,0.5710595688399147,0.003945342538987889,0.082873775240253,1977,326.23746944848403,0.30533790588378906
1978,6258.435,1904.2399999999998,7065.666666666666,100,100,1032,1.9424343985900672,6.84657622739018,2.2171401977539062,-1904.2399999999998,-0.016138835755341193,26.796935249777402,0.6066321616663652,0.013511020899065496,0.08318014705882353,1978,326.2598569872491,0.30533790588378906
1979,6261.252,1829.1933333333336,6983.333333333335,100,100,1032,1.9999395345487494,6.7667958656330764,2.274178981781006,-1829.1933333333336,-0.005345898242119481,21.31947323855232,0.5684504438849056,0.017473688527174732,0.0900735294117647,1979,326.2778851634167,0.30533790588378906
1980,6267.785,1818.8800000000012,6985.999999999997,100,100,1031,2.2895140643389653,6.7759456838021315,2.57344126701355,-1818.8800000000012,-0.021605835898834115,20.864918161841,0.5498151884359472,0.02042140528176199,0.12828256321303985,1980,326.27999539258735,0.30533790588378906
1981,6270.865,1891.5933333333319,7194.666666666664,100,100,1035,2.223174586208258,6.95136876006441,2.513688325881958,-1891.5933333333319,-0.02007410828681553,28.060554027557373,0.5617207350099788,0.022336715599521995,0.11225768748451681,1981,326.1072175421133,0.30533790588378906
1982,6273.94,1818.1900000000012,6803.333333333334,100,100,1034,2.235027663189039,6.579626047711154,2.5255634784698486,-1818.1900000000012,0.0061364103766048655,57.769327331991754,0.6029838086927638,0.023812461706042728,0.11507352945559166,1982,326.1121298441424,0.30533790588378906
1983,6277.086,1863.8100000000009,7070.333333333336,100,100,1035,2.2865911120107927,6.831239935587764,2.5795135498046875,-1863.8100000000009,-0.01918444301768699,29.352761829600613,0.5510328806498471,0.014027276631061207,0.11041945219039917,1983,326.11355612910967,0.30533790588378906
1984,6280.099,1870.2000000000005,7141.999999999998,100,100,1031,2.192222599977145,6.9272550921435485,2.470195770263672,-1870.2000000000005,-0.006204612169633894,21.15538709303912,0.5239142078687163,0.010808300904874854,0.11725315144833397,1984,326.12131423712833,0.30533790588378906
1985,6283.148,1859.0966666666675,7009.666666666671,100,100,1031,2.2008572274884055,6.798900743614618,2.4796783924102783,-1859.0966666666675,-0.000625999753966051,20.06003298478968,0.5687496197574279,0.02167103543658467,0.08744747936725616,1985,326.1271725153222,0.30533790588378906
1986,6286.364,1860.6400000000006,6899.333333333331,100,100,1031,2.3778825423569137,6.691884901390234,2.664947271347046,-1860.6400000000006,-0.03932428935214,29.540929569917566,0.5351639346164816,0.0030361428610323105,0.08659401316853131,1986,326.1242797558204,0.30533790588378906
1987,6289.596,1818.4866666666674,7024.333333333332,100,100,1031,2.3875363723480594,6.813126414484318,2.6716387271881104,-1818.4866666666674,-0.011919691939564311,35.17330640905044,0.5208633287864572,0.0032267604529967204,0.08567489595974193,1987,326.12064638010725,0.30533790588378906
1988,6292.494,1752.716666666667,6994.666666666668,100,100,1037,2.094568179856551,6.745098039215687,2.3812620639801025,-1752.716666666667,-0.023238137008293587,20.54836887471816,0.5017517962876488,0.018941329189521426,0.09594174233429573,1988,326.1352558086724,0.30533790588378906
1989,6295.233,1747.16,7007.666666666665,100,100,1034,1.9497972924570324,6.777240490006446,2.220378875732422,-1747.16,-0.022595384158194065,17.115707649904138,0.5259732244645848,0.013203202109948239,0.08244485298500341,1989,326.15759743838873,0.30533790588378906
1990,6301.139,1741.2300000000002,6936.999999999997,100,100,1029,1.956256558694148,6.741496598639453,2.2184083461761475,-1741.2300000000002,-0.012399330844773966,27.484344861086676,0.5150534948881935,0.014028126137632439,0.08308823538177154,1990,326.1792868684729,0.30533790588378906
1991,6303.889,1747.0433333333335,6895.999999999999,100,100,1032,1.961388078774506,6.682170542635658,2.2288453578948975,-1747.0433333333335,-0.03138174445313566,20.749555840211755,0.52579466297346,0.005822215400471845,0.0822610294117647,1991,326.036654133681,0.30533790588378906
1992,6306.73,1858.266666666668,7005.333333333334,100,100,1035,2.018727922524159,6.768438003220613,2.308244228363037,-1858.266666666668,-0.015446028507807675,18.164078992955826,0.4901592617525774,0.023096516817424667,0.09717580237809349,1992,326.05391557189574,0.30533790588378906
1993,6309.474,1721.9733333333334,6763.333333333331,100,100,1031,1.9590534455216084,6.559974135143872,2.2256083488464355,-1721.9733333333334,-0.019995214171050227,20.844922570621264,0.4968995653531131,0.018242468691074893,0.08646271027186338,1993,326.0755046969175,0.30533790588378906
1994,6312.22,1879.936666666667,7112.999999999997,100,100,1038,1.9467739856699644,6.852601156069362,2.2319884300231934,-1879.936666666667,-0.015805608921629542,25.836974143981934,0.4801851756432477,0.0127333670251948,0.09013918086009867,1994,326.098099589235,0.30533790588378906
1995,6314.956,1861.7233333333331,7136.666666666664,100,100,1033,1.9417492736361754,6.9086802194256185,2.2152340412139893,-1861.7233333333331,0.0025632357882226214,23.374290704727173,0.4886994730023777,0.01779181688941796,0.08139297388055745,1995,326.12039145828993,0.30533790588378906
1996,6317.753,1862.57,7092.000000000003,100,100,1034,1.966294778936058,6.8588007736943934,2.242513418197632,-1862.57,-0.022480358807917905,21.927254480474136,0.5322916700559504,0.023501027834273,0.09834558823529412,1996,326.1397623168562,0.30533790588378906
1997,6320.505,1785.436666666666,7133.666666666665,100,100,1032,1.971243699749051,6.9124677002583965,2.2397964000701904,-1785.436666666666,-0.03810780352967627,23.91437589420992,0.5122724745203467,0.006832617540460299,0.08363970588235294,1997,326.1609677534813,0.30533790588378906
1998,6323.292,1818.073333333334,7154.333333333337,100,100,1037,1.989016202507449,6.899067823850855,2.2679760456085205,-1818.073333333334,-0.01738133544431013,21.972068870768826,0.4881162643432617,0.009245231384685373,0.07529694586992264,1998,326.18119144326823,0.30533790588378906
1999,6326.063,1844.5900000000006,7014.333333333337,100,100,1034,1.9804213737134013,6.783687943262414,2.254671573638916,-1844.5900000000006,-0.014476044158286908,20.47828514435712,0.536890776718364,0.014866176538977443,0.07500000035061556,1999,326.20176943718735,0.30533790588378906
2000,6332.142,1875.9600000000005,7140.0,100,100,1035,1.9807314034551382,6.898550724637682,2.2619597911834717,-1875.9600000000005,-0.021317524725899976,25.725411891937256,0.49440821479348573,0.012763198725331356,0.0910344255321166,2000,326.22224121355066,0.30533790588378906
2001,6334.907,1934.4633333333331,7179.000000000003,100,100,1030,1.9714900975124638,6.969902912621362,2.2429511547088623,-1934.4633333333331,-0.018481699366341618,34.168537532582,0.5386234907542958,0.010713848353856626,0.078125,2001,326.0723241020398,0.30533790588378906
2002,6337.722,1808.1033333333316,6994.333333333329,100,100,1035,1.9921670523854558,6.757809983896936,2.2733652591705322,-1808.1033333333316,-0.015212703715352452,20.37440294377944,0.4695833903901717,0.027707226232022923,0.07850100275348215,2002,326.0908661819088,0.30533790588378906
2003,6340.472,1727.2433333333347,6847.666666666666,100,100,1032,1.9721366280541834,6.635335917312661,2.2415246963500977,-1727.2433333333347,-0.022952826803221422,21.083918795866126,0.5175885242574355,0.009884572468068013,0.09237132352941177,2003,326.1121319889935,0.30533790588378906
2004,6343.22,1802.1599999999985,6986.666666666671,100,100,1031,1.9654011640428528,6.776592305205306,2.2320854663848877,-1802.1599999999985,-0.030311084571568406,19.783456073087805,0.4980744903578478,0.007963000563904643,0.07635241615421631,2004,326.1333920027576,0.30533790588378906
2005,6345.985,1774.803333333334,6919.333333333334,100,100,1035,1.9728837677633058,6.685346215780999,2.247831106185913,-1774.803333333334,-0.017537448555231094,19.03511386759141,0.5323559624307296,0.014377020124811679,0.08008856983745799,2005,326.1544078000501,0.30533790588378906
2006,6348.746,1785.3666666666672,6961.999999999998,100,100,1035,1.973293043092649,6.726570048309177,2.2480671405792236,-1785.3666666666672,-0.004847115508335478,26.625431397381952,0.610864429789431,0.013932029990588917,0.08798462590750526,2006,326.1755790964657,0.30533790588378906
2007,6351.518,1852.5900000000004,6958.666666666666,100,100,1033,1.969923716514495,6.736366569861245,2.2448675632476807,-1852.5900000000004,-0.012458833044066149,24.679524589987363,0.6092000060221728,0.006638555725872079,0.06444035952582079,2007,326.1959069801493,0.30533790588378906
2008,6354.236,1944.5033333333326,7120.0,100,100,1028,1.9341952329164493,6.926070038910506,2.200350284576416,-1944.5033333333326,0.03529112709357458,34.73484168333166,0.6702182783800013,0.004008814377491088,0.0661764705882353,2008,326.21813646512976,0.30533790588378906
2009,6356.954,1715.4933333333338,6855.999999999999,100,100,1033,1.9331604098298902,6.636979670861567,2.198335886001587,-1715.4933333333338,-0.005809154580621158,21.260226726531982,0.5938068751026603,0.006081015179755495,0.08558006540817373,2009,326.2411693532378,0.30533790588378906
2010,6362.794,1809.053333333334,6906.000000000002,100,100,1033,1.9346871232976353,6.685382381413361,2.203967571258545,-1809.053333333334,-0.015188291312797982,25.29581650565652,0.5354301850585377,0.01633368895101525,0.08328227129052668,2010,326.26261288791846,0.30533790588378906
2011,6365.527,1766.1899999999982,6974.666666666664,100,100,1040,1.9206426925778102,6.706410256410254,2.201861619949341,-1766.1899999999982,-0.017136584309970632,21.487294169033277,0.5344683010788525,0.024356377564425415,0.09604779411764706,2011,326.12745337248083,0.30533790588378906
2012,6368.242,1796.8266666666664,6996.000000000001,100,100,1036,1.924318919370929,6.752895752895753,2.2000463008880615,-1796.8266666666664,-0.01884918407920529,19.625435268177707,0.5884968559531605,0.006172351450111498,0.06847426492501707,2012,326.15106309299637,0.30533790588378906
2013,6370.944,1739.2000000000003,6775.999999999999,100,100,1028,1.9307043761239615,6.591439688715952,2.1876938343048096,-1739.2000000000003,0.01597976577742135,21.39234239914838,0.5724198572775897,0.00863408881431336,0.07077205882352941,2013,326.1741314423649,0.30533790588378906
2014,6373.687,1746.9966666666667,6902.0,100,100,1033,1.946930685878478,6.681510164569216,2.2164146900177,-1746.9966666666667,-0.026796162895420018,19.417375003590305,0.5679984460858738,0.003986410639139221,0.07266135623349863,2014,326.1958337263543,0.30533790588378906
2015,6376.411,1743.5800000000006,6970.666666666667,100,100,1028,1.948526073070533,6.780804150453956,2.207897424697876,-1743.5800000000006,-0.014759028823498417,25.982813554651596,0.5803959904348149,0.009339933858855683,0.06525735294117647,2015,326.2177549840882,0.30533790588378906
2016,6379.149,1838.9266666666672,6928.0,100,100,1031,1.942412609213676,6.719689621726479,2.2110681533813477,-1838.9266666666672,-0.036524055361309475,24.661604236153995,0.5426342995727763,0.010127982336973004,0.06433823529411764,2016,326.23929821547165,0.30533790588378906
2017,6382.001,1785.6633333333334,6932.666666666668,100,100,1031,2.0411405443628503,6.724215971548659,2.313082695007324,-1785.6633333333334,-0.026202076443416232,26.5514419780058,0.5581533010391628,0.020348363576511687,0.07405462203656926,2017,326.2550225114673,0.30533790588378906
2018,6385.094,1788.34,6901.66666666667,100,100,1039,2.2465937439920567,6.642605068976583,2.5438575744628906,-1788.34,-0.027779956813901663,17.986576304716223,0.5481381986071082,0.009070707320728722,0.08091299082426463,2018,326.259735737362,0.30533790588378906
2019,6388.372,1816.3899999999996,7026.000000000001,100,100,1042,2.42039280020294,6.742802303262957,2.7335753440856934,-1816.3899999999996,-0.0076114582445691616,22.34297861772425,0.5759681279168409,0.01561974868287935,0.06837214058374658,2019,326.25542415146464,0.30533790588378906
2020,6395.076,1799.753333333333,6957.333333333334,100,100,1034,2.3979339446886883,6.728562217923921,2.6891679763793945,-1799.753333333333,-0.018559423713561368,27.335038297316608,0.6038916479138767,0.014939268961932291,0.07380514723413131,2020,326.251818690291,0.30533790588378906
2021,6398.259,1861.0033333333338,6985.333333333334,100,100,1034,2.3068700179843162,6.755641521598969,2.5984630584716797,-1861.0033333333338,-0.022577301873003736,32.28588306202608,0.5309300799580181,0.021379169213640338,0.07968750004382695,2021,326.07446930996343,0.30533790588378906
2022,6401.506,1758.533333333334,6910.999999999999,100,100,1034,2.4132477773697523,6.68375241779497,2.7040863037109375,-1758.533333333334,-0.024052284877089894,22.571531576268814,0.5486195446813807,0.0011613283080377562,0.07371323533794459,2022,326.0706080061109,0.30533790588378906
2023,6404.648,1887.783333333333,7053.333333333333,100,100,1036,2.3068682429727714,6.808236808236808,2.6040096282958984,-1887.783333333333,-0.015086789889370693,22.21871732263004,0.4991051651099149,0.013862578342120875,0.08670343151863884,2023,326.0724772446808,0.30533790588378906
2024,6407.637,1746.5533333333346,6979.000000000002,100,100,1035,2.1718135261053337,6.7429951690821275,2.4552981853485107,-1746.5533333333346,-0.010416694478515317,27.701716114492978,0.4774011592654621,0.01654335389406804,0.0846841580727521,2024,326.08183599780745,0.30533790588378906
2025,6410.709,1795.0466666666666,7073.333333333329,100,100,1036,2.2389453663409804,6.827541827541824,2.527218818664551,-1795.0466666666666,-0.009778885609086822,19.93171153349035,0.46922876904992494,0.013732432511032504,0.06709558823529412,2025,326.0871981219038,0.30533790588378906
2026,6413.627,1734.3866666666677,7025.999999999999,100,100,1034,2.1078748540904164,6.794970986460347,2.382534980773926,-1734.3866666666677,-0.03596877021824613,27.74767760669484,0.4875217465793385,0.009182563126908945,0.07279411769088577,2026,326.1000398345714,0.30533790588378906
2027,6416.62,1781.82,6865.333333333329,100,100,1033,2.1545326223169585,6.646014843497899,2.4349138736724854,-1781.82,-0.010263912270174307,20.771204163046445,0.4861498014891849,0.014090596116147935,0.08415032682173393,2027,326.10892800632615,0.30533790588378906
2028,6419.675,1786.7666666666669,6941.999999999998,100,100,1031,2.241777302652135,6.733268671193015,2.518071174621582,-1786.7666666666669,-0.022816808565574533,28.656788994284238,0.4897788390517235,0.0115167344269781,0.07037815144833397,2028,326.1143648087336,0.30533790588378906
2029,6422.708,1726.2966666666666,6851.333333333334,100,100,1038,2.2040561642560585,6.600513808606295,2.494297742843628,-1726.2966666666666,-0.03295587337411502,19.860183547524844,0.4838183259262758,0.016511841252555743,0.08160451690063757,2029,326.12192488060606,0.30533790588378906
2030,6429.066,1686.723333333333,6833.666666666666,100,100,1031,2.0860433568328864,6.628192693178144,2.3543143272399902,-1686.723333333333,-0.02329323670881636,20.483612284940833,0.4439891024547465,0.01722509284873548,0.07681197497774572,2030,326.134634364256,0.30533790588378906
2031,6432.138,1815.1666666666656,6926.000000000003,100,100,1030,2.2503076675031517,6.724271844660197,2.527958869934082,-1815.1666666666656,-0.01668593002592816,24.826035219080307,0.4495079363970196,0.015235816327142803,0.0883884806843365,2031,325.96422124703724,0.30533790588378906
2032,6435.077,1880.8466666666666,7012.333333333329,100,100,1030,2.1347473802732178,6.808090614886727,2.4095029830932617,-1880.8466666666666,-0.013770481845473541,30.97879701502183,0.45559460976544547,0.006902459772605011,0.07337622563628589,2032,325.97544746756415,0.30533790588378906
2033,6437.998,1686.8866666666654,6761.999999999996,100,100,1037,2.1003895839308044,6.520732883317258,2.38444185256958,-1686.8866666666654,-0.0020270480719559334,22.834476050208597,0.4591042741256602,0.0214641217060168,0.06013150469345205,2033,325.98860295362635,0.30533790588378906
2034,6441.025,1694.8666666666672,6668.666666666668,100,100,1035,2.2007807740572716,6.44315619967794,2.4894657135009766,-1694.8666666666672,-0.017356676104314187,18.96917901319616,0.4923224589403938,0.020521953880019924,0.08668950550696429,2034,325.9960719634611,0.30533790588378906
2035,6444.029,1817.21,7036.999999999998,100,100,1035,2.167718646067064,6.799033816425119,2.4552114009857178,-1817.21,-0.028801325434709295,24.17926092708812,0.4374501494800343,0.009249594031750937,0.08146724630804623,2035,326.0047564469479,0.30533790588378906
2036,6447.144,1750.2766666666669,6964.000000000003,100,100,1030,2.297010581637507,6.761165048543692,2.5714433193206787,-1750.2766666666669,-0.044855510487275964,17.49676221959731,0.46380478494307575,0.013058117710683933,0.07781862774316002,2036,326.00697335178666,0.30533790588378906
2037,6450.351,1828.7133333333338,6908.6666666666715,100,100,1029,2.3758571442900873,6.71396177518627,2.6547491550445557,-1828.7133333333338,-0.007063741631367628,21.542460665983313,0.47581396734013276,0.00707578650840065,0.07766544117647059,2037,326.0044206991303,0.30533790588378906
2038,6453.451,1825.9033333333336,6898.666666666665,100,100,1030,2.268725629213257,6.697734627831713,2.5467593669891357,-1825.9033333333336,-0.017173551296924845,26.009768766515396,0.5034294636810527,0.016280125306152245,0.0696997550480506,2038,326.00745631562256,0.30533790588378906
2039,6456.472,1773.2333333333333,7010.666666666664,100,100,1032,2.1844729648040278,6.793281653746767,2.462982654571533,-1773.2333333333333,-0.010965630466885427,25.184147217694452,0.5107878876083037,0.006906578618594829,0.078125,2039,326.0147501819283,0.30533790588378906
2040,6463.369,1747.7800000000007,6938.000000000001,100,100,1034,2.3225174060071563,6.709864603481626,2.6112349033355713,-1747.7800000000007,-0.028932272237451637,26.753309474271887,0.4959176743731779,0.005931024062995087,0.08079044126412448,2040,326.01543697129125,0.30533790588378906
2041,6466.437,1811.6566666666663,7167.666666666668,100,100,1033,2.2294422068848614,6.938689899967732,2.5113892555236816,-1811.6566666666663,0.00026067236767095676,27.6483954261331,0.47877830354606404,0.013712710283203599,0.09293300658464432,2041,325.8319689099684,0.30533790588378906
2042,6469.444,1808.9699999999982,6888.999999999999,100,100,1027,2.1816358336826975,6.707887049659201,2.4499497413635254,-1808.9699999999982,0.006776723736787543,25.60017136966481,0.4779033892075805,0.013124198948550174,0.09114583362551297,2042,325.8393484260629,0.30533790588378906
2043,6472.346,1884.8500000000004,7027.66666666667,100,100,1034,2.0909201162615054,6.796582849774342,2.372790813446045,-1884.8500000000004,-0.011635836432961857,26.367764977847827,0.5242668670766494,0.013999843504279852,0.08097426483736318,2043,325.852966687279,0.30533790588378906
2044,6475.098,1809.1000000000006,6954.999999999996,100,100,1033,1.9504359115495744,6.732817037754111,2.2227964401245117,-1809.1000000000006,-0.007917508003575838,21.292660965639,0.49297846240155835,0.019361079232219386,0.06944444446879275,2044,325.8739981806034,0.30533790588378906
2045,6477.843,1841.0766666666666,7007.000000000002,100,100,1031,1.9596351138302546,6.796314258001941,2.2276954650878906,-1841.0766666666666,-0.003870906527428066,24.575927650227268,0.5027764553532881,0.018941144582212847,0.09388130289666793,2045,325.8950780106368,0.30533790588378906
2046,6480.613,1783.1700000000014,6968.000000000002,100,100,1032,1.9676208311318268,6.751937984496125,2.234980583190918,-1783.1700000000014,-0.01856246486525325,21.285253580878763,0.47186556721434875,0.01825646185042227,0.0818014705882353,2046,325.9149859579002,0.30533790588378906
2047,6483.375,1690.3000000000002,6870.000000000001,100,100,1030,1.9581617485704714,6.66990291262136,2.2202718257904053,-1690.3000000000002,-0.010502727017464006,18.78647133883308,0.46305428007069754,0.017485190662281477,0.07889093151863884,2047,325.9350077141975,0.30533790588378906
2048,6486.153,1723.036666666667,6940.000000000002,100,100,1037,1.9651456121283448,6.692381870781101,2.2415931224823,-1723.036666666667,-0.01626213941284839,20.554931051590863,0.4390508830547333,0.009117618490777472,0.07709983056958984,2048,325.95537255999466,0.30533790588378906
2049,6488.896,1767.8266666666666,6886.333333333335,100,100,1033,1.9588235227908626,6.666343981929656,2.2281875610351562,-1767.8266666666666,-0.02477258306873195,22.00164253571454,0.4772680138840395,0.008744754321763621,0.07679738564526334,2049,325.9767245209458,0.30533790588378906
2050,6494.812,1655.08,6853.000000000003,100,100,1031,1.9559805993050352,6.646944713870032,2.2167751789093018,-1655.08,-0.02545057927422664,24.871510533725512,0.4821560321485295,0.015306035289540887,0.08232668086009867,2050,325.9974870096226,0.30533790588378906
2051,6497.58,1756.8666666666663,6930.999999999998,100,100,1033,1.9630938016702235,6.709583736689253,2.2331881523132324,-1756.8666666666663,-0.0250366638031076,23.376915539012234,0.44850816533846016,0.013968604226487087,0.08379289244904238,2051,325.85869950281204,0.30533790588378906
2052,6500.322,1758.58,6793.000000000002,100,100,1030,1.9522712630382513,6.595145631067963,2.2157514095306396,-1758.58,-0.014468480832874775,17.763534601996927,0.45499612215687246,0.014529573720852462,0.07015931387158002,2052,325.8797059320771,0.30533790588378906
2053,6503.307,1767.966666666667,6990.0,100,100,1034,2.1472922637761434,6.7601547388781436,2.4285547733306885,-1767.966666666667,-0.02038145361139494,23.673072141759537,0.4563423158491359,0.014115387748461217,0.081985294161474,2053,325.88913391357715,0.30533790588378906
2054,6506.414,1728.1133333333337,6915.666666666668,100,100,1036,2.2681085914229566,6.675353925353926,2.5563530921936035,-1728.1133333333337,-0.030410497148028192,19.668889859143427,0.4822132902986863,0.019553102621370378,0.07092524517108412,2054,325.8927280052877,0.30533790588378906
2055,6509.703,1778.796666666667,6967.999999999998,100,100,1040,2.4149243282198976,6.699999999999998,2.7232048511505127,-1778.796666666667,-0.01488021931008381,27.581872743718765,0.4502379701418035,0.017930044142036316,0.07352941176470588,2055,325.8878875864239,0.30533790588378906
2056,6512.713,1784.7033333333325,6948.666666666662,100,100,1031,2.200121532788701,6.7397348852246965,2.4740092754364014,-1784.7033333333325,-0.008887031718212016,23.92624551408431,0.4408216055701761,0.02903816958560663,0.08922006321303985,2056,325.8955052506928,0.30533790588378906
2057,6515.744,1737.3066666666678,7009.000000000002,100,100,1036,2.199635232581207,6.765444015444017,2.487217426300049,-1737.3066666666678,-0.003753703142351964,19.514069641337674,0.4422137640854892,0.011726530549554703,0.0618872550480506,2057,325.90293088954996,0.30533790588378906
2058,6518.876,1775.5300000000002,6870.999999999999,100,100,1034,2.291424855872686,6.6450676982591865,2.577861785888672,-1775.5300000000002,-0.012784284375169697,23.084289578830493,0.42012422663324017,0.015201302854727735,0.06957720592617989,2058,325.9049478641414,0.30533790588378906
2059,6522.092,1768.1666666666677,6988.66666666667,100,100,1039,2.351206066369243,6.7263394289380845,2.6536927223205566,-1768.1666666666677,-0.02544514859533485,24.18412996740902,0.3919907948550056,0.009871447404079577,0.09148284376544111,2059,325.9035456005183,0.30533790588378906
2060,6528.604,1770.046666666666,7005.666666666668,100,100,1036,2.2056873521001643,6.762226512226514,2.492871046066284,-1770.046666666666,-0.011827269404688302,20.966033458709717,0.4119020586504656,0.0069391034981783695,0.0700061275240253,2060,325.9106768199484,0.30533790588378906
2061,6531.609,1848.1099999999992,7020.000000000002,100,100,1032,2.186380621508782,6.80232558139535,2.4710445404052734,-1848.1099999999992,-0.017582661198342547,20.14733345368329,0.4569118224522647,0.011845208163482739,0.078125,2061,325.7453250224029,0.30533790588378906
2062,6534.424,1737.416666666667,6888.666666666671,100,100,1037,2.014025554542314,6.64288010286082,2.293613910675049,-1737.416666666667,-0.023089631953660178,20.32051683874691,0.41206974317045775,0.02610754146350219,0.0877403846996672,2062,325.76370285729075,0.30533790588378906
2063,6537.279,1811.4533333333338,6984.999999999997,100,100,1042,2.0299136257442627,6.703454894433778,2.3224356174468994,-1811.4533333333338,-0.012433864943244877,19.580553924336154,0.4503372451838325,0.024211287847720087,0.08711192811674931,2063,325.78077826712877,0.30533790588378906
2064,6540.123,1773.276666666667,6945.666666666671,100,100,1042,2.014991073179168,6.665706973768398,2.307274580001831,-1773.276666666667,-0.019192580571945977,19.12501079895917,0.4445867319317425,0.021445157280301348,0.0834865196443656,2064,325.79846838102605,0.30533790588378906
2065,6542.93,1738.0066666666653,6970.666666666663,100,100,1043,1.9970698002413316,6.683285394694788,2.288753032684326,-1738.0066666666653,-0.009345706826185478,21.960994748508227,0.4413634775316014,0.015408938038436806,0.07846362231408849,2065,325.8181065294026,0.30533790588378906
2066,6545.763,1749.6633333333332,6846.000000000003,100,100,1037,2.0080489907350856,6.601735776277727,2.2902750968933105,-1749.6633333333332,-0.01909798989072442,19.25075401979334,0.43708126685198617,0.004308360231602017,0.08501838235294118,2066,325.83551212940154,0.30533790588378906
2067,6548.562,1822.1199999999994,7003.666666666667,100,100,1034,2.001444488940346,6.77337201805287,2.277092456817627,-1822.1199999999994,0.0004895075279123642,23.035770219915054,0.4189797017504187,0.013093655206509592,0.07904411764705882,2067,325.85414988372247,0.30533790588378906
2068,6551.336,1591.74,6650.333333333331,100,100,1030,1.9918244677930348,6.4566343042071175,2.2515244483947754,-1591.74,-0.015399984412771813,24.541033464319565,0.4146502824390636,0.019552378572852296,0.06740196093040354,2068,325.87336683656946,0.30533790588378906
2069,6554.122,1661.8366666666668,6837.333333333331,100,100,1035,1.9855739125882945,6.6061191626408995,2.255998373031616,-1661.8366666666668,-0.02181167826604317,19.78139378042782,0.41510792602511015,0.020049764288534576,0.10039271414279938,2069,325.89275579982325,0.30533790588378906
2070,6560.136,1761.323333333333,6915.0,100,100,1035,2.013119419919696,6.681159420289855,2.288566827774048,-1761.323333333333,-0.018226605182623163,22.459365311790915,0.39508090518853245,0.0029812442251782425,0.07382185844814076,2070,325.91096222338535,0.30533790588378906
2071,6563.015,1708.0733333333326,6676.000000000001,100,100,1036,2.0377700757343162,6.444015444015445,2.3174636363983154,-1708.0733333333326,-0.0209589581388761,20.81279914519366,0.37988075219533024,0.015300374724628293,0.0853247550480506,2071,325.7667247352101,0.30533790588378906
2072,6565.821,1809.233333333334,7033.333333333332,100,100,1035,2.0062185522474816,6.795491143317229,2.283618927001953,-1809.233333333334,-0.01704542415545267,17.760176995221308,0.42035546022302966,0.026055461507948005,0.08184324906152837,2072,325.78514427829174,0.30533790588378906
2073,6568.613,1691.9966666666674,6874.666666666665,100,100,1033,1.988556922236701,6.655050016134235,2.2570629119873047,-1691.9966666666674,0.003009057110723327,22.538488696603213,0.3978402228916393,0.009287326117320097,0.08466094776111491,2073,325.80395798974234,0.30533790588378906
2074,6571.403,1720.8133333333335,7000.333333333339,100,100,1035,1.9959938160148292,6.763607085346222,2.26999831199646,-1720.8133333333335,-0.01461098512963337,20.156694776871625,0.36768869179136615,0.012297118609935483,0.08171791451818802,2074,325.8230924329807,0.30533790588378906
2075,6574.183,1697.323333333334,6715.333333333329,100,100,1026,1.9851648136401516,6.5451591942819976,2.239902973175049,-1697.323333333334,0.0047451314680716575,23.052367575028363,0.41471639012589173,0.011757516747285776,0.07720588235294118,2075,325.8413990451075,0.30533790588378906
2076,6576.988,1721.8666666666675,6809.333333333332,100,100,1038,1.9988577087501311,6.560051380860628,2.2825260162353516,-1721.8666666666675,-0.015968672766843262,29.16481663199032,0.39561549004386454,0.005633072975529905,0.07287289925357875,2076,325.8602465434025,0.30533790588378906
2077,6579.745,1706.5800000000008,6871.3333333333385,100,100,1035,1.9619376818168062,6.638969404186801,2.234875202178955,-1706.5800000000008,-0.009817349121851079,19.430439303903018,0.38129012111355276,0.018014742391909856,0.07896056157701156,2077,325.88103421498744,0.30533790588378906
2078,6582.563,1756.0000000000007,6847.3333333333385,100,100,1035,2.0104800023651426,6.615780998389699,2.2863597869873047,-1756.0000000000007,-0.015740501557422036,21.072204183129703,0.3990860449917176,0.02426085791290354,0.08652239336686976,2078,325.8988126159824,0.30533790588378906
2079,6585.332,1680.5099999999993,6715.666666666665,100,100,1030,1.9880380583203678,6.520064724919092,2.247119188308716,-1680.5099999999993,0.005109259201323285,21.776859199299533,0.33889985873418693,0.016887813155977604,0.0661764705882353,2079,325.91811937454827,0.30533790588378906
2080,6591.379,1694.446666666667,6792.333333333331,100,100,1031,2.00365994034821,6.588102166181699,2.2680444717407227,-1694.446666666667,-0.024125106632709503,18.513522316427792,0.36730916381758805,0.01748598928679712,0.08186712203656926,2080,325.93571898758466,0.30533790588378906
2081,6594.11,1668.6633333333332,6720.0,100,100,1029,1.9390077753973614,6.530612244897959,2.194377899169922,-1668.6633333333332,-0.018864216365139273,22.612796467893265,0.3373018577694893,0.005972647361512131,0.09025735320413814,2081,325.7966550810635,0.30533790588378906
2082,6596.833,1692.0766666666664,6862.666666666666,100,100,1032,1.9419143429204693,6.649870801033591,2.2048473358154297,-1692.0766666666664,-0.0022046299212995697,22.64080790912404,0.36095988662803874,0.03297459451235173,0.0859375,2082,325.81861634647214,0.30533790588378906
2083,6599.556,1706.1766666666663,6891.666666666665,100,100,1032,1.9288453487354482,6.677971576227389,2.1905972957611084,-1706.1766666666663,-0.01836525259868187,22.75199892941643,0.3294784054160118,0.016413892352241364,0.07904411764705882,2083,325.8405428801435,0.30533790588378906
2084,6602.285,1772.4066666666665,6973.333333333334,100,100,1034,1.9356522265987424,6.744036105738234,2.2065861225128174,-1772.4066666666665,-0.01841771142447696,19.470548293169806,0.32303627799539003,0.02823400182301959,0.08529411782236661,2084,325.86247472834725,0.30533790588378906
2085,6605.039,1778.9566666666674,7065.333333333333,100,100,1038,1.9384446046503552,6.806679511881824,2.2201626300811768,-1778.9566666666674,-0.021727826008025336,25.80323606378892,0.3216075708760935,0.014110744776724674,0.0744485294117647,2085,325.8837621076823,0.30533790588378906
2086,6607.835,1799.8266666666668,6991.0,100,100,1033,1.971649077458583,6.767666989351404,2.2442526817321777,-1799.8266666666668,-0.03556868061423302,26.133509663974536,0.3591854594209615,0.006184164201840758,0.08195465715492473,2086,325.90219623171157,0.30533790588378906
2087,6610.561,1801.6633333333336,6943.666666666662,100,100,1027,1.943607983735282,6.761116520610187,2.2004551887512207,-1801.6633333333336,-0.03253634613664711,22.636518513455112,0.32468166903537865,0.009631209111402687,0.06571691176470588,2087,325.92315089037487,0.30533790588378906
2088,6613.267,1698.703333333332,6755.666666666667,100,100,1032,1.9079982556895418,6.546188630490956,2.170783519744873,-1698.703333333332,-0.011724269839332384,20.489781379699707,0.3243175530258347,0.02536133274107295,0.07858455882352941,2088,325.9458451082773,0.30533790588378906
2089,6616.004,1780.0633333333335,7011.666666666667,100,100,1039,1.9384479281045246,6.7484760988129615,2.2183048725128174,-1780.0633333333335,-0.011483213535564788,25.706077042747946,0.3363981825463912,0.01579122127933421,0.09319852971855332,2089,325.9681298337005,0.30533790588378906
2090,6622.142,1675.9599999999998,6714.333333333334,100,100,1034,1.9335525156074425,6.493552546744037,2.2031495571136475,-1675.9599999999998,-0.008922134471290252,15.691373530556174,0.31692521493224535,0.016018693657208455,0.07536764705882353,2090,325.9902493587637,0.30533790588378906
2091,6625.369,1659.9966666666662,6757.666666666665,100,100,1038,2.3779268783646383,6.510276172125882,2.673325777053833,-1659.9966666666662,-0.014602043775512892,17.74059346142937,0.3518328977858319,0.007429333516697893,0.06945903380127515,2091,325.82003710986993,0.30533790588378906
2092,6628.47,1651.7466666666674,6812.000000000004,100,100,1035,2.2557038648485923,6.581642512077298,2.538865804672241,-1651.7466666666674,-0.02068993032855146,15.450606654672061,0.31185780903872323,0.02717391448780237,0.07261029411764706,2092,325.8237742791795,0.30533790588378906
2093,6631.538,1668.963333333334,6644.333333333335,100,100,1029,2.2412962105986822,6.457078069322969,2.5086052417755127,-1668.963333333334,0.004971862167996519,25.170533769270953,0.31285963996368293,0.015274842321078348,0.08759191194001366,2093,325.8281643294646,0.30533790588378906
2094,6634.727,1768.7933333333337,6828.999999999996,100,100,1039,2.3373371488535715,6.572666025024058,2.639709711074829,-1768.7933333333337,-0.014536629595300731,16.719405763289508,0.33222706966540394,0.019937493085094234,0.0841299023698358,2094,325.82821238922827,0.30533790588378906
2095,6637.879,1688.1433333333327,6778.666666666666,100,100,1040,2.285752596239595,6.517948717948717,2.5868594646453857,-1688.1433333333327,-0.014922130743370336,18.179693698883057,0.33030562453410206,0.01420970180633423,0.08318014705882353,2095,325.83015726741394,0.30533790588378906
2096,6640.861,1804.4000000000005,6965.333333333335,100,100,1032,2.1409341074344015,6.74935400516796,2.420210361480713,-1804.4000000000005,0.0008239018566468183,35.24416920718025,0.332257223479888,0.019370253112249297,0.08088235294117647,2096,325.8392121846145,0.30533790588378906
2097,6643.964,1845.7966666666655,7100.999999999995,100,100,1030,2.227442912436407,6.894174757281549,2.503803253173828,-1845.7966666666655,-0.031289182274657136,22.48815644488615,0.3306889915291001,0.02521783814025933,0.09099264705882353,2097,325.84208207755944,0.30533790588378906
2098,6647.147,1771.9499999999994,6960.666666666666,100,100,1032,2.3431951548297736,6.744832041343669,2.6255106925964355,-1771.9499999999994,-0.000496103976141004,22.755073266870834,0.3249007919255425,0.012737973233657506,0.08363970588235294,2098,325.8413151488473,0.30533790588378906
2099,6650.34,1762.9000000000005,6913.666666666668,100,100,1028,2.370346692691517,6.725356679636836,2.6451821327209473,-1762.9000000000005,-0.04293922712916837,29.039552884943344,0.3410419273902388,0.01044943941044895,0.06571691176470588,2099,325.83942770958924,0.30533790588378906
2100,6656.401,1803.7266666666658,6990.999999999999,100,100,1033,2.0114675710574588,6.767666989351403,2.2857041358947754,-1803.7266666666658,-0.016738455961732304,23.98976572822122,0.34685317514573827,0.008122337276718634,0.07771650329232216,2100,325.8563180770047,0.30533790588378906
2101,6659.173,1731.3566666666675,6936.333333333337,100,100,1036,1.954534071615383,6.695302445302448,2.227863311767578,-1731.3566666666675,-0.01822116176652558,21.424309225643384,0.379335979328436,0.01353549279669738,0.07766544139560531,2101,325.7179425852554,0.30533790588378906
2102,6661.951,1778.3266666666668,6989.333333333331,100,100,1038,1.9757367994883932,6.733461785484905,2.257272243499756,-1778.3266666666668,-0.014381197911194143,18.26795240009532,0.38359428416280184,0.017163598591543955,0.07497373968362808,2102,325.7379021440612,0.30533790588378906
2103,6664.726,1815.7399999999989,7019.666666666668,100,100,1033,1.9631951607606895,6.795417876734431,2.2371463775634766,-1815.7399999999989,-0.03068079793935313,27.551088108735925,0.3578401484033641,0.019240582255673978,0.06985294117647059,2103,325.75734529671263,0.30533790588378906
2104,6667.495,1787.2300000000005,6967.333333333331,100,100,1033,1.969255179609465,6.744756373023554,2.2420852184295654,-1787.2300000000005,-0.0028777180568260305,18.625502951004925,0.3727056533098221,0.02730157504351262,0.07730800658464432,2104,325.77691329968604,0.30533790588378906
2105,6670.246,1791.8600000000006,6915.000000000002,100,100,1031,1.9619610098711822,6.707080504364696,2.2285475730895996,-1791.8600000000006,-0.014787868925315492,19.419023808311014,0.3809090931625927,0.02220474135623697,0.07169117647058823,2105,325.79714034864486,0.30533790588378906
2106,6672.983,1651.7366666666642,6706.666666666662,100,100,1030,1.9559216483279123,6.51132686084142,2.216524124145508,-1651.7366666666642,-0.015233839807264945,22.738606256597183,0.3898375542724834,0.023004589321584824,0.0847120100961012,2106,325.817861671945,0.30533790588378906
2107,6675.762,1758.943333333334,6880.0,100,100,1034,1.9655900412217517,6.653771760154739,2.239548683166504,-1758.943333333334,-0.017085766858037782,23.387603984159583,0.37215884468134713,0.011057415655266275,0.06819852945559166,2107,325.837114231432,0.30533790588378906
2108,6678.547,1700.8233333333326,6828.333333333333,100,100,1039,1.9799567843295267,6.572024382418992,2.263087272644043,-1700.8233333333326,-0.010640944902072935,26.91832020703484,0.4105316773056984,0.01605691036264248,0.09387254912187071,2108,325.85681139418773,0.30533790588378906
2109,6681.34,1724.6033333333326,6859.666666666668,100,100,1037,1.9857542904312997,6.614914818386372,2.2638814449310303,-1724.6033333333326,-0.01528205958140247,17.076709102181827,0.4004148367573233,0.01719255234210697,0.0799278846996672,2109,325.87579976967316,0.30533790588378906
2110,6687.336,1830.036666666667,7061.666666666662,100,100,1043,1.9694171657951858,6.770533716842437,2.2616255283355713,-1830.036666666667,-0.01410929677898393,19.748008307288675,0.4158846437931061,0.0120668932384647,0.08172890872639768,2110,325.8954590331222,0.30533790588378906
2111,6690.1,1797.1633333333332,7021.666666666667,100,100,1031,1.958064693608886,6.810539928871646,2.2244820594787598,-1797.1633333333332,-0.030487893806660876,20.4183170374702,0.4175865036599776,0.01868019691284965,0.08528098814627703,2111,325.75915668744153,0.30533790588378906
2112,6692.884,1831.6433333333332,6969.0,100,100,1036,1.966600484663304,6.726833976833976,2.2457895278930664,-1831.6433333333332,-0.026049229480764446,25.575322543873508,0.4264097240041284,0.008256120795575791,0.05392156870049589,2112,325.7783903223643,0.30533790588378906
2113,6695.656,1742.6166666666684,6900.333333333338,100,100,1038,1.953511848563045,6.647719974309574,2.232374906539917,-1742.6166666666684,-0.019989527652368826,25.081816841574277,0.3911503842648338,0.026356918062768218,0.0795693279189222,2113,325.79859241529323,0.30533790588378906
2114,6698.431,1810.4833333333338,6984.000000000003,100,100,1033,1.9865213959393995,6.7608906098741555,2.25876522064209,-1810.4833333333338,-0.0032288455678259626,30.02481527889476,0.4320315429392983,0.026124056558782124,0.08869485294117647,2114,325.81779071401786,0.30533790588378906
2115,6701.195,1776.7166666666674,6869.000000000002,100,100,1031,1.9623014556964864,6.662463627546074,2.229032039642334,-1776.7166666666674,-0.03643790654399816,19.907801095177145,0.4342116240192862,0.008051233622930287,0.08935136654797722,2115,325.8372539796513,0.30533790588378906
2116,6703.951,1646.2166666666674,6731.333333333333,100,100,1027,1.9750853963268824,6.55436546575787,2.225717067718506,-1646.2166666666674,0.010916521252297303,28.009540894452265,0.4305013365605298,0.007895960951881373,0.0666360294117647,2116,325.85648734341953,0.30533790588378906
2117,6706.936,1809.05,6968.333333333337,100,100,1032,2.095667054910978,6.752260981912148,2.3782029151916504,-1809.05,-0.012289155932033764,30.043378325069654,0.5082424379446927,0.014801639389000176,0.09420955882352941,2117,325.8653398956553,0.30533790588378906
2118,6709.885,1738.1633333333334,6938.666666666668,100,100,1031,2.1121200795351345,6.730035564177175,2.385131597518921,-1738.1633333333334,-0.007527315386516207,21.53282929869259,0.4216855326119591,0.025861044804675177,0.07727153380127515,2118,325.8757961410642,0.30533790588378906
2119,6712.811,1713.433333333334,6942.333333333334,100,100,1033,2.1037947721662142,6.720555017747661,2.382772445678711,-1713.433333333334,0.006808806758593111,27.317667820874384,0.4545239508152008,0.013280082083142856,0.08006535952582079,2119,325.8876322537889,0.30533790588378906
2120,6718.655,1819.4066666666672,7011.000000000003,100,100,1031,1.9348673117107682,6.800193986420953,2.197838544845581,-1819.4066666666672,-0.015101726916755605,31.013763469808243,0.5407638725112466,0.012616172699969919,0.09525997936725616,2120,325.90859697563576,0.30533790588378906
2121,6721.386,1772.806666666667,6844.000000000001,100,100,1034,1.9381239838453237,6.618955512572534,2.210174083709717,-1772.806666666667,-0.0005352560649899876,25.026182286879596,0.5328232733642354,0.025948844507665318,0.10303308836677495,2121,325.7791264026758,0.30533790588378906
2122,6724.123,1781.3266666666664,7033.333333333332,100,100,1031,1.9388435520032994,6.821855803427092,2.2040865421295166,-1781.3266666666664,-0.0019066228586084703,22.62782066008624,0.5919715455349754,0.02066902128760429,0.07917542054372675,2122,325.79981088081485,0.30533790588378906
2123,6726.861,1741.780000000001,7028.666666666665,100,100,1038,1.939281697097003,6.771355170199099,2.2147932052612305,-1741.780000000001,-0.022969478576937142,22.117209560730878,0.5547195857062059,0.02117913241689915,0.0837053573306869,2123,325.8215168859917,0.30533790588378906
2124,6729.634,1694.8633333333328,6875.0,100,100,1034,1.9661769850946949,6.648936170212766,2.234987497329712,-1694.8633333333328,-0.010094408233485678,30.35436159021714,0.5857832317843157,0.025954096701324862,0.09862132370471954,2124,325.8408818256748,0.30533790588378906
2125,6732.397,1858.9833333333322,7073.666666666662,100,100,1037,1.9603687567095718,6.821279331404689,2.2403690814971924,-1858.9833333333322,-0.02430843819371041,28.536927223205566,0.5867305932676091,0.018748624702258146,0.07900876705260838,2125,325.8612190221084,0.30533790588378906
2126,6735.148,1809.6699999999996,6941.666666666666,100,100,1031,1.9542069831966025,6.732945360491431,2.2211267948150635,-1809.6699999999996,-0.006322795936070821,25.47436254164752,0.5902618520400104,0.013635558333001374,0.08606880289666793,2126,325.88117461063945,0.30533790588378906
2127,6737.897,1860.9266666666663,6994.999999999995,100,100,1032,1.9582366284755484,6.778100775193794,2.228638172149658,-1860.9266666666663,-0.0028399741824935466,38.18043231964111,0.5677950198159498,0.016684847572297955,0.0822610294117647,2127,325.9013756626527,0.30533790588378906
2128,6740.649,1818.8866666666668,7006.0,100,100,1033,1.9433473383138697,6.782187802516941,2.214125871658325,-1818.8866666666668,-0.01940616499632597,25.359870265511905,0.5645327287561753,0.018173651814269012,0.08471200987696648,2128,325.9216008851505,0.30533790588378906
2129,6743.703,1778.7200000000003,6795.333333333333,100,100,1035,2.2124221255993786,6.565539452495974,2.499676465988159,-1778.7200000000003,-0.02209145959247561,29.271537079530603,0.5540694524260128,0.01013841452624868,0.07536764705882353,2129,325.9274852026487,0.30533790588378906
2130,6750.675,1825.5066666666662,6993.000000000001,100,100,1029,2.2637623913660354,6.79591836734694,2.539663314819336,-1825.5066666666662,-0.015816786052549586,22.84476375579834,0.5700605450307622,0.00376528177259709,0.08722426479353625,2130,325.9301516095947,0.30533790588378906
2131,6753.834,1631.4033333333327,6669.333333333333,100,100,1033,2.3269851881125354,6.456276218134882,2.6067922115325928,-1631.4033333333327,-0.023405287907842326,22.62067413330078,0.6113205946543637,0.01413084552212454,0.09609885623349863,2131,325.74388665196574,0.30533790588378906
2132,6756.892,1755.279999999999,6758.333333333332,100,100,1031,2.222341708441479,6.555124474620109,2.500969886779785,-1755.279999999999,-0.024310836897176856,31.393195124233472,0.6111345457680085,0.01921497264137382,0.08692226909539279,2132,325.7490159129624,0.30533790588378906
2133,6760.05,1846.0333333333338,7119.666666666669,100,100,1032,2.3081594017287355,6.898901808785531,2.594132661819458,-1846.0333333333338,-0.01831582048907876,27.630873988656436,0.6402008437058505,0.024390541222494316,0.1135110294117647,2133,325.7495106907548,0.30533790588378906
2134,6763.377,1896.35,7126.000000000002,100,100,1034,2.463104449008993,6.891682785299809,2.761711359024048,-1896.35,-0.01284521259367466,30.63009208791396,0.6367406757438884,0.009620680035475422,0.09145220610148766,2134,325.74214264149924,0.30533790588378906
2135,6766.571,1906.846666666668,7051.333333333332,100,100,1036,2.3417851348716807,6.806306306306305,2.640157461166382,-1906.846666666668,-0.02443069767426042,52.55744720907772,0.6036536334192052,0.01658262378837475,0.12270220632062238,2135,325.74157056173163,0.30533790588378906
2136,6769.586,1995.1533333333325,7366.000000000002,100,100,1029,2.1878737598554427,7.158406219630711,2.4682209491729736,-1995.1533333333325,-0.028961014906492305,36.961645014145795,0.639324467848329,0.01574600630385034,0.08354779420530095,2136,325.7484406154494,0.30533790588378906
2137,6772.585,1785.9766666666674,6957.333333333336,100,100,1033,2.1706947709486926,6.7350758309132,2.450559616088867,-1785.9766666666674,-0.024933027158326963,31.479456901550293,0.5707008882480509,0.027039373382542503,0.10768995127257179,2137,325.75671716128363,0.30533790588378906
2138,6775.546,1844.210000000001,6977.333333333337,100,100,1032,2.1384730610216773,6.760981912144706,2.4194514751434326,-1844.210000000001,-0.032052157337174696,24.716190562528723,0.572966390672852,0.014333685702534722,0.08455882352941177,2138,325.76665618846044,0.30533790588378906
2139,6778.465,1824.2733333333335,6913.333333333331,100,100,1028,2.1060710117865917,6.725032425421529,2.3767611980438232,-1824.2733333333335,-0.011674776015912785,35.223751951666436,0.5907010742846657,0.027259802931974476,0.10477941176470588,2139,325.7780266369908,0.30533790588378906
2140,6785.075,1814.0266666666662,6913.666666666663,100,100,1029,2.2783260467798025,6.718820861678001,2.554128885269165,-1814.0266666666662,0.01293325106448987,33.28110487320844,0.5246507332605475,0.016026467858704135,0.07931985311648425,2140,325.7805380502657,0.30533790588378906
2141,6787.967,1841.673333333333,7127.333333333331,100,100,1029,2.0647401379763473,6.926465824425006,2.3337411880493164,-1841.673333333333,0.0038599009242127925,23.44584341610179,0.5897812922211254,0.02033766365938765,0.07628676470588236,2141,325.6251940610067,0.30533790588378906
2142,6791.0,1794.023333333334,6985.0,100,100,1040,2.1651955770301776,6.716346153846154,2.460261821746826,-1794.023333333334,-0.0117307564462809,30.385258281932156,0.5336907392039019,0.008748856318347594,0.07950367647058823,2142,325.6328986184813,0.30533790588378906
2143,6794.037,1766.86,6880.000000000001,100,100,1027,2.226508762882415,6.699123661148978,2.493896007537842,-1766.86,-0.025253401357023156,26.477895119610956,0.553016772165018,0.029885534162852254,0.09941789244904238,2143,325.6384897523543,0.30533790588378906
2144,6797.053,1849.6433333333337,7070.999999999997,100,100,1035,2.1858779679767895,6.831884057971012,2.474637746810913,-1849.6433333333337,-0.010687654892749646,24.48451866823084,0.5305077468647676,0.04481126903556287,0.09036597609519958,2144,325.64627433068324,0.30533790588378906
2145,6799.956,1737.4766666666662,6857.000000000001,100,100,1032,2.076060560129424,6.644379844961241,2.348949670791626,-1737.4766666666662,-0.021376906236743227,29.320322822122012,0.5093509712639976,0.02411136233850437,0.09191176470588236,2145,325.65904227034827,0.30533790588378906
2146,6803.058,1689.6733333333334,6779.999999999999,100,100,1032,2.261314826048261,6.569767441860464,2.5380921363830566,-1689.6733333333334,-0.0016768899581888143,32.12946476655848,0.5295641930664287,0.023906512685832295,0.09145220588235294,2146,325.66222937295987,0.30533790588378906
2147,6806.082,1930.2800000000009,7056.000000000001,100,100,1033,2.189411226811477,6.830590513068732,2.478415012359619,-1930.2800000000009,-0.012422913137604208,30.869906930362475,0.5549357743824229,0.004663601603276809,0.07460171597845414,2147,325.66929151564693,0.30533790588378906
2148,6809.2,1789.706666666667,6925.666666666666,100,100,1034,2.258899711059835,6.697936814958091,2.5437686443328857,-1789.706666666667,-0.031015638535951868,32.305618959314685,0.508472312022658,0.019848664524033666,0.10238970597000684,2148,325.6720539967555,0.30533790588378906
2149,6812.423,1839.8400000000004,7087.666666666667,100,100,1038,2.3716631968351356,6.828195247270392,2.6709487438201904,-1839.8400000000004,-0.022381060647175592,29.310935020446777,0.48545072709812837,0.0387934950139264,0.09414390825173434,2149,325.67032977883457,0.30533790588378906
2150,6819.067,1771.2233333333331,6971.666666666664,100,100,1036,2.3018166978625962,6.729407979407977,2.596931219100952,-1771.2233333333331,-0.021022254765471992,20.24661403543809,0.4663610510966357,0.014832151163478984,0.07965686281814295,2150,325.67161986361356,0.30533790588378906
2151,6822.221,1821.3933333333346,7019.666666666665,100,100,1032,2.312260851590685,6.802002583979327,2.598752737045288,-1821.3933333333346,-0.01849214650471421,22.327578095828784,0.42926761245026307,0.02953174150110606,0.12178308823529412,2151,325.5057340896671,0.30533790588378906
2152,6825.482,1838.8900000000015,6957.333333333336,100,100,1033,2.4177502418822265,6.7350758309132,2.7085869312286377,-1838.8900000000015,-0.01776203715845066,22.99257272832534,0.4899010798510383,0.014412443489110208,0.11509395456489395,2152,325.5015767728164,0.30533790588378906
2153,6828.602,1833.4166666666663,7052.666666666665,100,100,1032,2.2987812023579193,6.833979328165373,2.5821175575256348,-1833.4166666666663,-0.020005544044953937,23.918193340301514,0.47812356756013985,0.02173156036502298,0.09880514705882353,2153,325.5039637469053,0.30533790588378906
2154,6831.54,1852.5466666666669,7131.333333333336,100,100,1035,2.125801545666792,6.8901771336553965,2.4111125469207764,-1852.5466666666669,-0.03157416572246481,21.631996351129867,0.506354355636765,0.00639667221591534,0.0883606286609874,2154,325.5154560478227,0.30533790588378906
2155,6834.334,1811.426666666667,6849.666666666669,100,100,1036,1.987200097651059,6.611647361647364,2.2704124450683594,-1811.426666666667,-0.0018035299966440482,25.58028288448558,0.5038734893588459,0.019360315575100043,0.08440563740099177,2155,325.5340105235253,0.30533790588378906
2156,6837.097,1710.7633333333342,6985.66666666667,100,100,1036,1.9531558863557947,6.742921492921496,2.226330280303955,-1710.7633333333342,-0.0330010701847427,22.52846916984109,0.4879527723087984,0.021077868039034966,0.09558823529411764,2156,325.5539441469589,0.30533790588378906
2157,6839.839,1765.6366666666675,7113.333333333333,100,100,1035,1.9497434772857,6.872785829307568,2.2194859981536865,-1765.6366666666675,-0.01788055680363494,40.865638228023755,0.48055709635510163,0.03437519653850947,0.06730447884868174,2157,325.57474694785066,0.30533790588378906
2158,6842.62,1857.8166666666655,7048.33333333333,100,100,1034,1.9679918762060455,6.816569954867824,2.2448923587799072,-1857.8166666666655,-0.014985434765763143,24.15622164221371,0.5486398181494545,0.028438671882373884,0.08308823538177154,2158,325.5935385276206,0.30533790588378906
2159,6845.336,1665.3766666666666,6763.666666666665,100,100,1027,1.9435035093155162,6.585848750405711,2.1964340209960938,-1665.3766666666666,-0.02153058645918089,22.475257817436667,0.5185293537728927,0.029475424202460358,0.0925245100961012,2159,325.6143951733889,0.30533790588378906
2160,6851.305,1740.170000000001,7049.666666666666,100,100,1040,1.9434636515842822,6.778525641025641,2.2250592708587646,-1740.170000000001,-0.02008000383263125,28.248807851006003,0.5400311640080284,0.020099530095809743,0.09375,2160,325.6335398665742,0.30533790588378906
2161,6854.084,1710.3900000000006,6937.333333333332,100,100,1038,1.959893932213436,6.6833654463712255,2.2376017570495605,-1710.3900000000006,-0.01978388023288811,17.671683507807114,0.5380639337441501,0.0198439818170086,0.07425157572416698,2161,325.5020555494581,0.30533790588378906
2162,6856.804,1815.5633333333337,6942.999999999997,100,100,1026,1.9440239740827903,6.767056530214422,2.1996877193450928,-1815.5633333333337,-0.04719963768387542,28.081390240613153,0.5711582828970516,0.01248701847404899,0.08547794117647059,2162,325.52252273888644,0.30533790588378906
2163,6859.565,1814.8600000000006,6881.666666666665,100,100,1033,1.9502205233696384,6.661826395611486,2.220158576965332,-1814.8600000000006,-0.003355405676890822,22.22715565737556,0.6025033926262575,0.01831036022699931,0.07179330070229138,2163,325.5420954057591,0.30533790588378906
2164,6862.554,1739.1066666666652,6938.999999999995,100,100,1029,2.1680499504178226,6.743440233236147,2.435206174850464,-1739.1066666666652,-0.012143097324844669,21.57609041999368,0.6240599786534029,0.016908465939409593,0.11158088244059507,2164,325.55021355632135,0.30533790588378906
2165,6865.564,1748.2433333333347,6950.333333333334,100,100,1034,2.1757728236005054,6.721792392005159,2.458584785461426,-1748.2433333333347,-0.024028057692596444,23.720520243925208,0.6357182579882005,0.027737791054224706,0.10330882361706566,2165,325.55809037463746,0.30533790588378906
2166,6868.629,1752.8466666666668,6951.666666666667,100,100,1030,2.2399562132969786,6.749190938511327,2.5142064094543457,-1752.8466666666668,-0.023072823279482478,21.04055435517255,0.630977402715122,0.018127831147627577,0.08716299034216825,2166,325.5628059378193,0.30533790588378906
2167,6871.775,1649.9566666666665,6878.000000000002,100,100,1028,2.327306907608605,6.690661478599224,2.5915582180023193,-1649.9566666666665,-0.010701108888229904,29.28809104246252,0.6348296938573613,0.013880823999095489,0.06847426470588236,2167,325.56331336005843,0.30533790588378906
2168,6874.855,1737.39,6959.666666666668,100,100,1040,2.2193249977695255,6.691987179487181,2.5131618976593018,-1737.39,-0.03547808692297515,22.003427449394675,0.6545240011285333,0.011653969653279465,0.08318014705882353,2168,325.56876740761504,0.30533790588378906
2169,6877.936,1741.3400000000008,6891.33333333333,100,100,1029,2.2393692902762687,6.697116942014898,2.5102081298828125,-1741.3400000000008,-0.0074529543190318,24.19789446101469,0.6698304607587702,0.015759227845324752,0.085845588322948,2169,325.5725074664828,0.30533790588378906
2170,6884.758,1773.2233333333338,6915.333333333336,100,100,1032,2.2554672494631753,6.70090439276486,2.534534215927124,-1773.2233333333338,-0.013547610464122365,22.724301786983716,0.7011028458090389,0.017111938116346103,0.07352941176470588,2170,325.5743917237029,0.30533790588378906
2171,6887.823,1832.1533333333327,7125.666666666667,100,100,1037,2.1979945035751913,6.871423979427837,2.4889321327209473,-1832.1533333333327,-0.007056996335878092,23.301565591026755,0.6209832911982256,0.021041105261675137,0.09233597293496132,2171,325.4055952864881,0.30533790588378906
2172,6890.765,1782.263333333334,6987.333333333334,100,100,1033,2.1078694073775455,6.764117457244273,2.383780002593994,-1782.263333333334,-0.03129776780877043,18.435044400832233,0.5721042208811816,0.001016377382363905,0.08690767976291039,2172,325.4165606568589,0.30533790588378906
2173,6893.568,1793.6633333333336,6976.666666666664,100,100,1038,1.9890626220423764,6.721258831085418,2.270918369293213,-1793.6633333333336,-0.022265702266903484,19.66808894101311,0.6257564039791331,0.015474276843152064,0.08639705882352941,2173,325.4347994073983,0.30533790588378906
2174,6896.363,1752.4066666666668,6935.000000000001,100,100,1034,1.9936300773620317,6.706963249516442,2.267580270767212,-1752.4066666666668,-0.013254475067643559,20.323081381180707,0.5897796145256828,0.016935679143952095,0.08694852976238027,2174,325.45286399413806,0.30533790588378906
2175,6899.166,1716.7633333333338,6796.666666666667,100,100,1036,1.9814553099745547,6.56048906048906,2.255103826522827,-1716.7633333333338,-0.017440049963838914,20.327643170076257,0.5689882530885584,0.011037204743308179,0.09788602963089943,2175,325.4707957667553,0.30533790588378906
2176,6901.964,1770.419999999999,7012.666666666668,100,100,1035,1.9921000970410552,6.775523349436394,2.2690768241882324,-1770.419999999999,-0.03146188136409311,21.058724711923038,0.6113044566967908,0.01753332676804241,0.09266377021284665,2176,325.4887842673305,0.30533790588378906
2177,6904.792,1705.1733333333332,6763.666666666666,100,100,1038,2.010327744789364,6.516056518946692,2.294182300567627,-1705.1733333333332,-0.012901215759270331,29.049648565404556,0.5902789471780553,0.012353720636490513,0.07635241615421631,2177,325.505822564092,0.30533790588378906
2178,6907.626,1854.3533333333332,6967.999999999998,100,100,1041,1.9952029786694447,6.693563880883764,2.2877862453460693,-1854.3533333333332,-0.02411244738408748,31.088660015779382,0.6382660988499137,0.006431814519387177,0.11137543268063489,2178,325.52303328039915,0.30533790588378906
2179,6910.423,1785.2466666666671,6962.333333333338,100,100,1035,1.9931910155736954,6.72689210950081,2.2701292037963867,-1785.2466666666671,-0.002113543396048686,39.39948480269488,0.6191620774128858,0.010739291672293535,0.0886112968711292,2179,325.54105446464456,0.30533790588378906
2180,6916.467,1877.0666666666664,6992.666666666666,100,100,1034,1.9924538681775374,6.762733720180528,2.2694380283355713,-1877.0666666666664,-0.01448776466114556,29.97775160565096,0.6013524155406391,0.01035441377761719,0.08814338244059507,2180,325.5581240036535,0.30533790588378906
2181,6919.266,1841.249999999999,6978.666666666668,100,100,1035,1.979861739271541,6.7426731078905,2.2583420276641846,-1841.249999999999,-0.01707160987836473,29.461894315831803,0.6061718078220591,0.018392354619744068,0.10553141727167017,2181,325.423956178974,0.30533790588378906
2182,6922.084,1862.823333333333,7214.666666666667,100,100,1031,2.0168159077093946,6.997736825088911,2.2900302410125732,-1862.823333333333,-0.0313168222851613,33.833752407747156,0.5986402078586466,0.013673363643807961,0.1085871852496091,2182,325.4404530895484,0.30533790588378906
2183,6924.881,1787.6000000000015,6995.000000000001,100,100,1028,2.0067207193625403,6.804474708171207,2.2676048278808594,-1787.6000000000015,-0.03273130786221694,33.52933106702917,0.5865366108277265,0.013074061740874587,0.0896139705882353,2183,325.4574410900026,0.30533790588378906
2184,6927.732,1837.9733333333331,6979.333333333332,100,100,1034,2.018986844364914,6.7498388136686,2.299414873123169,-1837.9733333333331,-0.02246186465901487,34.92403529672062,0.6057710445979062,0.0066699218278860346,0.09145220588235294,2184,325.47276277970724,0.30533790588378906
2185,6930.567,1800.5666666666668,6885.333333333332,100,100,1032,2.023414632643017,6.6718346253229965,2.296787977218628,-1800.5666666666668,-0.008986677481409381,31.07070535771987,0.5596889397677254,0.007176481762572247,0.07306985294117647,2185,325.48852732500205,0.30533790588378906
2186,6933.433,1776.6066666666668,6903.333333333334,100,100,1036,2.0505871611843283,6.663449163449164,2.335716485977173,-1776.6066666666668,-0.030361950835760904,23.036550746244544,0.5714003145694733,0.005449198124765912,0.07981004916569766,2186,325.5033801898011,0.30533790588378906
2187,6936.275,1854.62,7021.333333333336,100,100,1029,2.0218829933664355,6.823453190800132,2.2915756702423096,-1854.62,0.01057533618501004,23.901928607155295,0.5334585221374736,0.005666890476063332,0.08079044126412448,2187,325.5183962429255,0.30533790588378906
2188,6939.114,1889.2333333333343,7154.666666666668,100,100,1032,2.0151636652357863,6.932816537467701,2.2921040058135986,-1889.2333333333343,-0.01766315086142105,25.480718584621656,0.5353842701982049,0.008362868745975634,0.10248161764705882,2188,325.53390970805526,0.30533790588378906
2189,6941.992,1816.2933333333328,6978.666666666667,100,100,1034,2.0449432279604776,6.749194068343005,2.3253018856048584,-1816.2933333333328,-0.017088118502322364,26.363606817582074,0.5226250527536168,0.017402039306676564,0.10376838244059507,2189,325.5479119584364,0.30533790588378906
2190,6948.176,1873.8033333333328,6995.333333333333,100,100,1032,2.036912885991777,6.778423772609819,2.3145484924316406,-1873.8033333333328,-0.021043017397032064,33.6185266270357,0.5071354017538183,0.013424874091630472,0.1130514705882353,2190,325.5630128640088,0.30533790588378906
2191,6951.002,1760.2933333333337,6929.000000000001,100,100,1030,2.022119996124354,6.727184466019418,2.290748357772827,-1760.2933333333337,0.002568171085680232,26.202369185055005,0.45232639943852143,0.02280351972919615,0.08486519622452118,2191,325.42256117617484,0.30533790588378906
2192,6953.806,1854.196666666666,6927.666666666667,100,100,1031,1.986196894464232,6.719366311024896,2.260129690170288,-1854.196666666666,-0.01907553288209088,38.96179451661951,0.42593710738069873,0.020764265199164477,0.07819065144833397,2192,325.4396201619414,0.30533790588378906
2193,6956.641,1769.4866666666667,6953.000000000002,100,100,1031,2.015544326748305,6.743937924345298,2.288745641708374,-1769.4866666666667,-0.014175687478307416,26.876203130273257,0.44617223739624023,0.016050473848522148,0.09893644995549146,2193,325.45522216004855,0.30533790588378906
2194,6959.393,1836.433333333333,7012.000000000005,100,100,1033,1.950604161892234,6.787996127783161,2.223454475402832,-1836.433333333333,-0.0036405717460986447,26.866211161893958,0.45225587969317155,0.02088722208624377,0.0920138889375855,2194,325.4749401359054,0.30533790588378906
2195,6962.163,1847.2733333333338,6874.0,100,100,1031,1.9483354046966097,6.667313288069835,2.2199628353118896,-1847.2733333333338,-0.010840382426977158,23.59481169195736,0.43431463662315817,0.01508895869312041,0.08547794117647059,2195,325.49351322308945,0.30533790588378906
2196,6964.894,1689.4099999999992,6767.333333333329,100,100,1032,1.9317824613932852,6.557493540051675,2.1975674629211426,-1689.4099999999992,-0.011658063706229715,23.149348539464615,0.38029857067500844,0.027962824220166486,0.10386029411764706,2196,325.51408771951645,0.30533790588378906
2197,6967.66,1812.0666666666666,6913.000000000005,100,100,1034,1.942520018809293,6.685686653771764,2.2198731899261475,-1812.0666666666666,-0.021062876152641633,30.77082115061143,0.42273766766576204,0.01742290989975171,0.10505514723413131,2197,325.53324027724705,0.30533790588378906
2198,6970.453,1853.0700000000018,7094.33333333334,100,100,1034,1.9873374278433764,6.861057382333985,2.268793821334839,-1853.0700000000018,-0.017043365001240197,22.198033669415643,0.44386399668805737,0.0462296184097581,0.10551470605766072,2198,325.5511638226523,0.30533790588378906
2199,6973.205,1777.073333333333,6855.333333333333,100,100,1035,1.9302954599216293,6.623510466988727,2.207301378250122,-1777.073333333333,0.005895654561326784,18.92710054621977,0.42347898641053366,0.033484331599217564,0.0910344255321166,2199,325.5711004681728,0.30533790588378906
2200,6979.097,1933.7966666666675,7151.0,100,100,1033,1.9416158746374412,6.9225556631171346,2.217440366744995,-1933.7966666666675,-0.031260937863193894,32.706451920902026,0.42102110648856444,0.03430115216521218,0.09252450987696648,2200,325.59026963238284,0.30533790588378906
2201,6982.02,1916.2733333333329,7109.666666666667,100,100,1032,2.084662303370929,6.88921188630491,2.3642852306365967,-1916.2733333333329,-0.039995121495688665,34.73206466787002,0.46112435968483195,0.03485642962486429,0.10202205882352941,2201,325.4558084690494,0.30533790588378906
2202,6985.139,1817.4599999999994,6932.666666666667,100,100,1031,2.273422112610737,6.7242159715486585,2.556422710418701,-1817.4599999999994,-0.03169592535671066,24.844499588012695,0.4552815819487852,0.026103447075001895,0.09066439113196205,2202,325.4580720122132,0.30533790588378906
2203,6988.249,1915.0166666666678,7115.0,100,100,1032,2.2561384669311937,6.89437984496124,2.543891668319702,-1915.0166666666678,-0.0052265407627119734,35.05914934943704,0.4538415065583061,0.014661818153827506,0.08731617647058823,2203,325.46093708247105,0.30533790588378906
2204,6991.171,1843.0233333333329,6926.000000000004,100,100,1028,2.0997452330848034,6.737354085603116,2.369371175765991,-1843.0233333333329,-0.06243665171239306,32.58709913141587,0.5266658909180585,0.015448597191339907,0.09558823529411764,2204,325.47195816446526,0.30533790588378906
2205,6994.132,1835.7599999999989,6933.000000000004,100,100,1031,2.121841704909203,6.724539282250246,2.3984501361846924,-1835.7599999999989,-0.0005846769165466813,31.659406255273257,0.46306285963338967,0.01768244816647733,0.07221638674245161,2205,325.48153924980073,0.30533790588378906
2206,6997.225,1762.6833333333332,7054.333333333333,100,100,1033,2.247994385514542,6.828977089383672,2.5321907997131348,-1762.6833333333332,-0.031657107585274125,26.371318662867825,0.5315695238464019,0.014927579398157404,0.06755514705882353,2206,325.4853385030744,0.30533790588378906
2207,7000.39,1823.256666666667,6940.333333333334,100,100,1041,2.2978123932080226,6.666986871597823,2.6059536933898926,-1823.256666666667,-0.02374661560444271,23.464298164143283,0.493891220758943,0.017049203222781858,0.08628892734208528,2207,325.4868457953427,0.30533790588378906
2208,7003.399,1925.956666666666,7033.0,100,100,1030,2.1548045618296827,6.828155339805825,2.434598684310913,-1925.956666666666,-0.008565771119559513,27.179869259105008,0.5099174099809983,0.02339152031002895,0.09635416681275648,2208,325.49409187448094,0.30533790588378906
2209,7006.411,1819.6633333333332,6919.666666666664,100,100,1033,2.1594928355305116,6.698612455630847,2.443732261657715,-1819.6633333333332,-0.0272124693455065,28.133628242156085,0.5324055534951827,0.013817535446244566,0.10069444446879275,2209,325.50159809528964,0.30533790588378906
2210,7012.819,1893.126666666666,7050.666666666662,100,100,1029,2.2084888240975937,6.851959831551664,2.487328052520752,-1893.126666666666,-0.038739213062559855,35.0997576713562,0.4689929353840211,0.017852749853559276,0.10330882361706566,2210,325.5060572929705,0.30533790588378906
2211,7015.694,1834.2700000000011,6980.666666666667,100,100,1036,2.005842953927556,6.738095238095238,2.289292335510254,-1834.2700000000011,-0.007375373395488542,26.426347564248477,0.48084788287387176,0.01990977396353093,0.08639705904266413,2211,325.36523139592464,0.30533790588378906
2212,7018.479,1820.4866666666667,7086.333333333334,100,100,1035,1.974440096868517,6.84669887278583,2.2529001235961914,-1820.4866666666667,-0.008511453099987087,22.693332952611588,0.45980936990064736,0.018586001201423213,0.09312332903637606,2212,325.38362044356916,0.30533790588378906
2213,7021.237,1751.7999999999997,6835.999999999998,100,100,1032,1.9603181199907043,6.624031007751936,2.2283904552459717,-1751.7999999999997,-0.036295284078839946,28.94619058160221,0.5055804673363181,0.012555775268564877,0.11626838235294118,2213,325.4027877174102,0.30533790588378906
2214,7024.02,1861.93,7059.333333333333,100,100,1035,1.972856040670568,6.82061191626409,2.252361297607422,-1861.93,-0.0017676154589828324,26.308415609247543,0.4497705579680555,0.024058545850600827,0.11526570863583509,2214,325.42121113515566,0.30533790588378906
2215,7026.797,1795.346666666666,6972.333333333335,100,100,1037,1.9713343303424298,6.723561555769851,2.251692771911621,-1795.346666666666,-0.02467892154612962,23.225749688989975,0.4953397635151358,0.02175295652876444,0.1023048646748066,2215,325.44014734560704,0.30533790588378906
2216,7029.626,1928.5333333333308,7106.666666666667,100,100,1034,1.999608029469999,6.872985170857511,2.282158374786377,-1928.5333333333308,-0.028299513327724794,30.668640052571018,0.4908580183982849,0.009782856378211257,0.07601102945559166,2216,325.45629031421777,0.30533790588378906
2217,7032.397,1779.6633333333345,6982.666666666665,100,100,1032,1.9726595911738831,6.766149870801032,2.2430012226104736,-1779.6633333333345,-0.006403172059970743,23.41080446804271,0.5194888930110371,0.00933317857219235,0.08455882352941177,2217,325.4748552968177,0.30533790588378906
2218,7035.187,1767.06,6961.666666666669,100,100,1031,1.968062465724099,6.752344002586487,2.2335124015808105,-1767.06,-0.0061696248457712285,26.30246925354004,0.5134580301887849,0.014386251799912904,0.08363970588235294,2218,325.4922909998132,0.30533790588378906
2219,7037.973,1889.6599999999996,7013.333333333331,100,100,1036,1.9748652501986452,6.769626769626767,2.2571678161621094,-1889.6599999999996,-0.025090009028859,22.455229871413287,0.4883451602038215,0.019553624387994847,0.08884803928873118,2219,325.5106045793091,0.30533790588378906
2220,7043.975,1782.236666666667,6884.333333333332,100,100,1034,1.9724782366247946,6.6579626047711145,2.246324300765991,-1782.236666666667,0.003484212245573016,27.391447516048657,0.5049721686279073,0.015808392658500987,0.09108455895501025,2220,325.52845027268097,0.30533790588378906
2221,7046.798,1780.7766666666676,6939.333333333331,100,100,1031,1.9956476252235176,6.73068218558034,2.265172243118286,-1780.7766666666676,-0.008662859416183303,24.978931090411017,0.5132034491090214,0.018623397822546607,0.09480042054372675,2221,325.3960300388264,0.30533790588378906
2222,7049.645,1790.3866666666643,6836.666666666666,100,100,1033,2.013639303732083,6.618263956114875,2.2907555103302,-1790.3866666666643,-0.0039030672872767728,22.975563722498276,0.48749277258620544,0.010177961156895274,0.08185253270408686,2222,325.41112352789,0.30533790588378906
2223,7052.43,1760.699999999999,6909.999999999995,100,100,1033,1.9798091006900715,6.689254598257498,2.2539286613464355,-1760.699999999999,-0.01600767551537822,23.64617936751422,0.5038932982613059,0.01690731361261843,0.08006535952582079,2223,325.42909390093786,0.30533790588378906
2224,7055.23,1814.4033333333325,6962.999999999997,100,100,1029,1.9815844490235368,6.766763848396499,2.2471954822540283,-1814.4033333333325,-0.03689111358321765,20.847354047438678,0.5463149766711628,0.021439690036726567,0.10137867664589602,2224,325.44578633832583,0.30533790588378906
2225,7058.112,1765.2833333333335,6847.666666666669,100,100,1034,2.055248645732334,6.622501611863316,2.3335421085357666,-1765.2833333333335,0.007990915328264236,22.388266507317038,0.6015658518847298,0.0058554603978443675,0.09917279420530095,2225,325.4594303420243,0.30533790588378906
2226,7060.956,1859.0800000000008,6915.666666666666,100,100,1030,2.028011165003211,6.714239482200647,2.3022677898406982,-1859.0800000000008,-0.02756852623732651,37.252075027017035,0.5630425249829012,0.002181011621895082,0.08808210798922707,2226,325.4741826235704,0.30533790588378906
2227,7063.78,1839.1833333333336,6997.999999999998,100,100,1031,1.9905707075339167,6.787584869059164,2.262066125869751,-1839.1833333333336,-0.033393641440745664,20.624878771164838,0.5869783627636292,0.004500099800198394,0.10024947497774572,2227,325.4900432552897,0.30533790588378906
2228,7066.593,1892.0599999999984,7105.666666666664,100,100,1032,1.9788844974543682,6.885335917312659,2.252976894378662,-1892.0599999999984,-0.016267759232398343,26.045115919674146,0.5604687578537885,0.007970891454640557,0.07950367647058823,2228,325.5065247696662,0.30533790588378906
2229,7069.404,1932.9033333333332,7144.999999999999,100,100,1040,1.9803769227179986,6.870192307692307,2.274272918701172,-1932.9033333333332,-0.00837904992787277,29.28848160014433,0.5543823917122448,0.010383375040392447,0.07674632352941177,2229,325.5242102727211,0.30533790588378906
2230,7075.356,1871.0966666666677,7006.666666666669,100,100,1028,1.9712613808110733,6.815823605706877,2.2371878623962402,-1871.0966666666677,-0.014439304797526668,34.909544720369226,0.5620273215805783,0.004119383917628404,0.07352941176470588,2230,325.5413876265962,0.30533790588378906
2231,7078.103,1762.9033333333352,6992.000000000002,100,100,1033,1.9311298170403757,6.768635043562441,2.199744939804077,-1762.9033333333352,-0.02258322618025191,22.290877622716568,0.5938413476242739,0.020190001718754715,0.09191176470588236,2231,325.4153066125546,0.30533790588378906
2232,7080.849,1800.0300000000007,7033.333333333333,100,100,1030,1.946631941076332,6.828478964401294,2.212559461593628,-1800.0300000000007,-0.003861162208897226,25.39319610595703,0.5589483310194576,0.016114702009979415,0.10983455926179886,2232,325.43457997675375,0.30533790588378906
2233,7083.613,1787.0366666666678,6871.333333333334,100,100,1033,1.9448347537781023,6.651823168764118,2.2178544998168945,-1787.0366666666678,-0.015265743124901372,24.642273398006665,0.6158471633406246,0.009234164245700574,0.06949550658464432,2233,325.45342919594884,0.30533790588378906
2234,7086.356,1889.7899999999995,7005.0,100,100,1031,1.940791271911495,6.794374393792435,2.213228464126587,-1889.7899999999995,-0.030444094692082965,29.730788735782397,0.5951383201514974,0.007011582129908835,0.07451418086009867,2234,325.47291111554165,0.30533790588378906
2235,7089.172,1849.1166666666663,7069.666666666667,100,100,1034,1.9842393621324959,6.837201805286912,2.2627599239349365,-1849.1166666666663,-0.024865275248885155,25.497161893283618,0.5841384863152224,0.022121600306812015,0.09779411773471271,2235,325.4894829771153,0.30533790588378906
2236,7091.916,1900.563333333333,7019.999999999997,100,100,1029,1.943830322868854,6.82215743440233,2.2142598628997803,-1900.563333333333,0.014096893917988329,28.7352930728127,0.5796199511079227,0.019966551098417874,0.08869485294117647,2236,325.50864768950345,0.30533790588378906
2237,7094.672,1832.1400000000006,6992.333333333333,100,100,1032,1.9380631788936986,6.775516795865633,2.208451271057129,-1832.1400000000006,-0.013624660670757294,29.22628085753497,0.5792534088387209,0.011901367962469949,0.09558823529411764,2237,325.527685797457,0.30533790588378906
2238,7097.409,1923.5466666666662,7052.666666666669,100,100,1028,1.9402568091969965,6.860570687418939,2.2093091011047363,-1923.5466666666662,-0.022387340993565673,37.44448633754955,0.5143712802844889,-0.004079039201743025,0.10110294117647059,2238,325.54697064874625,0.30533790588378906
2239,7100.182,1807.7799999999997,6957.333333333336,100,100,1032,1.9618423442201067,6.741602067183464,2.23309326171875,-1807.7799999999997,-0.02534979149041807,27.084450188805075,0.5039251569439384,0.027934791068272555,0.10064338235294118,2239,325.56515995815533,0.30533790588378906
2240,7106.875,1867.7500000000023,7043.333333333337,100,100,1032,2.355576550038423,6.824935400516799,2.6453988552093506,-1867.7500000000023,-0.014602340100442661,24.43435635286219,0.5102176959900295,0.023506269954583225,0.1135110294117647,2240,325.5629841447585,0.30533790588378906
2241,7109.913,1824.1966666666663,7103.33333333333,100,100,1033,2.171786447796729,6.8764117457244245,2.4537551403045654,-1824.1966666666663,-0.023264669320162606,22.304245051215677,0.5854106711990693,0.01607583136544289,0.10677083340637825,2241,325.4100307822508,0.30533790588378906
2242,7113.209,1731.0300000000009,6803.000000000007,100,100,1034,2.407531915556791,6.579303675048363,2.6986427307128906,-1731.0300000000009,-0.03237384365981116,21.69109285579008,0.5149759071714738,0.02186477419180686,0.10009191185235977,2242,325.4046194472186,0.30533790588378906
2243,7116.409,1881.679999999999,7040.666666666666,100,100,1032,2.3588589127509416,6.82235142118863,2.6487338542938232,-1881.679999999999,-0.023612048148232347,23.411354850320254,0.4954709463259753,0.01519019455094274,0.13556985294117646,2243,325.40328756728866,0.30533790588378906
2244,7119.458,1835.8633333333337,6929.000000000003,100,100,1030,2.1862689300566838,6.72718446601942,2.4667060375213623,-1835.8633333333337,-0.030024395351681638,28.94082024518181,0.46800220100318685,-0.0066267882288871885,0.09221813740099177,2244,325.4086171829449,0.30533790588378906
2245,7122.502,1746.2833333333338,6699.333333333329,100,100,1030,2.195154853816171,6.504207119741096,2.471076488494873,-1746.2833333333338,-0.003211510422475198,28.45831004311057,0.48967576815801506,0.01955956654787502,0.10661764705882353,2245,325.41421919908026,0.30533790588378906
2246,7125.707,1778.0233333333338,6856.666666666668,100,100,1031,2.3594251217340436,6.650501131587457,2.641786575317383,-1778.0233333333338,-0.016238908262868577,21.07640344956342,0.4991533405640546,0.010430537239538835,0.10950630289666793,2246,325.4124660453663,0.30533790588378906
2247,7128.95,1811.7066666666665,7020.000000000002,100,100,1031,2.3947070788810705,6.808923375363726,2.6813533306121826,-1811.7066666666665,-0.021981842665220883,23.69407924483804,0.48391349263050976,0.005758864565423745,0.12880777348490322,2247,325.4090751492595,0.30533790588378906
2248,7132.052,1762.1233333333328,6890.0,100,100,1033,2.2493322345627416,6.669893514036786,2.5324628353118896,-1762.1233333333328,-0.03959461318000274,20.939050730536966,0.466655457721037,0.02138926471610937,0.12055759811226059,2248,325.41236182990383,0.30533790588378906
2249,7135.171,1794.056666666667,6930.666666666668,100,100,1033,2.2636200370093933,6.709261051952244,2.550692081451416,-1794.056666666667,-0.032351397854440356,24.006495195276596,0.48492605020018187,-0.0032575811081401564,0.1017156863475547,2249,325.41492576435496,0.30533790588378906
2250,7141.442,1699.7933333333326,6825.333333333331,100,100,1028,2.0496375492551087,6.639429312581061,2.3087563514709473,-1699.7933333333326,-0.03674735397319583,24.535873356987448,0.4265173156471813,0.017193599610918146,0.09650735294117647,2250,325.42853296427273,0.30533790588378906
2251,7144.573,1825.4833333333345,6966.666666666664,100,100,1036,2.267253474587697,6.724581724581722,2.5588395595550537,-1825.4833333333345,-0.025301782660843694,25.256611992331113,0.44000493603594165,0.023635239556075677,0.12055759811226059,2251,325.27554514532915,0.30533790588378906
2252,7147.626,1812.2233333333324,7080.666666666664,100,100,1031,2.2252429684101958,6.86776592305205,2.5009989738464355,-1812.2233333333324,0.01181794166126672,24.201765733606674,0.44441275999826546,0.01355483875651022,0.12171743897830739,2252,325.280850365589,0.30533790588378906
2253,7150.525,1843.8433333333337,7210.999999999998,100,100,1034,2.069675142478695,6.973887814313344,2.3503258228302,-1843.8433333333337,-0.022583011044737172,29.292407316320084,0.43640416597618775,0.036867571357802,0.0974264705882353,2253,325.2935788370081,0.30533790588378906
2254,7153.455,1774.67,6884.666666666666,100,100,1030,2.1067571839842114,6.684142394822006,2.375170946121216,-1774.67,0.005372405545238186,25.666783445021686,0.4387807320146,0.020786762167357236,0.11090686303727768,2254,325.3043486342406,0.30533790588378906
2255,7156.567,1846.0966666666668,7085.0,100,100,1040,2.2408093293331777,6.8125,2.5422890186309814,-1846.0966666666668,-0.016352531801470938,23.67102031146779,0.4559161443920696,0.0538078837288434,0.12591911764705882,2255,325.30819721959244,0.30533790588378906
2256,7159.646,1677.4999999999993,6827.000000000002,100,100,1035,2.250742222798835,6.596135265700485,2.534198522567749,-1677.4999999999993,-0.01753123433274381,31.317996922661276,0.4204132162472781,0.03503424236687886,0.10323362315402311,2256,325.31289311092877,0.30533790588378906
2257,7162.772,1816.546666666665,7055.33333333333,100,100,1040,2.261037979377971,6.783974358974356,2.561840772628784,-1816.546666666665,-0.006600121364873999,25.635476729449103,0.46803104702164144,0.016965486300999626,0.11259191176470588,2257,325.3161377402088,0.30533790588378906
2258,7165.997,1755.3766666666672,6939.000000000004,100,100,1031,2.3528020355848653,6.730358874878762,2.6367640495300293,-1755.3766666666672,-0.006229925955481389,23.519401830785416,0.4587589467273039,0.018033082887995988,0.1160057783126831,2258,325.3135720064997,0.30533790588378906
2259,7168.998,1722.4633333333331,6948.666666666668,100,100,1035,2.1522030891211714,6.713687600644124,2.4344282150268555,-1722.4633333333331,-0.020998543566640687,26.673983714159796,0.44421995212050047,0.01565881710335174,0.10285762040054097,2259,325.32180614444775,0.30533790588378906
2260,7175.789,1808.4633333333338,6952.666666666669,100,100,1037,2.200445033975391,6.704596592735457,2.4927830696105957,-1808.4633333333338,-0.018372750950648505,25.430711970609778,0.5446521026246688,0.01522034327910446,0.1371959851068609,2260,325.3276897381775,0.30533790588378906
2261,7179.027,1858.6266666666654,7075.333333333335,100,100,1039,2.343865735115729,6.80975296759705,2.648934841156006,-1858.6266666666654,-0.018619998960810548,26.903576177709244,0.49617753221708183,0.02243749555953614,0.11893382383620038,2261,325.15649913873125,0.30533790588378906
2262,7182.104,1810.996666666666,7040.66666666667,100,100,1041,2.2170439974908556,6.763368555875763,2.520482063293457,-1810.996666666666,-0.003783512257916086,19.22154474258423,0.5226977721733206,0.019578260828412193,0.06606833910679116,2262,325.1620783553562,0.30533790588378906
2263,7185.152,1746.6100000000013,6905.333333333338,100,100,1036,2.2011056010212218,6.665379665379669,2.489382266998291,-1746.6100000000013,-0.038878761341466624,21.800589084625244,0.5114925223238328,0.02411780197529451,0.10585171575931941,2263,325.1683397049935,0.30533790588378906
2264,7188.375,1785.1,7013.333333333331,100,100,1037,2.3466654757501173,6.763098682095787,2.642833948135376,-1785.1,-0.01472648260567118,24.353349124684055,0.5438922608599943,0.010817418268689996,0.06886312234051087,2264,325.1667955257148,0.30533790588378906
2265,7191.474,1773.4633333333325,6885.9999999999945,100,100,1032,2.2647490307766325,6.672480620155033,2.546419620513916,-1773.4633333333325,-0.025794560336233938,17.342575073242188,0.5669978664201849,0.023113908290671295,0.06801470588235294,2265,325.17017643046506,0.30533790588378906
2266,7194.279,1731.913333333333,6890.333333333334,100,100,1025,2.0142464396521085,6.722276422764228,2.269991159439087,-1731.913333333333,-0.09946845970390474,18.753110381829387,0.5233813800013569,0.014227800441029318,0.10431985294117647,2266,325.1859331605727,0.30533790588378906
2267,7197.078,1646.8133333333346,6717.999999999997,100,100,1029,1.9876740509019648,6.528668610301261,2.248297691345215,-1646.8133333333346,-0.025262647171450013,20.48662452136769,0.5078338621293798,0.045693150995408785,0.09816176488119013,2267,325.2023815569377,0.30533790588378906
2268,7199.872,1664.463333333334,6680.333333333336,100,100,1032,1.9808847831910505,6.473191214470287,2.245069980621338,-1664.463333333334,-0.008017746046842897,23.476772953482236,0.47466839565073743,0.011142450912088594,0.08088235294117647,2268,325.219539833955,0.30533790588378906
2269,7202.664,1729.6933333333332,6913.666666666665,100,100,1030,1.9752530103043011,6.71229773462783,2.2391903400421143,-1729.6933333333332,-0.021608630030909005,20.09301184205448,0.4842431843280792,0.02525484627660583,0.06632965715492473,2269,325.23647204416704,0.30533790588378906
2270,7208.694,1833.393333333332,7130.333333333334,100,100,1035,1.9900838613897058,6.889210950080516,2.2681405544281006,-1833.393333333332,-0.00663672508124043,18.554988692788516,0.47073397478636575,0.025802115649532747,0.08255347609519958,2270,325.2537227520578,0.30533790588378906
2271,7211.487,1699.446666666667,6801.333333333333,100,100,1029,1.995265888764303,6.609653385163589,2.255765438079834,-1699.446666666667,-0.013501608251210521,24.385503628674677,0.47032508692320657,0.01562223955988884,0.0660845589111833,2271,325.12477766625915,0.30533790588378906
2272,7214.283,1698.0766666666677,6767.333333333337,100,100,1034,1.9894534810013866,6.544809800128952,2.262037515640259,-1698.0766666666677,-0.03776423320831621,19.43294084773344,0.5423245596535066,0.023474851338987184,0.07711397067588918,2272,325.14206534111116,0.30533790588378906
2273,7217.109,1694.0533333333328,6707.666666666668,100,100,1036,1.9993311795226252,6.474581724581726,2.2771005630493164,-1694.0533333333328,-0.014000541037496398,20.184428776011746,0.48068346696741443,0.03164337979465285,0.06878063740099177,2273,325.15831138382805,0.30533790588378906
2274,7219.952,1814.1966666666674,7042.333333333338,100,100,1040,2.0026780783574885,6.771474358974363,2.291304349899292,-1814.1966666666674,-0.00883825750583235,20.386140879462747,0.4815611471148098,0.031894089017227734,0.08685661764705882,2274,325.17433675297127,0.30533790588378906
2275,7223.03,1779.3699999999992,6983.33333333333,100,100,1036,2.204307625348892,6.740669240669238,2.491560459136963,-1779.3699999999992,-0.019508197136661586,21.504915826460895,0.5196163566673503,0.03170348475139369,0.09727328445981531,2275,325.1791766364107,0.30533790588378906
2276,7226.189,1830.0700000000006,7016.666666666669,100,100,1035,2.2875859895901045,6.7793880837359115,2.5799167156219482,-1830.0700000000006,-0.01309559291557354,29.452059240902173,0.5370078086853027,0.008904756307054092,0.09149398435564603,2276,325.18028302945123,0.30533790588378906
2277,7229.192,1708.6933333333334,6838.333333333333,100,100,1035,2.164456424087394,6.607085346215781,2.444885730743408,-1708.6933333333334,-0.019337634665562826,24.301463211283963,0.4980170682949178,-0.0013038573430522399,0.06546624355456408,2277,325.1883472133246,0.30533790588378906
2278,7232.262,1765.49,6867.333333333335,100,100,1030,2.2281557281989857,6.667313915857607,2.5044710636138916,-1765.49,-0.0415280757143217,24.43633446973913,0.4993187741321676,0.007893492679988198,0.09681372607455534,2278,325.1927334408419,0.30533790588378906
2279,7235.437,1671.3533333333314,6588.999999999999,100,100,1030,2.323289902867225,6.397087378640776,2.5998473167419434,-1671.3533333333314,-0.017873987391152802,24.1870997653288,0.5401510903063942,0.01751291616100763,0.08425245127257179,2279,325.19236585360414,0.30533790588378906
2280,7241.977,1826.85,7196.666666666669,100,100,1036,2.2350273169909736,6.946589446589448,2.528743028640747,-1826.85,-0.015094358419232509,21.427652387058032,0.5552563868901309,0.01631335385472459,0.08394607857746236,2280,325.1958953628652,0.30533790588378906
2281,7245.112,1837.6000000000006,7065.000000000001,100,100,1037,2.2702067511168775,6.8129218900675035,2.5683681964874268,-1837.6000000000006,-0.024316157433478272,21.523268699645996,0.547603107550565,0.026395836577969876,0.11064762468723689,2281,325.0442358915075,0.30533790588378906
2282,7248.253,1766.8666666666666,6865.666666666667,100,100,1028,2.3071723733077385,6.6786640726329445,2.5791144371032715,-1766.8666666666666,-0.025770270649124596,16.21395967988407,0.5524351982509389,0.00943286408095018,0.07123161764705882,2282,325.0452728392472,0.30533790588378906
2283,7251.291,1780.02,6883.333333333334,100,100,1031,2.2023741014041622,6.676365987714194,2.4789209365844727,-1780.02,-0.013115074540324071,20.02655169543098,0.5202673419433481,0.014117188320276053,0.06893382352941177,2283,325.0512831151067,0.30533790588378906
2284,7254.151,1739.8500000000004,6832.333333333329,100,100,1034,2.0269658604530507,6.607672469374593,2.303788900375366,-1739.8500000000004,-0.013537833521909574,26.18845754511216,0.47304904285599203,0.02228346894673236,0.08079044126412448,2284,325.0656268249923,0.30533790588378906
2285,7256.997,1784.8266666666657,6816.666666666663,100,100,1031,2.036154316918912,6.6117038473973455,2.308345079421997,-1784.8266666666657,-0.034256992259008044,19.71905504955965,0.49397942423820496,0.010887958335361499,0.10090598858454648,2285,325.08018486150917,0.30533790588378906
2286,7259.851,1760.786666666666,6994.0,100,100,1040,2.011948270396365,6.725,2.298948287963867,-1760.786666666666,-0.0209862233742195,26.6910239387961,0.44871330787153807,0.02673018439535928,0.08455882352941177,2286,325.09564429869545,0.30533790588378906
2287,7262.69,1724.0266666666669,6803.666666666665,100,100,1040,1.9984211508507053,6.541987179487178,2.2837395668029785,-1724.0266666666669,-0.014599044560728705,17.532240979811725,0.46482963246457715,0.02174288933576249,0.06204044117647059,2287,325.11175500106947,0.30533790588378906
2288,7265.484,1772.5300000000007,6868.333333333333,100,100,1033,1.9911454959176589,6.64891900613101,2.2623114585876465,-1772.5300000000007,-0.03437859712935546,23.74017914603738,0.46994296855786266,0.012286595712580225,0.07868668305523255,2288,325.1289288576167,0.30533790588378906
2289,7268.292,1786.9166666666652,6963.333333333332,100,100,1034,1.9905672172657296,6.734364925854287,2.2663824558258057,-1786.9166666666652,-0.019619116011787865,20.513455166536218,0.4761588126420975,0.002688069434096927,0.06792279420530095,2289,325.14557356037676,0.30533790588378906
2290,7274.372,1692.5733333333326,6830.000000000002,100,100,1037,2.017048604718141,6.586306653809066,2.2968242168426514,-1692.5733333333326,-0.029807476491174278,30.418416528140796,0.46281728674383726,0.029144356395323378,0.07890271526925705,2290,325.16079615301913,0.30533790588378906
2291,7277.223,1743.183333333334,6863.66666666667,100,100,1037,2.014415815298373,6.618772099003539,2.295755386352539,-1743.183333333334,-0.011906676761367741,20.470051512998694,0.4246891780811198,0.03448069945101023,0.09827488704639323,2291,325.03152331000416,0.30533790588378906
2292,7280.042,1844.2099999999984,6950.666666666661,100,100,1028,2.0163568083952446,6.761348897535662,2.2826716899871826,-1844.2099999999984,-0.018096897586741868,28.090925875832053,0.43213072547908216,0.05271543078261482,0.09466911764705882,2292,325.0468817781229,0.30533790588378906
2293,7282.908,1789.3500000000004,6938.333333333331,100,100,1035,2.044769084409491,6.7037037037037015,2.3261120319366455,-1789.3500000000004,0.005375064471188714,27.57309122646556,0.4017149227506974,0.03138457003104336,0.08752506708397585,2293,325.0610833941204,0.30533790588378906
2294,7285.788,1603.2033333333331,6800.666666666666,100,100,1031,2.02970397688004,6.596184933721306,2.2948315143585205,-1603.2033333333331,-0.01959711526904036,26.60200724882238,0.4406643974430421,0.03839096317396445,0.09992121905088425,2294,325.0741006459288,0.30533790588378906
2295,7288.67,1785.41,6845.666666666666,100,100,1040,2.0323303856107837,6.582371794871794,2.3242762088775635,-1785.41,-0.020275609403410378,25.736100309035358,0.39567465466611523,0.006889315308345591,0.08363970588235294,2295,325.0882691153749,0.30533790588378906
2296,7291.499,1774.7233333333322,7012.0,100,100,1034,2.0107099608737955,6.781431334622824,2.2883546352386475,-1774.7233333333322,-0.012188529814867413,18.657607078552246,0.38898563385009766,0.025438434553935248,0.08667279429295484,2296,325.10393199200115,0.30533790588378906
2297,7294.321,1688.5233333333335,6766.0,100,100,1029,2.02378668628662,6.575315840621963,2.284792900085449,-1688.5233333333335,-0.017789895920192495,21.327129139619714,0.3521508237018305,0.029558149943648672,0.07472426488119013,2297,325.1192075526609,0.30533790588378906
2298,7297.189,1789.9166666666654,6864.666666666671,100,100,1038,2.0289184002525142,6.6133590237636515,2.3156485557556152,-1789.9166666666654,-0.003069042830782778,21.03436352224911,0.4271077938816127,0.017656747534227392,0.06834296268575332,2298,325.1336802110576,0.30533790588378906
2299,7300.088,1727.1266666666668,6851.333333333334,100,100,1040,2.0525591355041026,6.587820512820514,2.3484435081481934,-1727.1266666666668,-0.0026188301853835583,21.896930666530835,0.41783305739655213,0.022788671762956417,0.06295955882352941,2299,325.1470223724856,0.30533790588378906
2300,7306.26,1762.2566666666671,6896.999999999998,100,100,1031,2.043200874358784,6.689621726479145,2.313852310180664,-1762.2566666666671,-0.0023739515043630756,23.872700186336743,0.4657958447933197,0.024395897107965806,0.07681197497774572,2300,325.1613416308006,0.30533790588378906
2301,7309.128,1838.1333333333332,6945.0,100,100,1035,2.040357104219172,6.7101449275362315,2.3245849609375,-1838.1333333333332,-0.012175692026229465,27.083651206072638,0.42860041690223355,0.00068635939661523,0.10047627021284665,2301,325.02757320301515,0.30533790588378906
2302,7311.965,1762.0366666666666,6837.333333333338,100,100,1035,2.00069942050456,6.606119162640906,2.278609037399292,-1762.0366666666666,-0.02882326755891828,19.677277705248663,0.4225424571948893,0.019020433123360443,0.08660594943691702,2302,325.04301585250585,0.30533790588378906
2303,7314.78,1868.8933333333343,6976.33333333333,100,100,1036,1.985771331170207,6.733912483912481,2.2707250118255615,-1868.8933333333343,0.0005385891041334937,36.3020476733937,0.4562360464650042,0.015255609513534343,0.08149509811226059,2303,325.0595254873079,0.30533790588378906
2304,7317.546,1749.2700000000011,6891.6666666666715,100,100,1035,1.9421070558806333,6.658615136876011,2.2156882286071777,-1749.2700000000011,-0.016551246209179655,17.03876989028033,0.4463743961909238,0.017118462710641325,0.09019886395510505,2304,325.07809470086636,0.30533790588378906
2305,7320.319,1764.283333333333,6843.3333333333285,100,100,1030,1.9641756305009923,6.644012944983814,2.2310965061187744,-1764.283333333333,-0.010064450037830016,27.299616364871753,0.4485195550848456,0.012941055560505073,0.09114583362551297,2305,325.09567391770037,0.30533790588378906
2306,7323.112,1890.2466666666667,7052.999999999995,100,100,1033,1.9652601163554846,6.82768635043562,2.24167537689209,-1890.2466666666667,-0.020877834299907964,26.272212505340576,0.4755411113009733,0.008919118783738026,0.09574142164167236,2306,325.11275962820963,0.30533790588378906
2307,7325.884,1693.4133333333332,6865.9999999999945,100,100,1033,1.9649925457118917,6.646660212971921,2.2341275215148926,-1693.4133333333332,0.002602651167441817,29.11768613142126,0.49108946761664224,0.007287410344681977,0.08236315364346784,2307,325.13074173901435,0.30533790588378906
2308,7328.729,1827.1499999999987,6946.6666666666615,100,100,1032,1.9791605618381656,6.731266149870796,2.255464553833008,-1827.1499999999987,-0.011105537195416057,21.069489422966452,0.47423411292188306,0.008141954607494613,0.0896139705882353,2308,325.1453246384476,0.30533790588378906
2309,7331.505,1882.4400000000005,6954.333333333336,100,100,1030,1.9680060189696553,6.751779935275083,2.240381956100464,-1882.4400000000005,-0.0201953520779224,49.494971107034125,0.5019016020438251,0.01597254284356228,0.08624387269510943,2309,325.16268386741785,0.30533790588378906
2310,7337.408,1854.5966666666668,6958.999999999996,100,100,1028,1.9537783068186216,6.769455252918284,2.2193586826324463,-1854.5966666666668,0.005973307087140924,37.92309441285975,0.5294854071210412,0.02106838989044156,0.1056985294117647,2310,325.1804706835289,0.30533790588378906
2311,7340.161,1821.3700000000013,6947.33333333333,100,100,1028,1.9370632312724418,6.758106355382617,2.1999075412750244,-1821.3700000000013,0.012884813415653566,26.91683359707103,0.5355113122393104,0.014472945853519966,0.09191176470588236,2311,325.0593592828874,0.30533790588378906
2312,7343.157,1786.1900000000005,6950.6666666666715,100,100,1033,2.1459315585681136,6.728622136172964,2.4259746074676514,-1786.1900000000005,-0.015726944924715686,32.27320197049309,0.5566803427303538,0.01936738778535715,0.09063521246699725,2312,325.06740978466314,0.30533790588378906
2313,7346.098,1872.1833333333332,6927.33333333333,100,100,1031,2.0969234736433937,6.719043000323308,2.3745548725128174,-1872.1833333333332,-0.011451883844154723,43.72619763542624,0.542479586075334,0.020795423249878427,0.10891544117647059,2313,325.07761434943006,0.30533790588378906
2314,7349.176,1834.3900000000003,6986.333333333333,100,100,1035,2.2194658918981105,6.750080515297906,2.510423421859741,-1834.3900000000003,-0.023215278763981426,28.79052515590892,0.5462536864420947,0.00913067695492988,0.10728609649574056,2314,325.0822935218586,0.30533790588378906
2315,7352.316,1845.1133333333346,7026.66666666667,100,100,1031,2.290665667511299,6.815389589395412,2.5741262435913086,-1845.1133333333346,-0.022484874243245405,36.516281464520624,0.543839660637519,0.022545835557941568,0.10773371905088425,2315,325.08368758936297,0.30533790588378906
2316,7355.382,1697.9166666666663,6791.3333333333285,100,100,1033,2.208984027696018,6.574378831881248,2.487936019897461,-1697.9166666666663,-0.027638726675992504,29.47423755421358,0.5777799241683063,0.021811331697630092,0.12336601316928864,2316,325.08864219370804,0.30533790588378906
2317,7358.368,1855.1899999999994,7029.333333333336,100,100,1031,2.1190321050127237,6.817976075008085,2.3974881172180176,-1855.1899999999994,-0.014391666771296193,31.559581490123975,0.47883064343648796,0.016616139930727726,0.09617909701431498,2317,325.09686662176796,0.30533790588378906
2318,7361.455,1880.0299999999997,6981.000000000003,100,100,1033,2.2117916730368674,6.7579864472410485,2.5009498596191406,-1880.0299999999997,-0.02780466910232516,31.08647626989028,0.48037638559060936,0.01866207955754362,0.11540032682173393,2318,325.10083303839775,0.30533790588378906
2319,7364.562,1675.8433333333332,6741.666666666666,100,100,1028,2.255706032189986,6.558041504539559,2.5242276191711426,-1675.8433333333332,-0.048112701734199244,38.524968708262726,0.48159205382056397,0.008705963380634785,0.1052389705882353,2319,325.1032435224664,0.30533790588378906
2320,7370.964,1849.3700000000013,6900.999999999998,100,100,1034,2.1974367478671457,6.6740812379110235,2.4892947673797607,-1849.3700000000013,0.0037431106628740534,37.58074597751393,0.5282474633525399,0.013968782492584604,0.08327205895501025,2320,325.1087660615643,0.30533790588378906
2321,7373.781,1893.8000000000006,7016.0,100,100,1031,1.9695688666645745,6.805043646944714,2.2429473400115967,-1893.8000000000006,0.0009343353483606787,20.838027393116672,0.5240270723314846,0.031516344197477925,0.11869747936725616,2321,324.9768510426008,0.30533790588378906
2322,7376.573,1740.8466666666666,6839.666666666669,100,100,1031,1.97794908130583,6.634012285806662,2.2448618412017822,-1740.8466666666666,-0.0038304372745401718,22.87236603568582,0.5051955992684645,0.01792096601018463,0.10622373968362808,2322,324.99358525715627,0.30533790588378906
2323,7379.368,1893.6466666666668,7037.999999999999,100,100,1034,1.9810973880299128,6.806576402321082,2.2598564624786377,-1893.6466666666668,-0.011020362431950429,19.377546618966495,0.5485022734193241,0.015487307347083354,0.09163602945559166,2323,325.0106323422598,0.30533790588378906
2324,7382.171,1799.2600000000007,6969.000000000004,100,100,1036,1.9773718143380012,6.72683397683398,2.257739782333374,-1799.2600000000007,-0.007749704041463488,24.34044989417581,0.5909541915444767,0.018076991347376916,0.10968137313337888,2324,325.0275620091583,0.30533790588378906
2325,7384.969,1701.9233333333334,6847.0,100,100,1035,1.9909157512196596,6.615458937198068,2.2661406993865967,-1701.9233333333334,-0.02070911042392254,26.065263635971966,0.5761366083341486,0.021947378251592025,0.13515207259094014,2325,325.0445381587427,0.30533790588378906
2326,7387.766,1847.0866666666666,7046.666666666669,100,100,1035,1.9774801959396129,6.8083735909822884,2.2569098472595215,-1847.0866666666666,-0.021270328091786188,23.93790609696332,0.679410201661727,0.014546132043880574,0.10803810200270485,2326,325.0615923039887,0.30533790588378906
2327,7390.579,1776.666666666668,6926.333333333333,100,100,1029,2.0040677349237894,6.731130547457078,2.27038836479187,-1776.666666666668,-0.041614956934662425,23.69455936375786,0.5860351306550643,0.007162860005765277,0.12968750035061555,2327,325.07712190274054,0.30533790588378906
2328,7393.384,1794.3966666666677,6882.666666666666,100,100,1035,1.990090338355785,6.649919484702092,2.2681539058685303,-1794.3966666666677,-0.023550362216637415,26.572765771080466,0.6109002241316963,0.029383944135214037,0.09136864981230568,2328,325.09380569967294,0.30533790588378906
2329,7396.195,1775.3866666666665,7006.000000000002,100,100,1033,1.9931187784472355,6.782187802516943,2.2639920711517334,-1775.3866666666665,-0.00532292908824542,29.59467882268569,0.5537831721936955,0.01158461278057931,0.08823529411764706,2329,325.1098493910525,0.30533790588378906
2330,7402.209,1753.0466666666675,6980.333333333337,100,100,1035,1.9754425137740186,6.744283413848635,2.2500569820404053,-1753.0466666666675,-0.008234117125325343,21.482937504263486,0.6056617042597603,0.01006234301637639,0.08393215256578782,2330,325.1274255963607,0.30533790588378906
2331,7405.04,1797.5666666666668,7092.000000000004,100,100,1038,1.9945457608211132,6.832369942196535,2.2808682918548584,-1797.5666666666668,-0.0225077894899775,30.576979524949017,0.5971833747975966,0.030804313085836303,0.11521796268575332,2331,325.0014960973997,0.30533790588378906
2332,7407.799,1799.560000000001,6949.0,100,100,1030,1.9510444654920365,6.746601941747572,2.219731569290161,-1799.560000000001,-0.048349459107746094,24.48783857682172,0.662570380989243,0.018474678289802635,0.07950367647058823,2332,325.01946653573776,0.30533790588378906
2333,7410.596,1872.7666666666662,7088.666666666669,100,100,1029,1.9710095232964446,6.888888888888891,2.237990617752075,-1872.7666666666662,-0.034208267434116674,27.851193512187283,0.6287372261285782,0.006277865052277989,0.07987132361706566,2333,325.0356581013105,0.30533790588378906
2334,7413.376,1716.8900000000006,7040.333333333338,100,100,1032,1.9766193798331673,6.822028423772614,2.2437469959259033,-1716.8900000000006,-0.023965259082615376,30.303729618296902,0.712907191585092,0.01832461709786645,0.11488970588235294,2334,325.05300320681044,0.30533790588378906
2335,7416.182,1876.0099999999998,7154.333333333335,100,100,1030,1.9820796129140026,6.945954692556636,2.2492058277130127,-1876.0099999999998,-0.024742639678366044,27.82692581064561,0.6859728553715874,-0.002486122556386844,0.0775122550480506,2335,325.06887829705056,0.30533790588378906
2336,7418.992,1718.4266666666676,7008.333333333335,100,100,1039,1.9696630394987984,6.745267885787618,2.252758026123047,-1718.4266666666676,-0.006680996321579989,22.867568380692425,0.6373299149905934,0.02850873294450781,0.07034313766395345,2336,325.08579661464603,0.30533790588378906
2337,7421.823,1812.9866666666662,6966.0,100,100,1031,2.012287291732484,6.756547041707081,2.2867817878723145,-1812.9866666666662,-0.0025887743515126847,33.204062574050006,0.6640195434584337,0.025732448605327484,0.11968224846264895,2337,325.1007264450008,0.30533790588378906
2338,7424.696,1844.4899999999989,6899.3333333333285,100,100,1033,2.0345491758346674,6.678928686673116,2.3112807273864746,-1844.4899999999989,-0.01907449127996669,30.515331604901483,0.6543427618110881,0.016074692118255532,0.1077920752851402,2338,325.11406022831545,0.30533790588378906
2339,7427.509,1738.1466666666668,6940.999999999999,100,100,1030,2.0024159225834155,6.73883495145631,2.267655611038208,-1738.1466666666668,-0.03027646755799651,23.596350529614618,0.6721654429155237,0.020493687746827218,0.09329044117647059,2339,325.1295969272665,0.30533790588378906
2340,7433.472,1850.956666666666,7106.333333333334,100,100,1027,2.0075784815917883,6.91950665368387,2.270968198776245,-1850.956666666666,-0.024712069507907417,23.10324352278429,0.6509807732175378,0.009715308572220452,0.0739889705882353,2340,325.14470371308306,0.30533790588378906
2341,7436.276,1789.8233333333303,7165.666666666658,100,100,1033,1.9848464681863396,6.936753791545652,2.258385181427002,-1789.8233333333303,-0.003926670617040466,24.823095882640164,0.6818857508547166,0.008722648832618314,0.0805759806843365,2341,325.0232965985362,0.30533790588378906
2342,7439.029,1811.8766666666668,6969.000000000002,100,100,1030,1.9296426213011868,6.7660194174757295,2.197359561920166,-1811.8766666666668,-0.004956882885273765,25.772876739501953,0.6476091269184562,0.010377727351356846,0.07215073529411764,2342,325.04147467069134,0.30533790588378906
2343,7441.784,1819.4366666666656,7038.999999999999,100,100,1034,1.9464319141994175,6.807543520309477,2.220510959625244,-1819.4366666666656,0.0014049297691706348,18.320776069865506,0.6922386095804327,0.02259829139117809,0.09678308862973661,2343,325.06007589583925,0.30533790588378906
2344,7444.548,1788.3666666666666,7042.333333333333,100,100,1034,1.9367312393475475,6.810767246937459,2.207282781600952,-1788.3666666666666,-0.011112527867012164,24.28796381108901,0.6235353271750843,0.02076866976601784,0.1121323531603112,2344,325.0783182709199,0.30533790588378906
2345,7447.309,1685.669999999999,6807.999999999997,100,100,1028,1.962975097425166,6.622568093385212,2.2202136516571045,-1685.669999999999,0.0030343381907133493,23.36868130459505,0.5779146166408763,0.014457528821795303,0.08088235294117647,2345,325.09583232863906,0.30533790588378906
2346,7450.108,1890.9800000000005,7003.666666666668,100,100,1035,1.9668114962110268,6.766827697262481,2.248537540435791,-1890.9800000000005,-0.027016455307602882,28.999675091575174,0.6279405355453491,0.0177474360954126,0.07741477296632879,2346,325.1125908752219,0.30533790588378906
2347,7452.888,1783.916666666667,6927.999999999998,100,100,1038,1.9604571281191183,6.674373795761078,2.243422508239746,-1783.916666666667,-0.01591482005246422,22.206363818224737,0.6360516293960459,0.014468728465384202,0.08022584043004934,2347,325.1306050074607,0.30533790588378906
2348,7455.658,1922.0799999999997,7123.333333333337,100,100,1031,1.9416342384184626,6.909149692854837,2.215045690536499,-1922.0799999999997,-0.002356948550133144,37.25120126499849,0.6777726587127236,0.016769127920269966,0.09375,2348,325.1481367140188,0.30533790588378906
2349,7458.409,1750.9833333333333,6856.666666666665,100,100,1033,1.941324587612046,6.637625040335591,2.2118148803710938,-1750.9833333333333,-0.03125130878213574,19.252315380994013,0.5985984784715316,0.01656201556461918,0.11744281079839258,2349,325.1666642809281,0.30533790588378906
2350,7464.931,1777.6299999999994,6876.666666666666,100,100,1033,1.9659479174606092,6.656986124556308,2.2377405166625977,-1777.6299999999994,-0.013988212600131245,20.394536775701187,0.5947457017267451,0.015169613070183378,0.09655841505702804,2350,325.1824221745081,0.30533790588378906
2351,7468.165,1760.5300000000007,6967.000000000001,100,100,1033,2.3625654424022295,6.744433688286545,2.648674249649048,-1760.5300000000007,-0.019096915117081475,21.91882660809685,0.5137775075786254,0.01822493441731614,0.12331495105343707,2351,325.01852185324657,0.30533790588378906
2352,7471.24,1778.7233333333338,6892.333333333331,100,100,1038,2.2171079954993775,6.640012845215155,2.512197971343994,-1778.7233333333338,-0.009398479124202448,21.20790484372307,0.55359606970759,0.013858861974714434,0.09480042076286148,2352,325.02373129688186,0.30533790588378906
2353,7474.25,1756.6366666666663,6926.666666666671,100,100,1032,2.165609592339024,6.711886304909565,2.443770408630371,-1756.6366666666663,-0.011879111804506359,19.042282441083124,0.4955723005182603,0.018032001259544975,0.09512867647058823,2353,325.0308617763567,0.30533790588378906
2354,7477.482,1639.9633333333334,6706.000000000001,100,100,1031,2.36583947780823,6.504364694471388,2.6461198329925537,-1639.9633333333334,-0.02637043535051977,32.23700725331026,0.4638061852139585,0.024368592311956865,0.09578519007738899,2354,325.02828233036905,0.30533790588378906
2355,7480.768,1614.5433333333347,6655.333333333335,100,100,1033,2.430447625759935,6.442723459180383,2.7188119888305664,-1614.5433333333347,-0.0056147596196216695,28.052415819729077,0.4954660368316314,0.01937306416220963,0.12101715715492473,2355,325.0235982886034,0.30533790588378906
2356,7483.835,1770.8800000000012,6870.999999999998,100,100,1035,2.2005276318081624,6.638647342995167,2.486265182495117,-1770.8800000000012,-0.00615775040076936,19.731783866882324,0.42857397216207843,0.033774347448557174,0.1069100937422584,2356,325.0286994035428,0.30533790588378906
2357,7486.847,1724.8766666666663,6957.666666666663,100,100,1033,2.156130977863913,6.735398515650206,2.435112953186035,-1724.8766666666663,-0.01242592602091677,22.20488466935999,0.5020246286602581,0.0284560727475978,0.0961499183493502,2357,325.0358824974356,0.30533790588378906
2358,7490.065,1754.986666666667,7003.333333333333,100,100,1040,2.323495864962192,6.733974358974359,2.626025438308716,-1754.986666666667,-0.01537229898659622,20.696011767667883,0.4551802330157336,0.03178270484375603,0.10845588235294118,2358,325.03510335860744,0.30533790588378906
2359,7493.051,1744.213333333334,6982.666666666666,100,100,1040,2.1243937510567217,6.714102564102563,2.4179794788360596,-1744.213333333334,-0.025437682209646,22.84567995632396,0.4454565710004638,0.012637308189261924,0.07628676470588236,2359,325.04436483669065,0.30533790588378906
2360,7499.668,1708.5633333333328,6801.666666666662,100,100,1032,2.196965018980378,6.590762273901805,2.4710898399353027,-1708.5633333333328,-0.014456132755560033,23.810101789586685,0.4803751908680972,0.023679023293559167,0.1052389705882353,2360,325.0492503017676,0.30533790588378906
2361,7502.592,1768.770000000001,6979.000000000001,100,100,1036,2.0760587829211907,6.736486486486488,2.3608322143554688,-1768.770000000001,-0.03253511602387709,25.588729297413547,0.4164128610316445,0.01852802513167262,0.1017156863475547,2361,324.9066605777673,0.30533790588378906
2362,7505.506,1852.6933333333336,7123.999999999998,100,100,1029,2.063680173869021,6.923226433430513,2.331230878829956,-1852.6933333333336,-0.024851459900245947,28.39385273877312,0.4078971366671955,0.014351630090352367,0.10174632423064288,2362,324.91761455830743,0.30533790588378906
2363,7508.645,1667.7133333333325,6874.666666666667,100,100,1038,2.2747915219973147,6.622992935131664,2.568464517593384,-1667.7133333333325,-0.024061053005211493,19.522354069878073,0.40504641918575063,0.01903272745446028,0.08646271027186338,2363,324.9200088293333,0.30533790588378906
2364,7511.736,1649.5066666666678,6808.000000000002,100,100,1038,2.2447798654584212,6.558766859344896,2.535914182662964,-1649.5066666666678,-0.01478491526316194,22.863797776839313,0.45060465441030617,0.019690916455789086,0.08140756321303985,2364,324.92451110161227,0.30533790588378906
2365,7514.587,1610.666666666667,6657.333333333334,100,100,1030,2.0370973783852624,6.463430420711974,2.2980220317840576,-1610.666666666667,-0.018288504551438725,18.88426867653342,0.4794963063562618,0.01452510298387257,0.09880514705882353,2365,324.9382771251548,0.30533790588378906
2366,7517.488,1693.1699999999983,6909.333333333335,100,100,1038,2.053994896260013,6.656390494540785,2.336732864379883,-1693.1699999999983,-0.016638357137494227,16.17360179564532,0.5373429524547914,0.028803656274891076,0.11889443305485389,2366,324.9510363869331,0.30533790588378906
2367,7520.524,1691.7233333333338,6719.666666666667,100,100,1029,2.2116839659216554,6.530288305798511,2.4808998107910156,-1691.7233333333338,-0.01318154314204174,17.122232956044815,0.49265346895245943,0.015679965572952127,0.08079044126412448,2367,324.9566164369168,0.30533790588378906
2368,7523.591,1828.1366666666675,6985.666666666662,100,100,1038,2.200516089725242,6.72992935131663,2.4972851276397705,-1828.1366666666675,0.003281160312540391,24.920132468728458,0.5095333956620273,0.014281398406156394,0.08836659701431498,2368,324.96209436219533,0.30533790588378906
2369,7526.784,1751.0733333333344,6957.333333333336,100,100,1038,2.330328805191776,6.70263326910726,2.628411293029785,-1751.0733333333344,-0.007749819717205623,20.47970895206227,0.5049030447707457,0.01486190180431175,0.08396796268575332,2369,324.9621823025956,0.30533790588378906
2370,7533.475,1739.1199999999997,6855.666666666663,100,100,1034,2.32399361612495,6.630238555770467,2.6107141971588135,-1739.1199999999997,0.006786006667158183,18.604718432706946,0.47404568773858685,0.0163212100536946,0.08492647067588918,2370,324.96126566911545,0.30533790588378906
2371,7536.613,1738.5833333333335,6838.333333333334,100,100,1032,2.276137499062005,6.626291989664083,2.5552241802215576,-1738.5833333333335,-0.030709311804350686,18.148582262151383,0.5303789701531915,0.02509365206830861,0.08731617647058823,2371,324.81254376390297,0.30533790588378906
2372,7539.824,1719.423333333334,6730.33333333333,100,100,1030,2.353972137354097,6.534304207119738,2.6342885494232178,-1719.423333333334,-0.01636887522523894,20.47302826713113,0.492001737741863,0.02081527569851674,0.09528186303727768,2372,324.81077500745465,0.30533790588378906
2373,7543.059,1676.9366666666663,6785.666666666667,100,100,1028,2.38498434021703,6.600843060959793,2.656193494796753,-1676.9366666666663,-0.015074893886990407,22.85581148371977,0.4719454199075699,0.01953424555797349,0.0900735294117647,2373,324.8077550720579,0.30533790588378906
2374,7546.13,1779.95,6979.333333333335,100,100,1037,2.2183554467054494,6.730311796849889,2.511598587036133,-1779.95,-0.023238320889718393,21.197893984177533,0.46063419650582704,0.017610109863145387,0.08314479646437309,2374,324.8129755479022,0.30533790588378906
2375,7549.249,1811.663333333334,6966.333333333335,100,100,1035,2.2509704370969446,6.730756843800323,2.539231777191162,-1811.663333333334,-0.017471116255311406,22.45674697090598,0.45724526880418553,0.025277272017453525,0.083013034918729,2375,324.8158992999848,0.30533790588378906
2376,7552.229,1750.9899999999993,6963.999999999998,100,100,1035,2.1520986469183567,6.7285024154589355,2.435929298400879,-1750.9899999999993,-0.007143033723182538,27.913957287283505,0.4856232904336032,0.019228715292068526,0.09333221964976367,2376,324.8247560533542,0.30533790588378906
2377,7555.044,1774.7933333333326,6910.3333333333285,100,100,1032,1.9921250969610111,6.696059431524543,2.2677958011627197,-1774.7933333333326,-0.035150430055663866,25.987275628482593,0.48635047761832967,0.013358809389447904,0.07261029411764706,2377,324.8403477399904,0.30533790588378906
2378,7557.821,1663.5933333333335,6774.000000000003,100,100,1035,1.9604160373913493,6.544927536231887,2.232714891433716,-1663.5933333333335,-0.015613348086309783,20.736998305601233,0.4751152606571422,0.026749172487624866,0.07557653767221115,2378,324.8579087083331,0.30533790588378906
2379,7560.602,1884.1566666666672,7059.333333333331,100,100,1034,1.9549521259788776,6.827208252740165,2.23186993598938,-1884.1566666666672,-0.005131810191361343,23.30408275828642,0.5029647376607446,0.016269061125486213,0.08933823533794459,2379,324.8751806832343,0.30533790588378906
2380,7566.607,1821.8666666666666,6953.666666666663,100,100,1033,1.9799363015026632,6.731526298806063,2.2544758319854736,-1821.8666666666666,-0.008343839497469804,21.687324313556445,0.4787007096935721,0.007306157741421724,0.06484885623349863,2380,324.89158722243593,0.30533790588378906
2381,7569.441,1750.1633333333348,7009.999999999999,100,100,1035,1.998852659466762,6.772946859903381,2.2786741256713867,-1750.1633333333348,-0.0053882795550367416,22.818435500649844,0.4776787924415925,0.056284282808465994,0.13423295494388132,2381,324.7690413368656,0.30533790588378906
2382,7572.24,1768.8800000000012,6892.333333333332,100,100,1035,1.9685187440023617,6.659259259259258,2.2429964542388916,-1768.8800000000012,0.0036713773494257648,25.79783282560461,0.4982926012838588,0.019024192139862433,0.10774565531926997,2382,324.785672834095,0.30533790588378906
2383,7575.021,1853.98,7032.000000000002,100,100,1031,1.9632697394018348,6.8205625606207585,2.2321648597717285,-1853.98,0.0052157511167666495,29.323823676389807,0.5029852968804976,0.022044025532736936,0.10812762642607969,2383,324.80251281827606,0.30533790588378906
2384,7577.795,1733.6099999999997,6835.666666666665,100,100,1035,1.958787053315068,6.604508856682768,2.2328696250915527,-1733.6099999999997,-0.02531954016098205,20.344356031978833,0.45970194918267865,0.032985152710941344,0.10185494668343488,2384,324.82023427589434,0.30533790588378906
2385,7580.586,1819.6333333333332,6929.333333333334,100,100,1030,1.9635403882576496,6.727508090614887,2.2302706241607666,-1819.6333333333332,-0.027595982393797708,34.38321691400864,0.5028523092760759,0.03448220285559621,0.1196384806843365,2385,324.83647931991004,0.30533790588378906
2386,7583.681,1773.3433333333332,6812.333333333338,100,100,1031,2.2491180424006685,6.607500808276758,2.531266212463379,-1773.3433333333332,-0.02614929066861377,29.238204647512998,0.4945025689461652,0.006283408914254431,0.08501838235294118,2386,324.8398628465434,0.30533790588378906
2387,7586.948,1830.6866666666674,7030.333333333338,100,100,1033,2.4003556616007486,6.805743788318817,2.6943814754486084,-1830.6866666666674,-0.02167962255942471,30.18768086152918,0.4726598736117868,0.013048622267567278,0.0739889705882353,2387,324.83616131951266,0.30533790588378906
2388,7590.137,1833.5100000000002,7074.333333333335,100,100,1033,2.3239441427861096,6.84833817360439,2.6107847690582275,-1833.5100000000002,-0.025880494319340763,33.7621555889354,0.47296160196556764,0.007532529067248106,0.08190359481993843,2388,324.8358048245579,0.30533790588378906
2389,7593.189,1755.4533333333338,6928.333333333332,100,100,1035,2.211592849883912,6.69404186795491,2.494692802429199,-1755.4533333333338,0.0028520802255062494,29.44923723445219,0.4433234833619174,0.030565618900308275,0.08577038785990547,2389,324.84149195219044,0.30533790588378906
2390,7599.995,1878.329999999999,7140.333333333337,100,100,1032,2.300668896203897,6.918927648578815,2.5871875286102295,-1878.329999999999,-0.03627723444472341,30.736252111547135,0.4569183465312509,0.01346079119042877,0.08088235294117647,2390,324.84193780151685,0.30533790588378906
2391,7603.131,1800.2233333333318,6975.666666666665,100,100,1034,2.2767836566225443,6.7462927143778195,2.565549850463867,-1800.2233333333318,0.018527371644535485,21.63530518026913,0.5245681983583114,0.02243608097984072,0.10193014714647741,2391,324.6884854423668,0.30533790588378906
2392,7606.235,1843.6566666666668,7010.333333333332,100,100,1033,2.254834947683862,6.786382704098095,2.542159080505371,-1843.6566666666668,-0.026717561297118664,33.032338198493505,0.533756290726802,0.036269147750264144,0.10717933011405609,2392,324.6917936039838,0.30533790588378906
2393,7609.32,1876.4300000000017,7128.3333333333385,100,100,1032,2.2455164741917852,6.907299741602072,2.52919602394104,-1876.4300000000017,-0.01283755065763698,32.369133332196405,0.5568067466511446,0.022975786130272728,0.11397058823529412,2393,324.695760265496,0.30533790588378906
2394,7612.329,1755.253333333336,6995.333333333341,100,100,1037,2.1609759871805716,6.745740919318555,2.4495596885681152,-1755.253333333336,-0.0018726766986005446,19.81451716142542,0.4946657208835377,0.050606796415248775,0.15098274937447378,2394,324.7036316033456,0.30533790588378906
2395,7615.168,1831.5066666666678,7014.000000000003,100,100,1033,2.0046530499700945,6.78993223620523,2.280060052871704,-1831.5066666666678,-0.019023291218806717,33.48656323376824,0.5265995903926737,0.031725162013625616,0.14266748397665865,2395,324.71826019551116,0.30533790588378906
2396,7617.971,1785.7299999999998,6964.000000000001,100,100,1033,1.9850017431229063,6.741529525653437,2.2551352977752686,-1785.7299999999998,-0.00627508556798977,29.962536250843723,0.5129113547942218,0.0340489714529694,0.13577410162371747,2396,324.73435712918933,0.30533790588378906
2397,7620.799,1887.7800000000009,7063.3333333333385,100,100,1032,2.0038089149788587,6.844315245478041,2.2790329456329346,-1887.7800000000009,-0.013658607762087794,31.420871454126694,0.5430549917852178,0.017562713446643424,0.11672794117647059,2397,324.74926397113313,0.30533790588378906
2398,7623.611,1810.7866666666675,7043.333333333332,100,100,1028,1.996448732924318,6.851491569390401,2.2595651149749756,-1810.7866666666675,0.010738015284433085,27.819816645453958,0.5433829137507606,0.01063652035971994,0.08685661764705882,2398,324.76435415311676,0.30533790588378906
2399,7626.417,1727.4066666666665,6803.000000000002,100,100,1033,1.9836904138907256,6.585672797676672,2.2537057399749756,-1727.4066666666665,-0.004322991049026742,24.257729726679184,0.5409070148187525,0.011537488686906941,0.09798815364346784,2399,324.7803373182582,0.30533790588378906
2400,7632.534,1809.213333333334,6957.333333333335,100,100,1031,2.012966731183816,6.748140963465892,2.2863101959228516,-1809.213333333334,-0.03296553212053636,24.54965114593506,0.4957135994644726,0.03801005882269237,0.12460609262480456,2400,324.7934329879048,0.30533790588378906
2401,7635.381,1817.1199999999992,6924.666666666665,100,100,1034,2.002431432819228,6.6969696969696955,2.280150890350342,-1817.1199999999992,-0.02374315124881618,26.04851739546832,0.4761151364620994,0.019404734741649863,0.09834558823529412,2401,324.66947724281596,0.30533790588378906
2402,7638.217,1699.2266666666674,6754.0,100,100,1029,2.0149665701622097,6.5636540330417885,2.277179718017578,-1699.2266666666674,-0.012314828468815368,26.95307714798871,0.48077518273802367,0.02035187603905797,0.09871323538177154,2402,324.6836229772245,0.30533790588378906
2403,7641.05,1775.3066666666666,7076.66666666667,100,100,1039,2.0065041389128084,6.811036252807189,2.291099786758423,-1775.3066666666666,-0.025664934203686082,21.11805058928097,0.4996298919705784,0.054714597453472805,0.15477941229062922,2403,324.6992296590796,0.30533790588378906
2404,7643.843,1889.6766666666665,7195.333333333337,100,100,1030,1.9812406804774283,6.985760517799356,2.2479841709136963,-1889.6766666666665,-0.004633541821556932,27.776799145866843,0.49299756744328666,0.009352987858138102,0.10615808823529412,2404,324.7153790070435,0.30533790588378906
2405,7646.658,1890.0900000000004,7053.333333333335,100,100,1033,1.9790000945558666,6.828009035172638,2.2537128925323486,-1890.0900000000004,-0.0032572654240271624,25.211319222169763,0.4749981138636084,0.02167607656241778,0.0934436275240253,2405,324.7308820481374,0.30533790588378906
2406,7649.47,1758.6900000000005,6976.666666666669,100,100,1030,1.9918217486475858,6.7734627831715235,2.2559571266174316,-1758.6900000000005,0.01076566570383661,17.392235713846542,0.5394175666220048,0.021838168466381508,0.09206495127257179,2406,324.7461714946144,0.30533790588378906
2407,7652.27,1731.4666666666678,6863.000000000002,100,100,1034,1.9836035760649169,6.637330754352033,2.256002902984619,-1731.4666666666678,-0.01653130164862994,21.136298039380243,0.5593896175132078,0.025328309870982432,0.12141544152708615,2407,324.7624418921297,0.30533790588378906
2408,7655.116,1873.916666666667,7113.333333333333,100,100,1031,2.018055672171073,6.899450371807307,2.2880241870880127,-1873.916666666667,-0.020313758731764907,31.314684727612665,0.5707888462964226,0.009274843621396404,0.09611344556598102,2408,324.77640687656117,0.30533790588378906
2409,7657.909,1794.38,6954.66666666667,100,100,1033,1.977419750025678,6.732494353017105,2.2490813732147217,-1794.38,-0.006726577877998352,20.684070250567267,0.5809078558402903,0.020536985809859985,0.09574142186080709,2409,324.79281845126,0.30533790588378906
2410,7663.971,1785.7600000000018,7021.999999999998,100,100,1036,2.0043846535762504,6.7779922779922765,2.2818171977996826,-1785.7600000000018,-0.007152257706312572,27.042545318603516,0.6262906360275605,0.031938736005138385,0.10462622563628589,2410,324.8076862718723,0.30533790588378906
2411,7666.808,1811.036666666667,7110.333333333333,100,100,1034,1.9990471000305774,6.876531270148291,2.272176504135132,-1811.036666666667,-0.01984295731081682,20.163645211388083,0.6338374544592464,0.02532397469450884,0.08851102958707248,2411,324.6858373696306,0.30533790588378906
2412,7669.635,1800.9700000000018,6910.33333333333,100,100,1030,2.002665435542687,6.709061488673136,2.267954111099243,-1800.9700000000018,-0.021220609819626108,25.470404344446518,0.6396154577241224,-0.0008868980084491126,0.09512867647058823,2412,324.7004642611072,0.30533790588378906
2413,7672.387,1772.3899999999996,6872.333333333337,100,100,1031,1.9488328806766888,6.665696734561918,2.213491439819336,-1772.3899999999996,0.006352991961381014,33.57655457889332,0.619254428674193,0.019085917491739726,0.08836659701431498,2413,324.71836404920305,0.30533790588378906
2414,7675.214,1812.676666666666,6953.000000000002,100,100,1030,1.9937562126693433,6.7504854368932055,2.263866901397705,-1812.676666666666,-0.013747994733207366,22.18607776305255,0.6085564853513942,0.03412821658147389,0.10309436303727768,2414,324.7329478516282,0.30533790588378906
2415,7677.964,1909.4833333333333,7067.999999999998,100,100,1028,1.943842703132285,6.875486381322956,2.2052526473999023,-1909.4833333333333,-0.006665099247851793,33.06747691771563,0.5814252355519463,0.005435221718952936,0.0703125,2415,324.75054103820565,0.30533790588378906
2416,7680.741,1869.226666666668,7140.3333333333385,100,100,1038,1.9489056834509606,6.878933847141945,2.232834815979004,-1869.226666666668,-0.015275109121028115,22.156788433299344,0.5683925204417285,0.00981020650086815,0.07011554631240227,2416,324.7682627808463,0.30533790588378906
2417,7683.518,1846.0599999999988,7149.000000000001,100,100,1038,1.9558529874896684,6.887283236994221,2.2387070655822754,-1846.0599999999988,-0.024956996059593034,23.298596326042624,0.5867707273539375,0.0098106048809474,0.0703125,2417,324.7859879887425,0.30533790588378906
2418,7686.289,1761.9900000000002,6931.33333333333,100,100,1038,1.9498421954796765,6.677585099550415,2.2314984798431396,-1761.9900000000002,-0.009085969013326308,21.670852492837344,0.5343824353288201,0.030902739669031957,0.07090336172019734,2418,324.8039470454676,0.30533790588378906
2419,7689.065,1811.8666666666672,6940.333333333333,100,100,1035,1.9511566185819857,6.705636070853462,2.22546648979187,-1811.8666666666672,-0.024651687318349585,19.79606600368724,0.5396731460795683,0.02141495334559723,0.07574364981230568,2419,324.82128701172076,0.30533790588378906
2420,7694.95,1722.8533333333328,6810.333333333336,100,100,1028,1.9514284022822832,6.62483787289235,2.205711603164673,-1722.8533333333328,0.0030788183760117084,29.262513946084415,0.595534449114519,0.017768337596755696,0.06479779411764706,2420,324.8380133064435,0.30533790588378906
2421,7697.736,1775.336666666667,7011.666666666667,100,100,1033,1.9428996116352075,6.7876734430461445,2.209834098815918,-1775.336666666667,-0.01259539952939924,24.867806490729837,0.6311754356412327,0.022896946551661718,0.06770833340637825,2421,324.72313481638076,0.30533790588378906
2422,7700.505,1734.9266666666665,6805.666666666666,100,100,1032,1.960124612231775,6.594638242894057,2.226682662963867,-1734.9266666666665,-0.024359278189127937,19.23758133719949,0.6598111645263784,0.01052407264325987,0.07352941176470588,2422,324.7403761409683,0.30533790588378906
2423,7703.659,1785.653333333334,6999.999999999999,100,100,1034,2.3047850114641064,6.769825918762088,2.5940895080566406,-1785.653333333334,-0.018264612128191134,29.36579406962675,0.6702779417528826,0.005282044116243282,0.053492647102650476,2423,324.74171123449145,0.30533790588378906
2424,7706.705,1754.5599999999995,6936.999999999997,100,100,1032,2.203379748226685,6.721899224806199,2.4801769256591797,-1754.5599999999995,-0.016855345929370207,20.26406125461354,0.650605724138372,0.024544671629829443,0.04779411764705882,2424,324.74720548197394,0.30533790588378906
2425,7709.73,1736.17,7100.333333333333,100,100,1034,2.187248355527976,6.866860090264345,2.4646644592285156,-1736.17,-0.01587860954596716,29.541386071373434,0.6368581082891015,0.03281731022905339,0.06746323538177154,2425,324.75392036089505,0.30533790588378906
2426,7712.85,1690.9966666666678,6771.333333333338,100,100,1028,2.283959048628039,6.58690012970169,2.549445152282715,-1690.9966666666678,0.003825177931610276,25.865883041830624,0.6456199603922227,0.026733215206631404,0.04779411764705882,2426,324.7558255757762,0.30533790588378906
2427,7715.985,1627.8,6728.666666666666,100,100,1029,2.295852282520771,6.53903466148364,2.562326669692993,-1627.8,-0.0008260272443294525,32.16135686986587,0.6307022422552109,0.02707983496485908,0.050091911764705885,2427,324.7572605265735,0.30533790588378906
2428,7719.162,1706.7833333333338,7003.999999999999,100,100,1033,2.33616456734278,6.7802516940948685,2.6175739765167236,-1706.7833333333338,-0.02273574591997792,21.332173193202298,0.6550606182392906,0.01665532637579257,0.04090073529411765,2428,324.75742156366374,0.30533790588378906
2429,7722.192,1717.9233333333336,6972.333333333332,100,100,1032,2.200052421901,6.756136950904391,2.473045825958252,-1717.9233333333336,-0.017816846258938313,18.773027924930346,0.660135369090473,0.04305954138501821,0.0739889705882353,2429,324.76362519850625,0.30533790588378906
2430,7729.015,1653.3566666666657,6826.666666666663,100,100,1031,2.2672380213006953,6.621403168444872,2.53847599029541,-1653.3566666666657,0.0018872044542256523,19.08548615960514,0.6137994093270904,0.028880553626496455,0.05934873968362808,2430,324.7664533137293,0.30533790588378906
2431,7731.946,1654.033333333334,6894.666666666665,100,100,1034,2.092348837709807,6.667956157317858,2.3635473251342773,-1654.033333333334,-0.008230673751848586,13.33765038322,0.6356873661279678,0.023949450594099128,0.07371323533794459,2431,324.62100334226176,0.30533790588378906
2432,7734.737,1715.1199999999997,6900.333333333332,100,100,1029,1.97743799558237,6.705863297700032,2.2353806495666504,-1715.1199999999997,-0.015180248054949677,20.76202866610359,0.609723456642207,0.021337935947539174,0.05422794117647059,2432,324.6369035070541,0.30533790588378906
2433,7737.486,1672.8766666666672,6918.333333333334,100,100,1027,1.9567959093803426,6.736449204803636,2.2065365314483643,-1672.8766666666672,-0.011411458253860474,16.352760300916785,0.6367737712228999,0.009838879108428955,0.07092524539021884,2433,324.65431131155594,0.30533790588378906
2434,7740.274,1664.530000000001,6851.333333333337,100,100,1033,1.9670218781055115,6.632462084543405,2.2290282249450684,-1664.530000000001,0.005911899538820281,14.807867078220143,0.6782737032455557,0.015611094135024092,0.040032679762910396,2434,324.67081500077876,0.30533790588378906
2435,7743.051,1709.6266666666663,6949.33333333333,100,100,1034,1.9501746622926592,6.720825274016761,2.2170839309692383,-1709.6266666666663,-0.01595590455348001,17.784863710403442,0.667230395709767,0.010131733670063755,0.047058823573238706,2435,324.68789445900296,0.30533790588378906
2436,7745.813,1694.2133333333343,6880.0000000000055,100,100,1030,1.9626976667849112,6.679611650485442,2.2210440635681152,-1694.2133333333343,-0.014192334211924496,17.967346163357007,0.6755037106135312,0.01485808247440111,0.05330882352941176,2436,324.70515822999874,0.30533790588378906
2437,7748.604,1807.1000000000004,6933.000000000003,100,100,1033,1.9528430768010088,6.7115198451113285,2.2223966121673584,-1807.1000000000004,-0.005080119268420865,28.260914522058822,0.7476286011583665,0.028887049945564392,0.0519812091746751,2437,324.72146075927276,0.30533790588378906
2438,7751.407,1903.3466666666666,7197.999999999998,100,100,1037,1.9755158143426967,6.941176470588234,2.257312297821045,-1903.3466666666666,-0.020311900633661187,30.847368829390582,0.7377640079049503,0.013880936743910699,0.060520362547215295,2438,324.7378264244491,0.30533790588378906
2439,7754.187,1865.3533333333344,7101.000000000004,100,100,1032,1.9558196724482717,6.880813953488375,2.2261507511138916,-1865.3533333333344,-0.017539533512557253,39.182637845768646,0.7302754907047048,0.022952404701808357,0.1171875,2439,324.7545300555991,0.30533790588378906
2440,7760.125,1912.9233333333354,7189.333333333339,100,100,1030,1.958856115669229,6.979935275080912,2.2280349731445312,-1912.9233333333354,-0.025493637603871962,44.7230364855598,0.7877043257741367,0.009027303860741942,0.07981004916569766,2440,324.7713209680892,0.30533790588378906
2441,7762.929,1910.0733333333337,7160.666666666669,100,100,1037,1.9733040513185176,6.905175184828032,2.2589309215545654,-1910.0733333333337,-0.03203573209397933,33.26314199672026,0.7839504024561714,0.002104908008785809,0.06741374468102175,2441,324.6550436621046,0.30533790588378906
2442,7765.756,1875.1366666666663,7056.000000000002,100,100,1032,1.9956268402865127,6.837209302325583,2.271151542663574,-1875.1366666666663,-0.02480036228456918,37.78091178220861,0.7714909174863029,0.011264128678971353,0.10064338235294118,2442,324.66973445601025,0.30533790588378906
2443,7768.554,1837.6133333333337,6948.333333333333,100,100,1031,1.9669561642587952,6.739411574523117,2.2387545108795166,-1837.6133333333337,-0.012024068328387597,42.00703677009134,0.7236503099693972,0.0025091999456943836,0.0658482146613738,2443,324.68551989260607,0.30533790588378906
2444,7771.355,1882.8466666666677,7106.000000000004,100,100,1034,1.9797247570373724,6.8723404255319185,2.2580556869506836,-1882.8466666666677,-0.007806115290697883,53.55327033996582,0.7532080604749567,0.0036302518428248517,0.08575367686503074,2444,324.70152821187276,0.30533790588378906
2445,7774.189,1808.233333333333,6925.999999999995,100,100,1031,2.0053211463412954,6.71774975751697,2.2773070335388184,-1808.233333333333,-0.0069885084076839335,30.543028242447797,0.6819114492220038,0.026541200747220394,0.10628939113196205,2445,324.71583805270154,0.30533790588378906
2446,7776.967,1951.68,7021.999999999997,100,100,1030,1.964969901386106,6.817475728155337,2.238868474960327,-1951.68,0.001954260720487903,62.42003373538746,0.7590528919416315,0.01911504941937678,0.12454044117647059,2446,324.7322874139911,0.30533790588378906
2447,7779.776,1912.1133333333328,7185.666666666667,100,100,1035,1.9727283089921095,6.942673107890499,2.2540688514709473,-1912.1133333333328,-0.004312295685796177,32.67882391985725,0.7299589199178359,0.0003722145680940765,0.08798462590750526,2447,324.74802012784073,0.30533790588378906
2448,7782.573,1843.7700000000002,7023.666666666666,100,100,1028,1.977330056048118,6.832360570687419,2.2418930530548096,-1843.7700000000002,-0.014456901808871943,38.71683820556192,0.6483502484419766,0.013000375988400158,0.07996323529411764,2448,324.76340561147936,0.30533790588378906
2449,7785.352,1846.7066666666653,6990.666666666665,100,100,1029,1.96919280631093,6.793650793650793,2.2352991104125977,-1846.7066666666653,-0.011414392139105237,39.861943693722,0.6314701069803799,0.0024534993229762595,0.13079044135177836,2449,324.7796499732654,0.30533790588378906
2450,7791.312,1821.73,6770.0,100,100,1030,1.9632105835378892,6.572815533980583,2.230985164642334,-1821.73,0.012083634021965897,41.32314171510584,0.6319363976226133,0.0180358836249284,0.09972426470588236,2450,324.79558498608804,0.30533790588378906
2451,7794.087,1889.8933333333332,7026.666666666669,100,100,1033,1.9411648573382736,6.802194256211683,2.2170798778533936,-1889.8933333333332,-0.014025772812173647,28.299472275902243,0.5623753031387049,0.01976990288205664,0.10212418305523255,2451,324.6803428957016,0.30533790588378906
2452,7796.843,1793.0833333333344,6954.333333333336,100,100,1030,1.9409598064952467,6.751779935275083,2.2040388584136963,-1793.0833333333344,-0.017333750886952177,29.021504766800824,0.5566120261655134,0.017302388400661155,0.07720588235294118,2452,324.6976908624535,0.30533790588378906
2453,7799.611,1806.486666666667,6813.333333333335,100,100,1032,1.9391340114692472,6.602067183462534,2.2105135917663574,-1806.486666666667,0.00823626697392148,29.3446683883667,0.5404761389774435,0.017464111134519473,0.09650735294117647,2453,324.7147834431796,0.30533790588378906
2454,7802.358,1788.1399999999996,6926.666666666665,100,100,1033,1.9367775395882225,6.705388835108098,2.207144021987915,-1788.1399999999996,-0.018757141085670274,21.278559993295108,0.49908193770576925,0.014857701001935364,0.08690767976291039,2454,324.732863215985,0.30533790588378906
2455,7805.124,1904.5566666666678,6998.666666666667,100,100,1032,1.9392227703685576,6.781653746770026,2.214322566986084,-1904.5566666666678,-0.019731140038108125,33.8280553817749,0.5032321547760683,0.015289373726666193,0.08685661764705882,2455,324.7500138314034,0.30533790588378906
2456,7807.9,1800.3133333333337,7050.0,100,100,1036,1.940052123905724,6.805019305019305,2.2141716480255127,-1800.3133333333337,-0.0246507948374047,19.7593313665951,0.49669217888046713,0.02514560052248485,0.09941789222990766,2456,324.7672189007029,0.30533790588378906
2457,7810.694,1910.36,7148.333333333335,100,100,1035,1.9611666682018822,6.906602254428343,2.2449729442596436,-1910.36,-0.027488449478850645,30.601946662454043,0.47751037425854626,0.008145554265116943,0.08355614981230568,2457,324.7835454284398,0.30533790588378906
2458,7813.423,1832.073333333333,6937.666666666666,100,100,1029,1.9238863921650948,6.742144476838353,2.1848058700561523,-1832.073333333333,0.011295008144396193,22.391891409369077,0.4763115828528124,0.023810356136356646,0.09227941185235977,2458,324.80181559695586,0.30533790588378906
2459,7816.187,1786.7966666666662,6899.666666666665,100,100,1032,1.944604554811904,6.685723514211885,2.2111754417419434,-1786.7966666666662,-0.009556311127894065,20.0774749026579,0.4617542747189017,0.01976761358160087,0.10477941176470588,2459,324.81902771072396,0.30533790588378906
2460,7822.239,1812.1033333333337,6950.333333333332,100,100,1030,1.94813388341007,6.747896440129448,2.213595390319824,-1812.1033333333337,0.0009831038906293757,36.34473416384529,0.44871576393351836,0.011289622401818633,0.09405637269510943,2460,324.83579589787036,0.30533790588378906
2461,7825.351,1875.2099999999994,7165.999999999999,100,100,1032,2.249288661364834,6.943798449612403,2.5366828441619873,-1875.2099999999994,-0.010820602998137474,29.257292298709643,0.5171793068156523,0.019485473292126486,0.10340073529411764,2461,324.70211175768463,0.30533790588378906
2462,7828.611,1785.5666666666675,6833.666666666669,100,100,1033,2.3520844150064124,6.615359793481771,2.641157388687134,-1785.5666666666675,-0.017606246887761003,25.996131335987766,0.516814714845489,0.036201771252843386,0.09012459152761627,2462,324.6988993190996,0.30533790588378906
2463,7831.916,1812.676666666667,6946.333333333332,100,100,1034,2.432769826118883,6.717923920051579,2.7290239334106445,-1812.676666666667,0.013947946622091182,27.939136757570154,0.47224439592922435,0.007369186852456015,0.08676470597000684,2463,324.69385053541134,0.30533790588378906
2464,7835.05,1725.49,6837.333333333333,100,100,1032,2.276964634774224,6.625322997416021,2.555765390396118,-1725.49,-0.030407402938341394,34.06385118821088,0.4320787927683662,0.044889987638110626,0.11902573529411764,2464,324.69567678244704,0.30533790588378906
2465,7838.096,1761.3766666666663,6880.333333333336,100,100,1030,2.1980082521269333,6.679935275080909,2.47153377532959,-1761.3766666666663,-0.007543533711748964,27.600151342504166,0.5059900020851809,0.03214344454874449,0.09757965715492473,2465,324.70092696793427,0.30533790588378906
2466,7841.316,1873.740000000001,6997.666666666668,100,100,1033,2.3004576939790145,6.774120684091644,2.5940043926239014,-1873.740000000001,-0.010511689655044499,44.24519998887006,0.46044720534016104,0.012888804102069972,0.08001429740996922,2466,324.6993335993268,0.30533790588378906
2467,7844.645,1853.5766666666666,6974.666666666664,100,100,1029,2.456044802551707,6.778101716877225,2.7411108016967773,-1853.5766666666666,-0.022202330915366903,29.08211587457096,0.49133867200683146,0.01396733318003552,0.06562500008765389,2467,324.69270912378124,0.30533790588378906
2468,7847.848,1875.1299999999997,6989.333333333332,100,100,1038,2.331868306081383,6.733461785484906,2.6349313259124756,-1875.1299999999997,-0.0048205762663308315,30.210840449613684,0.46895074230783124,0.02067929661322577,0.059151786215165085,2468,324.6924384767296,0.30533790588378906
2469,7850.897,1848.2066666666651,6886.666666666668,100,100,1026,2.195805556401356,6.712150747238468,2.466721296310425,-1848.2066666666651,0.004339218468350523,28.172531548668356,0.4784919312771629,0.009123816514415118,0.06020220588235294,2469,324.69707810026205,0.30533790588378906
2470,7857.247,1814.666666666666,6955.666666666666,100,100,1031,2.159281957634408,6.746524409957969,2.4361796379089355,-1814.666666666666,-0.014824244673089945,28.402901200687182,0.4956207836375517,0.011655532809741357,0.08560924407313852,2470,324.7034537201904,0.30533790588378906
2471,7860.261,1874.3799999999994,7012.666666666669,100,100,1031,2.167014644736881,6.801810539928874,2.4450645446777344,-1874.3799999999994,-0.014108788386425552,23.63487501705394,0.5016009439440334,0.027972923406838057,0.07819065144833397,2471,324.57255602815763,0.30533790588378906
2472,7863.362,1791.4166666666665,6923.666666666668,100,100,1029,2.2478378986518024,6.728539034661485,2.5227832794189453,-1791.4166666666665,-0.010411818950053523,36.6282281034133,0.5053222302128287,0.005684235852266497,0.07169117647058823,2472,324.57540471648707,0.30533790588378906
2473,7866.296,1828.1666666666665,7070.000000000004,100,100,1029,2.0807393592582297,6.8707482993197315,2.351823329925537,-1828.1666666666665,-0.02053266347331159,33.645072263829846,0.48966185047346,0.026917470146573204,0.09356617664589602,2473,324.58515179310774,0.30533790588378906
2474,7869.301,1839.7600000000014,6959.000000000005,100,100,1033,2.1420876062335403,6.736689254598262,2.423652172088623,-1839.7600000000014,-0.01912177271921845,24.063465426949893,0.4792577484074761,0.025252515518599573,0.08328227129052668,2474,324.59249237047175,0.30533790588378906
2475,7872.408,1835.8533333333337,6986.666666666665,100,100,1034,2.226511023468491,6.75693101225016,2.5139639377593994,-1835.8533333333337,-0.0038093123584985733,27.713613510131836,0.42333055331426506,0.013256651513716754,0.06792279420530095,2475,324.5957408007082,0.30533790588378906
2476,7875.546,1759.3466666666677,6875.333333333335,100,100,1035,2.265051014132006,6.642834138486314,2.5533506870269775,-1759.3466666666677,0.0038239827708286397,32.54384618646958,0.5000667782390819,0.011339408338672537,0.07511697884868174,2476,324.597831183635,0.30533790588378906
2477,7878.562,1758.073333333333,6827.333333333332,100,100,1030,2.1769437873374344,6.628478964401293,2.4517226219177246,-1758.073333333333,-0.025816375773180935,26.990503163898694,0.4380088141735862,0.01281309757819947,0.06832107857746236,2477,324.60428829817846,0.30533790588378906
2478,7881.551,1917.3533333333326,7246.666666666666,100,100,1032,2.1368679257746885,7.021963824289405,2.4177496433258057,-1917.3533333333326,-0.012722801910165478,29.855359189650592,0.4550039873403661,0.04864945582470254,0.1130514705882353,2478,324.61213225355317,0.30533790588378906
2479,7884.62,1713.9066666666674,6789.999999999998,100,100,1031,2.2235489813981273,6.5858389912706095,2.4996049404144287,-1713.9066666666674,0.0012686909724246053,36.24601751215317,0.38482082021587033,0.019955346566241455,0.08002888674245161,2479,324.61654869223366,0.30533790588378906
2480,7891.363,1804.11,6996.333333333334,100,100,1038,2.176799036105754,6.740205523442518,2.4686875343322754,-1804.11,-0.023669887443675715,24.436092096216537,0.4101429020657259,0.02673033525592045,0.0839679624666186,2480,324.6231475041182,0.30533790588378906
2481,7894.723,1702.8766666666663,6764.333333333332,100,100,1029,2.489188434741667,6.573696145124716,2.7692766189575195,-1702.8766666666663,-0.0783820290611509,37.32035317140467,0.39604443662306843,0.02953496342524886,0.10045955899883718,2481,324.46294351285036,0.30533790588378906
2482,7897.853,1781.1200000000003,6963.333333333335,100,100,1032,2.2846811034539787,6.747416020671836,2.5654194355010986,-1781.1200000000003,-0.044051557888879496,21.467514094184427,0.4029902351253173,0.06302256145692595,0.08455882352941177,2482,324.46502157499214,0.30533790588378906
2483,7900.855,1852.8566666666663,7040.666666666665,100,100,1031,2.142617751091762,6.828968638861945,2.420701265335083,-1852.8566666666663,-0.0022932824623935364,23.07338103126077,0.3713267331614214,0.022271778153748634,0.08409926470588236,2483,324.472207069367,0.30533790588378906
2484,7904.112,1748.0066666666671,6972.666666666667,100,100,1034,2.3751152802945064,6.743391360412637,2.6651530265808105,-1748.0066666666671,-0.010552250341895749,24.42482931473676,0.3964888804099139,0.021840620258658686,0.08281250013148084,2484,324.46933587268654,0.30533790588378906
2485,7907.441,1749.8366666666664,6868.666666666667,100,100,1032,2.4631039745737473,6.655684754521964,2.7493062019348145,-1749.8366666666664,0.011965289931086934,21.81829334707821,0.33429688083774906,0.05463086347513394,0.09191176470588236,2485,324.4632419383002,0.30533790588378906
2486,7910.592,1809.1233333333332,6885.666666666671,100,100,1032,2.28067170505957,6.672157622739022,2.5647382736206055,-1809.1233333333332,-0.0020689344417084664,25.481141398934756,0.40816328104804545,0.029037123583668077,0.06939338235294118,2486,324.4644666191897,0.30533790588378906
2487,7913.366,1852.2200000000003,7049.333333333333,100,100,1037,1.9393714554356403,6.797814207650273,2.21755051612854,-1852.2200000000003,-0.008259357336689444,32.93681458865895,0.4231648085748448,0.024381007444496977,0.08851809974978952,2487,324.4817908852467,0.30533790588378906
2488,7916.188,1781.7333333333338,6889.000000000002,100,100,1030,1.9931178643973997,6.688349514563108,2.2593932151794434,-1781.7333333333338,-0.013321279274190174,23.996813577764176,0.40038131177425385,0.027571031498476204,0.09436274539021884,2488,324.4962257250255,0.30533790588378906
2489,7918.984,1790.1900000000003,6965.999999999997,100,100,1034,1.9803640204779012,6.736943907156671,2.2531068325042725,-1790.1900000000003,-0.010093840551288688,27.360198722166174,0.4254693989368046,0.03374469005639719,0.07693014710265048,2489,324.51220000234434,0.30533790588378906
2490,7924.966,1712.200000000001,6683.666666666667,100,100,1027,1.968362608728631,6.507951963648167,2.2268002033233643,-1712.200000000001,-0.021892124239136192,33.507480326820826,0.38164043985307217,0.016693103394251976,0.0661764705882353,2490,324.52756459185065,0.30533790588378906
2491,7927.761,1629.6600000000012,6710.333333333331,100,100,1030,1.9689997071535914,6.5148867313915835,2.227977991104126,-1629.6600000000012,-0.029540440998971462,20.237721050486844,0.39172835735713735,0.022858680253300595,0.0810355395078659,2491,324.41243701679235,0.30533790588378906
2492,7930.582,1863.7900000000002,7013.666666666664,100,100,1030,1.988212812976749,6.809385113268606,2.2588775157928467,-1863.7900000000002,-0.020411495448035354,20.991339431089514,0.4516070686718997,0.03615496000138057,0.11519607857746236,2492,324.42690289248884,0.30533790588378906
2493,7933.376,1766.7300000000002,6878.0,100,100,1033,1.9758957409320645,6.658276863504356,2.2476370334625244,-1766.7300000000002,-0.03508977400248542,25.105464823105756,0.43129829624119925,0.02968356427599621,0.07506127480198355,2493,324.4428206772429,0.30533790588378906
2494,7936.145,1800.8766666666666,6889.000000000004,100,100,1027,1.9531545298175836,6.707887049659205,2.2132344245910645,-1800.8766666666666,-0.027749236125279877,23.76615358801449,0.42611787512021904,0.021942155600032386,0.0896139705882353,2494,324.4590557732473,0.30533790588378906
2495,7938.931,1813.9333333333334,6863.999999999999,100,100,1031,1.9685712903349595,6.657613967022307,2.238325595855713,-1813.9333333333334,-0.011912427048253663,26.51081396551693,0.4771816414945266,0.01656694257604506,0.07412027348490323,2495,324.4751011121725,0.30533790588378906
2496,7941.879,1795.6233333333325,6868.666666666669,100,100,1025,2.0948391237364308,6.701138211382116,2.353775978088379,-1795.6233333333325,-0.02759954846902367,21.346343952066757,0.4820723743999706,0.028172858168973643,0.10661764705882353,2496,324.4836820742052,0.30533790588378906
2497,7944.931,1775.9733333333334,6796.333333333337,100,100,1027,2.203237876443858,6.6176566049983805,2.4740898609161377,-1775.9733333333334,0.03310086605522562,28.953793806188248,0.4229266529574114,0.03476918620221755,0.08501838235294118,2497,324.48829300772843,0.30533790588378906
2498,7947.918,1728.5566666666675,6926.000000000005,100,100,1033,2.1337012588817332,6.70474346563408,2.4118552207946777,-1728.5566666666675,-0.02656928000642973,21.48442456301521,0.47149385336567373,0.01938145498142523,0.08889910140458275,2498,324.49629010736606,0.30533790588378906
2499,7951.139,1785.1533333333327,6993.666666666663,100,100,1033,2.346295935064843,6.770248467247496,2.633330821990967,-1785.1533333333327,-0.005097675192005494,23.165018109714282,0.41182535579975915,0.024028995262650663,0.0805249183493502,2499,324.49478250575436,0.30533790588378906
2500,7957.947,1727.9833333333322,6795.666666666664,100,100,1034,2.3972676981130627,6.572211476466793,2.688197612762451,-1727.9833333333322,-0.013658595161841196,27.798572484184714,0.4260499034734333,0.027964431795921615,0.07665441185235977,2500,324.49129253681093,0.30533790588378906
2501,7960.961,1809.4166666666672,6932.33333333333,100,100,1031,2.1570386052507433,6.7238926608470715,2.435579299926758,-1809.4166666666672,-0.007767533719101373,17.519591513802023,0.4071901821914841,0.02940450207439854,0.06486344556598102,2501,324.3538612541225,0.30533790588378906
2502,7964.234,1903.2333333333338,7046.333333333334,100,100,1030,2.4050670873726383,6.841100323624596,2.6934030055999756,-1903.2333333333338,-0.0021487827796269864,20.77794983807732,0.41386553031556744,0.020127395934918347,0.06265318656668943,2502,324.34981721756293,0.30533790588378906
2503,7967.496,1721.9966666666674,6710.666666666667,100,100,1030,2.4091191268842485,6.515210355987056,2.68796706199646,-1721.9966666666674,-0.02921711456249742,30.669116412892063,0.42499712854623795,0.02524566295238294,0.06985294117647059,2503,324.346314821873,0.30533790588378906
2504,7970.526,1820.4799999999998,6856.666666666667,100,100,1032,2.1826586253578277,6.64405684754522,2.4638102054595947,-1820.4799999999998,-0.016678762293475514,22.448201319750616,0.42418986208298626,0.025609641924829167,0.08731617647058823,2504,324.3525513913449,0.30533790588378906
2505,7973.393,1829.946666666667,7110.333333333337,100,100,1038,2.018911463678644,6.850032113037897,2.3067243099212646,-1829.946666666667,-0.00869849806322771,22.999626888948328,0.4464943461558398,0.021891363608815214,0.08121060952544212,2505,324.3660355226474,0.30533790588378906
2506,7976.311,1855.7633333333338,6953.999999999997,100,100,1035,2.0117317878636687,6.718840579710142,2.2936604022979736,-1855.7633333333338,-0.023484720355447603,29.701452802209293,0.4458157626145026,0.02287936199675588,0.0661764705882353,2506,324.37716247470377,0.30533790588378906
2507,7979.12,1774.1100000000008,6975.000000000001,100,100,1033,1.9799798632595988,6.752178121974832,2.249563455581665,-1774.1100000000008,0.0018528337754747447,20.547936046824734,0.472789144691299,0.028625398251118466,0.06714665035114568,2507,324.39241223804936,0.30533790588378906
2508,7981.917,1728.963333333334,6809.0,100,100,1033,1.984560409144274,6.591481122942885,2.252394199371338,-1728.963333333334,-0.0021310908281627823,25.24527308520149,0.4922623187303543,0.039022809497135526,0.09482230399461354,2508,324.4081636543602,0.30533790588378906
2509,7984.783,1766.7166666666662,6915.333333333335,100,100,1035,1.9979503394918885,6.681481481481483,2.2747607231140137,-1766.7166666666662,-0.02223206086851218,24.833266987520105,0.5018949815455604,0.013339644753346768,0.07357119023799896,2509,324.4213314557908,0.30533790588378906
2510,7990.92,1706.8000000000006,6863.999999999997,100,100,1033,2.015416939663525,6.644724104549852,2.287219524383545,-1706.8000000000006,-0.01720843299785081,29.026151208316577,0.4798038821010029,0.0431187488429714,0.10089869293219902,2510,324.4343857529258,0.30533790588378906
2511,7993.783,1708.23,6821.333333333333,100,100,1035,2.021294492094413,6.590660225442834,2.295151472091675,-1708.23,-0.024410852505003706,33.79764674691593,0.5021726506597856,0.029630504069192445,0.07198362315402311,2511,324.3147997441046,0.30533790588378906
2512,7996.658,1713.2666666666657,6886.999999999996,100,100,1040,2.0183279772307006,6.622115384615381,2.304701805114746,-1713.2666666666657,-0.007468394277726903,22.84987839530496,0.4811425936572692,0.016080651671954375,0.06525735294117647,2512,324.3282249612224,0.30533790588378906
2513,7999.494,1819.8466666666677,7043.0,100,100,1034,2.007905320094167,6.811411992263056,2.2844645977020264,-1819.8466666666677,-0.007635921294636586,21.22286788155051,0.48828258540700464,0.03420010025558226,0.06948529424912789,2513,324.342519953478,0.30533790588378906
2514,8002.321,1745.0066666666671,6888.33333333333,100,100,1033,2.003791770989766,6.668280090351724,2.2751970291137695,-1745.0066666666671,-0.012053083601024221,31.371971074272604,0.4946549745167003,0.01674600351629231,0.06438929740996922,2514,324.3570054435605,0.30533790588378906
2515,8005.161,1780.0766666666668,6916.66666666667,100,100,1031,2.0074577100808026,6.708697057872619,2.278661012649536,-1780.0766666666668,-0.010531806797884843,27.52469362932093,0.5215967876069686,0.014693841180654572,0.06624212203656926,2515,324.37072755407,0.30533790588378906
2516,8008.024,1722.9066666666668,6850.0,100,100,1034,2.0162354941061937,6.624758220502901,2.291491985321045,-1722.9066666666668,-0.019798017819138133,26.040905952453613,0.5242626518011093,0.014566173105884124,0.06902573542559848,2516,324.38388378340335,0.30533790588378906
2517,8010.828,1676.8833333333332,6873.666666666667,100,100,1034,1.9840622823811505,6.647646679561573,2.2560770511627197,-1676.8833333333332,-0.009312101037186734,17.49010195451624,0.49762199556126313,0.017716013071442244,0.08299632370471954,2517,324.3994438252725,0.30533790588378906
2518,8013.645,1764.0433333333335,6971.666666666668,100,100,1027,1.9803957119511537,6.7883803959753335,2.23958683013916,-1764.0433333333335,-0.014989154084640391,21.48246894163244,0.5048533853362588,0.029375764801550436,0.06020220588235294,2518,324.41353492522825,0.30533790588378906
2519,8016.437,1773.386666666666,6916.0,100,100,1033,1.9668766687554735,6.695062923523717,2.236194610595703,-1773.386666666666,-0.02248621841563898,24.348349430981806,0.5138454051578746,0.00862800286096685,0.07036356211585157,2519,324.42942322670206,0.30533790588378906
2520,8022.502,1742.3966666666674,6805.333333333333,100,100,1036,1.9902914089850117,6.568854568854569,2.2679460048675537,-1742.3966666666674,-0.006167647045324831,25.711912940530215,0.508405303253847,0.03702153451055946,0.07460171575931941,2520,324.44388146323183,0.30533790588378906
2521,8025.319,1766.5366666666662,7086.666666666668,100,100,1027,2.0006716647208056,6.900357026939306,2.260105848312378,-1766.5366666666662,-0.030448568765731418,18.82159771638758,0.508466466823045,0.01981951273046434,0.051470588235294115,2521,324.32740560564093,0.30533790588378906
2522,8028.134,1732.0733333333346,6851.333333333337,100,100,1035,1.9826907260739357,6.619645732689214,2.2548460960388184,-1732.0733333333346,-0.01899323261835996,23.76113737330717,0.4481017168830423,0.01698441366555498,0.07574364981230568,2522,324.3426105242827,0.30533790588378906
2523,8030.95,1813.5666666666657,6997.333333333331,100,100,1029,1.985162486837212,6.800129575639778,2.2523093223571777,-1813.5666666666657,-0.04344956746653599,22.07461460898904,0.5439370835528654,0.015424349293907118,0.07904411764705882,2523,324.3570112900296,0.30533790588378906
2524,8033.758,1692.283333333333,6830.666666666664,100,100,1038,1.9559822708542363,6.580603725112393,2.2347030639648438,-1692.283333333333,-0.01595626031870351,21.671589991625616,0.4719029708820231,0.03500485041706056,0.10254726909539279,2524,324.3728455355999,0.30533790588378906
2525,8036.552,1831.4166666666665,6938.666666666663,100,100,1039,1.9499171324454327,6.678216233557905,2.235905647277832,-1831.4166666666665,-0.0175040306742577,25.873918421128216,0.5776698922409731,0.02514673049753422,0.09803921619758886,2525,324.3893627183404,0.30533790588378906
2526,8039.284,1880.9566666666665,6999.333333333332,100,100,1030,1.9206195157609012,6.795469255663429,2.1884877681732178,-1880.9566666666665,-0.015021476018078187,29.305338691262637,0.5487623153363957,0.006950297947589527,0.07552083362551297,2526,324.4072614203312,0.30533790588378906
2527,8042.036,1772.813333333333,7050.000000000001,100,100,1034,1.9259724405286132,6.818181818181819,2.196016550064087,-1772.813333333333,-0.017411347807330245,23.99669349894804,0.58199343874174,0.020311049257596844,0.09586397098267779,2527,324.42482445564843,0.30533790588378906
2528,8044.792,1807.0766666666675,6905.333333333331,100,100,1035,1.927637778883935,6.671819645732687,2.2000529766082764,-1807.0766666666675,-0.01973319300176466,24.367576486924115,0.5464531805585412,0.012411003213321023,0.08155080237809349,2528,324.44233829007453,0.30533790588378906
2529,8047.548,1849.836666666666,7067.666666666667,100,100,1036,1.9213873552541432,6.822072072072072,2.198894500732422,-1849.836666666666,-0.017331378096166777,24.169639699599323,0.5744320355794009,0.0018505399964530678,0.07306985294117647,2529,324.4599538646382,0.30533790588378906
2530,8053.513,1888.4633333333338,7181.666666666663,100,100,1035,1.9865896618038703,6.938808373590979,2.2670021057128906,-1888.4633333333338,-0.025510356323245692,26.988989437327664,0.5568860366063959,0.011652013574562529,0.06362800826044644,2530,324.47468107247374,0.30533790588378906
2531,8056.262,1834.7433333333333,7032.666666666666,100,100,1031,1.933590884552591,6.8212091820239245,2.199125051498413,-1834.7433333333333,-0.016630802906173116,21.386904996984146,0.5701613110654494,0.015929396592957133,0.06814600877902087,2531,324.3654547969084,0.30533790588378906
2532,8059.032,1704.8333333333335,6831.000000000002,100,100,1038,1.9330909434860295,6.5809248554913315,2.210423231124878,-1704.8333333333335,-0.008984464604188414,24.42928457260132,0.563186485101195,0.019486614085240838,0.07714023178114611,2532,324.3827461290691,0.30533790588378906
2533,8061.956,1867.0433333333328,7162.333333333334,100,100,1043,2.0440518695321774,6.867050175775009,2.3436737060546875,-1867.0433333333328,-0.0072180076557047225,27.454622268676758,0.5667866363244898,0.008844456231385908,0.07178792576579486,2533,324.39449254917764,0.30533790588378906
2534,8065.047,1811.7666666666667,6978.666666666667,100,100,1037,2.209452071371726,6.729668916747027,2.502079963684082,-1811.7666666666667,-0.017547286389505163,24.735865200267117,0.5354782351676155,0.012569615281844401,0.09268947997513939,2534,324.39878716622513,0.30533790588378906
2535,8068.219,1766.0900000000008,6985.333333333331,100,100,1041,2.2912555239785117,6.710214537303872,2.5944817066192627,-1766.0900000000008,-0.012413524310378468,18.65501849791583,0.5616535816122504,0.005407228641321554,0.07677335653673201,2535,324.4002254447638,0.30533790588378906
2536,8071.44,1779.8800000000006,6955.33333333333,100,100,1036,2.3576823372436997,6.713642213642211,2.6526260375976562,-1779.8800000000006,-0.01915649461614735,20.365878189311307,0.5176625313127742,0.007689262226716999,0.053462009876966476,2536,324.39917070339277,0.30533790588378906
2537,8074.529,1729.936666666666,6926.666666666666,100,100,1036,2.2092729744647044,6.685971685971685,2.4961283206939697,-1729.936666666666,-0.02091222152333049,21.51547830245074,0.51070054927293,0.0005392578896135092,0.07031250021913472,2537,324.40333052135645,0.30533790588378906
2538,8077.62,1663.7733333333335,6782.666666666663,100,100,1038,2.2200115596129053,6.534360950545919,2.50736927986145,-1663.7733333333335,0.0010529096402666148,21.254347296322095,0.5401540626497829,0.028337908093817532,0.08029149209751803,2538,324.40767819369563,0.30533790588378906
2539,8080.682,1702.6766666666674,6972.000000000002,100,100,1037,2.1971334612783737,6.72324011571842,2.48516583442688,-1702.6766666666674,0.005797854022068136,18.341349377351648,0.5560698868597255,0.0194722092778915,0.06518665175227557,2539,324.41310341454715,0.30533790588378906
2540,8087.37,1712.0533333333335,6913.666666666665,100,100,1040,2.3340297109545927,6.647756410256409,2.634326696395874,-1712.0533333333335,-0.011055233285707585,17.685174409080954,0.5071867660564535,0.020016882048152825,0.0822610294117647,2540,324.413164287331,0.30533790588378906
2541,8090.459,1766.0466666666669,6857.999999999997,100,100,1039,2.19739865219441,6.60057747834456,2.490133047103882,-1766.0466666666669,-0.01491406698272947,18.02243760052849,0.5403157183352638,0.017638414149747834,0.08768382383620038,2541,324.27800609442227,0.30533790588378906
2542,8093.29,1795.5433333333337,7039.666666666667,100,100,1039,1.9711291618489224,6.775425088225859,2.2556934356689453,-1795.5433333333337,-0.023856797967763507,17.098620176315308,0.5131765156984329,0.01216805378541775,0.06400122559245895,2542,324.2930027326608,0.30533790588378906
2543,8096.194,1819.716666666665,7053.3333333333285,100,100,1041,1.9851308345068228,6.775536343259682,2.275709629058838,-1819.716666666665,-0.02326914659865639,20.09231772142298,0.5319843371124828,0.015872048583867794,0.09829152254935573,2543,324.3052545724501,0.30533790588378906
2544,8099.006,1757.4066666666681,6941.999999999996,100,100,1042,1.9757365639189226,6.662188099808058,2.262761354446411,-1757.4066666666681,-0.025904070750317153,23.309931979459876,0.5677740039194331,0.007645689221509897,0.07725694446879275,2544,324.3213358321624,0.30533790588378906
2545,8101.8,1812.9699999999982,7012.333333333332,100,100,1036,1.9628136107719658,6.768661518661517,2.2397711277008057,-1812.9699999999982,-0.020346303853918526,21.126484366024243,0.5310601679717794,0.010158745496643378,0.0782781863475547,2545,324.33732391960353,0.30533790588378906
2546,8104.653,1737.276666666666,6902.6666666666615,100,100,1043,1.9885673044135121,6.618088846276761,2.279789686203003,-1737.276666666666,-0.015591066768940757,14.475854705361758,0.5185248544987511,0.01849408237852485,0.07921342880410306,2546,324.35182247995226,0.30533790588378906
2547,8107.462,1775.9366666666672,6921.333333333335,100,100,1041,1.9695487971114323,6.648735190521935,2.2576873302459717,-1775.9366666666672,-0.003780713304877281,18.656956476323746,0.5440165418035844,0.01212633419644964,0.08666738780105815,2547,324.3678390974679,0.30533790588378906
2548,8110.292,1714.3633333333337,6846.333333333335,100,100,1035,1.9866526559904074,6.6148148148148165,2.2618415355682373,-1714.3633333333337,-0.006599079653182451,28.645123593947467,0.5567724371657652,0.025897097102749872,0.11334391727167017,2548,324.3822624440817,0.30533790588378906
2549,8113.071,1730.9033333333334,6770.666666666664,100,100,1029,1.9555709428181989,6.579850988014251,2.2156260013580322,-1730.9033333333334,-9.062316487817203e-06,35.42303267647238,0.5333580773542909,0.018121969208176082,0.1056985294117647,2549,324.39798349511426,0.30533790588378906
2550,8119.026,1802.9866666666678,6847.333333333336,100,100,1031,1.9629009702142641,6.6414484319430995,2.2325170040130615,-1802.9866666666678,0.008641199154012343,38.15322281332577,0.583820715546608,0.01661542827701744,0.10038077787441366,2550,324.41380085006637,0.30533790588378906
2551,8121.828,1780.5533333333328,6989.333333333331,100,100,1036,1.95475945808353,6.746460746460745,2.2327606678009033,-1780.5533333333328,-0.025496369063415947,35.69416977377499,0.4999181338969399,0.015146855963394046,0.09512867668972295,2551,324.3027228444711,0.30533790588378906
2552,8124.661,1879.3299999999977,7080.66666666666,100,100,1032,1.9748191873302914,6.8611111111111045,2.2507169246673584,-1879.3299999999977,-0.01848275926621521,51.70051187627456,0.5145290266065037,0.007474976300727576,0.10018382352941177,2552,324.3166525721702,0.30533790588378906
2553,8127.444,1866.210000000001,7063.333333333332,100,100,1030,1.962023107470601,6.857605177993526,2.2310409545898438,-1866.210000000001,-0.018020254669382292,49.97430565777947,0.45928940790541034,0.00696342159062624,0.08624387269510943,2553,324.33232892220815,0.30533790588378906
2554,8130.274,1775.2999999999988,6909.666666666665,100,100,1034,1.9882961292976309,6.682462927143777,2.2627458572387695,-1775.2999999999988,0.0014180419966578484,20.256081903682034,0.5009205358869889,0.013444106614984134,0.07886029429295484,2554,324.3466184440651,0.30533790588378906
2555,8133.112,1810.6566666666656,7077.666666666668,100,100,1039,1.9805780551427683,6.811998716714791,2.2656962871551514,-1810.6566666666656,-0.006172717658474165,23.32630735285142,0.46795685764621286,0.019257341607419008,0.08115808884887134,2555,324.3611894563568,0.30533790588378906
2556,8135.884,1759.3366666666675,6770.333333333335,100,100,1032,1.9538998060098076,6.560400516795867,2.223503828048706,-1759.3366666666675,-0.011860900613314965,28.099300272324506,0.4244572160875096,0.007278468179078225,0.08547794117647059,2556,324.377527936922,0.30533790588378906
2557,8138.701,1870.5433333333328,7118.666666666662,100,100,1030,1.974626795447531,6.91132686084142,2.244457483291626,-1870.5433333333328,-0.017346331247073764,31.930838360505945,0.40547192315844927,0.016662312757141667,0.07613357857746236,2557,324.391828480969,0.30533790588378906
2558,8141.476,1635.0233333333329,6728.666666666671,100,100,1032,1.9586370170906966,6.520025839793285,2.222029447555542,-1635.0233333333329,-0.026874894002342924,25.39811353122487,0.3955479562282562,0.01498380261610317,0.10386029411764706,2558,324.40802269752635,0.30533790588378906
2559,8144.267,1840.6766666666663,6957.333333333335,100,100,1032,1.9665541670595605,6.741602067183464,2.239816427230835,-1840.6766666666663,-0.02402280325836995,45.61911610996022,0.37761954919380303,0.01812621214947499,0.09926470588235294,2559,324.4235534789087,0.30533790588378906
2560,8150.249,1819.4966666666674,6974.999999999998,100,100,1030,1.9814792237226462,6.771844660194173,2.2493247985839844,-1819.4966666666674,-0.026416717206730563,43.16385532827938,0.38045728995519523,0.011709312374210534,0.07429534328334472,2560,324.4380769562221,0.30533790588378906
2561,8153.013,1769.3300000000006,6787.000000000001,100,100,1031,1.9260293884956206,6.582929194956354,2.1945700645446777,-1769.3300000000006,-0.004961349015288493,64.53677483165966,0.328085266491946,0.006460716413772281,0.078125,2561,324.32831580423385,0.30533790588378906
2562,8155.809,1753.3399999999992,6740.000000000004,100,100,1032,1.9788628889883095,6.531007751937988,2.248560667037964,-1753.3399999999992,-0.0021909320836558063,26.13239501504337,0.3535969209145097,0.01957091741496697,0.06985294117647059,2562,324.34366276627475,0.30533790588378906
2563,8158.581,1778.27,6769.666666666667,100,100,1032,1.9411682160282435,6.559754521963825,2.212696075439453,-1778.27,-0.033746622612371165,39.10422684164608,0.32446514026207085,0.021391182480489507,0.0859375,2563,324.35995190015376,0.30533790588378906
2564,8161.366,1670.2433333333338,6766.333333333333,100,100,1030,1.9521477650308494,6.56925566343042,2.213121175765991,-1670.2433333333338,-0.0039753707892754495,27.80874148537131,0.3376692226704429,0.030346110271399513,0.08333333362551297,2564,324.3754694251972,0.30533790588378906
2565,8164.105,1801.7666666666667,6772.666666666664,100,100,1028,1.9203218858388293,6.588197146562903,2.1808271408081055,-1801.7666666666667,-0.019984102862722734,32.562985251931586,0.33686262763598385,0.02561901244745754,0.109375,2565,324.392576044092,0.30533790588378906
2566,8166.845,1758.88,6785.333333333332,100,100,1028,1.9338774313182654,6.600518806744486,2.19285249710083,-1758.88,-0.006444657276220182,23.468433183782242,0.28582953971070907,0.04884148124769768,0.07628676470588236,2566,324.4095928110869,0.30533790588378906
2567,8169.65,1686.306666666667,6848.333333333336,100,100,1027,1.9738643623783299,6.668289516390785,2.229785442352295,-1686.306666666667,-0.027911051614757848,25.948554277420044,0.30149277075029474,0.028450338036397144,0.08088235294117647,2567,324.4239809870078,0.30533790588378906
2568,8172.412,1734.3866666666668,6854.999999999997,100,100,1031,1.9491591658370946,6.648884578079532,2.2163820266723633,-1734.3866666666668,-0.010535450268755941,24.54204937990974,0.29219692156595345,0.03376397638417342,0.07313550438951044,2568,324.4404271317453,0.30533790588378906
2569,8175.193,1814.6666666666663,6806.666666666669,100,100,1028,1.935140855663822,6.621271076523997,2.195239782333374,-1814.6666666666663,0.008812233038684902,19.35963402074926,0.28585709991645725,0.04111919108339969,0.06893382352941177,2569,324.4558139135355,0.30533790588378906
2570,8181.212,1833.9133333333332,7011.333333333332,100,100,1034,1.9451127634374732,6.780786589297226,2.220125675201416,-1833.9133333333332,-0.0005807387094725581,23.36153002346263,0.33323563810657053,0.028372662676060024,0.0817095589111833,2570,324.47226687579695,0.30533790588378906
2571,8184.492,1846.1300000000006,7116.999999999997,100,100,1028,2.404517802053787,6.92315175097276,2.683598279953003,-1846.1300000000006,-0.025535224991686204,24.88689710112179,0.31187949258395853,0.0261677131673102,0.08915441176470588,2571,324.33914764483023,0.30533790588378906
2572,8187.671,1795.1,7006.666666666666,100,100,1034,2.3086701184952525,6.776273372018053,2.5987730026245117,-1795.1,-0.020269760139533046,26.080455723930807,0.3238696526078617,0.02399600705351023,0.06939338235294118,2572,324.339468257845,0.30533790588378906
2573,8190.72,1716.563333333334,6811.666666666669,100,100,1028,2.2059730522503083,6.626134889753569,2.472797393798828,-1716.563333333334,-0.016939698499353492,27.093496322631836,0.33970660278025794,0.024456896415144643,0.08455882352941177,2573,324.3442533495391,0.30533790588378906
2574,8193.857,1825.5000000000007,7054.333333333331,100,100,1033,2.263142690125633,6.82897708938367,2.5489068031311035,-1825.5000000000007,-0.004854095168411732,30.400079741197473,0.30052532825399847,0.034584254300331366,0.0896139705882353,2574,324.346163833386,0.30533790588378906
2575,8197.141,1814.2533333333329,6926.666666666671,100,100,1029,2.4059149699124522,6.731454486556531,2.6869521141052246,-1814.2533333333329,0.009830118088489947,29.644900714649875,0.35585665133069544,0.017174580716528,0.08860294126412448,2575,324.3417604013035,0.30533790588378906
2576,8200.295,1736.6866666666672,6821.999999999998,100,100,1034,2.2925887811015677,6.597678916827851,2.5807387828826904,-1736.6866666666672,-0.0292881120215444,27.34033183490529,0.3633938550072558,0.016367280533920753,0.070220588322948,2576,324.34309349141284,0.30533790588378906
2577,8203.363,1792.9966666666674,6978.0000000000055,100,100,1036,2.192022298457295,6.735521235521241,2.480318307876587,-1792.9966666666674,-0.020769603221732026,22.92620361552519,0.34952855373130126,0.005474516135804793,0.10370710798922707,2577,324.3480644675063,0.30533790588378906
2578,8206.506,1755.6466666666672,6778.999999999998,100,100,1028,2.2778269445934924,6.594357976653694,2.549935817718506,-1755.6466666666672,-0.012728929793571724,20.988390501807718,0.3300405495307025,0.01059749024844838,0.09880514705882353,2578,324.34911459028143,0.30533790588378906
2579,8209.793,1695.2300000000005,6792.333333333336,100,100,1031,2.4234481099640695,6.588102166181703,2.7040674686431885,-1695.2300000000005,0.0007210163509144503,26.970967236687155,0.33441457765943866,0.016067626899765694,0.10911239552147248,2579,324.3448277798126,0.30533790588378906
2580,8216.501,1940.266666666669,7125.66666666667,100,100,1031,2.1840245378267826,6.911412867765926,2.463662624359131,-1940.266666666669,-0.012368716573452248,31.6656873366412,0.35005132678677053,0.01857520967913682,0.11055672344039469,2580,324.34979699983484,0.30533790588378906
2581,8219.511,1705.3300000000004,6853.333333333329,100,100,1035,2.158374203130567,6.621578099838966,2.438526153564453,-1705.3300000000004,-0.03781301977441592,28.97674487618839,0.3778635561466217,0.02059466237722732,0.07657921138931723,2581,324.21273203334977,0.30533790588378906
2582,8222.429,1747.2766666666669,6918.333333333332,100,100,1033,2.0795536321287638,6.6973217166828,2.3543918132781982,-1747.2766666666669,0.004165864960454842,29.728031999924603,0.37436947138870463,0.018640056300415275,0.09487336632959983,2582,324.2232993735324,0.30533790588378906
2583,8225.46,1738.189999999999,6786.66666666667,100,100,1032,2.1690756790727996,6.576227390180882,2.440920829772949,-1738.189999999999,-0.012915959828259313,28.93011572781731,0.3692547394072308,0.019021624349988997,0.08547794117647059,2583,324.22926914589743,0.30533790588378906
2584,8228.588,1780.0400000000002,6875.000000000002,100,100,1031,2.2523353054937045,6.668283220174589,2.5311954021453857,-1780.0400000000002,-0.026727366261184216,18.70738960714901,0.3595384284853935,0.015449947499505737,0.08469012642607969,2584,324.23132056182254,0.30533790588378906
2585,8231.678,1854.3666666666668,6886.333333333336,100,100,1032,2.2365576583105176,6.672803617571062,2.5196468830108643,-1854.3666666666668,-0.02949577394653769,26.075445623958814,0.42215436872314005,0.013577988542452017,0.0822610294117647,2585,324.23496679595155,0.30533790588378906
2586,8234.6,1769.3999999999994,6964.666666666665,100,100,1033,2.0667340745969107,6.742174895127459,2.3420708179473877,-1769.3999999999994,-0.011497731101425254,20.093772172927856,0.42506467945435467,0.020447003867422396,0.09211601316928864,2586,324.2453766848475,0.30533790588378906
2587,8237.611,1756.7033333333338,6905.666666666668,100,100,1032,2.1549174406424942,6.691537467700259,2.431105136871338,-1756.7033333333338,-0.011339682647410561,22.949417114257812,0.4964797514326432,0.015257083037046386,0.09558823529411764,2587,324.25214968830426,0.30533790588378906
2588,8240.754,1691.8966666666672,6800.666666666666,100,100,1032,2.291120348165223,6.589793281653746,2.568528890609741,-1691.8966666666672,-0.028395458562847448,20.820212504443,0.5953102944528356,0.02216480448088773,0.13143382352941177,2588,324.25369315969107,0.30533790588378906
2589,8243.867,1828.496666666667,7135.333333333338,100,100,1030,2.2279865073392764,6.927508090614891,2.506653308868408,-1828.496666666667,0.012145934900378479,20.949869183933032,0.5585345205138711,0.003037302700035712,0.09727328445981531,2589,324.25618953705896,0.30533790588378906
2590,8250.805,1745.1133333333335,6806.66666666667,100,100,1034,2.4192933265860166,6.582849774339139,2.711591958999634,-1745.1133333333335,-0.001797422273632358,22.034215814927045,0.5312867033130982,0.01840958549805424,0.09659926505649791,2590,324.25155072906153,0.30533790588378906
2591,8253.913,1726.7266666666658,6876.33333333333,100,100,1038,2.2225365133979404,6.6245985870263295,2.5134475231170654,-1726.7266666666658,-0.007456312093007214,19.967750913956586,0.5788965426823672,0.02947642606929602,0.13780199648702846,2591,324.1125704219316,0.30533790588378906
2592,8257.147,1953.7033333333345,7360.333333333334,100,100,1032,2.3462249002421216,7.132105943152455,2.633721351623535,-1953.7033333333345,-0.0001715105026960373,36.74528284633861,0.5860328832093407,0.004053287899724263,0.07996323529411764,2592,324.1106733043293,0.30533790588378906
2593,8260.49,1803.0899999999995,6974.3333333333385,100,100,1034,2.46665647829391,6.745003223726633,2.763765811920166,-1803.0899999999995,-0.03898340217111742,30.929257280686322,0.5610745540436577,0.020478503559442127,0.10854779424912789,2593,324.10461000297926,0.30533790588378906
2594,8263.69,1801.5099999999998,7014.999999999994,100,100,1039,2.326714919760816,6.7516843118383,2.6292569637298584,-1801.5099999999998,-0.011299511034260778,17.899524071637323,0.56923768537886,0.007094909726327066,0.08538602971855332,2594,324.1048673231245,0.30533790588378906
2595,8266.723,1604.423333333333,6712.666666666665,100,100,1030,2.1955618427984995,6.517152103559869,2.461474657058716,-1604.423333333333,0.014955455766004674,26.979050355799057,0.5233127746511909,0.02004498487804085,0.1003370100961012,2595,324.11054022234566,0.30533790588378906
2596,8269.884,1848.59,6993.333333333335,100,100,1031,2.283600776972995,6.783058519236988,2.5655875205993652,-1848.59,-0.009148567805395406,41.43893418592565,0.49810513766372905,0.009200017337742098,0.07773109262480456,2596,324.1113368244898,0.30533790588378906
2597,8272.786,1739.593333333334,6923.666666666666,100,100,1038,2.049282367919035,6.670199100834939,2.331298589706421,-1739.593333333334,-0.02034573569236433,26.991259518791647,0.504980124094907,0.005052189726163359,0.06827731101828463,2597,324.123144128559,0.30533790588378906
2598,8275.594,1816.250000000001,6905.666666666669,100,100,1031,1.973222890122641,6.698027804720338,2.241320848464966,-1816.250000000001,-0.016352650052046076,30.899791577283075,0.5018448671873879,0.02127280958709033,0.10162815144833397,2598,324.13770698579003,0.30533790588378906
2599,8278.38,1715.6733333333325,6793.666666666662,100,100,1033,1.9664937060728438,6.576637625040331,2.234434127807617,-1715.6733333333325,-0.007663654546965571,22.4835886815015,0.49498580133213715,0.012795891599072254,0.09155433011405609,2599,324.15341406465797,0.30533790588378906
2600,8284.408,1756.9333333333343,6888.333333333338,100,100,1035,1.9694331402390979,6.655394524959746,2.242335796356201,-1756.9333333333343,-0.005001610829768812,23.34992016063017,0.5379090721116346,0.015392913195468923,0.10452874355456408,2600,324.1684658392349,0.30533790588378906
2601,8287.192,1684.843333333334,6747.999999999998,100,100,1032,1.9536134670714147,6.538759689922479,2.217135190963745,-1684.843333333334,-0.010326502351638149,28.70852616254021,0.5190197299508488,0.010024205747279613,0.09329044117647059,2601,324.05811937150116,0.30533790588378906
2602,8289.966,1802.423333333334,7018.333333333331,100,100,1033,1.9566818019411267,6.794127137786381,2.224203109741211,-1802.423333333334,-0.013763104784576333,29.219075202941895,0.5481764472582761,0.011283330776838256,0.07041462423170314,2602,324.074290142672,0.30533790588378906
2603,8292.762,1705.236666666668,6720.666666666669,100,100,1032,1.9744115305411116,6.512273901808787,2.241215705871582,-1705.236666666668,0.0002587075509569224,24.769490915186264,0.49315062603529763,0.015694661011152407,0.09420955882352941,2603,324.08947030757537,0.30533790588378906
2604,8295.544,1714.7566666666667,6922.333333333336,100,100,1031,1.9587884592949245,6.71419333979955,2.2201902866363525,-1714.7566666666667,0.01322620186735602,31.22620996306924,0.48082758924540353,0.01927769958616837,0.1018251062316053,2604,324.105075040838,0.30533790588378906
2605,8298.347,1691.5733333333337,6842.333333333335,100,100,1034,1.9790294973766953,6.617343649258545,2.2471487522125244,-1691.5733333333337,-0.013427706873592208,22.868984615101535,0.5131018135477515,0.006694592275273274,0.06148897067588918,2605,324.12022223661666,0.30533790588378906
2606,8301.159,1682.7166666666674,6785.333333333335,100,100,1034,1.9740217596804093,6.562217923920053,2.24284291267395,-1682.7166666666674,0.005925477153676397,17.695002177182367,0.5768974107854506,0.020279623499578413,0.09715073599534876,2606,324.13499725034416,0.30533790588378906
2607,8304.36,1703.023333333334,6764.66666666667,100,100,1034,2.314483657942245,6.5422308188265665,2.5969440937042236,-1703.023333333334,-0.02585751793402083,21.862960436764887,0.5845760028151905,0.009426528608481236,0.09613970601383377,2607,324.1345383177629,0.30533790588378906
2608,8307.579,1806.64,7026.0,100,100,1034,2.332219049785776,6.794970986460348,2.620584487915039,-1806.64,-0.011798319571158466,31.28402328491211,0.522641955929644,0.008102747854804072,0.0727022062329685,2608,324.13342654076314,0.30533790588378906
2609,8310.68,1632.8866666666675,6773.333333333333,100,100,1030,2.24198980688669,6.576051779935275,2.510806083679199,-1632.8866666666675,-0.020311840097693837,20.63670307047227,0.5396320662077736,0.01860512117170455,0.09175857901573181,2609,324.1364210224068,0.30533790588378906
2610,8317.331,1708.3533333333328,6816.666666666671,100,100,1032,2.1956594946953043,6.605297157622743,2.4706320762634277,-1708.3533333333328,-0.02110367060145911,21.264320934520047,0.5282367494176415,0.013342031017493676,0.06204044117647059,2610,324.14166628080875,0.30533790588378906
2611,8320.532,1788.546666666668,6928.333333333333,100,100,1032,2.3221235458112806,6.7135012919896635,2.6034276485443115,-1788.546666666668,-0.01436515453764621,18.997434672187357,0.5545431410565096,0.012794587822795352,0.05330882352941176,2611,324.0006835617473,0.30533790588378906
2612,8323.555,1645.3933333333346,6708.333333333332,100,100,1034,2.1700201153248995,6.487749838813667,2.444767951965332,-1645.3933333333346,-0.03857224500354599,14.15709620363572,0.540551632642746,0.012742377660127686,0.0817095589111833,2612,324.0072392320619,0.30533790588378906
2613,8326.624,1707.786666666666,6879.666666666664,100,100,1038,2.2042421968375656,6.627809890815668,2.4949440956115723,-1707.786666666666,-0.01235670136178241,18.170905421761905,0.5261337511679706,0.02315308289903709,0.08298319337122581,2613,324.01245901702015,0.30533790588378906
2614,8329.85,1721.8100000000009,6770.000000000001,100,100,1034,2.3540235014192805,6.547388781431335,2.6405231952667236,-1721.8100000000009,-0.019243846537874025,17.079902789172003,0.5043108533410465,0.010291672708904919,0.05762867651441518,2614,324.0111333156831,0.30533790588378906
2615,8332.794,1754.9399999999994,6853.000000000001,100,100,1035,2.0885227996055127,6.621256038647344,2.36857533454895,-1754.9399999999994,-0.003543157733100302,18.449659628026627,0.5172345708398258,0.01597828817252508,0.0558990643304937,2615,324.0208386827349,0.30533790588378906
2616,8335.676,1664.9000000000003,6698.0,100,100,1035,2.031499422425269,6.471497584541063,2.3075711727142334,-1664.9000000000003,-0.01284026135416592,17.78636595782112,0.4621459267595235,0.019412794349002924,0.06801470588235294,2616,324.03298081667583,0.30533790588378906
2617,8338.519,1736.5266666666662,6847.999999999997,100,100,1034,2.0081690512372385,6.62282398452611,2.2811226844787598,-1736.5266666666662,-0.0034495050306705866,25.454013964709112,0.501389092163128,0.020329538674559444,0.07738970592617989,2617,324.0465258985977,0.30533790588378906
2618,8341.364,1783.736666666667,6948.666666666668,100,100,1034,2.0037609300210466,6.720180528691168,2.279318332672119,-1783.736666666667,-0.00874233541681486,31.322285525939044,0.5089102799401564,0.014905346584889819,0.06424632361706566,2618,324.05995088611223,0.30533790588378906
2619,8344.191,1828.416666666668,7029.333333333338,100,100,1033,1.9809574060978699,6.804775734107781,2.251133680343628,-1828.416666666668,-0.028790014850742677,22.09136432759902,0.5033988882513607,0.012120593284421107,0.0888480395078659,2619,324.07395325401865,0.30533790588378906
2620,8350.287,1731.2433333333342,6872.333333333334,100,100,1028,1.9953727636328655,6.68514915693904,2.2544169425964355,-1731.2433333333342,-0.0058041707996059864,16.22418768265668,0.4415319316527423,0.019054352819426534,0.08915441176470588,2620,324.0882063862829,0.30533790588378906
2621,8353.137,1721.57,6730.666666666671,100,100,1033,2.005118974516058,6.515650209745083,2.274935722351074,-1721.57,-0.015249538071015301,19.05789023287156,0.49799369187916026,0.010990144815022015,0.06030433011405608,2621,323.97362163836203,0.30533790588378906
2622,8355.956,1760.1033333333328,6899.66666666667,100,100,1032,1.9947318797894977,6.685723514211889,2.2631475925445557,-1760.1033333333328,-0.023089311249992427,22.571203007417566,0.5096469315535882,0.02224384927574326,0.08409926470588236,2622,323.9878306123258,0.30533790588378906
2623,8358.807,1811.0433333333337,7043.333333333332,100,100,1034,2.0002209855247166,6.8117343649258535,2.275428533554077,-1811.0433333333337,-0.02044932861976764,24.716676151051242,0.5044868009931901,0.008930206161868922,0.07573529420530095,2623,324.0010025725612,0.30533790588378906
2624,8361.666,1688.103333333334,6775.333333333333,100,100,1038,2.0119900783112987,6.527296082209377,2.29251766204834,-1688.103333333334,-0.009459317689213683,14.875027348013486,0.5327559209921781,0.013453982480260654,0.0839679624666186,2624,324.0143676939245,0.30533790588378906
2625,8364.538,1898.4600000000005,6945.999999999995,100,100,1033,2.021764277724868,6.724104549854787,2.307098627090454,-1898.4600000000005,-0.02976939586155555,35.96021893445183,0.5308400120805291,0.021332975240725586,0.07909517976291039,2625,324.0266347053453,0.30533790588378906
2626,8367.376,1731.5200000000007,6836.333333333331,100,100,1031,2.0047505369236482,6.630779178790816,2.2715444564819336,-1731.5200000000007,-0.021692959153476882,29.001569453407736,0.494597390294075,0.030154379495583913,0.10024947497774572,2626,324.0399232353242,0.30533790588378906
2627,8370.222,1745.3399999999995,6775.33333333333,100,100,1031,1.997543066070676,6.571613320400902,2.2657077312469482,-1745.3399999999995,0.005169208106749198,32.07515203251558,0.5256858625832725,0.02325202614370295,0.09749212203656926,2627,324.0529289235654,0.30533790588378906
2628,8373.022,1675.313333333333,6873.666666666666,100,100,1032,1.9824480608127317,6.660529715762273,2.2458765506744385,-1675.313333333333,-0.0063555476748768025,23.41785613228293,0.5587307153379216,0.03750700844616136,0.0859375,2628,324.0678243954251,0.30533790588378906
2629,8375.821,1780.4966666666674,6807.333333333333,100,100,1030,1.9688625228862522,6.609061488673139,2.2348639965057373,-1780.4966666666674,-0.01767426438848762,29.258565622217514,0.533684030175209,0.006319365922964233,0.07261029411764706,2629,324.08248441056924,0.30533790588378906
2630,8381.892,1806.490000000001,6935.333333333329,100,100,1030,1.969845048762243,6.73333333333333,2.237125873565674,-1806.490000000001,0.0014115947791758705,35.05265791275922,0.5169128933373619,0.02690015425768626,0.11688112818142947,2630,324.0965986627457,0.30533790588378906
2631,8384.714,1759.1066666666668,6916.000000000002,100,100,1031,1.9820996136273592,6.708050436469449,2.2486815452575684,-1759.1066666666668,-0.015598405536045046,29.411631191478055,0.48814736744936776,0.00443723239004612,0.08967962203656926,2631,323.98458400912824,0.30533790588378906
2632,8387.523,1701.2700000000007,6647.000000000001,100,100,1032,1.9763369191493911,6.440891472868218,2.245264768600464,-1701.2700000000007,-0.02183028551585534,24.770453649408676,0.5187127783018,0.0070448428912855245,0.09926470588235294,2632,323.9991037735239,0.30533790588378906
2633,8390.357,1796.2866666666662,6918.666666666668,100,100,1034,2.0005715644118562,6.69116698903933,2.2766804695129395,-1796.2866666666662,-0.02418140782152905,27.773880313424502,0.5149422305471757,0.01759480718550656,0.09595588244059507,2633,324.01290286657485,0.30533790588378906
2634,8393.165,1818.0766666666666,6878.000000000002,100,100,1029,1.973253643466929,6.684159378036931,2.2406325340270996,-1818.0766666666666,-0.012439419296296203,47.35069488076603,0.4777897074818611,-0.0054240826147553675,0.09200367725947324,2634,324.0271045965253,0.30533790588378906
2635,8396.039,1796.730000000001,6947.000000000004,100,100,1039,1.9888052954611881,6.686236766121274,2.277647018432617,-1796.730000000001,-0.0142522098715691,24.00637722015381,0.49074986839995666,0.016208324848455104,0.10309436347554712,2635,324.03993206833,0.30533790588378906
2636,8398.79,1800.1999999999998,6929.666666666664,100,100,1032,1.9317764533699902,6.714793281653744,2.200629949569702,-1800.1999999999998,-0.023920088513370824,35.00318903081558,0.48456469879430886,0.017637519610990936,0.11167279411764706,2636,324.05669747761436,0.30533790588378906
2637,8401.563,1799.8166666666677,6864.666666666665,100,100,1030,1.933511648354238,6.66472491909385,2.1978635787963867,-1799.8166666666677,-0.0010638920699848847,24.69371697481941,0.4298618352588485,0.024365658799069934,0.09191176470588236,2637,324.0723282624143,0.30533790588378906
2638,8404.313,1798.1499999999987,7047.666666666667,100,100,1032,1.9266575590893265,6.829134366925065,2.1954493522644043,-1798.1499999999987,-0.003433682709274923,17.281083443585565,0.4511827370699714,0.010745225976707469,0.06525735294117647,2638,324.08908550251823,0.30533790588378906
2639,8407.069,1726.1300000000006,6877.333333333332,100,100,1031,1.924429387942672,6.670546395085676,2.1882197856903076,-1726.1300000000006,0.0015812170527437154,22.483028131372787,0.45210160928614,0.023092737599440357,0.08639705882352941,2639,324.10545954492045,0.30533790588378906
2640,8412.994,1819.9133333333336,6968.666666666668,100,100,1034,1.9677166370593906,6.73952288845906,2.2441272735595703,-1819.9133333333336,-0.012447886059389394,25.879757544573614,0.5066077165743884,0.023674064247375903,0.070220588322948,2640,324.12023702802907,0.30533790588378906
2641,8415.782,1878.7333333333331,6958.666666666666,100,100,1033,1.9511391131733864,6.736366569861245,2.2271981239318848,-1878.7333333333331,-0.008371412507532275,41.5419584162095,0.49331598334452686,0.0022613539168720737,0.0832312091746751,2641,324.015525209263,0.30533790588378906
2642,8418.545,1680.0566666666668,6728.666666666671,100,100,1031,1.933932879232376,6.526349822179118,2.196682929992676,-1680.0566666666668,-0.02570483959553873,30.280621977413404,0.4930986358838923,0.032876476220896136,0.1315651264260797,2642,324.03165626632756,0.30533790588378906
2643,8421.343,1832.56,6974.0,100,100,1031,1.9440636271159195,6.764306498545102,2.2127628326416016,-1832.56,-0.005672957035986816,28.172825757194968,0.5495374193962883,0.01589098502197029,0.0980829837567666,2643,324.04641861920476,0.30533790588378906
2644,8424.553,1884.7566666666673,7158.666666666669,100,100,1028,2.3276050583457626,6.963683527885864,2.6069467067718506,-1884.7566666666673,-0.04380525106235462,28.43156093709609,0.5513125009396497,0.021788130281493068,0.12040441176470588,2644,324.0449647502348,0.30533790588378906
2645,8427.616,1838.4366666666665,7001.333333333334,100,100,1033,2.196940756605763,6.777670216198774,2.481621265411377,-1838.4366666666665,-0.03148368811782669,26.60192596211153,0.5717837021631353,0.022632834864506388,0.09844771246699725,2645,324.04974967521895,0.30533790588378906
2646,8430.642,1712.6566666666677,6813.999999999999,100,100,1029,2.1745920318393335,6.621963070942662,2.444600820541382,-1712.6566666666677,-0.012811334803700447,23.86058033213896,0.5371540521874147,0.01123841296580127,0.11746323546942543,2646,324.055505414007,0.30533790588378906
2647,8433.79,1774.79,6925.666666666667,100,100,1028,2.290562939343626,6.737029831387808,2.5627572536468506,-1774.79,0.003969897023018669,25.56249237060547,0.4858458088896924,0.007108475191189963,0.08042279411764706,2647,324.0564332911374,0.30533790588378906
2648,8436.955,1839.7300000000005,6988.66666666667,100,100,1028,2.2980376445246202,6.798313878080418,2.574087381362915,-1839.7300000000005,-0.021152533371658885,36.27675944216111,0.43690629873205633,0.020966497201965573,0.09099264705882353,2648,324.05672849023995,0.30533790588378906
2649,8440.008,1880.36,7051.999999999998,100,100,1030,2.1754067947238105,6.846601941747571,2.453803300857544,-1880.36,-0.014521001728580278,34.09844779968262,0.5141081976539948,0.017008022425751036,0.08501838235294118,2649,324.0615453247433,0.30533790588378906
2650,8446.768,1829.3500000000006,6858.000000000001,100,100,1030,2.2103042713619625,6.6582524271844665,2.489431381225586,-1829.3500000000006,-0.0036882308366544105,24.91358762628892,0.4691174889312071,0.0045063505497048885,0.06112132352941176,2650,324.06531222138227,0.30533790588378906
2651,8450.012,1799.9866666666671,6917.999999999999,100,100,1033,2.3530116170646562,6.696999031945788,2.6419522762298584,-1799.9866666666671,-0.007144287064233247,25.690656493691836,0.45523730621618386,0.018251379068447825,0.0763888889375855,2651,323.92202957410245,0.30533790588378906
2652,8452.875,1804.3299999999997,6890.999999999998,100,100,1032,2.0225261618489716,6.677325581395347,2.297398090362549,-1804.3299999999997,-0.006757020073778489,30.00529115340289,0.4750174757312326,0.024875191821004537,0.08363970588235294,2652,323.934403539154,0.30533790588378906
2653,8455.704,1797.0366666666662,6767.999999999998,100,100,1033,1.9736186811287544,6.551790900290414,2.249145984649658,-1797.0366666666662,-0.02049592093509786,23.81748154584099,0.44516286779852476,0.03382131052528754,0.07587826799820452,2653,323.9481985554129,0.30533790588378906
2654,8458.494,1975.0966666666664,7158.666666666665,100,100,1029,1.9656620034766976,6.956916099773241,2.235597848892212,-1975.0966666666664,-0.01975430975503781,33.13878233292524,0.4394034600871451,0.018414776888675988,0.051011029411764705,2654,323.963008060053,0.30533790588378906
2655,8461.284,1772.103333333334,6895.333333333331,100,100,1035,1.9541248321479214,6.662157809983895,2.231330156326294,-1772.103333333334,-0.007317712640061098,28.343395401449765,0.4922625580254723,0.017153963994453934,0.04963235294117647,2655,323.9784917520409,0.30533790588378906
2656,8464.096,1785.3733333333337,6969.333333333334,100,100,1032,1.9753215122244199,6.753229974160207,2.2455780506134033,-1785.3733333333337,0.01869331782355028,29.221291598151712,0.5301257924121969,0.040276522145551795,0.10202205882352941,2656,323.9927866336043,0.30533790588378906
2657,8466.914,1845.193333333333,6993.666666666664,100,100,1033,1.9800874146759972,6.770248467247497,2.2573351860046387,-1845.193333333333,-0.0028379455975749914,28.998366243699017,0.4744907065349467,0.029909434112008002,0.08011642186080709,2657,324.0069676555308,0.30533790588378906
2658,8469.785,1768.363333333334,7056.333333333336,100,100,1031,2.004262657021285,6.844164241836407,2.2747888565063477,-1768.363333333334,-0.005609006237457781,25.514780549442065,0.44742881550508384,0.042864154325798154,0.09565388674245161,2658,324.0188474422577,0.30533790588378906
2659,8472.606,1756.0800000000004,6821.333333333338,100,100,1032,1.978326839410209,6.609819121447033,2.24815034866333,-1756.0800000000004,-0.020963107290513375,23.736034196965836,0.46676676062976613,0.02561264776159078,0.07215073529411764,2659,324.0327626858355,0.30533790588378906
2660,8478.603,1890.8233333333335,7025.333333333333,100,100,1034,1.968510056115377,6.794326241134751,2.245089054107666,-1890.8233333333335,-0.0006374962737455088,26.63238337460686,0.4540364941691651,0.025090573602082097,0.07481617655824213,2660,324.0474910511418,0.30533790588378906
2661,8481.43,1805.3733333333328,6917.666666666667,100,100,1029,1.98657482994161,6.722708130871396,2.2529985904693604,-1805.3733333333328,-0.0011425823630655512,24.1584128632265,0.5019425881259582,0.02107004851431531,0.078125,2661,323.9388981517091,0.30533790588378906
2662,8484.268,1823.3166666666668,7068.333333333334,100,100,1034,1.9762183755061569,6.83591231463572,2.2534685134887695,-1823.3166666666668,-0.010347784661194858,24.771102288190058,0.4421135011841269,0.02788671865538858,0.09044117655824213,2662,323.9524207331568,0.30533790588378906
2663,8487.072,1763.4633333333334,6843.333333333334,100,100,1029,1.970289504713043,6.650469711694202,2.234524726867676,-1763.4633333333334,-0.025681016309296385,20.64857522179099,0.5129050463438034,0.013681093131548123,0.07518382370471954,2663,323.96660857373746,0.30533790588378906
2664,8489.866,1931.2466666666678,7045.0,100,100,1026,1.9664525347816273,6.866471734892787,2.2318129539489746,-1931.2466666666678,-0.005510309985017075,33.0842710943783,0.4695448174196131,0.025779961875420723,0.07904411764705882,2664,323.98084229895375,0.30533790588378906
2665,8492.675,1819.4433333333325,7092.666666666668,100,100,1031,1.9696888442275002,6.879405108309086,2.2361857891082764,-1819.4433333333325,-0.01823714257710997,25.141282025505514,0.4793454846915077,0.029836068142150694,0.06486344556598102,2665,323.9951401416098,0.30533790588378906
2666,8495.463,1868.9600000000005,7149.999999999998,100,100,1031,1.9496446198744972,6.935014548981569,2.2209551334381104,-1868.9600000000005,-0.017971343251273912,27.05416438158821,0.4692123365752837,0.02094215162180583,0.06355042054372675,2666,324.010156944095,0.30533790588378906
2667,8498.285,1912.3666666666657,7056.333333333332,100,100,1031,1.9770102831964118,6.8441642418364035,2.2524988651275635,-1912.3666666666657,0.009994844358195277,32.77755226808436,0.49330947329016295,0.026773917964687022,0.07510504258029602,2667,324.023865414826,0.30533790588378906
2668,8501.168,1760.6733333333325,6907.666666666668,100,100,1032,1.9942948633268864,6.693475452196384,2.2674946784973145,-1760.6733333333325,0.011480463887838757,37.698768223033234,0.4953824833912008,0.020636308815001565,0.06387867647058823,2668,324.0353585462553,0.30533790588378906
2669,8503.963,1799.289999999999,7040.999999999999,100,100,1031,1.9675825401159612,6.82929194956353,2.2343862056732178,-1799.289999999999,-0.023630513973972377,31.749081218943875,0.481831893324852,0.01854267786256969,0.0837053573306869,2669,324.05010367110054,0.30533790588378906
2670,8510.033,1904.2066666666678,7164.333333333337,100,100,1034,1.9737648949021658,6.928755641521602,2.2525596618652344,-1904.2066666666678,-0.025857640156412825,27.12172440921559,0.480478229768136,0.0033990288605256114,0.07867647071971613,2670,324.06352766944656,0.30533790588378906
2671,8512.819,1823.7499999999998,7141.333333333331,100,100,1033,1.9525786042925681,6.913197805743787,2.223100423812866,-1823.7499999999998,-0.012987259299466935,28.066988384022434,0.4314151493942036,0.031639759962940044,0.06811683011405609,2671,323.9558026810657,0.30533790588378906
2672,8515.622,1813.3400000000004,6954.0,100,100,1032,1.9621916642988302,6.738372093023256,2.2361083030700684,-1813.3400000000004,-0.009833155172493528,22.625159431906308,0.4386121823507197,0.022404929486048573,0.07858455882352941,2672,323.9703695623832,0.30533790588378906
2673,8518.368,1878.2433333333329,7158.000000000004,100,100,1032,1.9242107550534167,6.936046511627911,2.1945595741271973,-1878.2433333333329,0.016202732865862986,28.065025021048154,0.4123641112271477,0.02093521207707989,0.06020220588235294,2673,323.9871130293877,0.30533790588378906
2674,8521.154,1761.0266666666669,6885.999999999997,100,100,1038,1.9349386308365546,6.633911368015411,2.215393304824829,-1761.0266666666669,-0.015861256239826187,24.353317990022546,0.49179795384407043,0.030076733242501232,0.09020483230843264,2674,324.00294716602764,0.30533790588378906
2675,8523.874,1697.9266666666672,6838.666666666666,100,100,1022,1.9405936397869075,6.691454664057403,2.1814472675323486,-1697.9266666666672,-0.013373795023653656,28.410895586013794,0.470961544662714,0.03367226880072849,0.06508316518738866,2675,324.0194690979732,0.30533790588378906
2676,8526.622,1823.41,6923.666666666667,100,100,1028,1.9172236403986695,6.735084306095979,2.1772220134735107,-1823.41,0.001231964787139612,25.911982648512897,0.4493095042074428,0.03223028078141129,0.08547794117647059,2676,324.03558183962525,0.30533790588378906
2677,8529.416,1792.7633333333347,6919.333333333333,100,100,1039,1.9452973073742803,6.659608598010908,2.229790210723877,-1792.7633333333347,-0.00640098810853327,22.76418447494507,0.46347471721032085,0.02156836785691078,0.09353553942021202,2677,324.051248571786,0.30533790588378906
2678,8532.22,1790.8933333333323,6854.000000000003,100,100,1032,1.9548473822840944,6.641472868217057,2.2263896465301514,-1790.8933333333323,-0.005124829106909388,29.385064181159525,0.46078279965064106,0.021428697406971717,0.10110294117647059,2678,324.06573603183267,0.30533790588378906
2679,8534.972,1856.2033333333338,7094.66666666667,100,100,1034,1.9241767899201718,6.861379754996779,2.1980741024017334,-1856.2033333333338,-0.02422626387766179,24.12447250590605,0.3976447652367985,0.016447673702393386,0.08327205895501025,2679,324.0823658305085,0.30533790588378906
2680,8540.959,1803.1566666666665,7000.666666666666,100,100,1034,1.9546631525263436,6.770470664087685,2.2269186973571777,-1803.1566666666665,-0.011848149875945905,32.4641814512365,0.43517384809606213,0.018654083333197322,0.06433823529411764,2680,324.09744183721705,0.30533790588378906
2681,8544.047,1782.07,6813.666666666668,100,100,1033,2.1918786056060253,6.595998709261053,2.4762847423553467,-1782.07,-0.009374583276974805,22.971500929664163,0.40606605743660645,0.006363518344347968,0.0754187091746751,2681,323.980069669774,0.30533790588378906
2682,8547.125,1812.8866666666663,6969.333333333331,100,100,1030,2.1961231060434603,6.766343042071195,2.4717462062835693,-1812.8866666666663,-0.003690787700607496,20.23924207687378,0.4097936188473421,0.02015539668226505,0.10355392186080709,2682,323.98389435519425,0.30533790588378906
2683,8550.336,1695.2233333333343,6807.999999999998,100,100,1024,2.3812525408857255,6.648437499999998,2.640516519546509,-1695.2233333333343,-0.014970208867453039,26.940916061401367,0.4534770483151078,0.022342011721775634,0.10546875,2683,323.9820050093419,0.30533790588378906
2684,8553.607,1648.9733333333343,6692.333333333338,100,100,1028,2.4011028205327225,6.510051880674453,2.6710870265960693,-1648.9733333333343,-0.012581653838210246,25.26526173423318,0.4377784755300073,0.020303996060700977,0.08777573529411764,2684,323.97828825149617,0.30533790588378906
2685,8556.663,1622.1099999999997,6692.999999999998,100,100,1025,2.2189597066537274,6.529756097560973,2.474571466445923,-1622.1099999999997,0.036537272883031296,34.42857928135816,0.5026296990759233,0.011222631047370242,0.0822610294117647,2685,323.9823650339323,0.30533790588378906
2686,8559.743,1689.763333333334,6818.000000000002,100,100,1035,2.2120268586888043,6.587439613526572,2.4947874546051025,-1689.763333333334,-0.010031419641831341,25.166239850661334,0.4517979937441209,0.02890598830109572,0.12972092277863445,2686,323.9867267146372,0.30533790588378906
2687,8563.074,1775.3866666666652,6933.999999999997,100,100,1039,2.4341285848117025,6.6737247353224225,2.738312244415283,-1775.3866666666652,-0.02298798828440554,23.19407813689288,0.4990298090612187,0.02223571718615644,0.1106617652318057,2687,323.98200311410056,0.30533790588378906
2688,8566.4,1719.9700000000003,6999.333333333335,100,100,1037,2.432153424160086,6.749598199935713,2.73036789894104,-1719.9700000000003,-0.006121009588241577,21.109480044421026,0.5178295023301068,0.022537637638914233,0.11711679881109911,2688,323.9772766454274,0.30533790588378906
2689,8569.477,1833.0466666666675,7071.999999999996,100,100,1034,2.187486656115533,6.839458413926495,2.471644163131714,-1833.0466666666675,-0.02581932521699106,22.702091160942526,0.6045935916550019,0.029727412086418447,0.1268382357323871,2689,323.98161605244275,0.30533790588378906
2690,8575.958,1748.8133333333335,7054.666666666668,100,100,1034,2.210422340650796,6.822695035460994,2.491196870803833,-1748.8133333333335,-0.02288803315776236,19.620561824125403,0.544520790962612,0.01746797827003962,0.09540441194001366,2690,323.9861366664534,0.30533790588378906
2691,8578.911,1770.8233333333335,6824.666666666668,100,100,1029,2.0922948484127097,6.632329122125042,2.3581864833831787,-1770.8233333333335,-0.014303966699277653,19.291626867126016,0.5687859838499743,0.0037903502747854765,0.0733455884106019,2691,323.8658224464596,0.30533790588378906
2692,8582.089,1732.7799999999988,6966.999999999999,100,100,1032,2.3011793613717204,6.750968992248061,2.5806078910827637,-1732.7799999999988,0.0034362407510771472,23.505024853874655,0.5427913323921316,0.016717412397744793,0.09145220588235294,2692,323.86611937405564,0.30533790588378906
2693,8585.246,1857.503333333334,7020.333333333335,100,100,1032,2.2827427330708434,6.802648578811371,2.5661284923553467,-1857.503333333334,-0.02673653031096739,19.112976887646845,0.5415935218334198,0.015020448574111523,0.07720588235294118,2693,323.86727831041986,0.30533790588378906
2694,8588.187,1736.6999999999991,6836.0,100,100,1029,2.093329541231311,6.643343051506317,2.358429193496704,-1736.6999999999991,-0.019208956948098016,24.435176568872787,0.5627622095977559,0.022057632388382712,0.09273897067588918,2694,323.8761386117399,0.30533790588378906
2695,8591.084,1686.716666666666,6795.333333333332,100,100,1033,2.050535332786581,6.578251048725394,2.3209540843963623,-1686.716666666666,-0.021603216252782765,19.850610985475427,0.5004965347402236,0.020926763190586558,0.09900939552222981,2695,323.8872220506616,0.30533790588378906
2696,8594.199,1898.006666666667,7133.66666666667,100,100,1034,2.240694874093275,6.899097356544168,2.5280396938323975,-1898.006666666667,-0.0052440428339383185,31.18624692804673,0.5559457558042863,0.008982710252680322,0.10983455926179886,2696,323.89015005059963,0.30533790588378906
2697,8597.262,1754.2700000000007,6907.333333333334,100,100,1034,2.1927682778571067,6.680206318504191,2.4740090370178223,-1754.2700000000007,-0.015612094690475394,19.745822008918314,0.5763719949652167,0.009991005610893755,0.05698529411764706,2697,323.894988162555,0.30533790588378906
2698,8600.278,1776.0300000000002,6933.333333333335,100,100,1040,2.1217999048531055,6.666666666666668,2.414677619934082,-1776.0300000000002,-0.0015636322033755919,21.622430156258975,0.5520533428472632,0.0032281192183932837,0.05974264705882353,2698,323.9023343252572,0.30533790588378906
2699,8603.244,1771.7999999999995,6974.666666666669,100,100,1034,2.093371661263743,6.745325596389428,2.3711955547332764,-1771.7999999999995,0.003683302058454822,16.164506435394287,0.5840106299694847,0.009244816569501864,0.06718750013148084,2699,323.9108457337807,0.30533790588378906
2700,8609.942,1770.6866666666656,6913.333333333333,100,100,1033,2.2723663117987214,6.692481445627622,2.5564754009246826,-1770.6866666666656,-0.00941054358640138,23.35639420677634,0.5619286062086329,0.0017665526555741533,0.06806576799820452,2700,323.9118099054808,0.30533790588378906
2701,8613.247,1639.9266666666654,6740.666666666663,100,100,1031,2.411161492818968,6.537989007436143,2.6896185874938965,-1639.9266666666654,-0.024870656102019197,20.76711343316471,0.5176473426468232,0.011510475175729132,0.09066439113196205,2701,323.7742804886968,0.30533790588378906
2702,8616.562,1721.3999999999994,6915.333333333332,100,100,1030,2.435035339683222,6.713915857605177,2.7136881351470947,-1721.3999999999994,-0.01817144568571273,15.679023448158713,0.5036316619199865,0.008358873557025456,0.07506127480198355,2702,323.76926755327366,0.30533790588378906
2703,8619.611,1851.9333333333334,7128.333333333333,100,100,1031,2.1912458761045066,6.913999353378596,2.4693374633789062,-1851.9333333333334,-0.024042461670058614,20.381441207493054,0.527938557898297,0.02053313473623027,0.07582720588235294,2703,323.7743642689322,0.30533790588378906
2704,8622.703,1813.9000000000003,6944.666666666666,100,100,1035,2.225914203948769,6.709822866344605,2.513345718383789,-1813.9000000000003,-0.026684081264059332,16.58062401939841,0.5294329164659276,0.002659242011277991,0.07215073529411764,2704,323.7782765754335,0.30533790588378906
2705,8626.008,1846.880000000002,7004.3333333333385,100,100,1036,2.41574807102436,6.760939510939516,2.713502883911133,-1846.880000000002,-0.0237167449120213,27.41989741605871,0.5209646207444808,0.0021359876400845893,0.06495098046520177,2705,323.7743428737371,0.30533790588378906
2706,8629.311,1825.8033333333324,6993.666666666665,100,100,1031,2.4264437433514674,6.78338182993857,2.7108187675476074,-1825.8033333333324,-0.0016768212320611758,18.14181900024414,0.5727874303565306,0.011168936233255355,0.06256565144833397,2706,323.7698896571698,0.30533790588378906
2707,8632.246,1797.5066666666671,6896.333333333335,100,100,1032,2.08681356613055,6.682493540051681,2.360001802444458,-1797.5066666666671,-0.013128681491841288,20.690132968565997,0.5897173714988372,0.014214154442443568,0.058823529411764705,2707,323.77934137727374,0.30533790588378906
2708,8635.085,1851.936666666667,7031.000000000003,100,100,1031,1.9872557713083785,6.8195926285160064,2.261077642440796,-1851.936666666667,-0.0028958341435474507,23.419556982376996,0.6350912188782412,0.01090793231389184,0.057510504389510435,2708,323.7922927618638,0.30533790588378906
2709,8637.887,1758.7066666666672,6944.000000000005,100,100,1035,1.9671996124088764,6.709178743961357,2.242051124572754,-1758.7066666666672,-0.021976093049435055,17.632664848776425,0.6139933160122704,0.010722112102324472,0.10185494668343488,2709,323.807071126552,0.30533790588378906
2710,8643.848,1752.7799999999988,6825.666666666664,100,100,1032,1.9509678300652407,6.614018087855295,2.2186942100524902,-1752.7799999999988,-0.02074964941643617,17.092297638163846,0.5755341035478255,0.0013240037472261226,0.057904411764705885,2710,323.8220207740077,0.30533790588378906
2711,8646.661,1868.6466666666656,7095.999999999995,100,100,1035,1.9571358430230819,6.856038647342991,2.234649181365967,-1868.6466666666656,0.0018385924837168526,17.86702902176801,0.5452295857317307,0.0133278086740414,0.06112132352941176,2711,323.7175666330797,0.30533790588378906
2712,8649.464,1912.6499999999985,7173.666666666662,100,100,1034,1.9623857833457683,6.9377820760799445,2.2409958839416504,-1912.6499999999985,-0.016947568120325312,29.13825803644517,0.5854051148190218,0.009150482303298572,0.07371323533794459,2712,323.732189759752,0.30533790588378906
2713,8652.258,1808.080000000001,6862.666666666668,100,100,1031,1.9538716783893415,6.6563207242159725,2.2245564460754395,-1808.080000000001,-0.0222449989112861,37.19357003885157,0.5206854685264475,0.011544326467521708,0.06899947497774572,2713,323.746814423185,0.30533790588378906
2714,8655.054,1670.6700000000005,6851.333333333337,100,100,1035,1.950567825427414,6.619645732689214,2.219139575958252,-1670.6700000000005,-0.016185759183238533,24.217566097483914,0.5844657386050505,0.0135430489317514,0.07336229962461135,2714,323.7618272143094,0.30533790588378906
2715,8657.851,1861.5633333333335,7003.33333333333,100,100,1032,1.9642634686378604,6.786175710594312,2.235666275024414,-1861.5633333333335,-0.013120382914648336,29.61816728816313,0.6636593587258283,0.015446530970032601,0.07674632352941177,2715,323.7764060108625,0.30533790588378906
2716,8660.653,1799.236666666668,6856.0,100,100,1031,1.9265609117230234,6.649854510184287,2.193063735961914,-1799.236666666668,-0.049653532476547885,26.762954487520105,0.6499756416853737,0.0034988150719608016,0.07602416066562429,2716,323.7907035789153,0.30533790588378906
2717,8663.885,1822.1333333333328,7042.666666666664,100,100,1030,2.3511103868656296,6.837540453074431,2.6329867839813232,-1822.1333333333328,-0.02384992831331842,22.57874247607063,0.6516675738727346,0.0025810931384673014,0.08854166681275648,2717,323.7888098578215,0.30533790588378906
2718,8666.962,1732.6766666666674,6832.33333333334,100,100,1030,2.196886019840005,6.63333333333334,2.4683756828308105,-1732.6766666666674,-0.02875056180774289,22.359940921559055,0.578807104159804,0.003155269064283108,0.11580882352941177,2718,323.79269275474246,0.30533790588378906
2719,8670.042,1809.063333333333,7030.666666666666,100,100,1033,2.1945317516992335,6.806066473055824,2.4762625694274902,-1809.063333333333,-0.018820057403953636,26.11610545831568,0.6348560619003633,0.005510294118293506,0.08787785952582079,2719,323.7967997595468,0.30533790588378906
2720,8676.969,1775.85,6854.333333333335,100,100,1030,2.388282328193049,6.654692556634306,2.6690988540649414,-1775.85,-0.03987285198972506,25.1131973547094,0.6018792434650309,0.00941480665043106,0.0966605395078659,2720,323.7938429630871,0.30533790588378906
2721,8680.017,1735.3299999999997,6852.666666666669,100,100,1034,2.177209672166802,6.627337201805289,2.4591457843780518,-1735.3299999999997,-0.014127659227918176,19.261495562160718,0.6637842848020441,0.011201991186038974,0.07233455886735636,2721,323.6625364307284,0.30533790588378906
2722,8683.053,1791.6533333333327,6917.0,100,100,1032,2.181398545350345,6.702519379844961,2.459557056427002,-1791.6533333333327,-0.018454427556956515,22.904676914215088,0.6854957868071163,0.0027538093888913005,0.07674632352941177,2722,323.66817892391435,0.30533790588378906
2723,8686.313,1878.309999999999,7178.000000000001,100,100,1034,2.3833270786137355,6.941972920696326,2.677307605743408,-1878.309999999999,-0.02968650568714913,30.51803543988396,0.6463987450389301,0.004211729412953205,0.06378676479353625,2723,323.66573527239586,0.30533790588378906
2724,8689.525,1864.2,6915.333333333333,100,100,1031,2.3322796304985722,6.707403815066279,2.617562770843506,-1864.2,-0.012626706841675675,24.640174360836255,0.5783970750430051,0.008792554110507755,0.0736607146613738,2724,323.6647610502763,0.30533790588378906
2725,8692.419,1773.85,6799.666666666668,100,100,1030,2.0640087386285795,6.601618122977348,2.3344526290893555,-1773.85,-0.043082015424528546,22.739970487706803,0.5498435865430271,0.009733888587695272,0.08915441176470588,2725,323.6754808830584,0.30533790588378906
2726,8695.301,1785.5466666666666,6925.0,100,100,1029,2.023585230081303,6.729834791059281,2.293456792831421,-1785.5466666666666,-0.021029760184533456,31.552232517915613,0.5573608840213102,0.011612690163447577,0.07215073529411764,2726,323.686569250595,0.30533790588378906
2727,8698.167,1764.2,6833.999999999998,100,100,1037,2.0032496615461177,6.5901639344262275,2.286710500717163,-1764.2,-0.016332464402212817,33.20327941109152,0.5785316185039633,0.007844689699328122,0.07335265901158838,2727,323.6991250418725,0.30533790588378906
2728,8701.0,1878.4966666666671,7166.666666666667,100,100,1033,1.9915040649134677,6.937721845756696,2.268615484237671,-1878.4966666666671,-0.019849839401157462,25.00585407369277,0.5576901164124993,0.007033191624727538,0.08282271246699725,2728,323.7124435011486,0.30533790588378906
2729,8703.815,1790.3933333333332,6933.666666666669,100,100,1034,1.9817130568768735,6.705673758865251,2.2569406032562256,-1790.3933333333332,-0.014054199050673667,24.894099852618048,0.5625928579007878,0.00974060465609107,0.06709558823529412,2729,323.7265500584455,0.30533790588378906
2730,8709.891,1741.503333333333,6914.666666666668,100,100,1036,1.9925023183230182,6.674388674388676,2.270164966583252,-1741.503333333333,-0.03331276401877403,30.315776768852682,0.5148599445819855,0.008146037477726006,0.08992034328334472,2730,323.73978690608453,0.30533790588378906
2731,8712.729,1671.9133333333345,6669.666666666671,100,100,1026,1.999137913476908,6.500649772579601,2.252065896987915,-1671.9133333333345,-0.048673640333992595,24.948569353889017,0.45553293320186,0.010986205341075273,0.078125,2731,323.6319919997623,0.30533790588378906
2732,8715.566,1776.0500000000009,6984.333333333336,100,100,1035,1.9959212551883236,6.74814814814815,2.272094488143921,-1776.0500000000009,-0.009009442483896719,23.50592801150154,0.5103121452471789,0.010989116984145605,0.06976938510642332,2732,323.6453996274024,0.30533790588378906
2733,8718.408,1755.6466666666674,7040.000000000002,100,100,1032,2.007777420573781,6.821705426356591,2.2768688201904297,-1755.6466666666674,-0.01464654880521052,22.735543671776266,0.5554190917926676,0.011035405934843071,0.07490808823529412,2733,323.65829146587134,0.30533790588378906
2734,8721.25,1764.983333333333,6893.66666666667,100,100,1032,1.9997600768331814,6.679909560723517,2.2686290740966797,-1764.983333333333,-0.02637362392509685,17.40194329093484,0.5823218524456024,0.007916707792045438,0.07077205882352941,2734,323.67113081235,0.30533790588378906
2735,8724.085,1763.9066666666668,6963.000000000002,100,100,1031,1.9866346277045421,6.753637245392825,2.2557671070098877,-1763.9066666666668,-0.012057283564525493,22.26013245302088,0.5130895796944114,0.00477742709678269,0.07313550438951044,2735,323.68415874539704,0.30533790588378906
2736,8726.912,1777.97,7021.666666666666,100,100,1037,1.9848315318482375,6.771134683381549,2.2661406993865967,-1777.97,-0.024381102720165953,26.236547974979175,0.5333749800920486,0.008567222733023194,0.08031674255343045,2736,323.6981105827375,0.30533790588378906
2737,8729.733,1775.8799999999976,6898.666666666663,100,100,1032,1.973179362122287,6.684754521963821,2.243027448654175,-1775.8799999999976,-0.0023883404210209846,27.51315913480871,0.5417344903244692,0.01203317886136253,0.0744485294117647,2737,323.7117397456551,0.30533790588378906
2738,8732.551,1806.4966666666678,6965.000000000004,100,100,1030,1.9742691247425612,6.762135922330101,2.2401363849639893,-1806.4966666666678,0.0048072948394452825,33.31962966918945,0.5399410128593445,0.0031121396459639072,0.07613357857746236,2738,323.72522580646023,0.30533790588378906
2739,8735.355,1711.8300000000008,6745.333333333336,100,100,1030,1.976317863965642,6.54886731391586,2.2390596866607666,-1711.8300000000008,-0.014106574030045201,22.799665927886963,0.5087224867414025,0.005774369418812806,0.08486519622452118,2739,323.7392152192368,0.30533790588378906
2740,8741.39,1759.4100000000005,6880.000000000002,100,100,1031,1.9963900095699165,6.673132880698353,2.265101671218872,-1759.4100000000005,-0.01990682730341659,22.81389351452098,0.4706116441418143,0.016756774138604456,0.08278623968362808,2740,323.75179805638265,0.30533790588378906
2741,8744.239,1798.1299999999997,6839.333333333331,100,100,1036,1.9685273157822825,6.6016731016731,2.246666193008423,-1798.1299999999997,-0.011560792870381299,22.784767767962286,0.5091082032989053,0.0025606480810572117,0.060355392229907656,2741,323.6466853236531,0.30533790588378906
2742,8747.063,1756.1933333333332,6907.999999999995,100,100,1030,1.9812803877092608,6.70679611650485,2.24600887298584,-1756.1933333333332,-0.014641761492170832,24.24515499788172,0.46217947672395143,0.0056041917174725845,0.07904411764705882,2742,323.6599349858901,0.30533790588378906
2743,8749.912,1828.5533333333324,7189.999999999998,100,100,1034,2.0045531928049294,6.953578336557058,2.2805540561676025,-1828.5533333333324,-0.03454155277679948,23.251365493325626,0.49145622025517854,0.004747394171050366,0.07481617655824213,2743,323.6727496531051,0.30533790588378906
2744,8752.72,1715.7700000000018,6778.666666666671,100,100,1035,1.9651392271184331,6.549436392914657,2.237576723098755,-1715.7700000000018,-0.012115676942117074,20.868134105906766,0.4778321376618217,0.006395603064447641,0.06701203216524686,2744,323.6871458330709,0.30533790588378906
2745,8755.522,1679.556666666667,6838.666666666664,100,100,1042,1.9516814768228559,6.563019833653229,2.238361120223999,-1679.556666666667,-0.024747340939939022,32.0194299361285,0.512177065891378,0.01534874492619351,0.08813316999551128,2745,323.7025597692832,0.30533790588378906
2746,8758.273,1635.263333333334,6709.666666666671,100,100,1030,1.9372922324268056,6.514239482200651,2.193190574645996,-1635.263333333334,-0.006144058014101842,30.42727044049431,0.5099488935049843,0.009365067806998816,0.0883884806843365,2746,323.71852269127305,0.30533790588378906
2747,8761.046,1789.3566666666677,6969.333333333332,100,100,1034,1.924263153313452,6.740167633784654,2.1955997943878174,-1789.3566666666677,-0.021046891753726146,20.217176886165845,0.5198775486034506,0.0110668468165814,0.06406250004382695,2747,323.734053868808,0.30533790588378906
2748,8763.816,1846.03,7018.666666666664,100,100,1034,1.9382532867035565,6.787878787878785,2.210829496383667,-1846.03,-0.01242805239470566,22.465228894177606,0.5300688191371805,0.0061636746395379305,0.07711397067588918,2748,323.74973877148835,0.30533790588378906
2749,8766.596,1714.286666666668,6843.000000000002,100,100,1034,1.939286074463307,6.617988394584141,2.2091245651245117,-1714.286666666668,-0.013182953054852346,23.946147301617792,0.492070511860006,0.01862786604118917,0.08033088244059507,2749,323.76498811194,0.30533790588378906
2750,8772.548,1715.6833333333325,6868.000000000001,100,100,1042,1.954256335158087,6.591170825335894,2.2404487133026123,-1715.6833333333325,-0.03396425275679897,21.27460538639742,0.49181974021827474,0.014707702527041821,0.0825163398814552,2750,323.7799868605223,0.30533790588378906
2751,8775.342,1775.0766666666657,6932.0,100,100,1032,1.9578059119769813,6.717054263565892,2.225539445877075,-1775.0766666666657,-0.021977952626698157,24.64032492918127,0.5291813156184029,0.004186846144661745,0.09237132352941177,2751,323.67866060347643,0.30533790588378906
2752,8778.139,1758.3699999999997,6810.666666666663,100,100,1036,1.9409207510986657,6.574002574002571,2.217076063156128,-1758.3699999999997,-0.016083765665397924,25.464388286366184,0.5020558255560258,0.01545565513044815,0.078125,2752,323.6935594270066,0.30533790588378906
2753,8780.948,1836.3400000000008,6937.333333333332,100,100,1039,1.9253972080590864,6.676932948347769,2.2066597938537598,-1836.3400000000008,-0.02696731489370851,20.805790424346924,0.5325618745649562,0.007751369167475358,0.0759803926681771,2753,323.708341620174,0.30533790588378906
2754,8783.891,1731.8733333333328,6887.666666666666,100,100,1021,2.113006755789007,6.746000652954619,2.3609044551849365,-1731.8733333333328,-0.017497136374004185,17.802822083234787,0.49342523608356714,0.005502395135408733,0.09334976878017187,2754,323.7161176667889,0.30533790588378906
2755,8786.973,1714.8033333333328,6773.000000000002,100,100,1026,2.2071416151199714,6.601364522417156,2.469715118408203,-1714.8033333333328,-0.03155401190195013,19.955686884767868,0.4892713164581972,0.007262477171881234,0.06479779411764706,2755,323.7193302158998,0.30533790588378906
2756,8790.246,1809.5333333333342,7065.333333333332,100,100,1031,2.3636944715302186,6.852893630779177,2.645576238632202,-1809.5333333333342,-0.0016731855678646004,22.484553785885083,0.510767904274604,0.004492689458215062,0.0661764705882353,2756,323.71606702448173,0.30533790588378906
2757,8793.437,1632.9733333333324,6710.000000000001,100,100,1037,2.292652942218684,6.470588235294119,2.58015775680542,-1632.9733333333324,-0.023880535462761626,26.455005309161017,0.5199250535053366,0.010375432019560215,0.08487697997513939,2757,323.716545119972,0.30533790588378906
2758,8796.472,1754.4133333333343,6776.333333333333,100,100,1030,2.1650633026475035,6.578964401294498,2.4369394779205322,-1754.4133333333343,-0.005861372084302061,22.179753499872543,0.5185498253387564,0.007360509716604343,0.06755514705882353,2758,323.7219578002173,0.30533790588378906
2759,8799.573,1670.3933333333323,6697.666666666666,100,100,1028,2.23887869444991,6.515239948119325,2.5066721439361572,-1670.3933333333323,-0.0353103560012053,18.508684032103595,0.4955221370739095,0.006308995139346842,0.07261029411764706,2759,323.7246893488193,0.30533790588378906
2760,8806.355,1689.799999999999,6768.666666666666,100,100,1031,2.2884512108558233,6.565147106369221,2.5658345222473145,-1689.799999999999,-0.03375879488885403,23.338854116552017,0.4972924712826224,0.02068834048558903,0.07280724846264895,2760,323.7254164156965,0.30533790588378906
2761,8809.472,1642.6866666666665,6796.666666666669,100,100,1031,2.2348718706176958,6.5923052053022975,2.5051701068878174,-1642.6866666666665,-0.01648814373594873,27.9138926337747,0.471789712415022,0.013715996153597884,0.07457983230843264,2761,323.5949866365311,0.30533790588378906
2762,8812.387,1863.219999999999,7028.33333333333,100,100,1034,2.069038201039711,6.797227595099932,2.3487558364868164,-1863.219999999999,-0.02431077794993625,26.151845371021945,0.5258151625885683,0.004281618885750718,0.0843750003944425,2762,323.6052858952808,0.30533790588378906
2763,8815.256,1795.0700000000004,6923.999999999998,100,100,1032,2.010867538272634,6.709302325581394,2.2849950790405273,-1795.0700000000004,-0.009930463507771492,22.907439680660474,0.4940038700314129,0.009801662842030911,0.07215073529411764,2763,323.6170239006609,0.30533790588378906
2764,8818.113,1714.003333333332,6792.666666666663,100,100,1041,1.988872816816588,6.5251360870957384,2.2760770320892334,-1714.003333333332,-0.016335208462003398,27.627774575177362,0.44741184571210074,0.007119998931610847,0.06687932527240585,2764,323.63024328502183,0.30533790588378906
2765,8820.936,1703.4033333333336,6824.666666666668,100,100,1038,1.9810159928667823,6.574823378291588,2.261092185974121,-1703.4033333333336,-0.02467010493445046,21.091668072868796,0.46000276505947113,0.01890228646944332,0.07891281562692978,2765,323.64433998438403,0.30533790588378906
2766,8823.767,1886.7033333333331,7081.999999999998,100,100,1029,1.9846119531235713,6.882410106899901,2.2539947032928467,-1886.7033333333331,-0.025791731416521704,35.68753343469956,0.4846176697927363,0.0024678968886077844,0.06020220588235294,2766,323.65712906660565,0.30533790588378906
2767,8826.615,1819.3833333333325,6824.333333333331,100,100,1032,1.9761456395255748,6.612726098191213,2.250990152359009,-1819.3833333333325,-0.03276725918711985,23.846904305850757,0.4695736502899843,0.009558518389787744,0.09466911764705882,2767,323.6695989726311,0.30533790588378906
2768,8829.472,1777.2933333333349,7003.333333333335,100,100,1030,2.019913786755495,6.799352750809063,2.2898471355438232,-1777.2933333333349,-0.023575002875398186,16.703308385961197,0.46326107663266797,0.00950050141032347,0.06985294117647059,2768,323.68151672413234,0.30533790588378906
2769,8832.276,1727.9200000000003,6874.666666666666,100,100,1031,1.971609602301995,6.667959909473003,2.235703945159912,-1727.9200000000003,-0.007316592368571197,17.80401628157672,0.4527791300240685,0.020070753022617495,0.09073004258029602,2769,323.69550519271064,0.30533790588378906
2770,8838.303,1706.4200000000005,6946.333333333331,100,100,1038,1.972897495510979,6.692035966602439,2.250434160232544,-1706.4200000000005,-0.00548710476826219,27.09284210205078,0.46652797653394584,0.010758795398835312,0.08442752129014801,2770,323.70934473748906,0.30533790588378906
2771,8841.133,1769.9566666666653,6883.999999999999,100,100,1031,1.9808598462298916,6.6770126091173605,2.2476494312286377,-1769.9566666666653,-0.003218001192983459,21.180928314433377,0.46721027353230643,0.013853346730363281,0.08107930728617836,2771,323.60524820955595,0.30533790588378906
2772,8843.988,1801.8966666666663,7049.333333333333,100,100,1040,1.9886160577208591,6.778205128205128,2.2763102054595947,-1801.8966666666663,-0.007779987145434408,25.963100826039035,0.47732575763674345,0.010367588818018489,0.0703125,2772,323.61836116609936,0.30533790588378906
2773,8846.806,1793.8133333333349,6970.000000000004,100,100,1035,1.9757264731271904,6.734299516908216,2.2540934085845947,-1793.8133333333349,-0.026286141727777088,23.12001034792732,0.5076072952326607,0.010607831695404671,0.06930982628289391,2773,323.63227310468164,0.30533790588378906
2774,8849.618,1875.013333333334,7232.000000000004,100,100,1035,1.955786377645957,6.987439613526574,2.2325100898742676,-1875.013333333334,-0.025418713051990113,24.653171371011172,0.5011476567562889,0.01396581984590739,0.07382185844814076,2774,323.6464112495961,0.30533790588378906
2775,8852.424,1774.236666666667,6819.333333333336,100,100,1033,1.9689162654192742,6.601484349790257,2.2426092624664307,-1774.236666666667,-0.008217482772820136,23.129470600801355,0.4781733777593164,0.02385544278385008,0.1195874183493502,2775,323.6605169486532,0.30533790588378906
2776,8855.252,1731.513333333334,6855.333333333335,100,100,1033,1.979628945556573,6.636334301387546,2.2494492530822754,-1731.513333333334,-0.03131641376325313,21.394253562478458,0.48391083145842834,0.015351682401481359,0.11044730399461354,2776,323.67377752450113,0.30533790588378906
2777,8858.06,1784.16,6981.333333333334,100,100,1032,1.958592248969538,6.764857881136951,2.2268238067626953,-1784.16,-0.026598555693293318,24.07791550019208,0.45589587793630715,0.007193735663724297,0.11488970588235294,2777,323.68768678266423,0.30533790588378906
2778,8860.876,1787.6366666666665,6960.333333333331,100,100,1032,1.9763993209204456,6.744509043927646,2.2480006217956543,-1787.6366666666665,-0.005602351526784546,26.965094313902014,0.44193583595402103,0.0023785731481278643,0.06755514705882353,2778,323.70127801062625,0.30533790588378906
2779,8863.736,1776.3066666666664,6928.666666666664,100,100,1041,1.9826433218981603,6.655779699007362,2.2689731121063232,-1776.3066666666664,-0.027658035047352314,27.76756550283993,0.46795373979736776,0.014655255887191743,0.09066825261449113,2779,323.7143025748338,0.30533790588378906
2780,8869.818,1698.8633333333337,6934.333333333335,100,100,1038,1.9795018308149985,6.680475272960823,2.2594003677368164,-1698.8633333333337,-0.010745460605796646,19.02196241827572,0.5131512345636592,0.01194457070189802,0.06532300438951044,2780,323.7275575151481,0.30533790588378906
2781,8872.63,1830.8666666666659,6999.333333333333,100,100,1034,1.9502475828687142,6.769181173436492,2.2250189781188965,-1830.8666666666659,-0.014465276864083373,30.17267168269438,0.4863595278824077,0.009801203556194463,0.07215073529411764,2781,323.6233136529206,0.30533790588378906
2782,8875.449,1844.6366666666663,7011.666666666667,100,100,1030,1.9765022323801391,6.807443365695793,2.2456064224243164,-1844.6366666666663,-0.04736945038551793,27.571955540600946,0.5208334554644192,0.006996815483195379,0.07552083362551297,2782,323.6365855265181,0.30533790588378906
2783,8878.261,1709.1400000000003,6892.333333333337,100,100,1041,1.9503145053263442,6.62087736151137,2.2322945594787598,-1709.1400000000003,-0.007645245970172041,25.859883532804602,0.4931468428934322,0.014206266872968306,0.08528871133046992,2783,323.6513456182485,0.30533790588378906
2784,8881.045,1742.2733333333335,6777.666666666669,100,100,1034,1.9378440045459804,6.5548033526756955,2.2094340324401855,-1742.2733333333335,-0.03010848898659734,22.474025389727423,0.5168404605458764,0.012445610615780906,0.07408088248442202,2784,323.6663568958455,0.30533790588378906
2785,8883.832,1788.8599999999997,6914.666666666668,100,100,1036,1.9465204610122533,6.674388674388676,2.22385835647583,-1788.8599999999997,-0.009798164315083447,21.856205210966223,0.4824841846438015,0.01009706364643267,0.0896139705882353,2785,323.6813856304282,0.30533790588378906
2786,8886.625,1714.3433333333335,6946.000000000003,100,100,1035,1.9429048324219775,6.711111111111114,2.213104009628296,-1714.3433333333335,-0.0335595610222834,24.246861906612622,0.5052132203298456,0.009048128356773625,0.0871490643304937,2786,323.6961136450956,0.30533790588378906
2787,8889.447,1752.4766666666665,6970.666666666669,100,100,1033,1.9854622457351352,6.747983220393677,2.2525670528411865,-1752.4766666666665,-0.016083341420573348,23.54908079259536,0.467040033901439,0.010417794901192845,0.10212418305523255,2787,323.7095710932485,0.30533790588378906
2788,8892.25,1739.6266666666675,6748.333333333334,100,100,1028,1.962480448156501,6.564526588845656,2.221649408340454,-1739.6266666666675,-0.037219843827188015,25.110568270963782,0.5055405451532673,0.0207113712984959,0.09512867647058823,2788,323.72312105533484,0.30533790588378906
2789,8895.042,1848.8366666666657,7031.666666666666,100,100,1036,1.9330944979210962,6.787323037323037,2.209857702255249,-1848.8366666666657,-0.02319447586641592,24.41588934730081,0.48082083025399375,0.01066114121246809,0.08425245105343707,2789,323.7379971759032,0.30533790588378906
2790,8900.997,1699.813333333334,6852.333333333336,100,100,1034,1.9500937124370188,6.627014829142491,2.219228982925415,-1699.813333333334,0.014359207659521523,19.388594038346234,0.48938091362223907,0.011096866226152462,0.074172794161474,2790,323.7528452284002,0.30533790588378906
2791,8904.132,1774.6166666666666,6805.666666666665,100,100,1030,2.2535979604230993,6.607443365695792,2.5310444831848145,-1774.6166666666666,-0.008963679251096705,27.70784226585837,0.5074651872410494,0.008917054685298353,0.07475490210687413,2791,323.6393031578405,0.30533790588378906
2792,8907.365,1739.3799999999992,6866.999999999999,100,100,1031,2.34682677100502,6.660523763336566,2.629899024963379,-1739.3799999999992,-0.03942248827832587,25.72331787558163,0.5175907532958424,0.012525724870262338,0.10812762642607969,2792,323.63758407126613,0.30533790588378906
2793,8910.501,1769.6699999999994,6883.666666666664,100,100,1035,2.229718455216951,6.65088566827697,2.517782688140869,-1769.6699999999994,-0.01898440343382604,25.592498835395364,0.5037364460089627,0.011954553904669249,0.08990641727167017,2793,323.63987899064625,0.30533790588378906
2794,8913.529,1882.0033333333333,7077.0,100,100,1035,2.144474009555823,6.83768115942029,2.4350504875183105,-1882.0033333333333,-0.01196553251322578,28.101801367367017,0.5000546180150088,0.015535875607062788,0.10160427847329308,2794,323.64599072457116,0.30533790588378906
2795,8916.712,1648.4766666666662,6796.666666666666,100,100,1034,2.2911203094502297,6.5731785944551895,2.572951555252075,-1648.4766666666662,-0.01233838701291996,24.627559802111456,0.5150231105439803,0.011717588021009065,0.08419117660206907,2795,323.6464132454079,0.30533790588378906
2796,8919.879,1805.319999999999,6905.333333333335,100,100,1031,2.3127778855113585,6.697704494018754,2.5965077877044678,-1805.319999999999,-0.02583744886386044,21.61912707721486,0.5034366451642093,0.007495641758021734,0.08337710184209488,2796,323.647115812826,0.30533790588378906
2797,8923.104,1975.923333333334,7232.000000000003,100,100,1033,2.310352181088962,7.000968054211039,2.6019458770751953,-1975.923333333334,-0.02180624643669409,32.02110542970545,0.47687003805356865,0.008090418623075546,0.0661764705882353,2797,323.6459102756128,0.30533790588378906
2798,8926.178,1708.6833333333332,6727.000000000001,100,100,1032,2.172447382874043,6.518410852713179,2.448561191558838,-1708.6833333333332,0.01204808390534976,23.01631972369026,0.4937717932112077,0.02436680781572838,0.1052389705882353,2798,323.65003846977277,0.30533790588378906
2799,8929.316,1825.5733333333324,7067.999999999999,100,100,1033,2.2597489817679244,6.842207163601161,2.5451338291168213,-1825.5733333333324,-0.01752436478786609,20.888423583086798,0.486618805457564,0.010881303658928065,0.0873672385864398,2799,323.65198756384575,0.30533790588378906
2800,8935.978,1690.5566666666668,6850.000000000002,100,100,1034,2.23889081320965,6.624758220502903,2.521054267883301,-1690.5566666666668,-0.01732443634639768,23.094608419081744,0.5065201135242686,0.00633533883442664,0.08134191176470588,2800,323.65451065696726,0.30533790588378906
2801,8939.082,1752.2500000000002,6881.000000000002,100,100,1027,2.24024557101358,6.700097370983449,2.5063090324401855,-1752.2500000000002,-0.03313845028991208,19.691089125240552,0.5237534572096432,0.021797503406346282,0.1069240201922024,2801,323.5289621646734,0.30533790588378906
2802,8942.08,1698.5566666666666,6884.666666666669,100,100,1036,2.1317041510289974,6.645431145431147,2.4135806560516357,-1698.5566666666666,-0.017554383314050296,22.042460581835577,0.5160153481890174,0.01633103151449605,0.11841299034216825,2802,323.53636535220244,0.30533790588378906
2803,8945.011,1797.1366666666656,6834.0,100,100,1028,2.080976851270915,6.647859922178989,2.347987413406372,-1797.1366666666656,0.00540683971827521,28.101312973920038,0.4694133549928665,0.026245997437988135,0.10477941176470588,2803,323.5452666142387,0.30533790588378906
2804,8948.081,1629.8100000000006,6879.000000000002,100,100,1035,2.2019314983463736,6.646376811594204,2.481846332550049,-1629.8100000000006,0.002470963744117933,25.22283795300652,0.5234701414318645,0.006911419975735685,0.09241310200270485,2804,323.5499806005861,0.30533790588378906
2805,8951.225,1693.8533333333332,6771.0,100,100,1033,2.2711303015893174,6.554695062923524,2.5553507804870605,-1693.8533333333332,-0.03565589519327178,27.988911151885986,0.4571580080425038,0.017688741763670218,0.0939031863475547,2805,323.55168135942256,0.30533790588378906
2806,8954.205,1784.1433333333327,6852.666666666666,100,100,1030,2.1281466993403813,6.653074433656958,2.3995707035064697,-1784.1433333333327,-0.022737710736691952,21.908765400157254,0.4876510220415452,0.015224318314508042,0.09129901975393295,2806,323.5590375655814,0.30533790588378906
2807,8957.134,1863.6300000000015,6960.000000000005,100,100,1032,2.068764438749789,6.744186046511632,2.3477060794830322,-1863.6300000000015,0.007210256531834602,29.697785040911505,0.5160138046040255,0.011881682391771498,0.09237132352941177,2807,323.5684669646297,0.30533790588378906
2808,8960.166,1855.4800000000005,6999.333333333329,100,100,1029,2.1753186567942633,6.802073210236472,2.449702739715576,-1855.4800000000005,-0.012990985832670155,31.23152457966524,0.5102364210521474,0.018753782784401932,0.09273897067588918,2808,323.57380343317425,0.30533790588378906
2809,8963.26,1772.3166666666677,6970.000000000001,100,100,1035,2.1858080173280214,6.734299516908213,2.474153757095337,-1772.3166666666677,-0.001038208877777352,20.660902416004856,0.5386321807608885,0.007104134673307485,0.08238636395510505,2809,323.57757225398296,0.30533790588378906
2810,8970.139,1818.1899999999991,6969.666666666665,100,100,1033,2.246814133961832,6.7470151661826385,2.533281087875366,-1818.1899999999991,-0.01348792465732378,23.669238455155316,0.48450487501481,0.005633296479251893,0.08011642164167236,2810,323.57918834302,0.30533790588378906
2811,8973.256,1851.4766666666658,7027.333333333332,100,100,1033,2.230716942374965,6.802839625685704,2.519033670425415,-1851.4766666666658,-0.010175279067719685,22.988368595347684,0.49393555434311137,0.010053747117875473,0.08062704258105334,2811,323.4473631556494,0.30533790588378906
2812,8976.335,1877.0533333333328,7111.999999999998,100,100,1029,2.1906644343493547,6.911564625850338,2.4674599170684814,-1877.0533333333328,-0.03726847683463026,29.095367431640625,0.48631388650220986,0.02077841273207656,0.10376838244059507,2812,323.4510624527701,0.30533790588378906
2813,8979.586,1680.5366666666666,6645.333333333337,100,100,1030,2.3604108758713798,6.451779935275084,2.6385679244995117,-1680.5366666666666,-0.022940739715362295,21.015010749592502,0.4823594329988255,0.020238103098509944,0.07797181387158002,2813,323.44863855895176,0.30533790588378906
2814,8982.77,1675.756666666666,6839.999999999999,100,100,1026,2.323014131333265,6.666666666666666,2.5888442993164062,-1675.756666666666,0.03625770482946845,23.352412553394544,0.5311715708059424,0.014833716922165716,0.0703125,2814,323.44823081532417,0.30533790588378906
2815,8985.878,1717.803333333333,6932.666666666668,100,100,1033,2.2164499516745835,6.711197160374316,2.4984824657440186,-1717.803333333333,-0.012425267466289155,28.961456523222083,0.4800671448602396,0.034729710687636674,0.08828635623349863,2815,323.45129816075286,0.30533790588378906
2816,8988.936,1779.0066666666687,6863.333333333338,100,100,1031,2.1687888464222866,6.656967345619144,2.447913646697998,-1779.0066666666687,-0.011828366338330157,29.653535338009107,0.4682720750570297,0.023165568705949494,0.09755777348490323,2816,323.45595285920547,0.30533790588378906
2817,8991.899,1730.6600000000003,6865.999999999997,100,100,1028,2.1033595328115955,6.678988326848247,2.371392250061035,-1730.6600000000003,0.003479584353044629,25.63769194659065,0.5102242336553686,0.009366059162215713,0.06985294117647059,2817,323.46370970269163,0.30533790588378906
2818,8994.769,1833.1633333333334,7071.333333333337,100,100,1030,2.001881553651313,6.865372168284793,2.2774715423583984,-1833.1633333333334,-0.013703621923923492,27.310807508580826,0.5264479780898375,0.021695405337274733,0.09405637269510943,2818,323.4749944175185,0.30533790588378906
2819,8997.629,1867.6066666666663,7029.666666666666,100,100,1032,1.9952927322610634,6.811692506459948,2.2723231315612793,-1867.6066666666663,0.0032304410329636406,39.03688029681935,0.5187514231485479,0.0292427536812337,0.0900735294117647,2819,323.48692139309026,0.30533790588378906
2820,9003.667,1947.2900000000006,7191.333333333334,100,100,1031,1.9866374386095096,6.975105075978015,2.259800434112549,-1947.2900000000006,-0.003916955005158396,26.824023919947006,0.47961096860030117,0.09452207987059784,0.10957195434500189,2820,323.49909044789666,0.30533790588378906
2821,9006.479,1830.4200000000012,7080.999999999999,100,100,1033,1.9621581809698005,6.854791868344626,2.2347140312194824,-1830.4200000000012,-0.007847414078081356,26.029744148254395,0.5291127019068774,0.02227858375922284,0.08879697717287961,2821,323.39819746924115,0.30533790588378906
2822,9009.328,1746.1300000000024,7023.000000000006,100,100,1034,1.9891452601781148,6.792069632495171,2.2644031047821045,-1746.1300000000024,-0.016694131909924394,29.874359102810132,0.5295334142797133,0.01344843942891149,0.09227941185235977,2822,323.41069707223284,0.30533790588378906
2823,9012.183,1793.9500000000012,6939.999999999997,100,100,1031,1.9998364672191247,6.731328806983509,2.2697386741638184,-1793.9500000000012,-0.019615385188337636,22.13953410877901,0.5420231310760274,0.025374389787697616,0.09795168086009867,2823,323.4226454836575,0.30533790588378906
2824,9015.006,1747.3899999999996,6963.666666666666,100,100,1031,1.9849731331008236,6.754283866795991,2.2543938159942627,-1747.3899999999996,-0.024324919206692892,18.176927538479077,0.5645861809744555,0.003770817817627069,0.07779674407313852,2824,323.4357155694581,0.30533790588378906
2825,9017.806,1825.9333333333336,7031.666666666668,100,100,1028,1.9690759731628769,6.840142671854736,2.2307255268096924,-1825.9333333333336,-0.0017814328894019127,25.571351892807904,0.580689921098597,0.01590475855011712,0.10431985294117647,2825,323.4492901075897,0.30533790588378906
2826,9020.652,1727.4500000000005,6883.000000000002,100,100,1038,1.9736982669379841,6.631021194605012,2.2564995288848877,-1727.4500000000005,-0.017133444931138966,23.11776060216567,0.5991890579462051,0.01592470468569766,0.10484506321303985,2826,323.46234799158316,0.30533790588378906
2827,9023.747,1759.5833333333328,6894.666666666667,100,100,1032,2.213998644341094,6.680878552971577,2.497514247894287,-1759.5833333333328,-0.016096420914811248,18.86010773041669,0.5357034022317213,0.01544888039557811,0.09420955882352941,2827,323.4657271382132,0.30533790588378906
2828,9026.919,1800.6466666666668,7027.333333333333,100,100,1031,2.2670399572855633,6.816036210798577,2.5487425327301025,-1800.6466666666668,-0.042077223085524404,22.56698727607727,0.5994249731302261,0.015994019984432003,0.09434086172019734,2828,323.46628041055607,0.30533790588378906
2829,9030.102,1808.8,6950.999999999998,100,100,1038,2.252408286160924,6.696531791907513,2.5487115383148193,-1808.8,-0.021091291023527876,29.63295611213235,0.6270469655008877,0.01022973789504784,0.08862920215024668,2829,323.46723810861624,0.30533790588378906
2830,9036.648,1772.973333333334,6901.0,100,100,1031,2.189202229067806,6.693501454898157,2.46506667137146,-1772.973333333334,-0.012906162835219327,20.0352300195133,0.5738053234184489,0.03547919334104175,0.1288734249332372,2830,323.4714741125118,0.30533790588378906
2831,9039.831,1820.9066666666668,7059.666666666667,100,100,1033,2.2962228488582768,6.834140045175864,2.5838401317596436,-1820.9066666666668,-0.015870460035169825,24.26344338585349,0.5724526135360494,0.005433088483508019,0.08460988564526334,2831,323.3474288213307,0.30533790588378906
2832,9043.024,1740.33,6814.0,100,100,1030,2.296419032098888,6.615533980582525,2.574416399002075,-1740.33,-0.022005222052993142,28.29207942065071,0.5749098982881097,0.007599587216699386,0.08134191176470588,2832,323.34714789612053,0.30533790588378906
2833,9046.075,1824.0800000000015,6987.000000000004,100,100,1038,2.15413295174904,6.731213872832374,2.4469821453094482,-1824.0800000000015,-0.008004302487653844,24.49193051282097,0.5785300977089826,0.0056096972565522745,0.10458245807710816,2833,323.35284918422013,0.30533790588378906
2834,9049.11,1822.8966666666672,6962.000000000006,100,100,1033,2.1548535323648608,6.739593417231371,2.4366543292999268,-1822.8966666666672,-0.010169888106996523,32.48042106628418,0.6060115563518861,0.010467860988094746,0.09114583340637825,2834,323.35853970766755,0.30533790588378906
2835,9052.107,1835.0133333333338,7162.333333333333,100,100,1026,2.1610293364003446,6.980831708901884,2.4241116046905518,-1835.0133333333338,-0.012213811497477925,27.22217607498169,0.6004073567250195,0.02577863420061904,0.14154411764705882,2835,323.3648222340224,0.30533790588378906
2836,9054.977,1836.97,7129.999999999998,100,100,1035,2.0117240600233925,6.8888888888888875,2.2912936210632324,-1836.97,-0.015701675787568092,23.205459664849673,0.6263767112703884,0.01148591176880633,0.10599097609519958,2836,323.3766551740831,0.30533790588378906
2837,9057.862,1757.5033333333329,6916.333333333334,100,100,1034,2.0258669216569505,6.688910380399743,2.3045129776000977,-1757.5033333333329,-0.001880128977491575,21.890385627746582,0.6219441566397163,0.003959308902267367,0.07941176479353625,2837,323.3877999107494,0.30533790588378906
2838,9060.753,1858.9933333333333,6980.666666666668,100,100,1031,2.0311040727911243,6.770772712576788,2.3019447326660156,-1858.9933333333333,-0.015452955246848218,23.78478375603171,0.6098753546967226,0.0019037213368231758,0.06899947497774572,2838,323.3983911641911,0.30533790588378906
2839,9063.611,1834.093333333334,6999.666666666671,100,100,1032,1.993321317862611,6.782622739018092,2.265951156616211,-1834.093333333334,-0.027035586207228547,32.68943203196806,0.5928966718561509,-0.0007480318822404917,0.10340073529411764,2839,323.4102795719166,0.30533790588378906
2840,9069.736,1749.6700000000012,6820.333333333333,100,100,1032,2.019358041597884,6.6088501291989665,2.291445255279541,-1749.6700000000012,-0.025892290012801394,19.455703090218936,0.550904648268924,0.011358642402817221,0.10431985294117647,2840,323.42179240799425,0.30533790588378906
2841,9072.631,1888.996666666668,7137.666666666672,100,100,1036,2.01660260431375,6.889639639639645,2.2984864711761475,-1888.996666666668,-0.02075550423058517,31.26902333427878,0.5775478736442679,0.008671747363062905,0.10753676492501707,2841,323.3166753338885,0.30533790588378906
2842,9075.52,1664.3933333333332,6905.000000000001,100,100,1039,2.0346391720417616,6.645813282001926,2.3172121047973633,-1664.3933333333332,-0.025442308499751723,28.907596588134766,0.5353515551370733,0.017636664759586838,0.11007965706727084,2842,323.32823932596904,0.30533790588378906
2843,9078.383,1764.746666666668,6882.333333333337,100,100,1032,2.0174662811120307,6.668927648578815,2.290623188018799,-1764.746666666668,0.009614457869354416,23.368409577537985,0.5113317957695793,0.02901747383807293,0.09053308823529412,2843,323.339956503324,0.30533790588378906
2844,9081.273,1724.0066666666667,6854.666666666662,100,100,1036,2.019568921325721,6.616473616473613,2.2973504066467285,-1724.0066666666667,-0.005246170577319229,19.622162973179538,0.5397900334175896,0.01725835701697232,0.08287377458284884,2844,323.3511395392322,0.30533790588378906
2845,9084.161,1773.740000000001,6876.000000000004,100,100,1036,2.0173720094693546,6.637065637065641,2.300633668899536,-1773.740000000001,-0.02354404530214036,20.40389296587776,0.5959035833092297,0.011332612601108849,0.0666360294117647,2845,323.3623836428138,0.30533790588378906
2846,9087.027,1777.063333333334,6835.333333333335,100,100,1030,2.0254164052566566,6.6362459546925585,2.292051315307617,-1777.063333333334,-0.029263162821093026,16.878490139456357,0.5795804525122923,0.021702866104212317,0.08425245127257179,2846,323.3737616210763,0.30533790588378906
2847,9089.909,1718.3533333333335,6816.333333333331,100,100,1041,2.0141201716687576,6.547870637207811,2.3034567832946777,-1718.3533333333335,-0.013513305471004808,23.114195655373965,0.58543140660314,0.024638172533527455,0.07355644477202612,2847,323.385751741887,0.30533790588378906
2848,9092.813,1815.8933333333355,7100.666666666672,100,100,1035,2.0373529456510853,6.860547504025771,2.3190324306488037,-1815.8933333333355,-0.00551987362696844,25.199445443994858,0.5494453275904936,0.028794343425782725,0.11702038785990547,2848,323.39627447052914,0.30533790588378906
2849,9095.693,1813.6366666666686,7025.333333333338,100,100,1031,2.012391851887027,6.814096346589076,2.283958673477173,-1813.6366666666686,-0.01972702781067175,19.720276692334345,0.5652487567242455,0.01800774481928195,0.1018251062316053,2849,323.4072494054018,0.30533790588378906
2850,9101.882,1743.693333333333,6962.333333333333,100,100,1038,2.025841811007007,6.707450224791265,2.306918144226074,-1743.693333333333,-0.021331482840811506,24.827112253974466,0.5394553542137146,0.025213996927692172,0.10839023178114611,2850,323.418426134633,0.30533790588378906
2851,9104.813,1813.5366666666669,7042.666666666669,100,100,1039,2.025339172039758,6.778312479948671,2.3152952194213867,-1813.5366666666669,-0.0024108389282927792,22.09975539936739,0.5459496562971788,0.008850002154598342,0.0693014708950239,2851,323.31146302921223,0.30533790588378906
2852,9107.712,1717.6333333333337,6855.666666666665,100,100,1036,2.025511967554027,6.617438867438866,2.302659511566162,-1717.6333333333337,-0.007672248682116761,20.444155356463263,0.4566824918284136,0.021843643122873103,0.0965073531603112,2852,323.32223966735677,0.30533790588378906
2853,9110.592,1783.043333333333,7132.333333333331,100,100,1039,2.0176260818389387,6.864613410330444,2.3037102222442627,-1783.043333333333,-0.028049982372013962,24.201619400697595,0.5563785179572946,0.022303093265851632,0.12031250030678861,2853,323.3340940731374,0.30533790588378906
2854,9113.412,1759.533333333333,6923.333333333332,100,100,1040,1.9501958681548086,6.657051282051281,2.2344446182250977,-1759.533333333333,-0.00823878003832172,20.361466688268326,0.6115364782950458,0.024592301691882312,0.11075367647058823,2854,323.34815869310756,0.30533790588378906
2855,9116.293,1744.3666666666666,6919.666666666666,100,100,1040,1.9777479798694213,6.653525641025641,2.26613712310791,-1744.3666666666666,0.0007947761127177407,18.25888437383315,0.5318993724444333,0.035475982233251935,0.0859375,2855,323.3600399202083,0.30533790588378906
2856,9119.116,1695.4366666666663,6795.999999999999,100,100,1041,1.9495210390695434,6.528338136407299,2.2340924739837646,-1695.4366666666663,-0.012067535892128944,15.394029084373923,0.5159408423830482,0.021945136441739604,0.11113213671042639,2856,323.3741082291161,0.30533790588378906
2857,9121.939,1797.75,7060.999999999999,100,100,1036,1.9583406357650204,6.815637065637064,2.2346057891845703,-1797.75,-0.003074181101777974,21.776363092310287,0.5338929777636248,0.011804796905968995,0.07138480399461354,2857,323.38762039576585,0.30533790588378906
2858,9124.764,1730.0266666666669,7017.000000000001,100,100,1036,1.9603529939397408,6.7731660231660245,2.2340481281280518,-1730.0266666666669,-0.01682765329914058,16.938277258592493,0.4754545907763874,0.03349056404070271,0.08455882352941177,2858,323.4010260470448,0.30533790588378906
2859,9127.609,1668.1266666666666,6799.666666666668,100,100,1038,1.980578996553328,6.550738599871549,2.2579917907714844,-1668.1266666666666,-0.005861179957933286,23.38358231151805,0.5087043274851406,0.004466064859811655,0.06302521027186338,2859,323.41393127096654,0.30533790588378906
2860,9133.582,1809.8333333333326,7033.666666666665,100,100,1037,1.9974730943222758,6.782706525233043,2.278301477432251,-1809.8333333333326,-0.014430077308241059,16.631849737728345,0.5550316940335667,0.01817855710054145,0.09413885763462852,2860,323.4265679651609,0.30533790588378906
2861,9136.412,1778.763333333334,6987.333333333335,100,100,1039,1.9650478345136713,6.725056143727945,2.2500956058502197,-1778.763333333334,-0.0046882765258059785,19.972901232102338,0.5575217639698702,0.016166958163547164,0.07886029451208956,2861,323.3295671552954,0.30533790588378906
2862,9139.287,1830.6600000000005,7052.999999999999,100,100,1039,1.9948245435137448,6.788257940327237,2.281494617462158,-1830.6600000000005,-0.01328721472664791,21.623904087964227,0.5687970229808021,0.013323657683726838,0.07594975500422366,2862,323.34154120573163,0.30533790588378906
2863,9142.198,1756.5466666666669,6871.666666666664,100,100,1041,2.0204518736482355,6.601024655779697,2.31060528755188,-1756.5466666666669,-0.011320835472468068,17.103074438431683,0.6035392030197031,0.025366028387318638,0.08539684259277933,2863,323.35244584080954,0.30533790588378906
2864,9145.294,1794.0399999999995,7005.333333333334,100,100,1039,2.2098426387759145,6.742380494064807,2.506089210510254,-1794.0399999999995,-0.007915536160854733,21.610146410324994,0.5219424051396987,0.014106393962934175,0.0651654414832592,2864,323.3565916498781,0.30533790588378906
2865,9148.437,1746.7666666666669,6936.333333333334,100,100,1040,2.238281058089342,6.669551282051283,2.5332109928131104,-1746.7666666666669,-0.014353066792382914,18.67670409819659,0.5249958406476414,0.014805981307290494,0.0744485294117647,2865,323.35918560010316,0.30533790588378906
2866,9151.457,1760.6800000000005,7003.666666666669,100,100,1041,2.1075902030983085,6.727825808517453,2.4008231163024902,-1760.6800000000005,-0.013282656012212528,14.62487518086153,0.47071121370091157,0.03673836765536929,0.06698745675384998,2866,323.36621877877485,0.30533790588378906
2867,9154.5,1723.2266666666674,6854.333333333333,100,100,1038,2.147936513414158,6.603403982016698,2.4337077140808105,-1723.2266666666674,0.003747615251032745,17.595964137245627,0.4532412503133802,0.026277695931853754,0.05193014705882353,2867,323.3721270164089,0.30533790588378906
2868,9157.641,1732.6066666666675,6825.666666666668,100,100,1040,2.2602455794605283,6.563141025641027,2.556960344314575,-1732.6066666666675,-0.0062065288862761326,19.176905071034152,0.4938990675351199,0.016533374067341143,0.06158088235294118,2868,323.3747501384535,0.30533790588378906
2869,9160.774,1762.0833333333328,7002.666666666667,100,100,1039,2.2327065455733552,6.7398139236445305,2.5281822681427,-1762.0833333333328,-0.022143417147590834,23.07885809505687,0.47563476948177114,0.012679749962818973,0.055269607945400125,2869,323.3775965675205,0.30533790588378906
2870,9167.323,1826.7533333333333,7091.000000000002,100,100,1039,2.1401511072078083,6.824831568816171,2.433469772338867,-1826.7533333333333,-0.011468340149697135,19.910264379837933,0.5017280078986112,0.016935250797199413,0.05205269618069425,2870,323.3833850216446,0.30533790588378906
2871,9170.529,1800.1133333333332,7014.666666666663,100,100,1040,2.2799049022768694,6.744871794871791,2.580497980117798,-1800.1133333333332,-0.003248647293623756,19.803582023171817,0.5089202786193174,0.01984141639652936,0.050091911764705885,2871,323.2603139478803,0.30533790588378906
2872,9173.375,1747.0400000000002,6881.666666666667,100,100,1040,1.9868732690855933,6.61698717948718,2.273240327835083,-1747.0400000000002,-0.016357169212663874,18.4151928284589,0.4892652963890749,0.012731606757049175,0.07904411764705882,2872,323.2733868154972,0.30533790588378906
2873,9176.24,1863.8866666666665,7105.666666666662,100,100,1041,1.9731293977027997,6.825808517451165,2.264646291732788,-1863.8866666666665,-0.014912264585933265,26.137690880719354,0.5107290490585215,0.002629281364052611,0.06585207614390289,2873,323.28594018346485,0.30533790588378906
2874,9179.086,1655.7266666666671,6745.333333333335,100,100,1036,1.9892799208645482,6.5109395109395125,2.2637765407562256,-1655.7266666666671,-0.005855672061443329,14.454967358533073,0.4671296451021643,0.01915323077564073,0.06954656870049589,2874,323.29851658396865,0.30533790588378906
2875,9181.942,1803.0533333333328,6903.0,100,100,1039,1.9927527413759971,6.643888354186718,2.2778706550598145,-1803.0533333333328,-0.02662768417640644,21.362008094787598,0.4832147806882858,0.018717317526940915,0.07273284323951777,2875,323.3111216515632,0.30533790588378906
2876,9184.758,1570.1233333333328,6643.333333333332,100,100,1033,1.970670378468534,6.43110680864795,2.230315923690796,-1570.1233333333328,-0.0209093698683907,16.964672509361716,0.4626742851208238,0.027650874587433302,0.0717422385864398,2876,323.3244946516266,0.30533790588378906
2877,9187.659,1856.1066666666668,7032.333333333335,100,100,1038,2.0303738933560833,6.7748876043673745,2.3150100708007812,-1856.1066666666668,-0.023414373945663956,25.67051783730002,0.4408131399575402,0.02547260562149698,0.08508403380127515,2877,323.3353824445871,0.30533790588378906
2878,9190.542,1788.5200000000007,6884.666666666668,100,100,1033,2.015756439649304,6.664730558244596,2.291659116744995,-1788.5200000000007,0.0009955175987937871,29.820545813616583,0.43254970540018645,0.022343686254530707,0.08644812093938098,2878,323.34632714113036,0.30533790588378906
2879,9193.361,1700.7999999999997,6972.666666666665,100,100,1039,1.966413667136884,6.710940006416425,2.244286298751831,-1700.7999999999997,-0.028159705374170754,21.552341068492215,0.45273394882678986,0.03238575665882843,0.07827818656668943,2879,323.3601990106499,0.30533790588378906
2880,9199.378,1690.9433333333334,6788.33333333333,100,100,1035,1.9625427999988125,6.558776167471817,2.234313726425171,-1690.9433333333334,-0.004680286106817862,16.810398382299088,0.4179847604211639,0.022702493944534045,0.08798462590750526,2880,323.3736112573192,0.30533790588378906
2881,9202.219,1706.2300000000012,6886.333333333336,100,100,1032,1.9827156965918622,6.672803617571062,2.248936653137207,-1706.2300000000012,-0.025756751077578348,22.135238647460938,0.35627202470512953,0.044720428834861034,0.12316176470588236,2881,323.273535456394,0.30533790588378906
2882,9205.114,1722.483333333333,6914.333333333334,100,100,1043,2.005285813476737,6.629274528603388,2.3007330894470215,-1722.483333333333,0.0003642362597234109,28.913368449491614,0.393006550915101,0.02657147980404689,0.08143866105991251,2882,323.2851868800597,0.30533790588378906
2883,9207.977,1736.213333333332,6751.3333333333285,100,100,1036,2.0069929530204034,6.516731016731012,2.285181760787964,-1736.213333333332,-0.006009615245549118,21.343546923469095,0.398828849196434,0.00690968512037002,0.07383578445981531,2883,323.29718737554015,0.30533790588378906
2884,9210.833,1625.4866666666667,6730.333333333338,100,100,1032,1.9964591110199184,6.521640826873389,2.2604827880859375,-1625.4866666666667,-0.004545769599430701,18.558643369113696,0.3765353398287998,0.021635558230199796,0.0744485294117647,2884,323.3089747903499,0.30533790588378906
2885,9213.703,1698.9400000000014,6721.333333333336,100,100,1031,2.0061446171774233,6.519236986744263,2.2715840339660645,-1698.9400000000014,-0.02147976665154976,17.74505822798785,0.403976675342111,0.018629363251795227,0.06985294117647059,2885,323.32016750266484,0.30533790588378906
2886,9216.516,1775.3066666666687,6918.666666666672,100,100,1028,1.9766165357824155,6.730220492866413,2.23750376701355,-1775.3066666666687,0.003815157832029988,26.950390254749973,0.38756642534452324,0.017709694439819193,0.07950367647058823,2886,323.3330195439048,0.30533790588378906
2887,9219.385,1685.1399999999996,6867.666666666671,100,100,1031,2.013493599153325,6.661170384739739,2.279798746109009,-1685.1399999999996,-0.016092584817670286,20.271566980025348,0.43097114037064943,0.022075215323745984,0.08560924407313852,2887,323.34423199654333,0.30533790588378906
2888,9222.286,1710.3766666666668,6823.000000000001,100,100,1040,2.017445287492592,6.5605769230769235,2.306429862976074,-1710.3766666666668,-0.014598075683940859,18.885775033165427,0.46228929565233345,0.011364004061119082,0.07306985294117647,2888,323.35527703436884,0.30533790588378906
2889,9225.139,1761.7833333333338,6925.000000000002,100,100,1031,1.993876041584331,6.716779825412223,2.2611942291259766,-1761.7833333333338,-0.00896109766600763,19.10840118632597,0.5218984760782298,0.0168469736681265,0.08508403380127515,2889,323.3670512309055,0.30533790588378906
2890,9231.277,1904.286666666667,7188.333333333335,100,100,1031,1.997317069040288,6.972195279663758,2.2706332206726074,-1904.286666666667,-0.03266210821183289,34.3893461227417,0.5280373359427732,0.008201222681878683,0.08698792054372675,2890,323.3781896892078,0.30533790588378906
2891,9234.162,1701.7100000000003,6799.333333333329,100,100,1034,2.007682109026444,6.575757575757572,2.280005693435669,-1701.7100000000003,-0.019300884348066413,24.018780273549698,0.541971850921126,0.005751741687109803,0.06875000017530777,2891,323.2746887741928,0.30533790588378906
2892,9236.982,1904.6666666666652,7027.999999999994,100,100,1030,1.980049319868202,6.82330097087378,2.2504777908325195,-1904.6666666666652,-0.018271360436783117,28.75836474755231,0.505212136051234,0.0026172658305286486,0.07261029411764706,2892,323.28751800373186,0.30533790588378906
2893,9239.842,1771.0066666666673,6792.333333333332,100,100,1035,1.9993895654688063,6.562640901771335,2.275938034057617,-1771.0066666666673,-0.016835314879084334,19.412317500394934,0.46962498917299156,0.01487614749246003,0.10590742002515231,2893,323.29945334271616,0.30533790588378906
2894,9242.654,1732.7500000000002,6799.333333333333,100,100,1031,1.957378760079567,6.594891690914969,2.224954605102539,-1732.7500000000002,-0.005618239862515646,20.465627950780533,0.4661640051533194,0.004909980466918033,0.09624474846264895,2894,323.3126503054235,0.30533790588378906
2895,9245.499,1792.4500000000005,6961.333333333338,100,100,1037,1.984582543162056,6.7129540340726495,2.267005205154419,-1792.4500000000005,-0.01698345455395825,24.40327605079202,0.46580910857986,0.00423658654514892,0.06295955882352941,2895,323.32537929827004,0.30533790588378906
2896,9248.333,1893.4166666666677,7198.66666666667,100,100,1036,1.973252316364213,6.948519948519952,2.25636625289917,-1893.4166666666677,-0.007239989936351776,27.616412920110367,0.48215756959774914,0.00976775205516092,0.07230392164167236,2896,323.3382842968953,0.30533790588378906
2897,9251.218,1812.9800000000005,6982.000000000001,100,100,1035,2.0081864712660873,6.745893719806764,2.2903990745544434,-1812.9800000000005,-0.03864287645282114,25.453943897696103,0.43061163846184225,0.009004758684622013,0.08815173804759979,2897,323.3492973215647,0.30533790588378906
2898,9254.062,1748.1099999999994,6938.666666666665,100,100,1036,1.9696742278464412,6.697554697554696,2.24631929397583,-1748.1099999999994,-0.017461531412075546,20.220384429482852,0.41463598083047304,0.013583863414276172,0.08409926470588236,2898,323.36192553799657,0.30533790588378906
2899,9256.907,1788.9899999999989,6897.33333333333,100,100,1033,1.9867823799325572,6.6769925782510455,2.2632761001586914,-1788.9899999999989,-0.021597481935339814,33.7356751946842,0.380118979688953,0.02618505304117742,0.08558006540817373,2899,323.37409507792466,0.30533790588378906
2900,9263.303,1683.3766666666663,6857.3333333333285,100,100,1028,1.968603110772554,6.670557717250319,2.2248549461364746,-1683.3766666666663,-0.020315105205073077,16.501372666919934,0.389433898469981,0.014619284692932577,0.09145220588235294,2900,323.3869802643633,0.30533790588378906
2901,9266.46,1799.6200000000015,6892.333333333336,100,100,1031,2.258261201734303,6.68509537665697,2.5396511554718018,-1799.6200000000015,-0.017306162592242744,20.30711549871108,0.3784048171604381,0.0048097084474969,0.08482142932274762,2901,323.26293433196236,0.30533790588378906
2902,9269.556,1755.336666666666,6999.333333333336,100,100,1035,2.193100000101767,6.762640901771339,2.4760987758636475,-1755.336666666666,-0.01872946067220148,20.888770888833438,0.3655888078843846,0.021523150647921926,0.0756600937422584,2902,323.26660631156506,0.30533790588378906
2903,9272.763,1842.3966666666686,6969.666666666666,100,100,1034,2.3004087016915964,6.740490006447453,2.588777780532837,-1842.3966666666686,-0.003441519323079025,30.86266279220581,0.34348177208619957,0.013496002504218589,0.08125000008765389,2903,323.2663735531305,0.30533790588378906
2904,9276.013,1789.4233333333334,6846.666666666663,100,100,1027,2.343714406451767,6.666666666666663,2.619462490081787,-1789.4233333333334,-0.0037013114813496083,27.33960179721608,0.34534833481644883,0.004417469180599951,0.08425245127257179,2904,323.263760078766,0.30533790588378906
2905,9279.165,1696.5100000000002,6783.333333333333,100,100,1034,2.25677098630796,6.560283687943262,2.5400497913360596,-1696.5100000000002,-0.029980251949061367,20.062467126285327,0.40523718823404875,0.01681402914554757,0.07123161764705882,2905,323.2654113684567,0.30533790588378906
2906,9282.21,1695.6733333333336,6739.000000000001,100,100,1032,2.1640627898542975,6.530038759689924,2.441103219985962,-1695.6733333333336,-0.0015723554910544086,18.91866465175853,0.37880437163745656,0.013501102991593891,0.06020220588235294,2906,323.2705378628682,0.30533790588378906
2907,9285.351,1746.9300000000005,6835.333333333334,100,100,1033,2.25242333025072,6.616973217166828,2.538719654083252,-1746.9300000000005,-0.022821768077419084,25.398430950501385,0.366894913946881,0.015381026347955306,0.06944444446879275,2907,323.27242349211764,0.30533790588378906
2908,9288.598,1790.1200000000006,6918.333333333339,100,100,1033,2.325565052026701,6.697321716682807,2.6110787391662598,-1790.1200000000006,-0.027925385655287432,26.79915719873765,0.355311842963976,0.015924330280326745,0.08016748375752393,2908,323.2706867008653,0.30533790588378906
2909,9291.81,1807.0633333333358,7066.3333333333385,100,100,1033,2.318216745614544,6.840593739916107,2.606484889984131,-1807.0633333333358,-0.011548264938242295,23.36988816541784,0.3790495825164458,0.015485039460198843,0.07909517976291039,2909,323.27006020674105,0.30533790588378906
2910,9298.377,1688.3666666666668,6859.666666666666,100,100,1036,2.2404857128624838,6.621299871299871,2.528208017349243,-1688.3666666666668,-0.011912927908055922,22.149709953981287,0.39065298963995543,0.016688955584814882,0.08318014705882353,2910,323.27243538301076,0.30533790588378906
2911,9301.361,1730.4233333333334,6895.333333333333,100,100,1033,2.0963550820930466,6.675056469828977,2.3707804679870605,-1730.4233333333334,-0.031792684567763525,19.06147050857544,0.3440043268834843,0.015263944292468402,0.0717422385864398,2911,323.1605590438862,0.30533790588378906
2912,9304.42,1876.7033333333325,7108.666666666664,100,100,1033,2.1644236222639797,6.881574701516616,2.4482293128967285,-1876.7033333333325,-0.012439373004085878,25.07337578605203,0.3318602460272172,0.00690022500587956,0.06209150329232216,2912,323.1653223730431,0.30533790588378906
2913,9307.553,1774.14,6814.999999999998,100,100,1033,2.235014133817099,6.597289448209098,2.5206029415130615,-1774.14,-0.002962919226025834,18.6697740835302,0.3773578900624724,0.009715675934464396,0.06627859481993843,2913,323.1675283747202,0.30533790588378906
2914,9310.623,1740.7766666666676,6827.000000000001,100,100,1034,2.1801023210157466,6.602514506769827,2.463313341140747,-1740.7766666666676,-0.009385510731269331,21.065607996547925,0.37541464760023,0.012084788396297133,0.06498161769088577,2914,323.172051457066,0.30533790588378906
2915,9313.591,1723.3400000000008,6977.333333333333,100,100,1042,2.0870488461450227,6.696097248880358,2.3811757564544678,-1723.3400000000008,-0.03411661033682963,19.960582649006565,0.40453433596036015,0.011375098948038238,0.06964869282263167,2915,323.1809209776062,0.30533790588378906
2916,9316.646,1811.44,6904.333333333337,100,100,1032,2.169194380398984,6.690245478036179,2.4473066329956055,-1811.44,-0.02915691228254753,32.59687715418198,0.38245631403782787,0.00809045327717767,0.07077205882352941,2916,323.1857200475413,0.30533790588378906
2917,9319.781,1817.1433333333348,7115.000000000002,100,100,1035,2.2560887939661094,6.874396135265703,2.5447511672973633,-1817.1433333333348,-0.014431584845570958,20.79523832657758,0.38533734311075774,0.017076453070758897,0.06387867647058823,2917,323.1880759727813,0.30533790588378906
2918,9322.94,1733.1833333333323,6818.666666666665,100,100,1034,2.2518299822875694,6.594455190199869,2.5363681316375732,-1733.1833333333323,-0.032524201662882286,20.424504223991843,0.37641651402501497,0.009622757997610332,0.0727022062329685,2918,323.1894682713359,0.30533790588378906
2919,9326.203,1742.2066666666663,6800.000000000003,100,100,1028,2.35883132425492,6.614785992217901,2.639335870742798,-1742.2066666666663,-0.006524637861944297,19.425715755013858,0.3740385016974281,0.005866423690938117,0.08088235294117647,2919,323.18662718149307,0.30533790588378906
2920,9332.806,1739.5433333333337,6969.333333333335,100,100,1034,2.2656976795220314,6.740167633784656,2.5505313873291016,-1739.5433333333337,-0.009790658402968855,24.12477684020996,0.3499728064326679,0.013221293958314858,0.07297794126412448,2920,323.18835690069056,0.30533790588378906
2921,9336.022,1743.8600000000004,6843.666666666666,100,100,1028,2.316508171622413,6.657263294422827,2.5907068252563477,-1743.8600000000004,-0.007414458867381601,22.361042261123657,0.3959108713795157,0.013266163254978465,0.06893382352941177,2921,323.0675909689297,0.30533790588378906
2922,9339.253,1732.4433333333336,6795.333333333332,100,100,1033,2.326693609429006,6.578251048725394,2.611463785171509,-1732.4433333333336,-0.007069368079742964,19.69936491461361,0.4124232574420817,0.012911568710799603,0.08139297388055745,2922,323.0664129077729,0.30533790588378906
2923,9342.403,1794.4666666666674,7033.666666666666,100,100,1032,2.2397375985521593,6.815568475452196,2.5226142406463623,-1794.4666666666674,0.002233336624853751,25.495078788084143,0.39032045006752014,0.02141379628686563,0.10064338235294118,2923,323.0679592470013,0.30533790588378906
2924,9345.491,1738.8666666666652,6783.333333333332,100,100,1028,2.198040757735046,6.598573281452658,2.468477249145508,-1738.8666666666652,-0.01810832157292787,19.072813735288733,0.35879116439644027,0.011385455330395523,0.08272058823529412,2924,323.0712032280431,0.30533790588378906
2925,9348.652,1768.283333333332,6840.666666666662,100,100,1028,2.2716686765550986,6.65434500648508,2.5465011596679688,-1768.283333333332,-0.024387259419788334,18.26792834786808,0.40432388817562775,0.008726578267455539,0.09145220588235294,2925,323.0719388736082,0.30533790588378906
2926,9351.696,1715.623333333334,6788.999999999999,100,100,1030,2.1886620403819004,6.591262135922329,2.46250319480896,-1715.623333333334,-0.0039219362661242485,29.567476973814124,0.3545197809443754,0.01211810068514965,0.06939338235294118,2926,323.07688800130074,0.30533790588378906
2927,9354.582,1806.176666666666,7002.666666666667,100,100,1035,2.0186855086543853,6.765861513687601,2.3041956424713135,-1806.176666666666,-0.026209817815791157,24.41496461980483,0.3554729078622425,0.01700537995544865,0.07942012040054097,2927,323.0878619209662,0.30533790588378906
2928,9357.425,1755.1966666666674,6889.999999999998,100,100,1032,1.993544574248489,6.676356589147285,2.2655441761016846,-1755.1966666666674,-0.04303043795859113,22.48621898538926,0.3607755969552433,0.01356867842567975,0.09466911764705882,2928,323.100001193886,0.30533790588378906
2929,9360.268,1826.456666666666,6940.0,100,100,1029,1.9797853260247653,6.7444120505345,2.2473442554473877,-1826.456666666666,-0.031196445993640843,24.17151682517108,0.41759292737526055,0.014072808327482027,0.09136029420530095,2929,323.11178895323826,0.30533790588378906
2930,9366.297,1731.8433333333319,6909.999999999998,100,100,1028,1.981707295024195,6.721789883268481,2.2429251670837402,-1731.8433333333319,-0.04255450760726543,26.77711582183838,0.4275948510450475,0.010354973526452394,0.06066176470588235,2930,323.12362405095854,0.30533790588378906
2931,9369.168,1786.3233333333328,6903.33333333333,100,100,1034,1.9886352982447704,6.676337846550609,2.2645888328552246,-1786.3233333333328,-0.01864045809077866,18.63860528609332,0.4473258739008623,0.010431821964790715,0.07573529420530095,2931,323.0249775850187,0.30533790588378906
2932,9372.028,1825.680000000001,6965.333333333337,100,100,1031,2.000470128349389,6.755900420303916,2.275052547454834,-1825.680000000001,-0.024194788187742233,33.75141054041245,0.4089191196595921,0.0026005033595377907,0.0717568279189222,2932,323.0363741370914,0.30533790588378906
2933,9374.851,1767.1199999999992,6936.666666666667,100,100,1032,1.9681133719498667,6.721576227390181,2.237675666809082,-1767.1199999999992,-0.022616166402311885,23.893091987161075,0.5158850322751438,0.021033576641724828,0.08547794117647059,2933,323.0491806102568,0.30533790588378906
2934,9377.694,1750.096666666668,6900.000000000001,100,100,1032,1.9768696700677622,6.686046511627908,2.2469232082366943,-1750.096666666668,-0.02364636483766577,18.631267547607422,0.4855111410074374,0.01617616701953332,0.0703125,2934,323.0612974281547,0.30533790588378906
2935,9380.546,1839.0166666666669,7058.666666666668,100,100,1034,1.9931775615487528,6.826563507414573,2.273230791091919,-1839.0166666666669,-0.001269630649510552,23.67489004135132,0.4874432078179191,0.01523020925164661,0.08474264710265048,2935,323.07328963617744,0.30533790588378906
2936,9383.734,1865.003333333333,6942.666666666667,100,100,1032,2.2938965126924407,6.727390180878554,2.58168888092041,-1865.003333333333,-0.03982085049809778,26.112109072068158,0.46193691825165467,0.00569360438898644,0.07123161764705882,2936,323.07350928847904,0.30533790588378906
2937,9386.915,1761.3366666666668,6888.666666666666,100,100,1033,2.2681954491248812,6.668602775088738,2.555978775024414,-1761.3366666666668,-0.03881486297092017,20.956358853508444,0.47749996535918293,0.02014853009570609,0.07730800658464432,2937,323.0741061211931,0.30533790588378906
2938,9390.063,1765.2300000000005,6855.333333333332,100,100,1033,2.243321975318955,6.636334301387543,2.529061794281006,-1765.2300000000005,-0.008345287567114128,24.08921785915599,0.4964645732851589,0.010081440528772552,0.06714665035114568,2938,323.0757954645902,0.30533790588378906
2939,9393.12,1720.1799999999996,6958.000000000001,100,100,1030,2.166274660018282,6.755339805825243,2.4385035037994385,-1720.1799999999996,0.0018645059865187196,25.155713894787958,0.49545371795401855,0.00879823848577764,0.04963235294117647,2939,323.0802996309871,0.30533790588378906
2940,9399.936,1706.7433333333327,6668.666666666666,100,100,1035,2.3049561373196576,6.443156199677938,2.598440408706665,-1706.7433333333327,-0.015487856834250338,25.750173624824075,0.5693611879559124,0.005843571448862991,0.08263703216524686,2940,323.08040766068996,0.30533790588378906
2941,9402.975,1870.8866666666668,6975.999999999998,100,100,1030,2.1347717449828547,6.772815533980581,2.4137606620788574,-1870.8866666666668,-0.011322236619889736,33.70528832603903,0.530529639300178,0.006730721804642063,0.06770833362551297,2941,322.96129558217524,0.30533790588378906
2942,9406.068,1899.1133333333346,7104.666666666669,100,100,1034,2.1912350098204363,6.871050934880724,2.479149103164673,-1899.1133333333346,-0.014548882129876053,29.97926975699032,0.527247915373129,0.0192448185510276,0.06443014719030436,2942,322.9650426862178,0.30533790588378906
2943,9409.281,1828.966666666666,6950.666666666668,100,100,1032,2.3132345915317187,6.735142118863051,2.603508710861206,-1828.966666666666,-0.015509457875262289,23.307525270125446,0.519914942629197,-0.0005541452727116206,0.06204044117647059,2943,322.96443618698345,0.30533790588378906
2944,9412.33,1995.8666666666686,7168.999999999998,100,100,1033,2.160969988189616,6.939980638915777,2.451643943786621,-1995.8666666666686,0.013682565268348245,33.19123728135053,0.49456250053994794,0.015585327613413991,0.0727124183493502,2944,322.9695389225225,0.30533790588378906
2945,9415.215,1842.3800000000003,6970.333333333333,100,100,1029,2.0107000971627507,6.773890508584386,2.280294179916382,-1842.3800000000003,-0.01123105499016888,25.213735636542825,0.46092476126025705,0.03216996139791958,0.12104779438060873,2945,322.9798622533627,0.30533790588378906
2946,9418.09,1883.1566666666688,7145.000000000007,100,100,1034,2.0064877174349727,6.910058027079311,2.288583517074585,-1883.1566666666688,-0.004637846777982572,22.184980616850012,0.4867430732530706,0.023008149641100317,0.06470588244059507,2946,322.9910789937683,0.30533790588378906
2947,9420.947,1905.9333333333352,7046.333333333336,100,100,1033,1.9984304956101884,6.821232655695388,2.277470111846924,-1905.9333333333352,-0.02515645566232064,34.357560859006995,0.3911179203320952,0.009526127185809481,0.06433823529411764,2947,323.0027880182511,0.30533790588378906
2948,9423.815,1829.5966666666673,6943.333333333336,100,100,1034,1.9999715663732265,6.7150225660863985,2.277637481689453,-1829.5966666666673,-0.005292053827468087,25.1209154549767,0.4620283307398067,0.00777672857100911,0.07362132366089259,2948,323.0141892411168,0.30533790588378906
2949,9426.699,1894.4299999999994,7096.999999999996,100,100,1035,2.007094396116293,6.857004830917871,2.2918105125427246,-1894.4299999999994,-0.005061526399324922,24.514143775491153,0.44402918920797463,0.003975274376845097,0.060035093742258405,2949,323.0251608174173,0.30533790588378906
2950,9432.795,1757.2233333333324,6741.333333333334,100,100,1032,2.0061866301310416,6.532299741602068,2.2801308631896973,-1757.2233333333324,-0.0254445028874804,16.661940518547507,0.4570801512283437,0.025828026152928087,0.0818014705882353,2950,323.03639647400445,0.30533790588378906
2951,9435.689,1860.5066666666658,6995.0,100,100,1034,2.0102073498812416,6.764990328820116,2.289533853530884,-1860.5066666666658,-0.02472812279130962,25.05641460418701,0.44146821691709404,-0.0011859003673581516,0.07297794126412448,2951,322.9363369597441,0.30533790588378906
2952,9438.574,1760.8399999999992,6747.999999999996,100,100,1028,2.031408264713927,6.564202334630346,2.2958836555480957,-1760.8399999999992,-0.030284273492939332,22.570602473090677,0.39813879329492063,0.011943189358776984,0.08318014705882353,2952,322.9465740122296,0.30533790588378906
2953,9441.466,1924.9400000000005,6988.333333333333,100,100,1030,2.034274176061515,6.784789644012944,2.309807538986206,-1924.9400000000005,-0.009614056798026842,26.036974822773654,0.41294022255084095,0.015935856958522517,0.07965686303727768,2953,322.95672037273175,0.30533790588378906
2954,9444.421,1804.8133333333328,6987.333333333329,100,100,1031,2.0788824463499824,6.777238926608467,2.352104902267456,-1804.8133333333328,-0.04922943693750045,21.745753035825842,0.4687064842266195,0.022080170230337363,0.09893644995549146,2954,322.9648759944658,0.30533790588378906
2955,9447.316,1697.5399999999995,6705.666666666665,100,100,1035,2.01658695825974,6.478904991948469,2.294727087020874,-1697.5399999999995,-0.011285442461752716,26.681193968828985,0.47277012993307677,0.01013492715120425,0.07758188510642332,2955,322.9754218211072,0.30533790588378906
2956,9450.231,1814.6966666666672,6867.6666666666615,100,100,1031,2.04253705353029,6.66117038473973,2.317586660385132,-1814.6966666666672,-0.01621826836729751,28.769294822917264,0.49522950807038474,0.02054322760223466,0.10208771027186338,2956,322.984892946446,0.30533790588378906
2957,9453.142,1776.236666666668,7015.333333333334,100,100,1038,2.025131501687192,6.758509955041747,2.312405586242676,-1776.236666666668,-0.004244668628363048,21.277811387005976,0.4947913639685687,0.01938029783367015,0.08784138674245161,2957,322.995294154251,0.30533790588378906
2958,9456.041,1756.1066666666668,6801.999999999998,100,100,1035,2.0302204840371143,6.571980676328501,2.311649799346924,-1756.1066666666668,0.004346062484032968,19.3371421028586,0.5150921055499245,0.015988210175076827,0.08125835569465861,2958,323.0056887524783,0.30533790588378906
2959,9458.934,1820.9999999999993,6908.666666666668,100,100,1034,2.015082203878569,6.681495809155384,2.2945659160614014,-1820.9999999999993,0.011189284734427929,21.066703039057114,0.550974667948835,0.004917442764374702,0.07555147063206225,2959,323.0162040153139,0.30533790588378906
2960,9465.126,1814.743333333333,7064.333333333329,100,100,1031,2.0339394771429835,6.8519236986744225,2.310593366622925,-1814.743333333333,-0.0070528365562067315,26.811959378859576,0.4327036488582106,0.012338607972624767,0.07635241615421631,2960,323.02604482100514,0.30533790588378906
2961,9468.054,1825.8133333333324,6964.666666666665,100,100,1036,2.048895849835516,6.722651222651221,2.3345673084259033,-1825.8133333333324,-0.01609597703003708,17.167116361505844,0.5297393369324067,0.013583872261840631,0.07996323529411764,2961,322.9233921916244,0.30533790588378906
2962,9470.995,1888.1433333333332,6988.666666666664,100,100,1030,2.073599420062908,6.785113268608412,2.3481714725494385,-1888.1433333333332,-0.00424848184646929,31.164899208966425,0.5420164860346738,0.0031682989724418696,0.09849877480198355,2962,322.9318405354415,0.30533790588378906
2963,9473.805,1750.19,6863.666666666665,100,100,1031,1.9559141631923782,6.657290656320723,2.2250349521636963,-1750.19,-0.02094462015392149,22.366536673377542,0.5082125304376378,0.009070845690610655,0.09112394995549146,2963,322.9449003847796,0.30533790588378906
2964,9476.659,1806.526666666668,7052.333333333332,100,100,1034,1.9836795953826571,6.820438426821404,2.260424852371216,-1806.526666666668,-0.02040543785209165,21.328269621905157,0.5894544370034162,0.011825843245092341,0.10284926479353625,2964,322.9567645987901,0.30533790588378906
2965,9479.452,1815.4566666666674,6969.66666666667,100,100,1034,1.9388935204218836,6.740490006447456,2.213212728500366,-1815.4566666666674,0.0010122338529018795,31.222292451297534,0.6148816978230196,0.029060909397872713,0.1197610298062072,2965,322.9706641284517,0.30533790588378906
2966,9482.28,1773.1933333333322,6958.666666666665,100,100,1033,1.9631491785117092,6.736366569861244,2.234652519226074,-1773.1933333333322,-0.022949939045835945,23.238882064819336,0.6859267844873316,0.01664106349926442,0.1173406863475547,2966,322.9832772718656,0.30533790588378906
2967,9485.089,1950.7033333333334,7174.666666666668,100,100,1031,1.941644619255138,6.958939540898805,2.2142889499664307,-1950.7033333333334,-0.0292176690281314,32.25198742922615,0.5660152698264402,0.01831432925674188,0.12191439113196205,2967,322.9963449691221,0.30533790588378906
2968,9487.884,1733.826666666668,6864.333333333336,100,100,1030,1.9471073786511077,6.664401294498385,2.2129664421081543,-1733.826666666668,-0.0046250034014091775,18.70985678364249,0.5862706952235278,0.03005891147425727,0.10049019622452118,2968,323.0097591072387,0.30533790588378906
2969,9490.735,1802.346666666666,6929.666666666665,100,100,1035,1.9601308196279161,6.6953301127214155,2.2386531829833984,-1802.346666666666,-0.010540118331418317,27.724693606881534,0.6370637224001043,0.009139201918836026,0.07979612315402311,2969,323.0217644804656,0.30533790588378906
2970,9496.735,1872.083333333333,7156.000000000004,100,100,1040,1.9619616351869458,6.880769230769234,2.249795913696289,-1872.083333333333,0.0019304401186459204,32.47935317544376,0.6961569558171665,0.005444168048116434,0.046875,2970,323.0346267963906,0.30533790588378906
2971,9499.579,1774.1633333333334,6901.666666666663,100,100,1031,1.9715673136177079,6.694148076301322,2.24171781539917,-1774.1633333333334,-0.016446767648791567,23.88677173502305,0.7092446930268231,0.018456122666761717,0.08002888674245161,2971,322.93903883649523,0.30533790588378906
2972,9502.627,1785.3699999999994,6993.666666666671,100,100,1031,2.16364151248067,6.783381829938575,2.4399075508117676,-1785.3699999999994,-0.007982011281830423,25.44274201112635,0.7325197247897878,0.005550775855012676,0.05606617647058824,2972,322.94397034176393,0.30533790588378906
2973,9505.684,1853.873333333334,7023.000000000002,100,100,1034,2.1650333645865247,6.792069632495166,2.453382968902588,-1853.873333333334,-0.014934367993298699,25.73007871122921,0.7467735339613522,0.016280569889418343,0.07205882361706566,2973,322.9488788604204,0.30533790588378906
2974,9508.771,1866.2900000000002,7155.999999999999,100,100,1031,2.1688474308804153,6.940834141610086,2.4475932121276855,-1866.2900000000002,-0.026616110795122737,31.157544332392074,0.7558756523272571,0.011926627307034591,0.06256565144833397,2974,322.9524486056044,0.30533790588378906
2975,9511.832,1794.91,7050.666666666666,100,100,1034,2.154031623766453,6.818826563507414,2.436415672302246,-1794.91,-0.013222990584943225,23.69090705759385,0.7419682863880607,0.015191772480166572,0.09292279424912789,2975,322.95722405455547,0.30533790588378906
2976,9515.016,1853.1600000000012,7042.999999999998,100,100,1030,2.278953495896557,6.837864077669901,2.5585200786590576,-1853.1600000000012,-0.01772831632372211,25.482701750362622,0.7323581383508795,0.0025053496801239602,0.06694240210687413,2976,322.9574115520449,0.30533790588378906
2977,9518.162,1802.6800000000005,6969.999999999998,100,100,1034,2.2559952612550176,6.74081237911025,2.542555809020996,-1802.6800000000005,-0.02585699173676617,30.43427304660573,0.6782083336044761,0.0204525989932282,0.07849264714647741,2977,322.9592911170312,0.30533790588378906
2978,9521.174,1905.1899999999994,7220.333333333333,100,100,1034,2.1048575415450728,6.982914248871696,2.393444776535034,-1905.1899999999994,-0.005971005350789603,35.272809084723974,0.6596104844528086,0.005297056519125095,0.06360294122029753,2978,322.9657248884598,0.30533790588378906
2979,9524.265,1874.7166666666674,7183.000000000004,100,100,1040,2.1749620193776744,6.906730769230773,2.475356340408325,-1874.7166666666674,-0.017962359768502852,25.440766166238223,0.6562636389451868,0.0208910790285753,0.05974264705882353,2979,322.9701270838443,0.30533790588378906
2980,9530.997,1756.8766666666654,6847.666666666659,100,100,1031,2.3004813792742245,6.641771742644674,2.5770323276519775,-1756.8766666666654,-0.027721491697079995,39.23316837759579,0.6350798545514836,0.004075678270858,0.07635241615421631,2980,322.9701330881839,0.30533790588378906
2981,9533.83,1755.7400000000007,6913.333333333334,100,100,1034,1.9664682804361864,6.686009026434559,2.237929105758667,-1755.7400000000007,0.004662518115604625,22.695351207957547,0.6192403242868536,0.010477525185492328,0.08419117660206907,2981,322.8627244751835,0.30533790588378906
2982,9536.745,1814.8266666666675,6907.333333333329,100,100,1034,2.035946903297249,6.680206318504187,2.317363739013672,-1814.8266666666675,0.0010546901098945562,25.254167809205896,0.6239690324839424,0.02500953572555719,0.10009191185235977,2982,322.87241418781593,0.30533790588378906
2983,9539.583,1731.1066666666668,6984.000000000005,100,100,1037,1.974939538292558,6.734811957569917,2.2507405281066895,-1731.1066666666668,-0.0161690962884356,33.831789409413055,0.5980787785614238,0.015359523240476847,0.07763009058202014,2983,322.8850884800716,0.30533790588378906
2984,9542.435,1786.499999999999,7083.666666666666,100,100,1034,1.9978110269126366,6.850741457124435,2.2712552547454834,-1786.499999999999,-0.007668386268265107,20.807424236746396,0.5953705433536979,0.036699052540558004,0.10597426510032486,2984,322.8969311372891,0.30533790588378906
2985,9545.308,1858.5166666666673,7157.3333333333285,100,100,1033,2.0024444344872743,6.928686673120357,2.277285099029541,-1858.5166666666673,-0.01687568913706962,27.227142109590417,0.6102174730861888,0.006052794400602579,0.07771650329232216,2985,322.90796032941967,0.30533790588378906
2986,9548.227,1837.363333333334,6904.000000000001,100,100,1036,2.0129484552386643,6.6640926640926645,2.2955374717712402,-1837.363333333334,-0.019036599873181653,25.044713076423196,0.5615133906111998,0.025283095728167716,0.08318014727795825,2986,322.91774550471143,0.30533790588378906
2987,9551.117,1808.486666666666,7047.666666666668,100,100,1037,2.0126595966546663,6.7962070073931224,2.296574115753174,-1808.486666666666,-0.019432851442081088,30.71457862854004,0.5118254116352867,-0.0014466143021469608,0.09138150469345205,2987,322.9286322887206,0.30533790588378906
2988,9553.945,1766.4999999999998,6983.0,100,100,1034,1.9723672161511068,6.7533849129593815,2.246381998062134,-1766.4999999999998,-0.02832408534253345,23.552494511884802,0.45956793778082905,0.024508464656879798,0.07187500004382695,2988,322.94124286015045,0.30533790588378906
2989,9556.782,1787.1233333333328,7004.66666666667,100,100,1036,1.9700695964162558,6.761261261261264,2.2457263469696045,-1787.1233333333328,-0.014480818117804387,21.678428677951587,0.47960946665090676,0.012475900239009848,0.08149509811226059,2989,322.9538083694594,0.30533790588378906
2990,9562.886,1784.943333333334,6957.000000000003,100,100,1033,1.9711172317505417,6.734753146176189,2.2416436672210693,-1784.943333333334,-0.011449626427801216,32.64474285350126,0.49003439966370077,0.019533801584175843,0.10217524539021884,2990,322.9656539696697,0.30533790588378906
2991,9565.765,1729.446666666667,6804.0,100,100,1030,1.9921900961068866,6.6058252427184465,2.2567217350006104,-1729.446666666667,0.0015300132662934415,23.48206834232106,0.4403725406702827,0.018050827852943364,0.07797181387158002,2991,322.8661690263986,0.30533790588378906
2992,9568.65,1809.1466666666672,7026.000000000002,100,100,1038,2.0031522160264985,6.7687861271676315,2.2875444889068604,-1809.1466666666672,-0.008670414414475946,29.100486194386203,0.4790760348824894,0.01164640046601348,0.09631039925357875,2992,322.8773041675622,0.30533790588378906
2993,9571.515,1705.310000000001,6793.333333333332,100,100,1038,2.003436317974217,6.544637122671803,2.2825756072998047,-1705.310000000001,-0.007990996736813994,21.41070539811078,0.4722371311748729,0.016256934552289107,0.1018251062316053,2993,322.88912061689206,0.30533790588378906
2994,9574.379,1694.3099999999997,6868.666666666669,100,100,1030,2.014232820094319,6.668608414239484,2.278214931488037,-1694.3099999999997,-0.003462266834343181,21.443737254423255,0.44676916476558237,0.010524837081046665,0.07352941176470588,2994,322.9001214572438,0.30533790588378906
2995,9577.226,1666.3800000000008,6707.333333333338,100,100,1027,1.9895393359896518,6.530996429730611,2.24316668510437,-1666.3800000000008,0.005749210934428608,16.091774379505832,0.4530356263413149,0.045760752372991514,0.08578431430984945,2995,322.91136487597834,0.30533790588378906
2996,9580.102,1736.6500000000008,6914.000000000003,100,100,1033,2.0131120030675356,6.693126815101649,2.2861833572387695,-1736.6500000000008,0.0033566225320100784,21.156908988952637,0.36192932308596726,0.031233801622875035,0.08920547388055745,2996,322.92224821723204,0.30533790588378906
2997,9582.949,1644.9766666666665,6737.666666666666,100,100,1029,2.0044188510012915,6.547781017168772,2.263728618621826,-1644.9766666666665,-0.008389102240257403,30.255414598128375,0.3921997441964991,0.02215801934396629,0.09595588244059507,2997,322.93370848712567,0.30533790588378906
2998,9585.844,1667.793333333334,6778.333333333331,100,100,1039,1.999155917524022,6.523901187038818,2.2811264991760254,-1667.793333333334,0.001177326776087284,19.660237172070673,0.3470735361470896,0.03298051807317225,0.0934129902983413,2998,322.94453239465923,0.30533790588378906
2999,9588.706,1693.9766666666665,6793.333333333334,100,100,1030,1.996395050308405,6.595469255663431,2.2593681812286377,-1693.9766666666665,-0.0038013184333548825,17.17544106876149,0.3477550363715957,0.023947958632454497,0.08731617690885768,2999,322.9555815109822,0.30533790588378906
3000,9594.702,1839.4,7158.333333333329,100,100,1038,1.9869190741237073,6.896274887604363,2.270038604736328,-1839.4,0.003342154435813427,26.291707263273352,0.40321070043479695,0.037843099045430255,0.11889443305485389,3000,322.96774401976194,0.30533790588378906
