step,wall_clock_s,mean_flow_time,makespan,n_completed,n_orders,n_decisions,decision_time_ms,sim_time_per_decision,solve_wall_clock_s,reward_sum,policy_loss,value_loss,entropy,approx_kl,clip_fraction,episode,sps,gpu_mem_gb
1,6.122,2020.223333333334,7690.000000000003,100,100,1089,4.746474013826318,7.06152433425161,5.458837985992432,-2020.223333333334,-0.04312686218569676,489.69320593939887,1.0403804779052734,0.015030478256651096,0.1540798611111111,1,177.88903099370577,0.3025326728820801
2,12.196,1981.6700000000005,7534.333333333332,100,100,1089,4.789669331140932,6.918579736761554,5.512474060058594,-1981.6700000000005,-0.012481718945006529,490.07778294881183,1.0278530816237132,0.026196312637896173,0.21571180555555555,2,178.58593698179288,0.3025326728820801
3,18.231,1885.6266666666668,7510.666666666667,100,100,1090,4.750204220234733,6.890519877675842,5.460763216018677,-1885.6266666666668,-0.03335978711644808,419.54840511745874,0.9664170940717062,0.015366375012995882,0.2026909722222222,3,179.25303847103575,0.3032193183898926
4,24.318,1901.6266666666663,7529.999999999999,100,100,1087,4.841030175967284,6.927322907083716,5.555413484573364,-1901.6266666666663,-0.03159224808983067,424.5633939855239,0.9163069269236397,0.014507551047512713,0.1988430803312975,4,179.08335765318859,0.3032193183898926
5,30.435,1925.8466666666664,7529.333333333334,100,100,1091,4.789720166058004,6.901313779407272,5.504751205444336,-1925.8466666666664,-0.03249807464372781,433.3775689866808,0.8888948361078898,0.020053051302157756,0.2287326397167312,5,178.9412538022563,0.3032193183898926
6,36.135,1983.0833333333335,7521.999999999996,100,100,1085,4.471049399849044,6.932718894009213,5.139338493347168,-1983.0833333333335,-0.03304381493259879,453.72260149787456,0.8439141091178445,0.011175800989696975,0.23148957245490132,6,180.74537978891965,0.3032193183898926
7,41.887,2025.6699999999996,7633.333333333334,100,100,1088,4.4928656264828,7.01593137254902,5.1771650314331055,-2025.6699999999996,-0.0287121051155469,462.5386092242073,0.8228627601090599,0.026958829969825113,0.1875,7,181.89359364379482,0.3032193183898926
8,47.901,1926.3466666666668,7517.666666666667,100,100,1085,4.762734470069237,6.928725038402458,5.4528422355651855,-1926.3466666666668,-0.026752071948174166,412.20774931066177,0.7620809271055109,0.016182348789537653,0.21393593181582057,8,181.70857832385485,0.3032193183898926
9,53.954,1999.053333333334,7595.333333333336,100,100,1089,4.762076218467106,6.974594429139886,5.475531101226807,-1999.053333333334,-0.02718036150973704,431.01806502872046,0.6748380278133683,0.020871426729071472,0.23177083333333334,9,181.50811433445116,0.3032193183898926
10,67.313,1936.9999999999998,7577.000000000002,100,100,1090,4.716044311932878,6.951376146788992,5.419774293899536,-1936.9999999999998,-0.022364523261785507,407.4935709635417,0.6945066319571601,0.004336881845827318,0.2191840277777778,10,181.54605285814895,0.3032193183898926
11,73.288,1870.8733333333332,7374.666666666668,100,100,1087,4.738339925100881,6.784421956455076,5.429370880126953,-1870.8733333333332,-0.02451803590006688,378.53963515337773,0.6285736823783201,0.03358402375734466,0.19415266154443517,11,163.3288580448847,0.3032193183898926
12,79.293,1957.8799999999997,7457.666666666667,100,100,1088,4.758706801166066,6.854473039215686,5.460270881652832,-1957.8799999999997,-0.019679577254197177,395.3578069350299,0.6443951568182777,0.014825994039283079,0.19117647058823528,12,164.6794749208869,0.3032193183898926
13,85.305,2030.7433333333333,7610.999999999999,100,100,1088,4.761766086363316,6.995404411764705,5.470000743865967,-2030.7433333333333,-0.01559587211950737,399.58201599121094,0.6076211236855563,0.019102453158291822,0.1879595588235294,13,165.8291844839794,0.3032193183898926
14,91.327,2106.2766666666657,7869.999999999998,100,100,1086,4.773212890599513,7.246777163904234,5.473529100418091,-2106.2766666666657,-0.018534401760381812,428.2041320800781,0.6106293885146871,0.019726454718586278,0.1879892077516107,14,166.78891220678324,0.3032193183898926
15,97.351,1948.7766666666669,7510.000000000001,100,100,1089,4.749267493332741,6.896235078053261,5.44661283493042,-1948.7766666666669,-0.005089512845087383,332.0114347669813,0.5146665531728003,0.02966460247666368,0.1953125,15,167.65090364113857,0.3032193183898926
16,103.327,1917.4,7536.333333333334,100,100,1087,4.744146272078287,6.933149340693039,5.4338483810424805,-1917.4,-0.021579418283448937,317.3448885749368,0.5632808699327356,0.059841162121087754,0.23096113564337,16,168.47517998242574,0.3032193183898926
17,108.931,1890.5466666666662,7456.333333333335,100,100,1088,4.401586488122977,6.853247549019609,5.060716152191162,-1890.5466666666662,-0.01464148424565792,319.7437596040613,0.49243585414746227,0.059327813262558156,0.2109375,17,169.79612317857797,0.3032193183898926
18,114.16,2011.8766666666663,7633.666666666665,100,100,1088,4.0392078145112675,7.016237745098038,4.6721837520599365,-2011.8766666666663,-0.012797790524714133,329.7944111543543,0.5407606258111841,0.0758201903595096,0.22794117647058823,18,171.5508846361722,0.3032193183898926
19,119.249,1823.1666666666656,7328.999999999997,100,100,1089,3.968093112684937,6.730027548209364,4.591683864593506,-1823.1666666666656,-0.011610526177618239,255.1318616113729,0.4814447553621398,0.06465563960632102,0.1792534722222222,19,173.35954527204393,0.3032193183898926
20,132.526,1961.3,7507.0,100,100,1080,4.489003703498316,6.950925925925926,5.1208226680755615,-1961.3,-0.021518428207320327,283.1994224997128,0.5211489761576933,0.07495793728637234,0.17259716417859583,20,174.12174255311123,0.3032193183898926
21,138.602,1960.373333333334,7398.333333333335,100,100,1091,4.785962696366463,6.781240452184542,5.501791715621948,-1960.373333333334,0.012545655378037028,260.01291275024414,0.4633298052681817,0.07642588055912508,0.1987847222222222,21,164.8182657428313,0.3032193183898926
22,144.696,1944.2699999999988,7509.333333333331,100,100,1087,4.83008721121951,6.9083103342532945,5.539548873901367,-1944.2699999999988,-0.006961671224630931,260.094149870031,0.4890976574491052,0.13040628003449561,0.19828139683779547,22,165.38760154707228,0.3032193183898926
23,150.755,1994.8633333333332,7601.666666666666,100,100,1090,4.7863072498889485,6.97400611620795,5.4980149269104,-1994.8633333333332,-0.02435366116050217,247.5943849351671,0.48521918720669216,0.07130152825266123,0.18359375,23,165.97106148946546,0.3032193183898926
24,156.813,1851.02,7392.333333333332,100,100,1088,4.812830328613499,6.794424019607842,5.510350227355957,-1851.02,-0.013101036824724254,201.99722693948183,0.4804542283801472,0.08490292648510898,0.13878676470588236,24,166.49730349422262,0.3032193183898926
25,162.913,2043.8266666666668,7583.333333333332,100,100,1089,4.80858154536744,6.963575145393326,5.530315399169922,-2043.8266666666668,-0.048757769684824676,225.10803584920035,0.46241179367320406,0.0746651865904116,0.13671875,25,166.9481046953895,0.3032193183898926
26,168.962,1941.2366666666662,7399.999999999999,100,100,1088,4.801654227883453,6.8014705882352935,5.501471281051636,-1941.2366666666662,-0.014337144134675755,198.4175590066349,0.45351694611942067,0.05711193710072514,0.13924632352941177,26,167.41020878310272,0.3032193183898926
27,175.074,1878.9300000000005,7449.0,100,100,1089,4.82619191783748,6.8402203856749315,5.536982774734497,-1878.9300000000005,0.10429144335082835,216.580630408393,0.4437134540575143,0.06396519683120358,0.11371527777777778,27,167.78658593366583,0.3032193183898926
28,181.095,1901.2699999999995,7384.666666666662,100,100,1089,4.74414977112903,6.781144781144778,5.439489841461182,-1901.2699999999995,0.02400987098614375,170.57250277201334,0.459313050740295,0.0761138074643289,0.1345486111111111,28,168.22077893049155,0.3032193183898926
29,186.758,2037.6899999999996,7686.000000000001,100,100,1088,4.443158640081974,7.064338235294119,5.108823776245117,-2037.6899999999996,-0.00580184961504796,171.81720082900102,0.4964437782764435,0.07158588250304627,0.14659926470588236,29,168.9461038922102,0.3032193183898926
30,200.122,1959.6033333333332,7473.666666666663,100,100,1089,4.54643571736929,6.862871135598406,5.235473871231079,-1959.6033333333332,0.027623346592817042,147.77543534172906,0.4627156408193211,0.05381885829976656,0.1349826388888889,30,169.50079223501783,0.3032193183898926
31,206.27,2045.6233333333332,7682.333333333332,100,100,1092,4.8200777452950785,7.035103785103784,5.550664186477661,-2045.6233333333332,-0.012336175371375348,153.23772366841635,0.46294890178574455,0.05845774911964933,0.14539930555555555,31,163.53840932172628,0.3032193183898926
32,212.366,1959.0100000000007,7447.333333333329,100,100,1089,4.8071348039506905,6.838689929599017,5.514908790588379,-1959.0100000000007,-0.06396485107123023,126.78416601816814,0.4775572357078393,0.04779767653801375,0.12456597222222222,32,163.9719419045965,0.3032193183898926
33,218.439,1890.1666666666674,7392.666666666669,100,100,1087,4.825666053743267,6.800981294081572,5.524529218673706,-1890.1666666666674,-0.01169673290432376,101.73937113144818,0.476581665522912,0.09825728315284804,0.11922998419579338,33,164.3890807857505,0.3032193183898926
34,224.515,1912.8866666666672,7418.333333333337,100,100,1085,4.808738341014231,6.837173579109066,5.498396635055542,-1912.8866666666672,-0.014939388424596366,109.27823481840245,0.504155167761971,0.07442359636565123,0.10987222676768023,34,164.77275531104604,0.3032193183898926
35,230.587,1952.3966666666656,7586.333333333329,100,100,1087,4.801070285496656,6.979147500766633,5.496638536453247,-1952.3966666666656,-0.012090924305512625,103.78143714455997,0.47948022975641136,0.08143719020025696,0.13023021773380392,35,165.14805801429182,0.3032193183898926
36,236.647,1899.7566666666671,7458.000000000004,100,100,1088,4.810403769785326,6.854779411764709,5.508391618728638,-1899.7566666666671,-0.017571665154879585,93.55926760505227,0.4393194230163799,0.062385823098285234,0.11259191176470588,36,165.51659188777637,0.3032193183898926
37,242.756,2042.006666666666,7676.999999999996,100,100,1089,4.814412396403733,7.049586776859501,5.533109188079834,-2042.006666666666,-0.042491347891175084,99.29050168891747,0.44761005087025296,0.07098732971482807,0.1076388888888889,37,165.83754332971512,0.3032193183898926
38,248.846,2114.3666666666672,7762.000000000001,100,100,1088,4.814315351455555,7.134191176470589,5.532543182373047,-2114.3666666666672,-0.0065781084875411846,112.1404650071088,0.51215761987602,0.11420749415479162,0.10386029411764706,38,166.1511164735634,0.3032193183898926
39,254.542,1908.3300000000004,7486.333333333336,100,100,1087,4.4732993551535944,6.887151180619444,5.143179416656494,-1908.3300000000004,-0.009609832318828386,82.51820384754853,0.4837976930772557,0.0803934523890562,0.11176762401181109,39,166.70341233513543,0.3032193183898926
40,267.901,1946.093333333334,7451.0,100,100,1088,4.53297454131483,6.848345588235294,5.203588962554932,-1946.093333333334,-0.015203363809953718,77.42250565921559,0.47813189993886385,0.07885574181016315,0.12362132352941177,40,167.19473092042338,0.3032193183898926
41,274.004,1982.766666666666,7520.33333333333,100,100,1089,4.809141596176305,6.905723905723903,5.520743131637573,-1982.766666666666,-0.016259293278886214,77.65612961186304,0.4826147970539583,0.053555960301309824,0.13411458333333334,41,162.80826837733952,0.3032193183898926
42,280.105,1878.5733333333326,7408.333333333332,100,100,1087,4.8447586032677625,6.815394050904629,5.552558183670044,-1878.5733333333326,-0.01841650706003694,63.10980505101821,0.487919403349652,0.07833155028193313,0.09065709668485557,42,163.14264172381237,0.3032193183898926
43,286.16,1842.0166666666669,7345.666666666668,100,100,1086,4.811870901541815,6.7639656230816465,5.502108097076416,-1842.0166666666669,-0.0162156895350884,57.6211514192469,0.509844216353753,0.09977022298228215,0.11056095799979042,43,163.4852088695813,0.3032193183898926
44,292.265,1918.3233333333335,7463.333333333336,100,100,1088,4.848740808109356,6.859681372549022,5.561540365219116,-1918.3233333333335,-0.009153013829799259,58.916750739602485,0.5328193131615134,0.08193001278456957,0.09420955882352941,44,163.79294421983005,0.3032193183898926
45,298.317,2003.3599999999997,7515.666666666666,100,100,1088,4.815177664782181,6.9077818627450975,5.5179970264434814,-2003.3599999999997,-0.012927021612139308,64.05218146829044,0.6068203221349155,0.05281125151497476,0.11397058823529412,45,164.11714687546217,0.3032193183898926
46,304.379,1889.2333333333331,7396.999999999998,100,100,1087,4.80228343949822,6.804967801287947,5.497502565383911,-1889.2333333333331,-0.012026570792145589,57.852517520680145,0.530670446508071,0.12410010155530043,0.10352474385324646,46,164.41995095351106,0.3032193183898926
47,310.483,1870.0066666666667,7336.000000000002,100,100,1090,4.804621929080661,6.7302752293578,5.520572662353516,-1870.0066666666667,-0.008531493600457907,43.96845626831055,0.540716092619631,0.098944093243012,0.11588541666666667,47,164.69800803729308,0.3032193183898926
48,316.529,2029.416666666667,7604.3333333333385,100,100,1089,4.779001378798062,6.982858891949806,5.47870397567749,-2029.416666666667,-0.051017152352465525,58.36398700459136,0.5357321732574039,0.09130869840737432,0.11631944444444445,48,164.99294062143125,0.3032193183898926
49,322.252,1924.8299999999997,7515.000000000002,100,100,1088,4.47762086375459,6.907169117647061,5.152870178222656,-1924.8299999999997,-0.019547905882491785,47.93451673844282,0.47528841828598695,0.10465675284264281,0.11580882352941177,49,165.43905884561636,0.3032193183898926
50,335.607,1936.4733333333334,7525.333333333333,100,100,1090,4.503799357703554,6.903975535168195,5.182598829269409,-1936.4733333333334,-0.038744237584372364,46.641470068030884,0.4750645166883866,0.03745096754412063,0.08550347222222222,50,165.85441759033452,0.3032193183898926
51,341.728,1954.326666666667,7441.999999999998,100,100,1090,4.837212387532201,6.827522935779815,5.556454420089722,-1954.326666666667,-0.0291567902184195,40.41505128476355,0.5117499770389663,0.04105905814342097,0.09852430555555555,51,162.3891974467633,0.3032193183898926
52,347.754,1949.64,7501.0000000000055,100,100,1087,4.792414259798687,6.900643974241035,5.4841389656066895,-1949.64,-0.015271793948212528,57.472675547880286,0.5057872376021217,0.07429429918856305,0.10998045127181445,52,162.7012430537296,0.3032193183898926
53,353.908,1943.4100000000003,7445.0000000000055,100,100,1092,4.832521336402184,6.817765567765573,5.570286512374878,-1943.4100000000003,-0.010391226607478328,41.00073165363736,0.4798869540294011,0.09125442767334688,0.12630208333333334,53,162.95811868788857,0.3032193183898926
54,360.007,1913.5,7521.666666666668,100,100,1089,4.8108045921487355,6.9069482705846355,5.514707803726196,-1913.5,-0.0019362573770599233,41.16353690934678,0.5205636454953088,0.1002200385555625,0.09331597222222222,54,163.22176431743878,0.3032193183898926
55,366.122,2088.136666666667,7772.000000000005,100,100,1088,4.841705975302509,7.143382352941181,5.564129114151001,-2088.136666666667,-0.013220700873609851,48.81998673607321,0.4580516911604825,0.05183143942507312,0.10891544117647059,55,163.46760949355604,0.3032193183898926
56,372.167,1879.1733333333336,7508.666666666669,100,100,1088,4.795098894807298,6.901348039215688,5.503438234329224,-1879.1733333333336,-0.013133923687479076,43.395679249482995,0.3919135910623214,0.11722913699443727,0.09926470588235294,56,163.73567642719885,0.3032193183898926
57,378.254,1916.6133333333328,7513.999999999996,100,100,1089,4.802476400804523,6.899908172635442,5.517133712768555,-1916.6133333333328,0.003723505677448379,45.15194304784139,0.42395861115720535,0.0903499254038454,0.13194444444444445,57,163.97984823314928,0.3032193183898926
58,384.276,2015.036666666667,7501.000000000001,100,100,1089,4.7327578508212165,6.8879706152433435,5.445754528045654,-2015.036666666667,-0.04366339329216215,47.49280367957221,0.3645190378770672,0.172370498091267,0.09505208333333333,58,164.24386983132254,0.3032193183898926
59,389.98,1888.3733333333337,7343.66666666667,100,100,1088,4.470038878614158,6.749693627450983,5.155320405960083,-1888.3733333333337,-0.014986005009097211,38.0526595957139,0.35679175310275135,0.16453847806106375,0.09880514705882353,59,164.63138237217603,0.3032193183898926
60,403.343,1922.8766666666666,7492.666666666668,100,100,1089,4.509822862723944,6.880318334863791,5.196173906326294,-1922.8766666666666,-0.08647753039581908,34.672885523902046,0.3335357396493543,0.10860254909817336,0.09809027777777778,60,164.98450317784668,0.3032193183898926
61,409.367,1927.6633333333336,7399.333333333333,100,100,1086,4.7761638126547,6.813382443216697,5.464060306549072,-1927.6633333333336,-0.004780219265205019,39.770468319163605,0.3132030402912813,0.15232562685987966,0.09305324931355084,61,162.1478352756834,0.3032193183898926
62,415.39,2053.039999999999,7672.33333333333,100,100,1087,4.770402394092908,7.05826433609322,5.478745698928833,-2053.039999999999,-0.014353883671848214,44.96984666936538,0.365495907033191,0.09137445002082079,0.09888538783963989,62,162.41420854621728,0.3032193183898926
63,421.423,1951.0166666666669,7476.000000000002,100,100,1088,4.772287223364829,6.871323529411766,5.48084282875061,-1951.0166666666669,-0.004339359536328737,32.73839933731977,0.327895124168957,0.18601291560266606,0.1171875,63,162.6703547665122,0.3032193183898926
64,427.539,1835.1733333333325,7278.999999999997,100,100,1088,4.834594207268845,6.690257352941174,5.5476109981536865,-1835.1733333333325,-0.0011110678862999467,32.923835165360394,0.2789873384377536,0.2576864745317246,0.11994485294117647,64,162.88818344801584,0.3032193183898926
65,433.648,2017.3933333333334,7582.666666666663,100,100,1091,4.787405774720341,6.950198594561561,5.517549753189087,-2017.3933333333334,-0.022274132041881483,41.072743624448776,0.31121798801339334,0.19974657774340207,0.10199652777777778,65,163.1092862170332,0.3032193183898926
66,439.726,1941.2166666666665,7573.000000000003,100,100,1090,4.792396789480753,6.947706422018351,5.5041069984436035,-1941.2166666666665,0.0851081232022908,39.112469255924225,0.3152692603568236,0.19814291948245633,0.1232638888888889,66,163.333452556121,0.3032193183898926
67,445.843,1794.5066666666673,7265.666666666665,100,100,1089,4.818201653126549,6.671870217324761,5.530046224594116,-1794.5066666666673,-0.026165689652164776,32.472560702926586,0.27666404098272324,0.19214126447655466,0.1115451388888889,67,163.53504462201886,0.3032193183898926
68,451.864,1973.2433333333342,7521.000000000001,100,100,1089,4.737318730318733,6.906336088154271,5.441926956176758,-1973.2433333333342,-0.03857328799656696,30.083175122737885,0.2839298462495208,0.13580315134539786,0.1423611111111111,68,163.7660909557868,0.3032193183898926
69,457.563,2000.88,7547.666666666671,100,100,1088,4.462779781426755,6.937193627450984,5.140578985214233,-2000.88,-0.010261042755754554,38.96940882065717,0.2729956393732744,0.16103735608596573,0.09972426470588236,69,164.10421854789726,0.3032193183898926
70,470.795,1953.6500000000003,7546.333333333334,100,100,1088,4.509783640862545,6.9359681372549025,5.178067922592163,-1953.6500000000003,-0.01008545684025568,28.659343551186954,0.2566611481940045,0.16078525717260644,0.11488970588235294,70,164.41805084303175,0.3032193183898926
71,476.894,1879.036666666666,7360.000000000002,100,100,1088,4.819875369802878,6.764705882352943,5.538520097732544,-1879.036666666666,-0.00849010335171924,26.138384370242846,0.21591382145005114,0.1937868949436747,0.109375,71,162.0154973314748,0.3032193183898926
72,482.959,1898.3033333333328,7353.9999999999945,100,100,1085,4.802690784356767,6.777880184331792,5.480136394500732,-1898.3033333333328,-0.0059139017453965015,26.605530963224524,0.24034694713704727,0.2235074078267002,0.09831545260899208,72,162.2271257355476,0.3032193183898926
73,489.048,1898.8933333333325,7394.3333333333285,100,100,1087,4.828183898889042,6.802514566084019,5.535479307174683,-1898.8933333333325,-0.007883725140024634,27.787759752834546,0.2507529824095614,0.16088031627484323,0.11869018481058233,73,162.42980074922144,0.3032193183898926
74,495.151,2011.826666666667,7727.000000000003,100,100,1089,4.793321855662987,7.095500459136825,5.506397008895874,-2011.826666666667,0.008049518801271915,36.09006059097333,0.24253854943187253,0.15956761538917716,0.12456597222222222,74,162.62730460502215,0.3032193183898926
75,501.243,2000.7733333333329,7686.6666666666615,100,100,1087,4.8268790264282355,7.071450475314316,5.537317514419556,-2000.7733333333329,-0.008682965520111954,31.72488997964298,0.2684112677679342,0.12150477498824544,0.1044511558378444,75,162.81925445968017,0.3032193183898926
76,507.32,1837.056666666667,7379.666666666671,100,100,1089,4.795111295030794,6.776553412917053,5.50036096572876,-1837.056666666667,-0.030213479780488543,36.577731397416855,0.23330358912547508,0.14227072093247747,0.1015625,76,163.01531312214777,0.3032193183898926
77,513.443,1958.006666666667,7448.333333333332,100,100,1090,4.824826146322175,6.833333333333332,5.547111749649048,-1958.006666666667,-0.08267701637103325,42.298462020026314,0.29152340441942215,0.10148963400085147,0.10286458333333333,77,163.19470304686368,0.3032193183898926
78,519.476,1882.4733333333331,7559.333333333334,100,100,1088,4.787517096487778,6.947916666666667,5.4866368770599365,-1882.4733333333331,-0.015213379307704814,32.17153313580681,0.2535638230688432,0.15228239970062585,0.0978860294117647,78,163.39336924152738,0.3032193183898926
79,525.191,1898.986666666667,7599.666666666666,100,100,1088,4.467226650804685,6.984987745098039,5.139970541000366,-1898.986666666667,-0.014880391276058029,38.40861634647145,0.30125413747394786,0.09010104958467897,0.13051470588235295,79,163.6873465416934,0.3032193183898926
80,538.515,1903.4266666666665,7435.666666666666,100,100,1088,4.521069483898293,6.834252450980392,5.185205459594727,-1903.4266666666665,-0.00408803260720828,32.104161851546344,0.3028990560594727,0.21939889719942585,0.13143382352941177,80,163.96438698690463,0.3032193183898926
81,544.6,2004.4566666666674,7594.000000000003,100,100,1088,4.812738327018451,6.979779411764708,5.515751123428345,-2004.4566666666674,-0.01574463945101289,36.00071054346421,0.30094312087577935,0.1126135154216386,0.11121323529411764,81,161.84899702806374,0.3032193183898926
82,550.692,2061.726666666667,7714.333333333334,100,100,1090,4.809076879643451,7.07737003058104,5.521990537643433,-2061.726666666667,0.005585022089588974,42.28805054558648,0.2841152279741234,0.13215944530545837,0.11024305555555555,82,162.03811380039429,0.3032193183898926
83,556.809,1828.563333333333,7362.66666666667,100,100,1090,4.829819999750567,6.7547400611620825,5.545499324798584,-1828.563333333333,-0.01107235589168138,33.22675180435181,0.3007908889816867,0.1835748646925721,0.11675347222222222,83,162.2154102830171,0.3032193183898926
84,562.873,2018.1666666666663,7689.333333333335,100,100,1088,4.800996786691351,7.0674019607843155,5.509751319885254,-2018.1666666666663,-0.01716984375653898,29.9122870389153,0.3632701162029715,0.11809160711024613,0.10753676470588236,84,162.4006961872694,0.3032193183898926
85,569.015,2087.513333333333,7783.666666666662,100,100,1090,4.83249605584189,7.140978593272167,5.555818557739258,-2087.513333333333,-0.03355463294105397,33.303686406877304,0.3727485892514879,0.08396393890790124,0.0959201388888889,85,162.56341756199598,0.3032193183898926
86,575.059,1951.1600000000003,7525.000000000002,100,100,1087,4.7881873053555974,6.922723091076358,5.4801061153411865,-1951.1600000000003,-0.013153693255256204,25.941402098711798,0.35727251759346795,0.17057116699459798,0.10631127502111827,86,162.74491092499582,0.3032193183898926
87,581.174,2020.8500000000008,7653.333333333337,100,100,1088,4.830404870517668,7.0343137254901995,5.546982049942017,-2020.8500000000008,-0.011755861780222724,39.514422697179455,0.3697798208278768,0.16766837523455785,0.12637867647058823,87,162.90475739245693,0.3032193183898926
88,587.192,1952.6466666666677,7628.666666666671,100,100,1088,4.762664155564647,7.011642156862749,5.456819295883179,-1952.6466666666677,-0.014199680429609382,26.233488896313837,0.37692217222031427,0.08595832804327502,0.11075367647058823,88,163.08792075603534,0.3032193183898926
89,592.908,1975.1433333333343,7553.000000000004,100,100,1087,4.484235048923803,6.948482060717574,5.157512664794922,-1975.1433333333343,-0.015317637637695846,28.60062655280618,0.3876286499640521,0.10127131786772653,0.09155433033319081,89,163.34924611498317,0.3032193183898926
90,606.344,1896.9133333333325,7403.666666666669,100,100,1090,4.514979725327651,6.792354740061164,5.190897703170776,-1896.9133333333325,0.01884307748534613,25.94867534107632,0.3305946716831791,0.1597805996166749,0.10026041666666667,90,163.596215963296,0.3032193183898926
91,612.409,1945.9100000000012,7501.33333333334,100,100,1089,4.780014507670068,6.888276706458531,5.484442949295044,-1945.9100000000012,0.0024519542801297372,26.35767514175839,0.39339501162370044,0.09393488364811572,0.09635416666666667,91,161.7056589626991,0.3032193183898926
92,618.457,2045.7400000000007,7793.66666666667,100,100,1088,4.780514155059149,7.1632965686274535,5.484034776687622,-2045.7400000000007,-0.01659746084581403,25.592156157774085,0.3451811381999184,0.11487368740798796,0.10477941176470588,92,161.8834134858605,0.3032193183898926
93,624.497,1870.6766666666663,7448.666666666669,100,100,1086,4.786178359352773,6.858809085328424,5.47493839263916,-1870.6766666666663,-0.01706909021253095,24.164651281693402,0.3731103539466858,0.10258595568045754,0.12661586789523854,93,162.05698190871118,0.3032193183898926
94,630.527,1985.4966666666671,7524.000000000003,100,100,1085,4.7925383400832935,6.93456221198157,5.476877927780151,-1985.4966666666671,-0.017818775356692428,22.406962254468134,0.293797802837456,0.0956900743973058,0.1219563637586201,94,162.22794673543257,0.3032193183898926
95,636.645,2060.413333333334,7729.333333333332,100,100,1091,4.80074674492031,7.084631836235868,5.528525114059448,-2060.413333333334,-0.044689974954558745,35.570755614174736,0.27984968365894425,0.20491550144894669,0.12789351907041338,95,162.38239891382287,0.3032193183898926
96,642.675,1972.6400000000003,7610.000000000001,100,100,1088,4.784378492117599,6.994485294117648,5.485952854156494,-1972.6400000000003,-0.014454867745585302,30.939165283651914,0.31538131920730367,0.1259278050445787,0.10294117647058823,96,162.55180531790407,0.3032193183898926
97,648.741,1827.7099999999991,7244.33333333333,100,100,1086,4.82369106981996,6.670656844689991,5.517773151397705,-1827.7099999999991,-0.009604153935523593,35.14873179267435,0.2690035402774811,0.06866367046228226,0.10042101495406207,97,162.70594960652872,0.3032193183898926
98,654.766,1897.926666666667,7460.333333333333,100,100,1088,4.769370497182107,6.856924019607843,5.465223073959351,-1897.926666666667,-0.009788528687375434,21.848922168507297,0.2710644865737242,0.12553973528830445,0.11213235294117647,98,162.87031189902427,0.3032193183898926
99,660.462,1966.9566666666663,7527.666666666667,100,100,1088,4.463484374783173,6.918811274509804,5.1368114948272705,-1966.9566666666663,-0.013290698201779057,29.34363297855153,0.32498961424126344,0.07760214151794036,0.10707720588235294,99,163.1130795742911,0.3032193183898926
100,673.825,1891.9966666666674,7539.666666666666,100,100,1089,4.542446921898533,6.923477196204469,5.220569133758545,-1891.9966666666674,0.04663518122914764,30.701103972064125,0.30848896834585404,0.10725117388129649,0.1171875,100,163.32738509114893,0.3032193183898926
101,679.901,1876.3666666666668,7459.000000000002,100,100,1088,4.805531160373528,6.855698529411766,5.5056374073028564,-1876.3666666666668,-0.010319815072066644,32.116376624387854,0.29076124026494865,0.23615007491111206,0.10983455882352941,101,161.6517903874628,0.3032193183898926
102,686.005,1880.0833333333335,7367.000000000001,100,100,1091,4.794516953115551,6.752520623281394,5.508999586105347,-1880.0833333333335,-0.026535228877845738,18.78305408027437,0.2649916166232692,0.054918063080145255,0.09244791666666667,102,161.80353384425771,0.3032193183898926
103,692.115,1991.17,7576.333333333336,100,100,1088,4.816179688799927,6.963541666666669,5.525351524353027,-1991.17,-0.018321654704563758,24.935308989356546,0.30185242566992254,0.11774263787425726,0.10615808823529412,103,161.94701563050498,0.3032193183898926
104,698.236,1976.91,7685.999999999996,100,100,1089,4.811234894072632,7.057851239669418,5.51737642288208,-1976.91,0.034101938725345664,27.92167870203654,0.3053409908380773,0.0696779409966742,0.1072048611111111,104,162.08701119475236,0.3032193183898926
105,704.354,1963.9600000000005,7433.000000000002,100,100,1091,4.800754080579456,6.813015582034832,5.515815734863281,-1963.9600000000005,0.01948780131836732,28.02532360288832,0.3252195500665241,0.04238884899597098,0.09635416666666667,105,162.2281027130918,0.3032193183898926
106,710.486,1943.466666666666,7521.6666666666615,100,100,1089,4.8163671237207035,6.906948270584629,5.524875640869141,-1943.466666666666,-0.04909378486788935,25.569742124527693,0.3460109457373619,0.06247384115380959,0.12890625,106,162.3606538336859,0.3032193183898926
107,716.611,2003.1433333333332,7540.333333333333,100,100,1092,4.801793680752324,6.9050671550671545,5.524958848953247,-2003.1433333333332,-0.011888841529273324,28.140932030147976,0.35106148653560215,0.05303314036508608,0.10026041666666667,107,162.4968084183812,0.3032193183898926
108,722.667,2048.2533333333336,7696.666666666667,100,100,1090,4.775000915226074,7.061162079510703,5.483103275299072,-2048.2533333333336,-0.010342732382317385,32.280613051520454,0.2772045921883546,0.054766642938678466,0.12890625,108,162.64335841060654,0.3032193183898926
109,728.366,1863.2666666666667,7291.000000000001,100,100,1088,4.460059468542835,6.701286764705883,5.143799543380737,-1863.2666666666667,-0.009192865643212023,29.289815005134134,0.28078559610773535,0.077113790293772,0.09466911764705882,109,162.86459264934902,0.3032193183898926
110,741.653,1939.5733333333335,7558.666666666668,100,100,1088,4.460479411029476,6.947303921568628,5.133358001708984,-1939.5733333333335,-0.014289397472406136,32.48238888908835,0.27307650249670534,0.10100553671637659,0.10294117647058823,110,163.0866450098738,0.3032193183898926
111,747.747,1898.1633333333334,7444.33333333333,100,100,1090,4.799811924282256,6.829663608562688,5.515706300735474,-1898.1633333333334,-0.030518830805603,32.26935476726956,0.27299748692247605,0.08132722451248103,0.10069444444444445,111,161.5559399886125,0.3032193183898926
112,753.867,1863.0233333333338,7507.666666666666,100,100,1089,4.819000180241121,6.894092439546984,5.539892673492432,-1863.0233333333338,-0.009318952759106955,33.808172411388824,0.27232760622347185,0.12401398567534569,0.09895833333333333,112,161.68910202696063,0.3032193183898926
113,759.963,1917.0666666666675,7577.0,100,100,1091,4.778991659183831,6.94500458295142,5.4920923709869385,-1917.0666666666675,-0.009569604156745804,31.107788695229424,0.22462828415963385,0.10733950437376431,0.1086516206463178,113,161.8277101668883,0.3032193183898926
114,766.051,1846.303333333333,7355.666666666663,100,100,1088,4.824438327191541,6.760723039215684,5.531611442565918,-1846.303333333333,-0.011205178411567913,29.27218010846306,0.24905111070941477,0.057296316694084776,0.08685661764705882,114,161.96204761396606,0.3032193183898926
115,772.132,1796.043333333334,7396.666666666665,100,100,1090,4.794358899880953,6.785932721712537,5.494257688522339,-1796.043333333334,-0.020930547086108062,31.618683801756966,0.2177318823006418,0.11744670850586975,0.09809027777777778,115,162.09786808170534,0.3032193183898926
116,778.223,2007.73,7711.333333333334,100,100,1090,4.779380734864657,7.0746177370030585,5.493515491485596,-2007.73,-0.016400313211811915,29.07907642258538,0.25217672602997887,0.10352297003717265,0.11197916666666667,116,162.22984201813364,0.3032193183898926
117,784.344,1897.5566666666664,7458.666666666665,100,100,1090,4.813310276148755,6.842813455657491,5.536899566650391,-1897.5566666666664,0.008870845298386283,20.428281211190754,0.22458170685503218,0.12341362981048103,0.1228298611111111,117,162.35352511037638,0.3032193183898926
118,790.434,1960.5266666666662,7608.333333333333,100,100,1091,4.797665535888057,6.973724411854567,5.509476900100708,-1960.5266666666662,-0.000756755109048552,23.48201482825809,0.22609208379354742,0.15290109665107188,0.11863425953520669,118,162.4828168055415,0.3032193183898926
119,796.16,1892.0366666666675,7408.333333333334,100,100,1086,4.494634990449171,6.821669736034377,5.167311906814575,-1892.0366666666675,-0.007755408666151411,23.19486733043895,0.24180522473419414,0.11895919585710063,0.1054761620128856,119,162.67829378434905,0.3032193183898926
120,809.372,1918.9933333333329,7340.333333333332,100,100,1086,4.477467495432676,6.759054634745241,5.140933990478516,-1918.9933333333329,-0.009818408583455226,25.736853375154382,0.18652238061322884,0.0726576289641397,0.11477110973175834,120,162.87741027845382,0.3032193183898926
121,815.455,1901.5999999999992,7532.999999999996,100,100,1090,4.786608440250397,6.911009174311923,5.5042102336883545,-1901.5999999999992,0.0026921998295519087,26.632406340705025,0.20090811202923456,0.10749965943331416,0.08550347222222222,121,161.4976381728584,0.3032193183898926
122,821.582,1925.7900000000006,7499.666666666666,100,100,1091,4.796111092033713,6.874121600977696,5.5105299949646,-1925.7900000000006,-0.038010528259393245,25.766861266560024,0.1712549486094051,0.10171806135784006,0.0842013888888889,122,161.62112603934335,0.3032193183898926
123,827.67,1984.686666666667,7741.666666666668,100,100,1087,4.820029071888611,7.122048451395279,5.522976636886597,-1984.686666666667,-0.012063722126185894,26.566681525286505,0.18644584715366364,0.07718505570665002,0.07592933033319081,123,161.74559556483342,0.3032193183898926
124,833.752,1851.54,7407.333333333331,100,100,1088,4.826649171959349,6.808210784313723,5.531004428863525,-1851.54,-0.00892824909704573,23.972461027257584,0.15624430950950174,0.0809919584186419,0.078125,124,161.8709134284051,0.3032193183898926
125,839.902,1944.446666666667,7662.666666666665,100,100,1091,4.842725481264341,7.023525817293002,5.5675554275512695,-1944.446666666667,-0.012438907598455748,25.677835358513725,0.17644824853373897,0.10611721799553682,0.08695023175742891,125,161.98429128824114,0.3032193183898926
126,845.975,1961.2033333333331,7466.333333333332,100,100,1086,4.811204969882965,6.8750767341927554,5.503904819488525,-1961.2033333333331,-0.0024150410557494443,27.633818065418918,0.1328878225210835,0.2038178175468655,0.08847248554229736,126,162.1052585619198,0.3032193183898926
127,852.081,1859.1566666666663,7470.999999999998,100,100,1092,4.804130495421847,6.8415750915750895,5.529441833496094,-1859.1566666666663,-0.0014426973130967882,21.62178945541382,0.14468719764328045,0.06555445825668155,0.08854166666666667,127,162.2251346130074,0.3032193183898926
128,858.16,1868.1900000000003,7406.333333333334,100,100,1089,4.781233976446297,6.80104071013162,5.48559832572937,-1868.1900000000003,-0.04636590048256847,26.71617216202948,0.20821376848551962,0.11603966550642832,0.13585069444444445,128,162.34503689511706,0.3032193183898926
129,863.848,1956.2799999999997,7713.333333333334,100,100,1089,4.442443527688364,7.082950719314356,5.11615252494812,-1956.2799999999997,-0.08499113785930806,25.477455801433987,0.176066846276323,0.06862131470633256,0.08116319444444445,129,162.53682433521283,0.3032193183898926
130,877.124,1887.4833333333338,7396.0,100,100,1088,4.4504574427050745,6.797794117647059,5.11468505859375,-1887.4833333333338,-0.0025863789350670926,27.704769358915442,0.20155952695538015,0.0748299407389234,0.10064338235294118,130,162.72701007641706,0.3032193183898926
131,883.125,1786.8200000000008,7362.333333333335,100,100,1090,4.7074582572992245,6.754434250764527,5.394978761672974,-1786.8200000000008,-0.02895761855567495,32.609967271486916,0.14593119947433783,0.5858839211804379,0.1306423611111111,131,161.45501390856177,0.3032193183898926
132,889.168,1925.7533333333333,7527.0,100,100,1090,4.746657889977166,6.9055045871559635,5.4542396068573,-1925.7533333333333,0.005380939019636976,23.35756935344802,0.14233251424632223,0.10352687567420718,0.08723958333333333,132,161.58368908279394,0.3032193183898926
133,895.164,1851.8466666666654,7299.666666666664,100,100,1086,4.760824399871638,6.72160834868017,5.437215566635132,-1851.8466666666654,-0.005953714333693771,21.221591051887064,0.1385173574090004,0.07913063704173136,0.09527692111099467,133,161.71446042382792,0.3032193183898926
134,901.246,1977.7066666666665,7571.0,100,100,1089,4.794436182482108,6.952249770431589,5.501178503036499,-1977.7066666666665,-0.006754445688178142,30.24985806643963,0.13592432909192415,0.06272509051026039,0.06901041666666667,134,161.83157577010198,0.3032193183898926
135,907.312,1895.8399999999997,7495.666666666664,100,100,1087,4.805826033138273,6.895737503833177,5.49985933303833,-1895.8399999999997,-0.004838463165523375,28.383267234353458,0.13985912173109896,0.11047463060822338,0.07911706387120135,135,161.94758539499043,0.3032193183898926
136,913.4,1975.5533333333324,7511.33333333333,100,100,1089,4.792557668075123,6.897459442913986,5.49709153175354,-1975.5533333333324,-0.013967060897913244,33.55282723903656,0.12794389710244206,0.13849490033721346,0.0724826388888889,136,162.06037020270915,0.3032193183898926
137,919.515,1884.3799999999992,7397.666666666663,100,100,1088,4.840542923000826,6.799325980392154,5.556840181350708,-1884.3799999999992,-0.00783470766071011,21.461831401376163,0.11179122460239074,0.07915988555760123,0.06525735294117647,137,162.16594568512264,0.3032193183898926
138,925.657,1843.256666666666,7423.333333333332,100,100,1091,4.8414330894731865,6.804155209288114,5.5486040115356445,-1843.256666666666,-0.01407504676737719,30.59392081366645,0.11265241321453308,0.07006228883983567,0.06770833333333333,138,162.2684498080217,0.3032193183898926
139,931.347,1842.936666666666,7504.333333333332,100,100,1088,4.459540166756008,6.897365196078431,5.126816034317017,-1842.936666666666,-0.009455173522891366,24.82461979809929,0.106778688619242,0.08052991663434488,0.06755514705882353,139,162.44535954488563,0.3032193183898926
140,944.585,1976.2433333333333,7596.0,100,100,1089,4.415781265727601,6.975206611570248,5.083292007446289,-1976.2433333333333,0.06242261982212464,30.90837796529134,0.1496882550418377,0.06804972078922826,0.07769097222222222,140,162.62532525062142,0.3032193183898926
141,950.705,1900.9666666666665,7486.333333333331,100,100,1089,4.811386042958702,6.874502601775327,5.519437313079834,-1900.9666666666665,0.05137986482845412,22.579989459779526,0.13011762561897885,0.056299915553406917,0.0798611111111111,141,161.4286291349595,0.3032193183898926
142,956.804,1930.6199999999992,7449.333333333333,100,100,1088,4.83047040656589,6.846813725490196,5.535785436630249,-1930.6199999999992,-0.011972866130664069,24.734369726742017,0.131242162821924,0.04261555636870017,0.07261029411764706,142,161.53676374581048,0.3032193183898926
143,962.928,1847.49,7395.999999999998,100,100,1088,4.845447886991144,6.797794117647057,5.548686981201172,-1847.49,-0.006271810216062209,22.645180646110983,0.15862009564743323,0.06355275138733252,0.07536764705882353,143,161.63922959768988,0.3032193183898926
144,969.026,1962.85,7565.999999999999,100,100,1089,4.804529844145261,6.947658402203856,5.510218143463135,-1962.85,0.00012792134657502174,21.980039892925156,0.15618453402486113,0.047268212624152914,0.09635416666666667,144,161.74592415112974,0.3032193183898926
145,975.105,1872.6233333333328,7522.666666666663,100,100,1086,4.814357458528914,6.926949048496007,5.502105951309204,-1872.6233333333328,-0.005912463564206572,23.70967716329238,0.12735304083017743,0.041456872200155086,0.05937203501953798,145,161.85129109146848,0.3032193183898926
146,981.232,1891.3466666666668,7455.333333333335,100,100,1090,4.819292936756045,6.8397553516819585,5.539743423461914,-1891.3466666666668,0.013108589376012484,20.83437693367402,0.1361969131976366,0.08020054082670766,0.06770833333333333,146,161.95150360045017,0.3032193183898926
147,987.298,1951.0266666666669,7509.666666666663,100,100,1086,4.812579005883756,6.914978514426025,5.507895231246948,-1951.0266666666669,-0.009927308214280535,21.08436009463142,0.13633478476720698,0.08349648229298456,0.09214895613053266,147,162.05652260906925,0.3032193183898926
148,993.429,1936.3800000000006,7634.000000000001,100,100,1091,4.832602842620426,6.997250229147572,5.549741744995117,-1936.3800000000006,-0.023532296479162242,22.370642675293816,0.15707312189624645,0.13086874542002785,0.08608217620187336,148,162.15445804106218,0.3032193183898926
149,999.091,1943.4999999999998,7584.666666666665,100,100,1089,4.406028925022153,6.964799510254054,5.070591449737549,-1943.4999999999998,-0.005003468909611304,19.03634680642022,0.2054819760637151,0.17293786394616795,0.11979166666666667,149,162.3255567045436,0.3032193183898926
150,1012.307,1893.3633333333346,7475.0000000000055,100,100,1087,4.42897175704733,6.876724931002765,5.091644048690796,-1893.3633333333346,-0.010680014705833267,23.840955509858972,0.2786171721184955,0.045551309731843716,0.128836952149868,150,162.49112920973224,0.3032193183898926
151,1018.436,1880.8400000000008,7432.666666666671,100,100,1087,4.735076911049178,6.837779822140451,5.426647424697876,-1880.8400000000008,-0.009584079770480885,21.225011404822855,0.2125861747738193,0.09180351287838728,0.12511671378332026,151,161.37681534606014,0.3032193183898926
152,1024.53,1899.049999999999,7422.666666666667,100,100,1088,4.749671324080897,6.822303921568627,5.445207118988037,-1899.049999999999,-0.011388302725904128,23.48974609375,0.20984911962467082,0.0694456242627519,0.10477941176470588,152,161.4789995698336,0.3032193183898926
153,1030.701,2018.0399999999995,7690.333333333331,100,100,1089,4.816031587075808,7.061830425466787,5.530809640884399,-2018.0399999999995,0.007501265448000696,20.877343270513748,0.27416930223504704,0.061039462226391256,0.13151041666666666,153,161.56888106796367,0.3032193183898926
154,1036.817,2015.4499999999994,7711.999999999998,100,100,1091,4.825193126255682,7.068744271310722,5.542152643203735,-2015.4499999999994,0.0189493834041059,26.27789807319641,0.21907636812991566,0.05272721449728124,0.10460069444444445,154,161.6680719743184,0.3032193183898926
155,1042.952,1879.75,7577.333333333332,100,100,1091,4.833450683244904,6.945310113046134,5.544041633605957,-1879.75,-0.028217160013607807,28.213809967041016,0.26835672226217056,0.06318463392219403,0.14091435240374672,155,161.76298061546962,0.3032193183898926
156,1049.007,1935.443333333333,7502.999999999995,100,100,1085,4.80020258099287,6.915207373271885,5.4856956005096436,-1935.443333333333,-0.007619763902552864,19.239387343911563,0.24021095957826166,0.04916135738398332,0.11943255759337369,156,161.86351574998912,0.3032193183898926
157,1055.138,1886.533333333333,7411.3333333333285,100,100,1090,4.83547357838054,6.799388379204888,5.545527219772339,-1886.533333333333,-0.03446742126511203,25.69702872965071,0.3120325050420231,0.010120566968301622,0.11588541666666667,157,161.9560200785851,0.3032193183898926
158,1061.287,1846.0099999999993,7434.333333333332,100,100,1090,4.833498991675539,6.820489296636085,5.541286468505859,-1846.0099999999993,-0.01941188999141256,21.99051407310698,0.2708923801158865,0.022181642228840955,0.1332465277777778,158,162.04481640944465,0.3032193183898926
159,1066.999,1957.106666666666,7637.333333333332,100,100,1091,4.440261224454643,7.000305530094713,5.122745752334595,-1957.106666666666,0.0095875755780273,25.03883369763692,0.35105058814709383,0.04422053229063749,0.12369791666666667,159,162.19977367781706,0.3032193183898926
160,1080.136,1873.746666666666,7493.666666666665,100,100,1089,4.403162812831221,6.881236608509335,5.06272554397583,-1873.746666666666,-0.005149787912766139,27.601010123888653,0.3752541917686661,0.025013511382793594,0.11328125,160,162.35887990236384,0.3032193183898926
161,1086.268,1919.0033333333333,7511.666666666663,100,100,1092,4.605231136075075,6.878815628815626,5.312829494476318,-1919.0033333333333,-0.01811383328297072,22.70680438147651,0.4189564867152108,0.03521142458258611,0.12977430555555555,161,161.33035007036747,0.3032193183898926
162,1092.411,1942.780000000001,7492.666666666671,100,100,1088,4.747678582776537,6.886642156862749,5.465256214141846,-1942.780000000001,-0.018523214384913445,23.587339793934543,0.4092011758509804,0.024504105153027922,0.11810661764705882,162,161.41907196592226,0.3032193183898926
163,1098.586,1960.7866666666662,7554.333333333331,100,100,1092,4.77692756480742,6.9178876678876655,5.524601221084595,-1960.7866666666662,-0.03214839018053479,25.14258607228597,0.3930346415274673,0.019663922561449,0.11024305555555555,163,161.505798412187,0.3032193183898926
164,1104.705,1848.7366666666667,7428.666666666665,100,100,1091,4.796551054558699,6.809043690803542,5.512032985687256,-1848.7366666666667,0.011435348954465654,31.822927713394165,0.37909309731589425,0.037139800687630974,0.12123842620187336,164,161.59874577491985,0.3032193183898926
165,1110.808,1976.6400000000006,7587.666666666673,100,100,1087,4.8310972389053095,6.980374118368605,5.547752857208252,-1976.6400000000006,-0.014558390111607663,31.610382921555463,0.3818635204259087,0.021949422395075944,0.10629668590777061,165,161.68950971815875,0.3032193183898926
166,1116.883,1848.856666666668,7321.000000000004,100,100,1092,4.774346978905962,6.704212454212458,5.486955404281616,-1848.856666666668,-0.02026683423254225,29.447230339050293,0.4406517975860172,0.0030230265434107017,0.12456597222222222,166,161.7877194121857,0.3032193183898926
167,1123.004,1952.0466666666666,7548.000000000005,100,100,1091,4.803747386973792,6.918423464711278,5.530769109725952,-1952.0466666666666,0.018891629659467273,22.349146604537964,0.4627960907916228,0.03244136878573853,0.10199652777777778,167,161.87738057811208,0.3032193183898926
168,1129.026,1952.6033333333326,7628.999999999998,100,100,1085,4.757821473211462,7.031336405529952,5.442116737365723,-1952.6033333333326,-0.014324330176938982,21.25168775109684,0.4830571001066881,0.028045594055369934,0.12995720786206863,168,161.97503602998802,0.3032193183898926
169,1134.762,1845.3799999999997,7324.999999999995,100,100,1090,4.446291099644241,6.720183486238528,5.125615358352661,-1845.3799999999997,-0.015276736993756559,22.741878112157185,0.4871232464081711,0.029151015526925523,0.11024305555555555,169,162.11680403239956,0.3032193183898926
170,1147.933,1862.603333333334,7360.333333333337,100,100,1090,4.409680183156642,6.752599388379208,5.086259603500366,-1862.603333333334,-0.02633807808160782,23.980313155386185,0.46521062983406913,0.03160500001912522,0.1267361111111111,170,162.26722451236955,0.3032193183898926
171,1154.087,1941.1133333333337,7558.333333333333,100,100,1091,4.707266543829672,6.927894897647418,5.426480293273926,-1941.1133333333337,0.005620986947582828,24.74729100863139,0.4346519899037149,0.014374342698526258,0.11371527860562007,171,161.2919531824769,0.3032193183898926
172,1160.137,1913.946666666666,7547.333333333332,100,100,1087,4.694134221654711,6.943268935909229,5.381392955780029,-1913.946666666666,-0.014162055874133812,27.11961202060475,0.4500696185757132,0.02533886133802726,0.09620098112260594,172,161.38782092293934,0.3032193183898926
173,1166.281,1915.3166666666668,7512.333333333336,100,100,1089,4.78055473142094,6.898377716559537,5.486107110977173,-1915.3166666666668,-0.023569571061266795,19.978857305314804,0.4490012170539962,0.022649458253807906,0.11328125,173,161.47144045614507,0.3032193183898926
174,1172.411,1996.8100000000004,7571.0,100,100,1090,4.834180183648858,6.945871559633027,5.559596538543701,-1996.8100000000004,0.007970552011910412,36.52195945050981,0.4614583162797822,0.029030011164852314,0.1015625,174,161.5568072676428,0.3032193183898926
175,1178.498,1884.9366666666663,7551.666666666666,100,100,1089,4.804389620233152,6.934496479951025,5.4990949630737305,-1884.9366666666663,-0.0046078783666921985,21.771891469756763,0.47690562304988915,0.0019238634397172267,0.14366319444444445,175,161.6464086482288,0.3032193183898926
176,1184.603,1893.4966666666671,7329.666666666666,100,100,1089,4.814511938452467,6.73063973063973,5.517688751220703,-1893.4966666666671,-0.04310077951393194,25.760208659701878,0.45300008522139656,0.027291692230695237,0.14583333333333334,176,161.73261995718897,0.3032193183898926
177,1190.669,1945.3366666666664,7588.999999999997,100,100,1087,4.810941947509279,6.9816007359705585,5.50863242149353,-1945.3366666666664,-0.020965415217420635,29.252949406118955,0.4930276160731035,0.02111421969739775,0.1049253039938562,177,161.82158274383355,0.3032193183898926
178,1196.789,1941.6100000000008,7656.333333333336,100,100,1091,4.825037671573201,7.017720745493433,5.5360026359558105,-1941.6100000000008,0.0186466662109726,28.985054704878067,0.5258362078004413,0.014490232802927494,0.11603009286854002,178,161.90577613367984,0.3032193183898926
179,1202.559,1988.0466666666669,7552.000000000004,100,100,1092,4.465638094128796,6.915750915750919,5.160379886627197,-1988.0466666666669,0.007743537012073729,29.165739668740166,0.5687750702102979,0.020810152384607743,0.11631944444444445,179,162.03695403646884,0.3032193183898926
180,1215.739,1897.2666666666669,7461.333333333336,100,100,1087,4.376040477512992,6.864152100582646,5.027236700057983,-1897.2666666666669,-0.01694493686013362,22.662520380581128,0.5074256255346186,0.02108175397905357,0.10170839222915032,180,162.18507620159448,0.3032193183898926
181,1221.861,1869.6433333333334,7473.999999999997,100,100,1089,4.744453262024592,6.863177226813588,5.4463114738464355,-1869.6433333333334,-0.02094058304404219,25.973571413093143,0.5229144088096089,0.026559480090832546,0.10199652777777778,181,161.25810681180107,0.3032193183898926
182,1227.952,1924.0333333333338,7430.0000000000055,100,100,1090,4.751759175202647,6.816513761467895,5.4560956954956055,-1924.0333333333338,-0.006765553934706582,26.436905529763962,0.5195164548026191,0.02416247549182218,0.11979166666666667,182,161.345881140589,0.3032193183898926
183,1234.15,1818.7766666666669,7305.0,100,100,1091,4.841675892780431,6.695692025664528,5.578384637832642,-1818.7766666666669,-0.011664292024862435,30.087226387527252,0.4645975746988774,0.02207931874457832,0.09722222222222222,183,161.41963117594494,0.3032193183898926
184,1240.135,1929.3033333333337,7461.333333333338,100,100,1086,4.750934253557385,6.8704726826273825,5.432096481323242,-1929.3033333333337,-0.007958549293963349,38.744183989132154,0.5120516734964707,0.034731385571991694,0.12393263727426529,184,161.51622536244562,0.3032193183898926
185,1246.269,1882.4066666666672,7276.333333333335,100,100,1090,4.830018533585986,6.6755351681957205,5.542131185531616,-1882.4066666666672,-0.03488675535966953,23.939123762978447,0.536974790531935,0.034832182676634856,0.11024305555555555,185,161.59600232319048,0.3032193183898926
186,1252.334,1886.1266666666672,7337.333333333334,100,100,1087,4.8179656824931545,6.750076663600123,5.516201972961426,-1886.1266666666672,-0.009684866951668964,19.437819060157327,0.5671277712373173,0.024884166456211138,0.117267740671249,186,161.6813155410838,0.3032193183898926
187,1258.406,2000.5633333333337,7629.000000000001,100,100,1088,4.818088603368618,7.011948529411765,5.518273115158081,-2000.5633333333337,-0.018025771440828547,30.10382080078125,0.5597280439208535,0.027965723879306632,0.1130514705882353,187,161.76579647742662,0.3032193183898926
188,1264.526,1813.1700000000003,7209.333333333334,100,100,1087,4.852949493421582,6.632321373811715,5.555047035217285,-1813.1700000000003,-0.008754125741474768,24.48467170490938,0.5581303931334439,0.075961136531345,0.10488883077221758,188,161.8424253924454,0.3032193183898926
189,1270.128,1914.000000000001,7509.666666666668,100,100,1088,4.378641175636028,6.902267156862746,5.030118465423584,-1914.000000000001,-0.010139078997513828,18.76716714746812,0.5115012561573702,0.023185193302411148,0.08501838235294118,189,161.9852895034415,0.3032193183898926
190,1283.207,1997.336666666667,7679.000000000002,100,100,1090,4.409262936117999,7.044954128440368,5.088280439376831,-1997.336666666667,-0.008754714702566465,31.125290042824215,0.5570234399702814,0.04741195416297867,0.1076388888888889,190,162.11803872236473,0.3032193183898926
191,1289.203,1950.8066666666666,7565.333333333335,100,100,1089,4.6065057857907945,6.947046219773494,5.284318447113037,-1950.8066666666666,0.015709588097201452,20.272098117404514,0.5500999316573143,0.03180329772617875,0.10807291666666667,191,161.27876702033416,0.3032193183898926
192,1295.267,1997.593333333334,7520.000000000003,100,100,1091,4.674065077364083,6.892758936755273,5.3778276443481445,-1997.593333333334,-0.04019814212289122,35.934545834859215,0.5475880834791396,0.0396150879872342,0.10517939842409557,192,161.36601644945202,0.3032193183898926
193,1301.267,1981.4433333333334,7549.333333333332,100,100,1086,4.71495994305389,6.951503990178022,5.394792318344116,-1981.4433333333334,-0.016666620867052936,25.367146127364215,0.5128855030326283,0.041532466681126284,0.11881819235927918,193,161.45651699447563,0.3032193183898926
194,1307.339,1875.9100000000003,7412.333333333333,100,100,1089,4.780152342021397,6.806550352004897,5.4790191650390625,-1875.9100000000003,-0.014008364459085796,20.67091863354047,0.5059195959911449,0.03043133889635404,0.1267361111111111,194,161.53960941241468,0.3032193183898926
195,1313.38,1965.88,7586.000000000001,100,100,1087,4.787719321330939,6.978840846366146,5.476274728775024,-1965.88,-0.010946079540778609,25.746959742377786,0.47506186804350686,0.028321353978860903,0.09800274319508497,195,161.62429888731356,0.3032193183898926
196,1319.52,1867.0666666666668,7463.000000000002,100,100,1089,4.828938202422773,6.853076216712582,5.532271146774292,-1867.0666666666668,-0.06674681492667231,22.423131704330444,0.4464582840880414,0.016335623726869624,0.13541666666666666,196,161.69749120760042,0.3032193183898926
197,1325.615,1919.666666666667,7435.999999999997,100,100,1090,4.788355690367315,6.822018348623851,5.490222692489624,-1919.666666666667,-0.003407672771977054,26.50794201427036,0.45532848685979843,0.021308399135402094,0.10199652777777778,197,161.77621828385287,0.3032193183898926
198,1331.643,1927.2966666666669,7423.333333333335,100,100,1087,4.771480864884628,6.829193498926711,5.45929479598999,-1927.2966666666669,-0.013733305694425808,24.200693326837875,0.4669931320583119,0.030316300772349623,0.11453956650460467,198,161.8602847262168,0.3032193183898926
199,1337.591,1893.3633333333325,7460.33333333333,100,100,1084,4.696174814259269,6.88222632226322,5.367232084274292,-1893.3633333333325,-0.014089290929191253,23.161107624278348,0.4001435900435728,0.017266270636087832,0.0936580883777317,199,161.95084134404175,0.3032193183898926
200,1350.48,1942.7666666666673,7532.666666666666,100,100,1089,4.400399631133887,6.917049280685644,5.0647499561309814,-1942.7666666666673,0.01375453375900785,31.067137029435898,0.4470749927891625,0.03348295942931953,0.1193576388888889,200,162.07974477164888,0.3032193183898926
201,1356.545,1894.3733333333337,7413.666666666667,100,100,1088,4.798188418242396,6.814031862745098,5.492203712463379,-1894.3733333333337,-0.01626449609723161,20.904672987320843,0.46803322609733133,0.025586135527940795,0.11534926470588236,201,161.29288431107244,0.3032193183898926
202,1362.675,1993.3666666666654,7670.666666666662,100,100,1091,4.794989458471366,7.030858539566143,5.513368129730225,-1993.3666666666654,-0.005039386735815141,31.617070701387192,0.45960333943367004,0.010987171890317567,0.12384259286854002,202,161.36783971524068,0.3032193183898926
203,1368.773,1877.5166666666667,7414.333333333332,100,100,1089,4.807372724584366,6.808386899295989,5.508939981460571,-1877.5166666666667,0.07644082078089316,34.97917103767395,0.5099073102076849,0.010153530097644156,0.0993923611111111,203,161.44459181148335,0.3032193183898926
204,1374.811,1929.063333333333,7564.666666666666,100,100,1088,4.78213584595805,6.95281862745098,5.474032402038574,-1929.063333333333,-0.01714380644261837,22.005168381859274,0.43258660593453574,0.02000757708104656,0.10845588235294118,204,161.52698735104855,0.3032193183898926
205,1380.925,1928.0033333333333,7452.666666666667,100,100,1089,4.813780440906998,6.843587389041935,5.525376081466675,-1928.0033333333333,-0.043102194969024926,18.908643874857162,0.4477006130748325,0.015823213014906894,0.1037326388888889,205,161.60038063824723,0.3032193183898926
206,1386.995,1838.096666666668,7369.3333333333385,100,100,1086,4.805127253629864,6.785758133824437,5.484107494354248,-1838.096666666668,-0.012667057159192422,25.721121507532455,0.4276428073644638,0.018125858144177234,0.09956119516316582,206,161.6761038870247,0.3032193183898926
207,1393.11,1940.716666666665,7571.333333333328,100,100,1088,4.830391545029295,6.958946078431367,5.54245400428772,-1940.716666666665,-0.01743992987801047,25.312453101663028,0.42538563907146454,0.028088216238436017,0.11534926470588236,207,161.74760080842438,0.3032193183898926
208,1399.17,1811.47,7452.333333333332,100,100,1087,4.814657404407921,6.855872431769395,5.504351377487183,-1811.47,-0.01269852205672685,26.381916382733515,0.4714687387732899,0.01948818566469366,0.10078198002541766,208,161.8237652500025,0.3032193183898926
209,1405.158,1899.1500000000005,7461.66666666667,100,100,1088,4.721662317559308,6.8581495098039245,5.4188172817230225,-1899.1500000000005,-0.02056068938006373,19.169153774485867,0.4214635640382767,0.01713146988357253,0.11443014705882353,209,161.90843684789732,0.3032193183898926
210,1418.031,1867.306666666667,7434.000000000002,100,100,1090,4.40024110048565,6.820183486238534,5.0657830238342285,-1867.306666666667,0.010500254523422983,19.576513634787666,0.41761644639902645,0.01908809398365621,0.09114583333333333,210,162.03283677731315,0.3032193183898926
211,1424.143,1996.76,7705.333333333337,100,100,1090,4.798813211334306,7.069113149847098,5.506713390350342,-1996.76,-0.03464853266874949,24.58573438723882,0.44994839137446735,0.04471887992824324,0.1111111111111111,211,161.28082799233894,0.3032193183898926
212,1430.241,1935.2233333333331,7593.333333333333,100,100,1088,4.829058272020227,6.979166666666666,5.528230667114258,-1935.2233333333331,-0.015821862472769094,24.418530351975384,0.4415130580172819,0.02259737325777464,0.10753676470588236,212,161.35388339146172,0.3032193183898926
213,1436.344,2004.9700000000005,7710.333333333338,100,100,1091,4.81180870657109,7.067216620837156,5.526007413864136,-2004.9700000000005,-0.024896486144926813,24.340166277355618,0.4482479650113318,0.021585395792499185,0.10040509286854002,213,161.42787687454162,0.3032193183898926
214,1442.445,1887.9600000000003,7489.6666666666715,100,100,1088,4.824435478440137,6.883884803921573,5.537451267242432,-1887.9600000000003,-0.016178777277031365,24.339164846083698,0.4596698661060894,0.02405069783579914,0.10477941176470588,214,161.49943882575252,0.3032193183898926
215,1448.528,1988.0699999999997,7485.666666666664,100,100,1091,4.775427590021018,6.861289336999692,5.497738599777222,-1988.0699999999997,-0.016467286739498377,28.29989430639479,0.4375501531693671,0.034050863223253854,0.12789351907041338,215,161.5743483726179,0.3032193183898926
216,1454.664,1939.0566666666657,7528.33333333333,100,100,1087,4.8229666975118635,6.92578963508126,5.54163932800293,-1939.0566666666657,-0.014825690674650319,21.70657435585471,0.41462013300727396,0.02772055343752179,0.10351015473989879,216,161.6400383129282,0.3032193183898926
217,1460.77,1955.2466666666667,7583.0,100,100,1089,4.807322678931016,6.963269054178145,5.524712562561035,-1955.2466666666667,-0.02103604345271985,20.181351968190736,0.4446753557887051,0.018484837491996586,0.11805555555555555,217,161.70990931784868,0.3032193183898926
218,1466.888,1877.5733333333337,7422.333333333336,100,100,1090,4.799625135577976,6.809480122324161,5.514149904251099,-1877.5733333333337,-0.03493699307243029,20.445535911454094,0.4432615232136514,0.02473278653956691,0.1076388888888889,218,161.77853885107652,0.3032193183898926
219,1472.863,1929.2799999999995,7615.9999999999945,100,100,1087,4.691711867167319,7.006439742410299,5.387683868408203,-1929.2799999999995,-0.02044673592728727,19.563207710490506,0.4613549770677791,0.02944209907368264,0.11135183296659414,219,161.86023398466813,0.3032193183898926
220,1485.825,2000.323333333333,7704.0,100,100,1092,4.4233891939200225,7.054945054945055,5.112425804138184,-2000.323333333333,-0.026706393394205306,22.128111521402996,0.4478038400411606,0.03283186983834538,0.11588541666666667,220,161.97394235180926,0.3032193183898926
221,1491.937,1991.6900000000003,7658.333333333332,100,100,1089,4.803957852374171,7.032445668809304,5.513622999191284,-1991.6900000000003,0.007290279182295005,22.685048553678726,0.4077539925153057,0.016838856238690723,0.0959201388888889,221,161.25273591607035,0.3032193183898926
222,1498.085,1873.8466666666666,7459.000000000001,100,100,1089,4.829369970923161,6.849403122130395,5.543156623840332,-1873.8466666666666,-0.058825660652170576,17.71322171555625,0.4322852710675862,0.022060251982313477,0.1232638888888889,222,161.3179177429636,0.3032193183898926
223,1504.181,1895.82,7445.000000000002,100,100,1087,4.823439192924762,6.849126034958603,5.520687580108643,-1895.82,-0.017646949621848762,25.394513607025146,0.49178116724771614,0.01922082880457096,0.1163632122471052,223,161.38683044300907,0.3032193183898926
224,1510.292,1958.9866666666674,7609.666666666669,100,100,1089,4.816006791788172,6.987756351392717,5.529882431030273,-1958.9866666666674,0.03343305271118879,23.311148007710774,0.49908750421471065,0.018886209937692102,0.10069444444444445,224,161.45481823868403,0.3032193183898926
225,1516.395,1879.0733333333337,7489.333333333331,100,100,1090,4.814043211208126,6.870948012232414,5.52335524559021,-1879.0733333333337,-0.029229055107053783,31.314914597405327,0.5010213876763979,0.02253023330639634,0.14366319444444445,225,161.5238544487427,0.3032193183898926
226,1522.495,2037.516666666666,7671.33333333333,100,100,1088,4.832353861060898,7.050857843137252,5.546710968017578,-2037.516666666666,-0.02020859784063171,23.246761798858643,0.5189082806601244,0.020589349811951464,0.13097426470588236,226,161.59129345870343,0.3032193183898926
227,1528.573,2005.8900000000003,7573.999999999996,100,100,1090,4.786584677640349,6.948623853211005,5.496948719024658,-2005.8900000000003,-0.03486171804575457,21.897266454166836,0.4227253451115555,0.028375838139456593,0.1232638888888889,227,161.66191865563314,0.3032193183898926
228,1534.623,1835.6266666666672,7379.33333333333,100,100,1086,4.801506536985314,6.794966236955185,5.486254453659058,-1835.6266666666672,-0.017010634710245272,19.51381077485926,0.4393991924384061,0.022453613161547658,0.11749881330658407,228,161.73219518475267,0.3032193183898926
229,1540.577,1837.1133333333344,7304.666666666668,100,100,1088,4.707035017739091,6.713848039215687,5.399079084396362,-1837.1133333333344,-0.01467790438190979,18.250042775098017,0.4240959979155484,0.015088409493567751,0.11488970588235294,229,161.81340868877362,0.3032193183898926
230,1553.474,1929.7233333333334,7573.333333333336,100,100,1088,4.3902152575516515,6.960784313725492,5.043988227844238,-1929.7233333333334,-0.021066068123806927,20.080755878897275,0.43140070140361786,0.011558362269116676,0.1171875,230,161.9305313264054,0.3032193183898926
231,1559.553,1829.0900000000008,7375.6666666666715,100,100,1085,4.836673272799374,6.797849462365596,5.51755428314209,-1829.0900000000008,-0.013807822231148533,19.037522400126736,0.39071038014748516,0.005074738391318961,0.10091459707302206,231,161.23798662609462,0.3032193183898926
232,1565.606,1860.9200000000003,7408.333333333334,100,100,1084,4.806779245107101,6.834255842558426,5.485012531280518,-1860.9200000000003,-0.014827740214326802,18.895650050219366,0.3846789221553242,0.0248421318075784,0.09509803946403896,232,161.30684852738835,0.3032193183898926
233,1571.741,1876.2200000000003,7532.333333333334,100,100,1092,4.829103848001418,6.897741147741148,5.550431489944458,-1876.2200000000003,-0.02244696942054563,23.020016570885975,0.3461008307834466,0.010034174516072704,0.11067708333333333,233,161.37202671148253,0.3032193183898926
234,1577.794,1895.7900000000002,7476.666666666666,100,100,1088,4.789308730430682,6.871936274509803,5.484718561172485,-1895.7900000000002,-0.012747770394472516,24.364271332235898,0.3150777663378155,0.027970309341874194,0.10615808823529412,234,161.4424938172715,0.3032193183898926
235,1583.858,1862.1366666666672,7404.000000000005,100,100,1085,4.807811889428353,6.823963133640557,5.501403570175171,-1862.1366666666672,-0.015463248497861274,21.82751170326682,0.33864638647612405,0.04772614376099013,0.13287276971866102,235,161.50940808542023,0.3032193183898926
236,1589.902,1909.7900000000002,7648.000000000001,100,100,1087,4.7792957674989545,7.0358785648574065,5.4733240604400635,-1909.7900000000002,-0.01611909911255626,22.544331045711743,0.2986556510714924,0.03445101554012474,0.10211688871769344,236,161.57909525107317,0.3032193183898926
237,1596.008,1872.9266666666672,7429.333333333335,100,100,1090,4.78968183283583,6.815902140672784,5.483957767486572,-1872.9266666666672,-0.017977022979822423,25.759037322468227,0.3351461919050457,0.017576547869895067,0.09809027777777778,237,161.64388195937244,0.3032193183898926
238,1602.15,1934.2000000000003,7474.000000000004,100,100,1090,4.812206880620963,6.856880733944958,5.52353048324585,-1934.2000000000003,0.050486401551299624,23.408363421758015,0.31343655495180023,0.03076948678224451,0.08854166666666667,238,161.70457680279952,0.3032193183898926
239,1608.066,1907.9499999999994,7533.666666666664,100,100,1084,4.68671429853773,6.9498769987699855,5.3494274616241455,-1907.9499999999994,-0.013935094699263573,19.21372584735646,0.3043861823046909,0.03922355555080097,0.0975183828131241,239,161.78386890825485,0.3032193183898926
240,1620.894,1766.563333333333,7290.999999999998,100,100,1088,4.398079593610258,6.7012867647058805,5.053502082824707,-1766.563333333333,-0.015909703174496397,22.227919802946204,0.2939027337466969,0.028589013772194877,0.109375,240,161.89360254135113,0.3032193183898926
241,1626.993,1859.906666666666,7442.000000000002,100,100,1089,4.800905786536777,6.833792470156109,5.497138738632202,-1859.906666666666,-0.046316461430655584,19.989221784803604,0.28882772910098237,0.033196136720814846,0.1037326388888889,241,161.23973704521583,0.3032193183898926
242,1633.119,1935.2433333333333,7539.999999999999,100,100,1090,4.805942475496697,6.917431192660549,5.520858287811279,-1935.2433333333333,-0.03413860913780001,14.894710977872213,0.3817650054891904,0.04252186496483369,0.14583333333333334,242,161.30235703134886,0.3032193183898926
243,1639.191,1964.1999999999998,7541.666666666664,100,100,1085,4.8189702326826716,6.950844854070659,5.503124713897705,-1964.1999999999998,-0.01888424190966522,25.374664194443646,0.3418244333828197,0.044992883141864747,0.12634854106342092,243,161.36680186316934,0.3032193183898926
244,1645.331,1976.0766666666675,7570.333333333336,100,100,1090,4.831960917890516,6.945259938837923,5.546170234680176,-1976.0766666666675,-0.02950195890540878,19.591235627730686,0.31035277785526383,0.04525875887419614,0.12630208333333334,244,161.4272161919071,0.3032193183898926
245,1651.378,1881.7966666666662,7492.333333333332,100,100,1086,4.796876519331863,6.899017802332718,5.481342315673828,-1881.7966666666662,-0.01513865842100452,23.255704430972827,0.2846725613755338,0.04500464474617997,0.10967148928081288,245,161.49360253206913,0.3032193183898926
246,1657.491,1833.6699999999994,7376.333333333328,100,100,1089,4.817597244873034,6.773492500765223,5.518779993057251,-1833.6699999999994,-0.01163904746580455,21.10859259383546,0.2765323582053598,0.034987160499440506,0.1076388888888889,246,161.55498679028565,0.3032193183898926
247,1663.656,1975.196666666667,7619.3333333333285,100,100,1090,4.847833853420041,6.990214067278283,5.570139169692993,-1975.196666666667,0.007362822795079814,20.674827761120266,0.279037659159965,0.10080194969810287,0.1332465277777778,247,161.61153114948922,0.3032193183898926
248,1669.736,1851.563333333333,7359.666666666666,100,100,1089,4.784610374301288,6.758187940006121,5.482480764389038,-1851.563333333333,0.017279644186298054,16.3025723695755,0.2821875674029191,0.07184783665838444,0.1362847222222222,248,161.67521476754547,0.3032193183898926
249,1675.753,1888.3200000000008,7532.000000000003,100,100,1088,4.735062683560981,6.9227941176470615,5.436283826828003,-1888.3200000000008,-0.015135772635831553,18.33852939044728,0.25633959384525523,0.04312082559130538,0.10615808823529412,249,161.74400659111137,0.3032193183898926
250,1688.645,1923.1933333333336,7556.999999999999,100,100,1090,4.410320917494731,6.933027522935779,5.07220983505249,-1923.1933333333336,-0.004997605199201239,16.824708064397175,0.22544817171304507,0.04494539013184193,0.07682291666666667,250,161.84682338346755,0.3032193183898926
251,1694.777,1883.0233333333338,7492.66666666667,100,100,1091,4.80955032146033,6.8677054689886985,5.524517297744751,-1883.0233333333338,-0.034361679701962404,16.831138875749375,0.2427989145119985,0.056991260649131924,0.10604745397965114,251,161.21527103398634,0.3032193183898926
252,1700.856,1935.1500000000003,7498.000000000004,100,100,1088,4.808274632737533,6.891544117647062,5.49962592124939,-1935.1500000000003,-0.010940549539073426,16.936952001908246,0.21878246174139135,0.014160668114474154,0.08363970588235294,252,161.27883038780956,0.3032193183898926
253,1706.97,1888.3666666666668,7547.333333333336,100,100,1087,4.830866051677583,6.9432689359092326,5.53247857093811,-1888.3666666666668,-0.008186939829850899,16.988645777982825,0.2373957278973916,0.014292643357561353,0.09474935831830782,253,161.33797077023868,0.3032193183898926
254,1713.084,1924.456666666666,7542.33333333333,100,100,1089,4.81377272906006,6.925925925925923,5.514333009719849,-1924.456666666666,-0.01862085284665227,16.6875373814255,0.23528131931742838,0.03431976543894658,0.08333333333333333,254,161.397847041072,0.3032193183898926
255,1719.228,1817.5266666666678,7385.333333333337,100,100,1089,4.82633920973107,6.781756963575148,5.536959409713745,-1817.5266666666678,-0.06850392071323262,18.368559511792327,0.2399133655966984,0.028100871039593283,0.0802951388888889,255,161.45443316878493,0.3032193183898926
256,1725.305,1861.566666666667,7451.333333333334,100,100,1088,4.803847795140909,6.848651960784315,5.496427059173584,-1861.566666666667,-0.014270824517178185,17.66485766803517,0.2714359685778618,0.03598371871254023,0.0818014705882353,256,161.5163769064112,0.3032193183898926
257,1731.417,1784.093333333334,7319.666666666669,100,100,1091,4.80668194620596,6.709135349831961,5.511261701583862,-1784.093333333334,-0.01565221246952812,16.451167788770462,0.27320555887288517,0.026057038022877857,0.09635416666666667,257,161.57646650855992,0.3032193183898926
258,1737.533,1846.259999999999,7482.666666666663,100,100,1089,4.813674839381966,6.871135598408323,5.5186474323272705,-1846.259999999999,-0.03818048071116209,15.469164391358694,0.3304089941084385,0.022285332098059978,0.1488715277777778,258,161.63430979789183,0.3032193183898926
259,1743.534,1810.2133333333338,7400.999999999999,100,100,1090,4.704670826669509,6.789908256880733,5.394716739654541,-1810.2133333333338,0.05039622536343005,17.115457640753853,0.28902101516723633,0.040464325950274035,0.10243055555555555,259,161.70323334891015,0.3032193183898926
260,1756.481,1866.0033333333338,7611.666666666669,100,100,1086,4.476704786194602,7.008901166359732,5.1377272605896,-1866.0033333333338,-0.015079671790932907,17.491353567908792,0.2651804869665819,0.02708076306290048,0.09810839637237437,260,161.7953625985737,0.3032193183898926
261,1762.661,1934.7633333333329,7666.9999999999945,100,100,1091,4.850125754649873,7.027497708524285,5.573505640029907,-1934.7633333333329,-0.01014170909507407,24.087591105037266,0.3563569287459056,0.036311109230155125,0.1008391206463178,261,161.18358505261568,0.3032193183898926
262,1768.743,1760.590000000001,7196.6666666666715,100,100,1087,4.829095401407049,6.620668506593074,5.52081298828125,-1760.590000000001,-0.018514106762321555,16.83200118120979,0.3523666543119094,0.019581015081391397,0.09703256332260721,262,161.2439265552352,0.3032193183898926
263,1774.905,1968.2733333333329,7550.666666666664,100,100,1090,4.847386053553996,6.927217125382261,5.568583965301514,-1968.2733333333329,-0.01627525832090113,46.822801404529145,0.31092041327307623,0.026864472213977326,0.0920138888888889,263,161.29826070464742,0.3032193183898926
264,1780.983,1846.3333333333335,7412.333333333335,100,100,1087,4.8086816955207,6.819073903710519,5.495227813720703,-1846.3333333333335,-0.013680201900355956,23.672036255107205,0.29830215038622127,0.030231113059391433,0.10996586193933207,264,161.35804856226844,0.3032193183898926
265,1787.161,1999.1466666666672,7643.666666666671,100,100,1089,4.849660057549709,7.0189776553412955,5.5663673877716064,-1999.1466666666672,-0.04017246933653951,37.02413222524855,0.2944447516484716,0.030000031817406934,0.1306423611111111,265,161.40959905938573,0.3032193183898926
266,1793.235,1879.423333333334,7435.666666666667,100,100,1087,4.820202852225766,6.840539711744864,5.508898019790649,-1879.423333333334,-0.014449990731116165,23.76427473741419,0.3081409348284497,0.01153564520235009,0.08277894512695425,266,161.4691211554754,0.3032193183898926
267,1799.385,1788.206666666666,7378.0,100,100,1089,4.845083653122953,6.775022956841139,5.562827825546265,-1788.206666666666,-0.017873596141321793,25.660599946975708,0.3196629476216104,0.016075405324550554,0.08680555555555555,267,161.52243410759286,0.3032193183898926
268,1805.458,1934.2566666666671,7632.333333333337,100,100,1086,4.810573295630089,7.027931246163293,5.503082513809204,-1934.2566666666671,-0.015431016354876407,20.323687132667093,0.305772780057262,0.024144379867186004,0.09624051215017543,268,161.58061512603857,0.3032193183898926
269,1811.451,1886.556666666667,7446.333333333335,100,100,1089,4.696603949203971,6.837771655953476,5.397065162658691,-1886.556666666667,0.029907006356451247,23.336971918741863,0.33536897837701773,0.033420194435166195,0.11848958333333333,269,161.6472337620812,0.3032193183898926
270,1824.421,1918.91,7518.0,100,100,1091,4.389850779668719,6.890925756186984,5.074176549911499,-1918.91,0.005145906858767073,22.636314895417954,0.31046751803821987,0.02987352347958626,0.11125578731298447,270,161.74343261067807,0.3032193183898926
271,1830.525,1923.4766666666674,7532.666666666671,100,100,1088,4.8080265616376625,6.923406862745102,5.5256407260894775,-1923.4766666666674,-0.013792978873585953,32.31655765982235,0.3004468298133682,0.043183036319747126,0.09558823529411764,271,161.15322523898547,0.3032193183898926
272,1836.588,1797.776666666667,7369.999999999999,100,100,1086,4.79183628002583,6.786372007366482,5.479459524154663,-1797.776666666667,-0.012605597292456557,21.28517826865701,0.29773421497905955,0.02173079356126597,0.098123220836415,272,161.21249449668719,0.3032193183898926
273,1842.688,1864.086666666667,7557.000000000005,100,100,1089,4.798964004197369,6.939393939393944,5.49781346321106,-1864.086666666667,0.00883140094164345,15.748521784941355,0.3189253397285938,0.035650372670109697,0.12369791666666667,273,161.2698403334952,0.3032193183898926
274,1848.761,1914.8199999999986,7549.999999999996,100,100,1089,4.78329706173373,6.932966023875111,5.48813271522522,-1914.8199999999986,-0.06091832628266679,26.84723473423057,0.2899951021342228,0.020504818346428994,0.08854166666666667,274,161.3291022654862,0.3032193183898926
275,1854.82,1940.2299999999993,7500.0,100,100,1084,4.8060856100792115,6.918819188191882,5.49214243888855,-1940.2299999999993,-0.014023063266102006,24.245193004608154,0.35714879719650044,0.03299966113819905,0.1052389711360721,275,161.3865814455701,0.3032193183898926
276,1860.931,1947.4966666666671,7519.666666666669,100,100,1089,4.7963966952878,6.905111723293543,5.505697965621948,-1947.4966666666671,-0.0046578314569261335,24.79577460512519,0.35375979762142784,0.02939028708109011,0.12065972222222222,276,161.44175711890264,0.3032193183898926
277,1867.006,1903.506666666667,7395.333333333334,100,100,1086,4.796247054504584,6.809699201964396,5.4859185218811035,-1903.506666666667,-0.012680052341345479,19.311531010796042,0.3755279945976594,0.01642833163607386,0.08759784128736048,277,161.4981413638236,0.3032193183898926
278,1873.106,1773.9733333333331,7284.666666666666,100,100,1087,4.807555196286722,6.7016252683226,5.499788522720337,-1773.9733333333331,-0.013532784712665221,25.033386510961197,0.38878364773357615,0.014983590065693372,0.10256915320368375,278,161.5525401378583,0.3032193183898926
279,1879.041,1863.9666666666658,7362.999999999993,100,100,1088,4.6784079057782515,6.767463235294111,5.36953330039978,-1863.9666666666658,-0.013140216250629985,32.91493623396929,0.35539964630323295,0.024100672005100503,0.09099264705882353,279,161.62131110140305,0.3032193183898926
280,1891.911,1897.8566666666666,7493.666666666667,100,100,1084,4.413506089163278,6.912976629766298,5.061439037322998,-1897.8566666666666,-0.013318479006343028,21.992391361909753,0.3733621677931617,0.021984334151698825,0.10257352954324554,280,161.7125116072462,0.3032193183898926
281,1898.027,1896.426666666667,7521.666666666669,100,100,1086,4.833163903759446,6.926028238182936,5.539972543716431,-1896.426666666667,-0.013180576949654257,25.0739925328423,0.34905970008934245,0.02179382404531626,0.0888727465096642,281,161.14789632354018,0.3032193183898926
282,1904.147,1920.2100000000003,7520.666666666668,100,100,1086,4.837906720141604,6.92510742786986,5.535489320755005,-1920.2100000000003,-0.016895315390737617,20.76452417934642,0.39598650967373566,0.02611090169589528,0.0958106022547273,282,161.20030453415978,0.3032193183898926
283,1910.246,1826.9799999999982,7311.333333333331,100,100,1085,4.843671518068949,6.738556067588323,5.5408289432525635,-1826.9799999999982,-0.014070783960906899,20.255612962386188,0.32404106767738566,0.024531268627684125,0.09397601237630143,283,161.25359010373296,0.3032193183898926
284,1916.294,1736.7866666666669,7172.666666666662,100,100,1088,4.790069946145248,6.592524509803917,5.484660625457764,-1736.7866666666669,-0.01358125714913887,26.81804853327134,0.3925463793908848,0.01766179662766209,0.08134191176470588,284,161.31244507722084,0.3032193183898926
285,1922.378,1931.8799999999997,7558.999999999997,100,100,1087,4.805301378948894,6.9540018399264,5.499667644500732,-1931.8799999999997,-0.016204514595515588,18.94416551028981,0.3701172584996504,0.013303330702268901,0.09110206634025364,285,161.3673194344673,0.3032193183898926
286,1928.512,1878.9333333333336,7492.333333333331,100,100,1090,4.805233026854694,6.873700305810396,5.514066457748413,-1878.9333333333336,0.01054827201490601,17.993297651410103,0.3557763662603166,0.015303181012212817,0.0959201388888889,286,161.41930352113567,0.3032193183898926
287,1934.614,1829.996666666667,7383.666666666671,100,100,1086,4.822780940193738,6.798956414978518,5.516139984130859,-1829.996666666667,-0.013696389053674304,17.60181480295518,0.35082926119075103,0.012521602682467988,0.08925818301299039,287,161.4714490619317,0.3032193183898926
288,1940.689,1915.4433333333332,7499.666666666665,100,100,1088,4.799146048539757,6.8930759803921555,5.5044331550598145,-1915.4433333333332,-0.016985137179932174,22.839496584499585,0.35044369583620744,0.018605414904681417,0.09375,288,161.52668611223876,0.3032193183898926
289,1946.762,1843.3966666666665,7364.999999999998,100,100,1089,4.750219559963173,6.763085399449034,5.460557222366333,-1843.3966666666665,-0.05571328538159529,27.763719922966427,0.35019117842117947,0.021226662004159555,0.1345486111111111,289,161.5821798465056,0.3032193183898926
290,1959.622,1815.5433333333335,7285.666666666665,100,100,1086,4.4114244033061105,6.708717004297114,5.056997537612915,-1815.5433333333335,-0.017029892160173726,25.400511797736673,0.35684412279549765,0.01756860681480783,0.09997628059457331,290,161.67288325812305,0.3032193183898926
291,1965.723,1927.5466666666675,7559.333333333338,100,100,1086,4.843174772226452,6.960712093308782,5.537762641906738,-1927.5466666666675,-0.01815268539768808,18.548278359805835,0.36717072918134575,0.030118490302223053,0.09207483381032944,291,161.128462229311,0.3032193183898926
292,1971.79,1824.4866666666678,7387.666666666668,100,100,1086,4.812907826641667,6.802639656230817,5.496625900268555,-1824.4866666666678,-0.008359669707715511,23.34310251123765,0.35465142788255916,0.023079706164186493,0.08518145145738826,292,161.18347886902907,0.3032193183898926
293,1977.904,1868.43,7355.0,100,100,1088,4.841549815597212,6.760110294117647,5.552696228027344,-1868.43,-0.009523528956753366,17.016505297492532,0.3324921472984202,0.02719946424065925,0.12040441176470588,293,161.23534630448663,0.3032193183898926
294,1984.008,1865.3533333333328,7319.999999999999,100,100,1089,4.804183746417822,6.721763085399449,5.503349304199219,-1865.3533333333328,0.04932225097177757,19.418341880043346,0.2975529659953382,0.09332317036266129,0.1427951388888889,294,161.28815994293936,0.3032193183898926
295,1990.164,1786.8799999999997,7320.333333333332,100,100,1088,4.85457647129592,6.728247549019606,5.573101758956909,-1786.8799999999997,-0.014036755734945046,23.529388483832864,0.33085158291985006,0.013595693655695547,0.08777573529411764,295,161.33595340873018,0.3032193183898926
296,1996.336,1879.496666666667,7375.333333333331,100,100,1089,4.834977594991894,6.77257422711968,5.547840356826782,-1879.496666666667,0.02512231414827208,28.267065424058174,0.3213844695707798,0.037571311433566734,0.0920138888888889,296,161.38268068075908,0.3032193183898926
297,2002.504,1806.41,7375.333333333334,100,100,1089,4.853947013505385,6.772574227119682,5.573415756225586,-1806.41,-0.014750913509892093,22.881945451100666,0.3301221881475713,0.02772069868094857,0.09071180555555555,297,161.4294403020341,0.3032193183898926
298,2008.596,1819.0433333333342,7341.666666666666,100,100,1085,4.8172989859104085,6.766513056835637,5.499206781387329,-1819.0433333333342,-0.013089056784177528,23.042447034050436,0.3002900788012673,0.02124929878353963,0.09261993691325188,298,161.47998367360293,0.3032193183898926
299,2014.546,1722.4066666666668,7262.333333333334,100,100,1086,4.705134255560304,6.687231430325354,5.3806188106536865,-1722.4066666666668,-0.01664862288709949,25.28278378879323,0.2865835686816889,0.023593188369619277,0.09582542671876795,299,161.54209506029093,0.3032193183898926
300,2027.456,1948.3800000000006,7600.6666666666715,100,100,1089,4.4527267242924635,6.979491888582802,5.135673761367798,-1948.3800000000006,-0.021629630846695766,28.332335713836883,0.2885482463680107,0.04850936088607543,0.0876736111111111,300,161.62232894731918,0.3032193183898926
301,2033.621,1802.12,7256.333333333331,100,100,1091,4.8213522465332765,6.651084631836234,5.546946048736572,-1802.12,-0.017111345349500578,17.453309297561646,0.2987226333676113,0.01929165997232,0.0915798611111111,301,161.09882452702092,0.3032193183898926
302,2039.74,1877.8266666666675,7493.333333333337,100,100,1090,4.813675046471213,6.874617737003061,5.52489972114563,-1877.8266666666675,-0.029894750617030594,19.306215537918938,0.2864366452106171,0.013853153247813074,0.11284722222222222,302,161.14997973590155,0.3032193183898926
303,2045.868,1881.916666666666,7361.333333333333,100,100,1090,4.8117795403739185,6.753516819571865,5.528846025466919,-1881.916666666666,-0.013048605993390083,17.44727381153239,0.36537202157908016,0.020251896744917355,0.10850694444444445,303,161.20003675952438,0.3032193183898926
304,2051.955,1931.94,7623.0,100,100,1089,4.781144352149154,7.0,5.4877769947052,-1931.94,-0.008746614317513175,20.883569101492565,0.33358226385381484,0.12101268360210168,0.1193576388888889,304,161.2525425141778,0.3032193183898926
305,2058.061,1904.56,7439.000000000001,100,100,1086,4.812960589581562,6.849907918968693,5.50751256942749,-1904.56,-0.017057668527259547,25.136359495275162,0.3372020326993045,0.0296047055402168,0.11798802149646423,305,161.30181099960373,0.3032193183898926
306,2064.147,2005.2233333333338,7730.000000000001,100,100,1090,4.76947440413348,7.091743119266056,5.479548692703247,-2005.2233333333338,-0.02382064274408751,32.7338039610121,0.35816383072071606,0.02553777697418506,0.1154513888888889,306,161.3543309996095,0.3032193183898926
307,2070.234,1976.576666666666,7564.333333333332,100,100,1088,4.797227664954228,6.95251225490196,5.50620698928833,-1976.576666666666,-0.0069175660610198975,25.112760796266443,0.38733478942338156,0.02504110030199894,0.10018382352941177,307,161.40543882987564,0.3032193183898926
308,2076.291,1943.1166666666668,7553.666666666664,100,100,1089,4.7646297523119,6.9363330272421155,5.4670538902282715,-1943.1166666666668,0.005089309997856617,29.59934326675203,0.38448968560745317,0.027313815410404157,0.08333333333333333,308,161.45903909596848,0.3032193183898926
309,2082.253,1887.9199999999996,7375.333333333333,100,100,1088,4.696706250101937,6.778799019607843,5.389240980148315,-1887.9199999999996,-0.011418744729941381,18.20191655439489,0.37525759023778577,0.02832222920294632,0.09420955882352941,309,161.5192553530415,0.3032193183898926
310,2095.122,1864.153333333334,7449.333333333339,100,100,1086,4.383765655105786,6.8594229588704785,5.029278993606567,-1864.153333333334,-0.015185391420827192,21.06809164496029,0.35840153431191163,0.024498525219421613,0.09121501401943319,310,161.60622107711927,0.3032193183898926
311,2101.215,1896.7166666666665,7407.999999999998,100,100,1089,4.775915977876903,6.802571166207528,5.481628656387329,-1896.7166666666665,0.028412974180860653,25.62798606687122,0.36324166672097313,0.031494585098698735,0.0802951388888889,311,161.09679298070537,0.3032193183898926
312,2107.294,1801.2100000000003,7326.000000000002,100,100,1087,4.803229071197324,6.739650413983442,5.507799386978149,-1801.2100000000003,-0.013871647061451393,21.556898032917697,0.391869694871061,0.01912261395345387,0.094311683493502,312,161.14787356239543,0.3032193183898926
313,2113.42,1908.7933333333328,7627.333333333334,100,100,1091,4.809294502151828,6.991139627253285,5.522874116897583,-1908.7933333333328,-0.019374865469419293,23.251840511957806,0.4242174265285333,0.03904958624237528,0.10286458333333333,313,161.19703890036763,0.3032193183898926
314,2119.517,1851.773333333334,7355.000000000001,100,100,1087,4.81090248121581,6.766329346826128,5.5148138999938965,-1851.773333333334,-0.014036161386791398,19.502146861132452,0.4665255765704548,0.014023784650763607,0.10624562357278432,314,161.2461944899044,0.3032193183898926
315,2125.651,1917.9366666666676,7521.333333333338,100,100,1089,4.8150130378893135,6.906642179369456,5.525116205215454,-1917.9366666666676,-0.02921753531942765,19.749692927011186,0.46443862385219997,0.023203904119630653,0.0646701388888889,315,161.29317250124967,0.3032193183898926
316,2131.748,2003.8366666666666,7641.333333333334,100,100,1090,4.78023733845442,7.01039755351682,5.4940245151519775,-2003.8366666666666,-0.008191025712423854,21.9350694682863,0.4193606401483218,0.012667796513091566,0.0876736111111111,316,161.34316278790033,0.3032193183898926
317,2137.876,1863.4099999999996,7462.999999999996,100,100,1088,4.83132821500476,6.8593749999999964,5.548213481903076,-1863.4099999999996,-0.021317531847778487,24.61210200365852,0.49357711129328785,0.02326870002948186,0.10615808823529412,317,161.38964677843117,0.3032193183898926
318,2144.018,1853.9233333333334,7310.999999999999,100,100,1090,4.816789999326537,6.7073394495412835,5.5248870849609375,-1853.9233333333334,0.002758713128666083,18.761765148904587,0.4961557876732614,0.015585922079885172,0.09027777777777778,318,161.43564615566416,0.3032193183898926
319,2150.036,1918.2266666666662,7551.333333333333,100,100,1088,4.71890192859385,6.940563725490196,5.429386377334595,-1918.2266666666662,-0.015451004728674889,32.573273209964526,0.4805657197447384,0.012908878486247404,0.09145220588235294,319,161.48983850686446,0.3032193183898926
320,2162.864,1774.8833333333343,7246.666666666669,100,100,1082,4.397499078196988,6.697473813924833,5.022500276565552,-1774.8833333333343,-0.01629303494358764,25.674273098216336,0.48701711174319773,0.0060447842457934334,0.08384571487412733,320,161.57304407767063,0.3032193183898926
321,2169.037,1887.2666666666669,7486.333333333335,100,100,1087,4.8521959505377215,6.887151180619443,5.569890260696411,-1887.2666666666669,-0.01760900968357044,20.139187868903665,0.4281471108689028,0.014503799950676587,0.10905403862981235,321,161.07516247201778,0.3032193183898926
322,2175.167,1897.806666666666,7530.666666666669,100,100,1091,4.796777358581675,6.902535899786131,5.5188305377960205,-1897.806666666666,0.034531561761266656,18.79591025246514,0.4238782748579979,0.023893626287139744,0.10995370397965114,322,161.12280190114993,0.3032193183898926
323,2181.32,1879.176666666666,7506.666666666667,100,100,1091,4.813988907749258,6.8805377329666975,5.549230098724365,-1879.176666666666,-0.014609690367554625,16.10525719324748,0.3693494614627626,0.01953661532024853,0.109375,323,161.1684506512236,0.3032193183898926
324,2187.444,1915.1666666666663,7440.333333333332,100,100,1089,4.811192654553011,6.832262014080195,5.532206296920776,-1915.1666666666663,-0.052755986185123525,24.3076990114318,0.39995381153292126,0.009779258045859428,0.08854166666666667,324,161.21511782818277,0.3032193183898926
325,2193.477,1939.943333333334,7615.000000000005,100,100,1087,4.757040386964681,7.005519779208836,5.461269378662109,-1939.943333333334,-0.014957468682790504,20.7550687789917,0.3524466402390424,0.010219344136524288,0.09428979938521105,325,161.26726549623578,0.3032193183898926
326,2199.551,1882.3533333333328,7371.666666666665,100,100,1088,4.796766548786443,6.775428921568626,5.501013517379761,-1882.3533333333328,-0.0175753225955893,20.762453443863812,0.35231496043065014,0.012028945959173143,0.08042279411764706,326,161.31657346448975,0.3032193183898926
327,2205.7,1909.5966666666666,7524.333333333334,100,100,1089,4.816525343795289,6.909397000306091,5.542166709899902,-1909.5966666666666,-0.04287881787038512,19.776643719938065,0.32814613605539006,0.010868668711433807,0.08897569444444445,327,161.36055877424383,0.3032193183898926
328,2211.801,1882.263333333333,7410.999999999998,100,100,1089,4.793194767119341,6.805325987144167,5.502508640289307,-1882.263333333333,-0.027588260515282553,16.331700911124546,0.33239813645680744,0.0125800095912483,0.08333333333333333,328,161.40786557447342,0.3032193183898926
329,2217.814,1884.163333333334,7401.000000000002,100,100,1089,4.705983746554822,6.796143250688707,5.416282415390015,-1884.163333333334,-0.025436201262184314,21.237613323662018,0.34417272690269685,0.013104777796090476,0.109375,329,161.46125382788586,0.3032193183898926
330,2230.754,1916.4466666666665,7532.000000000001,100,100,1089,4.404655189588632,6.9164370982552805,5.0734875202178955,-1916.4466666666665,-0.02629459985635347,17.686534033881294,0.29685456761055523,0.006903882510313351,0.08203125,330,161.5395256108042,0.3032193183898926
331,2236.846,1892.6599999999994,7609.666666666665,100,100,1089,4.798511292805076,6.987756351392713,5.500605821609497,-1892.6599999999994,-0.016565786105477147,33.48685011598799,0.32926436099741196,0.024909176443341292,0.1015625,331,161.0611609556742,0.3032193183898926
332,2242.957,1904.9966666666658,7459.333333333331,100,100,1085,4.826722856641056,6.8749615975422405,5.520892858505249,-1904.9966666666658,-0.01626596293028663,16.615336670595056,0.33377240072278413,0.009975860364433816,0.0902543391155846,332,161.10609638428554,0.3032193183898926
333,2249.055,1823.7733333333338,7371.999999999999,100,100,1089,4.7977311285238295,6.76951331496786,5.498871088027954,-1823.7733333333338,-0.05119226808245811,32.494125313229034,0.26480962749984527,0.00985874047425265,0.08550347222222222,333,161.1534802503428,0.3032193183898926
334,2255.103,1866.7366666666674,7441.666666666669,100,100,1086,4.791389779885802,6.852363413136896,5.478428602218628,-1866.7366666666674,-0.01281432292478926,28.70834445953369,0.2395071417969816,0.020069454440518338,0.09449122364030164,334,161.202911644678,0.3032193183898926
335,2261.186,1859.656666666666,7399.666666666667,100,100,1090,4.776834954781065,6.78868501529052,5.488605737686157,-1859.656666666666,-0.014617870561778545,20.893983059459263,0.24407715199049562,0.026151962785257235,0.0625,335,161.25123167565232,0.3032193183898926
336,2267.265,1798.9466666666665,7238.666666666664,100,100,1087,4.810394663123796,6.659306961054889,5.502593755722046,-1798.9466666666665,-0.013040398302323678,20.08384396048153,0.2420672537649379,0.019100916476043707,0.07915353665457052,336,161.29832825310223,0.3032193183898926
337,2273.335,1887.2300000000005,7445.333333333337,100,100,1084,4.820079153392471,6.868388683886842,5.504549741744995,-1887.2300000000005,-0.011562948553439449,17.998192927416632,0.2056723596418605,0.056051303879083955,0.08587622576776673,337,161.3444264545335,0.3032193183898926
338,2279.456,1925.7966666666669,7506.333333333332,100,100,1090,4.8045337622036834,6.886544342507644,5.520071268081665,-1925.7966666666669,-0.0888802083209157,27.56239453951518,0.2079303419838349,0.04407851093371088,0.11241319444444445,338,161.38935705118476,0.3032193183898926
339,2285.444,1909.709999999999,7527.666666666662,100,100,1089,4.698512306341968,6.912457912457908,5.389880418777466,-1909.709999999999,-0.04302262726964222,15.9399082639979,0.22548088413653508,0.023604835183100983,0.0842013888888889,339,161.44306207393072,0.3032193183898926
340,2298.309,1917.2366666666671,7418.6666666666715,100,100,1085,4.413066911918845,6.837480798771126,5.072843790054321,-1917.2366666666671,-0.013669674449107227,18.779980126549216,0.21230059029424891,0.03605520977255176,0.10203712565057418,340,161.51907831093067,0.3032193183898926
341,2304.4,1882.3500000000013,7548.3333333333385,100,100,1088,4.802802113237489,6.937806372549025,5.509377956390381,-1882.3500000000013,-0.010574156801928492,21.17168836032643,0.23407434321501674,0.014877266209462987,0.07858455882352941,341,161.0579794884906,0.3032193183898926
342,2310.489,1931.6466666666665,7582.999999999998,100,100,1089,4.780312029634584,6.963269054178143,5.485700845718384,-1931.6466666666665,-0.04177636456572347,22.322708752420212,0.2804662473499775,0.004109077993133623,0.10590277777777778,342,161.10495330638017,0.3032193183898926
343,2316.614,1824.8800000000006,7259.999999999999,100,100,1090,4.808719451069285,6.660550458715596,5.52251410484314,-1824.8800000000006,-0.000367834594928556,17.501624557707046,0.22799099940392706,0.06152953169981225,0.10243055555555555,343,161.14938600953073,0.3032193183898926
344,2322.668,1918.1699999999994,7488.666666666664,100,100,1089,4.771573647460751,6.876645240281602,5.471993684768677,-1918.1699999999994,-0.0007992456020373437,15.564770518905586,0.1929372449231879,0.02489206705488161,0.07682291666666667,344,161.19822272323228,0.3032193183898926
345,2328.752,1901.746666666667,7569.333333333332,100,100,1088,4.802282534536276,6.957107843137254,5.50737190246582,-1901.746666666667,-0.014351866317584235,14.027568340301514,0.25034089298809276,0.024236763255698058,0.07582720588235294,345,161.2443021266353,0.3032193183898926
346,2334.812,1886.7833333333342,7356.66666666667,100,100,1088,4.793046417141929,6.761642156862748,5.4843292236328125,-1886.7833333333342,-0.016338461078703403,17.920557723325842,0.26783167877618,0.024338727911098805,0.0822610294117647,346,161.2918643663419,0.3032193183898926
347,2340.921,1944.773333333334,7548.33333333334,100,100,1089,4.792398621868667,6.931435567799211,5.50648307800293,-1944.773333333334,-0.07286299780632059,24.2366128232744,0.24542466069882116,0.035468777615783945,0.08550347222222222,347,161.33608095403005,0.3032193183898926
348,2346.992,1963.6833333333332,7511.000000000001,100,100,1087,4.798371480711888,6.909843606255751,5.493703126907349,-1963.6833333333332,-0.013313496868838282,20.07010824540082,0.25759867534917946,0.01685732852510067,0.07636700548669871,348,161.38186017073042,0.3032193183898926
349,2352.982,1864.063333333333,7498.333333333334,100,100,1086,4.71681602177867,6.904542664211173,5.392377853393555,-1864.063333333333,-0.011068589273182786,30.231648445129395,0.2611350224298589,0.01801108826047686,0.07286231000633801,349,161.43258016216987,0.3032193183898926
350,2365.884,1863.963333333333,7415.666666666663,100,100,1089,4.416229567341712,6.8096112641567155,5.087865352630615,-1863.963333333333,0.00813583297551506,15.91858191622628,0.2768775410950184,0.013221807050285861,0.0724826388888889,350,161.5036127691964,0.3032193183898926
351,2371.987,1940.303333333333,7640.999999999995,100,100,1087,4.805754921583265,7.029438822447098,5.506394863128662,-1940.303333333333,-0.014170389923760119,21.58603084788603,0.2696645251091789,0.03891870893387343,0.07455794885754585,351,161.0565531687849,0.3032193183898926
352,2378.075,1893.2433333333338,7438.000000000003,100,100,1087,4.798721620087317,6.842686292548301,5.488306522369385,-1893.2433333333338,-0.013484508730471134,19.52819838243372,0.2323758536401917,0.016978820573593324,0.06899947508731309,352,161.10127736816494,0.3032193183898926
353,2384.154,1818.8933333333332,7297.000000000001,100,100,1086,4.808329005895481,6.719152854511972,5.506696462631226,-1818.8933333333332,-0.010213539346723872,20.055206887862262,0.22805828162852457,0.031012466256095862,0.06499051215017543,353,161.146024890543,0.3032193183898926
354,2390.251,1809.8033333333335,7245.333333333338,100,100,1088,4.816440625504851,6.6593137254902,5.5213706493377686,-1809.8033333333335,-0.013940246008774814,21.885384110843432,0.24887725535561056,0.02861473901772543,0.05974264705882353,354,161.19021133978984,0.3032193183898926
355,2396.324,1969.6933333333336,7647.666666666666,100,100,1088,4.796263420169399,7.029105392156862,5.504974126815796,-1969.6933333333336,-0.01746834715937867,21.095513063318588,0.30355103357749824,0.03413272914408213,0.07720588235294118,355,161.23568261157826,0.3032193183898926
356,2402.453,1877.5833333333326,7376.666666666665,100,100,1091,4.810803300316089,6.761380996028107,5.536611080169678,-1877.5833333333326,-0.02474415959376428,20.402143160502117,0.26662620736493003,0.04028249300123813,0.0685763888888889,356,161.27851530791523,0.3032193183898926
357,2408.535,1925.6733333333332,7546.333333333332,100,100,1088,4.810851285369341,6.935968137254901,5.508604526519775,-1925.6733333333332,-0.013390462516861804,16.408106831943286,0.2722698695519391,0.03330908736611223,0.07858455882352941,357,161.3229796354786,0.3032193183898926
358,2414.657,1955.1833333333336,7587.999999999999,100,100,1087,4.828832012437552,6.980680772769088,5.537155628204346,-1955.1833333333336,-0.017261511591427466,18.29541035259471,0.3171984307906207,0.02878010647220756,0.08788515463033143,358,161.36414492148688,0.3032193183898926
359,2420.627,1885.856666666666,7464.999999999997,100,100,1086,4.72405828723365,6.873848987108653,5.4064624309539795,-1885.856666666666,-0.01256563059766503,18.76061013165642,0.290277960107607,0.019879369606154367,0.07785815920899897,359,161.41477880562982,0.3032193183898926
360,2433.578,1778.6766666666672,7240.66666666667,100,100,1091,4.427816863188829,6.6367247173846655,5.10859227180481,-1778.6766666666672,0.026393639337685373,36.501358058717514,0.3109278794791963,0.01963420706710571,0.08087384286854002,360,161.485268349894,0.3032193183898926
361,2439.761,1962.446666666666,7628.666666666666,100,100,1092,4.821059979210973,6.985958485958485,5.553740739822388,-1962.446666666666,-0.03815631242468953,18.45736034711202,0.3596533950832155,0.08015963728798346,0.08116319444444445,361,161.0436526257678,0.3032193183898926
362,2445.889,1977.986666666667,7581.333333333333,100,100,1089,4.806995960987276,6.961738598102234,5.520903587341309,-1977.986666666667,-0.014524311810317967,17.99225437351399,0.2991471203664939,0.04563121577828295,0.06987847222222222,362,161.08537098273803,0.3032193183898926
363,2452.719,1914.7466666666671,7510.333333333335,100,100,1088,5.380143566499635,6.902879901960786,6.240936756134033,-1914.7466666666671,-0.018574982388492894,22.87599504695219,0.32344140331534776,0.0363628795123933,0.07628676470588236,363,161.0804023238541,0.3032193183898926
364,2458.895,1903.5266666666666,7459.333333333333,100,100,1088,4.863788051914205,6.856004901960784,5.590839385986328,-1903.5266666666666,-0.013630055493729957,21.870312802931842,0.3635817866991548,0.026173156829934346,0.07766544117647059,364,161.11833175098755,0.3032193183898926
365,2465.076,1885.033333333333,7515.0,100,100,1087,4.867508003197734,6.913523459061637,5.585935592651367,-1885.033333333333,-0.011002122041057138,23.17807205985574,0.36365217277232337,0.02759024782640421,0.06809494655360193,365,161.15528108680644,0.3032193183898926
366,2471.159,1882.3133333333337,7447.666666666666,100,100,1088,4.794382079340079,6.8452818627450975,5.4917943477630615,-1882.3133333333337,-0.013029607012867928,18.952773206374225,0.36717089353238835,0.02980616447680137,0.06893382352941177,366,161.1988616551459,0.3032193183898926
367,2477.25,2046.3766666666675,7708.666666666668,100,100,1086,4.807002208037834,7.0982197667280555,5.515002965927124,-2046.3766666666675,-0.017596088459386545,29.601718734292422,0.4122545201988781,0.04435141395558329,0.06590962979723425,367,161.24087768621516,0.3032193183898926
368,2483.386,1839.836666666667,7362.999999999998,100,100,1089,4.8214977032430575,6.761248852157942,5.528440475463867,-1839.836666666667,-0.04961247317906883,22.188189294603134,0.395063863032394,0.029997446221791,0.1032986111111111,368,161.28101974760486,0.3032193183898926
369,2489.395,1954.5800000000008,7480.666666666669,100,100,1087,4.73746817097198,6.881938055811103,5.439825773239136,-1954.5800000000008,-0.016852197867325124,21.98653782115263,0.4023992839981528,0.04020121938425719,0.10679271773380392,369,161.32839082170972,0.3032193183898926
370,2502.291,1925.5899999999997,7593.66666666667,100,100,1089,4.401073647197763,6.973063973063976,5.0680882930755615,-1925.5899999999997,-0.02649539512478643,17.88760052786933,0.4337673870225747,0.031913098421581604,0.08680555555555555,370,161.39831885880392,0.3032193183898926
371,2508.421,1861.4833333333333,7359.333333333336,100,100,1087,4.83731655729549,6.770315854032508,5.54017186164856,-1861.4833333333333,-0.016557377708308837,22.357910857481116,0.37740254402160645,0.0118650600368924,0.08099906694363146,371,160.9721643059875,0.3032193183898926
372,2514.503,1837.426666666666,7391.666666666665,100,100,1086,4.811378822016185,6.806322897483117,5.5020811557769775,-1837.426666666666,-0.014995980405193917,23.484025814953974,0.35976774990558624,0.013976509484243305,0.08980668862076367,372,161.01473826691077,0.3032193183898926
373,2520.668,1894.9000000000005,7334.666666666669,100,100,1089,4.840682735867607,6.735231098867464,5.560354709625244,-1894.9000000000005,0.03755594308798512,16.53899422287941,0.366735089984205,0.04790556605439633,0.09852430555555555,373,161.05293502096282,0.3032193183898926
374,2526.737,1963.5866666666664,7569.333333333334,100,100,1088,4.779981159278096,6.957107843137256,5.49468731880188,-1963.5866666666664,-0.017930089550859788,26.433295614579144,0.39027979882324443,0.03921963379252702,0.09972426470588236,374,161.09670717711234,0.3032193183898926
375,2532.844,1955.1766666666656,7582.333333333332,100,100,1088,4.802219025912243,6.969056372549018,5.522018671035767,-1955.1766666666656,-0.020070424741681886,18.686552861157587,0.40719374663689556,0.012806236422072877,0.09604779411764706,375,161.1378094759586,0.3032193183898926
376,2538.92,1869.3833333333337,7373.333333333329,100,100,1087,4.796018400837829,6.783195338853109,5.496668577194214,-1869.3833333333337,-0.01846584409256192,21.258375392240637,0.35568397492170334,0.015417662771035205,0.09431168327436727,376,161.18035268793858,0.3032193183898926
377,2544.993,1873.6666666666672,7450.666666666665,100,100,1087,4.797822999294159,6.854339159766941,5.501335382461548,-1873.6666666666672,-0.0204323712078964,18.239768869736615,0.3629132421577678,0.0154438342399183,0.0957195384099203,377,161.22283103814752,0.3032193183898926
378,2551.174,1904.6700000000003,7430.666666666667,100,100,1091,4.821065442075767,6.81087687137183,5.557184219360352,-1904.6700000000003,-0.01622194962369071,14.620867093404135,0.3259467051054041,0.012951080907239683,0.10300925953520669,378,161.25985114299579,0.3032193183898926
379,2557.139,1882.0933333333332,7419.333333333333,100,100,1089,4.687744077753457,6.812978267523722,5.3827080726623535,-1882.0933333333332,-0.056750599657081895,18.563085597422386,0.3150432654139068,0.01793643979504446,0.09461805555555555,379,161.30954597734896,0.3032193183898926
380,2570.119,1880.606666666666,7396.666666666666,100,100,1091,4.429759669730544,6.779712801710968,5.117979049682617,-1880.606666666666,-0.025305215838468738,18.774280382527245,0.305400032378202,0.019848683909340064,0.08940972222222222,380,161.37525634140619,0.3032193183898926
381,2576.273,1821.5466666666662,7403.000000000003,100,100,1090,4.8259734843618345,6.791743119266058,5.547075033187866,-1821.5466666666662,-0.036403986159712076,24.92158880498674,0.30781081842724234,0.011420071962574083,0.07161458333333333,381,160.95813892815053,0.3032193183898926
382,2582.343,1816.2066666666663,7267.33333333333,100,100,1089,4.775879154395726,6.67340067340067,5.479687452316284,-1816.2066666666663,0.02481074258685112,20.422740711106194,0.32260317438178593,0.07373651926172897,0.12369791666666667,382,161.00143728496354,0.3032193183898926
383,2588.502,1810.6866666666663,7385.999999999997,100,100,1089,4.838444353372057,6.782369146005507,5.549901247024536,-1810.6866666666663,-0.027934823081725173,32.31077992916107,0.29661861393186784,0.0015190315187080866,0.07725694444444445,383,161.0390764159703,0.3032193183898926
384,2594.607,1814.7699999999995,7317.666666666663,100,100,1088,4.807069945694392,6.725796568627448,5.511170387268066,-1814.7699999999995,-0.015957864384879086,22.8614345999325,0.3609287966700161,0.005251157583723611,0.07720588235294118,384,161.07957055818937,0.3032193183898926
385,2600.727,1838.736666666667,7400.000000000004,100,100,1089,4.8045416897516855,6.795224977043162,5.512823581695557,-1838.736666666667,-0.060025213182800345,24.34229424595833,0.33030225709080696,-0.006119592968995373,0.10633680555555555,385,161.11916443515727,0.3032193183898926
386,2606.849,1781.5700000000004,7348.000000000002,100,100,1091,4.805258658990319,6.735105407882678,5.5207648277282715,-1781.5700000000004,-0.04419879998183913,16.110482083426582,0.2629893666340245,0.01905325666141127,0.08940972222222222,386,161.15929460449394,0.3032193183898926
387,2613.003,1818.676666666667,7356.000000000001,100,100,1088,4.835185660554356,6.7610294117647065,5.547828674316406,-1818.676666666667,-0.01281219134655069,17.175277878256406,0.2507404763908947,0.012148172063889968,0.08501838235294118,387,161.19615927260395,0.3032193183898926
388,2619.095,1848.7300000000005,7408.0,100,100,1085,4.811579909407392,6.827649769585253,5.489975929260254,-1848.7300000000005,-0.016078998499056873,16.85155750723446,0.2666179629809716,0.019354341839275816,0.06782636177890441,388,161.23544763029557,0.3032193183898926
389,2625.072,1938.4533333333334,7425.999999999999,100,100,1087,4.712625943349628,6.831646734130634,5.3994245529174805,-1938.4533333333334,-0.017865306067773524,29.201903399299173,0.2844355978509959,0.03410415636265979,0.09110206606633522,389,161.28246289606642,0.3032193183898926
390,2637.995,1770.1566666666668,7331.333333333333,100,100,1086,4.43528471593908,6.7507673419275624,5.0900187492370605,-1770.1566666666668,-0.012169309590450105,15.21598629390492,0.23698679620728774,0.017247820711311174,0.06632471522864174,390,161.3459861978414,0.3032193183898926
391,2644.141,1773.8599999999997,7438.666666666662,100,100,1087,4.846543696856344,6.843299601349275,5.545348405838013,-1773.8599999999997,-0.013803269659333369,19.653793615453385,0.24071539237218745,0.011513033889487441,0.06991859267958823,391,160.9411627168337,0.3032193183898926
392,2650.217,1824.2433333333333,7373.333333333332,100,100,1087,4.8112361545168145,6.783195338853111,5.503748416900635,-1824.2433333333333,-0.012694711249102564,14.017865517560173,0.25704220419420915,0.024286330009892804,0.07687762653564706,392,160.98227137286662,0.3032193183898926
393,2656.399,1785.353333333334,7256.666666666668,100,100,1091,4.8522844167526955,6.6513901619309515,5.585648059844971,-1785.353333333334,-0.03044400353812509,21.906744480133057,0.23841324696938196,0.025868333989314526,0.07074652777777778,393,161.01834005881452,0.3032193183898926
394,2662.468,1904.4666666666672,7574.000000000003,100,100,1085,4.8035110575511775,6.980645161290325,5.485081434249878,-1904.4666666666672,-0.015539108227719279,17.968693677116843,0.2785553046885659,0.02893043784013785,0.08577175723279223,394,161.05884937327116,0.3032193183898926
395,2668.594,1893.1833333333323,7462.999999999993,100,100,1086,4.837207272876068,6.872007366482498,5.545311689376831,-1893.1833333333323,-0.015043126378098832,19.529953283422135,0.2741004544145921,0.018359785810496437,0.0732477465096642,395,161.09609416393636,0.3032193183898926
396,2674.672,1868.8200000000004,7350.333333333332,100,100,1088,4.8102330884456235,6.755821078431372,5.510942220687866,-1868.8200000000004,-0.012780125198118827,14.45109510421753,0.2659359920550795,0.004498960157541339,0.06709558823529412,396,161.13677860323426,0.3032193183898926
397,2680.745,1780.1866666666676,7383.666666666663,100,100,1088,4.80742922563342,6.78645833333333,5.502050161361694,-1780.1866666666676,-0.014516522560049505,16.6829857265248,0.25323641869951696,0.012212267515304335,0.058823529411764705,397,161.17756124367088,0.3032193183898926
398,2686.877,1794.0866666666666,7291.333333333332,100,100,1088,4.835030332127216,6.701593137254901,5.554753065109253,-1794.0866666666666,-0.015437183189479745,19.96615000332103,0.29458415552097206,0.009874985303373678,0.06939338235294118,398,161.21466250074002,0.3032193183898926
399,2692.921,1817.7099999999994,7382.666666666665,100,100,1091,4.718298075518355,6.766880537732965,5.418457508087158,-1817.7099999999994,-0.00639147414929337,21.025977002249824,0.3463339110215505,0.04132553268896623,0.10749421351485783,399,161.25802985863083,0.3032193183898926
400,2705.954,1937.1199999999994,7514.999999999998,100,100,1092,4.446900916846994,6.8818681318681305,5.138485908508301,-1937.1199999999994,0.0010985651105228397,43.99068935712179,0.2727694014708201,0.0355837395763956,0.0881076388888889,400,161.31915542832778,0.3032193183898926
401,2712.103,1908.2966666666675,7433.333333333337,100,100,1091,4.799222730281127,6.813321112129548,5.513060569763184,-1908.2966666666675,-0.03295067480454842,21.93041941854689,0.2961951734291183,0.026095391312588215,0.0876736111111111,401,160.92237568751327,0.3032193183898926
402,2718.182,1938.5733333333337,7481.333333333334,100,100,1088,4.7910968725559275,6.876225490196079,5.493036508560181,-1938.5733333333337,-0.012526591198847574,27.29704517476699,0.27396899943842606,0.014104879070467124,0.078125,402,160.96270236056546,0.3032193183898926
403,2724.269,1949.4499999999994,7442.666666666663,100,100,1087,4.8065629239188095,6.846979454155164,5.509549140930176,-1949.4499999999994,-0.012891478179132236,36.59161859400132,0.298200505621293,0.01704933019081021,0.09293300680377904,403,161.00207585130903,0.3032193183898926
404,2730.357,1991.3233333333337,7658.333333333331,100,100,1088,4.80661783084917,7.038909313725489,5.508580446243286,-1991.3233333333337,-0.013237354783889125,26.233840213102454,0.35838306388434243,0.011562311679453534,0.10477941176470588,404,161.04157652585138,0.3032193183898926
405,2736.484,1982.37,7555.666666666666,100,100,1086,4.826587569105746,6.957335788827501,5.5430588722229,-1982.37,-0.013034169343026245,40.619859134449676,0.309647621039082,0.02403764748947544,0.09718927872531555,405,161.0778529816622,0.3032193183898926
406,2742.562,1890.5466666666669,7497.333333333336,100,100,1088,4.798572335857898,6.890931372549022,5.501400947570801,-1890.5466666666669,-0.012358931934132296,21.939034377827365,0.3267589947756599,0.021725508932243374,0.10799632352941177,406,161.1175889915192,0.3032193183898926
407,2748.698,1858.803333333334,7501.666666666671,100,100,1087,4.822711777301864,6.901257283042015,5.523114204406738,-1858.803333333334,-0.01139618838479852,20.52024033490349,0.2677224751781015,0.017980803372612333,0.07269782967427198,407,161.1534154785519,0.3032193183898926
408,2754.813,1825.206666666667,7304.999999999999,100,100,1090,4.793224036116836,6.70183486238532,5.500107049942017,-1825.206666666667,-0.0387281796688007,18.843543608983357,0.26922444957825875,0.038295753841844596,0.11588541666666667,408,161.19134081288706,0.3032193183898926
409,2760.825,1934.4300000000005,7471.333333333333,100,100,1088,4.734608545999542,6.86703431372549,5.435240745544434,-1934.4300000000005,-0.012444349115385729,25.906158391167136,0.24240693493801005,0.02642303501831039,0.09512867647058823,409,161.2344062160955,0.3032193183898926
410,2773.735,1886.6600000000003,7399.333333333333,100,100,1090,4.414558259838628,6.788379204892966,5.08745551109314,-1886.6600000000003,-0.019186833614690438,21.20682459241814,0.24369424730154302,0.016955327194106456,0.08116319444444445,410,161.2964316709556,0.3032193183898926
411,2779.899,1954.3933333333327,7611.000000000001,100,100,1091,4.826028321786015,6.976168652612283,5.548882246017456,-1954.3933333333327,-0.01749769551679492,18.066046522723305,0.2598494423760308,0.038045786896772266,0.09129050953520669,411,160.91265576196906,0.3032193183898926
412,2785.957,1910.2333333333327,7499.666666666664,100,100,1087,4.771770284512862,6.8994173566390655,5.465609550476074,-1910.2333333333327,-0.011231989818899071,36.71825633329504,0.2723307101165547,0.019330084775848425,0.0883520076818326,412,160.95296329564357,0.3032193183898926
413,2792.047,1873.0966666666666,7274.333333333331,100,100,1088,4.790865070604281,6.6859681372549,5.498219966888428,-1873.0966666666666,-0.00951929050771629,31.87324406118954,0.28124605601324754,0.010846078327363905,0.07766544117647059,413,160.99153486933926,0.3032193183898926
414,2798.132,1950.6466666666674,7548.66666666667,100,100,1088,4.779170221702182,6.938112745098042,5.4773712158203125,-1950.6466666666674,-0.010646153350963312,28.72026594947366,0.31592053920030594,0.022069902802981874,0.08547794117647059,414,161.03026834729474,0.3032193183898926
415,2804.187,1922.9900000000007,7506.333333333332,100,100,1086,4.780415105003122,6.911909146715775,5.475865125656128,-1922.9900000000007,-0.010410698788130985,19.69767135732314,0.3453413511023802,0.019832263258970615,0.08663425024817972,415,161.06985189894718,0.3032193183898926
416,2810.221,1869.4966666666658,7481.000000000001,100,100,1088,4.756014521369841,6.87591911764706,5.444485187530518,-1869.4966666666658,-0.011853633886751007,31.24427744921516,0.2793683725244859,0.02221293977516539,0.10110294117647059,416,161.11114860075608,0.3032193183898926
417,2816.336,1862.2466666666674,7465.000000000003,100,100,1088,4.812528123639983,6.86121323529412,5.521939992904663,-1862.2466666666674,-0.015099077923771213,20.603549536536722,0.3124209480250583,0.023765133529463234,0.10615808823529412,417,161.14770366603346,0.3032193183898926
418,2822.409,2005.9699999999998,7543.666666666666,100,100,1087,4.787520422594212,6.939895737503833,5.488855361938477,-2005.9699999999998,-0.01598881491843392,37.20201565237606,0.32890477688873515,0.03956114091253018,0.11323383581988952,418,161.18606515698335,0.3032193183898926
419,2828.362,1957.0433333333326,7558.666666666666,100,100,1087,4.680720512950562,6.953695185525912,5.37265419960022,-1957.0433333333326,-0.01414202613865628,27.368136602289535,0.38150132578961987,0.043725632363930345,0.12745098112260594,419,161.23113341127726,0.3032193183898926
420,2841.268,1812.786666666667,7345.333333333336,100,100,1089,4.404513866305385,6.745026017753292,5.076521396636963,-1812.786666666667,-0.02608098226806356,27.677951600816513,0.4314051858252949,0.060324195455501065,0.1440972222222222,420,161.29164549839112,0.3032193183898926
421,2847.412,1827.783333333334,7337.666666666668,100,100,1089,4.832308906724008,6.737985919804102,5.552251100540161,-1827.783333333334,-0.0946114615847667,22.759928756290012,0.35744569368146206,0.007267393550137058,0.07552083333333333,421,160.91733863240745,0.3032193183898926
422,2853.52,2023.7833333333328,7704.999999999997,100,100,1087,4.830783625881307,7.088316467341304,5.542107105255127,-2023.7833333333328,-0.011386876487556626,42.9033467909869,0.4078292180510128,0.031083586024846333,0.0920284784892026,422,160.9539162043438,0.3032193183898926
423,2859.652,1887.7866666666669,7413.999999999999,100,100,1088,4.838421138629201,6.814338235294117,5.544071674346924,-1887.7866666666669,-0.014201597968006836,28.571880228379193,0.44473498796715455,0.029112896101330134,0.10661764705882353,423,160.98915276473676,0.3032193183898926
424,2865.786,1946.303333333333,7528.666666666666,100,100,1091,4.8106344624599195,6.9007027192178425,5.53531289100647,-1946.303333333333,-0.019278288767155673,27.81653290324741,0.4556210576815324,0.031421301137824126,0.08984375,424,161.0252745804715,0.3032193183898926
425,2871.866,1883.5633333333335,7373.666666666668,100,100,1086,4.807811511811693,6.78974831184776,5.5015246868133545,-1883.5633333333335,-0.019737811375628498,22.30619472615859,0.4798676117378123,0.016008124782649034,0.10086574931355084,425,161.0625206642508,0.3032193183898926
426,2878.039,1871.3899999999994,7425.666666666662,100,100,1091,4.826256645737535,6.806293919951111,5.555481433868408,-1871.3899999999994,-0.026202182958109513,18.662338462140823,0.5551999401715066,0.014789745868054323,0.09809027777777778,426,161.09614956056083,0.3032193183898926
427,2884.208,1913.5100000000007,7401.000000000004,100,100,1090,4.822544769999152,6.789908256880738,5.548018455505371,-1913.5100000000007,0.07590558685155378,23.28928592469957,0.5948159156574143,0.025899331298811983,0.10026041666666667,427,161.12952604116327,0.3032193183898926
428,2890.304,1812.9533333333334,7318.333333333338,100,100,1085,4.812038434274529,6.745007680491556,5.516111850738525,-1812.9533333333334,-0.01598880160599947,17.887925288256476,0.5999873683733099,0.002534599433762624,0.0899755902150098,428,161.16504302235938,0.3032193183898926
429,2896.454,1932.6533333333332,7595.666666666668,100,100,1088,4.829611306323547,6.981311274509805,5.571363210678101,-1932.6533333333332,-0.015693805125706336,18.66842471852022,0.544670374954448,0.024001130498671794,0.09466911764705882,429,161.1984848885938,0.3032193183898926
430,2909.496,1859.006666666667,7459.333333333333,100,100,1089,4.41164325232574,6.849709213345577,5.08902382850647,-1859.006666666667,-0.10616501487998499,22.049361520343357,0.5094583969977167,0.015114911760772683,0.08680555555555555,430,161.2578396164954,0.3032193183898926
431,2915.562,1823.1300000000003,7352.000000000002,100,100,1087,4.774502299151108,6.763569457221712,5.4757750034332275,-1823.1300000000003,-0.012733024490230224,23.01467794530532,0.5506777623120476,0.02055301354266703,0.09477853687370524,431,160.88834445580835,0.3032193183898926
432,2921.69,1921.1433333333343,7460.333333333337,100,100,1089,4.79404012772235,6.850627486991127,5.511783838272095,-1921.1433333333343,-0.04065653764539295,20.94757706226988,0.5646322030160162,0.024386635968565114,0.11979166666666667,432,160.92363717499418,0.3032193183898926
433,2927.775,1912.7833333333335,7440.666666666668,100,100,1088,4.800949816425975,6.838848039215687,5.512717008590698,-1912.7833333333335,-0.013120601391967605,35.075781878303076,0.5417276130003088,0.018258466748246813,0.11397058823529412,433,160.96079345302246,0.3032193183898926
434,2933.798,1849.3100000000009,7433.666666666671,100,100,1086,4.765824585767981,6.844996930632293,5.45325779914856,-1849.3100000000009,-0.017193153390989584,20.828604585984174,0.5066772173432743,0.016120081233298954,0.1087671960977947,434,161.0005564446707,0.3032193183898926
435,2939.909,1906.1799999999996,7379.33333333333,100,100,1090,4.784688898661268,6.7700305810397525,5.509123802185059,-1906.1799999999996,-0.02172713556016485,19.842881321907043,0.5405960372687938,0.012891818724003516,0.0954861111111111,435,161.0366586146223,0.3032193183898926
436,2946.043,1866.5433333333328,7457.666666666662,100,100,1089,4.798389713945255,6.848178757269663,5.513603687286377,-1866.5433333333328,-0.007643213650832574,21.123327910900116,0.5498027760121558,0.011197605868801475,0.10286458333333333,436,161.07098875064557,0.3032193183898926
437,2952.135,1909.9800000000012,7401.666666666673,100,100,1084,4.812686535597665,6.8281057810578165,5.494645118713379,-1909.9800000000012,-0.01751587520736982,30.037670023301068,0.5391327361850178,0.01586820903535494,0.09325980444383972,437,161.10576472212495,0.3032193183898926
438,2958.217,1943.3066666666666,7655.0,100,100,1087,4.793303497324131,7.042318307267709,5.490678787231445,-1943.3066666666666,-0.01992638042087064,32.91535983366125,0.5211280978777829,0.02704962042694473,0.09713468788301244,438,161.14199178806462,0.3032193183898926
439,2964.237,1867.8800000000003,7520.666666666671,100,100,1084,4.753790589284008,6.937884378843792,5.4343156814575195,-1867.8800000000003,-0.017817766679560438,25.82909205380608,0.4824046860722935,0.02415403085444054,0.09439338261590284,439,161.18044296202476,0.3032193183898926
440,2977.2,1823.3699999999994,7343.999999999999,100,100,1090,4.440996699129155,6.737614678899082,5.118900299072266,-1823.3699999999994,-0.018596807080838416,29.93421462840504,0.48839017417695785,0.0262982657748378,0.13020833333333334,440,161.23741800729525,0.3032193183898926
441,2983.371,1947.420000000001,7512.000000000004,100,100,1087,4.864789786720315,6.910763569457225,5.581998825073242,-1947.420000000001,-0.016644453082014534,27.929730527541217,0.46052927655332226,0.01474508605486549,0.11361315419130466,441,160.87641600395452,0.3032193183898926
442,2989.442,1830.3800000000006,7355.333333333333,100,100,1086,4.802897054651447,6.772866789441375,5.491616725921631,-1830.3800000000006,-0.013596020036322229,18.356560987584732,0.4300648841787787,0.023779188755297047,0.12249466294751447,442,160.9129474201456,0.3032193183898926
443,2995.56,1871.8799999999994,7352.333333333333,100,100,1087,4.828766698408409,6.763876111622202,5.537548542022705,-1871.8799999999994,-0.016510296116500872,20.984284036299762,0.4102640265927595,0.009629651383661172,0.08602503522792283,443,160.94723260557447,0.3032193183898926
444,3001.706,1879.803333333333,7371.666666666668,100,100,1089,4.817577684960945,6.769207223752679,5.526411056518555,-1879.803333333333,0.05547073814604017,26.534577290217083,0.4026561321483718,0.013973824957954802,0.09288194444444445,444,160.98045549470626,0.3032193183898926
445,3007.807,1886.4199999999994,7372.666666666662,100,100,1087,4.795741305811624,6.782582030052128,5.511356830596924,-1886.4199999999994,-0.020332582842777756,22.7228045463562,0.4261750605176477,0.013593991420587854,0.10812762686434914,445,161.0153171323733,0.3032193183898926
446,3013.904,1886.4233333333323,7422.333333333331,100,100,1089,4.785170157215942,6.815733088460359,5.487098932266235,-1886.4233333333323,-0.04533356490234534,23.973341319296097,0.3981217435664601,-0.0015669455687101516,0.11675347222222222,446,161.0509045145324,0.3032193183898926
447,3019.965,1908.3399999999997,7571.0,100,100,1087,4.772903403569709,6.965041398344066,5.466582536697388,-1908.3399999999997,-0.018154685769010994,21.04305545021506,0.4250097791938221,0.014449311074499479,0.09896562862045624,447,161.08761253045614,0.3032193183898926
448,3026.006,1973.7899999999995,7529.333333333332,100,100,1084,4.774225092079745,6.945879458794587,5.464191675186157,-1973.7899999999995,-0.018689928028513405,21.371771756340475,0.37806054949760437,0.01593570922405514,0.08909313753247261,448,161.1242676218964,0.3032193183898926
449,3032.044,1849.5466666666666,7302.999999999999,100,100,1089,4.727992747206484,6.70615243342516,5.426767826080322,-1849.5466666666666,0.023331440105620358,19.499494738048977,0.39569773111078477,0.021865656263091497,0.09071180555555555,449,161.1625742462391,0.3032193183898926
450,3044.944,1874.7066666666663,7288.666666666668,100,100,1084,4.441337270006654,6.723862238622387,5.098093748092651,-1874.7066666666663,-0.01658149710034623,18.442222763510312,0.33685725401429567,0.022125272920033346,0.10346201018375509,450,161.2174919312561,0.3032193183898926
451,3051.067,1854.0600000000004,7336.666666666668,100,100,1088,4.818387500349405,6.743259803921569,5.521224021911621,-1854.0600000000004,-0.017021362395847544,20.67232821969425,0.33616015840979185,0.02453306326574153,0.0896139705882353,451,160.86964193825884,0.3032193183898926
452,3057.194,1828.4400000000003,7278.000000000001,100,100,1090,4.8041673414537325,6.677064220183487,5.5107810497283936,-1828.4400000000003,-0.004755060912834274,17.95287781291538,0.32949332561757827,0.04008697858080268,0.10590277777777778,452,160.903770709214,0.3032193183898926
453,3063.273,1933.0999999999997,7479.0,100,100,1086,4.804100643827976,6.886740331491713,5.499003171920776,-1933.0999999999997,-0.01570270977476064,30.861048389883603,0.29728345353813734,0.021628504903192687,0.08338768955539255,453,160.93897026597782,0.3032193183898926
454,3069.4,1887.0766666666664,7517.9999999999945,100,100,1089,4.808234434965673,6.903581267217626,5.521630764007568,-1887.0766666666664,-0.01845532443581356,21.5824552377065,0.27555538724280065,0.018862529741858855,0.0842013888888889,454,160.97248043267675,0.3032193183898926
455,3075.522,1856.576666666667,7330.000000000001,100,100,1089,4.81716519864353,6.730945821854913,5.5260231494903564,-1856.576666666667,0.013366777449846268,19.90490046474669,0.274887106484837,0.004143653731767295,0.0998263888888889,455,161.00615386827081,0.3032193183898926
456,3081.593,1869.9600000000003,7436.66666666667,100,100,1088,4.78108851273325,6.8351715686274535,5.4780943393707275,-1869.9600000000003,-0.013217183076502645,19.938058208016788,0.24034198724171696,0.024324588135213536,0.08455882352941177,456,161.04201911549296,0.3032193183898926
457,3087.667,1830.7566666666667,7431.333333333331,100,100,1087,4.790351700411275,6.836553204538483,5.491499185562134,-1830.7566666666667,-0.014322805875802742,17.605359694536993,0.26792337526293364,0.018383853834273073,0.079598506583887,457,161.0772671286555,0.3032193183898926
458,3093.732,1991.07,7717.333333333334,100,100,1086,4.789822835335422,7.106200122774709,5.479040622711182,-1991.07,-0.014252397889161812,20.096017108244055,0.2539142273804721,0.022867039325373137,0.08516662699334762,458,161.11255708783423,0.3032193183898926
459,3099.773,1870.6699999999994,7468.333333333332,100,100,1090,4.7254630292919595,6.8516819571865435,5.4369683265686035,-1870.6699999999994,0.0075992064860959845,26.5824180510309,0.2588729724779518,0.031894101525217086,0.08333333333333333,459,161.15020081075235,0.3032193183898926
460,3112.766,1923.7166666666665,7436.000000000002,100,100,1091,4.408245464687865,6.8157653528872615,5.0806543827056885,-1923.7166666666665,-0.001472842310451799,18.244329929351807,0.220262559544709,0.03514173787940914,0.12297453731298447,460,161.20689118366957,0.3032193183898926
461,3118.896,1909.2933333333328,7492.3333333333285,100,100,1090,4.800664220291506,6.873700305810393,5.509739875793457,-1909.2933333333328,-0.01112365670916107,18.215009848276775,0.2300216555595398,0.021590778282390803,0.08203125,461,160.86140153354347,0.3032193183898926
462,3125.002,1873.4966666666678,7266.333333333333,100,100,1090,4.795701741005952,6.666360856269113,5.503179311752319,-1873.4966666666678,0.011447557144694857,18.992872714996338,0.23761264400349724,0.034310561397837266,0.08940972222222222,462,160.89587627643303,0.3032193183898926
463,3131.12,1822.2666666666667,7275.0,100,100,1088,4.811872332913267,6.686580882352941,5.525171518325806,-1822.2666666666667,-0.012112955206676441,16.849557399749756,0.23383710708688288,0.024231501481742326,0.08409926470588236,463,160.92898737037348,0.3032193183898926
464,3137.221,1922.3666666666659,7379.333333333333,100,100,1088,4.803520129130715,6.782475490196078,5.50400447845459,-1922.3666666666659,-0.01586919540868086,18.341812947217157,0.23523004922796698,0.018448136924930355,0.07766544117647059,464,160.96285133377032,0.3032193183898926
465,3143.331,1898.4666666666665,7498.333333333334,100,100,1090,4.799240551688153,6.879204892966362,5.514662265777588,-1898.4666666666665,-0.03576513545380698,16.51918927828471,0.2479427175389396,0.025997080077003274,0.07899305555555555,465,160.99670511288804,0.3032193183898926
466,3149.45,1828.7766666666662,7415.666666666668,100,100,1090,4.802328712678591,6.80336391437309,5.513784646987915,-1828.7766666666662,-0.07985640125763085,19.769144415855408,0.24226590866843858,0.013990796206700098,0.0837673611111111,466,161.03000492372377,0.3032193183898926
467,3155.569,1912.793333333333,7406.666666666665,100,100,1090,4.793157889785399,6.795107033639142,5.505392074584961,-1912.793333333333,-0.033777881827619344,20.79431674215529,0.2583366562094953,0.01412497834664666,0.0724826388888889,467,161.0631983730055,0.3032193183898926
468,3161.706,1761.3733333333337,7216.666666666665,100,100,1089,4.80816979121581,6.626874808692989,5.517032146453857,-1761.3733333333337,-0.07550922755358948,22.778874264823067,0.33014755447705585,0.010807533408903206,0.11197916666666667,468,161.09499516255966,0.3032193183898926
469,3167.714,1758.9699999999998,7248.333333333333,100,100,1089,4.711124611461725,6.655953474135292,5.404078960418701,-1758.9699999999998,0.03648850114809142,22.54254966477553,0.3208506976564725,0.002982987391684825,0.07421875,469,161.13325115631204,0.3032193183898926
470,3180.686,1834.1066666666673,7376.000000000001,100,100,1088,4.438705697419423,6.779411764705883,5.111298084259033,-1834.1066666666673,-0.015846971038948086,17.16155419630163,0.26648034812772975,0.021760402271277544,0.0744485294117647,470,161.18721596857773,0.3032193183898926
471,3186.836,1963.3666666666675,7611.666666666669,100,100,1090,4.815406238429522,6.983180428134559,5.540061950683594,-1963.3666666666675,0.02515210413063566,37.47087921036614,0.25858184105406207,0.022346416054966137,0.07161458333333333,471,160.84982267349596,0.3032193183898926
472,3192.954,1823.8600000000006,7385.333333333334,100,100,1090,4.799641100283917,6.775535168195719,5.5025646686553955,-1823.8600000000006,-0.053035054769780904,19.64903571208318,0.27574963288174736,0.021160260793597747,0.07552083333333333,472,160.88298412805355,0.3032193183898926
473,3199.072,1848.8533333333328,7392.333333333332,100,100,1091,4.7997461948168185,6.775740910479681,5.515610933303833,-1848.8533333333328,-0.0072448209135068786,18.57721445295546,0.27410372470815975,0.033685650951358385,0.08608217620187336,473,160.91636694873208,0.3032193183898926
474,3205.146,1786.2499999999998,7306.333333333333,100,100,1087,4.786413982030768,6.721557804354492,5.476322174072266,-1786.2499999999998,-0.011444655520951046,25.02745833116419,0.2637757452971795,0.020468144348877317,0.06669438635820851,474,160.95055511116954,0.3032193183898926
475,3211.292,1910.973333333332,7490.000000000001,100,100,1091,4.817934555179114,6.865261228230982,5.5431764125823975,-1910.973333333332,-0.026348605907211702,22.024556583828396,0.3034627878417571,0.018826451275445934,0.07508680555555555,475,160.9822239853721,0.3032193183898926
476,3217.37,1850.7866666666666,7408.666666666664,100,100,1085,4.8026858990977646,6.828264208909368,5.487635135650635,-1850.7866666666666,-0.013894700883504222,19.616493028752945,0.28282227586297426,0.030721131431431892,0.08710523125003367,476,161.0153430108499,0.3032193183898926
477,3223.457,1837.433333333333,7379.666666666666,100,100,1089,4.794544625866567,6.776553412917049,5.49013614654541,-1837.433333333333,-0.014409404610180192,24.742660860220592,0.3175293683177895,0.017753982205047376,0.07421875,477,161.04913153430482,0.3032193183898926
478,3229.585,1806.043333333333,7242.000000000001,100,100,1089,4.813017085330566,6.650137741046833,5.528075695037842,-1806.043333333333,-0.005504077817830775,25.39012448972143,0.308910159394145,0.02520364293983827,0.08506944444444445,478,161.08076831452536,0.3032193183898926
479,3235.664,1787.2500000000002,7206.000000000001,100,100,1089,4.765316164202277,6.617079889807163,5.4689483642578125,-1787.2500000000002,-0.003146157341284884,18.135022772683037,0.30480364378955627,0.01606159153420271,0.06901041666666667,479,161.11470400704914,0.3032193183898926
480,3248.794,1872.1500000000008,7407.33333333334,100,100,1090,4.4808901857089145,6.795718654434257,5.175365686416626,-1872.1500000000008,-0.011389178016947376,24.17704065930512,0.3328833526207341,0.013915964369920807,0.0763888888888889,480,161.16347612718968,0.3032193183898926
481,3254.889,1970.3966666666663,7456.666666666662,100,100,1089,4.765755280016779,6.847260483624116,5.478061676025391,-1970.3966666666663,-0.10075960895563993,39.040455182393394,0.38442731151978177,0.00975609773498339,0.10980902777777778,481,160.83253369284577,0.3032193183898926
482,3260.992,1841.3500000000004,7209.666666666669,100,100,1089,4.769832231070166,6.620446893174168,5.479885578155518,-1841.3500000000004,-0.0027220799691147273,38.22218917972512,0.3943182011054323,0.02065391700145685,0.09418402777777778,482,160.86544963396898,0.3032193183898926
483,3267.134,1796.1533333333332,7251.666666666669,100,100,1089,4.802679432332823,6.659014386287115,5.518770217895508,-1796.1533333333332,-0.05693509103730321,23.12320038345125,0.4828666572769483,0.03153722034120518,0.10590277777777778,483,160.89635221392797,0.3032193183898926
484,3273.234,1928.51,7548.666666666667,100,100,1090,4.773494494767056,6.925382262996942,5.485733985900879,-1928.51,-0.031391010309259094,20.18669961227311,0.44078293359941906,0.02784181910748076,0.10546875,484,160.92950278587705,0.3032193183898926
485,3279.344,1876.96,7486.666666666666,100,100,1088,4.8057961398359,6.881127450980392,5.518435001373291,-1876.96,-0.013651836608700892,16.92717116019305,0.41154275659252615,0.013902053038370521,0.08731617647058823,485,160.96146324798585,0.3032193183898926
486,3285.361,1857.573333333333,7366.666666666664,100,100,1088,4.745704043029143,6.770833333333331,5.439601421356201,-1857.573333333333,-0.014842351241146816,17.195591561934528,0.42308589640785665,0.008660801508299568,0.09834558823529412,486,160.9978404829923,0.3032193183898926
487,3291.455,1860.4366666666672,7376.666666666668,100,100,1088,4.7967314361919895,6.780024509803923,5.509657144546509,-1860.4366666666672,-0.01410504907150479,20.068830966949463,0.4009796503712149,0.015380781424670097,0.09512867647058823,487,161.03028939386448,0.3032193183898926
488,3297.532,1934.4400000000003,7565.000000000001,100,100,1091,4.762120442046664,6.934005499541706,5.477952003479004,-1934.4400000000003,-0.0445821734610945,26.051766236623127,0.4065648383564419,0.023624900340413053,0.11140046351485783,488,161.06440871778318,0.3032193183898926
489,3303.508,1885.5766666666666,7465.666666666666,100,100,1087,4.701574423723951,6.868138607789021,5.397104263305664,-1885.5766666666666,-0.014851433224976063,19.27605194203994,0.39478876222582426,0.02137440921711352,0.08924924165886991,489,161.10208854075572,0.3032193183898926
490,3316.359,1849.4200000000003,7505.666666666668,100,100,1086,4.420258566496197,6.911295273173727,5.073794364929199,-1849.4200000000003,-0.01610628789400353,17.176090044133804,0.3994428497903487,0.026262795045862302,0.08144568301299039,490,161.15473571700215,0.3032193183898926
491,3322.446,1858.4433333333322,7444.999999999995,100,100,1089,4.774573917673427,6.836547291092741,5.476501703262329,-1858.4433333333322,-0.01626941158125798,18.050463780346846,0.4509339498149024,0.009308155745707659,0.10243055555555555,491,160.83841032492958,0.3032193183898926
492,3328.524,1808.3233333333328,7346.999999999998,100,100,1088,4.791124722032691,6.752757352941175,5.488004446029663,-1808.3233333333328,-0.018428511534105328,20.26801914327285,0.4127407678786446,0.009089124519104028,0.08455882352941177,492,160.87165129093754,0.3032193183898926
493,3334.643,1891.7166666666672,7454.000000000004,100,100,1091,4.790290744013156,6.832263978001836,5.509693622589111,-1891.7166666666672,0.005191064129273097,26.928532297412556,0.3151392787694931,0.028451401135599654,0.1086516206463178,493,160.90360489419487,0.3032193183898926
494,3340.75,1909.6733333333332,7442.0,100,100,1087,4.821510028896002,6.846366145354186,5.521927118301392,-1909.6733333333332,-0.01820275344995453,21.069057941436768,0.3551945151651607,0.02716178646283772,0.11179680267677587,494,160.93482973060725,0.3032193183898926
495,3346.88,1915.2599999999993,7567.333333333333,100,100,1086,4.834636923977951,6.968078575813382,5.5381920337677,-1915.2599999999993,-0.01667225979925955,18.388198179357193,0.3698756756151424,0.018952099976184612,0.08989563540500753,495,160.96451656281045,0.3032193183898926
496,3352.997,1713.453333333333,7244.66666666666,100,100,1090,4.793235320392825,6.646483180428128,5.501205205917358,-1713.453333333333,-0.005019284060431851,29.563316345214844,0.4223415530804131,0.02648208047159844,0.09288194444444445,496,160.99594631316754,0.3032193183898926
497,3359.071,1836.736666666668,7464.333333333334,100,100,1087,4.791389603729821,6.8669119901870594,5.484383583068848,-1836.736666666668,-0.01794621370294515,17.22416339201086,0.447783904040561,0.022492596578291234,0.09849148068357916,497,161.02845076492906,0.3032193183898926
498,3365.21,1865.1033333333332,7470.666666666666,100,100,1088,4.824539798124427,6.866421568627451,5.541200160980225,-1865.1033333333332,-0.015179649871938369,17.480207162744858,0.44550302624702454,0.015285781122442773,0.08731617647058823,498,161.0579895420295,0.3032193183898926
499,3371.226,1945.693333333334,7493.333333333334,100,100,1090,4.7090358716017064,6.874617737003058,5.40469765663147,-1945.693333333334,-0.0033920627708236375,16.06214114030202,0.5322306238942676,0.017615592437020194,0.12760416666666666,499,161.09393959668418,0.3032193183898926
500,3384.249,1893.8433333333328,7469.000000000001,100,100,1089,4.471078881723644,6.858585858585859,5.161231517791748,-1893.8433333333328,0.010368904150608513,22.125101420200533,0.48783381366067463,0.018550943520191748,0.1254340277777778,500,161.14101616034932,0.3032193183898926
501,3390.423,1904.4333333333336,7400.66666666667,100,100,1092,4.816128755919635,6.77716727716728,5.543248653411865,-1904.4333333333336,0.0241918856691983,25.924736701779896,0.4189761074052917,0.028696431644170337,0.11631944444444445,501,160.8250499299738,0.3032193183898926
502,3396.516,1834.2800000000002,7373.999999999997,100,100,1086,4.81392458434136,6.790055248618782,5.496312618255615,-1834.2800000000002,-0.00955043749555069,22.507426318000345,0.4065135165172465,0.024689982083680874,0.08980668862076367,502,160.8562790116384,0.3032193183898926
503,3402.608,1798.0499999999995,7309.666666666667,100,100,1084,4.817000551495488,6.743234932349324,5.488842010498047,-1798.0499999999995,-0.015380322549711256,17.744440162883084,0.37669578019310446,0.022023253492079675,0.07714460833984263,503,160.88689211109818,0.3032193183898926
504,3408.737,1879.446666666666,7461.666666666664,100,100,1090,4.800168717271486,6.845565749235472,5.511555433273315,-1879.446666666666,-0.0425136209362083,17.019654009077286,0.4106769801841842,0.01675628668292322,0.12413194444444445,504,160.91739527778333,0.3032193183898926
505,3414.848,1912.0600000000004,7454.666666666662,100,100,1089,4.787221859244303,6.845423936333023,5.491866588592529,-1912.0600000000004,-0.02784554013568494,34.64534926580058,0.3183926603653365,0.025683476091621235,0.0915798611111111,505,160.94828536534712,0.3032193183898926
506,3420.994,1863.3333333333328,7388.333333333333,100,100,1089,4.809433058023117,6.784511784511785,5.518659591674805,-1863.3333333333328,-0.00209566598965062,19.546347057679668,0.3743048823024664,0.02246806768946246,0.07725694444444445,506,160.97750058633238,0.3032193183898926
507,3427.119,1958.5766666666677,7474.666666666671,100,100,1090,4.782108259024184,6.857492354740065,5.496952056884766,-1958.5766666666677,-0.015516840387135744,38.42708922094769,0.34167154381672543,0.012495906156901684,0.078125,507,161.00781311585098,0.3032193183898926
508,3433.265,1837.999999999999,7341.666666666662,100,100,1088,4.825156892312568,6.7478553921568585,5.538205862045288,-1837.999999999999,-0.01517620901851093,17.838531550239114,0.39284242864917307,0.01877298629979658,0.07996323529411764,508,161.03651188778926,0.3032193183898926
509,3439.323,1886.1033333333328,7469.666666666665,100,100,1089,4.7405288369575285,6.859198041016222,5.443310499191284,-1886.1033333333328,-0.006355388400455316,21.19578750928243,0.3307338461021345,0.01858100473246951,0.07552083333333333,509,161.06950477976335,0.3032193183898926
510,3452.368,1909.2166666666665,7521.666666666665,100,100,1091,4.420529330199658,6.894286587228841,5.09740686416626,-1909.2166666666665,0.0036638942547142506,22.745279418097603,0.37472828063699937,0.02478608626471315,0.07074652777777778,510,161.11846446147405,0.3032193183898926
511,3458.563,1934.0433333333342,7491.333333333335,100,100,1089,4.846046646972272,6.879093970003062,5.572789669036865,-1934.0433333333342,-0.0423586962537633,26.531749937269424,0.33323702443805003,0.04110897108007015,0.10026041666666667,511,160.80376043327084,0.3032193183898926
512,3464.661,1781.513333333333,7328.999999999997,100,100,1087,4.8082370723134185,6.742410303587854,5.501798868179321,-1781.513333333333,-0.011291957816437763,30.25303128186394,0.34732040938209086,0.022702070213306474,0.0758928573306869,512,160.83451553566752,0.3032193183898926
513,3470.779,1890.7033333333334,7409.666666666668,100,100,1088,4.816424173173694,6.810355392156864,5.5281312465667725,-1890.7033333333334,-0.013637161046704826,16.229341899647434,0.3448094559066436,0.029615510289338145,0.06893382352941177,513,160.86447480302982,0.3032193183898926
514,3476.833,1940.686666666666,7500.666666666665,100,100,1086,4.785746042050668,6.906691221608347,5.473904132843018,-1940.686666666666,-0.013757692485609475,22.06909631280338,0.33039193731897015,0.007826723536709324,0.07455230066004921,514,160.89670801343087,0.3032193183898926
515,3482.959,1791.3900000000003,7413.333333333333,100,100,1090,4.796651100479237,6.801223241590214,5.507772207260132,-1791.3900000000003,-0.027758585677171748,28.17988872528076,0.35213474386061233,0.017837788657440495,0.07335069444444445,515,160.92666921689377,0.3032193183898926
516,3489.029,1952.82,7580.000000000003,100,100,1089,4.7693317709020295,6.960514233241509,5.468380928039551,-1952.82,4.630028787586424e-05,20.575085933837627,0.3651902551452319,0.019231344000824418,0.08984375,516,160.95881693044592,0.3032193183898926
517,3495.119,1818.053333333333,7282.666666666664,100,100,1085,4.801412994441177,6.712135176651303,5.494494438171387,-1818.053333333333,-0.01360010783023694,22.177309120402615,0.38151463778579936,0.021080946467704694,0.0876551949802567,517,160.9887865703397,0.3032193183898926
518,3501.223,1805.3666666666668,7258.666666666668,100,100,1089,4.7939493113707945,6.665442301805939,5.49202823638916,-1805.3666666666668,-0.050712190051045686,22.92635381930611,0.4247087844543987,0.0030645656435000193,0.1271701388888889,518,161.01916913581238,0.3032193183898926
519,3507.245,1882.4966666666667,7468.333333333333,100,100,1091,4.701246836331121,6.845401772074549,5.4022216796875,-1882.4966666666667,-0.031123568303883076,21.7536678314209,0.4552752946813901,0.01736861864790424,0.12340856509076224,519,161.0537494233857,0.3032193183898926
520,3520.148,1849.246666666667,7382.666666666667,100,100,1090,4.391009447916727,6.773088685015291,5.060950517654419,-1849.246666666667,-0.027572369487542246,28.76451481713189,0.41400963068008423,0.009271764400182292,0.10416666666666667,520,161.1032957874877,0.3032193183898926
521,3526.274,1861.1533333333336,7369.999999999998,100,100,1088,4.791159192523885,6.773897058823528,5.494684219360352,-1861.1533333333336,-0.015329618445214103,15.418251766878015,0.42776284848942475,0.007072461748440915,0.08777573529411764,521,160.80230497347398,0.3032193183898926
522,3532.368,1806.7233333333331,7368.000000000001,100,100,1089,4.7924898961846285,6.765840220385676,5.489230155944824,-1806.7233333333331,-0.03177673136815429,30.543586421550977,0.3923889964611994,0.006561026488068617,0.07074652777777778,522,160.83316944786785,0.3032193183898926
523,3538.473,1865.076666666666,7482.666666666666,100,100,1086,4.822741618399674,6.890116635972989,5.52028489112854,-1865.076666666666,-0.015532480498008868,19.03724485285142,0.3969535301713383,0.008988703621606179,0.08475154156194013,523,160.86261719229557,0.3032193183898926
524,3544.6,1891.4733333333334,7445.000000000001,100,100,1090,4.808548437388733,6.830275229357799,5.521870851516724,-1891.4733333333334,0.0226874892703361,19.422341465950012,0.37215174253732486,0.016795542990116194,0.109375,524,160.89211529944444,0.3032193183898926
525,3550.679,1947.3166666666664,7604.666666666665,100,100,1088,4.805458456437062,6.989583333333332,5.503801584243774,-1947.3166666666664,-0.017861722365898246,14.318422233357149,0.3627087307326934,0.013701139524688615,0.09880514705882353,525,160.92303427636486,0.3032193183898926
526,3556.753,1892.689999999999,7390.666666666665,100,100,1088,4.788593842022237,6.792892156862743,5.494826555252075,-1892.689999999999,-0.013324929456062177,19.77767374936272,0.3653654701569501,0.016858807573204532,0.07996323529411764,526,160.9541216672447,0.3032193183898926
527,3562.87,1905.2000000000003,7487.666666666671,100,100,1089,4.800017816322463,6.875726966636061,5.51378870010376,-1905.2000000000003,-0.04495489061810076,13.914060525596142,0.43402578226394123,0.011166234584783928,0.07725694444444445,527,160.98339850441744,0.3032193183898926
528,3568.995,1954.270000000001,7459.333333333337,100,100,1087,4.816429898367292,6.862312174179703,5.522614240646362,-1954.270000000001,-0.012753503588850008,23.725926848018872,0.3754551138947992,0.01151712697601932,0.08788515452076406,528,161.0117539691372,0.3032193183898926
529,3575.027,1825.1800000000003,7296.000000000002,100,100,1090,4.728306698561603,6.693577981651377,5.432534217834473,-1825.1800000000003,-0.0248919575371676,30.733683864275616,0.3957074454261197,0.0202254227673014,0.10590277777777778,529,161.04494778950783,0.3032193183898926
530,3587.911,1824.2,7355.666666666668,100,100,1086,4.435149814057101,6.773173726212401,5.091825485229492,-1824.2,-0.0200728458516738,25.818104603711298,0.42777378594174104,0.020563184311065602,0.1373191410127808,530,161.09292504461266,0.3032193183898926
531,3594.085,1783.0133333333338,7194.000000000001,100,100,1090,4.835960365951471,6.6000000000000005,5.553372859954834,-1783.0133333333338,-0.05712126764572329,25.01261208123631,0.412498540762398,0.008304888317878876,0.14453125,531,160.79643923381465,0.3032193183898926
532,3600.23,1890.1933333333336,7419.666666666672,100,100,1090,4.8013648622746175,6.807033639143736,5.513201713562012,-1890.1933333333336,-0.032998384105869465,15.463846339119804,0.378637812152091,0.018197659959292248,0.11328125,532,160.8247071936203,0.3032193183898926
533,3606.327,1881.3700000000017,7346.0000000000055,100,100,1088,4.801326469425796,6.751838235294123,5.5154266357421875,-1881.3700000000017,-0.01363037756698973,21.587736999287326,0.40137890068923726,0.014795825816690922,0.09650735294117647,533,160.85453900631862,0.3032193183898926
534,3612.395,1902.7199999999993,7554.666666666664,100,100,1087,4.784107819352069,6.950015332720023,5.487647533416748,-1902.7199999999993,-0.015271818429669914,17.78436901990105,0.3881878624944126,0.020488575970589677,0.09935953577651697,534,160.88522974492386,0.3032193183898926
535,3618.489,1887.2933333333335,7378.333333333333,100,100,1088,4.800209372821401,6.781556372549019,5.504525661468506,-1887.2933333333335,-0.014199251035118805,16.787801097421085,0.37064553358975577,0.018139939974336064,0.09880514705882353,535,160.91497408805188,0.3032193183898926
536,3624.629,1813.2499999999989,7288.333333333329,100,100,1089,4.7900371894469576,6.692684419957144,5.502076864242554,-1813.2499999999989,-0.060053284021301404,28.771766253643566,0.4002639034556018,0.002980285615194589,0.10069444444444445,536,160.9428337928508,0.3032193183898926
537,3630.726,1800.4800000000005,7274.333333333336,100,100,1090,4.785635323827625,6.673700305810399,5.494019269943237,-1800.4800000000005,-0.04863105041699277,16.797470649083454,0.4009018181541819,0.010571927207315134,0.1111111111111111,537,160.9727776309408,0.3032193183898926
538,3636.846,1810.9633333333331,7359.666666666668,100,100,1089,4.8038443534218525,6.758187940006123,5.508936166763306,-1810.9633333333331,0.02547835258560048,19.826288111507893,0.449359451731046,0.012616737926792767,0.08723958333333333,538,161.0013363416734,0.3032193183898926
539,3642.847,1781.6800000000005,7415.333333333334,100,100,1086,4.723463260009542,6.828115408225906,5.4085376262664795,-1781.6800000000005,-0.020695582689607844,29.908051322488223,0.44106827062719006,0.005095050140345634,0.08807222457493052,539,161.03419584882135,0.3032193183898926
540,3655.854,1710.2033333333334,7185.666666666663,100,100,1086,4.463593276778432,6.616635972989561,5.122209072113037,-1710.2033333333334,-0.013408898704630487,20.41431780422435,0.4066819206756704,0.007100403308868408,0.07550106723518933,540,161.07841287264935,0.3032193183898926
541,3661.97,1816.8433333333337,7387.000000000003,100,100,1091,4.767553256265478,6.770852428964256,5.478250741958618,-1816.8433333333337,-0.03817537002679375,23.64171602990892,0.3748996870385276,0.025498553754813556,0.08680555555555555,541,160.78778272900465,0.3032193183898926
542,3668.081,1877.8833333333332,7558.666666666663,100,100,1089,4.792851054890439,6.940924395469847,5.500906944274902,-1877.8833333333332,0.005765269200007121,15.086287140846252,0.3695322548349698,0.043821086925971836,0.09809027777777778,542,160.81680834235254,0.3032193183898926
543,3674.234,1837.0033333333338,7366.333333333331,100,100,1090,4.804594221379642,6.758103975535167,5.520442485809326,-1837.0033333333338,0.013799583073705435,19.475596295462715,0.3791510984301567,0.02037134520489619,0.07552083333333333,543,160.84415426144344,0.3032193183898926
544,3680.366,1907.0599999999988,7545.666666666664,100,100,1090,4.804957890135467,6.922629969418958,5.52312970161438,-1907.0599999999988,-0.0243238957805766,20.70017907354567,0.37375331338908935,0.02684635537702383,0.09027777777777778,544,160.87232502783436,0.3032193183898926
545,3686.456,1749.4799999999993,7211.666666666667,100,100,1090,4.78631559462466,6.616207951070336,5.491494178771973,-1749.4799999999993,-0.020444200477666326,32.20526221063402,0.31526570663683945,0.010911440573787937,0.07291666666666667,545,160.90223980368714,0.3032193183898926
546,3692.563,1846.4733333333331,7499.666666666667,100,100,1090,4.789858534633088,6.880428134556575,5.495052099227905,-1846.4733333333331,0.008201642634554042,22.32184102800157,0.34641956795970447,0.03525826705218707,0.0720486111111111,546,160.93130331931377,0.3032193183898926
547,3698.698,1748.9400000000003,7274.666666666665,100,100,1089,4.819060146639293,6.680134680134679,5.5190722942352295,-1748.9400000000003,-0.09772180072549316,29.058033029238384,0.3404708579182625,0.013282313878234062,0.08984375,547,160.9588278370282,0.3032193183898926
548,3704.803,1879.6966666666672,7521.0,100,100,1088,4.809351560277933,6.912683823529412,5.5107362270355225,-1879.6966666666672,-0.010063651565681486,16.90074816872092,0.34210140959304924,0.04304589520153754,0.06571691176470588,548,160.98722442903636,0.3032193183898926
549,3710.881,1820.6733333333323,7319.333333333331,100,100,1091,4.748530062956959,6.708829819737242,5.4597039222717285,-1820.6733333333323,-0.02285968077679475,16.081389294730293,0.3372050704992186,0.04291749592758344,0.07696759286854002,549,161.01754491468174,0.3032193183898926
550,3723.925,1809.5633333333335,7445.666666666665,100,100,1089,4.431561705753843,6.8371594735231085,5.091630935668945,-1809.5633333333335,-0.022057274434094627,20.35506393843227,0.34674389846632303,0.01739669242912593,0.08940972222222222,550,161.06319359092382,0.3032193183898926
551,3730.045,1822.4366666666663,7477.999999999997,100,100,1089,4.789995134117969,6.8668503213957734,5.485624551773071,-1822.4366666666663,-0.022827590246581368,16.298865185843574,0.3522251947886414,0.0198517820940146,0.05859375,551,160.77420979130375,0.3032193183898926
552,3736.137,1903.04,7538.666666666664,100,100,1088,4.784233089059639,6.928921568627449,5.485413551330566,-1903.04,-0.015108184998526293,14.31043498656329,0.3692908821737065,0.032463843112482745,0.06847426470588236,552,160.80329810405829,0.3032193183898926
553,3742.255,1770.01,7289.333333333335,100,100,1090,4.789069635524423,6.687461773700307,5.49196457862854,-1770.01,0.004747197445895936,20.571802900897133,0.34755272542436916,0.00722176639828831,0.08116319444444445,553,160.83166175510843,0.3032193183898926
554,3748.349,1794.4,7350.0,100,100,1089,4.766105691952797,6.74931129476584,5.4573447704315186,-1794.4,-0.0392363089033299,13.148196578025818,0.4070563455081558,0.03625384207892542,0.0646701388888889,554,160.8606858622077,0.3032193183898926
555,3754.459,1882.4766666666662,7495.666666666666,100,100,1090,4.78191568522603,6.876758409785932,5.48400354385376,-1882.4766666666662,-0.015566985795481337,15.154648062255648,0.3773233263283373,0.03447933846877681,0.0546875,555,160.88924563518293,0.3032193183898926
556,3760.53,1840.6600000000003,7312.66666666667,100,100,1087,4.774238268237324,6.727384237963817,5.455236196517944,-1840.6600000000003,-0.009954561315038624,24.394145965576172,0.3833513592972475,0.019389033101855174,0.04920197261826081,556,160.91854438104613,0.3032193183898926
557,3766.624,1914.7333333333333,7513.333333333334,100,100,1088,4.776732535366832,6.905637254901961,5.481341361999512,-1914.7333333333333,-0.015372044899884392,21.087411291459027,0.4179786759264329,0.031686145151444876,0.057904411764705885,557,160.9470856023066,0.3032193183898926
558,3772.665,1841.6133333333337,7345.666666666666,100,100,1088,4.76756240844706,6.7515318627450975,5.453313827514648,-1841.6133333333337,-0.013062909135923666,15.521721783806296,0.40348342324004455,0.030678763109094957,0.07996323529411764,558,160.97770258335999,0.3032193183898926
559,3778.664,1822.8233333333335,7440.000000000002,100,100,1091,4.696172592187459,6.819431714023833,5.39449143409729,-1822.8233333333335,-0.011116415727883577,15.82599589559767,0.4191790430082215,0.009615424218484096,0.06987847222222222,559,161.01087784213072,0.3032193183898926
560,3791.54,1852.0400000000002,7532.666666666667,100,100,1085,4.386714099764755,6.9425499231950845,5.024308919906616,-1852.0400000000002,-0.01675843299530885,19.777230262756348,0.43780722775880027,0.01311365986818119,0.07756750187014833,560,161.05871749196936,0.3032193183898926
561,3797.742,1908.3566666666663,7477.666666666664,100,100,1089,4.835183102991586,6.866544230180591,5.558833599090576,-1908.3566666666663,-0.04119392355076141,20.40726202726364,0.4583440563744969,0.03176006568052495,0.0998263888888889,561,160.7744742686466,0.3032193183898926
562,3803.877,1895.84,7423.666666666666,100,100,1089,4.797157758904178,6.8169574533210895,5.502896785736084,-1895.84,0.018589289367405906,16.80029099041389,0.374936087263955,0.012825285876816552,0.0685763888888889,562,160.80146252882975,0.3032193183898926
563,3810.013,1877.9866666666674,7483.6666666666715,100,100,1090,4.798445687522479,6.86574923547401,5.510723352432251,-1877.9866666666674,-0.02319778615815772,15.751436915662554,0.3734169238143497,0.011193190213008266,0.08289930555555555,563,160.82859432765423,0.3032193183898926
564,3816.114,1806.3766666666675,7252.333333333336,100,100,1090,4.773771742768927,6.653516819571868,5.475988864898682,-1806.3766666666675,0.000741354034592708,15.036994364526537,0.3943329287899865,0.01229283461968104,0.0998263888888889,564,160.85712887592138,0.3032193183898926
565,3822.236,1987.0933333333335,7661.666666666668,100,100,1089,4.793290450892782,7.035506580961128,5.50545597076416,-1987.0933333333335,0.021084853396233585,28.95133892695109,0.4000104293227196,0.024229751783423126,0.07769097222222222,565,160.88435153921375,0.3032193183898926
566,3828.329,1933.34,7471.666666666667,100,100,1089,4.77450248014346,6.861034588307316,5.4731481075286865,-1933.34,-0.030256132905681927,20.247391992145115,0.3773961638410886,0.02841960414985402,0.1267361111111111,566,160.91275968868536,0.3032193183898926
567,3834.456,1891.6099999999992,7442.999999999998,100,100,1088,4.82199917164775,6.840992647058822,5.530500411987305,-1891.6099999999992,-0.018878766664249057,26.18001360051772,0.4362337413956137,0.01400072977412492,0.08363970588235294,567,160.939373367221,0.3032193183898926
568,3840.582,1754.7300000000002,7290.333333333339,100,100,1089,4.816169051869958,6.694520967248246,5.514228343963623,-1754.7300000000002,-0.0407089406831397,27.079219725396896,0.3959745897187127,0.016440120396307774,0.08203125,568,160.96624898010998,0.3032193183898926
569,3846.613,1841.8166666666655,7421.666666666667,100,100,1091,4.712072228069573,6.802627558814543,5.415387868881226,-1841.8166666666655,-0.04484907310042116,18.687821017371284,0.40640059682644075,0.01178630919861866,0.07161458333333333,569,160.9975323736335,0.3032193183898926
570,3859.493,1914.45,7439.000000000003,100,100,1089,4.404159229209423,6.8310376492194695,5.066529750823975,-1914.45,0.08398912929826313,25.708821694056194,0.40672533131308025,0.009076990268012095,0.07899305555555555,570,161.041829445896,0.3032193183898926
571,3865.606,1920.5100000000002,7455.666666666666,100,100,1089,4.791005970281613,6.846342209978573,5.488738775253296,-1920.5100000000002,0.03859401928881804,19.121816025839912,0.38932448625564575,0.05891547634059356,0.10980902777777778,571,160.7698875425621,0.3032193183898926
572,3871.737,1871.3966666666663,7551.333333333333,100,100,1089,4.809827547857352,6.934190388735843,5.520264148712158,-1871.3966666666663,-0.005704931656105651,13.220180302858353,0.3774910627139939,0.02019433158016505,0.08984375,572,160.79655646885513,0.3032193183898926
573,3877.859,1894.1733333333334,7605.666666666666,100,100,1089,4.798917170174427,6.984083256810529,5.504973411560059,-1894.1733333333334,-0.03133412900691231,18.27198225259781,0.33166299868389615,0.014131205368256714,0.0798611111111111,573,160.82353613538703,0.3032193183898926
574,3883.976,1887.7566666666671,7461.666666666668,100,100,1088,4.811622516653562,6.858149509803923,5.515423536300659,-1887.7566666666671,-0.01703599007690654,24.627643585205078,0.34899880693239327,0.00860950951669913,0.08318014705882353,574,160.85037492727278,0.3032193183898926
575,3890.083,1849.456666666667,7324.666666666665,100,100,1088,4.7915306048012365,6.732230392156861,5.492130517959595,-1849.456666666667,-0.018991099725313047,24.685825796688306,0.33492670252042656,0.021867533221238238,0.09053308823529412,575,160.877559425013,0.3032193183898926
576,3896.167,1879.1633333333336,7506.666666666667,100,100,1084,4.801644465965099,6.924969249692497,5.47810173034668,-1879.1633333333336,-0.014216534738593242,18.370760553023395,0.30620546332176996,0.010795547739903936,0.07757352955420227,576,160.9045581483173,0.3032193183898926
577,3902.285,1873.4066666666668,7393.666666666665,100,100,1090,4.803125414604304,6.783180428134555,5.514378786087036,-1873.4066666666668,-0.015475418677346574,26.35213409529792,0.31856619193988284,0.015804023611255817,0.08854166666666667,577,160.93163881115433,0.3032193183898926
578,3908.325,1893.0566666666678,7605.000000000003,100,100,1085,4.780533362055532,7.0092165898617536,5.459198474884033,-1893.0566666666678,-0.014308129711186184,26.183884312124814,0.36347680845681357,0.010651000451830709,0.07837361338384011,578,160.96049512677502,0.3032193183898926
579,3914.4,1885.99,7514.666666666665,100,100,1089,4.760867859389978,6.900520355065808,5.471116542816162,-1885.99,-0.015263193390435643,19.280403289530014,0.3760339667399724,0.01127270063928639,0.07291666666666667,579,160.9889301137508,0.3032193183898926
580,3927.286,1990.563333333333,7557.333333333332,100,100,1088,4.417121691992232,6.946078431372548,5.083606243133545,-1990.563333333333,-0.016875652541570803,58.358636407291186,0.36865198524559245,0.012508287214372745,0.07261029411764706,580,161.03333510881762,0.3032193183898926
581,3933.387,1856.0899999999997,7463.666666666665,100,100,1088,4.822624999553013,6.859987745098038,5.5180182456970215,-1856.0899999999997,-0.013974836315302289,19.311950767741482,0.40830838592613444,0.02294462686404586,0.0666360294117647,581,160.76499148037456,0.3032193183898926
582,3939.488,1809.9133333333332,7407.999999999999,100,100,1087,4.814535050512409,6.815087396504139,5.516943693161011,-1809.9133333333332,-0.014209473231697784,26.644871880026425,0.38360563709455375,0.027568697319913876,0.09522350636475227,582,160.79201053185528,0.3032193183898926
583,3945.553,1878.9733333333331,7447.000000000001,100,100,1084,4.79790931580437,6.869926199261993,5.473334550857544,-1878.9733333333331,-0.017008926527684227,21.777690410614014,0.42701751256690307,0.01463685992091675,0.08011642229907653,583,160.81951615692444,0.3032193183898926
584,3951.674,1895.4099999999992,7433.666666666667,100,100,1089,4.805161250277129,6.826140189776554,5.502662420272827,-1895.4099999999992,-0.03198996667439739,16.48018608607203,0.3779218651082677,0.00820579311968888,0.08463541666666667,584,160.84600830642663,0.3032193183898926
585,3957.765,1893.5233333333329,7423.999999999999,100,100,1084,4.825292158368425,6.84870848708487,5.513344049453735,-1893.5233333333329,-0.019896032398237902,16.248028362498562,0.4004756159642163,0.014438728473204024,0.07346813753247261,585,160.87235337225735,0.3032193183898926
586,3963.888,1872.7966666666655,7438.999999999995,100,100,1090,4.801690093040842,6.82477064220183,5.508306980133057,-1872.7966666666655,-0.03687381076936921,15.670750591490004,0.41688939018381965,0.012217673983994044,0.08463541666666667,586,160.89885746725287,0.3032193183898926
587,3970.009,1968.4466666666676,7610.333333333337,100,100,1091,4.764878462618482,6.975557592422857,5.4909186363220215,-1968.4466666666676,0.006621510670002963,44.71801834636264,0.39867379971676403,0.0025786189960652134,0.07523148175742891,587,160.92557874837763,0.3032193183898926
588,3976.109,1917.9733333333331,7493.999999999999,100,100,1090,4.763936238478733,6.8752293577981645,5.474993944168091,-1917.9733333333331,-0.004087252542376518,18.220717032750446,0.41276924932996434,0.014431681755619744,0.08072916666666667,588,160.95284185142128,0.3032193183898926
589,3982.216,1943.669999999998,7435.666666666662,100,100,1091,4.757291198909576,6.815459822792541,5.489804744720459,-1943.669999999998,-0.0194817657272021,29.083052767647636,0.41003557708528304,0.01657375385467377,0.07306134286854002,589,160.97998422032728,0.3032193183898926
590,3995.143,1806.003333333334,7244.666666666668,100,100,1090,4.3967241307062634,6.6464831804281355,5.062921762466431,-1806.003333333334,0.007725581630236573,27.987109926011826,0.38946551208694774,0.022012059667354658,0.05555555555555555,590,161.02407814093755,0.3032193183898926
591,4001.289,1933.199999999999,7644.999999999995,100,100,1091,4.798031897146655,7.00733272227314,5.517845153808594,-1933.199999999999,-0.07005987039560245,19.892873128255207,0.31403922020561165,0.033456958008981824,0.10734953731298447,591,160.75772089891075,0.3032193183898926
592,4007.325,1873.9433333333325,7455.999999999999,100,100,1088,4.751083455951576,6.852941176470587,5.446668386459351,-1873.9433333333325,-0.017270551720524534,14.75305316027473,0.33392467919517965,0.011402554534416756,0.07582720588235294,592,160.7870841140761,0.3032193183898926
593,4013.423,1832.0733333333344,7438.000000000003,100,100,1089,4.779330210497687,6.830119375573924,5.484897136688232,-1832.0733333333344,-0.07448744039154714,19.25040038261149,0.29885923624452615,0.010429273931852853,0.07074652777777778,593,160.81408179821594,0.3032193183898926
594,4019.478,1964.0799999999995,7614.999999999998,100,100,1090,4.735033762632707,6.98623853211009,5.4397971630096436,-1964.0799999999995,-0.01730613224208355,24.78699102004369,0.2816476706001494,0.005982475668942142,0.078125,594,160.84303945212915,0.3032193183898926
595,4025.53,1904.2600000000002,7505.999999999995,100,100,1088,4.763751839645385,6.898897058823525,5.466749906539917,-1904.2600000000002,-0.010785811635501245,20.004122425528134,0.312856009339585,0.006516880242784014,0.06433823529411764,595,160.8714711807901,0.3032193183898926
596,4031.577,1814.906666666666,7428.666666666665,100,100,1086,4.760857645664913,6.84039287906691,5.446152687072754,-1814.906666666666,-0.015174443669178906,16.674368409549487,0.31374308116295757,0.012858631402623895,0.06355253782342463,596,160.89955522520964,0.3032193183898926
597,4037.712,1894.8666666666672,7515.666666666666,100,100,1089,4.788543711073484,6.901438628711356,5.496867656707764,-1894.8666666666672,0.03534272672711975,15.658002956045998,0.32094666361808777,0.011320137114024773,0.0681423611111111,597,160.92479002452563,0.3032193183898926
598,4043.783,1862.4133333333334,7327.999999999998,100,100,1085,4.795289400123781,6.753917050691243,5.481414556503296,-1862.4133333333334,-0.014977635213119142,17.785200119018555,0.32600701468832355,0.006504439646104241,0.06369033236713971,598,160.95153319447172,0.3032193183898926
599,4049.82,1858.3233333333326,7466.999999999998,100,100,1087,4.75153983390711,6.8693652253909825,5.444901943206787,-1858.3233333333326,-0.014269710080150296,16.43887789109174,0.32095557977171507,0.012641100974767195,0.06853991637335104,599,160.98002128927288,0.3032193183898926
600,4062.743,1958.439999999999,7570.999999999996,100,100,1090,4.436115504545801,6.945871559633024,5.1133034229278564,-1958.439999999999,0.03147052109448446,21.23687255134185,0.27764274966385627,0.01168025085280533,0.07552083333333333,600,161.0209403988386,0.3032193183898926
601,4068.805,1872.12,7412.666666666663,100,100,1088,4.775194024820367,6.813112745098036,5.461827278137207,-1872.12,-0.012555534622686751,13.278246907626881,0.3208695194300483,0.011855156989494228,0.06525735294117647,601,160.7641654764847,0.3032193183898926
602,4074.857,1889.9500000000005,7495.666666666668,100,100,1086,4.778058930925345,6.9020871700429725,5.461015462875366,-1889.9500000000005,-0.013337260824354255,18.82447021147784,0.27543870973236423,0.012401659390889108,0.0691117170978995,602,160.79188918917197,0.3032193183898926
603,4080.972,1873.313333333334,7363.000000000003,100,100,1089,4.7927545448782265,6.761248852157945,5.49397087097168,-1873.313333333334,-0.013469076146268182,14.724846666491228,0.27407628587550587,0.027611237620779622,0.09505208333333333,603,160.81779646737795,0.3032193183898926
604,4087.066,1968.0966666666664,7610.333333333333,100,100,1090,4.775014128471904,6.981957186544342,5.480495452880859,-1968.0966666666664,0.03680095811271005,22.724656032191383,0.24567224467237894,0.01409784142096113,0.08680555555555555,604,160.84476840552057,0.3032193183898926
605,4093.152,1864.4933333333333,7456.666666666666,100,100,1087,4.78961757093363,6.859858938975774,5.48374342918396,-1864.4933333333333,-0.01229180466821965,14.23028735553517,0.2328350824468276,0.008640726851915722,0.06994777107063462,605,160.87115308942006,0.3032193183898926
606,4099.239,1909.3866666666672,7606.333333333334,100,100,1087,4.791245536930969,6.997546764796075,5.487017869949341,-1909.3866666666672,-0.01399854288491256,16.281418800354004,0.2436634337200838,0.013944290184607619,0.06119426953441957,606,160.8974271442792,0.3032193183898926
607,4105.353,1908.8866666666668,7454.666666666668,100,100,1090,4.79276990870424,6.8391437308868515,5.500773906707764,-1908.8866666666668,-0.08134328103106883,19.814501682917278,0.24812073519246447,0.005838851644916253,0.0763888888888889,607,160.9232936852449,0.3032193183898926
608,4111.466,1913.196666666667,7422.666666666666,100,100,1088,4.809911949825405,6.8223039215686265,5.511784553527832,-1913.196666666667,-0.011223515605225283,19.787566858179428,0.2827157404492883,0.014884198803509422,0.0546875,608,160.94866969097288,0.3032193183898926
609,4117.526,1911.2499999999993,7477.666666666669,100,100,1091,4.734950962068392,6.8539566147265525,5.441387176513672,-1911.2499999999993,-0.007101253295938174,16.938763345281284,0.26933514575163525,0.025405785143246047,0.08289930555555555,609,160.97675688775894,0.3032193183898926
610,4130.501,1793.3366666666677,7260.000000000002,100,100,1091,4.419841156016751,6.654445462878095,5.08915638923645,-1793.3366666666677,-0.023254885027805965,23.062445216708714,0.26133356734903324,0.022803470592609502,0.07913773175742891,610,161.0185998174207,0.3032193183898926
611,4136.583,1908.946666666667,7302.666666666667,100,100,1087,4.771410027071628,6.718184605949095,5.460628271102905,-1908.946666666667,-0.009980322519207703,25.369818519143497,0.233305886387825,0.026479379376670456,0.07361694710219607,611,160.7616633612184,0.3032193183898926
612,4142.641,1880.563333333333,7350.666666666666,100,100,1087,4.783720606355392,6.762342839619748,5.464456081390381,-1880.563333333333,-0.013450685505043058,17.579891260932474,0.2522267909610973,0.0123037467505235,0.06256565166746869,612,160.7889820152055,0.3032193183898926
613,4148.768,1770.7133333333334,7359.333333333334,100,100,1090,4.818614493679563,6.751681957186545,5.523534774780273,-1770.7133333333334,-0.04348581835317115,25.50924225648244,0.227212175060332,0.009497250937986083,0.06336805555555555,613,160.814237554909,0.3032193183898926
614,4154.802,1842.9600000000005,7372.0,100,100,1087,4.772358511428057,6.78196872125115,5.452958106994629,-1842.9600000000005,-0.010803709080552353,16.189765341141644,0.2778824804460301,0.017439159105860573,0.07549895017462618,614,160.8423031282438,0.3032193183898926
615,4160.883,1887.9300000000003,7393.000000000005,100,100,1089,4.7742635469423576,6.788797061524338,5.476061582565308,-1887.9300000000003,0.010915907720724741,19.64123723242018,0.2263492343740331,0.02019717664289702,0.07118055555555555,615,160.86900681723463,0.3032193183898926
616,4166.951,1894.246666666666,7544.999999999995,100,100,1087,4.785501473328817,6.941122355105792,5.47125768661499,-1894.246666666666,-0.010920696207048261,18.56161611220416,0.22667715873788385,0.015353366900372374,0.06397350636475227,616,160.89557257868532,0.3032193183898926
617,4173.019,1785.9333333333332,7276.666666666668,100,100,1083,4.787310345518891,6.718990458602648,5.456827640533447,-1785.9333333333332,-0.009212589326232453,20.343777880949133,0.20825716108083725,0.009714373099782011,0.06468874610522214,617,160.92114201935647,0.3032193183898926
618,4179.079,1823.1499999999992,7178.666666666664,100,100,1087,4.782426493583382,6.6041091689665725,5.4735918045043945,-1823.1499999999992,-0.007055147003163309,18.98699721168069,0.19819261221324697,0.01264396108864971,0.059815593282966054,618,160.94792168909385,0.3032193183898926
619,4185.104,1916.4233333333334,7555.666666666667,100,100,1088,4.734290626990568,6.944546568627452,5.417611360549927,-1916.4233333333334,-0.009352005086839199,18.493573104634006,0.21670609055196538,0.006251489462823991,0.07169117647058823,619,160.9761484183326,0.3032193183898926
620,4198.093,1775.7733333333322,7281.999999999997,100,100,1088,4.451011122428634,6.693014705882351,5.118543386459351,-1775.7733333333322,-0.013456115334787789,29.474406775306253,0.24910330071168788,0.00815163248369251,0.07720588235294118,620,161.01580378272325,0.3032193183898926
621,4204.224,1838.4833333333333,7389.000000000002,100,100,1090,4.799831285859125,6.778899082568809,5.50048303604126,-1838.4833333333333,-0.01642428131567107,20.925642361243565,0.280401389218039,0.014463193210152289,0.06944444444444445,621,160.76212209088214,0.3032650947570801
622,4210.3,1912.0866666666668,7470.333333333331,100,100,1085,4.790443965568624,6.885099846390167,5.480142831802368,-1912.0866666666668,-0.014013683022794259,23.446842333849737,0.23457662016153336,0.022472940994810092,0.07839621461051352,622,160.78781406870172,0.3032650947570801
623,4216.361,1838.7200000000003,7364.000000000005,100,100,1088,4.775919946683537,6.768382352941181,5.467686891555786,-1838.7200000000003,-0.01220656547914533,19.790039875928095,0.2526274555746247,0.010535326969522215,0.07215073529411764,623,160.8147301238048,0.3032650947570801
624,4222.409,1892.623333333334,7439.333333333333,100,100,1086,4.774597605401358,6.850214855739718,5.454156160354614,-1892.623333333334,-0.015784957227023208,15.266236108892103,0.24517619741313598,0.01245000323636786,0.07742824931355084,624,160.84160445071075,0.3032650947570801
625,4228.475,1828.5233333333338,7227.666666666668,100,100,1089,4.7663068877750305,6.636975818794002,5.459760427474976,-1828.5233333333338,-0.065123886283901,17.965875734885532,0.2621533872766627,-0.005466823485524704,0.09375,625,160.86840057052427,0.3032650947570801
626,4234.596,1897.3999999999987,7467.666666666665,100,100,1089,4.786854727438303,6.857361493725128,5.491791486740112,-1897.3999999999987,-0.012192218926631741,17.800199499586597,0.29947298189719934,0.005568359797406528,0.09809027777777778,626,160.8930191799576,0.3032650947570801
627,4240.654,1861.8533333333335,7422.333333333332,100,100,1087,4.774180956128316,6.828273535725237,5.462401390075684,-1861.8533333333335,-0.014270364964271294,15.115099934970631,0.31493719141272936,0.015965762914514497,0.0717860062551849,627,160.9195289033828,0.3032650947570801
628,4246.736,1928.6466666666663,7473.666666666663,100,100,1088,4.786229043234283,6.869178921568625,5.489629507064819,-1928.6466666666663,-0.014968794496620403,19.65127995434929,0.2816055675639826,0.018646951814469716,0.06709558823529412,628,160.94525261325256,0.3032650947570801
629,4252.773,1876.2733333333326,7401.333333333336,100,100,1089,4.7304354442575995,6.796449341903889,5.4242024421691895,-1876.2733333333326,-0.0557482862431142,14.604445980654823,0.2842933416781711,0.0010652085442820357,0.07118055555555555,629,160.97285584784524,0.3032650947570801
630,4265.584,1932.1699999999992,7552.999999999999,100,100,1086,4.402599266162537,6.954880294659299,5.061432838439941,-1932.1699999999992,-0.012931137071812855,33.820463965920844,0.2628092077725074,0.01022260808659827,0.06678427405217115,630,161.0139542203124,0.3032650947570801
631,4271.751,1780.696666666667,7223.333333333333,100,100,1091,4.820534372450417,6.620837152459517,5.541784286499023,-1780.696666666667,-0.022259351952622335,19.664386404885185,0.30321751395240426,0.00912212194654987,0.06597222222222222,631,160.767341987752,0.3032650947570801
632,4277.879,1809.3633333333328,7230.333333333336,100,100,1090,4.794771561010339,6.6333333333333355,5.495727062225342,-1809.3633333333328,-0.042075903361870184,13.206280069218742,0.31787824340992504,0.011787706184097461,0.06684027777777778,632,160.7918187595129,0.3032650947570801
633,4284.023,1968.4766666666665,7628.666666666663,100,100,1090,4.7921263321234475,6.998776758409783,5.511556386947632,-1968.4766666666665,-0.045767023952470884,25.647098594241672,0.29638639547758633,0.01082798157262409,0.08854166666666667,633,160.81565182797598,0.3032650947570801
634,4290.123,1891.7966666666669,7490.999999999996,100,100,1090,4.749275045789813,6.87247706422018,5.45620059967041,-1891.7966666666669,-0.027444539074268606,19.056198587020237,0.2770790691461621,0.02779409208839449,0.0993923611111111,634,160.8410648145629,0.3032650947570801
635,4296.216,1917.5866666666664,7521.666666666663,100,100,1086,4.783282963011043,6.926028238182932,5.473459243774414,-1917.5866666666664,-0.019185846397543654,28.14494722029742,0.2793127955759273,0.012078029829460908,0.09539551682331983,635,160.8657346804159,0.3032650947570801
636,4302.359,1885.4099999999996,7407.999999999999,100,100,1091,4.798223921819142,6.790100824931255,5.513847589492798,-1885.4099999999996,-0.029028397363921005,16.740588347117107,0.2853534593305085,0.0022697333894383417,0.08695023175742891,636,160.88964821686753,0.3032650947570801
637,4308.429,1871.77,7380.333333333334,100,100,1089,4.7668137718453885,6.777165595347414,5.4603776931762695,-1871.77,-0.04061844965649976,18.76498086688419,0.25918471606241333,0.004088344425124685,0.1111111111111111,637,160.91571701403794,0.3032650947570801
638,4314.568,1832.9866666666671,7334.000000000001,100,100,1092,4.80260631779973,6.716117216117217,5.52330756187439,-1832.9866666666671,-0.00827746864201294,19.35641333791945,0.2546286620329031,0.014971792117446765,0.07118055555555555,638,160.93987171813885,0.3032650947570801
639,4320.616,1876.4933333333322,7455.333333333332,100,100,1089,4.718351329029414,6.84603611876339,5.4121057987213135,-1876.4933333333322,-0.018527086979399126,18.47947716547383,0.2704015271324541,0.005416327768923818,0.07118055555555555,639,160.96664873552498,0.3032650947570801
640,4333.621,1750.0633333333337,7229.666666666669,100,100,1090,4.443926789579964,6.6327217125382285,5.129883289337158,-1750.0633333333337,-0.04759924217230744,20.43122325340907,0.27611077866620487,0.012939447284831354,0.09635416666666667,640,161.00453170405348,0.3032650947570801
641,4339.718,1850.973333333333,7444.000000000001,100,100,1087,4.803237169505489,6.84820607175713,5.519432544708252,-1850.973333333333,-0.012191567241269,19.279510778539322,0.2826342670356526,0.017564201172824728,0.07959121180807843,641,160.75974958049443,0.3032650947570801
642,4345.855,1936.2,7536.999999999997,100,100,1090,4.799010920222985,6.914678899082566,5.520200490951538,-1936.2,-0.004437069305115276,18.070571104685467,0.2755861236817307,0.01724855397737378,0.06553819444444445,642,160.7835687314709,0.3032650947570801
643,4352.008,1800.4733333333334,7365.333333333331,100,100,1091,4.7922326308631575,6.750992972807819,5.516735315322876,-1800.4733333333334,-0.0326754589461618,21.675104035271538,0.2772013760275311,0.0182683943098204,0.08695023175742891,643,160.8069119706195,0.3032650947570801
644,4358.088,1860.5499999999997,7423.0,100,100,1087,4.784252895761997,6.8288868445262185,5.48388147354126,-1860.5499999999997,-0.01275425634401686,17.93992987801047,0.25334935372366624,0.021748029582394177,0.0694882122471052,644,160.83200422696353,0.3032650947570801
645,4364.162,1762.1599999999994,7340.666666666664,100,100,1086,4.774423572320567,6.759361571516266,5.4558491706848145,-1762.1599999999994,-0.017558190095074037,26.519870477564194,0.2998179767061682,0.016199186817496356,0.07650913166649201,645,160.8569897187654,0.3032650947570801
646,4370.25,1864.023333333333,7461.666666666665,100,100,1087,4.782677000613837,6.864458754983133,5.477000713348389,-1864.023333333333,-0.0116464998025228,19.515509829801672,0.27277062132078056,0.010454010482028346,0.08417950548669871,646,160.88165226521002,0.3032650947570801
647,4376.373,1891.453333333333,7532.666666666669,100,100,1091,4.791453712910933,6.904369080354416,5.5076398849487305,-1891.453333333333,-0.05701826047152281,16.02032603157891,0.3140273524655236,-0.013487890846186524,0.0695891206463178,647,160.90585742202364,0.3032650947570801
648,4382.499,1802.996666666666,7365.333333333337,100,100,1091,4.789576169054726,6.750992972807825,5.510187387466431,-1802.996666666666,0.0032366227565540206,16.820480850007797,0.26049302456279594,0.023548716643644083,0.07769097222222222,648,160.92988138215586,0.3032650947570801
649,4388.581,1870.4433333333332,7379.333333333331,100,100,1090,4.747378163428447,6.770030581039753,5.45158052444458,-1870.4433333333332,-0.00015831754232446352,17.73920072449578,0.24119380199246937,0.04280523864306613,0.08723958333333333,649,160.9552209226376,0.3032650947570801
650,4401.585,1832.5033333333329,7392.666666666667,100,100,1088,4.409180974214585,6.794730392156863,5.0743019580841064,-1832.5033333333329,-0.015103487023974167,16.700356567607205,0.25272710709010854,0.019549496434218085,0.06433823529411764,650,160.9946673448149,0.3032650947570801
651,4407.737,1884.0333333333342,7349.000000000002,100,100,1091,4.800130982774862,6.736021998166821,5.517883777618408,-1884.0333333333342,-0.015997560746553872,17.338924805323284,0.26642246006263626,0.021871386939892545,0.07364004684819116,651,160.75005797973805,0.3032650947570801
652,4413.829,1856.6066666666663,7414.999999999997,100,100,1087,4.796394389019911,6.8215271389144405,5.49488377571106,-1856.6066666666663,-0.013854603611809365,16.243186670191147,0.24913207441568375,0.01726864043945063,0.07636700537713136,652,160.77446742619844,0.3032650947570801
653,4419.897,1915.2300000000005,7603.666666666669,100,100,1088,4.7696387862422,6.988664215686277,5.459043979644775,-1915.2300000000005,-0.01254296428797876,14.851221084594727,0.21780454060610602,0.016714605752734795,0.059283088235294115,653,160.79991546717918,0.3032650947570801
654,4426.037,1740.1066666666668,7359.0,100,100,1090,4.807940550968734,6.751376146788991,5.507878303527832,-1740.1066666666668,-0.029758919754789934,29.84411401218838,0.21163979555583662,0.010836076786896834,0.0546875,654,160.82311231497883,0.3032650947570801
655,4432.141,1901.9666666666665,7494.333333333331,100,100,1088,4.800888051998781,6.888174019607841,5.498133659362793,-1901.9666666666665,-0.010526565889663556,18.42962071474861,0.21852467252927668,0.01672077878816601,0.06755514705882353,655,160.84708138995097,0.3032650947570801
656,4438.264,1809.9199999999996,7370.999999999999,100,100,1089,4.7962368224149685,6.768595041322313,5.491769790649414,-1809.9199999999996,-0.04480181437813573,22.918516568218667,0.16588851845072997,0.01625799529008671,0.05381944444444445,656,160.8705703818652,0.3032650947570801
657,4444.363,1840.66,7359.666666666666,100,100,1089,4.791542607392941,6.758187940006121,5.493473768234253,-1840.66,0.03781637570096387,15.492122576468521,0.20611428138282564,0.004834738450073119,0.0881076388888889,657,160.89482668054407,0.3032650947570801
658,4450.471,1773.0466666666675,7322.333333333334,100,100,1089,4.778942149162423,6.723905723905724,5.4820849895477295,-1773.0466666666675,-0.03972772115634547,18.43574485845036,0.19632663401878542,0.015806339323818166,0.05946180555555555,658,160.9186962179845,0.3032650947570801
659,4456.485,1799.3533333333335,7318.666666666667,100,100,1089,4.701553167658965,6.720538720538721,5.385833263397217,-1799.3533333333335,-0.04200364069806205,18.950868076748318,0.1747671558211247,0.013721625960897654,0.04600694444444445,659,160.94589548720194,0.3032650947570801
660,4469.329,1826.6866666666663,7536.999999999998,100,100,1086,4.415885819093038,6.940147329650091,5.069760084152222,-1826.6866666666663,-0.012058357105535619,13.665266836390776,0.1848317735335406,0.008462652533232947,0.06217386135283638,660,160.98461681779503,0.3032650947570801
661,4475.392,1877.4766666666658,7425.999999999997,100,100,1087,4.763413247204254,6.831646734130632,5.450936555862427,-1877.4766666666658,-0.010174844797481509,24.985043806188248,0.20248552674756332,0.019705711336642066,0.059801003950483655,661,160.75150510386274,0.3032650947570801
662,4481.485,1863.9433333333336,7495.000000000001,100,100,1090,4.761403669718517,6.876146788990827,5.457866907119751,-1863.9433333333336,-0.02767445943835709,15.951695398324066,0.17725198625379968,0.012879759930203565,0.07118055555555555,662,160.77619261887975,0.3032650947570801
663,4487.545,1676.3600000000004,7197.000000000002,100,100,1086,4.788550182072442,6.627071823204422,5.455815315246582,-1676.3600000000004,-0.012385809246231528,29.052722369923313,0.18811533534351518,0.0031311494394150726,0.06625059290843852,663,160.80107683473304,0.3032650947570801
664,4493.618,1885.5166666666657,7336.999999999997,100,100,1089,4.757380990877651,6.737373737373735,5.455650091171265,-1885.5166666666657,0.022347175464448,30.998858080969917,0.2412018465499083,0.03051589748227141,0.09114583333333333,664,160.82608957855325,0.3032650947570801
665,4499.707,1858.1599999999996,7387.333333333329,100,100,1090,4.768634219910232,6.777370030581036,5.467841625213623,-1858.1599999999996,-0.026484643523063924,19.726181944211323,0.20236445740900105,0.02036387140267632,0.06163194444444445,665,160.85070722718322,0.3032650947570801
666,4505.79,1893.313333333333,7403.999999999996,100,100,1090,4.774876423991807,6.792660550458712,5.476227760314941,-1893.313333333333,-0.0369370145102342,23.177293300628662,0.20485053583979607,0.014781613066184541,0.062065972222222224,666,160.8754400774308,0.3032650947570801
667,4511.826,1787.446666666667,7349.333333333334,100,100,1083,4.780852907687247,6.786088027085258,5.43827748298645,-1787.446666666667,-0.012258524294285214,26.571006045621985,0.19843938552281437,0.007462875684723258,0.06369173718506799,667,160.90027377698866,0.3032650947570801
668,4517.933,1910.559999999999,7438.333333333328,100,100,1092,4.770260619983801,6.811660561660556,5.486567258834839,-1910.559999999999,0.016191883116132684,31.911593516667683,0.19774357001814577,0.02398375676582671,0.07508680555555555,668,160.9244805031064,0.3032650947570801
669,4523.94,1874.1966666666665,7524.666666666668,100,100,1089,4.709157208237315,6.9097030915212745,5.399610280990601,-1874.1966666666665,-0.09081623713589376,18.430806583828396,0.17186254087007707,0.02362849140707921,0.06640625,669,160.9515291906643,0.3032650947570801
670,4536.85,1833.9666666666672,7397.666666666666,100,100,1087,4.4409081855190795,6.805581110088929,5.105559825897217,-1833.9666666666672,-0.009899222346789697,17.75473378686344,0.18157785166712367,0.016644542814152802,0.06212797640439342,670,160.9887329705032,0.3032650947570801
671,4542.963,1873.1133333333328,7488.333333333333,100,100,1088,4.7954041355671295,6.88265931372549,5.49096155166626,-1873.1133333333328,-0.01220827505869024,19.172352650586298,0.219164260170039,0.008489243210265961,0.06341911764705882,671,160.75633259856508,0.3032650947570801
672,4549.08,1915.973333333333,7504.999999999999,100,100,1090,4.7818272474965235,6.88532110091743,5.493093013763428,-1915.973333333333,0.01839057630341914,29.310622374216717,0.2238912619650364,0.028814814089047205,0.07508680555555555,672,160.77981460380263,0.3032650947570801
673,4555.162,1825.64,7380.333333333336,100,100,1088,4.777106341541238,6.78339460784314,5.468102216720581,-1825.64,-0.012390669188736117,18.89967357411104,0.2614663782365182,0.015743459136608767,0.05698529411764706,673,160.80394511815697,0.3032650947570801
674,4561.222,1770.6433333333332,7365.3333333333385,100,100,1087,4.771198252286237,6.775835633241342,5.452924489974976,-1770.6433333333332,-0.013023527886937647,20.407173353082992,0.2682751811602536,0.00919943000874756,0.06260212445083786,674,160.82861981688484,0.3032650947570801
675,4567.31,1774.1166666666668,7350.666666666665,100,100,1091,4.78192025605217,6.73754964864039,5.48176383972168,-1774.1166666666668,0.029731737398025062,20.921487357881333,0.3343216600931353,0.02906017398021908,0.09837963018152449,675,160.85310519884015,0.3032650947570801
676,4573.467,1865.5366666666662,7487.333333333333,100,100,1089,4.820301562750368,6.875420875420875,5.528223037719727,-1865.5366666666662,-0.018473894335329533,12.547940994302431,0.32739827161033946,0.017868172978827108,0.062065972222222224,676,160.87466263217303,0.3032650947570801
677,4579.513,1769.6499999999994,7265.666666666662,100,100,1088,4.752407905685044,6.678002450980388,5.4355902671813965,-1769.6499999999994,-0.017909997334594235,25.730777011198157,0.29548294184839025,0.003837078809738159,0.07582720588235294,677,160.89984329790664,0.3032650947570801
678,4585.654,1846.9066666666672,7318.000000000003,100,100,1089,4.795311110866443,6.719926538108359,5.4978320598602295,-1846.9066666666672,-0.05616913435773717,19.76537302798695,0.29841296788718963,0.007510875183571544,0.05772569444444445,678,160.92188073075548,0.3032650947570801
679,4591.661,1860.0266666666666,7465.000000000003,100,100,1088,4.713631984700709,6.86121323529412,5.394179582595825,-1860.0266666666666,-0.016188224558444583,15.000462756437415,0.30150481664082585,0.025169257416992503,0.06295955882352941,679,160.9482762719169,0.3032650947570801
680,4604.575,1787.7166666666662,7333.666666666666,100,100,1089,4.426055554795712,6.734312825221916,5.094052314758301,-1787.7166666666662,-0.004287930722865794,14.845127638015482,0.23865267924136585,0.01512988239280983,0.08506944444444445,680,160.98461937746293,0.3032650947570801
681,4610.708,1851.963333333333,7473.666666666671,100,100,1089,4.782301194185889,6.862871135598412,5.489002227783203,-1851.963333333333,-0.053261102384163275,25.46555431683858,0.2802636520484359,0.025941379565564502,0.07508680555555555,681,160.75577907396038,0.3032650947570801
682,4616.754,1789.0500000000006,7325.666666666668,100,100,1086,4.764000367537024,6.745549416820136,5.440919399261475,-1789.0500000000006,-0.012595794327995357,18.310011919806986,0.2463667993159855,0.00559199826538508,0.06076553595416686,682,160.78050673256737,0.3032650947570801
683,4622.837,1873.3999999999992,7517.000000000002,100,100,1088,4.779977390225052,6.909007352941178,5.482572317123413,-1873.3999999999992,-0.016123308690593523,15.978697973139147,0.2287909796132761,0.014792569132302614,0.08409926470588236,683,160.80429596135255,0.3032650947570801
684,4628.922,1883.92,7615.333333333334,100,100,1090,4.759151101915525,6.986544342507646,5.45864200592041,-1883.92,-0.019224323746230867,21.495472585161526,0.21631070309215122,0.016987885448745348,0.06597222222222222,684,160.8283687228288,0.3032650947570801
685,4635.018,1715.0166666666657,7410.666666666664,100,100,1089,4.7606707989307475,6.805019895928985,5.4430091381073,-1715.0166666666657,-0.09091036117428707,38.83915514416165,0.2184820460776488,-0.005218537192882245,0.09505208333333333,685,160.8518091651854,0.3032650947570801
686,4641.156,1836.0400000000002,7403.66666666667,100,100,1090,4.773918897182672,6.792354740061165,5.479307413101196,-1836.0400000000002,-0.02450674565302001,17.53948712348938,0.16650556245197853,0.013531345217618056,0.055989583333333336,686,160.87393259487402,0.3032650947570801
687,4647.224,1746.693333333334,7177.666666666668,100,100,1088,4.765160294696483,6.597120098039217,5.452859163284302,-1746.693333333334,-0.010559397913953838,15.621903699987074,0.19701067971832611,0.01946264866958646,0.06433823529411764,687,160.8979893757522,0.3032650947570801
688,4653.383,1844.3733333333332,7370.333333333338,100,100,1090,4.797042017255764,6.761773700305814,5.51240086555481,-1844.3733333333332,0.038091734206924834,15.876861492792765,0.18292778068118626,0.016093215041716274,0.058159722222222224,688,160.9192853483233,0.3032650947570801
689,4659.402,1847.7400000000011,7375.333333333333,100,100,1087,4.734120330205247,6.785035265256056,5.4168829917907715,-1847.7400000000011,-0.011975177782861626,33.70999201606302,0.20758465326884212,0.018342107698759613,0.06628589003401644,689,160.94469521479357,0.3032650947570801
690,4672.363,1798.1933333333332,7398.666666666666,100,100,1091,4.413629331652461,6.781545982279254,5.091977834701538,-1798.1933333333332,0.00743090169918206,19.58146635691325,0.23590799452116093,0.013781711232796725,0.06640625,690,160.98131748556563,0.3032650947570801
691,4678.512,1824.0833333333328,7342.666666666666,100,100,1089,4.809121304526036,6.742577288031833,5.513633966445923,-1824.0833333333328,-0.0023677878909640843,22.100069890419643,0.2330399602651596,0.019587365742255416,0.07508680555555555,691,160.753245621722,0.3032650947570801
692,4684.598,1839.9933333333333,7445.666666666672,100,100,1090,4.751852203647546,6.83088685015291,5.457289218902588,-1839.9933333333333,-0.026671341102984216,19.697580989864136,0.2060311898175213,0.015847928799404245,0.07682291666666667,692,160.77709571990934,0.3032650947570801
693,4690.755,1859.276666666667,7274.333333333335,100,100,1091,4.796388729771652,6.667583256950811,5.529060363769531,-1859.276666666667,-0.060682986242075763,42.514343632592094,0.24695027992129326,-0.004553835929578377,0.0993923619389534,693,160.79863520694516,0.3032650947570801
694,4696.912,1979.2566666666667,7489.666666666665,100,100,1091,4.7819946846036085,6.864955698136265,5.520542144775391,-1979.2566666666667,0.03525909150226249,28.066185156504314,0.27997973726855385,0.014990517825935967,0.061197916666666664,694,160.82012045681893,0.3032650947570801
695,4703.124,1924.95,7559.000000000004,100,100,1089,4.8297660238656,6.941230486685035,5.569856882095337,-1924.95,0.029502629975063935,27.201092718376053,0.2930792414672724,0.011376392400254391,0.0759548611111111,695,160.8392803992837,0.3032650947570801
696,4709.206,1921.6766666666665,7402.999999999997,100,100,1088,4.768774446026381,6.804227941176468,5.4725501537323,-1921.6766666666665,-0.01088275053702733,29.62127909940832,0.3190160459455322,0.019107913485426894,0.07582720588235294,696,160.86258586331073,0.3032650947570801
697,4715.293,1872.9966666666662,7387.333333333332,100,100,1090,4.749686330227916,6.7773700305810385,5.459574937820435,-1872.9966666666662,-0.04091724422242907,27.20909113354153,0.36123882854978245,0.014619622314866219,0.08897569444444445,697,160.88608768936666,0.3032650947570801
698,4721.36,1877.8799999999997,7466.999999999996,100,100,1088,4.770289064468028,6.863051470588232,5.470885515213013,-1877.8799999999997,-0.008730157771531273,17.92429853888119,0.32828091873842125,0.036083944730789345,0.13786764705882354,698,160.90976589470742,0.3032650947570801
699,4727.372,1907.8066666666657,7450.999999999997,100,100,1089,4.69973048621137,6.842056932966021,5.393404245376587,-1907.8066666666657,-0.020653375786625676,20.373670636365812,0.3403768158621258,0.01804852428742581,0.0681423611111111,699,160.9355142883098,0.3032650947570801
700,4740.255,1970.09,7560.666666666666,100,100,1086,4.406646225501956,6.961939840392879,5.067970037460327,-1970.09,-0.012363385354333064,26.658758219550638,0.38828053106279936,0.010598623303367811,0.07690939263385885,700,160.97189604825306,0.3032650947570801
701,4746.369,1896.1266666666675,7584.66666666667,100,100,1087,4.80408886914067,6.977614228764185,5.503797292709351,-1896.1266666666675,-0.011549159007913926,17.70066078971414,0.38056327139630036,0.0066692454411703,0.05336718042107189,701,160.7491847172919,0.3032650947570801
702,4752.516,1829.5633333333337,7418.333333333333,100,100,1089,4.795946555295095,6.812059993878176,5.499819755554199,-1829.5633333333337,0.05453430483531621,22.206072171529133,0.3587191129724185,0.019536419603456225,0.0798611111111111,702,160.77043161132556,0.3032650947570801
703,4758.594,1839.946666666667,7411.666666666668,100,100,1087,4.777352070189985,6.8184605949095385,5.471377372741699,-1839.946666666667,-0.013248824295313918,25.55839541379143,0.37775102257728577,0.017097018734442398,0.0648561510093072,703,160.79350323934517,0.3032650947570801
704,4764.721,1890.9099999999996,7505.000000000003,100,100,1090,4.779752293909225,6.885321100917434,5.497674942016602,-1890.9099999999996,-0.03793822849790255,19.299580362108017,0.43024468670288724,0.018111362607063104,0.07769097222222222,704,160.815547562534,0.3032650947570801
705,4770.839,1835.9200000000003,7367.333333333333,100,100,1091,4.779615948671572,6.752826153376107,5.493847370147705,-1835.9200000000003,0.005535544413659308,17.8526844713423,0.4072809111740854,0.015138475379596153,0.09953703731298447,705,160.8379653743808,0.3032650947570801
706,4776.984,1890.1566666666663,7508.666666666664,100,100,1090,4.786557799905812,6.888685015290518,5.505846738815308,-1890.1566666666663,0.01922518188237316,29.894849459330242,0.3876989352154649,0.009468258947082277,0.07508680555555555,706,160.85923072656368,0.3032650947570801
707,4783.052,1891.8566666666677,7395.666666666671,100,100,1084,4.791794096057843,6.82257072570726,5.46207857131958,-1891.8566666666677,-0.014183383298051707,18.37369161493638,0.34422758528414893,0.015245528015143731,0.07123161830446299,707,160.8818090549922,0.3032650947570801
708,4789.215,1796.5699999999997,7340.666666666667,100,100,1089,4.82727612473098,6.740740740740741,5.5352959632873535,-1796.5699999999997,0.04438364567855994,28.646653195222218,0.40951794054773116,0.018559461016492505,0.09375,708,160.90216808595005,0.3032650947570801
709,4795.246,1788.966666666667,7273.333333333334,100,100,1089,4.722731862058119,6.678910315273952,5.411949634552002,-1788.966666666667,-0.0720868443345858,28.145467834340202,0.38928767086731064,0.005631803790391941,0.06640625,709,160.92690084549025,0.3032650947570801
710,4808.277,1881.196666666666,7408.333333333331,100,100,1090,4.472844497463025,6.7966360856269095,5.151118516921997,-1881.196666666666,-0.004193276425616609,15.257150549752017,0.34329341765907073,0.007950081192474399,0.08854166666666667,710,160.9595949316137,0.3032650947570801
711,4814.382,1889.8266666666675,7394.000000000003,100,100,1085,4.812776218039684,6.814746543778805,5.505296230316162,-1889.8266666666675,-0.01415389494093902,16.952755002414477,0.40139758411575766,0.009076825188993312,0.07460673799847856,711,160.73900488938747,0.3032650947570801
712,4820.442,1809.8200000000004,7403.666666666667,100,100,1084,4.798441332536389,6.829950799507995,5.472209930419922,-1809.8200000000004,-0.016525335226427105,20.000831491806927,0.383661670719876,0.0020765008144628476,0.06917892188272055,712,160.76185929918094,0.3032650947570801
713,4826.592,1839.4366666666674,7464.000000000004,100,100,1090,4.809033761757913,6.847706422018352,5.523562908172607,-1839.4366666666674,-0.05123839480802417,19.669440693325466,0.3887197401167618,0.0014505654495830338,0.0646701388888889,713,160.78279516619017,0.3032650947570801
714,4832.699,1839.3766666666663,7392.33333333333,100,100,1089,4.795449129087702,6.788184879093968,5.493492841720581,-1839.3766666666663,-0.017430700775649812,17.90378251671791,0.3916606176630937,0.0024292894296296355,0.07899305555555555,714,160.80500688520854,0.3032650947570801
715,4838.868,1903.6400000000008,7445.000000000003,100,100,1091,4.813236203625129,6.824014665444548,5.536249399185181,-1903.6400000000008,-0.006152978994780117,26.165877673361038,0.34737788057989544,0.0038129451321664318,0.07392939842409557,715,160.82542874471295,0.3032650947570801
716,4844.982,1924.3133333333346,7594.333333333341,100,100,1088,4.776684741741252,6.980085784313733,5.471566200256348,-1924.3133333333346,-0.01655150929411106,29.95066115435432,0.3292263535892262,0.01564623207976932,0.07215073529411764,716,160.84707065636707,0.3032650947570801
717,4851.095,1869.483333333335,7485.000000000007,100,100,1091,4.772466908513776,6.8606782768102725,5.474168300628662,-1869.483333333335,0.011841321260564856,23.933326058917576,0.3087769601907995,0.01176671301557993,0.0883969912926356,717,160.86925427960242,0.3032650947570801
718,4857.182,1790.3766666666672,7408.666666666668,100,100,1086,4.786053865064882,6.821976672805403,5.467916250228882,-1790.3766666666672,-0.012906941859161152,14.971092490588918,0.2644273511627141,0.014038393856026232,0.06863733381032944,718,160.8912787678079,0.3032650947570801
719,4863.262,1879.7799999999997,7454.0,100,100,1087,4.768080957873923,6.857405703771849,5.465500593185425,-1879.7799999999997,-0.014273434548693545,18.276076064390296,0.23539002809454412,0.016015662902432,0.0713045637068503,719,160.91360414674293,0.3032650947570801
720,4876.162,1832.3733333333332,7369.999999999999,100,100,1085,4.433920274892058,6.792626728110598,5.085916042327881,-1832.3733333333332,-0.013353960862492813,19.716628635630887,0.22770539013778462,0.01526147113797967,0.07138982634334003,720,160.9483586661259,0.3032650947570801
721,4882.312,1804.976666666667,7272.333333333331,100,100,1089,4.797219376176376,6.6779920416284035,5.503695726394653,-1804.976666666667,-0.0049711342176629435,17.17305114534166,0.22608097487439713,0.013416037109790422,0.06987847222222222,721,160.7310080172694,0.3032650947570801
722,4888.399,1835.739999999999,7393.9999999999945,100,100,1089,4.776506704817927,6.789715335169876,5.471460580825806,-1835.739999999999,0.0056923554382390445,16.402996977170307,0.2335070164962276,0.016773133279962674,0.08550347222222222,722,160.7536631983048,0.3032650947570801
723,4894.58,1757.6099999999994,7339.666666666663,100,100,1091,4.8277460151342595,6.727467155514815,5.545098304748535,-1757.6099999999994,0.02596043800521228,31.423557069566513,0.2727216868661344,0.008964220592234697,0.06944444444444445,723,160.77355505734255,0.3032650947570801
724,4900.692,1803.956666666667,7280.666666666666,100,100,1089,4.788045912529483,6.685644322007958,5.4838361740112305,-1803.956666666667,-0.06053809728473425,39.57702424791124,0.26184119584245813,0.01966951366921421,0.08246527777777778,724,160.79528682629814,0.3032650947570801
725,4906.787,1808.9766666666671,7256.333333333332,100,100,1085,4.811103686299776,6.6878648233486935,5.50441312789917,-1808.9766666666671,-0.012680827639997005,15.106315079857321,0.24568172368933172,0.008496917188441491,0.06373553493005388,725,160.8166519510527,0.3032650947570801
726,4912.835,1839.9566666666672,7328.666666666667,100,100,1088,4.771086304946734,6.735906862745098,5.462051630020142,-1839.9566666666672,-0.01187598321805982,18.035803570466882,0.2567615969216122,0.017293578715693644,0.0661764705882353,726,160.84013860561922,0.3032650947570801
727,4918.935,1906.6966666666665,7422.333333333335,100,100,1087,4.7924804973322646,6.828273535725239,5.493368148803711,-1906.6966666666665,-0.010553803020978676,30.211272576275995,0.22337312251329422,0.006819278220920002,0.07037815166746869,727,160.86165252855668,0.3032650947570801
728,4925.077,1973.6733333333332,7617.000000000001,100,100,1092,4.794840292084873,6.975274725274726,5.517044305801392,-1973.6733333333332,0.020009547316779692,31.40774467256334,0.2516027345425553,0.033716818175485566,0.08289930555555555,728,160.88280114864347,0.3032650947570801
729,4931.06,1809.986666666666,7310.33333333333,100,100,1087,4.709410210197454,6.725237657160378,5.396925210952759,-1809.986666666666,-0.011501426137435962,21.485394085154812,0.23959462519954233,0.005699993439895266,0.06988941417897448,729,160.90801155009387,0.3032650947570801
730,4943.937,1732.1366666666668,7174.666666666666,100,100,1090,4.402733943211513,6.582262996941895,5.061775207519531,-1732.1366666666668,-0.027230205117828317,30.480902671813965,0.2482733442965481,0.009409019697664512,0.07552083333333333,730,160.94342229414107,0.3032650947570801
731,4950.028,1709.3600000000004,7120.0,100,100,1087,4.774721437018183,6.550137994480221,5.4563024044036865,-1709.3600000000004,-0.012333879028173053,22.285996465121997,0.22048816829919815,0.012147647635121009,0.07588556277401307,731,160.73120069567904,0.3032650947570801
732,4956.085,1794.6133333333337,7312.666666666667,100,100,1088,4.760628769444713,6.721200980392157,5.451714277267456,-1794.6133333333337,-0.013584773987531662,20.13780142279232,0.2430668280405157,0.018486029037055287,0.058363970588235295,732,160.75429505324763,0.3032650947570801
733,4962.158,1846.013333333334,7342.000000000004,100,100,1090,4.758685137841577,6.735779816513765,5.46461820602417,-1846.013333333334,0.023500728886574507,20.90034572283427,0.28360803694360787,0.012142995558355728,0.08116319444444445,733,160.7772493264231,0.3032650947570801
734,4968.268,1837.3000000000002,7327.666666666666,100,100,1089,4.779898163758191,6.728803183348638,5.48291015625,-1837.3000000000002,-0.02797595023488005,21.244457628991867,0.23462344302485386,0.021096696753779218,0.0859375,734,160.79870365396258,0.3032650947570801
735,4974.371,1794.943333333333,7307.333333333332,100,100,1089,4.778032779053907,6.710131619222527,5.480151653289795,-1794.943333333333,0.018396259958131447,15.023532654001933,0.22912006318802014,0.011805421937929673,0.0642361111111111,735,160.8203438444505,0.3032650947570801
736,4980.471,1945.026666666667,7523.666666666669,100,100,1092,4.762394780283725,6.889804639804642,5.4810402393341064,-1945.026666666667,-0.03309039988865455,44.56721316443549,0.27411780739203095,0.014623921147883974,0.06293402777777778,736,160.84262744182226,0.3032650947570801
737,4986.585,1902.2000000000005,7415.333333333335,100,100,1087,4.801995309006351,6.821833793314935,5.504850149154663,-1902.2000000000005,-0.011016325203373152,15.465460160199333,0.28033237729002447,0.0045756837507189415,0.07039274078081637,737,160.86338682372178,0.3032650947570801
738,4992.673,1811.64,7320.666666666666,100,100,1091,4.7598619604744465,6.7100519401161005,5.465975522994995,-1811.64,-0.016663371585309505,16.541315449608696,0.2830028550492393,0.011103632303679155,0.05772569444444445,738,160.88577619047476,0.3032650947570801
739,4998.659,1925.3500000000006,7497.333333333332,100,100,1088,4.699967371968395,6.890931372549018,5.389885425567627,-1925.3500000000006,-0.012597789111382821,22.76573169932646,0.32395202710348014,0.017339973910780185,0.06893382352941177,739,160.91075850079943,0.3032650947570801
740,5011.61,1926.6166666666668,7511.000000000002,100,100,1091,4.402352337350712,6.884509624197985,5.08081841468811,-1926.6166666666668,-0.0710282792440719,25.067967030737137,0.3824646688169903,0.008320422345099764,0.08217592620187336,740,160.945493176647,0.3032650947570801
741,5017.73,1895.766666666667,7468.333333333336,100,100,1088,4.8091575373452065,6.864276960784316,5.511492729187012,-1895.766666666667,-0.014717255198561093,21.442607599146225,0.3397139354663737,0.008980302461970817,0.06755514705882353,741,160.73342512547052,0.3032650947570801
742,5023.801,1882.4366666666672,7465.666666666671,100,100,1088,4.783388142908841,6.861825980392161,5.476839542388916,-1882.4366666666672,-0.013027628390666316,14.15748296064489,0.31576458846821504,0.01634818153209327,0.06112132352941176,742,160.75578559813295,0.3032650947570801
743,5029.909,1829.0666666666664,7353.333333333329,100,100,1087,4.801098712254744,6.76479607482367,5.499344348907471,-1829.0666666666664,-0.01116538277881987,16.08451520695406,0.3133789037956911,0.018569619624245474,0.060763889156720215,743,160.77666739849238,0.3032650947570801
744,5036.051,1860.516666666667,7403.666666666667,100,100,1089,4.7893483006575845,6.798591980410163,5.489382028579712,-1860.516666666667,-0.016868048451013036,20.445312950346207,0.3184293062788331,-0.0021605236106552184,0.0881076388888889,744,160.79682540921797,0.3032650947570801
745,5042.165,1883.58,7435.000000000001,100,100,1091,4.784647208031551,6.814848762603117,5.49217677116394,-1883.58,-0.006378391912827889,14.723483906851875,0.3517882641818788,0.01598532678649968,0.07002314842409557,745,160.81822360242472,0.3032650947570801
746,5048.32,1960.8100000000009,7481.333333333338,100,100,1089,4.8002385668186305,6.869911233547601,5.527476072311401,-1960.8100000000009,0.004241992227940096,31.374545357293552,0.3800652341710197,0.025162719929034613,0.06163194444444445,746,160.8378716988236,0.3032650947570801
747,5054.391,1840.0766666666648,7394.666666666665,100,100,1088,4.782866909248268,6.796568627450979,5.48762059211731,-1840.0766666666648,-0.007626045659622725,19.098020104800952,0.3922310550423229,0.021189633092623863,0.09099264705882353,747,160.85994929135978,0.3032650947570801
748,5060.48,1846.1500000000012,7333.000000000001,100,100,1086,4.768385909905942,6.75230202578269,5.47083306312561,-1846.1500000000012,-0.011600065812030259,23.78391644533943,0.3519010280861574,0.025366104728377917,0.06909689263385885,748,160.88098497069058,0.3032650947570801
749,5066.518,1906.6733333333332,7409.0,100,100,1089,4.718480532611759,6.8034894398530765,5.424005746841431,-1906.6733333333332,-0.06288949100093709,19.00646554099189,0.2795799079218442,0.021745931916585606,0.0681423611111111,749,160.9042105686177,0.3032650947570801
750,5079.608,1832.0200000000002,7303.999999999998,100,100,1088,4.494781249270411,6.713235294117645,5.186817407608032,-1832.0200000000002,-0.009629414526416975,17.608604459201587,0.32184847751084494,0.013914119637133005,0.0703125,750,160.9348764939878,0.3032650947570801
751,5085.75,1882.7766666666662,7343.666666666665,100,100,1089,4.79987336810562,6.743495561677379,5.513242244720459,-1882.7766666666662,0.007162353903469112,15.38641521665785,0.2881799572043949,0.014078667025185294,0.062065972222222224,751,160.72379359216623,0.3032650947570801
752,5091.868,1910.823333333332,7474.333333333329,100,100,1091,4.776954445791603,6.850901313779404,5.495083332061768,-1910.823333333332,-0.022376085579809215,16.462020874023438,0.2706213953594367,0.020822558144573122,0.07262731509076224,752,160.7449501799544,0.3032650947570801
753,5097.977,1897.6700000000003,7506.333333333333,100,100,1091,4.758234830883927,6.880232202871983,5.484350919723511,-1897.6700000000003,0.011129920784797933,19.604824781417847,0.2791196908801794,0.033143491403380826,0.06727430555555555,753,160.76635014023185,0.3032650947570801
754,5104.102,1920.6533333333343,7499.000000000002,100,100,1090,4.790144034665625,6.87981651376147,5.512258052825928,-1920.6533333333343,-0.04662170411191053,34.263407442304825,0.24623250660989665,0.03741738066310063,0.0703125,754,160.78693719311724,0.3032650947570801
755,5110.213,1897.1299999999997,7496.000000000001,100,100,1091,4.778193492902482,6.870760769935839,5.495440244674683,-1897.1299999999997,-0.009198843191067377,19.485957860946655,0.29796919578479397,0.015684190917656653,0.0646701388888889,755,160.8081616634393,0.3032650947570801
756,5116.356,1804.0666666666668,7293.333333333337,100,100,1092,4.784799816198613,6.678876678876682,5.505064964294434,-1804.0666666666668,0.01150750508531928,29.65846832593282,0.27847320834795636,0.01932277882588096,0.06727430555555555,756,160.82852869389464,0.3032650947570801
757,5122.436,1702.276666666666,7132.333333333331,100,100,1088,4.792803127844202,6.555453431372547,5.4869630336761475,-1702.276666666666,-0.01662439770777436,38.83474972668816,0.33400925555649924,0.016082723155919024,0.0900735294117647,757,160.8500264336609,0.3032650947570801
758,5128.51,1932.3000000000006,7553.000000000003,100,100,1088,4.764308916920152,6.942095588235297,5.467371702194214,-1932.3000000000006,-0.011334961061091983,25.299667358398438,0.33171668166623397,0.02325129890403546,0.09696691176470588,758,160.87168720281485,0.3032650947570801
759,5134.561,1872.1366666666665,7448.333333333332,100,100,1090,4.721628348855729,6.833333333333332,5.423579216003418,-1872.1366666666665,-0.023717244776586693,18.765790356530083,0.36096040573385024,0.024192023466134235,0.10199652777777778,759,160.8943829630067,0.3032650947570801
760,5147.459,1703.4233333333332,7175.666666666666,100,100,1088,4.4217366711938455,6.5952818627450975,5.072285175323486,-1703.4233333333332,-0.014264873119399828,32.7397777893964,0.35260991313878226,0.02223259929279961,0.08363970588235294,760,160.9276302609591,0.3032650947570801
761,5153.558,1958.8533333333319,7546.333333333331,100,100,1087,4.797989880283155,6.942348972707756,5.488932132720947,-1958.8533333333319,-0.01198081233922173,25.507474141962387,0.2963119600625599,0.020884207292350337,0.08049574017743855,761,160.72334008644887,0.3032650947570801
762,5159.673,1809.7166666666662,7472.333333333333,100,100,1089,4.778395133341865,6.861646770737679,5.474202632904053,-1809.7166666666662,-0.0132476389925513,26.951498217052883,0.34077716142767006,0.029251314389208954,0.08506944444444445,762,160.74394899946805,0.3032650947570801
763,5165.775,1917.9033333333327,7544.333333333329,100,100,1089,4.7822441699203955,6.927762473217015,5.488233327865601,-1917.9033333333327,-0.026353984243339963,16.334223620593548,0.30951978771194777,0.022259208774711523,0.0724826388888889,763,160.76483671485497,0.3032650947570801
764,5171.871,1832.2466666666667,7346.000000000003,100,100,1089,4.767643067027084,6.745638200183658,5.460885763168335,-1832.2466666666667,0.009897506847563717,16.413161888718605,0.3145758658437343,0.01989439715139775,0.07855902777777778,764,160.78591590363888,0.3032650947570801
765,5178.0,1897.6733333333332,7462.333333333332,100,100,1091,4.774698625659309,6.83990223036969,5.5005457401275635,-1897.6733333333332,-0.015416653826832771,19.644695692592197,0.2967471778392792,0.0167835502684789,0.09476273175742891,765,160.8062923204943,0.3032650947570801
766,5184.097,1784.273333333333,7284.999999999999,100,100,1089,4.769836639458633,6.689623507805325,5.467259645462036,-1784.273333333333,0.0295207925244338,17.672181317634468,0.3002181173198753,0.016809859532966383,0.0798611111111111,766,160.8272368715886,0.3032650947570801
767,5190.166,1848.4333333333334,7353.000000000002,100,100,1088,4.753158454738749,6.758272058823531,5.443337917327881,-1848.4333333333334,-0.012770059847218148,20.13066866818596,0.31740537154323917,0.024709354168461525,0.07858455882352941,767,160.84882030532583,0.3032650947570801
768,5196.263,1861.7866666666669,7445.666666666671,100,100,1085,4.786169951167902,6.862365591397853,5.46404504776001,-1861.7866666666669,-0.01513228247709134,15.717668729669908,0.2967598574126468,0.01703777022468036,0.09546769454198725,768,160.86888277836067,0.3032650947570801
769,5202.258,1820.0700000000004,7321.6666666666715,100,100,1090,4.694001465916224,6.717125382263001,5.379549980163574,-1820.0700000000004,-0.006450024485174153,20.839605576462215,0.326331064518955,0.029523224679804925,0.08854166666666667,769,160.893012899007,0.3032650947570801
770,5215.106,1762.3566666666668,7298.666666666669,100,100,1090,4.4304606415023775,6.696024464831806,5.0996317863464355,-1762.3566666666668,-0.03430589417823487,27.10846636692683,0.35276807339849053,0.015500695166540228,0.1072048611111111,770,160.92558424875668,0.3032650947570801
771,5221.226,1871.95,7468.666666666669,100,100,1089,4.800188612886443,6.858279767370679,5.502719879150391,-1871.95,-0.026745382282469008,20.66163834598329,0.4360315129160881,0.008243342376469323,0.10416666666666667,771,160.7258843387851,0.3032650947570801
772,5227.307,1773.89,7274.999999999997,100,100,1088,4.786741637444186,6.6865808823529385,5.468094348907471,-1773.89,-0.01867597018752028,22.826354223139145,0.433821365237236,0.009657675503095722,0.12270220588235294,772,160.7470595359155,0.3032650947570801
773,5233.386,1851.5633333333326,7427.333333333329,100,100,1088,4.793699080811861,6.826593137254898,5.489255666732788,-1851.5633333333326,-0.02199857884689289,15.03116487054264,0.44409340269425335,0.029348140561898405,0.12454044117647059,773,160.76819746502287,0.3032650947570801
774,5239.495,1840.7400000000007,7405.999999999998,100,100,1091,4.782159486230665,6.788267644362968,5.49196457862854,-1840.7400000000007,-0.011681178636435006,14.003047717942131,0.48292235864533317,0.04522469801466084,0.11762152777777778,774,160.78897565190556,0.3032650947570801
775,5245.632,1893.9766666666665,7434.66666666667,100,100,1089,4.808585215069155,6.8270584634221025,5.516124486923218,-1893.9766666666665,-0.04398754668525524,19.23026219672627,0.5009919992751546,0.012508335736735413,0.08940972222222222,775,160.80846294556892,0.3032650947570801
776,5251.702,1917.4666666666665,7664.33333333333,100,100,1088,4.784450826799216,7.04442401960784,5.480321884155273,-1917.4666666666665,-0.020190993652624244,14.713603075812845,0.4703104960567811,0.028144317244261724,0.1015625,776,160.82976673967045,0.3032650947570801
777,5257.82,1781.4033333333334,7220.999999999999,100,100,1085,4.817706178058334,6.655299539170506,5.4986584186553955,-1781.4033333333334,-0.020398045287412757,18.00197716320262,0.4477332856725244,0.011211681850802372,0.08770039721446879,777,160.84899300394505,0.3032650947570801
778,5263.907,1930.1933333333336,7515.999999999999,100,100,1088,4.787917831195313,6.908088235294117,5.483137607574463,-1930.1933333333336,-0.019170513760079357,21.433462619781494,0.43493854210657235,0.018505027695723316,0.09558823529411764,778,160.8696933526746,0.3032650947570801
779,5269.929,1735.6000000000004,7153.666666666667,100,100,1088,4.721921049221076,6.575061274509804,5.409837961196899,-1735.6000000000004,-0.015634463880868518,16.11378464979284,0.4741655763457803,0.013419502599657896,0.07996323529411764,779,160.89230175979716,0.3032650947570801
780,5282.847,1857.8133333333335,7360.666666666664,100,100,1087,4.433539651699275,6.771542471634466,5.095481634140015,-1857.8133333333335,-0.02058897889304824,15.958923003252815,0.44158006941570954,0.012783948838820352,0.08102095061365296,780,160.92437535955375,0.3032650947570801
781,5289.002,1864.5000000000007,7457.666666666664,100,100,1087,4.818884084252221,6.860778902177244,5.519929885864258,-1864.5000000000007,-0.019788026535773977,15.560140245101032,0.4344149889314876,0.023385581094771624,0.08327497695298756,781,160.72315294110658,0.3032650947570801
782,5295.106,1822.356666666668,7290.333333333339,100,100,1091,4.7791722273508705,6.682248701497103,5.4840686321258545,-1822.356666666668,-0.005488650614602698,14.407931294706133,0.46710946410894394,0.021315049666251678,0.09027777777777778,782,160.74389386987013,0.3032650947570801
783,5301.191,1831.6566666666665,7395.66666666667,100,100,1088,4.790698527465472,6.797487745098042,5.480744361877441,-1831.6566666666665,-0.014812387854737393,16.414039247176227,0.4556117057800293,0.019043611256433102,0.06341911764705882,783,160.76463690974705,0.3032650947570801
784,5307.312,1891.5900000000008,7474.333333333337,100,100,1086,4.797791897080852,6.8824432166973635,5.492220878601074,-1891.5900000000008,-0.020921837867182845,13.718689048991484,0.4882851558573106,0.01955101088798769,0.08937677872531555,784,160.78383006975528,0.3032650947570801
785,5313.382,1810.9599999999998,7370.333333333334,100,100,1087,4.790219687792475,6.780435449248698,5.473944187164307,-1810.9599999999998,-0.021044791566536707,16.523397585924933,0.48438036967726317,0.004179783237358446,0.07913165287498165,785,160.80472960540584,0.3032650947570801
786,5319.455,1745.4533333333338,7288.666666666667,100,100,1086,4.788452214612857,6.711479435236342,5.470917463302612,-1745.4533333333338,-0.020215258604901677,15.58694345810834,0.4566098399022046,0.02712703268865452,0.0925492170978995,786,160.8253185187346,0.3032650947570801
787,5325.5,1789.5799999999997,7351.666666666665,100,100,1087,4.765886659931011,6.763262802821219,5.449696063995361,-1789.5799999999997,-0.0196201405761873,15.859032546772676,0.4092506003730437,0.01825137501787942,0.08926383121048703,787,160.84688747477568,0.3032650947570801
788,5331.574,1801.9600000000005,7216.000000000004,100,100,1087,4.768386754364104,6.638454461821531,5.455209732055664,-1801.9600000000005,-0.016799199394881725,13.324874569387998,0.37437024098985333,0.02402050921912579,0.06996965474065613,788,160.86749622585012,0.3032650947570801
789,5337.575,1727.4333333333334,7316.333333333332,100,100,1087,4.713732199919031,6.730757436369211,5.388359546661377,-1727.4333333333334,-0.016712211894200128,21.936471995185403,0.3747382409432355,0.020534649778924444,0.08096259372199283,789,160.89030426334446,0.3032650947570801
790,5350.513,1834.7033333333331,7384.666666666666,100,100,1089,4.425864827586552,6.78114478114478,5.096564054489136,-1834.7033333333331,-0.050170625663465925,36.59048424826728,0.38905239089737936,0.03333431631714726,0.10677083333333333,790,160.92181147132936,0.3032650947570801
791,5356.602,1809.4799999999998,7385.000000000001,100,100,1087,4.783306897038692,6.793928242870286,5.474674940109253,-1809.4799999999998,-0.014060163486968069,18.531535120571363,0.37756601063644185,0.012856719371698359,0.08602503533749019,791,160.72503809454693,0.3032650947570801
792,5362.748,1913.2933333333342,7509.333333333336,100,100,1090,4.804380550775506,6.889296636085629,5.512797594070435,-1913.2933333333342,-0.008256238781743579,28.839470326900482,0.3705955918532593,0.03541664525659548,0.0954861111111111,792,160.74411666225816,0.3032650947570801
793,5368.841,1847.7633333333326,7397.666666666665,100,100,1087,4.798801750027795,6.805581110088928,5.501300573348999,-1847.7633333333326,-0.017815816928358638,19.253260864930994,0.35178298021064086,0.026168634176856893,0.09622286479262744,793,160.7641308613094,0.3032650947570801
794,5375.004,1835.276666666667,7350.6666666666715,100,100,1089,4.8164383860397315,6.749923477196209,5.5174407958984375,-1835.276666666667,-0.027278256964766316,16.904268947326475,0.37241715420451427,-0.008829574559866969,0.10026041666666667,794,160.78243098844717,0.3032650947570801
795,5381.122,1873.5133333333329,7500.666666666664,100,100,1088,4.787363052374156,6.8939950980392135,5.495739698410034,-1873.5133333333329,-0.017643056262065384,20.783182873445398,0.32270532189046636,0.02097010163946406,0.08869485294117647,795,160.80177254412482,0.3032650947570801
796,5387.231,1832.7399999999998,7465.666666666666,100,100,1086,4.808098342978013,6.874462860650706,5.497965574264526,-1832.7399999999998,-0.010998309316004025,17.47709420148064,0.34073663371450763,0.03785233612528399,0.08467741924173691,796,160.82101677723696,0.3032650947570801
797,5393.364,1867.6566666666656,7402.999999999998,100,100,1092,4.769525458399145,6.779304029304027,5.484572172164917,-1867.6566666666656,-0.00768160680308938,16.982320547103882,0.33203460317518974,0.02172664431337681,0.09765625,797,160.84061578457306,0.3032650947570801
798,5399.493,1909.7733333333329,7489.0,100,100,1089,4.798382643932653,6.876951331496786,5.5085289478302,-1909.7733333333329,-0.005769831645819876,16.461451318528916,0.3051967215206888,0.018105358590320166,0.10112847222222222,798,160.85974448891145,0.3032650947570801
799,5405.486,1818.8966666666663,7307.999999999995,100,100,1088,4.695286673749626,6.716911764705878,5.3844664096832275,-1818.8966666666663,-0.012893826372044928,19.348377059487735,0.2964089127147899,0.01623406698447926,0.09558823529411764,799,160.88266972177385,0.3032650947570801
800,5418.484,1838.956666666666,7377.000000000002,100,100,1088,4.443361672790214,6.780330882352943,5.124732494354248,-1838.956666666666,-0.012572345214293283,16.086865425109863,0.30413130889920625,0.013320932935183757,0.0896139705882353,800,160.9131139800933,0.3032650947570801
801,5424.574,1919.8433333333326,7613.999999999998,100,100,1089,4.734910926649038,6.991735537190081,5.4367358684539795,-1919.8433333333326,-0.0677711561632653,24.525139490763348,0.32621195705400574,0.017325364984571934,0.08984375,801,160.7178612562387,0.3032650947570801
802,5430.662,1839.6333333333325,7340.666666666666,100,100,1090,4.741018900857093,6.7345565749235465,5.449103355407715,-1839.6333333333325,-0.03403044160869387,16.09886422422197,0.26146646971917814,0.0203837886866596,0.1072048611111111,802,160.73842922461148,0.3032650947570801
803,5436.707,1652.4199999999994,7063.333333333334,100,100,1089,4.726031311202702,6.486072849709214,5.417003154754639,-1652.4199999999994,-0.04373771593802505,33.815460135539375,0.27525759337287226,-0.0007290307160777351,0.11241319444444445,803,160.75999163912354,0.3032650947570801
804,5442.819,1902.5399999999995,7627.666666666665,100,100,1089,4.779902847203245,7.004285277012548,5.483236312866211,-1902.5399999999995,-0.03306084105537997,18.57741983390103,0.27890480392509037,0.014251616657323515,0.08246527777777778,804,160.7795423835384,0.3032650947570801
805,5448.928,1818.223333333333,7416.0,100,100,1089,4.77347906257297,6.809917355371901,5.470243692398071,-1818.223333333333,0.00944416344928969,15.3867603705989,0.26967848651111126,0.008008050341029756,0.08246527777777778,805,160.7991415978179,0.3032650947570801
806,5454.986,1885.333333333333,7441.666666666665,100,100,1086,4.763699906130371,6.852363413136892,5.45173716545105,-1885.333333333333,-0.016049117260776898,14.193460773019229,0.264066458624952,0.022318992929820737,0.08098612418946098,806,160.81965708863555,0.3032650947570801
807,5461.082,1902.5866666666666,7495.0,100,100,1089,4.75371542570153,6.882460973370065,5.459180593490601,-1902.5866666666666,-0.005747656105086207,16.275651309225296,0.24289994157237832,0.027241075068660494,0.11328125,807,160.83954141170747,0.3032650947570801
808,5467.151,1775.2066666666663,7197.0,100,100,1088,4.766853674856761,6.614889705882353,5.465728759765625,-1775.2066666666663,-0.015325148535125396,15.940736237694235,0.23608953198965857,0.019695173643413,0.08363970588235294,808,160.86000940174932,0.3032650947570801
809,5473.226,1892.0533333333337,7439.0,100,100,1090,4.732873394910178,6.824770642201835,5.444330215454102,-1892.0533333333337,-0.04767904171927108,16.008219626214768,0.21510045318346885,0.03921594074118831,0.07465277777777778,809,160.88061817066304,0.3032650947570801
810,5486.17,1807.6699999999996,7288.999999999998,100,100,1089,4.405579153410714,6.69329660238751,5.068437576293945,-1807.6699999999996,-0.052005828306492835,20.43829853667153,0.2500631045226732,0.011886284777170254,0.08246527777777778,810,160.91163658860634,0.3032650947570801
811,5492.307,1854.0933333333335,7400.333333333335,100,100,1090,4.783657063631802,6.789296636085628,5.492481708526611,-1854.0933333333335,0.025206267057607572,24.594677103890312,0.24660678870148128,0.013340696207402894,0.0681423611111111,811,160.718432848812,0.3032650947570801
812,5498.454,1828.8300000000006,7518.666666666668,100,100,1090,4.786348075674283,6.897859327217127,5.491190195083618,-1828.8300000000006,0.009304298605355952,17.31969510846668,0.28215568305717575,0.02021014485702229,0.10286458333333333,812,160.73701016472222,0.3032650947570801
813,5504.553,1971.7633333333333,7636.0,100,100,1088,4.772878032621092,7.018382352941177,5.4728593826293945,-1971.7633333333333,-0.016988619175903937,21.345198519089642,0.2843804346287952,0.017600921605823234,0.08915441176470588,813,160.75654912147397,0.3032650947570801
814,5510.673,1942.7466666666662,7621.0,100,100,1090,4.764644404736544,6.991743119266055,5.473389148712158,-1942.7466666666662,-0.02191884158593085,20.26832554075453,0.24179622375716767,0.013975547177122079,0.0837673611111111,814,160.77582237686053,0.3032650947570801
815,5516.812,1800.8399999999997,7312.0,100,100,1091,4.797856829523542,6.702108157653529,5.5113489627838135,-1800.8399999999997,-0.013423694349411461,17.94834926393297,0.24303331965994504,0.016839637807505723,0.06510416666666667,815,160.79469387701033,0.3032650947570801
816,5522.932,1921.08,7452.666666666668,100,100,1088,4.781889431957525,6.849877450980394,5.482396602630615,-1921.08,-0.012922229628790827,19.519768350264606,0.2507220042102477,0.03436358146342065,0.08409926470588236,816,160.81348707747324,0.3032650947570801
817,5529.032,1838.7500000000002,7295.333333333335,100,100,1090,4.758818712781841,6.69296636085627,5.468486785888672,-1838.7500000000002,0.016260939701977704,21.238933831453323,0.24432474623123804,0.025592680832940258,0.09461805555555555,817,160.83322054812453,0.3032650947570801
818,5535.109,1801.3433333333326,7313.999999999999,100,100,1088,4.7583399824789545,6.722426470588235,5.457916259765625,-1801.3433333333326,-0.010510886635850458,13.247843013090247,0.22484689556500492,0.02795372360646177,0.08501838235294118,818,160.85319101048594,0.3032650947570801
819,5541.173,1888.430000000001,7408.666666666667,100,100,1088,4.752985387633945,6.809436274509804,5.458210706710815,-1888.430000000001,-0.014423808932085247,23.899609173045437,0.23729604526477702,0.026963366894051433,0.08363970588235294,819,160.87355916243263,0.3032650947570801
820,5554.095,1774.0033333333338,7188.666666666668,100,100,1083,4.433306742851672,6.6377346875961845,5.075340986251831,-1774.0033333333338,-0.012267362983787762,18.314432873445398,0.2641737263868837,0.019878676709006813,0.09303339965203229,820,160.90409491961228,0.3032650947570801
821,5560.215,1856.9933333333342,7463.666666666669,100,100,1085,4.817014838963713,6.878955453149003,5.508022785186768,-1856.9933333333342,-0.01149333008181523,17.391901044284594,0.2420392295016962,0.013266163191634832,0.074742345358519,821,160.71248650874,0.3032650947570801
822,5566.348,1836.31,7398.666666666666,100,100,1089,4.788540313435125,6.79400061218243,5.494050979614258,-1836.31,-0.03204478069932924,13.530963589747747,0.275512615011798,0.017194740951203533,0.07291666666666667,822,160.73105049830772,0.3032650947570801
823,5572.471,1828.1100000000004,7278.66666666667,100,100,1090,4.778534220745189,6.677675840978596,5.486382961273193,-1828.1100000000004,-0.04018794817643033,14.10773797829946,0.30706370663311744,0.01792381530524128,0.07769097222222222,823,160.750063770675,0.3032650947570801
824,5578.596,1900.989999999999,7400.33333333333,100,100,1090,4.765111834895925,6.789296636085624,5.472964286804199,-1900.989999999999,-0.04267216375511554,18.825854457086987,0.22856597064269912,0.01994963044611116,0.08333333333333333,824,160.76896268400012,0.3032650947570801
825,5584.695,1873.1399999999994,7288.999999999999,100,100,1089,4.773402753345073,6.693296602387511,5.47955846786499,-1873.1399999999994,0.008011628770165972,20.93602074517144,0.2419098539774293,0.015376711750933383,0.0763888888888889,825,160.78836048499818,0.3032650947570801
826,5590.777,1882.499999999999,7365.666666666663,100,100,1087,4.7856080945557204,6.776142287641824,5.485059976577759,-1882.499999999999,-0.015536273610504234,17.783374057096594,0.2852191232583102,0.024177587506368153,0.0713045637068503,826,160.80788476243666,0.3032650947570801
827,5596.896,1788.0333333333328,7234.333333333331,100,100,1088,4.801623067631975,6.649203431372547,5.502905368804932,-1788.0333333333328,-0.010691242895143874,22.479273263145895,0.28210791901630516,0.00862262150108376,0.06893382352941177,827,160.82645215121255,0.3032650947570801
828,5603.1,1854.966666666666,7319.999999999996,100,100,1089,4.831773186396702,6.721763085399446,5.560862064361572,-1854.966666666666,0.021680076658311818,22.5036135001315,0.2672600778751075,0.027674594240832247,0.125,828,160.8427443521868,0.3032650947570801
829,5609.124,1832.8799999999994,7319.66666666667,100,100,1089,4.721553260939413,6.72145699418427,5.416137456893921,-1832.8799999999994,-0.02324310629369898,15.127723929782709,0.29523230551017654,0.014949279992530743,0.0724826388888889,829,160.86416911924502,0.3032650947570801
830,5622.086,1955.9999999999998,7753.6666666666615,100,100,1092,4.3910517409101,7.100427350427346,5.069007158279419,-1955.9999999999998,-0.025999819445941184,24.32809379365709,0.28065661071903175,0.019441003555483703,0.0763888888888889,830,160.895321777982,0.3032650947570801
831,5628.255,1766.776666666667,7325.333333333334,100,100,1089,4.823374837235854,6.726660544842364,5.528040647506714,-1766.776666666667,-0.014958503863049878,37.76288464251492,0.2783413898903986,0.008075360034126788,0.07942708333333333,831,160.70487470443936,0.3032650947570801
832,5634.34,1831.9000000000005,7304.666666666669,100,100,1088,4.782643656974816,6.713848039215688,5.474944353103638,-1831.9000000000005,-0.014190388514715083,16.68435051861931,0.2616405570331742,0.006471364663037307,0.08685661764705882,832,160.72440844804098,0.3032650947570801
833,5640.414,1811.1066666666663,7347.666666666666,100,100,1086,4.782008102895181,6.765807243707796,5.461554288864136,-1811.1066666666663,-0.01168373621561948,21.06659277747659,0.2625259976176655,0.013109243164174533,0.07462642298025243,833,160.74386954060844,0.3032650947570801
834,5646.552,1797.5366666666666,7279.000000000001,100,100,1090,4.776411743539838,6.677981651376148,5.480820655822754,-1797.5366666666666,-0.023290097403029602,19.145567049582798,0.24042121274396777,0.02735430013368993,0.0954861111111111,834,160.7621702857832,0.3032650947570801
835,5652.614,1929.9233333333334,7547.333333333332,100,100,1088,4.77089687688824,6.93688725490196,5.468405485153198,-1929.9233333333334,-0.015283074229955673,18.02021281859454,0.2586139453684582,0.009305909043177962,0.08731617647058823,835,160.78228066651627,0.3032650947570801
836,5658.663,1791.643333333334,7341.666666666669,100,100,1087,4.764068444416256,6.754063170806503,5.4542553424835205,-1791.643333333334,-0.013863930423908374,19.448468601002414,0.2537831791183528,0.023039041545844692,0.08049574034178958,836,160.8024854803799,0.3032650947570801
837,5664.809,1831.0233333333338,7347.666666666669,100,100,1091,4.78612850710415,6.734799877787964,5.514383792877197,-1831.0233333333338,-0.0376474491527511,18.10122564103868,0.2839343598675062,0.01867090152194982,0.06901041666666667,837,160.8206213579721,0.3032650947570801
838,5670.897,1965.5866666666652,7605.999999999995,100,100,1086,4.771842635309574,7.003683241252298,5.465728044509888,-1965.5866666666652,-0.013255556333152688,28.830370790818158,0.29550186281695084,0.014612902301664957,0.07785815920899897,838,160.83947081077932,0.3032650947570801
839,5676.917,1876.276666666666,7501.666666666664,100,100,1088,4.709605421500301,6.894914215686272,5.396577596664429,-1876.276666666666,-0.015036153661854127,20.289051252252914,0.33092057661098595,0.025072093462393454,0.09926470588235294,839,160.86055918389545,0.3032650947570801
840,5689.759,1767.3000000000006,7323.333333333335,100,100,1083,4.419168697851551,6.762080640196985,5.06398868560791,-1767.3000000000006,-0.01297025804353111,19.691884854260614,0.3924511145142948,0.012065150127883124,0.08624906531151603,840,160.89014105054022,0.3032650947570801
841,5695.863,1766.0299999999995,7255.333333333333,100,100,1088,4.789425459902679,6.668504901960784,5.495301008224487,-1766.0299999999995,-0.01967360243639525,23.18817438798792,0.3670036827816683,0.009777392175130765,0.09696691176470588,841,160.70664876180723,0.3032650947570801
842,5701.973,1858.5199999999998,7420.0,100,100,1090,4.7516614673958255,6.807339449541284,5.458477735519409,-1858.5199999999998,0.004148111471699344,21.724644502003986,0.3983710880080859,0.0110812852702414,0.10026041666666667,842,160.72560190812473,0.3032650947570801
843,5708.127,1885.9499999999994,7530.333333333334,100,100,1089,4.7938397599562075,6.91490664217937,5.5044426918029785,-1885.9499999999994,-0.020498989305148523,17.21357416899668,0.3650183793399972,0.022098581985725712,0.11979166666666667,843,160.74310625991242,0.3032650947570801
844,5714.243,1816.3500000000008,7354.333333333335,100,100,1088,4.799156983876053,6.759497549019609,5.503877878189087,-1816.3500000000008,-0.01675922450992991,23.143745085772345,0.3369690346367219,0.011973269016701071,0.0818014705882353,844,160.7614454663954,0.3032650947570801
845,5720.378,1828.6399999999992,7419.666666666662,100,100,1089,4.781988889506622,6.8132843587389,5.483936548233032,-1828.6399999999992,-0.008732426821047233,16.784305292453308,0.31574606026212376,0.008326950277680427,0.06901041666666667,845,160.7794113113139,0.3032650947570801
846,5726.546,1921.0500000000006,7558.333333333333,100,100,1092,4.799465567275247,6.921550671550671,5.527446508407593,-1921.0500000000006,-0.04977874421618051,20.572092413902283,0.3444962460133765,0.022004396476808727,0.10286458333333333,846,160.79693908263042,0.3032650947570801
847,5732.633,1844.556666666666,7361.999999999997,100,100,1087,4.785650967737692,6.772769089236428,5.474622964859009,-1844.556666666666,-0.020818545270765966,25.85089666703168,0.4137572935398887,0.018452485989067045,0.13065330377396414,847,160.81582012163125,0.3032650947570801
848,5738.675,1905.1100000000006,7508.666666666666,100,100,1084,4.759281363795302,6.926814268142681,5.439627408981323,-1905.1100000000006,-0.018930529134676737,16.75970994724947,0.3624364041230258,0.024588292430374113,0.1017769616754616,848,160.8353718201638,0.3032650947570801
849,5744.726,1795.6633333333323,7416.333333333333,100,100,1091,4.726216590329049,6.797739077299114,5.424530506134033,-1795.6633333333323,0.017832002447297175,17.744664192199707,0.35072169949611026,0.02618001898453157,0.11400463018152449,849,160.85588873659378,0.3032650947570801
850,5757.739,1845.62,7429.666666666667,100,100,1090,4.462698347430779,6.816207951070337,5.144156455993652,-1845.62,-0.038317711972114116,20.144204762246872,0.3868131550649802,0.009712385802736713,0.1193576388888889,850,160.88396316576177,0.3032650947570801
851,5763.895,1861.8499999999997,7370.333333333335,100,100,1090,4.796925962073814,6.761773700305811,5.509573936462402,-1861.8499999999997,-0.05290794545888073,15.774476554658678,0.3336869784527355,0.023223938258726977,0.1193576388888889,851,160.69913913472212,0.3032650947570801
852,5770.014,1809.863333333334,7338.666666666667,100,100,1089,4.780657849419106,6.738904193449648,5.482988595962524,-1809.863333333334,0.06580973944316308,21.24615299039417,0.2809884709616502,0.02396011756112178,0.10069444444444445,852,160.71746691622832,0.3032650947570801
853,5776.156,1870.996666666668,7432.333333333331,100,100,1089,4.7891169855511375,6.824915824915823,5.508237600326538,-1870.996666666668,-0.06199320281545321,12.207599742545021,0.2509194214621352,0.01748928056137326,0.0798611111111111,853,160.735106568863,0.3032650947570801
854,5782.241,1872.2833333333326,7398.666666666662,100,100,1088,4.764304873306708,6.800245098039212,5.469518661499023,-1872.2833333333326,-0.012043769745265736,22.667544645421646,0.22416762131101944,0.019450882747632396,0.08318014705882353,854,160.75413623480944,0.3032650947570801
855,5788.417,1931.969999999999,7482.999999999999,100,100,1091,4.803176352107175,6.858845096241979,5.537232398986816,-1931.969999999999,-0.002474591653380129,24.624635530842674,0.22696321478320491,0.024095690582827147,0.0802951388888889,855,160.77107561635302,0.3032650947570801
856,5794.57,1807.4100000000008,7310.000000000003,100,100,1090,4.789798532894582,6.7064220183486265,5.512070178985596,-1807.4100000000008,-0.025029706303030252,22.594211177693474,0.2583765031562911,0.03136996360909608,0.09114583333333333,856,160.78846802618185,0.3032650947570801
857,5800.683,1837.6333333333328,7332.0,100,100,1088,4.800553215532358,6.738970588235294,5.505595445632935,-1837.6333333333328,-0.0146904810989166,22.039270148557776,0.2277085995849441,0.016293402918724015,0.0818014705882353,857,160.80657031589752,0.3032650947570801
858,5806.774,1788.2566666666671,7251.666666666671,100,100,1089,4.765449219859651,6.659014386287117,5.466346025466919,-1788.2566666666671,-0.04511834717252188,28.717554742263424,0.258261021769916,0.012829516535728343,0.1072048611111111,858,160.82545546367925,0.3032650947570801
859,5812.859,1788.6200000000017,7274.333333333338,100,100,1088,4.765576928120401,6.685968137254906,5.468324899673462,-1788.6200000000017,-0.0124308204771403,20.48353952520034,0.2363373198929955,0.019014815623556974,0.0739889705882353,859,160.84426724353028,0.3032650947570801
860,5825.829,1882.663333333334,7474.333333333337,100,100,1088,4.421003492632949,6.86979166666667,5.088388442993164,-1882.663333333334,-0.013205946970950155,17.369436740875244,0.2834124876295819,0.018804007819305885,0.08088235294117647,860,160.8730507590749,0.3032650947570801
861,5831.943,1739.3833333333343,7218.666666666671,100,100,1086,4.799415284302944,6.64702271332106,5.485313415527344,-1739.3833333333343,-0.014376954504233949,19.957584577448227,0.28724468543249015,0.013113056288977317,0.10537239076460109,861,160.69070977233324,0.3032650947570801
862,5838.086,1929.663333333333,7534.0,100,100,1089,4.775021578842916,6.918273645546373,5.4814064502716064,-1929.663333333333,-0.027588290369345084,25.531760805182987,0.2595107757046612,0.026034748100856733,0.07682291666666667,862,160.7081564348426,0.3032650947570801
863,5844.217,1891.1433333333334,7412.666666666666,100,100,1086,4.804193738995473,6.825659914057703,5.506040096282959,-1891.1433333333334,-0.014477108769557056,24.312800996443805,0.2365809630821733,0.027372724130948295,0.09075545519590378,863,160.72538202499192,0.3032650947570801
864,5850.336,1811.9733333333343,7325.000000000002,100,100,1089,4.782175663619194,6.726354453627183,5.4785730838775635,-1811.9733333333343,-0.008412472696767913,17.896354377269745,0.23732581072383457,0.026175607409742143,0.08116319444444445,864,160.74341506767996,0.3032650947570801
865,5856.429,1868.5366666666662,7448.666666666666,100,100,1085,4.792558616735384,6.865130568356374,5.486721754074097,-1868.5366666666662,-0.014407720882445574,18.13434160456938,0.2884543941301458,0.016891357018132967,0.07554845698177814,865,160.76148447345247,0.3032650947570801
866,5862.505,1727.6333333333337,7246.999999999999,100,100,1087,4.7921321989682255,6.6669733210671565,5.475274324417114,-1727.6333333333337,-0.013541144716060338,32.06057307299446,0.35036280312958884,0.02325039791792412,0.1292819214217803,866,160.78023553080283,0.3032650947570801
867,5868.616,1876.9766666666665,7313.333333333333,100,100,1090,4.7610438514261615,6.709480122324159,5.46002459526062,-1876.9766666666665,0.00023060061761902439,32.4796399474144,0.2943393513560295,0.04774589050632332,0.1076388888888889,867,160.7985671093011,0.3032650947570801
868,5874.716,1743.2399999999998,7246.999999999997,100,100,1084,4.826977953716006,6.68542435424354,5.505311489105225,-1743.2399999999998,-0.01637923755847356,25.869522543514478,0.36673099416143756,0.011226872122600018,0.07349877497729133,868,160.81611404251814,0.3032650947570801
869,5880.759,1859.466666666667,7453.666666666667,100,100,1090,4.731207798393187,6.83822629969419,5.4276392459869385,-1859.466666666667,-0.052692921470022865,19.185835162798565,0.34671815236409503,0.008579391080679165,0.11458333333333333,869,160.83621127797653,0.3032650947570801
870,5893.669,1911.706666666667,7346.666666666669,100,100,1086,4.46596519318778,6.7648864333947225,5.13985013961792,-1911.706666666667,-0.01582020625252934,56.57685852050781,0.28713052676004525,0.02393081071375705,0.08707898460766848,870,160.8632185844354,0.3032650947570801
871,5899.8,1874.7833333333328,7421.666666666664,100,100,1090,4.780306326921756,6.80886850152905,5.501056432723999,-1874.7833333333328,-0.07625584348311855,20.03717300626967,0.29758677340465867,0.01435874472048858,0.07769097222222222,871,160.6859613925008,0.3032650947570801
872,5905.942,2034.8800000000008,7662.666666666667,100,100,1092,4.772822712479848,7.017094017094017,5.497955799102783,-2034.8800000000008,0.004368198518123891,45.26864617400699,0.2759432415995333,0.018499880304767027,0.07421875,872,160.70373211375744,0.3032650947570801
873,5912.065,1869.996666666667,7402.000000000001,100,100,1091,4.775798166666682,6.784601283226398,5.495373487472534,-1869.996666666667,-0.04508726660990053,17.832558419969345,0.3102496572666698,0.019380798731516633,0.1111111119389534,873,160.72183355190032,0.3032650947570801
874,5918.117,1919.66,7500.333333333337,100,100,1087,4.751012419271621,6.9000306654400525,5.436213731765747,-1919.66,-0.014379811747109188,20.16783582462984,0.2653121334664962,0.015344031545443131,0.0717568279189222,874,160.74116028405663,0.3032650947570801
875,5924.246,1819.5633333333335,7330.333333333335,100,100,1089,4.789573186516755,6.731251913070096,5.497772693634033,-1819.5633333333335,0.0014105055274234877,14.626684453752306,0.2449827949102554,0.012136262084823102,0.0842013888888889,875,160.7586751279801,0.3032650947570801
876,5930.316,1887.3666666666668,7443.000000000005,100,100,1088,4.764529135226279,6.840992647058828,5.455976724624634,-1887.3666666666668,-0.015143951565465507,16.953797620885513,0.2626184733474956,0.023205782221767175,0.07766544117647059,876,160.77760906615464,0.3032650947570801
877,5936.431,1906.173333333333,7404.666666666665,100,100,1091,4.766365902572631,6.787045523984111,5.48559308052063,-1906.173333333333,-0.029221921900494233,18.980157057444256,0.2507655852370792,0.011073048129522553,0.08174189842409557,877,160.79576957661587,0.3032650947570801
878,5942.452,1830.8166666666664,7458.666666666666,100,100,1087,4.7534275979914025,6.861698865378718,5.434977293014526,-1830.8166666666664,-0.011827495455851449,27.653047673842487,0.22377973269013798,0.011843694855034462,0.06441847596536665,878,160.81577631742144,0.3032650947570801
879,5948.437,1798.5199999999998,7241.333333333335,100,100,1083,4.723876363633068,6.686365035395507,5.390639066696167,-1798.5199999999998,-0.014989290838403738,21.342305183410645,0.21357102889348478,0.020274221212329233,0.07782901275683851,879,160.83602002139367,0.3032650947570801
880,5961.349,1868.7633333333329,7388.33333333333,100,100,1087,4.411174793425252,6.796994786875189,5.071231365203857,-1868.7633333333329,-0.012566158547997475,18.374239192289465,0.21042159528416746,0.019972817184787023,0.06625671136905165,880,160.8652978751626,0.3032650947570801
881,5967.491,1888.6566666666665,7408.666666666665,100,100,1091,4.790877360179611,6.790711885120683,5.517131090164185,-1888.6566666666665,0.02010069430495302,18.173818661106957,0.20718995895650652,0.026661445285387546,0.06901041666666667,881,160.68745970312796,0.3032650947570801
882,5973.587,1861.9466666666672,7343.000000000004,100,100,1090,4.7511011007489685,6.7366972477064255,5.451606512069702,-1861.9466666666672,-0.01199927149961392,19.573745855026775,0.20135817656086552,0.02651506495506813,0.08506944444444445,882,160.70596131928102,0.3032650947570801
883,5979.712,1883.6733333333332,7437.333333333332,100,100,1089,4.780788063751559,6.829507193143556,5.490346670150757,-1883.6733333333332,0.0005675417164133654,17.69473661151197,0.21419627897234428,0.018623490746702172,0.06076388888888889,883,160.72345981211615,0.3032650947570801
884,5985.862,1779.7233333333331,7217.333333333331,100,100,1089,4.7976435267959125,6.6274869911233525,5.4983344078063965,-1779.7233333333331,0.02580683787042896,21.72811860508389,0.19973756559193134,0.018284823635541316,0.0646701388888889,884,160.74029694408065,0.3032650947570801
885,5991.962,1789.8799999999992,7221.0,100,100,1086,4.804717128668461,6.649171270718232,5.495455741882324,-1789.8799999999992,-0.011912725948016433,19.47517465142643,0.24061495723093257,0.02538320915396873,0.08197936415672302,885,160.75786090289532,0.3032650947570801
886,5998.103,1827.7566666666673,7273.000000000001,100,100,1089,4.779988886036759,6.678604224058771,5.479496240615845,-1827.7566666666673,-0.03539539102671875,15.748993125226763,0.24059842389801311,0.016338269963550072,0.07335069444444445,886,160.77482612308688,0.3032650947570801
887,6004.222,1806.2933333333337,7373.000000000001,100,100,1087,4.817534131430631,6.782888684452622,5.516936540603638,-1806.2933333333337,-0.017650354434462154,16.74653990128461,0.3109193742275238,0.009268851276240586,0.0905987399027628,887,160.792022370301,0.3032650947570801
888,6010.285,1922.8666666666663,7519.000000000003,100,100,1088,4.747623622974703,6.910845588235297,5.438899755477905,-1922.8666666666663,-0.01150622109279913,23.72911366294412,0.3035527016310131,0.017342166961444652,0.08409926470588236,888,160.81084191119535,0.3032650947570801
889,6016.373,1891.81,7411.999999999996,100,100,1089,4.729126813745381,6.806244260789712,5.441740274429321,-1891.81,0.003210849594324827,22.640708128611248,0.2768480185833242,0.028574440882140253,0.10026041666666667,889,160.8291349177536,0.3032650947570801
890,6029.33,1836.2366666666667,7373.0,100,100,1087,4.426590063315307,6.7828886844526215,5.077145338058472,-1836.2366666666667,-0.01185765495414243,19.995139851289636,0.28537578223382726,0.007537079550435438,0.0870098046520177,890,160.85756380132577,0.3032650947570801
891,6035.464,1886.7199999999998,7365.666666666666,100,100,1089,4.7903547281120575,6.763697581879399,5.497456789016724,-1886.7199999999998,-0.06843440288988252,19.38463468808267,0.3156535608900918,-0.004475440403136115,0.10980902777777778,891,160.68094465144662,0.3032650947570801
892,6041.569,1865.3833333333334,7429.0,100,100,1088,4.79982582745673,6.828125,5.501423120498657,-1865.3833333333334,-0.013823219520204207,18.90162644666784,0.23277999460697174,0.01931433893589522,0.08685661764705882,892,160.69864888410595,0.3032650947570801
893,6047.692,1852.6533333333325,7363.666666666666,100,100,1091,4.770265995331901,6.74946532233425,5.486103296279907,-1852.6533333333325,-0.023959438730445173,16.418648958206177,0.2148660071608093,0.02643925761286583,0.08174189842409557,893,160.71639031962155,0.3032650947570801
894,6053.858,1874.8233333333337,7460.000000000003,100,100,1090,4.807159357059132,6.844036697247709,5.528416633605957,-1874.8233333333337,-0.014960878683875004,17.21077957087093,0.20853935482187402,0.024762978437744703,0.0837673611111111,894,160.73271546884334,0.3032650947570801
895,6059.945,1830.4766666666665,7271.0,100,100,1083,4.778809512325581,6.713758079409049,5.452815294265747,-1830.4766666666665,-0.00985628618475269,20.54359214446124,0.26759379926849813,0.019669651911552885,0.09333717581980369,895,160.74998205856278,0.3032650947570801
896,6066.086,1878.776666666666,7377.333333333331,100,100,1088,4.805282719590811,6.780637254901959,5.513888835906982,-1878.776666666666,-0.01446449920973357,19.932852576760684,0.26861866344423857,0.019198625671218477,0.08042279411764706,896,160.76658721413406,0.3032650947570801
897,6072.25,1938.7399999999989,7430.999999999996,100,100,1089,4.781199909624352,6.823691460055093,5.494574785232544,-1938.7399999999989,0.0010367601902948485,22.429070260789658,0.24972566796673668,0.02504527635109197,0.07118055555555555,897,160.78272848853152,0.3032650947570801
898,6078.343,1802.3500000000006,7333.333333333337,100,100,1087,4.781460900137264,6.746396810794238,5.4737772941589355,-1802.3500000000006,-0.014101114480153602,26.688512802124023,0.2512433822540676,0.015143165111486964,0.08887721861110014,898,160.80041317150136,0.3032650947570801
899,6084.402,1821.0566666666675,7328.0,100,100,1087,4.74054765642947,6.741490340386385,5.433284044265747,-1821.0566666666675,-0.006124340162119444,17.580652040593765,0.2319399670642965,0.019019826626925564,0.08094800438951044,899,160.8189292316161,0.3032650947570801
900,6097.288,1807.5766666666677,7185.6666666666715,100,100,1085,4.407785898439312,6.622734254992324,5.052126169204712,-1807.5766666666677,-0.015122948378762779,20.38795872295604,0.23106375380473979,0.017365833597175556,0.07936053482048652,900,160.84759427261426,0.3032650947570801
901,6103.356,1852.4133333333332,7362.666666666669,100,100,1086,4.7612896866146235,6.779619398403931,5.4481024742126465,-1852.4133333333332,-0.011375858886715244,22.32871695125804,0.2572209804373629,0.018170314151040444,0.07412239076460109,901,160.67521124507763,0.3032650947570801
902,6109.481,1783.5,7200.999999999999,100,100,1087,4.819231373112282,6.6246550137994475,5.520928382873535,-1783.5,-0.01374160947606844,28.219778621897976,0.2524375398369396,0.01836953849038657,0.08606880311580266,902,160.6920400046464,0.3032650947570801
903,6115.573,1790.0266666666669,7366.666666666667,100,100,1088,4.7844829043563495,6.770833333333334,5.474866628646851,-1790.0266666666669,-0.016774694161380038,29.398423755870144,0.29954756708706126,0.006043534157523776,0.0859375,903,160.7098807011416,0.3032650947570801
904,6121.668,1848.2033333333322,7312.999999999995,100,100,1084,4.788174354720421,6.746309963099627,5.4655845165252686,-1848.2033333333322,-0.015869873028029415,36.48857509388643,0.2635335562860264,0.025507790426833227,0.10514705913031802,904,160.72694635780823,0.3032650947570801
905,6127.757,1899.17,7510.333333333334,100,100,1089,4.7612095501186635,6.896541169268443,5.468475818634033,-1899.17,-0.021020336283577815,16.959527081913418,0.255403820425272,0.028766523264089808,0.1032986111111111,905,160.74494711560925,0.3032650947570801
906,6133.897,1902.1499999999994,7489.000000000003,100,100,1089,4.785491643739476,6.876951331496788,5.505441427230835,-1902.1499999999994,-0.021091825380507443,14.872288955582512,0.24976759114199215,0.07678400288892186,0.1328125,906,160.76157276963042,0.3032650947570801
907,6139.968,1845.4433333333332,7434.0,100,100,1086,4.742289504527696,6.845303867403315,5.435266494750977,-1845.4433333333332,-0.013923353114959729,17.020656193003934,0.24604156043599634,0.03247973203542642,0.08564101028091767,907,160.77952382466603,0.3032650947570801
908,6146.013,1802.4,7212.333333333338,100,100,1085,4.74854184213751,6.647311827956993,5.433764457702637,-1802.4,-0.011945003588848254,18.428189109353458,0.22022728621959686,0.029545913726906292,0.07887837466071634,908,160.79791323167433,0.3032650947570801
909,6152.037,1743.2133333333338,7239.666666666667,100,100,1086,4.698138210762114,6.666359729895642,5.379725694656372,-1743.2133333333338,-0.014943752903491259,20.241954242481906,0.21097523456110673,0.029666511995909625,0.08151980533319361,909,160.81696658448365,0.3032650947570801
910,6164.98,1795.8766666666668,7251.999999999999,100,100,1090,4.383658713537243,6.653211009174311,5.047168254852295,-1795.8766666666668,-0.056570631037983626,16.403901365068222,0.21658133016171632,0.018190138856880367,0.06987847222222222,910,160.8454422405448,0.3035702705383301
911,6171.114,1818.6333333333334,7298.666666666668,100,100,1091,4.761751143408617,6.689886953864957,5.4766316413879395,-1818.6333333333334,-0.03513520314461655,18.126084592607285,0.21120691696544075,0.024734505139753712,0.09360532462596893,911,160.67327006065554,0.3035702705383301
912,6177.218,1768.573333333334,7275.666666666671,100,100,1089,4.755924240308852,6.68105295378023,5.449830055236816,-1768.573333333334,-0.04286348871472809,17.90235908826192,0.18179927005120947,0.03042149848382299,0.07465277777777778,912,160.69080432176582,0.3035702705383301
913,6183.345,1871.976666666666,7464.999999999997,100,100,1089,4.768147198179749,6.854912764003671,5.479398488998413,-1871.976666666666,0.03009504022904568,19.927758809592987,0.1772471855947515,0.2287821333286249,0.09722222222222222,913,160.70766928374252,0.3035702705383301
914,6189.436,1754.1633333333332,7196.666666666666,100,100,1088,4.7683341904570735,6.614583333333333,5.465087652206421,-1754.1633333333332,-0.011866175076540779,17.01991532830631,0.15035123334211462,0.023014015055891564,0.07628676470588236,914,160.7253188792929,0.3035702705383301
915,6195.557,1853.0700000000004,7476.666666666671,100,100,1090,4.77235082402364,6.859327217125386,5.481227397918701,-1853.0700000000004,-0.05797883164551523,20.10895397928026,0.16407565193043816,0.03311185417987872,0.07161458333333333,915,160.74245668437138,0.3035702705383301
916,6201.676,1797.1166666666668,7305.000000000003,100,100,1086,4.781705614940039,6.726519337016577,5.478214263916016,-1797.1166666666668,-0.008650575682301731,19.26016580357271,0.1498514543123105,0.038639567402081895,0.07416686415672302,916,160.7589581799882,0.3035702705383301
917,6207.738,1784.9133333333343,7328.333333333335,100,100,1087,4.760697884669334,6.741796994786877,5.447738409042358,-1784.9133333333343,-0.008693770998541047,16.006841098561008,0.1479475013911724,0.009742256082758746,0.06211338718147839,917,160.77710825728215,0.3035702705383301
918,6213.829,1879.2799999999997,7443.666666666665,100,100,1088,4.766697795703829,6.841605392156861,5.468380451202393,-1879.2799999999997,-0.009881654863848406,17.080408685347614,0.14167252402095235,0.029374963340267318,0.07582720588235294,918,160.7945730194286,0.3035702705383301
919,6219.833,1809.1600000000012,7343.333333333338,100,100,1088,4.680314796560731,6.749387254901965,5.362435817718506,-1809.1600000000012,-0.011373401674277642,14.158285603803748,0.15676170215010643,0.017974121715216076,0.07169117647058823,919,160.81428313175005,0.3035702705383301
920,6232.712,1850.8200000000008,7453.333333333338,100,100,1087,4.423949861382378,6.856792394970872,5.087459325790405,-1850.8200000000008,-0.012061954421155593,17.645332112031824,0.17267016825430534,0.043333168004584664,0.0809771828353405,920,160.84117698887053,0.3035702705383301
921,6238.886,1900.6033333333344,7432.66666666667,100,100,1091,4.793748210993528,6.812710051940119,5.518485069274902,-1900.6033333333344,0.013385335242168771,19.367507431242203,0.14708730081080526,0.03196423389318978,0.06944444444444445,921,160.67227093143072,0.3035702705383301
922,6244.963,1828.9633333333345,7293.333333333337,100,100,1087,4.765701564174512,6.70959828273536,5.453386068344116,-1828.9633333333345,-0.012084730024285176,16.326271253473617,0.158796505892978,0.0340440738672281,0.0777237981229144,922,160.6899894597904,0.3035702705383301
923,6251.046,1930.6800000000005,7509.000000000001,100,100,1087,4.757605244601771,6.908003679852807,5.454277276992798,-1930.6800000000005,-0.010945088558775537,20.605277005363913,0.15829959599410787,0.036563219673767244,0.08237044863841113,923,160.70750037564133,0.3035702705383301
924,6257.196,1761.6799999999994,7316.666666666664,100,100,1092,4.7882137386872,6.700244200244198,5.511951923370361,-1761.6799999999994,-0.023347646618882816,25.878162542978924,0.19739786494109365,0.02046848133452133,0.09375,924,160.72410370833288,0.3035702705383301
925,6263.268,1816.8599999999994,7272.666666666669,100,100,1087,4.777565412351857,6.690585709904939,5.470459461212158,-1816.8599999999994,-0.010690927998546292,15.217062894035788,0.1812802097376655,0.0270582942672156,0.07270512401181109,925,160.74181027844034,0.3035702705383301
926,6269.378,1800.0966666666677,7356.000000000003,100,100,1087,4.782968352500799,6.767249310027601,5.483973503112793,-1800.0966666666677,-0.013915850561769569,17.58766003216014,0.1855696617242168,0.02661398656816934,0.07500291812945814,926,160.75853871814496,0.3035702705383301
927,6275.471,1736.8800000000006,7139.3333333333385,100,100,1088,4.796996140451965,6.561887254901966,5.488086700439453,-1736.8800000000006,-0.010423564845148255,26.00565467161291,0.1792132948689601,0.015403353920726873,0.07996323529411764,927,160.77581935773128,0.3035702705383301
928,6281.61,1831.7466666666671,7481.666666666667,100,100,1088,4.789627204659422,6.876531862745098,5.489869832992554,-1831.7466666666671,-0.012548511669806698,16.4787592607386,0.19892548725885503,0.02655865002067431,0.07766544117647059,928,160.79190973352542,0.3035702705383301
929,6287.682,1789.8366666666666,7264.999999999998,100,100,1092,4.7287514655861065,6.6529304029304015,5.434725522994995,-1789.8366666666666,-0.04541812857819928,19.651496436860825,0.20897037949826983,0.027640868652573165,0.09418402777777778,929,160.81029671411653,0.3035702705383301
930,6300.576,1854.1366666666663,7448.666666666666,100,100,1087,4.372637076543262,6.852499233363998,5.014232158660889,-1854.1366666666663,-0.012627683278611478,14.68651392880608,0.1669323415878941,0.020519021501326385,0.06438929762910395,930,160.83929265421904,0.3035702705383301
931,6306.728,1782.0833333333346,7248.333333333339,100,100,1090,4.800502662311966,6.6498470948012285,5.5139360427856445,-1782.0833333333346,-0.007141059781942103,17.706685211923386,0.1722920429528535,0.015021035201951034,0.06163194444444445,931,160.6698355282521,0.3035702705383301
932,6312.82,1756.673333333333,7240.666666666666,100,100,1090,4.759637428951715,6.642813455657492,5.455367803573608,-1756.673333333333,-0.001389713181803624,12.915586537785,0.17569123964429106,0.02385510821154134,0.06163194444444445,932,160.6874549748621,0.3035702705383301
933,6318.956,1840.6166666666663,7381.333333333331,100,100,1089,4.774289162054699,6.778083868992958,5.476850509643555,-1840.6166666666663,0.0220726546831429,14.332211593786875,0.1757940979118253,0.012859429627294756,0.057291666666666664,933,160.70377364542279,0.3035702705383301
934,6325.099,1814.6533333333336,7254.666666666669,100,100,1087,4.7788925463780965,6.674026372278444,5.473766565322876,-1814.6533333333336,-0.01200039017781177,25.653359665590173,0.19921919352868023,0.030606930931646598,0.07268324034178958,934,160.7195398172355,0.3035702705383301
935,6331.167,1813.8099999999995,7429.000000000001,100,100,1090,4.7451660537947005,6.8155963302752305,5.441528797149658,-1813.8099999999995,-0.023706071958359744,19.165126297209,0.17686613495118308,0.012554082353340669,0.06684027777777778,935,160.7376607556518,0.3035702705383301
936,6337.261,1824.7999999999997,7340.999999999999,100,100,1088,4.78581571865909,6.7472426470588225,5.479164361953735,-1824.7999999999997,-0.006225304239813019,12.131619341233197,0.176925209515235,0.0200307934120407,0.06939338235294118,936,160.75478595861844,0.3035702705383301
937,6343.355,1878.1266666666668,7361.0,100,100,1089,4.7670088159356565,6.75941230486685,5.463597059249878,-1878.1266666666668,-0.002905710962497526,30.581029577387703,0.17275786420537365,0.04734113377829393,0.06553819444444445,937,160.77201595795725,0.3035702705383301
938,6349.489,1923.6599999999992,7505.666666666667,100,100,1087,4.8079438803789465,6.9049371358478995,5.516294002532959,-1923.6599999999992,-0.013256408137214534,38.70385153153364,0.15200339126236298,0.03700270954697557,0.07634512159754248,938,160.7879117035715,0.3035702705383301
939,6355.588,1819.466666666667,7378.66666666667,100,100,1089,4.749580624143878,6.775635139271506,5.448511600494385,-1819.466666666667,-0.01657452563651734,16.134361531999375,0.14982951515250736,0.01994176641003125,0.0646701388888889,939,160.80494814987793,0.3035702705383301
940,6368.561,1839.1833333333334,7351.333333333336,100,100,1088,4.4082506438451885,6.756740196078433,5.0675153732299805,-1839.1833333333334,-0.010083243031712139,16.32795622769524,0.16681381424560265,0.02160627323695842,0.0703125,940,160.83204966781545,0.3035702705383301
941,6374.686,1718.1599999999994,7154.666666666665,100,100,1090,4.780519264963789,6.563914373088684,5.4807963371276855,-1718.1599999999994,0.0011251663478712242,28.131916297806633,0.15149469735721746,0.02553428528416488,0.06770833333333333,941,160.66485822066258,0.3035702705383301
942,6380.821,1847.9666666666665,7316.000000000004,100,100,1090,4.7794911003278555,6.7119266055045905,5.492192506790161,-1847.9666666666665,0.04995331113847593,16.769165522522396,0.17610668658302428,0.02957972648113759,0.08203125,942,160.68121151681137,0.3035702705383301
943,6386.91,1852.4266666666665,7393.000000000001,100,100,1088,4.765433730854591,6.795036764705883,5.461697101593018,-1852.4266666666665,-0.012542708776891232,22.748838396633374,0.17712728569612785,0.029243819603888208,0.0822610294117647,943,160.69836377473467,0.3035702705383301
944,6392.985,1769.653333333334,7243.333333333334,100,100,1087,4.7629057938873895,6.6636001226617605,5.452263593673706,-1769.653333333334,-0.013256447554072914,15.503158008351045,0.1762298485812019,0.019896927322192556,0.06301791571518954,944,160.71569637480482,0.3035702705383301
945,6399.018,1731.9833333333343,7199.000000000003,100,100,1088,4.734448069297393,6.616727941176473,5.4214887619018555,-1731.9833333333343,-0.01402111362446757,17.39998727686265,0.16599932444446228,0.03765714294208652,0.07766544117647059,945,160.73420193659666,0.3035702705383301
946,6405.152,1851.2766666666669,7346.666666666666,100,100,1091,4.7736228215333165,6.733883287503819,5.493716478347778,-1851.2766666666669,0.007638866961416271,19.709717591603596,0.13708983672161898,0.027493403254387278,0.059027777777777776,946,160.75058513279234,0.3035702705383301
947,6411.242,1750.0133333333333,7278.333333333333,100,100,1089,4.767955555790083,6.683501683501683,5.4617884159088135,-1750.0133333333333,0.007538618778602945,15.976104219754538,0.1428748649911237,0.020261930372928165,0.06032986111111111,947,160.76775392045712,0.3035702705383301
948,6417.349,1834.983333333333,7298.999999999999,100,100,1089,4.776790082053588,6.702479338842974,5.483333587646484,-1834.983333333333,-0.06152503161380688,26.079103699160946,0.13967989015297158,0.020968829689081758,0.0642361111111111,948,160.7844810215672,0.3035702705383301
949,6423.388,1818.2999999999997,7330.666666666667,100,100,1086,4.731039780116611,6.750153468385513,5.405763387680054,-1818.2999999999997,-0.010229272822685102,13.128642755396227,0.15769195644294515,0.01700667734257877,0.062203510280917675,949,160.80236006970054,0.3035702705383301
950,6436.41,1804.6033333333335,7311.333333333334,100,100,1090,4.449155505686793,6.707645259938839,5.129266262054443,-1804.6033333333335,0.0028945676361521087,15.66381663746304,0.16848115904981065,0.012988307202855745,0.06553819444444445,950,160.82718891064766,0.3035702705383301
951,6442.562,1889.2166666666665,7329.333333333334,100,100,1089,4.79885693278191,6.730333639424549,5.515819787979126,-1889.2166666666665,0.0175285664283567,29.686623414357502,0.18352283206250933,0.03342068530360444,0.07421875,951,160.66202752071197,0.3035702705383301
952,6448.676,1723.773333333333,7204.0,100,100,1089,4.769934893883354,6.61524334251607,5.467298984527588,-1723.773333333333,-0.006118484669261509,19.62359020445082,0.15061447103249115,0.012725967487009862,0.058159722222222224,952,160.67857344344523,0.3035702705383301
953,6454.811,1870.256666666666,7360.666666666664,100,100,1092,4.77994358942728,6.740537240537238,5.5029966831207275,-1870.256666666666,0.022987289095504418,21.633423699273003,0.18372485559019777,0.019966828966668498,0.06553819444444445,953,160.69501997635152,0.3035702705383301
954,6460.899,1735.546666666666,7257.333333333331,100,100,1087,4.773234590059515,6.676479607482365,5.462274074554443,-1735.546666666666,-0.010707027717109989,20.556159103617947,0.2007785719983718,0.010698328570202541,0.06627130048239932,954,160.71184681809214,0.3035702705383301
955,6467.037,1893.3,7438.999999999999,100,100,1088,4.794102755541269,6.837316176470587,5.505691051483154,-1893.3,-0.011431677212171695,26.86780548095703,0.2029146499493543,0.014128835902631502,0.0661764705882353,955,160.72755441463107,0.3035702705383301
956,6473.171,1862.3566666666666,7452.333333333331,100,100,1092,4.759841666052854,6.824481074481072,5.481465101242065,-1862.3566666666666,-0.056968215904715985,19.640397681130302,0.1977713705661396,0.025511323705561355,0.07335069444444445,956,160.74392897781556,0.3035702705383301
957,6479.264,1836.1700000000003,7401.666666666667,100,100,1088,4.7687822619028495,6.803002450980393,5.46690821647644,-1836.1700000000003,-0.011556756299208193,16.82850632948034,0.22835468500852585,0.008204501502298038,0.06525735294117647,957,160.76069107081526,0.3035702705383301
958,6485.319,1776.1900000000005,7300.0,100,100,1084,4.745803321917916,6.734317343173432,5.419209957122803,-1776.1900000000005,-0.010656767141293077,12.619535151649924,0.23160711259526365,0.011329205028767534,0.0637254904517356,958,160.77775958761376,0.3035702705383301
959,6491.411,1840.8133333333335,7318.666666666667,100,100,1089,4.7261191923701515,6.720538720538721,5.432007312774658,-1840.8133333333335,-0.04418350337073207,12.917324701944986,0.1845647168714398,0.009482416034896031,0.05772569444444445,959,160.79463539433308,0.3035702705383301
960,6504.333,1760.923333333333,7289.666666666666,100,100,1088,4.398706156066242,6.700061274509803,5.078991174697876,-1760.923333333333,-0.012684987200533642,16.827337321113138,0.19504007697105408,0.009992357062668922,0.07352941176470588,960,160.82043268093648,0.3035702705383301
961,6510.526,1794.689999999999,7279.999999999998,100,100,1089,4.807882552284019,6.685032139577593,5.525934219360352,-1794.689999999999,-0.015848896724896297,14.314889347801605,0.20231883596837483,0.0081644241969722,0.09505208333333333,961,160.65691639232458,0.3035702705383301
962,6516.611,1724.4066666666656,7272.999999999994,100,100,1089,4.744893937633365,6.6786042240587635,5.438474655151367,-1724.4066666666656,-0.013758972080217468,16.84601878416207,0.21202245401056846,0.013280594312365994,0.0642361111111111,962,160.6739957510142,0.3035702705383301
963,6522.757,1860.2399999999993,7392.333333333333,100,100,1088,4.807135664176552,6.794424019607843,5.5207436084747314,-1860.2399999999993,-0.014950467273592949,20.718649808098288,0.21710718028685627,0.02183594276977922,0.0666360294117647,963,160.68944223547743,0.3035702705383301
964,6528.817,1835.9433333333334,7417.666666666669,100,100,1088,4.744391451715594,6.817708333333336,5.437762260437012,-1835.9433333333334,-0.013874134185778745,16.053137330447925,0.22106505623635123,0.008332214955076137,0.06158088235294118,964,160.7069037915788,0.3035702705383301
965,6534.942,1790.9233333333334,7319.999999999999,100,100,1088,4.801423253036988,6.727941176470587,5.505309581756592,-1790.9233333333334,-0.012297988376196693,17.47187064675724,0.23195114994750304,0.008077937342664775,0.05744485294117647,965,160.72277097064253,0.3035702705383301
966,6540.981,1789.2266666666662,7312.333333333332,100,100,1088,4.738200736563372,6.720894607843136,5.4273974895477295,-1789.2266666666662,-0.01123153478564585,13.155986926134895,0.19894083764623194,0.010379271855687393,0.05698529411764706,966,160.74072124823485,0.3035702705383301
967,6547.081,1692.1433333333327,7165.999999999999,100,100,1088,4.785127019953078,6.586397058823529,5.483282089233398,-1692.1433333333327,-0.01340624613358694,22.47409189448637,0.22692383475163402,0.014059805174303405,0.06479779411764706,967,160.75714801120486,0.3035702705383301
968,6553.203,1838.3799999999997,7374.666666666666,100,100,1089,4.774731223850321,6.7719620446893165,5.477297782897949,-1838.3799999999997,0.0013170075188908312,19.926859855651855,0.22555171553742703,0.0136766436496853,0.07335069444444445,968,160.77314280234427,0.3035702705383301
969,6559.212,1782.9200000000005,7266.333333333333,100,100,1088,4.7144052379521515,6.6786151960784315,5.401665449142456,-1782.9200000000005,-0.013639148762997459,14.529297407935648,0.2272354684331838,0.01838643031934386,0.07169117647058823,969,160.79172774855613,0.3035702705383301
970,6572.1,1670.9666666666672,7094.999999999997,100,100,1087,4.408942132724729,6.5271389144434195,5.064349412918091,-1670.9666666666672,-0.012386075385353145,18.988176570219153,0.2439065001466695,0.003254172974266112,0.05891106463968754,970,160.81850582148928,0.3035702705383301
971,6578.277,1913.2766666666678,7477.333333333336,100,100,1088,4.811903309553814,6.872549019607845,5.522901296615601,-1913.2766666666678,-0.01624735611874391,43.39163914848776,0.2915174141526222,0.030937373617609197,0.07950367647058823,971,160.6563577812961,0.3035702705383301
972,6584.412,1831.8400000000006,7369.333333333338,100,100,1089,4.769311846243312,6.767064585246407,5.469529390335083,-1831.8400000000006,-0.037563706334266395,15.27270758152008,0.2798351293636693,0.03672370297135785,0.09288194444444445,972,160.67206002279866,0.3035702705383301
973,6590.564,1766.066666666667,7285.0,100,100,1089,4.781576215257036,6.689623507805326,5.485552549362183,-1766.066666666667,0.002924222938923372,13.874899281395805,0.2698542312201526,0.011386771214246336,0.0703125,973,160.6873081938284,0.3035702705383301
974,6596.654,1750.18,7209.666666666666,100,100,1085,4.803939169586083,6.6448540706605215,5.485015392303467,-1750.18,-0.013493937549783903,16.086006304797003,0.2627786568859044,0.005039606568650068,0.075616260552231,974,160.70345225675428,0.3035702705383301
975,6602.728,1725.0766666666668,7241.333333333334,100,100,1085,4.784665528410179,6.674039938556068,5.4644269943237305,-1725.0766666666668,-0.014019639683229959,26.871615353752585,0.27311347775599537,0.003002858590608572,0.06502380627481376,975,160.7199423431634,0.3035702705383301
976,6608.761,1728.8099999999997,7151.333333333334,100,100,1087,4.758084082347105,6.578963508126342,5.435242176055908,-1728.8099999999997,-0.014385246123899431,12.989603337119608,0.3357071745045045,0.02142017468234853,0.08236315386260257,976,160.7377279882808,0.3035702705383301
977,6614.859,1811.3133333333337,7393.666666666668,100,100,1087,4.774752528155642,6.801901257283043,5.472461462020874,-1811.3133333333337,-0.015142743393559666,15.649449236252728,0.3068646569462383,0.013984204071354778,0.08052491878761965,977,160.75384517671975,0.3035702705383301
978,6620.948,1903.9033333333332,7469.000000000001,100,100,1088,4.742701928347849,6.864889705882354,5.4406328201293945,-1903.9033333333332,-0.016367903855793616,27.61735231736127,0.29978544396512646,0.016241695695498493,0.07123161764705882,978,160.7703395983851,0.3035702705383301
979,6626.942,1857.8366666666666,7363.666666666668,100,100,1086,4.697211048588102,6.780540208717006,5.38707971572876,-1857.8366666666666,-0.013300042380304897,23.85755968093872,0.2925993800163269,0.02625244384056286,0.07143916014362783,979,160.78880648369312,0.3035702705383301
980,6639.755,1713.9000000000005,7133.000000000002,100,100,1088,4.3459539541372045,6.55606617647059,4.9890453815460205,-1713.9000000000005,-0.012832037008860531,22.060638904571533,0.2655632561620544,0.020835154611096883,0.07628676470588236,980,160.81722556720248,0.3035702705383301
981,6645.873,1760.34,7277.333333333337,100,100,1091,4.770243261905778,6.670333027803242,5.469038963317871,-1760.34,0.008756079969720708,25.232742680443657,0.2923361456228627,0.018627096657938737,0.0802951388888889,981,160.65865074660397,0.3035702705383301
982,6652.003,1824.6066666666666,7410.666666666667,100,100,1089,4.7815480272484905,6.805019895928987,5.481263160705566,-1824.6066666666666,-0.10238644661795762,25.343544218275284,0.25845518325352007,0.03362805110454145,0.0703125,982,160.67431002312733,0.3035702705383301
983,6658.087,1815.0700000000004,7377.333333333337,100,100,1088,4.779164615790839,6.780637254901964,5.469782829284668,-1815.0700000000004,-0.012152265236877343,12.571408706552843,0.2898102564846768,0.017451637968941426,0.07720588235294118,983,160.69090133619855,0.3035702705383301
984,6664.197,1805.766666666667,7295.333333333336,100,100,1089,4.777749586650286,6.699112335475974,5.472882509231567,-1805.766666666667,-0.030324501735675666,16.220893080035847,0.3212133124470711,0.01815141807957035,0.0954861111111111,984,160.70699128959842,0.3035702705383301
985,6670.308,1802.0999999999992,7359.666666666661,100,100,1088,4.789710017789997,6.764399509803916,5.492821216583252,-1802.0999999999992,-0.013594266903751036,16.753598858328427,0.2700512790504624,0.017425263423801345,0.078125,985,160.72286019423584,0.3035702705383301
986,6676.374,1826.023333333334,7243.3333333333385,100,100,1087,4.749435512905918,6.663600122661765,5.437973976135254,-1826.023333333334,-0.010575573083341998,14.48316733977374,0.2544798715149655,0.021041314744198805,0.07589285744025427,986,160.7396464472049,0.3035702705383301
987,6682.461,1791.7233333333338,7268.333333333332,100,100,1088,4.7768770201561415,6.680453431372548,5.477302074432373,-1791.7233333333338,-0.013933300752850139,22.663437590879553,0.24737866398166208,0.022292538626489285,0.06985294117647059,987,160.7560446623907,0.3035702705383301
988,6688.585,1809.5266666666662,7270.333333333332,100,100,1089,4.787576583143977,6.676155494337311,5.492781400680542,-1809.5266666666662,-0.03386247199442652,17.05549140108956,0.26005408064358765,0.036101921594106696,0.0802951388888889,988,160.77168101183054,0.3035702705383301
989,6694.62,1816.2266666666671,7211.333333333335,100,100,1091,4.6845454628528955,6.609838069049803,5.384245157241821,-1816.2266666666671,0.007852800656110048,17.783803515964085,0.22056342288851738,0.021898706113764394,0.07769097222222222,989,160.78971308874722,0.3035702705383301
990,6707.585,1760.4933333333333,7253.000000000001,100,100,1089,4.418986593779344,6.660238751147843,5.08566427230835,-1760.4933333333333,0.023975206021633413,24.866304136398767,0.2736387525995572,0.017287901234036934,0.0998263888888889,990,160.8145842327313,0.3035702705383301
991,6713.761,1781.8099999999997,7258.666666666671,100,100,1089,4.8058918276177405,6.665442301805942,5.511167526245117,-1781.8099999999997,-0.07712728385296133,14.944366799460518,0.2837237765731758,0.02066063673636462,0.08246527777777778,991,160.65572804647397,0.3035702705383301
992,6719.939,1788.1633333333336,7313.333333333332,100,100,1090,4.806861377197293,6.709480122324158,5.521428346633911,-1788.1633333333336,0.014411921405957805,13.99584037065506,0.2761838273468634,0.008659909333800897,0.058159722222222224,992,160.67020846728934,0.3035702705383301
993,6726.041,1827.9466666666674,7377.999999999999,100,100,1090,4.751850000193873,6.76880733944954,5.451410293579102,-1827.9466666666674,-0.01930297962907288,16.269876029756333,0.2540032591463791,0.016741022871833086,0.06684027777777778,993,160.68649548870837,0.3035702705383301
994,6732.153,1774.420000000001,7276.000000000001,100,100,1088,4.793543748960741,6.687500000000001,5.4851765632629395,-1774.420000000001,-0.013536511810825151,16.095120401943433,0.2783188118654139,0.01658371858545305,0.06295955882352941,994,160.70224157431068,0.3035702705383301
995,6738.276,1764.7199999999993,7268.666666666662,100,100,1089,4.801520294166889,6.674625038261398,5.501187562942505,-1764.7199999999993,-0.02186036544541518,25.064785530169804,0.29844680801033974,0.018373955610311694,0.10026041666666667,995,160.71781849200897,0.3035702705383301
996,6744.417,1754.9433333333334,7182.000000000002,100,100,1089,4.78424021933156,6.595041322314051,5.488932132720947,-1754.9433333333334,-0.031044317616356745,17.063048166947233,0.3670988529920578,0.015944325665865716,0.059895833333333336,996,160.73294800271114,0.3035702705383301
997,6750.473,1854.0266666666676,7371.666666666671,100,100,1085,4.76303548436217,6.794162826420894,5.448442697525024,-1854.0266666666676,-0.01427830136655008,18.47974780026604,0.2816184912534321,0.01982355981668019,0.07384582871899885,997,160.74947961636278,0.3035702705383301
998,6756.583,1821.48,7328.66666666667,100,100,1089,4.767457391430441,6.729721456994187,5.469597101211548,-1821.48,-0.0355413221857614,18.932548854086136,0.31411318315400016,0.012970715292289646,0.06163194444444445,998,160.7653174140179,0.3035702705383301
999,6762.63,1799.38,7166.66666666667,100,100,1088,4.71593409715484,6.587009803921571,5.405877113342285,-1799.38,-0.00977708919740775,13.187432219000424,0.24076524596003926,0.005059809167184593,0.06893382352941177,999,160.78242473295668,0.3035702705383301
1000,6775.494,1776.513333333333,7167.999999999999,100,100,1085,4.412281567290906,6.606451612903225,5.052507638931274,-1776.513333333333,-0.014262370436507113,15.809398959664737,0.2664417580646627,0.015319262620965567,0.06314036874648403,1000,160.80822824037426,0.3035702705383301
1001,6781.604,1723.746666666666,7204.333333333332,100,100,1088,4.783395956752322,6.621629901960783,5.474309921264648,-1723.746666666666,-0.01017086164039724,25.708067220800064,0.2303147175732781,0.011341920769636464,0.06939338235294118,1001,160.65299271940216,0.3035702705383301
1002,6787.712,1797.2033333333331,7379.666666666669,100,100,1089,4.781628008102323,6.7765534129170515,5.477821111679077,-1797.2033333333331,0.005636862893071439,13.825073705779182,0.27377966080967375,0.019245916324305452,0.0703125,1002,160.6688643091234,0.3035702705383301
1003,6793.807,1788.559999999999,7250.999999999996,100,100,1088,4.76023869273109,6.664522058823526,5.459681749343872,-1788.559999999999,-0.012739836950512493,19.16006315455717,0.23538186269647934,0.024796015973312453,0.0546875,1003,160.6848819336981,0.3035702705383301
1004,6799.944,1732.6999999999991,7103.0,100,100,1090,4.789590091047245,6.51651376146789,5.491560697555542,-1732.6999999999991,0.0339028421892888,14.531370262304941,0.22972704796120524,0.02754088453043045,0.0724826388888889,1004,160.70015245273734,0.3035702705383301
1005,6806.067,1875.69,7326.666666666668,100,100,1091,4.753685699870569,6.7155514818209605,5.467233657836914,-1875.69,-0.0005399726538194551,43.1012504266368,0.23985462594363424,0.03252433224244871,0.07552083333333333,1005,160.71586385006626,0.3035702705383301
1006,6812.199,1794.7666666666667,7349.333333333337,100,100,1090,4.781282110857444,6.742507645259942,5.489694833755493,-1794.7666666666667,0.00683759618550539,16.45266095797221,0.25860873802513296,0.02205092263304525,0.07421875,1006,160.73121274426015,0.3035702705383301
1007,6818.272,1772.1966666666665,7199.999999999999,100,100,1085,4.7871522568938785,6.635944700460828,5.474535942077637,-1772.1966666666665,-0.011948229854597765,19.39097895341761,0.22995892605360815,0.03477806198369602,0.07699493691325188,1007,160.74717898102136,0.3035702705383301
1008,6824.342,1882.0966666666673,7295.333333333337,100,100,1088,4.75789779343091,6.705269607843141,5.453723669052124,-1882.0966666666673,-0.011235659120275694,24.952434175154742,0.23703988816808252,0.03423032200183062,0.06755514705882353,1008,160.76364125181615,0.3035702705383301
1009,6830.473,1837.9233333333336,7396.333333333334,100,100,1088,4.776180788587012,6.798100490196079,5.487755298614502,-1837.9233333333336,-0.010107583256767076,18.827677895041074,0.21567944261957617,0.02630991633187103,0.04871323529411765,1009,160.7786262502063,0.3035702705383301
1010,6843.388,1836.193333333335,7351.0000000000055,100,100,1088,4.3958215090456445,6.756433823529417,5.0498366355896,-1836.193333333335,-0.014393272261847468,16.510574060327865,0.21459542477832122,0.02948245355475913,0.07490808823529412,1010,160.80439156998037,0.3035702705383301
1011,6849.464,1852.5899999999988,7404.333333333331,100,100,1087,4.726957220591865,6.81171419809874,5.427732467651367,-1852.5899999999988,-0.011355765437816872,23.41903731402229,0.21267152928254185,0.016990993194614182,0.05886729719007716,1011,160.6503762330128,0.3035702705383301
1012,6855.524,1870.8800000000008,7410.6666666666715,100,100,1088,4.73723759109014,6.811274509803926,5.442151784896851,-1870.8800000000008,-0.008579597507110414,20.91425188849954,0.1958792376167634,0.02358719112132402,0.0739889705882353,1012,160.66707669311356,0.3035702705383301
1013,6861.688,1767.936666666667,7157.333333333331,100,100,1084,4.807389484129063,6.602706027060268,5.511108636856079,-1767.936666666667,-0.011899872025584473,15.851610520306755,0.22582031808355274,0.022371688083855108,0.06412377476911335,1013,160.68075485952718,0.3035702705383301
1014,6867.776,1856.36,7352.333333333332,100,100,1090,4.740529358515157,6.745259938837919,5.4488441944122314,-1856.36,-0.058854564300013915,19.439671277999878,0.2250739959757387,0.016247884903956827,0.0681423611111111,1014,160.69699121493971,0.3035702705383301
1015,6873.925,1934.4966666666678,7477.999999999999,100,100,1089,4.775902475944496,6.866850321395775,5.497643709182739,-1934.4966666666678,-0.017525472316063113,26.21984436445766,0.20851376221495835,0.028260186191699985,0.06597222222222222,1015,160.7116759766548,0.3035702705383301
1016,6880.02,1773.5066666666671,7193.333333333338,100,100,1088,4.780059927618233,6.6115196078431415,5.481673240661621,-1773.5066666666671,-0.010994410306653556,13.578265821232515,0.2274504115476328,0.008649444967672667,0.06479779411764706,1016,160.72744952127834,0.3035702705383301
1017,6886.115,1809.9733333333334,7181.333333333336,100,100,1086,4.751427901473966,6.612645794966239,5.44492244720459,-1809.9733333333334,-0.012146812096676406,24.62716551388011,0.19823243184124723,0.02691861637867987,0.06719935948357862,1017,160.74289250586764,0.3035702705383301
1018,6892.13,1819.6466666666668,7227.333333333334,100,100,1088,4.714576104186777,6.642769607843138,5.402318239212036,-1819.6466666666668,-0.01063786490875132,18.462212871102725,0.21051124264212215,0.02015611285562901,0.05974264705882353,1018,160.76045218557928,0.3035702705383301
1019,6898.204,1865.2933333333337,7383.66666666667,100,100,1089,4.726275758577478,6.780226507499237,5.435856580734253,-1865.2933333333337,-0.013605270069092512,13.566311525801817,0.22741976463132435,0.005305441086723779,0.05295138888888889,1019,160.77677039320315,0.3035702705383301
1020,6911.05,1815.6966666666665,7256.9999999999945,100,100,1086,4.36765000125064,6.682320441988945,5.0163373947143555,-1815.6966666666665,-0.012408506618264844,20.410594126757452,0.24626409656861248,0.020271771780886304,0.06814812605871874,1020,160.80298066386223,0.3035702705383301
1021,6917.179,1749.216666666666,7206.999999999995,100,100,1088,4.784419942285133,6.624080882352937,5.484125375747681,-1749.216666666666,-0.00972599648487042,28.327917155097513,0.22360556967118206,0.02266199464622118,0.0739889705882353,1021,160.65002939319996,0.3035702705383301
1022,6923.212,1839.7599999999998,7341.999999999999,100,100,1085,4.741041935456719,6.766820276497695,5.42095422744751,-1839.7599999999998,-0.006641960291958907,20.494778548969943,0.2308731363976703,0.019007960343347965,0.062198649763184434,1022,160.66674463202875,0.3035702705383301
1023,6929.315,1813.9566666666665,7306.333333333332,100,100,1091,4.760262329198802,6.696914146043384,5.477654933929443,-1813.9566666666665,-0.031210993468347523,15.977935499615139,0.24967375376986134,0.013287107796511717,0.07161458333333333,1023,160.68269961952376,0.3035702705383301
1024,6935.438,1817.1033333333328,7397.333333333332,100,100,1089,4.762745823469988,6.792776247321701,5.465322256088257,-1817.1033333333328,-0.0047657797630462385,16.031307405895657,0.19923391275935703,0.020528077736445185,0.055989583333333336,1024,160.69785777272324,0.3035702705383301
1025,6941.518,1857.8266666666668,7393.33333333333,100,100,1088,4.749490168037215,6.795343137254899,5.446366786956787,-1857.8266666666668,-0.013692476129268898,21.97322385451373,0.22494382323587642,0.023348782680627397,0.06939338235294118,1025,160.7138333635322,0.3035702705383301
1026,6947.65,1827.8966666666672,7313.000000000003,100,100,1089,4.755211295773805,6.7153351698806265,5.451083183288574,-1827.8966666666672,-0.005328941158950329,20.206603023740982,0.23706134491496617,0.020421491314967472,0.06597222222222222,1026,160.72873918756656,0.3035702705383301
1027,6953.73,1806.713333333334,7250.333333333335,100,100,1087,4.755545264236773,6.670039865072066,5.441175222396851,-1806.713333333334,-0.010430747588329455,16.21258716022267,0.21624310139347525,0.01882732004228541,0.07314279894618426,1027,160.7445340054678,0.3035702705383301
1028,6959.847,1750.1133333333335,7366.333333333336,100,100,1090,4.773402846110728,6.75810397553517,5.475187063217163,-1750.1133333333335,-0.023920487715966172,25.98710268073612,0.19662420418333365,0.014773911668776741,0.05946180555555555,1028,160.7598658482311,0.3035702705383301
1029,6965.906,1795.2266666666678,7175.000000000003,100,100,1088,4.722502574462423,6.5946691176470615,5.414117813110352,-1795.2266666666678,-0.01170595669571091,14.811397608588724,0.19679377008886897,0.019077214282279945,0.05698529411764706,1029,160.77620732627926,0.3035702705383301
1030,6978.828,1786.0933333333335,7235.66666666667,100,100,1091,4.38510742265557,6.63214176596395,5.059502363204956,-1786.0933333333335,0.029791098760647908,13.545927630530464,0.17737026947240034,0.02757921067758515,0.06134259286854002,1030,160.80080401155413,0.3035702705383301
1031,6985.019,1765.0566666666666,7271.333333333338,100,100,1090,4.788099907428334,6.67094801223242,5.495548486709595,-1765.0566666666666,-0.055799440687729254,20.857135196526844,0.19291116586989826,0.035197700021348685,0.09678819444444445,1031,160.6485349096661,0.3035702705383301
1032,6991.147,1876.999999999999,7392.666666666664,100,100,1090,4.760978074206056,6.782262996941894,5.467792749404907,-1876.999999999999,-0.047681775306248,24.558647208743626,0.1738087962387201,0.01753820695578017,0.05164930555555555,1032,160.66362589555064,0.3035702705383301
1033,6997.246,1843.4633333333325,7273.333333333329,100,100,1086,4.779607736232003,6.69736034376918,5.46889591217041,-1843.4633333333325,-0.011533454553607632,14.446034515605254,0.20220784010256038,0.014358401750488317,0.05800818301299039,1033,160.67881752600832,0.3035702705383301
1034,7003.379,1893.8933333333327,7386.999999999997,100,100,1089,4.7701524313594,6.783287419651053,5.480286598205566,-1893.8933333333327,-0.05705295347919067,37.25082980261909,0.23022716179848357,0.02817141485542783,0.05642361111111111,1034,160.69359277933378,0.3035702705383301
1035,7009.523,1821.3200000000008,7269.000000000001,100,100,1091,4.7844442695560225,6.662694775435381,5.50018048286438,-1821.3200000000008,-0.0268638977367017,14.956332657072279,0.26897819588581723,0.023269164537648775,0.07074652777777778,1035,160.70836894191902,0.3035702705383301
1036,7015.649,1858.8533333333328,7391.0,100,100,1091,4.766791472066362,6.774518790100825,5.47187614440918,-1858.8533333333328,0.010934805264696479,16.595956444740295,0.27906844454507035,0.027344637336985517,0.08434606509076224,1036,160.72355794926682,0.3035702705383301
1037,7021.735,1763.1600000000005,7283.333333333333,100,100,1088,4.775392462440376,6.6942401960784315,5.463803052902222,-1763.1600000000005,-0.011562811922939384,23.84908384435317,0.25216127143186684,0.017712332657538354,0.0744485294117647,1037,160.73918451560576,0.3035702705383301
1038,7027.855,1938.6633333333325,7465.0,100,100,1089,4.762542699044613,6.854912764003673,5.467438697814941,-1938.6633333333325,0.01135011881382929,24.814402694503467,0.2601390750561323,0.018457689008856606,0.05555555555555555,1038,160.7541809486527,0.3035702705383301
1039,7033.966,1909.6333333333328,7481.333333333334,100,100,1090,4.739868991000048,6.863608562691132,5.44407057762146,-1909.6333333333328,0.006738355797198083,22.269441593852306,0.3148111005624135,0.017028561169152252,0.0798611111111111,1039,160.76947335491906,0.3035702705383301
1040,7046.936,1731.676666666667,7311.666666666665,100,100,1090,4.40607972276491,6.7079510703363905,5.071619510650635,-1731.676666666667,-0.06196129472098417,37.037922368281414,0.2600936492284139,0.016081249541861728,0.07552083333333333,1040,160.79362630743958,0.3035702705383301
1041,7053.102,1883.986666666666,7428.666666666668,100,100,1090,4.804746237147702,6.815290519877677,5.520588636398315,-1883.986666666666,0.013555101274202267,16.49440378861295,0.2626229226589203,0.019488985980084788,0.05859375,1041,160.64237026210336,0.3035702705383301
1042,7059.15,1820.4300000000003,7357.000000000002,100,100,1086,4.760131675322946,6.7744014732965026,5.436952114105225,-1820.4300000000003,-0.016524188987472477,20.321164776297177,0.2931158779298558,0.02559850026976646,0.07876245239201714,1042,160.65856719870456,0.3035702705383301
1043,7065.288,1765.7033333333331,7214.333333333333,100,100,1087,4.80538206258506,6.636921189819073,5.509988784790039,-1765.7033333333331,-0.015064290341208963,33.331193306866815,0.25684837514863296,0.018531714798882604,0.06762809317339868,1043,160.6728570324273,0.3035702705383301
1044,7071.377,1755.8799999999997,7153.333333333333,100,100,1087,4.778164214426318,6.580803434529285,5.466057777404785,-1755.8799999999997,-0.007728024522828705,17.131617013145895,0.2902555229032741,0.015402036639416646,0.07040732989416403,1044,160.68822976434913,0.3035702705383301
1045,7077.478,1840.4699999999993,7346.666666666667,100,100,1088,4.791188602372559,6.752450980392157,5.495071172714233,-1840.4699999999993,-0.014706176815225798,20.316801463856418,0.26009542582666173,0.015433699375374572,0.07123161764705882,1045,160.70344795794097,0.3035702705383301
1046,7083.569,1855.1499999999996,7312.666666666667,100,100,1086,4.777951103431031,6.7335788827501535,5.461415767669678,-1855.1499999999996,-0.013553531676092568,19.659842519199145,0.2516338338746744,0.009374062773798975,0.06960092484951019,1046,160.7185568041525,0.3035702705383301
1047,7089.644,1884.6633333333334,7462.333333333337,100,100,1089,4.74635629014166,6.852464034282219,5.445223331451416,-1884.6633333333334,0.014691416588094499,21.054165701071422,0.23917737158545707,0.02146588615465185,0.0759548611111111,1047,160.73444601677878,0.3035702705383301
1048,7095.687,1688.5799999999997,7097.333333333335,100,100,1086,4.751208839675628,6.535297728667896,5.428128957748413,-1688.5799999999997,-0.011467635302859195,43.75574078279383,0.2500004387077163,0.021157913868699002,0.07046074464040644,1048,160.7506128383793,0.3035702705383301
1049,7101.757,1785.5433333333335,7222.999999999997,100,100,1091,4.722877910726052,6.6205316223648,5.427284002304077,-1785.5433333333335,-0.002203643735912111,15.059000942442152,0.2619296395116382,0.013056447071398402,0.078125,1049,160.76682740040272,0.3035702705383301
1050,7114.614,1724.1600000000005,7170.000000000002,100,100,1086,4.361421636924916,6.602209944751383,5.001197099685669,-1724.1600000000005,-0.015546321862048525,40.31582871605368,0.2808626907713273,0.006891477671588826,0.0760495728429626,1050,160.79219502671333,0.3035702705383301
1051,7120.707,1848.5133333333329,7339.333333333335,100,100,1090,4.756745596634173,6.733333333333334,5.4682886600494385,-1848.5133333333329,0.03254031338211563,17.299663013882107,0.273709810293969,0.04288068462079132,0.09809027777777778,1051,160.6445790063363,0.3035702705383301
1052,7126.743,1716.3633333333332,7232.666666666666,100,100,1087,4.746295030317899,6.6537871818460586,5.429948329925537,-1716.3633333333332,-0.014192625305012745,24.012569259194766,0.3066590594894746,0.010799337346243727,0.07450688641299219,1052,160.66105238894437,0.3035702705383301
1053,7132.859,1753.0833333333335,7216.666666666668,100,100,1089,4.758445362374871,6.626874808692992,5.452117443084717,-1753.0833333333335,0.04381256131455302,21.52678985065884,0.29565349717934925,0.019686652806639258,0.07855902777777778,1053,160.67596261509456,0.3035702705383301
1054,7138.919,1882.2033333333334,7386.333333333336,100,100,1087,4.735245171029604,6.79515486047225,5.420957326889038,-1882.2033333333334,-0.012874930398538709,19.540708401623895,0.2738041956635082,0.024028830606873858,0.08698792076286148,1054,160.69183935929584,0.3035702705383301
1055,7145.048,1836.9633333333331,7307.999999999998,100,100,1088,4.791348986948244,6.7169117647058805,5.497011184692383,-1836.9633333333331,-0.010582350139670512,15.04740322337431,0.24789018052465775,0.014675958499805453,0.07766544117647059,1055,160.7062756358461,0.3035702705383301
1056,7151.147,1785.6833333333332,7475.0,100,100,1089,4.76818301390405,6.864095500459137,5.460603713989258,-1785.6833333333332,-0.01990927533350057,14.323732304137796,0.27473823105780565,0.02782884513726458,0.09765625,1056,160.7214917270881,0.3035702705383301
1057,7157.248,1875.026666666667,7300.666666666667,100,100,1087,4.791562467309704,6.716344679546152,5.493928670883179,-1875.026666666667,-0.014187971239580828,31.92976525250603,0.30463383215315204,0.030310147647362423,0.0998701571541674,1057,160.73635459561532,0.3035702705383301
1058,7163.318,1873.476666666667,7357.999999999999,100,100,1087,4.754366879647027,6.769089236430542,5.446259498596191,-1873.476666666667,-0.018677070517750347,20.801652347340305,0.3389647489084917,0.014639263931552278,0.07454335930592873,1058,160.7518981097665,0.3035702705383301
1059,7169.386,1815.8133333333326,7270.999999999996,100,100,1087,4.745348668104619,6.689052437902481,5.431218147277832,-1815.8133333333326,-0.012900012326152885,26.73442554473877,0.34288693613865795,0.01837492661605425,0.07179330114056082,1059,160.76746280110729,0.3035702705383301
1060,7182.317,1764.11,7158.333333333336,100,100,1088,4.422345862622024,6.579350490196081,5.089935064315796,-1764.11,-0.01770358724410043,18.477405604194193,0.3666945704642464,0.009809141679023229,0.08409926470588236,1060,160.791199770641,0.3035702705383301
1061,7188.455,1902.466666666667,7445.000000000002,100,100,1088,4.796947976929539,6.842830882352943,5.506155490875244,-1902.466666666667,-0.014063209596583071,22.09130396562464,0.3779590261333129,0.01965537084170672,0.07766544117647059,1061,160.64372519539697,0.3035702705383301
1062,7194.562,1735.9,7046.666666666668,100,100,1088,4.7833442100347705,6.4767156862745106,5.47636866569519,-1735.9,-0.015438401085488936,18.016826769884894,0.41279629486448627,0.03274161141256199,0.12867647058823528,1062,160.65855902813925,0.3035702705383301
1063,7200.691,1886.453333333333,7397.666666666666,100,100,1089,4.7794893485322065,6.793082338536883,5.486721992492676,-1886.453333333333,0.011150512378662825,24.837106201383804,0.4393075530729594,0.019070888410270628,0.08506944444444445,1063,160.6730452471863,0.3035702705383301
1064,7206.787,1803.9899999999993,7322.666666666665,100,100,1090,4.74544027521181,6.718042813455656,5.449147462844849,-1803.9899999999993,-0.032817835816078715,20.35947819550832,0.4445701183544265,0.012424855367296712,0.09505208333333333,1064,160.6883834962311,0.3035702705383301
1065,7212.941,1898.8533333333346,7325.66666666667,100,100,1088,4.788951562338351,6.7331495098039245,5.512802362442017,-1898.8533333333346,-0.015030066866208525,24.286378075094785,0.39854326668907614,0.01983862211379935,0.08731617647058823,1065,160.7021399489781,0.3035702705383301
1066,7219.054,1798.8633333333332,7216.999999999998,100,100,1089,4.745751422106419,6.627180899908171,5.452805519104004,-1798.8633333333332,-0.025454774136758514,13.1255152159267,0.43811357025848946,0.0025982324085715744,0.10199652777777778,1066,160.71689315419002,0.3035702705383301
1067,7225.219,1931.996666666667,7521.333333333334,100,100,1091,4.770399266866733,6.893981057134129,5.498201847076416,-1931.996666666667,-0.0014562551708271105,20.257798287603592,0.41186310599247616,0.009887388163608395,0.07378472222222222,1067,160.73077019521392,0.3035702705383301
1068,7231.292,1823.2500000000002,7286.33333333333,100,100,1088,4.752423438998555,6.696997549019605,5.452264785766602,-1823.2500000000002,-0.019160714767435017,12.52695918083191,0.42069170580190773,0.013816345020827344,0.08042279411764706,1068,160.74624311067737,0.3035702705383301
1069,7237.376,1886.0366666666666,7423.000000000003,100,100,1089,4.712236364315631,6.816345270890728,5.424302816390991,-1886.0366666666666,-0.04505720061974393,25.942540248235066,0.45167237135077204,0.009519000353369242,0.10677083333333333,1069,160.76158784889185,0.3035702705383301
1070,7250.365,1880.3599999999997,7413.999999999996,100,100,1087,4.412966330018214,6.8206071757129685,5.081807851791382,-1880.3599999999997,-0.020396596806890824,17.87023614434635,0.40029799762894125,0.005807956541984287,0.08282271301483407,1070,160.78452509623017,0.3035702705383301
1071,7256.548,1860.1566666666672,7307.66666666667,100,100,1089,4.825842515475658,6.710437710437713,5.545629978179932,-1860.1566666666672,-0.03811334029564427,16.542585003707146,0.4515878799526642,0.0057887040570171345,0.059895833333333336,1071,160.63670760574246,0.3035702705383301
1072,7262.713,1830.556666666667,7386.333333333333,100,100,1092,4.787521245876572,6.764041514041514,5.509410619735718,-1830.556666666667,-0.011783258885973029,18.1473806699117,0.4428313233786159,0.016017684916732833,0.1015625,1072,160.65070731759954,0.3035702705383301
1073,7268.861,1730.1299999999994,7253.333333333333,100,100,1089,4.805299632603608,6.660544842363024,5.512779474258423,-1730.1299999999994,-0.03805013502844506,27.133903728591072,0.43387564655212274,0.01928476606392198,0.0842013888888889,1073,160.66465498940568,0.3035702705383301
1074,7274.949,1843.9100000000005,7360.666666666664,100,100,1087,4.761431555125756,6.771542471634466,5.4594244956970215,-1843.9100000000005,-0.018029663383084184,15.852814281688017,0.44220906320740194,0.012822743277544813,0.06856909460004638,1074,160.67960635318022,0.3035702705383301
1075,7281.07,1854.1633333333334,7351.000000000002,100,100,1087,4.771109754151109,6.762649494020241,5.465649604797363,-1854.1633333333334,-0.016128171317498472,16.093026161193848,0.48942878141122703,0.008041505287538338,0.08463906431022812,1075,160.69385056368188,0.3035702705383301
1076,7287.148,1771.2200000000003,7273.333333333332,100,100,1087,4.757280407298661,6.691199018705917,5.446690559387207,-1771.2200000000003,-0.013480663956964718,33.19718989203958,0.4898608861600651,0.02532270204905859,0.12562004038516214,1076,160.7089569383578,0.3035702705383301
1077,7293.285,1835.2733333333326,7381.333333333328,100,100,1090,4.788053851497761,6.771865443425071,5.499228477478027,-1835.2733333333326,-0.04844292263603873,18.371161540349323,0.46722162514925003,0.002953048582033565,0.07942708333333333,1077,160.72318305629898,0.3035702705383301
1078,7299.419,1815.2466666666667,7384.666666666667,100,100,1089,4.773809822341231,6.781144781144781,5.473184585571289,-1815.2466666666667,-0.005027813009089894,18.257603380415176,0.47116120490762925,0.01851021080640041,0.0993923611111111,1078,160.73731631887742,0.3035702705383301
1079,7305.553,1911.0566666666657,7429.333333333331,100,100,1090,4.778844309402544,6.815902140672781,5.492538928985596,-1911.0566666666657,-0.03283416469477945,16.76297820938958,0.44890180892414516,0.004150102936869694,0.0954861111111111,1079,160.7515511527521,0.3035702705383301
1080,7318.492,1852.7233333333334,7346.000000000001,100,100,1089,4.350834802567918,6.745638200183656,5.009474277496338,-1852.7233333333334,0.0039362445370190674,30.955762637986076,0.46965419459674096,0.016376350139681663,0.08506944444444445,1080,160.77591761862934,0.3035702705383301
1081,7324.621,1762.9566666666663,7220.999999999998,100,100,1089,4.756194212143818,6.630853994490357,5.446503162384033,-1762.9566666666663,-0.0025601272160808244,31.908854502770637,0.4817529105477863,0.017435321267435536,0.12413194444444445,1081,160.6304367512309,0.3035702705383301
1082,7330.751,1761.3666666666672,7221.333333333331,100,100,1089,4.76692424314413,6.631160085705538,5.471350908279419,-1761.3666666666672,0.0012767728832032946,26.25385726822747,0.4945927841795815,0.09501148467986947,0.1597222222222222,1082,160.64465401599503,0.3035702705383301
1083,7336.857,1827.3633333333335,7380.333333333337,100,100,1090,4.752011283582777,6.770948012232419,5.453556537628174,-1827.3633333333335,0.017221525984091893,16.001605060365463,0.45342283323407173,0.007457682261398683,0.0920138888888889,1083,160.65953860955474,0.3035702705383301
1084,7342.924,1817.3866666666668,7265.000000000001,100,100,1085,4.743825807450725,6.695852534562213,5.416575908660889,-1817.3866666666668,-0.016238453469293958,16.970227353713092,0.4492708067683613,0.018782388822942534,0.09029954167849877,1084,160.67454150639912,0.3035702705383301
1085,7349.051,1915.3733333333337,7466.000000000002,100,100,1090,4.76589495638693,6.849541284403672,5.484532117843628,-1915.3733333333337,0.009750048798095021,17.289055234856075,0.4152266002363629,0.020560797244090483,0.08550347222222222,1085,160.68890395911748,0.3035702705383301
1086,7355.123,1948.4066666666663,7483.000000000001,100,100,1088,4.748882721554871,6.8777573529411775,5.443599700927734,-1948.4066666666663,-0.013300834908424056,32.68131822698257,0.46734718189519997,0.022113850018393028,0.08318014705882353,1086,160.70417764529213,0.3035702705383301
1087,7361.225,1878.9266666666665,7477.333333333336,100,100,1091,4.7530131058137455,6.853651084631839,5.464866399765015,-1878.9266666666665,-0.01529832104117506,25.411114162868923,0.4790613253911336,0.02113299270018211,0.08868634286854002,1087,160.71919419665295,0.3035702705383301
1088,7367.342,1795.5266666666666,7303.666666666663,100,100,1089,4.751300459763564,6.706764615855522,5.449606418609619,-1795.5266666666666,-0.014162377920001745,13.99677643345462,0.48593826095263165,0.01026665833422966,0.078125,1088,160.733560621357,0.3035702705383301
1089,7373.407,1702.2466666666658,7193.999999999998,100,100,1090,4.71557128230332,6.599999999999999,5.412942886352539,-1702.2466666666658,-0.025071525066677067,27.810926033390892,0.4822923358943727,0.0061030299693811685,0.10980902777777778,1089,160.7491746221491,0.3035702705383301
1090,7386.314,1781.423333333333,7182.333333333332,100,100,1089,4.365617171065887,6.595347413529231,5.019213438034058,-1781.423333333333,-0.003206777593327893,19.1566316506101,0.4701175773688091,0.015944534259486116,0.07769097222222222,1090,160.77297067640797,0.3035702705383301
1091,7392.441,1775.1133333333337,7307.333333333335,100,100,1086,4.801260866460598,6.728667894413753,5.497496604919434,-1775.1133333333337,-0.014032693251090892,20.000617868760052,0.4628189486615798,0.031555058907114845,0.10366757564684924,1091,160.62947834454852,0.3035702705383301
1092,7398.612,1806.856666666666,7266.0,100,100,1086,4.828909209317958,6.69060773480663,5.547320127487183,-1806.856666666666,-0.012497796786620337,14.239361819098978,0.4064176354338141,0.018482283702777588,0.08378795052275938,1092,160.64228881352926,0.3035702705383301
1093,7404.763,1855.4400000000003,7420.666666666669,100,100,1088,4.810945956598837,6.820465686274511,5.522685766220093,-1855.4400000000003,-0.015696988660184777,21.69329359952141,0.41476521509535175,0.016270995434537968,0.07123161764705882,1093,160.65577674166514,0.3035702705383301
1094,7410.872,1824.3666666666657,7316.666666666666,100,100,1087,4.777903862429479,6.731064090769702,5.473598480224609,-1824.3666666666657,-0.016013427363599047,18.25443105136647,0.4035802711458767,0.02060884459848132,0.06999153884894707,1094,160.67002645188285,0.3035702705383301
1095,7416.962,1879.5900000000006,7480.666666666671,100,100,1088,4.749369304109303,6.875612745098043,5.44553804397583,-1879.5900000000006,-0.016246155780904433,19.26253257078283,0.43065613595878377,0.011474713484537514,0.07628676470588236,1095,160.6848018012346,0.3035702705383301
1096,7423.082,1907.6599999999994,7459.666666666663,100,100,1088,4.783487407514579,6.8563112745098005,5.481780767440796,-1907.6599999999994,-0.017160939107484677,18.99419288074269,0.45226673694217906,0.01605720754014328,0.11213235294117647,1096,160.69887803523235,0.3035702705383301
1097,7429.228,1908.103333333334,7462.000000000003,100,100,1088,4.772613051981727,6.858455882352944,5.472539663314819,-1908.103333333334,-0.0170807888293091,16.043203325832593,0.4513067813480602,0.016902016078615013,0.0974264705882353,1097,160.71239116256183,0.3035702705383301
1098,7435.379,1786.5033333333333,7232.333333333335,100,100,1090,4.783567982200328,6.635168195718656,5.491152763366699,-1786.5033333333333,-0.023596080847912364,23.148730397224426,0.45480454299185014,0.01676704199053347,0.1171875,1098,160.72604367076576,0.3035702705383301
1099,7441.403,1790.5233333333335,7269.666666666668,100,100,1086,4.714087660520459,6.6939840392879075,5.396596431732178,-1790.5233333333335,-0.021313505849855786,24.60382562525132,0.4697552007787368,0.02271829508176512,0.09807874744429308,1099,160.74185651520386,0.3035702705383301
1100,7454.336,1919.183333333333,7429.333333333331,100,100,1087,4.428805243832221,6.834713278135539,5.09874701499939,-1919.183333333333,-0.0136845275924048,19.65727180593154,0.41374005289638743,0.020532904384548172,0.11177491878761965,1100,160.76426311772767,0.3035702705383301
1101,7460.482,1735.466666666667,7249.66666666667,100,100,1090,4.7855497246027126,6.65107033639144,5.4826295375823975,-1735.466666666667,-0.011265660222205851,29.291685766643948,0.41526319169335896,0.002808601259150439,0.08637152777777778,1101,160.6226032250748,0.3035702705383301
1102,7466.67,1865.5266666666669,7334.999999999998,100,100,1091,4.8063357466725956,6.723189734188816,5.525497198104858,-1865.5266666666669,-0.002835361286997795,16.270094845030044,0.4131252235836453,0.016442763289281476,0.08868634286854002,1102,160.63559020935546,0.3035702705383301
1103,7472.799,1880.4099999999996,7512.999999999999,100,100,1089,4.791581541957475,6.898989898989898,5.493594646453857,-1880.4099999999996,-0.01832336953116788,14.893267982535892,0.4417848069634702,0.0094856349298627,0.07421875,1103,160.64956730674209,0.3035702705383301
1104,7478.964,1861.936666666666,7292.666666666664,100,100,1087,4.8180300814785895,6.708984973934374,5.5279860496521,-1861.936666666666,-0.021166517892304587,14.69070925432093,0.404965819681392,0.012611844241345191,0.1003005370935973,1104,160.66249644786717,0.3035702705383301
1105,7485.096,1858.47,7392.66666666667,100,100,1091,4.773879192187344,6.776046440574399,5.481255531311035,-1858.47,0.005802123807370663,19.68426333533393,0.4185818028118875,0.02979719843521404,0.09794560240374671,1105,160.67662918093896,0.3035702705383301
1106,7491.206,1777.4800000000002,7248.333333333334,100,100,1088,4.748830883031855,6.6620710784313735,5.436654806137085,-1777.4800000000002,-0.022146020796807372,40.06314288868624,0.4264676588423112,0.013116858988616835,0.0896139705882353,1106,160.69083329144917,0.3035702705383301
1107,7497.369,1882.8100000000009,7429.333333333336,100,100,1089,4.780859963201274,6.822161003979188,5.486576795578003,-1882.8100000000009,-0.009955703746527433,17.80114075458712,0.41423050231403774,0.017059331077487312,0.07465277777777778,1107,160.70397057056076,0.3035702705383301
1108,7503.44,1790.0133333333333,7322.333333333334,100,100,1086,4.744061144732598,6.742480049109884,5.4236626625061035,-1790.0133333333333,-0.017946022343547904,16.206806827993955,0.3591817073962268,0.007117242627667592,0.07320327311754227,1108,160.71867852269713,0.3035702705383301
1109,7509.544,1864.0533333333335,7360.666666666666,100,100,1088,4.757796783130342,6.76531862745098,5.456666946411133,-1864.0533333333335,-0.01665347951519139,18.441120820886947,0.36040300744421344,0.014425547331270269,0.09145220588235294,1109,160.73292359686118,0.3035702705383301
1110,7522.504,1818.0733333333335,7336.333333333333,100,100,1090,4.402364127940301,6.730581039755352,5.069185972213745,-1818.0733333333335,-0.010254331347015169,15.094878705011475,0.3729267844723331,0.026203752527686044,0.07942708333333333,1110,160.7555946118145,0.3035702705383301
1111,7528.632,1734.993333333333,7289.333333333334,100,100,1090,4.769069906281427,6.687461773700306,5.471515893936157,-1734.993333333333,-0.03944279276765883,17.94274089071486,0.35808299626741147,0.009232265829470836,0.0802951388888889,1111,160.6149747021648,0.3035702705383301
1112,7534.697,1842.8500000000013,7345.000000000008,100,100,1086,4.761528636888013,6.763351749539602,5.446568727493286,-1842.8500000000013,-0.014026826357140261,18.8915459688972,0.3220137743388905,0.023303586154190058,0.0861746914246503,1112,160.62982365378986,0.3035702705383301
1113,7540.847,1796.426666666667,7381.666666666669,100,100,1089,4.800452984064728,6.778389960208144,5.507600545883179,-1796.426666666667,0.022439648397266865,17.583232659432625,0.3590931064132342,0.015619193756720051,0.08116319444444445,1113,160.6432222036396,0.3035702705383301
1114,7546.943,1770.9633333333331,7210.333333333337,100,100,1088,4.75771727906249,6.627144607843141,5.448925733566284,-1770.9633333333331,-0.019781282829011187,29.898691962747012,0.3126124323290937,0.019567640787606838,0.09558823529411764,1114,160.6576396634453,0.3035702705383301
1115,7553.046,1737.4300000000003,7263.000000000001,100,100,1084,4.793507010698304,6.700184501845019,5.477110147476196,-1737.4300000000003,-0.013347421937129077,17.616714842179242,0.2728968398535953,0.019391003917382264,0.07506127463763251,1115,160.6713328196668,0.3035702705383301
1116,7559.175,1704.1266666666668,7143.000000000001,100,100,1089,4.783292014076554,6.559228650137742,5.479251384735107,-1704.1266666666668,-0.0036844389720095527,15.905633110966948,0.2658351788090335,0.01344189610487471,0.07421875,1116,160.6851372505413,0.3035702705383301
1117,7565.239,1812.193333333334,7340.0,100,100,1089,4.729355372085696,6.740128558310376,5.425902605056763,-1812.193333333334,0.06382211183922158,17.89236707157559,0.2925298791630142,0.03370293789258641,0.0802951388888889,1117,160.70027945483574,0.3035702705383301
1118,7571.294,1744.9166666666674,7316.666666666667,100,100,1088,4.712891085706788,6.724877450980393,5.401855945587158,-1744.9166666666674,-0.013317448525306056,16.050529311685,0.2866837877561064,0.023735636057715642,0.08915441176470588,1118,160.71545650005794,0.3035702705383301
1119,7577.346,1818.3633333333328,7387.333333333334,100,100,1091,4.689776350694557,6.771157959058968,5.395429372787476,-1818.3633333333328,-0.02382604865771201,14.038752555847168,0.26250837908850777,0.02361614897603835,0.061197916666666664,1119,160.73107537073898,0.3035702705383301
1120,7590.291,1828.6799999999996,7286.0,100,100,1089,4.4056222221623385,6.6905417814508725,5.078724145889282,-1828.6799999999996,-0.1211754665710032,29.58386646376716,0.2717477614728018,0.013961988832711035,0.0759548611111111,1120,160.75236901782995,0.3035702705383301
1121,7596.369,1780.6266666666668,7203.333333333332,100,100,1086,4.751678177800448,6.632903621853897,5.433485269546509,-1780.6266666666668,-0.012535830357057206,14.065518323112936,0.2724326787626042,0.01347707541700562,0.07919236228746526,1121,160.6149036347466,0.3035702705383301
1122,7602.487,1792.4066666666672,7282.66666666667,100,100,1089,4.757179796658935,6.687480869299054,5.450136423110962,-1792.4066666666672,-0.020377909247246053,16.00350993209415,0.25766896166735226,0.05228386907159196,0.10243055555555555,1122,160.62888522146673,0.3035702705383301
1123,7608.576,1747.749999999999,7179.666666666666,100,100,1087,4.751540017151466,6.605029132168046,5.446704864501953,-1747.749999999999,-0.01622774375273901,14.880202826331644,0.2571987715714118,0.015411469133516006,0.07776027096106726,1123,160.64320015287484,0.3035702705383301
1124,7614.68,1767.9333333333345,7178.000000000003,100,100,1089,4.749358124852256,6.591368227731866,5.450427293777466,-1767.9333333333345,0.0033552187184492746,11.99659040528867,0.28933336351110484,0.012741910804632224,0.07552083333333333,1124,160.65745047062478,0.3035702705383301
1125,7620.775,1862.8066666666675,7400.666666666666,100,100,1089,4.739347108446499,6.795837159473523,5.446818828582764,-1862.8066666666675,-0.011436259580983056,19.266332073344124,0.3126394111249182,0.01851160067114203,0.06987847222222222,1125,160.6718459885607,0.3035702705383301
1126,7626.834,1791.3999999999994,7214.666666666668,100,100,1084,4.745471403685766,6.655596555965561,5.420359134674072,-1791.3999999999994,-0.011656698496902691,23.238198308383716,0.3110608011484146,0.025401206283063135,0.06927083355977255,1126,160.68633541827109,0.3035702705383301
1127,7632.922,1816.683333333334,7343.000000000001,100,100,1087,4.7531379004443455,6.755289788408464,5.442868709564209,-1816.683333333334,-0.010964257916545166,19.525225246653836,0.3183468163889997,0.013870805031140609,0.07778215517892557,1127,160.70058623519068,0.3035702705383301
1128,7638.981,1894.7866666666662,7483.333333333331,100,100,1086,4.7355787297942324,6.890730509515038,5.4183104038238525,-1894.7866666666662,-0.012990235953646548,20.140672347124884,0.2752665202407276,0.01419671141432927,0.08578925492132411,1128,160.71527635610087,0.3035702705383301
1129,7645.044,1798.5199999999995,7179.666666666663,100,100,1089,4.708088339516795,6.592898683807771,5.403483867645264,-1798.5199999999995,-0.019147084042843845,14.795168863402473,0.32331685897790724,0.029435579464512154,0.07552083333333333,1129,160.73027257822162,0.3035702705383301
1130,7657.955,1754.613333333334,7237.666666666669,100,100,1084,4.375998431114769,6.676814268142683,5.013144016265869,-1754.613333333334,-0.015415275743340744,26.837538831374225,0.29731249896919026,0.01032138554214993,0.08005514784770854,1130,160.75312917556246,0.3035702705383301
1131,7664.089,1812.933333333334,7340.33333333334,100,100,1088,4.789529779693968,6.746629901960791,5.490768909454346,-1812.933333333334,-0.015378863057669471,16.76145259071799,0.35226962320944843,0.035778541552752036,0.07904411764705882,1131,160.6142621830772,0.3035702705383301
1132,7670.175,1739.6366666666665,7215.333333333336,100,100,1087,4.777608188181917,6.637841153020548,5.46631121635437,-1739.6366666666665,-0.013789159848409541,16.06264523898854,0.34848931650905046,0.011256162724320722,0.07635971082045752,1132,160.6285448392912,0.3035702705383301
1133,7676.269,1758.773333333333,7241.333333333334,100,100,1089,4.766224058113199,6.649525558616468,5.457648754119873,-1758.773333333333,-0.015804231296189956,15.772850857426723,0.31186131719112836,0.02097970020905551,0.0720486111111111,1133,160.64289461402305,0.3035702705383301
1134,7682.426,1871.4800000000012,7345.6666666666715,100,100,1088,4.812704505264478,6.751531862745103,5.5250866413116455,-1871.4800000000012,-0.014641370405169093,20.812632111942065,0.3422004440251519,0.023031924750231317,0.07996323529411764,1134,160.65575605774958,0.3035702705383301
1135,7688.503,1767.7433333333333,7267.333333333334,100,100,1087,4.764745721769996,6.685679239497087,5.449159145355225,-1767.7433333333333,-0.015619965763214757,14.365501600153307,0.3348916874212377,0.012112131118021138,0.07773109273437191,1135,160.6701807899517,0.3035702705383301
1136,7694.597,1745.9900000000007,7332.000000000003,100,100,1087,4.769704600760975,6.7451701931922745,5.458484172821045,-1745.9900000000007,-0.014117760200272588,15.377194348503561,0.3241371784140082,0.014726865831214716,0.09197012170710984,1136,160.68417079296006,0.3035702705383301
1137,7700.764,1828.2066666666665,7380.666666666667,100,100,1089,4.800060975512436,6.777471686562596,5.507895469665527,-1828.2066666666665,-0.0869029781056775,24.455782426728142,0.323633330149783,-0.0018179416955616842,0.09722222222222222,1137,160.69690768604954,0.3035702705383301
1138,7706.939,1793.213333333334,7247.333333333333,100,100,1090,4.7803109172099365,6.648929663608563,5.496581315994263,-1793.213333333334,0.017260090137521427,19.125958018832737,0.2675676710075802,0.011231731578138553,0.0685763888888889,1138,160.70959228104198,0.3035702705383301
1139,7712.962,1831.526666666667,7417.666666666668,100,100,1086,4.704311879181936,6.830263965623082,5.383188724517822,-1831.526666666667,-0.011312644418520743,15.877663724562701,0.30729779776404886,0.015810487708008355,0.09481736228746526,1139,160.72489251292404,0.3035702705383301
1140,7725.926,1821.7866666666675,7271.666666666667,100,100,1090,4.399162749845296,6.67125382262997,5.076414108276367,-1821.7866666666675,-0.06553743660656942,24.440340492460464,0.2813331561370028,0.02465211743967504,0.0798611111111111,1140,160.74625106628147,0.3035702705383301
1141,7732.071,1689.4466666666663,7073.666666666665,100,100,1089,4.793041507363716,6.4955616773798575,5.492020130157471,-1689.4466666666663,0.034520757074157395,40.95993619494968,0.25839869388275677,0.014712163982848223,0.0802951388888889,1141,160.60949365531073,0.3035702705383301
1142,7738.191,1751.9266666666663,7155.666666666666,100,100,1090,4.756538163755225,6.564831804281345,5.459525108337402,-1751.9266666666663,-0.012414234509277675,14.351146870189243,0.26416371307439274,0.011900358144581938,0.08203125,1142,160.62333464120397,0.3035702705383301
1143,7744.311,1703.7033333333331,7077.333333333332,100,100,1088,4.790626193425851,6.504901960784313,5.496164083480835,-1703.7033333333331,-0.015308301019317964,16.677159253288718,0.2554195571471663,0.014877437771407558,0.08869485294117647,1143,160.63688652193977,0.3035702705383301
1144,7750.391,1862.2000000000003,7415.666666666668,100,100,1087,4.762934134324641,6.822140447715426,5.447918176651001,-1862.2000000000003,-0.009966423735022545,18.73168768602259,0.2871680281618062,0.023997706799384427,0.07776027107063462,1144,160.65112380612572,0.3035702705383301
1145,7756.519,1752.006666666667,7196.333333333333,100,100,1091,4.763157195501255,6.596089214787656,5.466974258422852,-1752.006666666667,-0.016607040177202888,16.72749302122328,0.2832328834467464,0.012442211523496857,0.06770833333333333,1145,160.6648612140819,0.3035702705383301
1146,7762.671,1670.0500000000002,7146.333333333336,100,100,1091,4.785225846707363,6.55025970058051,5.4919610023498535,-1670.0500000000002,-0.025802155904885795,22.39141223165724,0.269828421374162,0.01450449628201669,0.0625,1146,160.67806928997314,0.3035702705383301
1147,7768.818,1767.1900000000003,7261.333333333333,100,100,1089,4.786104866952607,6.667891031527395,5.495284795761108,-1767.1900000000003,-0.02769753373124533,16.454843494627212,0.2816093739949996,0.022195462564316887,0.07161458333333333,1147,160.691103489977,0.3035702705383301
1148,7774.939,1804.5999999999997,7308.666666666666,100,100,1089,4.74456483044955,6.711355984083256,5.442641973495483,-1804.5999999999997,0.0040277403054965865,13.32834226777777,0.26690337189979296,0.017539238777115114,0.0802951388888889,1148,160.7046618783415,0.3035702705383301
1149,7781.021,1795.9266666666674,7316.000000000005,100,100,1089,4.728206704457054,6.718089990817267,5.41763710975647,-1795.9266666666674,0.03894057683646679,17.9947518809802,0.26326146220718427,0.019596939185753906,0.07335069444444445,1149,160.7190046791219,0.3035702705383301
1150,7794.004,1814.5900000000006,7339.666666666668,100,100,1089,4.426477413668996,6.739822467095196,5.098834753036499,-1814.5900000000006,0.07254377142008808,24.35425477557712,0.2752845637086365,0.02742986818904885,0.10286458333333333,1150,160.73997725389228,0.3035702705383301
1151,7800.115,1749.9533333333338,7235.0,100,100,1084,4.787086900620038,6.674354243542435,5.464184522628784,-1749.9533333333338,-0.014589113895507419,14.256292932173785,0.26696773180190253,0.02380202478482662,0.09074754930813522,1151,160.6041689839044,0.3035702705383301
1152,7806.182,1750.4400000000005,7254.666666666669,100,100,1087,4.746350598446134,6.674026372278444,5.431122779846191,-1750.4400000000005,-0.01156718103105531,14.407170155469109,0.2714931070804596,0.022413908113615915,0.06903594830895171,1152,160.61860607207288,0.3035702705383301
1153,7812.265,1625.5299999999995,7057.666666666667,100,100,1085,4.771332904344536,6.504761904761905,5.445929050445557,-1625.5299999999995,-0.016653943930149954,38.560653406030994,0.26536248492843967,0.01678893207024564,0.08303700551828917,1153,160.63241362960088,0.3035702705383301
1154,7818.364,1790.3733333333323,7240.999999999999,100,100,1091,4.737858937845815,6.637030247479376,5.441548824310303,-1790.3733333333323,-0.040066692564222545,15.609989523887634,0.25883409604820273,0.01649781445976512,0.0724826388888889,1154,160.6466499666133,0.3035702705383301
1155,7824.425,1639.5033333333338,7086.666666666671,100,100,1086,4.7449988031521455,6.525475751995093,5.409873723983765,-1639.5033333333338,-0.013434026390314102,41.996167070725384,0.2737913473564036,0.014156662734047346,0.08197936415672302,1155,160.66100484174999,0.3035702705383301
1156,7830.586,1748.6133333333344,7262.666666666667,100,100,1090,4.768994679020872,6.662996941896025,5.477219581604004,-1748.6133333333344,-0.01624831784930494,17.75472170776791,0.28152551465771264,-0.0008352209050725731,0.0802951388888889,1156,160.6738015224207,0.3035702705383301
1157,7836.675,1725.806666666668,7223.66666666667,100,100,1089,4.743522678564334,6.633302724211818,5.430708169937134,-1725.806666666668,-0.008876288982315196,16.056812829441494,0.26926100040729156,0.01953274036835258,0.06901041666666667,1157,160.68792202648208,0.3035702705383301
1158,7842.757,1750.8500000000004,7094.666666666665,100,100,1085,4.766479077156685,6.538863287250383,5.44573974609375,-1750.8500000000004,-0.01309401826823459,23.930002072278192,0.2773020416498184,0.012422065200927831,0.06686204167849877,1158,160.70166237646768,0.3035702705383301
1159,7848.821,1743.1000000000008,7351.666666666669,100,100,1090,4.703907064085296,6.744648318042816,5.396231412887573,-1743.1000000000008,-0.0013014028987122907,16.12281620254119,0.23536864957875675,0.02092311625731074,0.07725694444444445,1159,160.7163654805029,0.3035702705383301
1160,7861.651,1823.736666666667,7323.0000000000055,100,100,1087,4.33932704794912,6.73689052437903,4.991458177566528,-1823.736666666667,-0.01475234198219636,22.877908426172592,0.2198134752757409,0.021290994636194015,0.07315738827866666,1160,160.73915327236034,0.3035702705383301
1161,7867.769,1671.8099999999997,7061.666666666664,100,100,1088,4.779210936890998,6.49050245098039,5.476522445678711,-1671.8099999999997,-0.01642544918200549,23.608757664175595,0.26446639439638925,0.013584110728355454,0.06893382352941177,1161,160.60576039426002,0.3035702705383301
1162,7873.911,1753.8033333333328,7213.666666666665,100,100,1091,4.753137214043571,6.6119767797128,5.459859848022461,-1753.8033333333328,-0.019227369584971003,13.359063814083735,0.26546903534068,0.010105983640338915,0.0802951388888889,1162,160.61904534257664,0.3035702705383301
1163,7880.067,1822.2466666666667,7338.666666666668,100,100,1091,4.766305956578072,6.726550565230676,5.489718198776245,-1822.2466666666667,-0.009545538936638169,17.819847140047287,0.2443016784058677,0.0317994623102196,0.07465277777777778,1163,160.63201670922217,0.3035702705383301
1164,7886.159,1909.396666666666,7405.66666666667,100,100,1087,4.7442491271035285,6.812940815700708,5.436872959136963,-1909.396666666666,-0.014771323815426406,36.50525973824894,0.22222847579156652,0.02300981813288458,0.06903594798024963,1164,160.64576669619595,0.3035702705383301
1165,7892.296,1838.4433333333332,7308.999999999996,100,100,1089,4.766562442069478,6.7116620752984355,5.467400074005127,-1838.4433333333332,-0.042234554809207715,24.264356560177273,0.23388472323616347,0.017409805150236934,0.07291666666666667,1165,160.65881563334418,0.3035702705383301
1166,7898.44,1729.7133333333313,7173.999999999995,100,100,1086,4.786540790586209,6.605893186003679,5.4750142097473145,-1729.7133333333313,-0.012538932647336931,24.10762929916382,0.2396753925610991,0.01324005817364463,0.0755603650913519,1166,160.67136636305491,0.3035702705383301
1167,7904.501,1749.56,7341.333333333333,100,100,1087,4.751057865371433,6.7537565164060105,5.435542583465576,-1749.56,-0.009066475534756832,18.45339589960435,0.24111684236456365,0.0139946263995679,0.08601774078081637,1167,160.6856697531448,0.3035702705383301
1168,7910.619,1719.5000000000002,7138.333333333332,100,100,1088,4.782662317880107,6.560968137254901,5.476089954376221,-1719.5000000000002,-0.013947499313336961,14.053889765458948,0.2528909900609185,0.012207164144937825,0.07306985294117647,1168,160.69892446844835,0.3035702705383301
1169,7916.687,1777.88,7237.000000000001,100,100,1088,4.73946755311558,6.6516544117647065,5.430785655975342,-1777.88,-0.01324690067592789,16.06080130969777,0.23403862819952123,0.013009777114562252,0.07996323529411764,1169,160.713190990515,0.3035702705383301
1170,7929.741,1822.0700000000004,7450.666666666669,100,100,1089,4.4227129492405854,6.8417508417508435,5.09317946434021,-1822.0700000000004,-0.07984848832711577,16.14757009016143,0.2845062330986063,0.011034678725991398,0.08680555555555555,1170,160.73377760391014,0.3035702705383301
1171,7935.879,1723.506666666667,7170.666666666666,100,100,1089,4.764298440078641,6.584634220997857,5.47553277015686,-1723.506666666667,0.053070730064064264,15.059947861565483,0.2723905071616173,0.010436035175290372,0.06944444444444445,1171,160.5989899384934,0.3035702705383301
1172,7941.989,1697.753333333333,7250.666666666663,100,100,1089,4.747115334716546,6.658096112641564,5.447291851043701,-1697.753333333333,-0.029907310122831002,19.925394826465183,0.28754734989100444,0.007755208107280648,0.07942708333333333,1172,160.6125285834114,0.3035702705383301
1173,7948.113,1866.3400000000006,7322.0,100,100,1087,4.769917204162138,6.735970561177553,5.483844041824341,-1866.3400000000006,-0.01594322602100232,31.29384153029498,0.30006951356635375,0.019185192540616673,0.07040003533749019,1173,160.62557219103172,0.3035702705383301
1174,7954.162,1850.9599999999998,7402.666666666668,100,100,1085,4.740210230814181,6.82273425499232,5.4232542514801025,-1850.9599999999998,-0.014351215597022982,25.785511577830594,0.2570902950623456,0.021382651031565142,0.09050295271855943,1174,160.63981213867257,0.3035702705383301
1175,7960.251,1758.0500000000002,7286.666666666668,100,100,1088,4.7601382354033,6.697303921568628,5.459396600723267,-1758.0500000000002,-0.013397953801733605,17.962914551005642,0.3081965043264277,0.014844894967288436,0.08042279411764706,1175,160.6535996538403,0.3035702705383301
1176,7966.377,1746.1400000000006,7229.000000000002,100,100,1091,4.755190464366641,6.626031164069663,5.464889287948608,-1746.1400000000006,-0.04555926197725865,19.766482240623898,0.2891227235183275,0.016039034865874175,0.08940972222222222,1176,160.66701891610262,0.3035702705383301
1177,7972.44,1638.4233333333334,7041.000000000002,100,100,1088,4.743646875153097,6.471507352941178,5.4303014278411865,-1638.4233333333334,-0.016428342582110095,25.296029006733615,0.35730884881580577,0.013105579761459547,0.07077205882352941,1177,160.68128827367727,0.3035702705383301
1178,7978.599,1735.0300000000007,7256.333333333338,100,100,1088,4.802718935560038,6.669424019607847,5.510531663894653,-1735.0300000000007,-0.013898862744955456,20.680453665116254,0.3469657038941103,0.011287943323088042,0.07858455882352941,1178,160.69362308650702,0.3035702705383301
1179,7984.643,1795.416666666667,7368.999999999999,100,100,1088,4.717740901576369,6.77297794117647,5.40828275680542,-1795.416666666667,-0.014557016575161149,13.641966076458202,0.31327183018712434,0.01882839561029173,0.07628676470588236,1179,160.70827959646763,0.3035702705383301
1180,7997.575,1737.953333333333,7259.3333333333285,100,100,1090,4.4019746799192845,6.6599388379204845,5.071879625320435,-1737.953333333333,-0.016206948397060234,11.924284375376171,0.32229563637681874,0.024019309571788956,0.06032986111111111,1180,160.72928632437294,0.3035702705383301
1181,8003.711,1761.5399999999997,7307.333333333333,100,100,1089,4.769730302453882,6.710131619222528,5.465512752532959,-1761.5399999999997,0.002482405501521296,17.761959287855362,0.35394324610630673,0.009503169302155988,0.06987847222222222,1181,160.59762708721388,0.3035702705383301
1182,8009.853,1760.8766666666666,7235.333333333333,100,100,1090,4.767516513308083,6.6379204892966355,5.478555202484131,-1760.8766666666666,-0.02954540230954687,15.39586544699139,0.33351137687633226,0.02856746668759216,0.08984375,1182,160.61056536413162,0.3035702705383301
1183,8015.965,1869.750000000001,7536.33333333334,100,100,1090,4.742621651790831,6.914067278287468,5.437568426132202,-1869.750000000001,0.002766129198587603,12.560056057241228,0.3221577786737018,0.025224816008833133,0.08159722222222222,1183,160.62407834990182,0.3035702705383301
1184,8022.127,1737.7833333333335,7155.000000000001,100,100,1090,4.765400550447814,6.564220183486239,5.478405237197876,-1737.7833333333335,-0.029368233349588182,15.70661003059811,0.3453374467531426,0.014405263445547057,0.07855902777777778,1184,160.63657566422614,0.3035702705383301
1185,8028.211,1767.4799999999989,7324.333333333334,100,100,1086,4.755839134860633,6.744321669736035,5.42747688293457,-1767.4799999999989,-0.010190750033978154,13.685875247506534,0.35548391850555644,0.018647268893854582,0.07781368581687703,1185,160.65011777994067,0.3035702705383301
1186,8034.37,1772.8066666666664,7235.999999999996,100,100,1092,4.769773168029646,6.626373626373623,5.488309621810913,-1772.8066666666664,-0.01775610415885846,13.819031371010674,0.33561162278056145,0.02583897513169278,0.10069444444444445,1186,160.66288634187802,0.3035702705383301
1187,8040.511,1808.3133333333346,7415.000000000004,100,100,1086,4.806182505781583,6.827808471454883,5.492825746536255,-1808.3133333333346,-0.017086419934297308,14.91040325164795,0.36707932107588825,0.025535235219114626,0.0860412712482845,1187,160.67524491155942,0.3035702705383301
1188,8046.643,1860.703333333333,7468.666666666666,100,100,1088,4.772728950603564,6.864583333333333,5.475416421890259,-1860.703333333333,-0.013086201842216885,17.457932640524472,0.29840443765415864,0.021532519648591167,0.07215073529411764,1188,160.68800626807467,0.3035702705383301
1189,8052.702,1901.1166666666677,7428.000000000004,100,100,1089,4.697305415444849,6.820936639118461,5.389896631240845,-1901.1166666666677,0.011638321849103603,25.657474875450134,0.2720165639776597,0.026473815223046888,0.078125,1189,160.7023627533015,0.3035702705383301
1190,8065.589,1700.1300000000003,7227.666666666664,100,100,1089,4.364253901679811,6.6369758187939984,5.018489122390747,-1700.1300000000003,-0.015331744785524078,20.27156148933702,0.2811721177042475,0.00838016137196165,0.07421875,1190,160.724071706976,0.3035702705383301
1191,8071.779,1654.0566666666678,7067.666666666667,100,100,1089,4.792193939038736,6.490052035506581,5.494329214096069,-1654.0566666666678,-0.05480182419220606,14.534422861205208,0.32918478300174076,0.020338636732453272,0.09505208333333333,1191,160.5923570163843,0.3035702705383301
1192,8077.854,1802.5699999999997,7283.999999999997,100,100,1087,4.753084362033847,6.701011959521616,5.433028697967529,-1802.5699999999997,-0.011422418770106399,14.94617759480196,0.2702547552831033,0.014361419562620166,0.06397350636475227,1192,160.60618009031742,0.3035702705383301
1193,8083.959,1805.1666666666665,7317.000000000001,100,100,1087,4.770223735236214,6.731370745170194,5.459115505218506,-1805.1666666666665,-0.01582681332879207,15.046378584469066,0.28024229100521875,0.018353317936998792,0.08051762401181109,1193,160.6193250930403,0.3035702705383301
1194,8090.028,1804.1833333333334,7334.333333333336,100,100,1086,4.7600024854026834,6.753529772866791,5.4343321323394775,-1804.1833333333334,-0.013812157489797649,19.660425242255716,0.3135635791455998,0.024150819764198625,0.09161527498680003,1194,160.63308003154327,0.3035702705383301
1195,8096.136,1684.0699999999997,7089.999999999998,100,100,1087,4.7785250226716,6.522539098436061,5.4661500453948975,-1684.0699999999997,-0.013592089471571586,16.50446636536542,0.29327329730286317,0.015348612912930548,0.07452147563590723,1195,160.64616292746248,0.3035702705383301
1196,8102.217,1745.6766666666674,7173.0,100,100,1091,4.7353079739281965,6.574702108157654,5.430994987487793,-1745.6766666666674,-0.050188430222786136,16.895502501063877,0.30265991323782754,0.009635934276351085,0.06336805555555555,1196,160.66022775912373,0.3035702705383301
1197,8108.274,1693.226666666667,7176.666666666664,100,100,1084,4.762686900833168,6.620541205412052,5.433931112289429,-1693.226666666667,-0.012070663410293706,21.025927515590894,0.25781694580526915,0.0010457902304444682,0.07254901988541379,1197,160.67390549754472,0.3035702705383301
1198,8114.358,1710.7533333333333,7157.333333333333,100,100,1089,4.743661156994922,6.572390572390572,5.435328245162964,-1710.7533333333333,-0.07101458440431291,15.07734712296062,0.27733894280324417,0.008144379205380877,0.10243055555555555,1198,160.68762699508443,0.3035702705383301
1199,8120.496,1649.1500000000005,7081.000000000001,100,100,1090,4.76328734022249,6.496330275229359,5.46626353263855,-1649.1500000000005,-0.058333586901426315,20.97839805814955,0.2679329791313244,0.01834092553730847,0.07855902777777778,1199,160.70040795906147,0.3035702705383301
1200,8133.4,1752.0500000000002,7266.333333333337,100,100,1087,4.391497331877044,6.684759276295618,5.038232326507568,-1752.0500000000002,-0.015976877170888817,14.948184434105368,0.23542613579946406,0.041735857351929605,0.08006535974495552,1200,160.72189420716748,0.3035702705383301
1201,8139.549,1743.216666666667,7183.333333333333,100,100,1091,4.763366083962814,6.584173541093797,5.468843221664429,-1743.216666666667,0.005111314149366485,17.953570584456127,0.24688815025405753,0.06353256188190749,0.07566550953520669,1201,160.59183811118837,0.3035702705383301
1202,8145.626,1722.6399999999992,7183.666666666662,100,100,1088,4.747434190422235,6.602634803921565,5.431177377700806,-1722.6399999999992,-0.008813975652789368,12.15100323452669,0.24489548188798568,0.02132508550215896,0.07490808823529412,1202,160.60558302099227,0.3035702705383301
1203,8151.758,1782.9600000000003,7245.000000000001,100,100,1089,4.774025895913312,6.652892561983472,5.4789698123931885,-1782.9600000000003,0.04056495730765164,14.123954799440172,0.20982442505192012,-0.01190218422561884,0.09071180555555555,1203,160.61836293751455,0.3035702705383301
1204,8157.823,1674.0933333333337,7190.666666666671,100,100,1086,4.7646497233048715,6.621240024554945,5.435727834701538,-1674.0933333333337,-0.013178586905055186,22.695714642019833,0.24131883198724075,0.01890792778474005,0.08289848180378184,1204,160.63206342265744,0.3035702705383301
1205,8163.984,1836.9600000000003,7356.0,100,100,1089,4.784235811691399,6.754820936639119,5.490907430648804,-1836.9600000000003,-0.012124609046926102,23.99040585094028,0.22126441377826625,0.033439053487705275,0.06293402777777778,1205,160.64423653411893,0.3035702705383301
1206,8170.111,1825.04,7373.000000000002,100,100,1086,4.776868967486899,6.789134438305711,5.464892625808716,-1825.04,-0.012247128138209091,19.682653847862692,0.17917082305340207,0.033067830263034385,0.06261859571232516,1206,160.65668771582963,0.3035702705383301
1207,8176.207,1762.3600000000004,7190.999999999999,100,100,1088,4.762333639519056,6.609374999999999,5.4565815925598145,-1762.3600000000004,-0.012273326297016704,20.405596059911392,0.18485312624012723,0.04127084760522634,0.07123161764705882,1207,160.66998528026022,0.3035702705383301
1208,8182.283,1694.8500000000006,7151.666666666665,100,100,1088,4.753744482085869,6.5732230392156845,5.441571235656738,-1694.8500000000006,-0.008177597240051803,16.757189694572897,0.16874881329781868,0.013356958094792551,0.06433823529411764,1208,160.68364546718962,0.3035702705383301
1209,8188.422,1852.3499999999997,7392.333333333331,100,100,1091,4.765275986903577,6.77574091047968,5.4819252490997314,-1852.3499999999997,-0.03777794721018937,16.542116350597805,0.17674077146997055,0.01645730177147521,0.05642361111111111,1209,160.6964049714938,0.3035702705383301
1210,8201.429,1802.803333333333,7345.666666666665,100,100,1090,4.406612843099913,6.739143730886849,5.080612659454346,-1802.803333333333,-0.05672150995168421,17.742683056328033,0.18871785058743423,0.02191462560181713,0.07074652777777778,1210,160.7159889296111,0.3035702705383301
1211,8207.578,1702.1266666666663,7102.666666666666,100,100,1089,4.7612301197118505,6.522191613100704,5.4493184089660645,-1702.1266666666663,-0.0509409231858121,26.60321511493789,0.1746546519389085,0.017548915352866363,0.06553819444444445,1211,160.58683957556053,0.3035702705383301
1212,8213.727,1896.85,7489.000000000001,100,100,1089,4.774536456740859,6.8769513314967865,5.4901697635650635,-1896.85,-0.002378624915662739,18.356586527493263,0.16274600279413992,0.030339103053039353,0.07378472222222222,1212,160.59920582735745,0.3035702705383301
1213,8219.866,1788.0133333333338,7366.000000000001,100,100,1092,4.762348995480905,6.745421245421246,5.476909637451172,-1788.0133333333338,0.012864415896021657,23.466403245925903,0.17799044172796938,0.025313679138586547,0.06944444444444445,1213,160.61210207163626,0.3035702705383301
1214,8225.987,1694.4800000000002,7074.333333333337,100,100,1089,4.75501460273373,6.496173859810226,5.441769599914551,-1694.4800000000002,-0.05374733702693549,28.280372989674408,0.2193515342142847,0.013298689335998561,0.0881076388888889,1214,160.62498288225197,0.3035702705383301
1215,8232.094,1778.9733333333338,7330.333333333332,100,100,1084,4.77609142031335,6.7623001230012285,5.452046632766724,-1778.9733333333338,-0.010304303785019061,14.30071039760814,0.23912505016607397,0.017992223232902366,0.06283701013992815,1215,160.63751518325657,0.3035702705383301
1216,8238.163,1685.9966666666674,7079.666666666669,100,100,1086,4.759305894171603,6.519030079803563,5.435560941696167,-1685.9966666666674,-0.011751841781113078,20.753055796903723,0.2450594498830683,0.008299923932260271,0.07739860038546954,1216,160.65097736779393,0.3035702705383301
1217,8244.313,1798.743333333334,7355.000000000003,100,100,1089,4.786009457487445,6.753902662993575,5.495306968688965,-1798.743333333334,-0.005553820713733633,13.88638031606873,0.24815488909371197,0.04365366174089205,0.07335069444444445,1217,160.66323209252513,0.3035702705383301
1218,8250.395,1736.92,7258.999999999997,100,100,1089,4.724189715953399,6.665748393021118,5.412919282913208,-1736.92,-0.0016097616300814683,15.127012379467487,0.2561988892654578,0.011005902924807742,0.06597222222222222,1218,160.67679539552324,0.3035702705383301
1219,8256.576,1696.8966666666668,7121.333333333337,100,100,1090,4.77917531960208,6.533333333333337,5.490980863571167,-1696.8966666666668,0.0016398109081718656,22.698205338584053,0.2831459413799975,0.009447351718942324,0.0859375,1219,160.68852968376194,0.3035702705383301
1220,8269.49,1690.743333333333,7204.3333333333285,100,100,1090,4.404790733018121,6.609480122324155,5.063180208206177,-1690.743333333333,0.010803066659718752,25.76287251048618,0.3024630063316888,0.009348783234599978,0.06293402777777778,1220,160.70901124415653,0.3035702705383301
1221,8275.649,1724.08,7171.666666666668,100,100,1086,4.799480476025595,6.603744628606508,5.494555473327637,-1724.08,-0.012094032676780926,14.04509334003224,0.3330601116313654,0.016494857229511526,0.05442065920899896,1221,160.5811291427108,0.3035702705383301
1222,8281.755,1700.9266666666672,7120.333333333333,100,100,1088,4.771247425678132,6.544424019607843,5.46077823638916,-1700.9266666666672,-0.010950548190842657,16.333797819474164,0.2941705794895397,0.01376574779244359,0.05560661764705882,1222,160.59409161728885,0.3035702705383301
1223,8287.873,1757.5866666666666,7245.999999999998,100,100,1092,4.729416392911601,6.635531135531134,5.448203802108765,-1757.5866666666666,0.0009450738370004627,16.966284182336594,0.2962601180576409,0.009796911740623828,0.06770833333333333,1223,160.6073166245378,0.3035702705383301
1224,8293.977,1724.6900000000012,7231.333333333336,100,100,1088,4.748860936588779,6.646446078431374,5.448569297790527,-1724.6900000000012,-0.013417014961733538,14.666114610784193,0.29137372137869105,0.021157146657488364,0.07306985294117647,1224,160.62028664422996,0.3035702705383301
1225,8300.113,1761.659999999999,7305.333333333329,100,100,1088,4.785235938577578,6.714460784313722,5.494094133377075,-1761.659999999999,-0.016943961491479594,16.765716917374554,0.28339699348982644,0.004343635703930084,0.07536764705882353,1225,160.63264073640855,0.3035702705383301
1226,8306.2,1744.2866666666675,7256.66666666667,100,100,1085,4.743324611057025,6.688172043010756,5.428818225860596,-1744.2866666666675,-0.015633822199614608,14.311812316670137,0.25952452202053633,0.013335660741979475,0.067803760552231,1226,160.64556823600628,0.3035702705383301
1227,8312.311,1814.8433333333337,7344.999999999997,100,100,1089,4.713263821251916,6.744719926538106,5.4204261302948,-1814.8433333333337,-0.07307639009215766,15.687734711501333,0.23796653895018002,0.016238424331984587,0.06901041666666667,1227,160.6584511741038,0.3035702705383301
1228,8318.399,1726.7266666666662,7223.999999999999,100,100,1087,4.756042317927686,6.6458141674333016,5.4475626945495605,-1726.7266666666662,-0.012553970603381885,13.792157930486342,0.23180049000417485,0.020012752043412012,0.06903594798024963,1228,160.671550796026,0.3035702705383301
1229,8324.454,1754.41,7346.333333333337,100,100,1087,4.717106898246708,6.758356332413373,5.400383472442627,-1754.41,-0.012680358499945962,11.466752655365887,0.2403256051680621,0.031175844706868863,0.07498832890654311,1229,160.68528221588707,0.3035702705383301
1230,8337.325,1648.5566666666668,7005.666666666663,100,100,1087,4.37416522395253,6.444955535111926,5.028202056884766,-1648.5566666666668,-0.010717006290660185,14.109454014722038,0.2549552816678496,0.010730463932679199,0.06852532709565233,1230,160.70598410121363,0.3035702705383301
1231,8343.474,1702.4933333333333,6984.333333333334,100,100,1087,4.7903097527685965,6.425329653480528,5.496513605117798,-1702.4933333333333,-0.015305679948890911,14.717739133273854,0.26239411489051934,0.017808006076580462,0.070808531880817,1231,160.5795260190735,0.3035702705383301
1232,8349.554,1748.5800000000004,7371.666666666668,100,100,1087,4.749566327314396,6.781662066850661,5.43632173538208,-1748.5800000000004,-0.01433526212349534,17.550969993366916,0.2908470218672472,0.013559781775042853,0.05749591527616277,1232,160.59276695316194,0.3035702705383301
1233,8355.69,1876.7933333333326,7396.333333333332,100,100,1091,4.74605508858046,6.779407271616253,5.464383602142334,-1876.7933333333326,-0.0002730860012686915,37.51901710695691,0.24332539633744293,0.04459564252788874,0.07942708333333333,1233,160.6054075404452,0.3035702705383301
1234,8361.768,1778.5733333333335,7293.333333333334,100,100,1088,4.734084467225544,6.70343137254902,5.4300172328948975,-1778.5733333333335,-0.008272515993346186,13.865046080421,0.23042483627796173,0.018225606412777456,0.06801470588235294,1234,160.61879206044952,0.3035702705383301
1235,8367.881,1594.5333333333322,6939.999999999997,100,100,1090,4.750521745481485,6.366972477064218,5.45360541343689,-1594.5333333333322,0.056733436675535306,37.465533865822685,0.25608679052028394,0.00585527611979665,0.059027777777777776,1235,160.63170358459865,0.3035702705383301
1236,8373.971,1748.066666666667,7197.999999999998,100,100,1088,4.753029501550961,6.61580882352941,5.444708824157715,-1748.066666666667,-0.01184051253778093,15.622791711021872,0.2963889644426458,0.01767604048911701,0.06801470588235294,1236,160.64481864942246,0.3035702705383301
1237,8380.095,1783.4,7264.333333333332,100,100,1090,4.773710549856032,6.664525993883791,5.477886199951172,-1783.4,-0.0017685559060838488,14.808414803610908,0.25019452124898733,0.04464307060698047,0.059895833333333336,1237,160.6574781415631,0.3035702705383301
1238,8386.139,1754.0400000000006,7170.666666666671,100,100,1088,4.738357720377869,6.590686274509808,5.423059940338135,-1754.0400000000006,-0.0140534735229962,17.76728935802684,0.256825451465214,0.02300839265294866,0.04733455882352941,1238,160.67142975316204,0.3035702705383301
1239,8392.228,1785.2466666666678,7338.0,100,100,1088,4.758804597419358,6.744485294117647,5.453003644943237,-1785.2466666666678,-0.0063856881769264445,12.676273121553308,0.23958129085162105,0.035522635824129206,0.07628676470588236,1239,160.68450307084,0.3035702705383301
1240,8405.163,1837.7033333333331,7372.0,100,100,1087,4.356018123525368,6.78196872125115,5.002538681030273,-1837.7033333333331,-0.008258842972709853,23.173941500046674,0.2608889424625565,0.03506082873996895,0.07366071488050853,1240,160.70626027387675,0.3035702705383301
1241,8411.31,1920.2200000000003,7633.0,100,100,1090,4.78680404052651,7.002752293577982,5.495206594467163,-1920.2200000000003,0.014652284431374736,41.71637386745877,0.24544056461309083,0.03274121438153088,0.06727430555555555,1241,160.5788005205696,0.3035702705383301
1242,8417.449,1775.726666666666,7359.999999999995,100,100,1091,4.771845739724935,6.746104491292388,5.492747783660889,-1775.726666666666,-0.005168264550674293,22.880163431167603,0.27173318962256116,0.010221286359915717,0.08217592620187336,1242,160.5912884187666,0.3035702705383301
1243,8423.6,1812.8733333333337,7248.0,100,100,1090,4.7828846807600165,6.64954128440367,5.4908623695373535,-1812.8733333333337,-0.02255170450856288,23.332650015751522,0.2602637889148254,0.03187510959833162,0.06336805555555555,1243,160.60342685265167,0.3035702705383301
1244,8429.708,1662.2933333333337,7076.333333333334,100,100,1086,4.780348160082876,6.515960712093309,5.458524942398071,-1662.2933333333337,-0.014217968153602937,19.453843481400433,0.28097239268176694,0.012002328444984467,0.06762926937902675,1244,160.6158792421517,0.3035702705383301
1245,8435.859,1753.9066666666668,7174.0,100,100,1086,4.791088767167915,6.605893186003684,5.4846556186676025,-1753.9066666666668,-0.01124228474081439,17.25036054499009,0.28338856250047684,0.021493245183271083,0.07412239076460109,1245,160.62751435964248,0.3035702705383301
1246,8441.976,1751.2366666666667,7197.999999999999,100,100,1089,4.757633424835251,6.60973370064279,5.44313383102417,-1751.2366666666667,0.014127352430174748,10.737274959683418,0.26211913753326777,0.021647977319339082,0.06727430555555555,1246,160.64012327537577,0.3035702705383301
1247,8448.116,1818.073333333334,7367.999999999997,100,100,1092,4.744741391056241,6.747252747252745,5.454287528991699,-1818.073333333334,0.0010871057295136983,13.984436194101969,0.3129680272605684,0.030055126068570342,0.07465277777777778,1247,160.65262402832133,0.3035702705383301
1248,8454.245,1823.9399999999994,7321.999999999999,100,100,1090,4.750144680098998,6.717431192660549,5.447895288467407,-1823.9399999999994,-0.03538716729316446,17.57569646835327,0.2655698705671562,0.023958677471253194,0.059895833333333336,1248,160.6650834433774,0.3035702705383301
1249,8460.334,1874.8766666666663,7500.666666666669,100,100,1090,4.719228899841188,6.881345565749237,5.413860082626343,-1874.8766666666663,-0.029902982189216547,20.86027608977424,0.33649541520410114,0.013080991921015084,0.11241319444444445,1249,160.67831745742538,0.3035702705383301
1250,8473.278,1787.9933333333333,7262.666666666666,100,100,1088,4.373043932526557,6.675245098039215,5.02373194694519,-1787.9933333333333,-0.013269832878209212,19.042688313652487,0.31226834348019433,0.03146209839649279,0.07215073529411764,1250,160.69874766963645,0.3035702705383301
1251,8479.418,1786.8400000000004,7415.666666666666,100,100,1089,4.75642304938916,6.809611264156718,5.456268787384033,-1786.8400000000004,-0.03035178589117196,12.234341078334385,0.3070027125682423,0.009722530473178873,0.0720486111111111,1251,160.5734088373845,0.3035702705383301
1252,8485.49,1768.476666666666,7293.333333333329,100,100,1084,4.738341144572194,6.728167281672813,5.406003952026367,-1768.476666666666,-0.008925443604205023,17.942666109870462,0.35298800293137045,0.014969317184295505,0.06709558845442884,1252,160.58625020050349,0.3035702705383301
1253,8491.647,1833.1000000000006,7405.000000000001,100,100,1091,4.759587534241494,6.787351054078828,5.47342586517334,-1833.1000000000006,-0.04066062858328223,16.296122392018635,0.2952161964236034,0.027341436838873454,0.10127314842409557,1253,160.59831830616596,0.3035702705383301
1254,8497.751,1827.7400000000002,7253.333333333333,100,100,1089,4.730100184914214,6.660544842363024,5.424811840057373,-1827.7400000000002,-0.031216720584779978,25.295522848765057,0.2613252338228954,0.012071979658988615,0.05642361111111111,1254,160.61108797838773,0.3035702705383301
1255,8503.907,1592.0766666666666,6959.666666666668,100,100,1089,4.791938293343829,6.390878481787574,5.490330219268799,-1592.0766666666666,0.03744844639570349,33.75256657600403,0.2643117492843885,0.015894591245645035,0.05946180555555555,1255,160.62286782107907,0.3035702705383301
1256,8510.041,1720.9166666666686,7245.333333333337,100,100,1091,4.76245921020636,6.641002138710666,5.4631617069244385,-1720.9166666666686,-0.0212222793036037,20.25238115257687,0.3100273679527972,0.02037122642246282,0.07132523175742891,1256,160.6352932694394,0.3035702705383301
1257,8516.189,1845.423333333334,7353.333333333334,100,100,1087,4.764669364457051,6.764796074823674,5.4603471755981445,-1845.423333333334,-0.01426653509192607,19.59460185555851,0.32688310742378235,0.0275009245995213,0.07409109503907316,1257,160.64696847630276,0.3035702705383301
1258,8522.29,1847.7333333333333,7355.666666666666,100,100,1087,4.768657772553349,6.7669426556271075,5.464052438735962,-1847.7333333333333,-0.012153919676647466,28.465239693136777,0.29973402224919377,0.02761101697037435,0.07224556518828168,1258,160.65951587723958,0.3035702705383301
1259,8528.302,1884.063333333333,7434.666666666664,100,100,1086,4.704209576269979,6.845917740945363,5.384705066680908,-1884.063333333333,-0.013542261166388498,31.591447718003216,0.31964608588639426,0.020766706859884673,0.08058586322209414,1259,160.67359436523628,0.3035702705383301
1260,8541.186,1798.0366666666675,7387.333333333337,100,100,1091,4.39025270426091,6.7711579590589706,5.056068658828735,-1798.0366666666675,-0.04018295799485511,14.468437062369453,0.26961744856089354,0.031102777258234307,0.08550347222222222,1260,160.6935841677642,0.3035702705383301
1261,8547.234,1765.03,7251.666666666667,100,100,1088,4.735347978246008,6.6651348039215685,5.419191360473633,-1765.03,-0.013862093855791232,17.67416732451495,0.29088567547938404,0.024647593683124903,0.07215073529411764,1261,160.57264619367967,0.3035702705383301
1262,8553.293,1771.5366666666662,7270.666666666664,100,100,1085,4.754449030564677,6.701075268817202,5.4340980052948,-1771.5366666666662,-0.015211318564765593,16.08835476987502,0.2439664817031692,0.019322025870411274,0.06410468851818758,1262,160.585770647701,0.3035702705383301
1263,8559.345,1918.243333333332,7469.999999999997,100,100,1089,4.720592472780944,6.859504132231402,5.411072492599487,-1918.243333333332,-0.018321330503871042,21.817119499047596,0.2953544697827763,0.0201065823655679,0.10460069444444445,1263,160.5994383329141,0.3035702705383301
1264,8565.377,1707.3666666666668,7124.666666666665,100,100,1085,4.728133640518146,6.566513056835636,5.39443039894104,-1707.3666666666668,-0.013928481678971472,27.220010561101578,0.2670429050922394,0.02848439068218474,0.07699493702281923,1264,160.61300763979116,0.3035702705383301
1265,8571.51,1704.6866666666665,7229.999999999999,100,100,1091,4.767075531320402,6.626947754353803,5.474780797958374,-1704.6866666666665,-0.02888064334789912,24.210052490234375,0.2875286580023789,0.012120890575564166,0.06944444444444445,1265,160.62536642359927,0.3035702705383301
1266,8577.574,1756.4366666666663,7148.0,100,100,1087,4.735711221510361,6.575896964121435,5.4147868156433105,-1756.4366666666663,-0.012734927839654334,13.277486436507282,0.3096606047714458,0.012570092509336332,0.06948091769043137,1266,160.63854997401117,0.3035702705383301
1267,8583.701,1832.3066666666675,7437.666666666668,100,100,1091,4.756714664032558,6.817293003360832,5.470524311065674,-1832.3066666666675,-0.024979399620658822,17.921698530515034,0.2905876624087493,0.013247374522810182,0.07118055555555555,1267,160.6509782459871,0.3035702705383301
1268,8589.743,1818.5599999999995,7386.666666666662,100,100,1087,4.727314628267416,6.795461514872734,5.409205913543701,-1818.5599999999995,-0.012303255991462399,18.62250025132123,0.32606974112636905,0.0072954565574250676,0.06950280136045288,1268,160.66452943248754,0.3035702705383301
1269,8595.876,1799.0366666666666,7315.000000000002,100,100,1090,4.734456332383353,6.711009174311928,5.442964792251587,-1799.0366666666666,0.000744763244357374,17.580482721328735,0.32879028883245254,0.014842702892363176,0.08333333333333333,1269,160.67669520871246,0.3035702705383301
1270,8608.723,1732.3499999999997,7138.666666666666,100,100,1084,4.368692803917439,6.585485854858548,5.001392841339111,-1732.3499999999997,-0.01848113873754354,19.36205561020795,0.33477990636054206,0.005696410491295597,0.07349877497729133,1270,160.69705735468332,0.3035702705383301
1271,8614.897,1803.9833333333331,7296.333333333333,100,100,1088,4.811139062118908,6.706188725490196,5.52674412727356,-1803.9833333333331,-0.006263095392462085,17.020674256717456,0.34328219513682756,0.012883614700780633,0.09880514705882353,1271,160.57405784513142,0.3035702705383301
1272,8620.986,1751.236666666667,7178.333333333332,100,100,1084,4.7473747252505545,6.622078720787207,5.415496826171875,-1751.236666666667,-0.012795232510303749,20.49350626328412,0.32772426044239716,0.009081818711231737,0.07999387317720581,1272,160.58639119856218,0.3035702705383301
1273,8627.14,1820.8366666666666,7382.000000000003,100,100,1087,4.811203127800596,6.7911683532658715,5.518446683883667,-1820.8366666666666,-0.015572684433530359,17.90696118859684,0.30251699379261804,0.013335169115795424,0.06951009635539616,1273,160.59783988005321,0.3035702705383301
1274,8633.202,1807.4500000000003,7354.666666666669,100,100,1086,4.749847421230505,6.772252915899327,5.428844451904297,-1807.4500000000003,-0.01564533426255152,12.874986536362591,0.31489519643432956,0.0232458270911593,0.09707068301299039,1274,160.61086870045088,0.3035702705383301
1275,8639.292,1785.4299999999994,7330.999999999998,100,100,1087,4.755723828311903,6.744250229990799,5.444804906845093,-1785.4299999999994,-0.012134886716547258,15.16146689302781,0.30596350484034596,0.001714327242499327,0.0768338587573346,1275,160.62345869262188,0.3035702705383301
1276,8645.436,1776.8733333333332,7212.333333333331,100,100,1090,4.749933026470415,6.616819571865442,5.462359428405762,-1776.8733333333332,-0.015419056742555566,16.6590645843082,0.30187740590837264,0.01062953234617857,0.09288194444444445,1276,160.6353833032277,0.3035702705383301
1277,8651.556,1723.5133333333333,7135.666666666663,100,100,1090,4.7611773378267,6.546483180428131,5.465149164199829,-1723.5133333333333,-0.01061975278167261,30.68357613682747,0.34401755448844695,0.019125350990280923,0.11675347222222222,1277,160.64774187652912,0.3035702705383301
1278,8657.667,1798.8466666666668,7315.666666666669,100,100,1088,4.762916543447371,6.723958333333336,5.467676162719727,-1798.8466666666668,-0.013049722293063122,14.450939963845645,0.33778000885949416,0.008049272805424956,0.06755514705882353,1278,160.66002630040066,0.3035702705383301
1279,8663.764,1768.9199999999996,7326.999999999999,100,100,1090,4.722232752107939,6.722018348623853,5.428062438964844,-1768.9199999999996,0.023675728175375197,20.18126410908169,0.32911621365282273,0.0011201184081275845,0.05642361111111111,1279,160.67276990814267,0.3035702705383301
1280,8676.765,1834.8866666666677,7405.000000000003,100,100,1087,4.3933564859588925,6.812327506899726,5.056576251983643,-1834.8866666666677,-0.012036535395857166,16.81346035003662,0.33228370240506006,0.021010273960521717,0.05980829850715749,1280,160.69226187444931,0.3035702705383301
1281,8682.907,1727.1266666666663,7136.999999999997,100,100,1089,4.749224334249668,6.55371900826446,5.447235822677612,-1727.1266666666663,-0.040090638756131135,22.71420817408297,0.3319638274713523,0.0027481721254945216,0.06901041666666667,1281,160.5691461935412,0.3035702705383301
1282,8689.059,1771.7933333333337,7331.0,100,100,1089,4.769175573503573,6.731864095500459,5.476423025131226,-1771.7933333333337,-0.024342779121879075,18.82106465101242,0.3430024826925041,0.001930129593044209,0.07074652777777778,1282,160.58080143355343,0.3035702705383301
1283,8695.152,1839.4033333333336,7322.333333333337,100,100,1088,4.747078583771808,6.7300857843137285,5.444518327713013,-1839.4033333333336,-0.01799983238143956,20.59393004810109,0.3594083899960798,0.026539472144042307,0.078125,1283,160.5934058757754,0.3035702705383301
1284,8701.296,1811.95,7312.999999999998,100,100,1090,4.773091741863194,6.709174311926604,5.487146377563477,-1811.95,-0.039813613803643316,16.332832132776577,0.3531302969875267,0.015872361368059903,0.08984375,1284,160.60527497081296,0.3035702705383301
1285,8707.439,1816.573333333333,7291.000000000005,100,100,1089,4.7657830121989395,6.695133149678608,5.471263647079468,-1816.573333333333,-0.06172124917308489,26.621634589301216,0.3202954481607271,0.009356520074005756,0.07465277777777778,1285,160.61702659266706,0.3035702705383301
1286,8713.575,1831.4466666666665,7417.333333333333,100,100,1089,4.746465472747376,6.811141720232629,5.446455478668213,-1831.4466666666665,-0.07283468932534258,19.647549129194683,0.29866149496956496,0.01892168720951304,0.078125,1286,160.62890435639963,0.3035702705383301
1287,8719.71,1729.1833333333345,7274.333333333336,100,100,1089,4.762670338129038,6.6798285889195,5.457048177719116,-1729.1833333333345,-0.021080113740430936,36.03804586041305,0.3765755726231469,0.014779583247016288,0.13585069444444445,1287,160.6407790863481,0.3035702705383301
1288,8725.824,1815.6566666666665,7242.000000000005,100,100,1087,4.768995309193732,6.662373505059802,5.468757152557373,-1815.6566666666665,-0.014808004338513403,15.730409033158246,0.3068306573173579,0.008831077090957585,0.06854721082045752,1288,160.65281992277534,0.3035702705383301
1289,8731.98,1769.1233333333328,7339.666666666666,100,100,1089,4.765255005856594,6.739822467095194,5.47407341003418,-1769.1233333333328,-0.001248857213391198,22.682846038291853,0.3361457267569171,0.006720288634015661,0.06987847222222222,1289,160.6642433691595,0.3035702705383301
1290,8744.93,1830.4300000000005,7388.666666666671,100,100,1085,4.36002267503141,6.8098310291858715,4.992457628250122,-1830.4300000000005,-0.014351916061166455,12.427044377607459,0.3171640726573327,0.00913179256980691,0.06826331937576041,1290,160.6846163009215,0.3035702705383301
1291,8751.081,1852.65,7448.333333333333,100,100,1088,4.782096506674219,6.845894607843137,5.483042001724243,-1852.65,-0.01748632513644064,29.69304634543026,0.28368187345126095,0.02402393563020536,0.09191176470588236,1291,160.5618958804338,0.3035702705383301
1292,8757.229,1676.3033333333335,7244.333333333335,100,100,1089,4.774156382522923,6.652280379553108,5.469431638717651,-1676.3033333333335,-0.05174623616039753,32.301227470239006,0.2913799769141608,0.007633934023841802,0.0759548611111111,1292,160.57351550528793,0.3035702705383301
1293,8763.303,1744.1933333333332,7040.999999999999,100,100,1086,4.753653683745119,6.48342541436464,5.432617664337158,-1744.1933333333332,-0.01565744010183741,18.980795187108658,0.28424060125561323,0.01590976243845516,0.07140951121554655,1293,160.58613136205736,0.3035702705383301
1294,8769.421,1662.9300000000005,7098.333333333336,100,100,1087,4.758277367016518,6.530205458448331,5.450033903121948,-1662.9300000000005,-0.018203032586504433,51.14409839405733,0.3330944522338755,0.0014288339914534898,0.08144403621554375,1294,160.59808748991836,0.3035702705383301
1295,8775.497,1781.1699999999996,7254.999999999999,100,100,1087,4.740003221809672,6.674333026678932,5.428584337234497,-1781.1699999999996,-0.012563609189408667,13.533393944011015,0.35535814043353586,0.0076387234525207215,0.062106092843939274,1295,160.61072503909682,0.3035702705383301
1296,8781.573,1818.9400000000003,7296.333333333334,100,100,1088,4.73978538706005,6.706188725490197,5.436372995376587,-1818.9400000000003,-0.014596091528587481,15.337457292220172,0.32436444040607004,0.019649650185944185,0.07858455882352941,1296,160.6235045367794,0.3035702705383301
1297,8787.617,1738.0333333333338,7164.333333333333,100,100,1085,4.7286565876930675,6.603072196620584,5.401390790939331,-1738.0333333333338,-0.0174197831793743,14.476353392881506,0.3317945560111719,0.005498969585032147,0.07517930284580764,1297,160.63652329756843,0.3035702705383301
1298,8793.739,1817.5700000000006,7387.333333333337,100,100,1092,4.746490753329983,6.764957264957268,5.457719564437866,-1817.5700000000006,0.007890349616193108,15.141001760959625,0.32530561172299916,0.00488114673903005,0.07552083333333333,1298,160.64883585360164,0.3035702705383301
1299,8799.756,1604.8200000000004,7038.333333333332,100,100,1086,4.719744660161799,6.480969920196438,5.381988048553467,-1604.8200000000004,-0.01647662974017508,44.16911602020264,0.2959912502590348,0.0045688685392686985,0.07049039356848773,1299,160.6624349488343,0.3035702705383301
1300,8812.672,1692.7066666666674,7136.666666666671,100,100,1088,4.387636212948778,6.559436274509808,5.034459114074707,-1692.7066666666674,-0.016038395902689767,20.27555861192591,0.3675112645415699,0.025446192529189456,0.0744485294117647,1300,160.68252656196267,0.3035702705383301
1301,8818.775,1823.1599999999996,7314.666666666671,100,100,1089,4.740968137390269,6.7168656259565385,5.4367995262146,-1823.1599999999996,-0.03127940361284547,16.47050700088342,0.32482002841101754,0.012047553538448282,0.07769097222222222,1301,160.562799233716,0.3035702705383301
1302,8824.908,1713.2033333333325,7254.666666666664,100,100,1090,4.766508625657939,6.655657492354738,5.469121694564819,-1713.2033333333325,-0.013244759084449874,15.347079992294312,0.3184097997016377,0.039437053278864674,0.0837673611111111,1302,160.57470154519407,0.3035702705383301
1303,8831.023,1792.276666666666,7224.999999999997,100,100,1089,4.7399088159020515,6.634527089072541,5.434072494506836,-1792.276666666666,-0.008830284285876486,21.500954124662613,0.31842303969379926,0.026410512084516488,0.06553819444444445,1303,160.5868499665554,0.3035702705383301
1304,8837.149,1763.5300000000002,7366.000000000003,100,100,1091,4.722366818652841,6.751604032997252,5.422404050827026,-1763.5300000000002,0.0017049933990670575,23.30603034628762,0.3214010676989953,0.019222071368454233,0.08174189842409557,1304,160.59897428334514,0.3035702705383301
1305,8843.23,1765.8233333333344,7237.000000000005,100,100,1091,4.729017507012568,6.633363886342809,5.432331323623657,-1765.8233333333344,-0.007119619287550449,17.328553954760235,0.3299088096763525,0.025458403668987255,0.05700231509076224,1305,160.61189435219808,0.3035702705383301
1306,8849.369,1759.8666666666668,7108.000000000001,100,100,1090,4.760482293711719,6.521100917431194,5.4707348346710205,-1759.8666666666668,-0.04743853242446979,18.16084337234497,0.31809377380543286,0.01725514950683444,0.059895833333333336,1306,160.62365970020002,0.3035702705383301
1307,8855.466,1747.75,7179.666666666665,100,100,1086,4.754699448691286,6.61111111111111,5.432019948959351,-1747.75,-0.011309981880271259,24.57975539039163,0.33999168259256024,0.007221738737665445,0.06488674090189092,1307,160.6357000811565,0.3035702705383301
1308,8861.644,1757.9400000000003,7140.666666666667,100,100,1090,4.781224955847367,6.5510703363914375,5.49538516998291,-1757.9400000000003,-0.046112008289330535,12.409201939900717,0.3358280669263978,0.019552515256994713,0.055121527777777776,1308,160.64672240984376,0.3035702705383301
1309,8867.721,1760.2933333333335,7263.000000000001,100,100,1092,4.708336354293024,6.651098901098902,5.413543224334717,-1760.2933333333335,-0.01594842763410674,14.293669316503737,0.38386575794882244,0.028186786350690655,0.06944444444444445,1309,160.6597682378844,0.3035702705383301
1310,8880.686,1885.9899999999998,7388.333333333331,100,100,1089,4.418877226769192,6.784511784511783,5.093249082565308,-1885.9899999999998,-0.08379680689217316,33.25991698933972,0.3228265825245116,0.04078971395695893,0.08506944444444445,1310,160.67772630754405,0.3035702705383301
1311,8886.787,1700.1133333333332,7151.666666666668,100,100,1089,4.741033607165101,6.567187021732478,5.423262596130371,-1700.1133333333332,-0.014676360465172265,38.446706818209755,0.34401725087728763,0.007168407105685522,0.0915798611111111,1311,160.5601688673655,0.3035702705383301
1312,8892.893,1754.836666666666,7212.666666666665,100,100,1088,4.748495865201488,6.629289215686273,5.444032669067383,-1754.836666666666,-0.016861551824738,16.505757079404944,0.38354241847991943,0.02376936606528676,0.06893382352941177,1312,160.57227296932032,0.3035702705383301
1313,8899.028,1803.79,7340.999999999998,100,100,1090,4.7374485319036,6.734862385321099,5.431918621063232,-1803.79,-0.05558005647940768,19.475564373864067,0.3645016410284572,0.027309286805878703,0.06987847222222222,1313,160.5840678661612,0.3035702705383301
1314,8905.157,1827.3633333333337,7197.666666666668,100,100,1088,4.769408825535827,6.615502450980394,5.479505777359009,-1827.3633333333337,-0.01522263402447981,19.494962636162253,0.3373757394797662,0.022643649654449236,0.0625,1314,160.59570152300392,0.3035702705383301
1315,8911.254,1799.5866666666668,7254.000000000001,100,100,1089,4.728752801248665,6.661157024793389,5.416257619857788,-1799.5866666666668,-0.04822673286414809,18.32648609413041,0.3710103809005684,0.018972056303432003,0.08203125,1315,160.60802903742325,0.3035702705383301
1316,8917.369,1818.9600000000003,7329.000000000002,100,100,1090,4.752204311080277,6.7238532110091755,5.462106943130493,-1818.9600000000003,-0.018769666759504214,21.651442024442886,0.3427986407445537,0.008004599047126248,0.09635416666666667,1316,160.6201251722547,0.3035702705383301
1317,8923.535,1853.5233333333335,7350.333333333333,100,100,1090,4.775713577358172,6.743425076452599,5.489377737045288,-1853.5233333333335,-0.027477619910819664,18.35522238413493,0.3005565744307306,0.007750252588367503,0.07465277777777778,1317,160.63129155719622,0.3035702705383301
1318,8929.64,1756.3400000000006,7271.333333333333,100,100,1090,4.743968622989679,6.670948012232415,5.4428980350494385,-1756.3400000000006,-0.018048699996951554,21.625202814737957,0.34231553433669937,0.010579259810684662,0.059027777777777776,1318,160.6435436501569,0.3035702705383301
1319,8935.822,1743.066666666668,7211.999999999998,100,100,1089,4.782906703093355,6.622589531680439,5.491216421127319,-1743.066666666668,-0.0695420704368088,25.04388250907262,0.37475476815598086,0.005234416192656176,0.07161458333333333,1319,160.65426944022047,0.3035702705383301
1320,8948.837,1838.7400000000007,7353.0,100,100,1090,4.370189266527123,6.745871559633027,5.030852794647217,-1838.7400000000007,-0.0036192822994457353,15.712469114197624,0.390996590256691,0.03185005800979626,0.06640625,1320,160.67310546728092,0.3035702705383301
1321,8954.959,1658.423333333334,6955.666666666668,100,100,1088,4.757444027050309,6.393075980392158,5.4472880363464355,-1658.423333333334,-0.01588389211717774,24.994069744558896,0.34691060027655435,0.022611473036436913,0.06387867647058823,1321,160.55417896811383,0.3035702705383301
1322,8961.089,1767.47,7297.333333333336,100,100,1089,4.755142881835172,6.700948882767067,5.455088138580322,-1767.47,-0.0257372772321105,18.120822012607178,0.33534049304516217,0.014867285790387541,0.059027777777777776,1322,160.5658827927031,0.3035702705383301
1323,8967.162,1695.6233333333325,7095.999999999996,100,100,1086,4.756299816016245,6.534069981583791,5.434727668762207,-1695.6233333333325,-0.013564237229087773,24.993353366851807,0.3571058441610897,0.003553887110148721,0.06407139450311661,1323,160.57823157898386,0.3035702705383301
1324,8973.31,1692.3333333333335,7153.333333333334,100,100,1090,4.780189450744778,6.562691131498472,5.48276948928833,-1692.3333333333335,-0.03567361283219523,21.559238630036514,0.3430874115890927,0.008635623484022088,0.058159722222222224,1324,160.58970042518396,0.3035702705383301
1325,8979.412,1715.8166666666675,7165.333333333336,100,100,1085,4.779655392676558,6.603993855606761,5.462975263595581,-1715.8166666666675,-0.013842158676946865,17.62883130241843,0.3652486617074293,0.014588277122718008,0.047447564847329086,1325,160.60137642458903,0.3035702705383301
1326,8985.583,1855.6666666666665,7397.666666666666,100,100,1089,4.750047751580073,6.793082338536883,5.458590507507324,-1855.6666666666665,0.057374608133816056,20.820844252904255,0.3800043770008617,0.02765526678477828,0.0642361111111111,1326,160.61227809340292,0.3035702705383301
1327,8991.67,1804.7766666666669,7380.333333333337,100,100,1088,4.748152296515935,6.783394607843141,5.4349329471588135,-1804.7766666666669,-0.01391165139263167,13.848478962393369,0.3519554515095318,0.013601301772081676,0.06525735294117647,1327,160.62456350381294,0.3035702705383301
1328,8997.799,1678.2133333333334,7121.666666666669,100,100,1088,4.775874817021438,6.545649509803924,5.473819017410278,-1678.2133333333334,-0.015130538055125405,22.88560780356912,0.35617317215484734,0.01007770117618801,0.06204044117647059,1328,160.63606454704794,0.3035702705383301
1329,9003.889,1737.6433333333332,7254.000000000002,100,100,1091,4.7039562787418445,6.648945921173238,5.400144577026367,-1737.6433333333332,-0.001958158022413651,18.685352034038967,0.3533640172746446,0.014392272362278568,0.0578703706463178,1329,160.64859968557099,0.3035702705383301
1330,9016.845,1728.456666666667,7139.999999999998,100,100,1089,4.379993293599437,6.5564738292011,5.048248291015625,-1728.456666666667,-0.0007098647765815258,13.191006971730125,0.3627588748931885,0.0183527495763782,0.04774305555555555,1330,160.66717241846257,0.3035702705383301
1331,9022.949,1711.0933333333335,7121.999999999999,100,100,1089,4.721554452566219,6.539944903581266,5.4144041538238525,-1711.0933333333335,0.001878011350830396,14.152408035265076,0.32933833269733337,0.017203848178420838,0.04861111111111111,1331,160.5506222520965,0.3035702705383301
1332,9029.08,1714.88,7127.333333333334,100,100,1092,4.751807784140554,6.526862026862028,5.481888771057129,-1714.88,-0.01687214125154747,18.370959493849014,0.3336893129679892,0.015913012424587376,0.05295138888888889,1332,160.5625319435722,0.3035702705383301
1333,9035.202,1697.8166666666666,7158.666666666666,100,100,1091,4.7423182384859635,6.5615643140849365,5.452344179153442,-1697.8166666666666,0.008642329317000177,17.656437317530315,0.3221517331742992,0.011851701494985415,0.051215277777777776,1333,160.5744891946423,0.3035702705383301
1334,9041.331,1794.9400000000005,7399.333333333334,100,100,1090,4.736315962162142,6.7883792048929665,5.448668479919434,-1794.9400000000005,-0.046061575774931245,18.261254866917927,0.3192478864883823,0.015474472243416434,0.058159722222222224,1334,160.58620740630738,0.3035702705383301
1335,9047.4,1742.063333333334,7217.666666666669,100,100,1087,4.7277214360940025,6.6399877338239826,5.412205934524536,-1742.063333333334,-0.013843464528155677,14.548728690427893,0.32747991383075714,0.017459652277038377,0.05985206650460467,1335,160.59861883028833,0.3035702705383301
1336,9053.515,1745.4833333333327,7177.0,100,100,1090,4.734803119315467,6.584403669724771,5.444892883300781,-1745.4833333333327,-0.031385066634457975,17.9161118666331,0.3237764988508489,0.0375505675522921,0.06553819444444445,1336,160.61055384760144,0.3035702705383301
1337,9059.607,1742.99,7310.333333333329,100,100,1088,4.730710937056917,6.719056372549016,5.427793264389038,-1742.99,-0.016829892636879402,16.358659632065716,0.30286632215275483,0.04500211351756554,0.06479779411764706,1337,160.62264577404108,0.3035702705383301
1338,9065.726,1620.3466666666668,6944.000000000002,100,100,1088,4.774018289026571,6.382352941176472,5.4731385707855225,-1620.3466666666668,-0.012723703320850344,19.585103595958035,0.3146939803572262,0.03915219928603619,0.06801470588235294,1338,160.63424600098256,0.3035702705383301
1339,9071.821,1788.266666666668,7306.000000000004,100,100,1090,4.708788898846118,6.702752293577985,5.4031453132629395,-1788.266666666668,0.04290857103963693,13.142342130343119,0.2999008376565244,0.05513300541658989,0.06336805555555555,1339,160.64646431815214,0.3035702705383301
1340,9084.776,1666.3499999999983,7072.9999999999945,100,100,1087,4.399076818078139,6.506899724011035,5.0467848777771,-1666.3499999999983,-0.012740827220327714,19.0090872259701,0.26495889881077933,0.008955091683139257,0.07088147805017583,1340,160.6652683862927,0.3035702705383301
1341,9090.894,1793.2999999999997,7362.666666666667,100,100,1090,4.7217611004513,6.75474006116208,5.4222495555877686,-1793.2999999999997,0.002486153557482693,20.091291142834557,0.3026716402835316,0.035568682444540575,0.07725694444444445,1341,160.5488922701818,0.3035702705383301
1342,9097.036,1744.1566666666668,7149.666666666668,100,100,1089,4.755324245147455,6.565350474441384,5.456521034240723,-1744.1566666666668,0.031233555533819728,16.227889855702717,0.2814553514536884,0.027088568384189986,0.05555555555555555,1342,160.5602076252948,0.3035702705383301
1343,9103.131,1770.523333333335,7202.33333333334,100,100,1089,4.725286132879248,6.613712886440165,5.412270784378052,-1770.523333333335,0.0032012206502258778,14.785147805594736,0.2546692171864169,0.04172960745765724,0.07335069444444445,1343,160.57233023624772,0.3035702705383301
1344,9109.306,1871.503333333333,7366.666666666666,100,100,1091,4.772221541295116,6.7522150931866785,5.492307901382446,-1871.503333333333,-0.016491492071913347,22.273113515641953,0.23419376286781496,0.030815182954635627,0.0625,1344,160.58324642592984,0.3035702705383301
1345,9115.377,1831.756666666667,7410.000000000002,100,100,1086,4.738351291463184,6.823204419889504,5.415869951248169,-1831.756666666667,-0.01715736195225926,19.36192341411815,0.2312502970590311,0.029705427408985356,0.07928130907170913,1345,160.59544553975684,0.3035702705383301
1346,9121.496,1667.249999999999,7001.666666666664,100,100,1089,4.744819100540819,6.429445974900518,5.435653924942017,-1667.249999999999,-0.017202882510092523,18.79488338364495,0.22927889393435585,0.015132803453727521,0.09244791666666667,1346,160.60712061071018,0.3035702705383301
1347,9127.614,1756.4466666666665,7354.666666666666,100,100,1087,4.763548021447239,6.7660226924256355,5.45395565032959,-1756.4466666666665,-0.010919590261490905,18.569427321938907,0.23983901300851038,0.02337622067802038,0.07222368140869281,1347,160.61853638480184,0.3035702705383301
1348,9133.771,1768.8700000000006,7276.000000000001,100,100,1091,4.76508102858632,6.669110907424382,5.478968620300293,-1768.8700000000006,-0.034398258249792785,12.590927514764997,0.2662869286206033,0.021617663817273244,0.057291666666666664,1348,160.62971453461734,0.3035702705383301
1349,9139.809,1765.41,7187.000000000004,100,100,1087,4.700617019940432,6.6117755289788445,5.377481937408447,-1765.41,-0.012603054261382888,16.05011219136855,0.20779059958808563,0.030214963511646015,0.05106209180153468,1349,160.64252760722158,0.3035702705383301
1350,9152.758,1752.97,7207.000000000003,100,100,1088,4.378963602207745,6.624080882352944,5.040836334228516,-1752.97,-0.011583811493919176,17.592617792241715,0.21424057071699815,0.02388788530644139,0.05238970588235294,1350,160.66123998388395,0.3035702705383301
1351,9158.876,1778.8033333333335,7222.333333333332,100,100,1090,4.73661458540554,6.625993883792048,5.4327073097229,-1778.8033333333335,0.006121429407762157,12.7970256043805,0.21008447061377844,0.02641998705156665,0.05685763888888889,1351,160.54592474898095,0.3035702705383301
1352,9165.039,1822.3933333333332,7376.000000000001,100,100,1090,4.766535874639868,6.766972477064221,5.471231460571289,-1822.3933333333332,-0.01018643213642968,13.584927931427956,0.21821856333149803,0.04716834665871122,0.05685763888888889,1352,160.5568694359086,0.3035702705383301
1353,9171.152,1772.2200000000003,7279.333333333333,100,100,1091,4.723945649009536,6.672166208371524,5.4299538135528564,-1772.2200000000003,-0.003043299023475912,13.272269513871935,0.2132709244938774,0.06101040861621085,0.07306134286854002,1353,160.56880598234233,0.3035702705383301
1354,9177.302,1738.2833333333342,7212.666666666669,100,100,1087,4.80388721306367,6.635387917816622,5.496995687484741,-1738.2833333333342,-0.010111045860171811,16.678526317372043,0.20784256256678524,0.009440214304691729,0.06624212214613662,1354,160.57965573574836,0.3035702705383301
1355,9183.366,1721.5833333333337,7159.000000000004,100,100,1088,4.721652663647546,6.579963235294121,5.401397705078125,-1721.5833333333337,-0.012663925340508713,15.602700570050407,0.22305349698838065,0.017260199868092862,0.07306985294117647,1355,160.59210329119472,0.3035702705383301
1356,9189.52,1622.9233333333325,6926.0,100,100,1087,4.77731840302885,6.371665133394664,5.463361740112305,-1622.9233333333325,-0.011900845367242308,24.82502219256233,0.24337803923031864,0.006924172159789819,0.057495915330946445,1356,160.60285057001843,0.3035702705383301
1357,9195.721,1733.1266666666677,7221.3333333333385,100,100,1089,4.757844262924883,6.631160085705545,5.465780019760132,-1733.1266666666677,0.02153707631967134,18.303960217369927,0.25583674675888485,0.02069556383584212,0.046875,1357,160.6129695151217,0.3035702705383301
1358,9201.892,1821.9933333333329,7353.000000000001,100,100,1091,4.760956368217028,6.7396883593033925,5.4794745445251465,-1821.9933333333329,-0.018084597308188677,12.319980882936054,0.255293848613898,0.04427858282239564,0.049479166666666664,1358,160.62380815670303,0.3035702705383301
1359,9208.013,1815.4033333333332,7317.333333333334,100,100,1090,4.726837249686343,6.713149847094802,5.428491115570068,-1815.4033333333332,0.012709047127928998,16.020387176010345,0.23258073059170986,0.04533788447345918,0.06163194444444445,1359,160.63540748845057,0.3035702705383301
1360,9220.961,1721.8199999999997,7145.000000000002,100,100,1089,4.381527457043316,6.561065197428835,5.037787675857544,-1721.8199999999997,-0.011154461470949981,11.530222952365875,0.21520861527985996,0.03176330563534672,0.054253472222222224,1360,160.65393436936324,0.3035702705383301
1361,9227.038,1670.8266666666668,7048.999999999999,100,100,1086,4.74267983223821,6.490791896869244,5.416727781295776,-1670.8266666666668,-0.009635211790309232,14.33570884255802,0.2367725670337677,0.024193720231243575,0.0571335387580535,1361,160.53993467449482,0.3035702705383301
1362,9233.196,1785.4833333333343,7115.666666666667,100,100,1089,4.779211755609354,6.5341291704928075,5.489082336425781,-1785.4833333333343,-0.0024936478649679986,17.477579125099712,0.21320350353036904,0.04071263213861837,0.09809027777777778,1362,160.55079511121554,0.3035702705383301
1363,9239.309,1718.306666666668,7194.000000000003,100,100,1088,4.779205789471983,6.612132352941179,5.473240375518799,-1718.306666666668,-0.011752053602215122,12.575459354064044,0.2099979537374833,0.01803196657462703,0.03814338235294118,1363,160.56233071650303,0.3035702705383301
1364,9245.338,1731.4799999999998,7125.333333333329,100,100,1085,4.734908846906528,6.567127496159751,5.415845632553101,-1731.4799999999998,-0.011798286940628552,17.079166748944452,0.20664692363318274,0.01821520328110851,0.044230653192190564,1364,160.57497841616015,0.3035702705383301
1365,9251.402,1712.0100000000007,7168.333333333335,100,100,1087,4.717370192327544,6.594602882551366,5.397756099700928,-1712.0100000000007,-0.009149668878629147,16.66635239825529,0.2219216674566269,0.014464659044546458,0.051995798616724855,1365,160.58723560368102,0.3035702705383301
1366,9257.506,1756.1633333333334,7288.000000000002,100,100,1087,4.751541028154813,6.704691812327509,5.441594123840332,-1756.1633333333334,-0.009421687518410823,14.312163212720085,0.23173776926363215,0.032716970036477395,0.053834034020409864,1366,160.5987627341514,0.3035702705383301
1367,9263.54,1755.8066666666657,7235.333333333331,100,100,1085,4.7017153002716565,6.668509984639015,5.370212078094482,-1755.8066666666657,-0.013271916931604637,13.608467186198515,0.23987764426890543,0.044568249193937794,0.049880966544151306,1367,160.61128249357688,0.3035702705383301
1368,9269.636,1749.0633333333328,7215.666666666664,100,100,1090,4.703577247623422,6.619877675840977,5.39762020111084,-1749.0633333333328,-0.04511674066695074,19.34569031662411,0.21248287183545106,0.022424111000469163,0.040364583333333336,1368,160.62324890086677,0.3035702705383301
1369,9275.753,1755.210000000001,7308.666666666669,100,100,1088,4.756913512691801,6.717524509803924,5.453469276428223,-1755.210000000001,-0.011220788309241043,17.047056142021628,0.23487352360697353,0.014287900172776598,0.04503676470588235,1369,160.63462033795685,0.3035702705383301
1370,9288.666,1665.4499999999998,7150.333333333335,100,100,1089,4.357114233909546,6.565962656871749,5.004239082336426,-1665.4499999999998,-0.04649005540543132,19.17531881729762,0.21112966104776376,0.015982337988033477,0.04470486111111111,1370,160.65305359968974,0.3035702705383301
1371,9294.725,1654.5,7049.000000000002,100,100,1087,4.7155965035849805,6.484820607175715,5.390639305114746,-1654.5,-0.010628282914266866,14.348812299616197,0.2574039680116317,0.013858206337317824,0.05243347355109804,1371,160.5408644683534,0.3035702705383301
1372,9300.841,1684.476666666666,7065.666666666668,100,100,1087,4.752686570236578,6.5001533272002465,5.4376091957092285,-1684.476666666666,-0.009795738822397064,21.715985999387854,0.24017001425518708,0.010723043294787845,0.04598506079877124,1372,160.5521474727982,0.3035702705383301
1373,9306.97,1669.083333333333,7101.666666666666,100,100,1090,4.73997669557212,6.515290519877675,5.433572053909302,-1669.083333333333,-0.004016790280325545,17.535030477576786,0.2622330259376516,0.04060055416711192,0.06510416666666667,1373,160.56353562791386,0.3035702705383301
1374,9313.073,1705.716666666666,7152.999999999996,100,100,1087,4.7432843614164,6.580496780128792,5.423789024353027,-1705.716666666666,-0.009451265830327482,16.507833873524387,0.26789845307083693,0.04354077465969192,0.06347747453871895,1374,160.5750391978618,0.3035702705383301
1375,9319.244,1834.766666666667,7329.666666666665,100,100,1091,4.774501100763009,6.7183012526733865,5.497192144393921,-1834.766666666667,0.00015925608264903227,35.9873930811882,0.23622821478380235,0.056832215034066595,0.0642361111111111,1375,160.58579580371978,0.3035702705383301
1376,9325.36,1836.9499999999991,7307.33333333333,100,100,1091,4.725584512218785,6.697830736327526,5.431135654449463,-1836.9499999999991,-0.00910722790285945,28.988133768240612,0.21893549213806787,0.0479665353017885,0.04991319444444445,1376,160.59746824912824,0.3035702705383301
1377,9331.49,1681.0666666666668,7144.6666666666715,100,100,1088,4.776325092440375,6.566789215686279,5.475670576095581,-1681.0666666666668,-0.011492200634058784,19.680617556852454,0.18627837848137407,0.02366538844345247,0.06066176470588235,1377,160.60854099574314,0.3035702705383301
1378,9337.628,1681.6533333333332,7100.666666666666,100,100,1089,4.756878144462671,6.5203550658096106,5.446845293045044,-1681.6533333333332,-0.07223976041293806,25.7155675623152,0.24825073488949556,0.014606648189429607,0.050347222222222224,1378,160.61958507384813,0.3035702705383301
1379,9343.68,1664.6733333333334,7053.000000000001,100,100,1087,4.734293653020548,6.488500459981601,5.41816782951355,-1664.6733333333334,-0.011813589316957137,16.537413653205423,0.25478815528399806,0.018888356780414197,0.039551237269359475,1379,160.63189333778658,0.3035702705383301
1380,9356.598,1645.7266666666662,7062.999999999998,100,100,1089,4.4132665732295635,6.485766758494029,5.0669403076171875,-1645.7266666666662,-0.022761996938950486,23.90522727370262,0.29808517471232204,0.018906663558381196,0.046440972222222224,1380,160.64989352216136,0.3035702705383301
1381,9362.673,1742.263333333334,7193.333333333336,100,100,1085,4.747804147534691,6.629800307219664,5.429367303848267,-1742.263333333334,-0.009562086861799745,14.021202704485725,0.2947099436731899,0.03571987102109501,0.05815302514854599,1381,160.5382301186388,0.3035702705383301
1382,9368.806,1763.1333333333332,7273.9999999999945,100,100,1090,4.740114034358583,6.673394495412839,5.451741456985474,-1763.1333333333332,-0.048496413665513195,13.548078331682417,0.28314124213324654,0.014217886242679216,0.10026041666666667,1382,160.5495105977688,0.3035702705383301
1383,9374.947,1839.8300000000004,7378.333333333332,100,100,1089,4.7374365479694776,6.77532904805632,5.442277193069458,-1839.8300000000004,0.001944309307469262,21.260426047477974,0.3184629753749404,0.0192963334136746,0.05251736111111111,1383,160.56047577552164,0.3035702705383301
1384,9381.059,1730.9733333333334,7241.0,100,100,1089,4.7167040400388345,6.649219467401285,5.411093473434448,-1730.9733333333334,-0.024140452293472156,13.410261798572416,0.29750435964928734,0.014083276606268354,0.062065972222222224,1384,160.57194969607858,0.3035702705383301
1385,9387.147,1772.4833333333331,7296.666666666665,100,100,1086,4.720859670463579,6.718845917740944,5.406982660293579,-1772.4833333333331,-0.01004686190144104,13.761621839859906,0.3439798530410318,0.031856755931478214,0.05711871429401286,1385,160.58350540430268,0.3035702705383301
1386,9393.277,1809.1666666666677,7186.333333333335,100,100,1091,4.7478332734000075,6.5869233119462285,5.462325811386108,-1809.1666666666677,-0.04296624567359686,19.362803671095108,0.323275387701061,0.03415158815591389,0.049479166666666664,1386,160.59485970646682,0.3035702705383301
1387,9399.354,1825.5333333333338,7386.666666666666,100,100,1086,4.760688397939905,6.8017188459177405,5.451905012130737,-1825.5333333333338,-0.01715002247296712,15.812593488132253,0.28337133281371174,0.024490211556172547,0.06716971055549734,1387,160.60657490840433,0.3035702705383301
1388,9405.455,1676.6199999999997,7099.0,100,100,1086,4.774351658095464,6.536832412523021,5.462904691696167,-1676.6199999999997,-0.013717405662378845,20.303536330952365,0.2884763645775178,0.010367612461242756,0.052063567235189324,1388,160.61785677560064,0.3035702705383301
1389,9411.551,1662.4899999999998,7119.666666666666,100,100,1088,4.748378768721629,6.543811274509803,5.446703672409058,-1662.4899999999998,-0.015834412482731482,23.763571178211887,0.3462209298330195,0.0024293706108651615,0.05238970588235294,1389,160.6294282795947,0.3035702705383301
1390,9424.524,1653.6333333333332,7040.66666666667,100,100,1090,4.392944035278377,6.459327217125385,5.058994293212891,-1653.6333333333332,-0.019360564079963498,14.070891506142086,0.3255643645922343,0.009552014220389538,0.05295138888888889,1390,160.6468208406001,0.3035702705383301
1391,9430.654,1719.760000000001,7153.3333333333385,100,100,1089,4.751912488998063,6.568717477808391,5.447131156921387,-1719.760000000001,-0.00824188495365282,11.714816311995188,0.3210616831978162,0.02461926457989547,0.05859375,1391,160.53509353128132,0.3035702705383301
1392,9436.769,1781.2233333333334,7356.333333333336,100,100,1090,4.734530735231184,6.748929663608565,5.435750961303711,-1781.2233333333334,-0.058086250701712236,11.879373907628986,0.2901090442513426,0.015643750404706225,0.05859375,1392,160.54660306317948,0.3035702705383301
1393,9442.861,1752.8700000000006,7252.6666666666715,100,100,1086,4.7615374796286325,6.678330263965628,5.44984245300293,-1752.8700000000006,-0.012336879201671657,17.76408649893368,0.26126131897463517,0.018774918876314425,0.05347189263385885,1393,160.55802110677584,0.3035702705383301
1394,9448.996,1722.52,7196.999999999997,100,100,1089,4.742395776752434,6.608815426997243,5.439016103744507,-1722.52,-0.02276329468521807,12.871530229846636,0.23670544972022375,0.0190148612697764,0.06336805555555555,1394,160.56902432342406,0.3035702705383301
1395,9455.133,1720.7366666666653,7127.333333333331,100,100,1088,4.764008273816537,6.550857843137253,5.4617931842803955,-1720.7366666666653,-0.010876092402374042,19.653034687042236,0.2457897737622261,0.01846220200155478,0.05560661764705882,1395,160.57985909480584,0.3035702705383301
1396,9461.221,1787.9433333333336,7287.333333333334,100,100,1087,4.763974699238015,6.704078503526526,5.448516130447388,-1787.9433333333336,-0.014411260483457762,11.486762229134055,0.23289582659216487,0.01983239412691225,0.06257294622414253,1396,160.59143365702664,0.3035702705383301
1397,9467.301,1729.9966666666674,7243.000000000001,100,100,1088,4.734250643035493,6.65716911764706,5.416979789733887,-1729.9966666666674,-0.009867681190371513,12.464620001175824,0.21260123743730433,0.03769982874612598,0.04871323529411765,1397,160.60321821446067,0.3035702705383301
1398,9473.472,1734.7333333333352,7240.000000000004,100,100,1090,4.766189358560283,6.642201834862389,5.462693929672241,-1734.7333333333352,-0.04607737812006639,12.650575967298614,0.2253924057715469,0.03994843767981769,0.06032986111111111,1398,160.6136522460702,0.3035702705383301
1399,9479.566,1721.3033333333335,7183.333333333334,100,100,1083,4.756711909804572,6.632810095413974,5.419859170913696,-1721.3033333333335,-0.013412136913222425,13.741102499120375,0.24164138033109553,0.007210247246000697,0.055723454584093654,1399,160.62465053684113,0.3035702705383301
1400,9492.51,1741.9633333333334,7169.66666666667,100,100,1086,4.363326518217524,6.601903007980359,4.998111963272095,-1741.9633333333334,-0.013613412184092928,10.911243747262393,0.2526733800768852,0.0171112250228522,0.057103889829972214,1400,160.64302709944178,0.3035702705383301
1401,9498.595,1675.813333333333,7093.666666666666,100,100,1087,4.736764765928886,6.525912296841459,5.414032697677612,-1675.813333333333,-0.014275071789811859,13.858424298903522,0.22105298761059256,0.01996167765259195,0.059815593282966054,1401,160.53163619411455,0.3035702705383301
1402,9504.683,1776.6066666666668,7377.333333333338,100,100,1086,4.747029652147559,6.79312461632904,5.435090780258179,-1776.6066666666668,-0.012376026031287277,14.390306893516989,0.19828780740499496,0.05884871355545543,0.07229897993452408,1402,160.54307832806953,0.3035702705383301
1403,9510.745,1752.4633333333343,7217.999999999998,100,100,1089,4.702050782119234,6.628099173553717,5.386877059936523,-1752.4633333333343,0.014220074543522464,13.992208182190856,0.23652707568383058,0.015331541378853016,0.05295138888888889,1403,160.55525044754,0.3035702705383301
1404,9516.901,1768.8100000000004,7254.333333333335,100,100,1089,4.749455830660419,6.661463116008572,5.444571018218994,-1768.8100000000004,-0.03927133669559327,18.711097412639194,0.23610290222697788,0.04346853589069926,0.05381944444444445,1404,160.56582557644333,0.3035702705383301
1405,9522.959,1712.6999999999998,7068.9999999999945,100,100,1086,4.72878664624783,6.50920810313075,5.400082111358643,-1712.6999999999998,-0.01167941394755069,11.878735528272742,0.18920044206521092,0.03679632468094282,0.061195445849614984,1405,160.57770931238446,0.3035702705383301
1406,9529.04,1648.1333333333334,7030.999999999998,100,100,1088,4.737946872517248,6.462316176470587,5.414233446121216,-1648.1333333333334,-0.012333703419084059,17.802816895877612,0.21156692899325313,0.020279435618944904,0.042279411764705885,1406,160.58941506465246,0.3035702705383301
1407,9535.17,1734.3466666666664,7251.666666666666,100,100,1089,4.74863204708677,6.659014386287113,5.445168972015381,-1734.3466666666664,-0.027997008731795683,17.769921134743427,0.22685480366642943,0.008292707811859954,0.046875,1407,160.60039483344323,0.3035702705383301
1408,9541.217,1649.553333333333,7228.666666666666,100,100,1087,4.7249315552226685,6.650107329040171,5.397397756576538,-1649.553333333333,-0.012993388590128982,19.70105516209322,0.2634074289132567,0.0144368064493927,0.0538413285770837,1408,160.61254882662357,0.3035702705383301
1409,9547.293,1699.7466666666667,7141.666666666665,100,100,1087,4.735157219843002,6.570070530512112,5.414764881134033,-1699.7466666666667,-0.012219707152861007,15.420378152061911,0.2792894095182419,0.04340996296035454,0.0551981211585157,1409,160.62419204073962,0.3035702705383301
1410,9560.273,1770.7333333333343,7269.000000000003,100,100,1089,4.414075207845218,6.674931129476587,5.073398590087891,-1770.7333333333343,-0.034609079360961914,11.753975401322046,0.30007824177543324,0.01672921651172348,0.055121527777777776,1410,160.64146660605812,0.3035702705383301
1411,9566.357,1687.6133333333337,7111.666666666668,100,100,1087,4.745479022956384,6.542471634467955,5.424082040786743,-1687.6133333333337,-0.010688029448775685,15.85236815845265,0.2924320114886059,0.016042741428143072,0.04971988827866666,1411,160.53153838126244,0.3035702705383301
1412,9572.453,1629.55,7141.666666666669,100,100,1088,4.741757905803217,6.5640318627451,5.417764186859131,-1629.55,-0.016581489759332994,23.33632530885584,0.30259239892749223,-0.0011835938785225153,0.05744485294117647,1412,160.54296605895772,0.3035702705383301
1413,9578.623,1764.3300000000004,7272.666666666668,100,100,1089,4.7779763986538715,6.678298132843588,5.479492902755737,-1764.3300000000004,-0.008719495445903804,14.329806990093655,0.312408441470729,0.014196141328688504,0.0837673611111111,1413,160.55326167414464,0.3035702705383301
1414,9584.708,1722.1866666666665,7190.333333333335,100,100,1088,4.76053694889261,6.608762254901962,5.4452736377716064,-1722.1866666666665,-0.012896618915393072,10.623466982560998,0.3378560003988883,0.009806187604280078,0.04871323529411765,1414,160.5648220072369,0.3035702705383301
1415,9590.807,1761.5433333333337,7267.0,100,100,1086,4.759248250149513,6.691528545119706,5.444623231887817,-1761.5433333333337,-0.013255353797884548,24.508043064790613,0.3389153441085535,0.03589746197137762,0.0645606022547273,1415,160.57596203251313,0.3035702705383301
1416,9596.919,1719.0233333333338,7183.333333333337,100,100,1088,4.7679023908345055,6.602328431372552,5.452417373657227,-1719.0233333333338,-0.010824558818164994,11.685070711023668,0.3106674911344753,0.012430070276262568,0.05514705882352941,1416,160.58706241980363,0.3035702705383301
1417,9603.061,1787.5800000000008,7270.333333333336,100,100,1089,4.766458400873223,6.676155494337315,5.471149206161499,-1787.5800000000008,0.06402651794875662,19.44902441609237,0.29185825248067787,0.028824717501669914,0.0642361111111111,1417,160.59775185092332,0.3035702705383301
1418,9609.194,1628.6900000000003,7060.666666666665,100,100,1091,4.769087994239002,6.471738466238923,5.466674327850342,-1628.6900000000003,-0.007883007017274698,18.28491711616516,0.305105987108416,0.007175475787991875,0.05685763888888889,1418,160.60878854126574,0.3035702705383301
1419,9615.269,1836.8166666666664,7339.333333333333,100,100,1087,4.731091352290171,6.751916590003066,5.423117399215698,-1836.8166666666664,-0.01348866757881992,29.33843163882985,0.25755518937812133,0.04069658219369183,0.0552127104909981,1419,160.62036102024308,0.3035702705383301
1420,9628.192,1733.0833333333337,7257.333333333336,100,100,1088,4.406957812962526,6.670343137254904,5.065561771392822,-1733.0833333333337,-0.01300522915142424,11.989078591851626,0.2640494866406216,0.034945131799973106,0.058823529411764705,1420,160.637917150313,0.3035702705383301
1421,9634.286,1725.8433333333332,7238.0,100,100,1089,4.741424700964492,6.646464646464646,5.423287868499756,-1725.8433333333332,-0.06043885037716892,15.666156736150798,0.24863307633333737,0.021963727343568787,0.05251736111111111,1421,160.52930334439552,0.3035702705383301
1422,9640.44,1760.0866666666677,7295.000000000005,100,100,1090,4.763452477172153,6.6926605504587195,5.472807168960571,-1760.0866666666677,-0.023810395712239876,15.00161797967222,0.24698346770471996,0.030190114992567234,0.04861111111111111,1422,160.53987880945397,0.3035702705383301
1423,9646.556,1595.1433333333327,7001.666666666664,100,100,1089,4.725812212115066,6.429445974900518,5.407192707061768,-1595.1433333333327,-0.021573728778296046,16.05186897288594,0.2427565866350455,0.05114418547600508,0.09027777777777778,1423,160.55099652929022,0.3035702705383301
1424,9652.704,1764.5266666666662,7208.999999999998,100,100,1090,4.760980459118108,6.613761467889907,5.46333122253418,-1764.5266666666662,-0.06729872850701213,24.932512283325195,0.22741443498267067,0.02409883000008348,0.05381944444444445,1424,160.56164906331654,0.3035702705383301
1425,9658.771,1689.6099999999994,7110.0,100,100,1088,4.725026102331706,6.5349264705882355,5.405975103378296,-1689.6099999999994,-0.010859963977161576,10.198009392794441,0.22296411105815103,0.03586802228956538,0.06525735294117647,1425,160.57343551453687,0.3035702705383301
1426,9664.942,1736.8933333333327,7177.000000000004,100,100,1089,4.76198080857434,6.5904499540863215,5.462472200393677,-1736.8933333333327,0.041200913644085325,15.777194023132324,0.20267638750374317,0.04132443332572519,0.08159722222222222,1426,160.58357693302457,0.3035702705383301
1427,9671.085,1760.8833333333332,7188.333333333335,100,100,1089,4.752954361443746,6.600857055402511,5.447832822799683,-1760.8833333333332,0.011397311670912636,15.043776194254557,0.18643880438887422,0.021981099528299335,0.054253472222222224,1427,160.5941792180732,0.3035702705383301
1428,9677.181,1675.39,7116.999999999999,100,100,1088,4.732779962389888,6.541360294117646,5.414074897766113,-1675.39,-0.012076475547955316,15.615037553450641,0.20269275106051388,0.002468411755912444,0.058823529411764705,1428,160.60544875283009,0.3035702705383301
1429,9683.374,1732.7566666666671,7187.333333333334,100,100,1090,4.773795136908462,6.59388379204893,5.489542722702026,-1732.7566666666671,-0.017950743488553498,15.488134214447605,0.18931630230508745,0.03781167430052948,0.05295138888888889,1429,160.61530508494383,0.3035702705383301
1430,9696.274,1684.5733333333344,7136.000000000002,100,100,1089,4.367737280084308,6.552800734618918,5.018659353256226,-1684.5733333333344,0.010766639943338104,17.492166313860153,0.21019265428185463,0.02090183342483619,0.059027777777777776,1430,160.63275106097598,0.3035702705383301
1431,9702.437,1708.7733333333342,7139.333333333335,100,100,1091,4.782320347556539,6.543843568591508,5.4860920906066895,-1708.7733333333342,0.01375610769415895,14.2009490331014,0.18959596421983507,0.050893004110548645,0.07089120397965114,1431,160.52441162280758,0.3035702705383301
1432,9708.598,1787.3866666666665,7303.666666666663,100,100,1089,4.776571992326346,6.706764615855522,5.481371879577637,-1787.3866666666665,-0.05361298699345854,14.984001777238316,0.23879402544763353,0.03488063294045989,0.09505208333333333,1432,160.53470889993537,0.3035702705383301
1433,9714.68,1715.4566666666672,7171.66666666667,100,100,1085,4.752273177341794,6.60983102918587,5.42635440826416,-1715.4566666666672,-0.011049202643334866,13.070679678636438,0.20163565611138062,0.015631622207258583,0.05845437549492892,1433,160.54589298703704,0.3035702705383301
1434,9720.854,1690.2,7214.999999999999,100,100,1090,4.783298441106368,6.619266055045871,5.482227563858032,-1690.2,-0.042496827327542834,11.603629117210707,0.20568681922223833,0.01080976405258601,0.07161458333333333,1434,160.5560569813222,0.3035702705383301
1435,9726.959,1675.5633333333337,7185.333333333338,100,100,1085,4.753173549749678,6.622427035330265,5.4315454959869385,-1675.5633333333337,-0.014374245697741999,13.23351910535027,0.19840641012963126,0.030298332663198167,0.05167399927535478,1435,160.56682597187228,0.3035702705383301
1436,9733.104,1720.1766666666665,7155.333333333338,100,100,1090,4.754235598134783,6.564525993883796,5.468043565750122,-1720.1766666666665,0.013406637176457379,14.467561915516853,0.2380088431139787,0.031558490610526256,0.048177083333333336,1436,160.57744421618074,0.3035702705383301
1437,9739.194,1684.4533333333343,7159.666666666669,100,100,1088,4.733202573654982,6.580575980392159,5.423275947570801,-1684.4533333333343,-0.012868017670424545,12.36227712911718,0.25213026343023076,0.027981564642258865,0.05744485294117647,1437,160.58874976785347,0.3035702705383301
1438,9745.301,1761.4733333333324,7262.666666666663,100,100,1090,4.713512844632491,6.662996941896021,5.413053274154663,-1761.4733333333324,-0.04670372729500135,13.500224782360924,0.2699652380413479,0.030070814789117623,0.07378472222222222,1438,160.59997114972688,0.3035702705383301
1439,9751.396,1730.7333333333343,7188.333333333334,100,100,1086,4.748024310445856,6.619091467157766,5.442759037017822,-1730.7333333333343,-0.015528017874149716,14.580000456641702,0.2391474483644261,0.02624969052917817,0.059357210555497336,1439,160.61094945873975,0.3035702705383301
1440,9764.306,1786.973333333333,7350.666666666667,100,100,1089,4.335452617754128,6.749923477196205,4.99239182472229,-1786.973333333333,-0.0918246004730463,15.10886079735226,0.22626188499351782,0.013617934445695331,0.054253472222222224,1440,160.62919477108434,0.3035702705383301
1441,9770.348,1712.069999999999,7315.999999999997,100,100,1087,4.701205244285278,6.7304507819687185,5.379090070724487,-1712.069999999999,-0.012928866288241218,17.949940148521872,0.2180387408417814,0.0066752260146826945,0.05198850400526734,1441,160.52211984564698,0.3035702705383301
1442,9776.444,1784.4000000000015,7236.333333333337,100,100,1089,4.714335627294564,6.644934190388739,5.406653165817261,-1784.4000000000015,0.013166329357773066,27.895074880785412,0.19952671928331256,0.03624840224316964,0.05946180555555555,1442,160.53342642610068,0.3035702705383301
1443,9782.584,1702.8566666666668,7155.666666666669,100,100,1090,4.727942843861673,6.564831804281347,5.424063205718994,-1702.8566666666668,-0.030100991095726688,15.222652521398333,0.2520244920419322,0.016325888922438025,0.06944444444444445,1443,160.54408879253515,0.3035702705383301
1444,9788.711,1771.0533333333328,7296.666666666667,100,100,1088,4.760193102222676,6.706495098039216,5.458261966705322,-1771.0533333333328,-0.012625230585827547,24.344543541178982,0.24979161734090133,0.026637620730873418,0.07674632352941177,1444,160.55474636773675,0.3035702705383301
1445,9794.845,1790.25,7318.000000000001,100,100,1091,4.7384848747544135,6.7076076993583875,5.443076848983765,-1790.25,-0.052991167176514864,18.15117205513848,0.2550644042591254,0.0316910929331142,0.0625,1445,160.56559991866646,0.3035702705383301
1446,9801.0,1795.0766666666666,7354.66666666667,100,100,1089,4.7461264447118365,6.753596571778393,5.451268911361694,-1795.0766666666666,0.023548090416524146,17.082211534182232,0.24226565457259616,0.03250011020766882,0.07465277777777778,1446,160.57586175455035,0.3035702705383301
1447,9807.086,1651.4866666666671,7110.333333333335,100,100,1085,4.755305898191262,6.553302611367129,5.420163154602051,-1651.4866666666671,-0.014076141202274491,25.865931174334357,0.22498923189499798,0.01837125501376303,0.07012415567741674,1447,160.5868508218113,0.3035702705383301
1448,9813.182,1722.976666666667,7228.666666666667,100,100,1091,4.725189643184715,6.625725633974946,5.428519010543823,-1722.976666666667,-0.019387547651098833,21.472653836011887,0.23846928195820916,-0.0015095789082503568,0.07233796351485783,1448,160.59826551652498,0.3035702705383301
1449,9819.258,1787.6533333333336,7231.666666666668,100,100,1087,4.727234866100825,6.652867218644588,5.412393569946289,-1787.6533333333336,-0.013373715036055622,15.515939291785745,0.22819080992656596,0.011091219322920284,0.060260562883580435,1449,160.60959751347153,0.3035702705383301
1450,9832.18,1687.1066666666666,7088.666666666667,100,100,1089,4.338533150611994,6.509335782063055,4.983692407608032,-1687.1066666666666,-0.0036228840342826312,13.028039388979474,0.24293800277842414,0.020357472741226148,0.048177083333333336,1450,160.62775536338572,0.3035702705383301
1451,9838.293,1748.2466666666667,7240.0,100,100,1089,4.736000551398299,6.6483011937557395,5.4192421436309814,-1748.2466666666667,0.033994798031118184,13.053191436661614,0.2587497788998816,0.020664360400082335,0.057291666666666664,1451,160.52022535758638,0.3035702705383301
1452,9844.433,1818.6599999999994,7347.000000000002,100,100,1090,4.745040459071346,6.740366972477066,5.455797433853149,-1818.6599999999994,0.01574231016760071,16.383599819408524,0.22396770273917355,0.024013563266230956,0.07118055555555555,1452,160.53083686584202,0.3035702705383301
1453,9850.569,1642.8066666666664,7087.33333333333,100,100,1092,4.733281317951615,6.490231990231988,5.433808088302612,-1642.8066666666664,0.0027515838543574014,29.565768400828045,0.19464206849454513,0.012693800963461399,0.047309027777777776,1453,160.54168486266587,0.3035702705383301
1454,9856.743,1661.3833333333332,7160.000000000002,100,100,1090,4.782936513453825,6.568807339449543,5.492046594619751,-1661.3833333333332,-0.00621995660993788,15.313875430160099,0.2515220571723249,0.014290371469946371,0.0625,1454,160.55171927834328,0.3035702705383301
1455,9862.852,1731.9666666666665,7194.333333333337,100,100,1089,4.714956474588813,6.606366697275791,5.40326452255249,-1731.9666666666665,0.01873167899126808,11.666766484578451,0.24436762970354822,0.023037144176972408,0.0837673611111111,1455,160.5626888709714,0.3035702705383301
1456,9868.983,1774.1433333333332,7306.333333333329,100,100,1087,4.772288774259272,6.721557804354489,5.459986448287964,-1774.1433333333332,-0.01195195278919795,11.586465555078844,0.2703583363224478,0.02440700278727009,0.06485615111887455,1456,160.57307457303182,0.3035702705383301
1457,9875.125,1752.3300000000004,7214.333333333332,100,100,1088,4.7643754601535075,6.630821078431372,5.4696643352508545,-1752.3300000000004,-0.012537370490677217,13.833225222194896,0.2606583509375067,0.012657989569775322,0.06341911764705882,1457,160.5833876800789,0.3035702705383301
1458,9881.279,1687.1300000000006,7178.333333333335,100,100,1089,4.762034897228123,6.591674318947048,5.458941221237183,-1687.1300000000006,-0.01168291193122665,16.79177599814203,0.3017620998952124,0.03096777946403664,0.0954861111111111,1458,160.59359038103966,0.3035702705383301
1459,9887.338,1711.9933333333329,7100.33333333333,100,100,1091,4.698006965913131,6.508096547509927,5.393195390701294,-1711.9933333333329,-0.011467229678399034,21.33124330308702,0.25853967583841747,0.03433198184939101,0.08825231509076224,1459,160.605520953334,0.3035702705383301
1460,9900.223,1702.7166666666658,7152.333333333329,100,100,1087,4.365288960278761,6.57988347132781,5.003674030303955,-1702.7166666666658,-0.011243044179590309,11.906712518018836,0.23161527645938537,0.044207502707756835,0.08647729960434578,1460,160.62320093167443,0.3035702705383301
1461,9906.307,1768.923333333334,7332.000000000002,100,100,1087,4.7444091987065296,6.745170193192274,5.422009468078613,-1768.923333333334,-0.009599166456609964,14.781999812406653,0.2332286247435738,0.03501334514551084,0.07134833121124436,1461,160.51743212809703,0.3035702705383301
1462,9912.459,1816.7533333333329,7354.999999999996,100,100,1092,4.773506043980328,6.735347985347982,5.488898754119873,-1816.7533333333329,-0.011187984608113766,24.285882578955757,0.25352658248609966,0.023066037567332387,0.07074652777777778,1462,160.52798882754618,0.3035702705383301
1463,9918.618,1696.229999999999,7193.999999999997,100,100,1090,4.762554496906937,6.599999999999998,5.4601287841796875,-1696.229999999999,0.04129949113768008,18.40228277610408,0.2656756581531631,0.013452384258723922,0.06032986111111111,1463,160.53819950345854,0.3035702705383301
1464,9924.782,1771.210000000001,7250.66666666667,100,100,1090,4.769875597819651,6.6519877675841,5.475703239440918,-1771.210000000001,-0.05866534123197198,18.189293411042954,0.2558592339240325,0.021631649436636105,0.07118055555555555,1464,160.54831858478306,0.3035702705383301
1465,9930.885,1793.716666666667,7316.000000000002,100,100,1090,4.728719539333716,6.711926605504589,5.422964096069336,-1793.716666666667,0.013049310642398067,24.119753181934357,0.2524876851174567,0.02353409465932701,0.062065972222222224,1465,160.5593998766147,0.3035702705383301
1466,9937.003,1809.1033333333323,7347.0,100,100,1086,4.759896500507785,6.765193370165746,5.4503302574157715,-1809.1033333333323,-0.01234538184807581,18.38470733866972,0.2900911109412418,0.01836031849961728,0.07462642298025243,1466,160.56984706016874,0.3035702705383301
1467,9943.122,1773.9066666666674,7239.000000000003,100,100,1088,4.759114431983428,6.653492647058826,5.453665256500244,-1773.9066666666674,-0.01009820752284106,15.240823044496423,0.2820071358891094,0.033205549643539334,0.05974264705882353,1467,160.5804563962791,0.3035702705383301
1468,9949.245,1857.7566666666678,7381.333333333336,100,100,1089,4.7537819091128,6.778083868992963,5.453762531280518,-1857.7566666666678,-0.0017941169854667452,36.56373216046227,0.28031659664379227,0.04248114956297084,0.0724826388888889,1468,160.591080440293,0.3035702705383301
1469,9955.351,1672.0066666666673,7173.000000000001,100,100,1086,4.768958746397295,6.6049723756906085,5.451064109802246,-1672.0066666666673,-0.010895233163062264,30.24307638056138,0.2525193774524857,0.03922427351148251,0.09856795519590378,1469,160.60166515463115,0.3035702705383301
1470,9968.272,1743.6833333333325,7237.333333333331,100,100,1089,4.394731864066328,6.64585246403428,5.053852796554565,-1743.6833333333325,0.02179867546591494,17.398661961158115,0.2093561813235283,0.01526266623598834,0.055989583333333336,1470,160.61823918136275,0.3035702705383301
1471,9974.341,1716.2333333333331,7212.333333333331,100,100,1088,4.7284211394820455,6.628982843137253,5.4111714363098145,-1716.2333333333331,-0.011924431987983338,20.405922637266272,0.22154974849785075,0.009973266696119133,0.06112132352941176,1471,160.51418584301854,0.3035702705383301
1472,9980.449,1759.7666666666667,7345.333333333335,100,100,1089,4.755176584231193,6.7450260177532915,5.4535439014434814,-1759.7666666666667,-0.0023644081730809477,14.543185878131125,0.23350892671280438,0.045790874709685646,0.0959201388888889,1472,160.52504829526117,0.3035702705383301
1473,9986.584,1717.823333333333,7183.999999999999,100,100,1091,4.736570213083946,6.584784601283226,5.429317474365234,-1717.823333333333,-0.010731365479942825,21.995174407958984,0.20539437296489874,0.02820871070758181,0.06915509286854002,1473,160.53566677566747,0.3035702705383301
1474,9992.653,1730.1033333333337,7202.000000000003,100,100,1084,4.7593612562799725,6.643911439114394,5.435173511505127,-1730.1033333333337,-0.00954806333517327,13.746444028966566,0.19666546736569965,0.01441723300376907,0.05410539238330196,1474,160.54665414933467,0.3035702705383301
1475,9998.772,1666.683333333334,7156.333333333337,100,100,1090,4.7452433020893245,6.565443425076456,5.436670303344727,-1666.683333333334,0.007517802735997571,32.45572631888919,0.20099661706222427,0.008792596452015763,0.08854166666666667,1475,160.5574270582014,0.3035702705383301
1476,10004.91,1697.533333333333,7136.666666666671,100,100,1085,4.77649520670626,6.577572964669742,5.449720144271851,-1697.533333333333,-0.013405618696090053,11.329765488119687,0.22057870819288142,0.01495103390634005,0.06773595687221079,1476,160.56735724196707,0.3035702705383301
1477,10011.085,1796.1933333333332,7296.666666666667,100,100,1090,4.750956513560078,6.6941896024464835,5.454575300216675,-1796.1933333333332,-0.04430536046210262,24.325706322987873,0.16966544373685288,0.02222169967394115,0.06640625,1477,160.5771964405574,0.3035702705383301
1478,10017.164,1814.6433333333334,7483.333333333336,100,100,1088,4.722583087855395,6.878063725490199,5.405243635177612,-1814.6433333333334,-0.011860208038021536,15.673371343051686,0.1965292089563959,0.009348710310672793,0.05974264705882353,1478,160.58836879569782,0.3035702705383301
1479,10023.243,1810.45,7385.333333333332,100,100,1087,4.7133692718867515,6.7942348972707745,5.401813983917236,-1810.45,-0.011436140329083976,17.276645492104922,0.1864993258872453,0.009568034212433678,0.06163194468792747,1479,160.59941928617647,0.3035702705383301
1480,10036.142,1784.326666666667,7161.000000000003,100,100,1087,4.374635325193837,6.587856485740573,5.02557373046875,-1784.326666666667,-0.00854734139626517,19.523902416229248,0.2027905986589544,0.04166050014592817,0.06626400576137445,1480,160.61643002812363,0.3035702705383301
1481,10042.258,1703.643333333334,7111.000000000003,100,100,1087,4.760773597039255,6.541858325666976,5.445497751235962,-1703.643333333334,-0.011505773948395954,21.154000085942886,0.2043913598446285,0.01875864407253068,0.06624212214613662,1481,160.5118092669372,0.3035702705383301
1482,10048.411,1799.586666666666,7344.33333333333,100,100,1089,4.751044812037535,6.744107744107741,5.452279806137085,-1799.586666666666,-0.003623552827371491,18.048188315497505,0.2337210269437896,0.009828852800031504,0.05642361111111111,1482,160.52189252504476,0.3035702705383301
1483,10054.522,1729.496666666667,7159.666666666668,100,100,1089,4.721069240025813,6.574533210896848,5.414818286895752,-1729.496666666667,-0.0356544576999214,14.388214773601955,0.23628642161687216,0.03796554292138252,0.062065972222222224,1483,160.53264150042054,0.3035702705383301
1484,10060.594,1685.956666666666,7103.666666666666,100,100,1088,4.710347609515713,6.529105392156862,5.3840882778167725,-1685.956666666666,-0.008727028965950012,20.616960413315716,0.21181059497244217,0.017719821203226113,0.06479779411764706,1484,160.5439043256587,0.3035702705383301
1485,10066.796,1601.2166666666672,6875.666666666667,100,100,1091,4.787395235345683,6.302169263672472,5.503849983215332,-1601.2166666666672,-0.029243009371889964,21.353685015605556,0.2242229694707526,0.02410871621557615,0.0685763888888889,1485,160.5533802883164,0.3035702705383301
1486,10072.905,1575.9799999999993,6942.999999999996,100,100,1089,4.7267267208536135,6.375573921028463,5.407166957855225,-1575.9799999999993,0.04738861291358868,28.95791499233908,0.2538878582417965,0.015856566990906786,0.0685763888888889,1486,160.56410446070024,0.3035702705383301
1487,10079.053,1679.563333333332,7040.333333333329,100,100,1089,4.766498896942446,6.464952555861643,5.464067459106445,-1679.563333333332,-0.011557107687824301,14.583905188780692,0.29664083280497144,0.03020891330541215,0.12152777777777778,1487,160.57421137411606,0.3035702705383301
1488,10085.198,1705.9266666666676,7163.666666666669,100,100,1089,4.748782551359074,6.578206305479035,5.447887182235718,-1705.9266666666676,0.015531866293814447,16.383027705881332,0.23765458073467016,0.012188851186591718,0.07508680555555555,1488,160.58434979336738,0.3035702705383301
1489,10091.344,1826.2299999999998,7407.666666666665,100,100,1092,4.721496703662661,6.783577533577533,5.446592807769775,-1826.2299999999998,-0.008432696987357404,21.20699093076918,0.24972236073679394,0.02002098182048131,0.07378472222222222,1489,160.59476905173747,0.3035702705383301
1490,10104.448,1714.8133333333337,7209.000000000001,100,100,1089,4.4385426081469,6.6198347107438025,5.12570333480835,-1714.8133333333337,-0.0003016923243800799,16.89012775818507,0.25385561948900837,0.015475906658038083,0.07508680555555555,1490,160.60955555224672,0.3035702705383301
1491,10110.537,1709.1933333333334,7212.333333333336,100,100,1087,4.716097697998605,6.635081263416132,5.403409242630005,-1709.1933333333334,-0.00946037975304267,12.703928134020638,0.3664766295867808,0.020037684048635557,0.08558736062225174,1491,160.50511698180773,0.3035702705383301
1492,10116.688,1811.1433333333327,7309.999999999995,100,100,1090,4.738227890402831,6.706422018348619,5.447779417037964,-1811.1433333333327,-0.01825796067714691,16.586737963888382,0.3496354331986772,0.0257534185398577,0.09505208333333333,1492,160.51527962335228,0.3035702705383301
1493,10122.756,1673.6033333333328,7118.999999999998,100,100,1088,4.715471602621085,6.543198529411763,5.395275115966797,-1673.6033333333328,-0.012759269379517612,25.801735765793744,0.34742175831514244,0.01606318567578188,0.09558823529411764,1493,160.52654174975177,0.3035702705383301
1494,10128.931,1756.3966666666672,7128.000000000001,100,100,1090,4.760096881564262,6.539449541284404,5.475203037261963,-1756.3966666666672,-0.0023812882395254243,18.50653897722562,0.3667377009987831,0.017668722494919267,0.0998263888888889,1494,160.5362926788012,0.3035702705383301
1495,10135.068,1837.446666666666,7409.666666666664,100,100,1088,4.741775920325274,6.81035539215686,5.445970296859741,-1837.446666666666,-0.017888312282807687,30.730280259076288,0.37301475379396887,0.03534690077033113,0.11397058823529412,1495,160.54642558931005,0.3035702705383301
1496,10141.284,1911.746666666667,7366.666666666666,100,100,1091,4.743307148124322,6.7522150931866785,5.463158369064331,-1911.746666666667,0.011099148800389634,36.97376587655809,0.4106111530628469,0.020119814512630303,0.13295717620187336,1496,160.55560709600925,0.3035702705383301
1497,10147.401,1912.7066666666665,7464.999999999999,100,100,1092,4.719309067552323,6.836080586080585,5.4342567920684814,-1912.7066666666665,0.001651069304595391,44.390526956982086,0.46672584116458893,0.041161436303001314,0.14322916666666666,1497,160.5664505366988,0.3035702705383301
1498,10153.563,1760.6333333333332,7207.999999999999,100,100,1089,4.766702201710014,6.618916437098254,5.4811694622039795,-1760.6333333333332,-0.009802135431932079,15.313400967253578,0.39781998056504464,0.015407554627422037,0.08246527777777778,1498,160.5762431677912,0.3035702705383301
1499,10159.652,1730.716666666667,7163.666666666669,100,100,1089,4.70450073380119,6.578206305479035,5.3903584480285645,-1730.716666666667,-0.010226959155665504,19.18689564946625,0.40678992782745305,0.019059633842617687,0.0993923611111111,1499,160.58718972009927,0.3035702705383301
1500,10172.564,1701.0,7132.333333333336,100,100,1086,4.396456722869035,6.567526089625539,5.050709009170532,-1701.0,-0.014031231348567149,14.011847874697517,0.36277412491686206,0.015936972576823524,0.06493121429401286,1500,160.60379572934627,0.3035702705383301
1501,10178.741,1748.3099999999997,7251.333333333334,100,100,1089,4.752003304066805,6.658708295071932,5.448533773422241,-1748.3099999999997,-0.014689088799059391,16.892020338111454,0.3957453000960716,0.021840979755830228,0.1076388888888889,1501,160.49971593537992,0.3035702705383301
1502,10184.901,1760.2033333333338,7273.333333333334,100,100,1088,4.784813509639421,6.685049019607844,5.475665330886841,-1760.2033333333338,-0.009006429792327039,14.697054750779095,0.5156372031744789,0.012894507298958214,0.09420955882352941,1502,160.5094702311149,0.3035702705383301
1503,10191.014,1762.8266666666675,7310.333333333337,100,100,1086,4.755961141333801,6.731430325352981,5.429049253463745,-1762.8266666666675,-0.01402208800701534,17.738431341507855,0.4512626888120876,0.027329535704612842,0.07741342484951019,1503,160.5197459068039,0.3035702705383301
1504,10197.27,1749.8099999999995,7201.333333333329,100,100,1091,4.785578370761847,6.600672166208368,5.513684511184692,-1749.8099999999995,-0.05721541033643815,18.857661936018204,0.44518515426251626,0.01794832673234244,0.078125,1504,160.52826076833807,0.3035702705383301
1505,10203.385,1951.1266666666675,7520.000000000003,100,100,1085,4.752846266688084,6.930875576036869,5.437999486923218,-1951.1266666666675,-0.01413724133196999,40.1733185263241,0.46433905906537,0.02961098526686649,0.08857431218904607,1505,160.5383910889065,0.3035702705383301
1506,10209.496,1722.5566666666675,7289.66666666667,100,100,1090,4.717674404019576,6.6877675840978625,5.411595344543457,-1722.5566666666675,-0.028953864756557677,26.005498753653633,0.4699348658323288,0.0397928968240093,0.1171875,1506,160.54906542826058,0.3035702705383301
1507,10215.628,1801.0733333333335,7260.999999999997,100,100,1089,4.732053808797804,6.667584940312211,5.424625396728516,-1801.0733333333335,-0.011583938056396114,22.24231806066301,0.48727641420231926,0.021887356201962877,0.0720486111111111,1507,160.55930754214214,0.3035702705383301
1508,10221.743,1801.1,7329.333333333333,100,100,1088,4.742379687420051,6.736519607843137,5.4394683837890625,-1801.1,-0.011999691398266484,22.4208002651439,0.461218485937399,0.031165266669738817,0.09512867647058823,1508,160.56969237500996,0.3035702705383301
1509,10227.787,1817.5200000000011,7289.3333333333385,100,100,1087,4.697991813736065,6.705918429929474,5.376143217086792,-1817.5200000000011,-0.012724694357637097,16.42396135891185,0.4336446672677994,0.04690370575853569,0.10581524319508497,1509,160.58106828041602,0.3035702705383301
1510,10240.703,1705.6333333333332,7151.666666666667,100,100,1088,4.38528565920184,6.573223039215686,5.039167404174805,-1705.6333333333332,-0.012683814446277478,22.245972745558795,0.4921070486307144,0.025120489484192255,0.10753676470588236,1510,160.5977436731018,0.3035702705383301
1511,10246.8,1892.3399999999997,7540.666666666664,100,100,1088,4.741882172739304,6.930759803921567,5.437519073486328,-1892.3399999999997,-0.011518836925354074,33.08761495702407,0.49105053526513714,0.0302948491058915,0.11029411764705882,1511,160.49547187354796,0.3035702705383301
1512,10252.858,1876.496666666667,7288.666666666667,100,100,1091,4.692948213330275,6.680721051023526,5.389527082443237,-1876.496666666667,-0.010881969705224037,53.111370192633736,0.4796403902246311,0.006327943792307956,0.0646701388888889,1512,160.50704887676687,0.3035702705383301
1513,10258.991,1821.7466666666662,7443.333333333329,100,100,1088,4.760629411761971,6.841299019607839,5.461945533752441,-1821.7466666666662,-0.014749264344573021,18.80130349888521,0.49760132940376506,0.026636968531152782,0.08685661764705882,1513,160.51714660734453,0.3035702705383301
1514,10265.077,1718.663333333333,7249.666666666663,100,100,1086,4.729419338652387,6.675567833026394,5.39980149269104,-1718.663333333333,-0.019218786564819953,24.27500287224265,0.49655183185549345,0.02657138352857574,0.07234345332664602,1514,160.52778306749968,0.3035702705383301
1515,10271.188,1854.066666666667,7470.000000000003,100,100,1089,4.714129752303321,6.859504132231407,5.405656576156616,-1854.066666666667,-0.03070309496898618,26.33239260978169,0.42455834548713434,0.0140663060786513,0.0759548611111111,1515,160.53829406182018,0.3035702705383301
1516,10277.336,1786.88,7318.333333333332,100,100,1090,4.73625981451841,6.714067278287461,5.436769247055054,-1786.88,-0.07267356694986422,16.86773419380188,0.5281932743059264,0.004789293678994808,0.0798611111111111,1516,160.5483143826499,0.3035702705383301
1517,10283.473,1785.2966666666662,7190.33333333333,100,100,1090,4.725290735790489,6.596636085626908,5.41936182975769,-1785.2966666666662,0.03202395192864868,27.18413508931796,0.5044658953944842,0.0463968051610411,0.09461805555555555,1517,160.55849610776264,0.3035702705383301
1518,10289.61,1811.513333333333,7459.666666666666,100,100,1090,4.7211582560963725,6.843730886850152,5.417074203491211,-1811.513333333333,-0.00048568917231427296,17.258070568243664,0.4778113787372907,0.03389394428490454,0.0842013888888889,1518,160.56867485475135,0.3035702705383301
1519,10295.736,1887.2400000000007,7510.000000000001,100,100,1091,4.727853255625558,6.883593033913841,5.433775901794434,-1887.2400000000007,-0.023745458676583238,26.236559642685783,0.4430029821685619,0.014902024500770494,0.07421875,1519,160.57910156402696,0.3035702705383301
1520,10308.688,1822.12,7344.666666666666,100,100,1090,4.372975229362556,6.738226299694189,5.034054279327393,-1822.12,-0.020360786623011034,16.333229210641647,0.4172551575239696,0.0177935825389189,0.08116319444444445,1520,160.5954819028934,0.3035702705383301
1521,10314.772,1719.6533333333336,7269.333333333333,100,100,1087,4.735216099756882,6.687519165900031,5.412805557250977,-1719.6533333333336,-0.012498526395682026,23.19735874849207,0.3992206953904208,0.011632998966995408,0.07824171378332026,1521,160.4937977742967,0.3035702705383301
1522,10320.902,1779.710000000001,7325.6666666666715,100,100,1089,4.733146279468736,6.72696663605755,5.4311254024505615,-1779.710000000001,-0.006994366387112273,15.611404853562513,0.40403671646749395,0.02381960289979664,0.1310763888888889,1522,160.5039963522859,0.3035702705383301
1523,10327.096,1780.5233333333342,7303.333333333337,100,100,1092,4.752079397717136,6.688034188034191,5.47013258934021,-1780.5233333333342,0.006793958704090781,12.678972820440928,0.4256102521386411,0.016397220473865874,0.07335069444444445,1523,160.51348583382065,0.3035702705383301
1524,10333.171,1808.7700000000011,7364.333333333335,100,100,1087,4.745949034878115,6.774915670039866,5.435221195220947,-1808.7700000000011,-0.01757642550065237,14.209794998168945,0.4069185090415618,0.03923975574948332,0.09757965759319417,1524,160.52429605247286,0.3035702705383301
1525,10339.287,1746.79,7239.000000000002,100,100,1088,4.773461764082587,6.653492647058825,5.468961715698242,-1746.79,-0.016999242882079938,22.14476189893835,0.3836192102993236,0.0051200119470355705,0.08777573529411764,1525,160.5345669394664,0.3035702705383301
1526,10345.426,1776.7266666666658,7202.999999999995,100,100,1089,4.752266573629028,6.614325068870519,5.4545159339904785,-1776.7266666666658,0.019225047953012917,17.43642944097519,0.3806770486731289,0.020145587509937793,0.09114583333333333,1526,160.54458919822991,0.3035702705383301
1527,10351.487,1808.543333333334,7394.333333333335,100,100,1088,4.7192429228744,6.796262254901962,5.4009788036346436,-1808.543333333334,-0.018191146828672466,13.878045643077177,0.38325370672871084,0.014561477308983313,0.0978860294117647,1527,160.55567491568874,0.3035702705383301
1528,10357.663,1744.6233333333344,7264.3333333333385,100,100,1088,4.793534652194734,6.676776960784318,5.489178657531738,-1744.6233333333344,-0.018458925762816387,18.175501346588135,0.3842189373338924,0.01651477672652725,0.08639705882352941,1528,160.56498854094423,0.3035702705383301
1529,10363.737,1757.3733333333332,7220.0,100,100,1088,4.724723715566249,6.636029411764706,5.4108970165252686,-1757.3733333333332,-0.01816995209082961,14.372420815860524,0.3687264077803668,0.020068221996017897,0.1015625,1529,160.57586346486298,0.3035702705383301
1530,10376.632,1727.8,7177.333333333331,100,100,1090,4.383035687892057,6.5847094801223225,5.046392917633057,-1727.8,-0.028540945301453274,15.746175713009304,0.3711968929403358,0.005386619270817998,0.0763888888888889,1530,160.59232278835293,0.3035702705383301
1531,10382.716,1747.7666666666669,7222.0,100,100,1087,4.739529624574483,6.643974241030358,5.417999505996704,-1747.7666666666669,-0.01930752692415434,16.331881467033835,0.374739425147281,0.01968938662834904,0.08649918327436727,1531,160.49202036858006,0.3035702705383301
1532,10388.799,1681.653333333334,7114.666666666666,100,100,1087,4.73207405771762,6.54523152407237,5.413318157196045,-1681.653333333334,-0.018205541624304128,25.838052160599652,0.3764670745414846,0.007886973315822509,0.08144403621554375,1532,160.50266466056829,0.3035702705383301
1533,10394.905,1722.413333333334,7231.999999999997,100,100,1087,4.750773688502397,6.653173873045076,5.445577383041382,-1722.413333333334,-0.015117426512434202,18.08652431824628,0.3561075969653971,0.01979782634161358,0.08051762401181109,1533,160.5129772398815,0.3035702705383301
1534,10401.029,1791.5000000000002,7250.666666666667,100,100,1088,4.7467432893480535,6.66421568627451,5.437709093093872,-1791.5000000000002,-0.015500542872092304,13.983996082754697,0.36252282647525563,0.013848164026378928,0.07536764705882353,1534,160.52306524557645,0.3035702705383301
1535,10407.166,1781.5366666666678,7147.66666666667,100,100,1087,4.775955013073158,6.575590309720948,5.475580215454102,-1781.5366666666678,-0.016719562494579482,14.77072286605835,0.3227898425915662,0.015941570276695797,0.0920284784892026,1535,160.5328466556801,0.3035702705383301
1536,10413.239,1746.743333333335,7233.3333333333385,100,100,1087,4.723084728848686,6.6544004906470455,5.398045063018799,-1746.743333333335,-0.01288865287514294,14.187526871176328,0.35156940142897997,0.01918803359491422,0.0731646828353405,1536,160.54361940954115,0.3035702705383301
1537,10419.328,1744.1400000000006,7196.333333333337,100,100,1086,4.736241250677106,6.626457949662373,5.415132284164429,-1744.1400000000006,-0.014527613074546131,16.35383670470294,0.36574267026256113,0.008519701642559512,0.07097960132009842,1537,160.55402680997219,0.3035702705383301
1538,10425.447,1729.4466666666672,7177.333333333335,100,100,1087,4.754877368008792,6.602882551364614,5.435989856719971,-1729.4466666666672,-0.013615626841783524,14.740980877595788,0.35455257226439085,0.014430333291837835,0.0722382704672568,1538,160.56405393560001,0.3035702705383301
1539,10431.547,1742.6166666666668,7251.666666666668,100,100,1089,4.689104040580929,6.659014386287114,5.374456405639648,-1742.6166666666668,0.003934686744792594,14.439370254261625,0.3856007117364142,0.01823671312821615,0.0837673611111111,1539,160.57455074471738,0.3035702705383301
1540,10444.494,1806.5599999999997,7280.000000000001,100,100,1090,4.395285778819933,6.678899082568808,5.066741943359375,-1806.5599999999997,-0.005414972676792079,18.68942177626822,0.37231739196512437,0.011315487512749516,0.0681423611111111,1540,160.59011816387678,0.3035702705383301
1541,10450.648,1837.5700000000008,7379.333333333336,100,100,1089,4.72067383073503,6.776247321701869,5.431150674819946,-1837.5700000000008,0.0006551376233498255,20.743684805101818,0.43364148545596337,0.010849523118748847,0.0759548611111111,1541,160.4895624071001,0.3035702705383301
1542,10456.725,1760.4366666666663,7319.0,100,100,1087,4.730843697060259,6.733210671573137,5.4241743087768555,-1760.4366666666663,-0.01384919394245919,20.732627952800076,0.37499070167541504,0.012358160247779726,0.09019024297595024,1542,160.5002535232867,0.3035702705383301
1543,10462.772,1759.8533333333346,7233.333333333337,100,100,1085,4.711798250499237,6.66666666666667,5.396028757095337,-1759.8533333333346,-0.013796316678909695,19.52560239679673,0.40535598467378053,0.01295984598725815,0.08448348566889763,1543,160.51119046028273,0.3035702705383301
1544,10468.829,1742.2499999999998,7223.000000000002,100,100,1089,4.678165013824921,6.632690541781453,5.366996765136719,-1742.2499999999998,0.0028531277138325903,11.892988896314314,0.4014846326576339,0.003924314644084209,0.06987847222222222,1544,160.5223513754649,0.3035702705383301
1545,10474.952,1783.64,7277.999999999996,100,100,1090,4.711496696803172,6.677064220183483,5.4140784740448,-1783.64,0.00802955481534203,17.224127014478047,0.33627757869867814,0.01591050503258076,0.078125,1545,160.53257730402453,0.3035702705383301
1546,10481.104,1660.993333333333,7048.666666666666,100,100,1089,4.730761797989216,6.472604836241199,5.422480344772339,-1660.993333333333,-0.03281902790897422,21.558817520944608,0.36106614478760296,0.01206857081140495,0.059895833333333336,1546,160.54224634998945,0.3035702705383301
1547,10487.2,1755.97,7201.333333333336,100,100,1090,4.721104586817359,6.6067278287461795,5.4203736782073975,-1755.97,-0.02896644382013215,14.5122875455353,0.3246300344148444,0.020736715203383937,0.07855902777777778,1547,160.5528705245255,0.3035702705383301
1548,10493.35,1814.2233333333338,7315.333333333333,100,100,1091,4.730348028289538,6.705163458600672,5.4379966259002686,-1814.2233333333338,-0.03220435920067959,20.153678470187717,0.3360850198401345,0.01616074076284551,0.08781828731298447,1548,160.56274143642486,0.3035702705383301
1549,10499.475,1793.456666666666,7212.333333333333,100,100,1089,4.723484020276531,6.622895622895623,5.423999547958374,-1793.456666666666,0.04989218111667368,17.64348347319497,0.3070641520122687,0.008241469929796748,0.07161458333333333,1549,160.57278990765676,0.3035702705383301
1550,10512.353,1693.8733333333348,7072.333333333341,100,100,1088,4.368313509985455,6.500306372549026,5.019427537918091,-1693.8733333333348,-0.015247066505253315,12.22919628199409,0.33991476016886096,0.010783147868042922,0.078125,1550,160.58891641145163,0.3035702705383301
1551,10518.511,1776.4433333333334,7378.000000000002,100,100,1091,4.728245735958075,6.762603116406968,5.430161714553833,-1776.4433333333334,0.010328744175947376,18.108825087547302,0.3707169575823678,0.016082385923558224,0.09186921351485783,1551,160.48935143666512,0.3035702705383301
1552,10524.665,1752.2200000000014,7267.000000000003,100,100,1091,4.74035792835108,6.660861594867097,5.446133375167847,-1752.2200000000014,-0.02493232824943132,12.967812909020317,0.35167994019058013,0.0314567763513575,0.10749421351485783,1552,160.49916366573515,0.3035702705383301
1553,10530.803,1787.4099999999996,7245.333333333333,100,100,1087,4.7683056104215416,6.665440049064704,5.467447757720947,-1787.4099999999996,-0.020647093016818604,14.131209513720345,0.3552318206604789,0.008824072518002461,0.08371265210649546,1553,160.50884459980526,0.3035702705383301
1554,10536.881,1714.9233333333336,7253.333333333336,100,100,1087,4.720168536603485,6.672799754676482,5.39171290397644,-1714.9233333333336,-0.020304176189443645,19.283196477329028,0.35519060229553895,0.005127539743518676,0.08326768239631373,1554,160.5194201031733,0.3035702705383301
1555,10543.042,1740.0066666666662,7151.666666666667,100,100,1089,4.761538384704619,6.567187021732477,5.456641435623169,-1740.0066666666662,-0.012098306531293524,17.246873378753662,0.3428029025126005,0.005148569429163924,0.0763888888888889,1555,160.52890620520893,0.3035702705383301
1556,10549.138,1730.2433333333329,7190.666666666663,100,100,1088,4.744808823756209,6.609068627450977,5.433842420578003,-1730.2433333333329,-0.02095175304395311,12.136790471918443,0.3841063722091563,0.0147165138486718,0.08134191176470588,1556,160.5392791868126,0.3035702705383301
1557,10555.26,1867.6200000000006,7410.66666666667,100,100,1090,4.728465504119805,6.7987767584097885,5.428228855133057,-1867.6200000000006,0.01832844777446654,33.72599715656705,0.30429700141151744,0.05734588676649663,0.1076388888888889,1557,160.54943707127038,0.3035702705383301
1558,10561.402,1781.056666666666,7191.333333333333,100,100,1090,4.735068622827018,6.597553516819572,5.445504903793335,-1781.056666666666,-0.039820966207318835,24.015879578060574,0.35962655467705595,0.012979275805668699,0.09895833333333333,1558,160.55927297603304,0.3035702705383301
1559,10567.482,1793.000000000001,7229.666666666668,100,100,1088,4.716632810360513,6.644914215686276,5.4039857387542725,-1793.000000000001,-0.018781355801312363,25.15654230117798,0.34682776735109444,0.011004671454429626,0.07536764705882353,1559,160.5698512118452,0.3035702705383301
1560,10580.552,1850.3466666666668,7284.666666666666,100,100,1090,4.369876329539292,6.683180428134556,5.043011903762817,-1850.3466666666668,-0.050455473311659366,19.486950371000503,0.3583771934111913,0.010283160377487851,0.059895833333333336,1560,160.58549492554403,0.3035702705383301
1561,10586.713,1776.4300000000005,7249.999999999997,100,100,1090,4.744920460293668,6.651376146788988,5.442911148071289,-1776.4300000000005,-0.05311167623019881,19.263722711139255,0.3565722579757373,0.021537023266622175,0.08984375,1561,160.4841107353135,0.3035702705383301
1562,10592.875,1818.9133333333348,7289.000000000003,100,100,1090,4.770231285183733,6.687155963302755,5.482540845870972,-1818.9133333333348,0.012136541306972504,16.500900003645157,0.33384565719299847,0.02385756469448097,0.09114583333333333,1562,160.49364546856393,0.3035702705383301
1563,10599.018,1790.1000000000004,7250.666666666667,100,100,1092,4.7263131862218,6.63980463980464,5.429983139038086,-1790.1000000000004,-0.040605631191283464,15.576662465929985,0.3645776104595926,0.01297470486477121,0.07552083333333333,1563,160.5036484933598,0.3035702705383301
1564,10605.13,1751.4466666666672,7134.000000000005,100,100,1088,4.744309005378883,6.556985294117651,5.432625770568848,-1751.4466666666672,-0.015677606139112923,15.467160252963795,0.33847469792646523,0.0040073018171824515,0.06893382352941177,1564,160.51373961570786,0.3035702705383301
1565,10611.187,1752.1533333333332,7153.333333333333,100,100,1085,4.721958709511614,6.592933947772657,5.3903584480285645,-1752.1533333333332,-0.013963598045794404,16.91883146061617,0.31542693122344856,0.010275443028042312,0.08119876989546944,1565,160.52435989969666,0.3035702705383301
1566,10617.344,1718.723333333334,7134.000000000005,100,100,1091,4.760788820106041,6.538955087076081,5.470213413238525,-1718.723333333334,-0.0006340094583315982,15.311187823613485,0.26550923888054156,0.03048402039308308,0.08564814842409557,1566,160.53402517443095,0.3035702705383301
1567,10623.423,1841.1266666666663,7401.666666666664,100,100,1086,4.740169247278762,6.815531000613872,5.419252872467041,-1841.1266666666663,-0.016535793705021635,17.028660213246066,0.3084789225283791,0.0078305846764124,0.08297260412398506,1567,160.54441373163485,0.3035702705383301
1568,10629.563,1816.4366666666665,7298.000000000003,100,100,1090,4.756318897525823,6.695412844036699,5.469469785690308,-1816.4366666666665,-0.027291373091025486,21.121853642993504,0.29758817992276615,0.013058523126851974,0.06684027777777778,1568,160.55420565739453,0.3035702705383301
1569,10635.662,1701.5733333333328,7088.666666666666,100,100,1090,4.696995872521448,6.503363914373088,5.383217811584473,-1701.5733333333328,-0.02426610483477513,27.667443288697136,0.30721651224626434,0.012617317516641278,0.0842013888888889,1569,160.56461720131747,0.3035702705383301
1570,10648.538,1812.86,7157.999999999999,100,100,1088,4.363682814608397,6.579044117647058,5.022287607192993,-1812.86,-0.013950761955450563,17.16567549985998,0.30181675754925785,0.005545042328509118,0.07950367647058823,1570,160.5812341461444,0.3035702705383301
1571,10654.695,1682.6366666666675,7111.333333333336,100,100,1090,4.752708439834826,6.52415902140673,5.449031829833984,-1682.6366666666675,0.04851692376865281,34.39554945627848,0.36065247489346397,0.01361975827280225,0.06510416666666667,1571,160.48221461756657,0.3035702705383301
1572,10660.843,1813.0933333333332,7291.666666666668,100,100,1090,4.760934311764127,6.689602446483182,5.466454267501831,-1813.0933333333332,0.006214315537363291,13.558552318149143,0.34054304990503526,0.026945130252796743,0.07855902777777778,1572,160.49190286667942,0.3035702705383301
1573,10667.011,1645.4900000000002,6992.333333333329,100,100,1086,4.779137938984877,6.438612645794962,5.46326470375061,-1645.4900000000002,-0.015162954764331089,38.145420018364405,0.3815210785935907,0.0075068253243122905,0.07016425492132411,1573,160.5009161828585,0.3035702705383301
1574,10673.096,1775.5866666666675,7157.666666666667,100,100,1087,4.7331952169475855,6.584789941735664,5.41587495803833,-1775.5866666666675,-0.012378017692004932,14.5595383644104,0.3735901134855607,0.014943232797497116,0.08882615605697912,1574,160.51125365789713,0.3035702705383301
1575,10679.208,1790.8900000000006,7270.666666666668,100,100,1089,4.743908540729717,6.676461585552496,5.4346208572387695,-1790.8900000000006,-0.04351929616596964,15.343887949983278,0.36235784532295334,0.012989124237921916,0.07074652777777778,1575,160.52136763807374,0.3035702705383301
1576,10685.336,1746.7300000000002,7136.333333333331,100,100,1086,4.776777165001138,6.571209330877838,5.4655187129974365,-1746.7300000000002,-0.013886182075914215,18.60664488287533,0.3820074244457133,0.017744835373699006,0.05622924557503532,1576,160.53094436390128,0.3035702705383301
1577,10691.405,1615.8633333333332,6914.000000000002,100,100,1091,4.707288083438544,6.337305224564621,5.401820421218872,-1615.8633333333332,-0.00993911430446638,29.9587148560418,0.40611633906761807,0.004270504584484216,0.07913773175742891,1577,160.54184884424774,0.3035702705383301
1578,10697.476,1698.0133333333347,7101.333333333336,100,100,1087,4.745889143532497,6.5329653480527465,5.4303977489471436,-1698.0133333333347,-0.01503036154762787,21.23231652203728,0.37249042532023263,0.009456033828695688,0.06211338729104575,1578,160.55236087510744,0.3035702705383301
1579,10703.599,1738.6666666666674,7058.333333333337,100,100,1089,4.731551880342757,6.4814814814814845,5.422237157821655,-1738.6666666666674,-0.06810010416019294,15.962254418267143,0.343655057129379,0.012540634191181097,0.08723958333333333,1579,160.56226129679453,0.3035702705383301
1580,10716.462,1760.9966666666667,7240.999999999999,100,100,1091,4.3577735115305325,6.637030247479376,5.017810583114624,-1760.9966666666667,0.026978155080642965,14.800345606274075,0.39775806499852073,0.017518012784421444,0.0646701388888889,1580,160.57837400295497,0.3035702705383301
1581,10722.577,1749.4233333333343,7096.333333333333,100,100,1088,4.751447151326882,6.5223651960784315,5.449748754501343,-1749.4233333333343,-0.013944129295208874,12.319470742169548,0.4065939196768929,0.010977520723827183,0.06709558823529412,1581,160.48129786709455,0.3035702705383301
1582,10728.726,1793.9400000000003,7329.000000000003,100,100,1091,4.733599998965163,6.717690192483962,5.434491157531738,-1793.9400000000003,-0.004817189700487588,13.84989337126414,0.4167359852128559,0.005504875044506561,0.07335069444444445,1582,160.4910019485829,0.3035702705383301
1583,10734.84,1734.0766666666664,7174.33333333333,100,100,1092,4.734211719651184,6.569902319902317,5.443097829818726,-1734.0766666666664,-0.045075467528982296,26.797554175059002,0.3656885986630287,0.0010785753515342043,0.08637152777777778,1583,160.5013141787644,0.3035702705383301
1584,10740.985,1796.1533333333332,7283.0,100,100,1091,4.755318241226329,6.6755270394133825,5.45739221572876,-1796.1533333333332,-0.014655015327864222,12.578919761710697,0.38704231402112377,0.00155952471605916,0.06987847222222222,1584,160.5110726428193,0.3035702705383301
1585,10747.125,1827.8066666666666,7284.333333333334,100,100,1091,4.757934374782563,6.67674915979224,5.47361421585083,-1827.8066666666666,-0.027313443314698007,13.766469889216953,0.39230579137802124,0.01584411444815083,0.10734953731298447,1585,160.52088410816017,0.3035702705383301
1586,10753.215,1651.713333333333,7149.333333333331,100,100,1088,4.725887037185363,6.571078431372547,5.4076268672943115,-1651.713333333333,-0.015219189281411031,22.112006748423855,0.3995703572736067,0.008131723686614457,0.0666360294117647,1586,160.5311481788727,0.3035702705383301
1587,10759.327,1806.8466666666668,7329.000000000001,100,100,1087,4.7403438826003335,6.7424103035878575,5.434489727020264,-1806.8466666666668,-0.011587038800558624,21.135921394123752,0.42050956452594085,0.005335885469856507,0.07131185842787519,1587,160.5409914557262,0.3035702705383301
1588,10765.383,1786.0500000000002,7222.000000000001,100,100,1087,4.7135870272281695,6.643974241030359,5.389009714126587,-1786.0500000000002,-0.01512323210344595,12.570925740634694,0.3596170343020383,0.014393478337510982,0.07867938871769344,1588,160.55165081838817,0.3035702705383301
1589,10771.522,1705.393333333334,7098.000000000004,100,100,1090,4.714384220258563,6.51192660550459,5.40631628036499,-1705.393333333334,-0.0352379264206522,18.718661970562405,0.3848295427030987,0.0261909691131829,0.06944444444444445,1589,160.56134135682353,0.3035702705383301
1590,10784.398,1633.6433333333332,6904.666666666663,100,100,1089,4.36405693176583,6.3403734312825195,5.012925863265991,-1633.6433333333332,-0.015788102108571265,16.36572052538395,0.38919910540183383,0.007795687147235084,0.06293402777777778,1590,160.5770198996003,0.3035702705383301
1591,10790.536,1741.483333333333,7127.666666666668,100,100,1087,4.7555230909199375,6.557191045691507,5.440851449966431,-1741.483333333333,-0.015998704180888394,14.639255159041461,0.4409165364854476,0.01639354644644567,0.06669438635820851,1591,160.48006838172464,0.3035702705383301
1592,10796.694,1804.3000000000002,7257.666666666668,100,100,1090,4.732010642882573,6.658409785932723,5.425966501235962,-1804.3000000000002,0.006774804917060667,15.55476831065284,0.44506200237406623,0.02149487145814217,0.06770833333333333,1592,160.48949713472803,0.3035702705383301
1593,10802.82,1752.1800000000014,7154.3333333333385,100,100,1084,4.7516115302970885,6.599938499384999,5.4350104331970215,-1752.1800000000014,-0.017358975539750913,17.64612565321081,0.3891773841836873,0.0185954235459897,0.08354779442443568,1593,160.4988326742267,0.3035702705383301
1594,10808.942,1769.8366666666668,7174.999999999997,100,100,1089,4.719938109740033,6.588613406795223,5.418990135192871,-1769.8366666666668,-0.010341436550435092,14.408173680305481,0.38983015136586296,0.00597562141613,0.06640625,1594,160.50867859686082,0.3035702705383301
1595,10815.076,1699.97,7135.0,100,100,1089,4.724318641165222,6.55188246097337,5.421551704406738,-1699.97,-0.02699074014607403,23.478853636317783,0.3717212966746754,0.0070818164191829664,0.06553819444444445,1595,160.5183337020579,0.3035702705383301
1596,10821.149,1773.9600000000003,7392.333333333333,100,100,1086,4.713723203381712,6.8069367710251685,5.391065359115601,-1773.9600000000003,-0.01838376948281246,18.170289320104263,0.39761034530751843,0.015278316883589415,0.07278818768613479,1596,160.52860276155047,0.3035702705383301
1597,10827.19,1765.4133333333334,7196.666666666671,100,100,1087,4.683651518858044,6.6206685065930735,5.36673378944397,-1765.4133333333334,-0.018189775483573183,17.50804157818065,0.4167200563585057,0.006815528820344994,0.07086688860812608,1597,160.53943909358847,0.3035702705383301
1598,10833.356,1824.0466666666669,7288.333333333333,100,100,1089,4.736492011026471,6.692684419957147,5.444070339202881,-1824.0466666666669,0.02491391807173689,26.509365757306416,0.40362593794189805,0.019585548699574754,0.09071180555555555,1598,160.54858931953214,0.3035702705383301
1599,10839.494,1729.823333333334,7187.333333333335,100,100,1089,4.744430486526754,6.599938781756965,5.449639797210693,-1729.823333333334,-0.008728056525190672,11.716730845264262,0.43324735595120323,0.013261739966563053,0.08637152777777778,1599,160.55814104201403,0.3035702705383301
1600,10852.511,1829.4000000000005,7453.666666666669,100,100,1086,4.413298804580506,6.863413136893802,5.072151184082031,-1829.4000000000005,-0.016954646445810795,15.140066371244544,0.4546288795330945,0.011156435966875185,0.09532139450311661,1600,160.57313041782325,0.3035702705383301
1601,10858.697,1749.543333333333,7260.333333333333,100,100,1086,4.795438859784979,6.685389809699202,5.500364303588867,-1749.543333333333,-0.01788641490480479,14.169237305136289,0.46601034437908845,0.011212873135638587,0.08707898460766848,1601,160.4742221271808,0.3035702705383301
1602,10864.772,1707.6700000000005,7081.000000000001,100,100,1088,4.70876516727217,6.50827205882353,5.395113468170166,-1707.6700000000005,-0.01158557300839354,16.78116725472843,0.46739185469992023,0.004766126937123344,0.0661764705882353,1602,160.4846463317075,0.3035702705383301
1603,10870.899,1748.8733333333332,7233.666666666666,100,100,1087,4.755797240863406,6.654707145047531,5.443581581115723,-1748.8733333333332,-0.014820499510011253,14.442566703347598,0.3751111477613449,0.010285924072377384,0.06393703347181573,1603,160.49419123189426,0.3035702705383301
1604,10877.004,1713.8133333333326,7155.666666666667,100,100,1088,4.74819411732931,6.576899509803922,5.434942960739136,-1713.8133333333326,-0.021542082759825623,13.574233531951904,0.44281015501302834,0.01181277513558812,0.08318014705882353,1604,160.50413057019347,0.3035702705383301
1605,10883.153,1795.3799999999997,7172.666666666662,100,100,1090,4.7369477051788715,6.580428134556571,5.449951887130737,-1795.3799999999997,-0.015164427717940675,13.422018594212002,0.3960804061757194,0.02352240642843147,0.0759548611111111,1605,160.51361232782435,0.3035702705383301
1606,10889.28,1680.673333333333,7131.666666666662,100,100,1091,4.7415128324734,6.536816376413073,5.4461164474487305,-1680.673333333333,0.03272236407630973,18.971534887949627,0.3936511096027162,0.007569897740419644,0.07291666666666667,1606,160.523467529949,0.3035702705383301
1607,10895.408,1680.486666666667,7113.666666666667,100,100,1089,4.742843985790173,6.532292623201714,5.438500881195068,-1680.486666666667,-0.023327346684204206,13.257521650262383,0.34834211071332294,0.0014704855275340378,0.062065972222222224,1607,160.5331368535979,0.3035702705383301
1608,10901.55,1667.1266666666675,7090.000000000002,100,100,1089,4.742348851222131,6.510560146923785,5.434517860412598,-1667.1266666666675,-0.0037981626681155628,21.127449014120632,0.3468779954645369,0.008505230394399,0.07118055555555555,1608,160.542597586638,0.3035702705383301
1609,10907.639,1690.2666666666667,7068.000000000003,100,100,1086,4.727700092631665,6.508287292817682,5.403652667999268,-1690.2666666666667,-0.018684042288976556,17.248154387754553,0.3398344017126981,0.018500966269878998,0.09449122364030164,1609,160.55253254909005,0.3035702705383301
1610,10920.625,1635.55,7096.333333333335,100,100,1089,4.41127024566168,6.516375880012245,5.0703208446502686,-1635.55,-0.02452130341488454,18.366433161000412,0.3366359100780553,0.009255383833078668,0.06553819444444445,1610,160.56790979596158,0.3035702705383301
1611,10926.765,1841.2133333333331,7399.999999999999,100,100,1089,4.741375574874593,6.795224977043158,5.445337533950806,-1841.2133333333331,-0.07565033404777448,28.31412755118476,0.33953945752647186,0.020789614917399984,0.09071180555555555,1611,160.47082182756253,0.3035702705383301
1612,10932.822,1720.68,7157.999999999997,100,100,1086,4.71494640821838,6.591160220994473,5.384038686752319,-1720.68,-0.01751206330407192,15.663018927854651,0.2743457660955541,0.02773121024502496,0.08065998554229736,1612,160.48125281964855,0.3035702705383301
1613,10938.923,1661.21,7000.333333333335,100,100,1086,4.743425965263691,6.445979128299571,5.424135446548462,-1661.21,-0.013123080901363316,18.44991902744069,0.27341146942447214,0.017586308007594198,0.06582068301299039,1613,160.49102144611606,0.3035702705383301
1614,10945.015,1681.2866666666678,7106.66666666667,100,100,1086,4.725242171884201,6.5438919582566015,5.395625352859497,-1681.2866666666678,-0.018781044438262198,17.656303770401898,0.32359520477407117,0.016623543770572936,0.08286883287570056,1614,160.5009229538408,0.3035702705383301
1615,10951.161,1678.5933333333337,7094.666666666669,100,100,1091,4.744784415342719,6.502902535899788,5.450398921966553,-1678.5933333333337,0.0003749158026443587,14.70095529821184,0.33320774924423957,0.016222955044617668,0.06640625,1615,160.51047306119494,0.3035702705383301
1616,10957.22,1756.7633333333333,7208.999999999999,100,100,1088,4.720965717484326,6.625919117647058,5.399732828140259,-1756.7633333333333,-0.015229731140767826,20.869540410883285,0.3268973038477056,0.019915706704041976,0.07766544117647059,1616,160.52101228477724,0.3035702705383301
1617,10963.364,1701.4966666666662,7090.666666666666,100,100,1090,4.7558383475732775,6.50519877675841,5.467612981796265,-1701.4966666666662,-0.010739279807441764,16.129069526990254,0.29605938473784793,0.017202813496421894,0.06510416666666667,1617,160.53046641657073,0.3035702705383301
1618,10969.451,1654.503333333334,7045.333333333336,100,100,1089,4.721276859750268,6.469543924089381,5.4041242599487305,-1654.503333333334,0.02789961841578285,18.675158540407818,0.3057926508287589,0.002873864632824229,0.09722222222222222,1618,160.54067889279742,0.3035702705383301
1619,10975.584,1718.7533333333333,7160.333333333334,100,100,1087,4.743516468614333,6.58724317693959,5.435280084609985,-1718.7533333333333,-0.014888032175162259,12.176683986888213,0.3040921236662304,0.00658685653744375,0.06118697497774573,1619,160.54999268636135,0.3035702705383301
1620,10988.544,1717.053333333334,7256.000000000003,100,100,1086,4.400885912407924,6.681399631675878,5.043519735336304,-1717.053333333334,-0.013652949429610196,13.798185965594124,0.2874684675651438,0.011015244937666199,0.08067481000633801,1620,160.5648281289859,0.3035702705383301
1621,10994.748,1731.9866666666667,7091.333333333335,100,100,1090,4.751768258588235,6.505810397553518,5.474237442016602,-1731.9866666666667,-0.014019612171169784,15.240149699979359,0.26172209344804287,0.005678101544617675,0.0703125,1621,160.46807799788445,0.3035702705383301
1622,11000.899,1717.103333333334,7140.000000000002,100,100,1088,4.748179872395292,6.562500000000002,5.447683095932007,-1717.103333333334,-0.014733548276126385,14.760691137874828,0.2694320402601186,0.009684017404009971,0.06571691176470588,1622,160.4772483878082,0.3035702705383301
1623,11007.107,1719.8699999999992,7278.999999999995,100,100,1089,4.762412762227473,6.684113865932043,5.472892761230469,-1719.8699999999992,-0.0012588960429032643,19.194573120938408,0.28376470961504513,0.010057125285836972,0.07074652777777778,1623,160.48567270911232,0.3035702705383301
1624,11013.182,1565.8966666666677,6915.000000000003,100,100,1088,4.724087040706174,6.355698529411767,5.397573471069336,-1565.8966666666677,-0.01800288216156118,28.316403108484604,0.29194308159982457,0.0046270166708649516,0.07628676470588236,1624,160.4959391145463,0.3035702705383301
1625,11019.289,1695.3266666666666,7137.000000000002,100,100,1088,4.740894577266505,6.559742647058825,5.431931257247925,-1695.3266666666666,-0.014848649994853665,12.116002994425157,0.3072078986202969,0.01810431377688313,0.06525735294117647,1625,160.50574528676316,0.3035702705383301
1626,11025.404,1786.3566666666668,7268.666666666669,100,100,1089,4.722014141180941,6.674625038261404,5.412854909896851,-1786.3566666666668,0.014902862875411907,15.629405266087916,0.2807817819217841,0.006792313872008688,0.055989583333333336,1626,160.51548019169914,0.3035702705383301
1627,11031.513,1691.7066666666674,7098.666666666668,100,100,1087,4.750732751755968,6.530512112848821,5.437641859054565,-1691.7066666666674,-0.014906420920263319,17.056793156792136,0.3346013036720893,0.008594197536106496,0.06487074017743855,1627,160.52512487394063,0.3035702705383301
1628,11037.599,1672.6033333333335,7056.000000000001,100,100,1087,4.729236888021519,6.4912603495860175,5.406735420227051,-1672.6033333333335,-0.01794791761237909,13.009380256428438,0.35315819347605987,0.012622537413228522,0.0823412700830137,1628,160.5350922349767,0.3035702705383301
1629,11043.758,1737.7666666666669,7062.999999999999,100,100,1090,4.744118166694401,6.479816513761467,5.451689958572388,-1737.7666666666669,-0.02564997158737646,25.535314295026993,0.35905988969413255,0.028442371549317613,0.08203125,1629,160.5442732156527,0.3035702705383301
1630,11056.755,1670.833333333334,7070.333333333333,100,100,1088,4.429039614799823,6.498468137254902,5.085957765579224,-1670.833333333334,-0.014036536107168478,12.030821996576647,0.30097832618390813,0.015760016891256196,0.07306985294117647,1630,160.55888552494082,0.3035702705383301
1631,11062.874,1810.0566666666675,7164.000000000004,100,100,1087,4.749337904709592,6.59061637534499,5.43291711807251,-1810.0566666666675,-0.017070499522721067,25.785582374123965,0.2942424416542053,0.00935802681316786,0.06765727183836348,1631,160.46345396899798,0.3035702705383301
1632,11069.002,1729.58,7187.000000000005,100,100,1087,4.762799541076959,6.611775528978845,5.452417850494385,-1729.58,-0.015804325120852274,13.622536631191478,0.2881735848153339,0.009525581146590412,0.06948091769043137,1632,160.4728208595207,0.3035702705383301
1633,11075.147,1762.456666666667,7211.333333333338,100,100,1089,4.7647971523065324,6.621977349250081,5.458475112915039,-1762.456666666667,-0.022922373945928283,16.209506034851074,0.30529792234301567,0.04773696454908026,0.09114583333333333,1633,160.48212047519291,0.3035702705383301
1634,11081.235,1838.1266666666677,7307.000000000006,100,100,1088,4.718862501784529,6.71599264705883,5.408832550048828,-1838.1266666666677,-0.016808454221224085,26.17652775259579,0.24405025734620936,0.02558914979111732,0.0703125,1634,160.49213012309986,0.3035702705383301
1635,11087.363,1756.676666666668,7221.666666666673,100,100,1086,4.752992265270319,6.649785144260289,5.4339518547058105,-1756.676666666668,-0.012214037151459385,12.056246210547055,0.2527717864688705,0.01840605282032972,0.06451612886260538,1635,160.50138021241008,0.3035702705383301
1636,11093.521,1652.9166666666672,7141.0,100,100,1089,4.7658890716883775,6.557392102846649,5.465872049331665,-1652.9166666666672,0.016530963126569986,25.488728457854855,0.24381378572434187,0.015108232483423004,0.0720486111111111,1636,160.5104528579097,0.3035702705383301
1637,11099.664,1666.97,7055.333333333334,100,100,1087,4.758856299555181,6.490647040785036,5.448369026184082,-1666.97,-0.014570343034232365,13.769716627457562,0.23286903342779944,0.014430282794980003,0.06486344567554839,1637,160.51955054311856,0.3035702705383301
1638,11105.749,1738.1933333333336,7201.000000000001,100,100,1088,4.719870224054081,6.618566176470589,5.404162883758545,-1738.1933333333336,-0.012861694373628673,18.354267092312085,0.22214877780746012,0.021947084076921728,0.08042279411764706,1638,160.52956275075923,0.3035702705383301
1639,11111.898,1711.8733333333332,7101.666666666664,100,100,1086,4.763559390264212,6.53928790669122,5.458465099334717,-1711.8733333333332,-0.012053858543581823,12.747686231837553,0.20246375308317296,0.012883678996278083,0.06549454436582677,1639,160.53845649140845,0.3035702705383301
1640,11124.893,1727.5099999999998,7139.666666666664,100,100,1089,4.428647108772843,6.556167737985918,5.092139720916748,-1727.5099999999998,0.03724311235257321,13.857041200829876,0.20762166132529578,0.010678631858253438,0.07508680555555555,1640,160.55254046931867,0.3035702705383301
1641,11131.052,1751.833333333334,7207.666666666669,100,100,1089,4.737033700071022,6.618610345883075,5.430462837219238,-1751.833333333334,0.003879742852101723,11.650227845956882,0.23395810157323224,0.007608601707033813,0.06684027777777778,1641,160.4578778369079,0.3035702705383301
1642,11137.232,1702.7799999999995,7213.666666666663,100,100,1089,4.747596513663818,6.624119987756348,5.448242902755737,-1702.7799999999995,-0.029607446269235678,12.588686562660667,0.2165906778148686,0.010766761619985724,0.07118055555555555,1642,160.4666292195125,0.3035702705383301
1643,11143.38,1708.6000000000008,7095.666666666668,100,100,1087,4.77728923472551,6.527752223244405,5.473116159439087,-1708.6000000000008,-0.015405219322180046,12.25566962186028,0.25846821902429357,0.012795216712059783,0.072230976074934,1643,160.47564263890024,0.3035702705383301
1644,11149.51,1675.9400000000012,7042.000000000003,100,100,1090,4.7514209169210915,6.460550458715598,5.442153453826904,-1675.9400000000012,-0.04486488760448992,16.30250594351027,0.26096101327372406,-0.0035825190522397556,0.07421875,1644,160.485167858763,0.3035702705383301
1645,11155.735,1635.0900000000006,6933.000000000004,100,100,1091,4.791253530202685,6.35472043996334,5.506623983383179,-1635.0900000000006,-0.023257738031033013,12.986862818400065,0.2852834123704169,0.02197376636063887,0.06655092620187336,1645,160.49341402893765,0.3035702705383301
1646,11161.863,1682.61,7084.666666666667,100,100,1088,4.757599817179759,6.511642156862745,5.443748950958252,-1682.61,-0.016152247457819825,12.420038054971133,0.29346318279995637,0.0182678852476837,0.0703125,1646,160.50277385092537,0.3035702705383301
1647,11167.947,1680.1433333333343,7185.000000000004,100,100,1087,4.705783257538516,6.6099356025759,5.390679597854614,-1680.1433333333343,-0.0104603771777714,10.979808372609755,0.2628134870353867,0.01945292564393158,0.07174953347181573,1647,160.51266904022438,0.3035702705383301
1648,11174.036,1753.5100000000002,7195.000000000001,100,100,1091,4.685727404887206,6.5948670944088,5.384856700897217,-1753.5100000000002,-0.04878272509409322,20.498534573449028,0.278629017359991,0.01875666315188735,0.07508680555555555,1648,160.52283903177675,0.3035702705383301
1649,11180.121,1802.01,7378.333333333332,100,100,1091,4.685732628317852,6.762908646501679,5.3868935108184814,-1802.01,-0.005152497854497697,22.624392059114243,0.28088753836022484,0.017331085888953466,0.08796296351485783,1649,160.5330500292752,0.3035702705383301
1650,11192.993,1675.4366666666663,7094.999999999995,100,100,1088,4.408284284770215,6.521139705882349,5.073447942733765,-1675.4366666666663,-0.017581075101214295,15.369720094344196,0.25142401675967607,0.02568637123947744,0.08455882352941177,1650,160.5482556239743,0.3035702705383301
1651,11199.102,1661.8000000000009,7100.000000000004,100,100,1092,4.724518954263481,6.501831501831505,5.430141448974609,-1661.8000000000009,0.0028161917192240558,15.82884955406189,0.28912104128135574,0.006053241280217965,0.08637152777777778,1651,160.4556266103426,0.3035702705383301
1652,11205.224,1650.0166666666669,6916.66666666667,100,100,1090,4.730102384928614,6.345565749235477,5.430206537246704,-1650.0166666666669,-0.042610858748149544,19.559748894638485,0.2465273965564039,0.024636192221401468,0.0759548611111111,1652,160.4652490686766,0.3035702705383301
1653,11211.265,1856.4066666666677,7411.666666666671,100,100,1085,4.694535207080608,6.831029185867899,5.366826772689819,-1856.4066666666677,-0.011009234003722668,24.870598793029785,0.24193456593681784,0.013726998363648924,0.07554845687221079,1653,160.47556308096526,0.3035702705383301
1654,11217.362,1774.593333333334,7221.999999999997,100,100,1087,4.71736789325881,6.643974241030357,5.408062696456909,-1774.593333333334,-0.012991317876559846,32.33787323446835,0.23429025665802114,0.030134764301371488,0.08005077063160784,1654,160.48523082935003,0.3035702705383301
1655,11223.439,1605.5200000000002,6973.333333333334,100,100,1090,4.699430091374921,6.397553516819572,5.389244556427002,-1605.5200000000002,0.014642983364562193,25.076295773188274,0.25100797828700805,0.0184044697541847,0.07118055555555555,1655,160.49545287613293,0.3035702705383301
1656,11229.584,1648.0166666666667,6924.333333333336,100,100,1087,4.754846459794395,6.370131861392213,5.445334434509277,-1648.0166666666667,-0.013187048408915015,22.223170168259564,0.2755954896702486,0.014826636723763146,0.07406191664802678,1656,160.50442762760113,0.3035702705383301
1657,11235.726,1828.3500000000008,7259.000000000005,100,100,1089,4.724009181231712,6.665748393021125,5.420072078704834,-1828.3500000000008,-0.029092389521085553,16.73104323281182,0.26975995851615964,0.03469622183345362,0.09678819444444445,1657,160.51361323701354,0.3035702705383301
1658,11241.892,1705.3566666666673,6995.333333333337,100,100,1090,4.7466221111698434,6.417737003058107,5.4541285037994385,-1705.3566666666673,0.0031195043379233945,14.161227224601639,0.28771975884834927,0.011374267380839834,0.0646701388888889,1658,160.5225291137209,0.3035702705383301
1659,11247.988,1767.9533333333338,7244.333333333334,100,100,1081,4.7267726191752875,6.701510946654333,5.381930589675903,-1767.9533333333338,-0.012118728749234886,17.707003958085004,0.26370571225005035,0.015715952390832278,0.07231198404641713,1659,160.53164065183694,0.3035702705383301
1660,11260.995,1818.5599999999997,7317.666666666664,100,100,1088,4.43357812379391,6.725796568627449,5.09795355796814,-1818.5599999999997,-0.015914586153538787,30.819085738238165,0.27125948799007077,0.02099306651336305,0.08088235294117647,1660,160.54604990668466,0.3035702705383301
1661,11267.099,1754.803333333334,7139.666666666671,100,100,1088,4.712694024954758,6.562193627450984,5.397150754928589,-1754.803333333334,-0.01634886658147854,22.955905016730814,0.28365087552982216,0.01734733084038667,0.07996323529411764,1661,160.45248369571715,0.3035702705383301
1662,11273.194,1846.3833333333334,7252.333333333335,100,100,1086,4.726231674570247,6.678023327194599,5.413254499435425,-1846.3833333333334,-0.015608544461429119,31.032906083499682,0.2983089203343672,0.024259186664815333,0.06633953969268237,1662,160.46207087290603,0.3035702705383301
1663,11279.283,1644.3466666666668,7030.999999999998,100,100,1088,4.735784464762272,6.462316176470587,5.4192795753479,-1644.3466666666668,-0.011449447449515848,22.160872964298022,0.2952417875914013,0.032371141187682306,0.06801470588235294,1663,160.47190355757883,0.3035702705383301
1664,11285.447,1674.0533333333335,7118.999999999998,100,100,1085,4.768233640711703,6.561290322580644,5.4565980434417725,-1674.0533333333335,-0.009767360601793318,18.706865535062903,0.3137883022427559,0.041774312564966214,0.06500120526727508,1664,160.48039920006366,0.3035702705383301
1665,11291.555,1715.996666666666,7083.666666666663,100,100,1087,4.722010305818777,6.516712664826737,5.404771566390991,-1715.996666666666,-0.012054999249384683,15.585553898530847,0.2832457769443007,0.012390484624655288,0.0634701800368288,1665,160.4898514651267,0.3035702705383301
1666,11297.704,1726.9733333333334,7188.666666666666,100,100,1090,4.723371834912841,6.5951070336391435,5.4333717823028564,-1726.9733333333334,-0.0023549661661187806,19.832822561264038,0.2944015214840571,0.02648124013083159,0.07291666666666667,1666,160.49897847018093,0.3035702705383301
1667,11303.844,1678.8499999999992,7004.666666666666,100,100,1090,4.73534899065271,6.426299694189602,5.431569814682007,-1678.8499999999992,0.019499426604145102,14.296403050422668,0.29996608156296944,0.0057126649933504975,0.06380208333333333,1667,160.5082316994908,0.3035702705383301
1668,11310.039,1733.69,7171.666666666665,100,100,1091,4.74904399818897,6.573479987778795,5.457557439804077,-1733.69,0.000548780637068881,18.266570766766865,0.2865543957385752,0.013699832689275758,0.06987847222222222,1668,160.5167746387648,0.3035702705383301
1669,11316.148,1602.3866666666663,6932.0,100,100,1088,4.733003312674769,6.3713235294117645,5.417473077774048,-1602.3866666666663,-0.012510805883828332,15.112272416844087,0.29532725276315913,0.017049768138402963,0.08501838235294118,1669,160.52628605430823,0.3035702705383301
1670,11329.128,1737.9399999999991,7048.666666666662,100,100,1091,4.39449844542143,6.460739382829205,5.067085266113281,-1737.9399999999991,0.0013259844337072638,27.112546377711826,0.24364796487821472,0.021729333584921226,0.08969907462596893,1670,160.54086909813518,0.3035702705383301
1671,11335.23,1825.6700000000005,7256.333333333336,100,100,1086,4.730195858435187,6.681706568446902,5.4170262813568115,-1825.6700000000005,-0.014063691720366478,27.902270373176126,0.24607653389958775,0.022735416875494754,0.07736895145738826,1671,160.44808385787812,0.3035702705383301
1672,11341.319,1738.91,7181.333333333337,100,100,1090,4.715499359635858,6.588379204892969,5.404569149017334,-1738.91,0.003270253642565674,17.537634243567783,0.2850043314198653,0.03155829730288436,0.08637152777777778,1672,160.45806080498772,0.3035702705383301
1673,11347.485,1707.7199999999998,7124.666666666664,100,100,1090,4.77908633151647,6.5363914373088665,5.497628688812256,-1707.7199999999998,-0.04241913531182541,23.73828230963813,0.29962668716618485,0.011534894111617986,0.06901041666666667,1673,160.46691701553115,0.3035702705383301
1674,11353.582,1629.2300000000002,7070.666666666664,100,100,1087,4.739677733994451,6.504753143207603,5.4125378131866455,-1629.2300000000002,-0.012729681042187354,20.64361608729643,0.3200740240076009,0.022071960887200582,0.07678279658669934,1674,160.47648759745763,0.3035702705383301
1675,11359.691,1717.2566666666671,7099.000000000002,100,100,1088,4.742666266953593,6.52481617647059,5.425886631011963,-1717.2566666666671,-0.014479542315444526,14.939495395211612,0.3207909469218815,0.012675484532819074,0.08363970588235294,1675,160.4859670636066,0.3035702705383301
1676,11365.84,1733.2500000000002,7212.999999999998,100,100,1089,4.75332598416588,6.6235078053259855,5.4544196128845215,-1733.2500000000002,-0.002613789401948452,20.067397594451904,0.3428802386754089,0.027625901230041765,0.06293402777777778,1676,160.49495456688678,0.3035702705383301
1677,11371.987,1735.0166666666669,7149.333333333333,100,100,1089,4.736519834929795,6.565044383226201,5.423595190048218,-1735.0166666666669,-0.02613226194969482,13.04555212209622,0.3024403676390648,0.01884571990942479,0.06901041666666667,1677,160.50398838179447,0.3035702705383301
1678,11378.105,1824.8033333333324,7314.333333333329,100,100,1087,4.744452346380194,6.728917509966265,5.435669422149658,-1824.8033333333324,-0.011239722206750336,16.36091246324427,0.266585074365139,0.018841738189461037,0.06947362313375753,1678,160.51319120669683,0.3035702705383301
1679,11384.184,1738.1966666666665,7275.666666666667,100,100,1088,4.718656527770423,6.687193627450981,5.3996593952178955,-1738.1966666666665,-0.011843120295773535,12.029329327976003,0.2969174130874522,0.012681689565343893,0.07077205882352941,1679,160.5230488789438,0.3035702705383301
1680,11397.156,1788.6166666666668,7314.666666666668,100,100,1086,4.449628820491896,6.7354205033763055,5.12036395072937,-1788.6166666666668,-0.010744435110074632,18.59491149116965,0.30080274141886654,0.013810859486351119,0.07513045519590378,1680,160.5370358732565,0.3035702705383301
1681,11403.332,1814.223333333333,7324.666666666665,100,100,1089,4.780184481523015,6.726048362411998,5.493497610092163,-1814.223333333333,-0.026909417783220608,30.391124447186787,0.37424371846848065,0.036790696231441364,0.12413194444444445,1681,160.44426336627527,0.3035702705383301
1682,11409.378,1744.1300000000012,7230.666666666671,100,100,1088,4.721985385592287,6.645833333333337,5.407524347305298,-1744.1300000000012,-0.013113325900014709,12.126105168286491,0.3753985946669298,0.01441797531922074,0.06801470588235294,1682,160.45457715962354,0.3035702705383301
1683,11415.478,1782.0066666666683,7224.666666666669,100,100,1089,4.72426317583879,6.634220997857364,5.423574447631836,-1782.0066666666683,-0.04459993660243021,15.517152706782023,0.37579046562314034,0.01062980169404505,0.10286458333333333,1683,160.46423402424205,0.3035702705383301
1684,11421.577,1682.5866666666666,7043.0,100,100,1090,4.721328257497639,6.461467889908257,5.4092772006988525,-1682.5866666666666,0.007330246580143769,24.289118157492744,0.3759141063524617,0.01760268153803837,0.07552083333333333,1684,160.47399180725424,0.3035702705383301
1685,11427.75,1765.6533333333334,7126.333333333333,100,100,1092,4.736619689241699,6.525946275946276,5.447763681411743,-1765.6533333333334,0.019849026368723974,17.917685760392082,0.37403639033436775,0.02576252960392998,0.11067708333333333,1685,160.4828550281424,0.3035702705383301
1686,11433.852,1817.6633333333325,7449.0,100,100,1087,4.73478233798132,6.8528058877644895,5.424404144287109,-1817.6633333333325,-0.014516244176775217,17.266547315260944,0.3632507332984139,0.004402247077771737,0.08144403621554375,1686,160.4922854211592,0.3035702705383301
1687,11439.952,1775.1933333333334,7417.333333333336,100,100,1088,4.721879225518719,6.817401960784316,5.409867763519287,-1775.1933333333334,-0.01075791583999115,19.165470123291016,0.3729245855527766,0.020153915578061166,0.06985294117647059,1687,160.50180510279142,0.3035702705383301
1688,11446.078,1705.8666666666659,7146.333333333334,100,100,1089,4.734301652363352,6.562289562289563,5.433460474014282,-1705.8666666666659,0.06116761174052954,17.853021413087845,0.3507836407257451,0.02575761183268494,0.0993923611111111,1688,160.51105709049324,0.3035702705383301
1689,11452.172,1771.8033333333335,7332.333333333335,100,100,1087,4.718651702578703,6.745476847592764,5.401715040206909,-1771.8033333333335,-0.012830328059327952,18.45345637377571,0.33165549223913865,0.021992001134683106,0.07733718546874382,1689,160.52055816238962,0.3035702705383301
1690,11465.12,1721.4766666666678,7144.666666666669,100,100,1089,4.394216527431157,6.560759106213654,5.057242393493652,-1721.4766666666678,0.04278013601692186,19.087453259362114,0.3131969206863748,0.01859451792147916,0.06597222222222222,1690,160.5350568634721,0.3035702705383301
1691,11471.335,1829.5333333333335,7439.999999999999,100,100,1090,4.749641285081386,6.8256880733944945,5.466679096221924,-1829.5333333333335,0.021203015103108354,37.2504025068548,0.31334810372855926,0.03531474330359035,0.06510416666666667,1691,160.44235642140362,0.3035702705383301
1692,11477.496,1758.8400000000004,7346.666666666668,100,100,1086,4.7594994486868725,6.764886433394722,5.451888799667358,-1758.8400000000004,-0.010365707745008609,16.575563094195196,0.3434888930881725,0.0248975466717692,0.06491638982997221,1692,160.45085413111852,0.3035702705383301
1693,11483.663,1716.9300000000003,7159.333333333329,100,100,1090,4.75576917401626,6.56819571865443,5.4591991901397705,-1716.9300000000003,-0.01317629994203647,15.554384254746967,0.39453552332189346,0.028811941699435312,0.12022569444444445,1693,160.459601089816,0.3035702705383301
1694,11489.741,1783.2533333333322,7290.333333333332,100,100,1087,4.70444130717255,6.7068383931309405,5.386053085327148,-1783.2533333333322,-0.007614416864645832,20.47328416038962,0.3407140356652877,0.010024595087195528,0.06074200532234767,1694,160.4693283650649,0.3035702705383301
1695,11495.86,1752.7533333333338,7311.000000000001,100,100,1088,4.7305952193710255,6.71966911764706,5.419108629226685,-1752.7533333333338,-0.01121519522412735,16.08268221686868,0.34776243655120626,0.03228260626715115,0.08042279411764706,1695,160.47855609807382,0.3035702705383301
1696,11501.988,1917.1600000000003,7524.666666666669,100,100,1090,4.718178622915897,6.903363914373091,5.411776065826416,-1917.1600000000003,0.03395035883618726,30.667545934518177,0.3065769155978665,0.010555924611657651,0.05946180555555555,1696,160.48781604337952,0.3035702705383301
1697,11508.071,1709.0733333333328,7142.666666666666,100,100,1088,4.71784126763369,6.564950980392156,5.405933618545532,-1709.0733333333328,-0.012452017241979347,18.759772861705105,0.31864357608206134,0.014328384758247173,0.07582720588235294,1697,160.4975378267174,0.3035702705383301
1698,11514.231,1696.4633333333334,7123.333333333332,100,100,1088,4.762821415865534,6.547181372549018,5.447793960571289,-1696.4633333333334,-0.011550423634402892,19.924305943881762,0.3417394007830059,0.008350675186032759,0.07720588235294118,1698,160.50617120212186,0.3035702705383301
1699,11520.36,1712.9233333333334,7186.000000000002,100,100,1090,4.731457249620297,6.592660550458717,5.431596040725708,-1712.9233333333334,0.000695700291544199,15.106095943186018,0.3638717515601052,0.013511191290389333,0.07942708333333333,1699,160.51539004114997,0.3035702705383301
1700,11533.408,1690.586666666667,7192.6666666666715,100,100,1090,4.48513321029535,6.59877675840979,5.174088954925537,-1690.586666666667,0.04536474480604132,21.908124711778427,0.39399074018001556,0.02433139660085241,0.08072916666666667,1700,160.52870209809006,0.3035702705383301
1701,11539.561,1768.333333333334,7319.333333333337,100,100,1089,4.731046644366997,6.721150902969088,5.440699577331543,-1768.333333333334,0.002391030235836903,14.000404251946343,0.34318803085221183,0.013388204939676344,0.0724826388888889,1701,160.43711932585464,0.3035702705383301
1702,11545.734,1699.1800000000005,7121.999999999999,100,100,1089,4.744769881767647,6.539944903581266,5.4507505893707275,-1699.1800000000005,0.010308281725479497,14.795037455028957,0.33816173258754945,0.017177268856256787,0.09375,1702,160.4456718958363,0.3035702705383301
1703,11551.87,1717.2699999999998,7080.999999999995,100,100,1089,4.712558309017374,6.502295684113862,5.417048931121826,-1717.2699999999998,-0.05095902093065282,18.01296910478009,0.37774774183829624,0.021418008086685505,0.1076388888888889,1703,160.45471635291656,0.3035702705383301
1704,11557.953,1745.5033333333326,7098.999999999998,100,100,1085,4.706148572656656,6.542857142857141,5.379606246948242,-1745.5033333333326,-0.012143810772720505,15.286980067982393,0.3691881281488082,0.013439354473067558,0.07557105809888419,1704,160.46413793581286,0.3035702705383301
1705,11564.089,1745.0866666666666,7200.666666666664,100,100,1088,4.7528187484096955,6.618259803921567,5.454462766647339,-1745.0866666666666,-0.016650537193259773,13.19371576870189,0.33844562839059267,0.020365710777696222,0.09696691176470588,1705,160.47307872648526,0.3035702705383301
1706,11570.162,1689.3366666666677,6995.333333333334,100,100,1087,4.719104415097933,6.435449248696719,5.399024724960327,-1689.3366666666677,-0.012841954115120804,10.96522440629847,0.3419244061498081,0.03239213089075159,0.09475665298454902,1706,160.48280661550632,0.3035702705383301
1707,11576.317,1672.6900000000005,7048.999999999999,100,100,1089,4.749679611696493,6.472910927456381,5.451421737670898,-1672.6900000000005,-0.0046127378526661135,34.35070700115628,0.36360105706585777,0.040651802419840045,0.10243055555555555,1707,160.4915512935656,0.3035702705383301
1708,11582.39,1735.6799999999996,7159.999999999997,100,100,1088,4.71675367664241,6.580882352941174,5.405019044876099,-1735.6799999999996,-0.009567240253090858,14.537988326128792,0.3336557154269779,0.010977204200839075,0.06893382352941177,1708,160.5013271374426,0.3035702705383301
1709,11588.458,1677.0833333333337,7094.333333333334,100,100,1087,4.726370930005115,6.526525605642441,5.411254405975342,-1677.0833333333337,-0.012592093197300154,21.176023847916547,0.4022931320702328,0.013238217195441179,0.08188900592572548,1709,160.5110883850954,0.3035702705383301
1710,11601.44,1704.2333333333331,7189.999999999996,100,100,1089,4.464613225527409,6.602387511478417,5.135238170623779,-1704.2333333333331,-0.03562847292050719,28.030285322003895,0.3934561593665017,-0.023031428579189297,0.12239583333333333,1710,160.52440984153,0.3035702705383301
1711,11607.618,1720.893333333334,7146.666666666667,100,100,1089,4.74692782555186,6.5625956535047445,5.448148250579834,-1720.893333333334,-0.04229399241093132,13.994861251532306,0.38667553414901096,0.0123148560588662,0.0802951388888889,1711,160.43378313468924,0.3035702705383301
1712,11613.728,1676.2033333333331,7025.000000000001,100,100,1090,4.716559723254567,6.444954128440368,5.404120683670044,-1676.2033333333331,0.02370051211780972,21.48017876678043,0.4300514840417438,0.01392619466868281,0.08723958333333333,1712,160.44322802861922,0.3035702705383301
1713,11619.847,1679.446666666667,7207.333333333334,100,100,1087,4.733817204841599,6.630481447408771,5.415065050125122,-1679.446666666667,-0.01580594841609983,16.10884380340576,0.39133353268398957,0.026431150902199614,0.13846580377396414,1713,160.45229062019376,0.3035702705383301
1714,11625.977,1762.2000000000005,7146.333333333332,100,100,1089,4.730918735036536,6.562289562289561,5.4243998527526855,-1762.2000000000005,-0.04808445797405309,18.14084914657805,0.41821186146464445,0.015544458176009357,0.1015625,1714,160.46136444998945,0.3035702705383301
1715,11632.165,1814.9266666666665,7289.000000000001,100,100,1090,4.73668330237953,6.687155963302753,5.438870191574097,-1814.9266666666665,-0.025994165024409693,15.72126220828957,0.3818872697269803,0.010493227461766865,0.12369791666666667,1715,160.469699318854,0.3035702705383301
1716,11638.297,1721.8733333333332,7262.666666666667,100,100,1088,4.7557807888284405,6.675245098039216,5.45881986618042,-1721.8733333333332,-0.014121420215815306,16.47194626752068,0.37205995969912586,0.010757236159406602,0.08272058823529412,1716,160.4786387828473,0.3035702705383301
1717,11644.408,1768.423333333334,7191.333333333336,100,100,1089,4.732135814251985,6.603611876339151,5.419862270355225,-1768.423333333334,-0.04720204323530197,13.147360884481007,0.35846243977236253,0.012772979447618127,0.10633680555555555,1717,160.48793337066738,0.3035702705383301
1718,11650.548,1706.2666666666678,7205.6666666666715,100,100,1089,4.735986316444898,6.616773798591985,5.43239426612854,-1706.2666666666678,-0.04932445577449269,13.898718502786425,0.35483003316663697,0.019443936257933576,0.0798611111111111,1718,160.49682293472256,0.3035702705383301
1719,11656.632,1801.3900000000003,7338.333333333333,100,100,1090,4.658016055360983,6.732415902140673,5.350414276123047,-1801.3900000000003,-0.10751597702296244,27.769246213965946,0.36503081975711715,0.017783012182917446,0.09809027777777778,1719,160.50656835068557,0.3035702705383301
1720,11669.646,1686.1066666666666,7164.000000000002,100,100,1090,4.405137154042994,6.572477064220185,5.072054624557495,-1686.1066666666666,0.004607868484324879,32.29943773481581,0.32214117469266057,0.007350086363860303,0.08637152777777778,1720,160.5209114877473,0.3035702705383301
1721,11675.756,1720.7099999999998,7130.999999999998,100,100,1089,4.7106056032006185,6.548209366391183,5.393148422241211,-1720.7099999999998,0.03445622092112899,16.83728016085095,0.3256351823608081,0.052188701956765726,0.11024305555555555,1721,160.43029625031014,0.3035702705383301
1722,11681.868,1701.4166666666663,7101.999999999999,100,100,1090,4.7087833951782745,6.515596330275229,5.395725250244141,-1701.4166666666663,-0.04104875918063852,18.114210579130386,0.3603735731707679,0.004223667230689898,0.09678819444444445,1722,160.439660080658,0.3035702705383301
1723,11687.975,1694.1000000000006,7192.000000000003,100,100,1088,4.740487959626241,6.6102941176470615,5.425134658813477,-1694.1000000000006,-0.017790642895681018,23.82502036936143,0.37432681812959556,0.009839267675381373,0.06709558823529412,1723,160.44892937392362,0.3035702705383301
1724,11694.091,1671.763333333333,7084.33333333333,100,100,1089,4.723032230799513,6.505356596265685,5.404139041900635,-1671.763333333333,0.006923184626632267,12.22479055617522,0.4092056703650289,-0.0047097983705397285,0.1076388888888889,1724,160.45814228300904,0.3035702705383301
1725,11700.203,1705.68,7119.666666666665,100,100,1090,4.721340645049109,6.531804281345565,5.416457176208496,-1705.68,-0.04395709072964059,16.410919229189556,0.3505711257457733,0.014564683955136893,0.0842013888888889,1725,160.4674731587456,0.3035702705383301
1726,11706.279,1755.8233333333328,7121.333333333331,100,100,1086,4.721088027478664,6.557397176181705,5.3986310958862305,-1755.8233333333328,-0.01784710750422057,25.007593098808737,0.33881725020268383,0.021222299712997696,0.0824240985162118,1726,160.47695106116996,0.3035702705383301
1727,11712.459,1703.5933333333332,7155.999999999998,100,100,1089,4.768811847139714,6.571166207529842,5.475571632385254,-1703.5933333333332,-0.025072039260218542,12.516310432615379,0.35265380966787535,0.011753102133904273,0.0837673611111111,1727,160.4852608152682,0.3035702705383301
1728,11718.628,1644.34,7085.666666666669,100,100,1090,4.761993397377568,6.500611620795109,5.455018043518066,-1644.34,-0.04627845550162925,23.157759692933823,0.3611089698857136,0.022432623424619023,0.0859375,1728,160.49378799099009,0.3035702705383301
1729,11724.769,1783.0966666666666,7324.999999999999,100,100,1090,4.725143212585821,6.720183486238532,5.427549600601196,-1783.0966666666666,-0.03249429083532757,18.85998230510288,0.3669420861535602,0.01970396983799421,0.09505208333333333,1729,160.50270177948815,0.3035702705383301
1730,11737.774,1713.1399999999996,7220.0,100,100,1091,4.413218423553446,6.617781851512374,5.077821969985962,-1713.1399999999996,-0.002168437052104208,13.97505259513855,0.36912744326723945,0.009055014774073951,0.08159722222222222,1730,160.5167097109616,0.3035702705383301
1731,11743.841,1735.2566666666673,7264.0,100,100,1086,4.700481032345506,6.688766114180479,5.370533227920532,-1735.2566666666673,-0.008635033524649985,20.65850008235258,0.39333870218080635,0.008405922247809084,0.0631226279279765,1731,160.4274139579782,0.3035702705383301
1732,11749.972,1710.0533333333337,7135.3333333333285,100,100,1087,4.753639467558356,6.564244096902786,5.443195819854736,-1710.0533333333337,-0.01809567166492343,12.133732459124397,0.4178977705100003,0.016028286943979123,0.07544059328296605,1732,160.43621673409544,0.3035702705383301
1733,11756.097,1731.0666666666668,7171.000000000001,100,100,1089,4.743311111409049,6.58494031221304,5.43405818939209,-1731.0666666666668,-0.01050435164425936,15.412924155980969,0.373957473370764,0.00351519320328306,0.06336805555555555,1733,160.44525973107065,0.3035702705383301
1734,11762.236,1783.273333333333,7235.999999999996,100,100,1089,4.730283472767396,6.64462809917355,5.42116379737854,-1783.273333333333,-0.027695178882115416,20.656574652426773,0.41720562593804467,0.015640050049922947,0.08289930555555555,1734,160.45410456112458,0.3035702705383301
1735,11768.401,1698.6533333333332,7236.333333333333,100,100,1090,4.732376328613951,6.638837920489296,5.429765939712524,-1698.6533333333332,-0.01716560001174609,16.436010069317287,0.45055009259117973,0.008567060169298202,0.08159722222222222,1735,160.4626606770513,0.3035702705383301
1736,11774.539,1763.1566666666668,7229.666666666669,100,100,1091,4.7405858863039265,6.626642224259092,5.450575828552246,-1763.1566666666668,-0.026230922175778285,16.972336173057556,0.4335753990130292,0.022272803012229916,0.08203125,1736,160.4716865081581,0.3035702705383301
1737,11780.737,1686.8666666666663,7153.666666666664,100,100,1090,4.752854770583468,6.562996941896023,5.4631428718566895,-1686.8666666666663,0.013268816595276197,13.982295297914082,0.41005676075453973,0.01675845917391901,0.09461805555555555,1737,160.47976677808344,0.3035702705383301
1738,11786.843,1744.55,7194.333333333333,100,100,1088,4.731869208733449,6.612438725490196,5.422466278076172,-1744.55,-0.014299926293246886,16.910441314472873,0.43494654403013344,0.008680351633195053,0.06985294117647059,1738,160.48895876373564,0.3035702705383301
1739,11792.988,1670.246666666667,7054.333333333338,100,100,1089,4.722700828021004,6.4778083868993,5.409963607788086,-1670.246666666667,-0.0030483384099271563,20.018493334452312,0.447759546753433,0.007124947681505647,0.0681423611111111,1739,160.4976639152012,0.3035702705383301
1740,11806.011,1631.253333333333,7108.333333333333,100,100,1090,4.404215228107305,6.5214067278287455,5.068555116653442,-1631.253333333333,-0.032171527648137674,12.181570390032398,0.39367443175508676,0.0055244401090830154,0.10460069444444445,1740,160.51132672932354,0.3035702705383301
1741,11812.139,1703.9600000000003,7160.000000000001,100,100,1090,4.721709632596702,6.568807339449542,5.415372848510742,-1703.9600000000003,-0.04690422717895773,11.606772409545052,0.39342298700163764,0.007118035269538975,0.07335069444444445,1741,160.42200533484427,0.3035702705383301
1742,11818.219,1697.6733333333334,7027.000000000003,100,100,1087,4.703589052449408,6.464581416743333,5.384490728378296,-1697.6733333333334,-0.01605168141095954,12.238037445965935,0.38308198311749625,0.013167139789883923,0.06852532704086865,1742,160.4314450344622,0.3035702705383301
1743,11824.379,1716.2866666666662,7122.999999999999,100,100,1089,4.760007715965317,6.540863177226813,5.457762718200684,-1716.2866666666662,0.0063057153796156245,10.236938314512372,0.4322833711361968,0.011438760259706113,0.07725694444444445,1743,160.43997438264068,0.3035702705383301
1744,11830.467,1635.3166666666668,6942.000000000002,100,100,1087,4.711603681452353,6.386384544618217,5.387014627456665,-1635.3166666666668,-0.01847419293378206,11.672497286516077,0.3905349102090387,0.0066599127398256,0.07364612554802615,1744,160.44928696108911,0.3035702705383301
1745,11836.623,1627.4066666666665,6943.333333333335,100,100,1089,4.742473185779073,6.37588001224365,5.437904596328735,-1627.4066666666665,-0.0008828499250941806,13.384110735522377,0.36027651611301637,0.02250970894884732,0.06944444444444445,1745,160.45783861901586,0.3035702705383301
1746,11842.737,1676.1966666666676,7029.333333333336,100,100,1087,4.733994111792281,6.466727997546767,5.417798280715942,-1676.1966666666676,-0.010733556057162145,17.98169396905338,0.35385095722535076,0.019182323053588763,0.08743289025390849,1746,160.466795989243,0.3035702705383301
1747,11848.858,1729.943333333334,7229.000000000002,100,100,1088,4.74499154209779,6.644301470588237,5.4338274002075195,-1729.943333333334,-0.012257786577238756,15.411876538220573,0.38659633433117585,0.03725959496531526,0.10018382352941177,1747,160.4757147539474,0.3035702705383301
1748,11854.993,1753.2499999999993,7207.666666666662,100,100,1090,4.740827062718331,6.61253822629969,5.433775424957275,-1753.2499999999993,-0.04465312189939949,12.939208540651533,0.3322964948037945,0.015603038191329688,0.08159722222222222,1748,160.4846152947443,0.3035702705383301
1749,11861.141,1640.453333333333,7111.666666666666,100,100,1089,4.737460695115612,6.530456075910621,5.4333720207214355,-1640.453333333333,0.04641059413552284,18.70131715138753,0.38336051669385696,0.03558763165427889,0.0998263888888889,1749,160.49324946459194,0.3035702705383301
1750,11874.144,1747.743333333334,7260.333333333334,100,100,1086,4.420565102617282,6.685389809699203,5.068040609359741,-1747.743333333334,-0.01720893829513122,15.264171516194063,0.33827046567902846,0.024411551537923515,0.06819259945084066,1750,160.5066035201964,0.3035702705383301
1751,11880.244,1744.0633333333337,7117.333333333334,100,100,1085,4.73165889420817,6.559754224270354,5.404155969619751,-1744.0633333333337,-0.01409579542301157,16.830331325531006,0.34574082230820374,0.027713360992493108,0.09399861338384011,1751,160.4179215989801,0.3035702705383301
1752,11886.434,1718.773333333333,7126.666666666663,100,100,1089,4.766934711222697,6.544230180593814,5.477168083190918,-1718.773333333333,0.030576566544671852,15.292120749751726,0.32001780693705467,0.01585781100826959,0.07335069444444445,1752,160.42599473606774,0.3035702705383301
1753,11892.57,1641.6533333333332,6924.999999999999,100,100,1089,4.721251150030434,6.359044995408631,5.4269678592681885,-1641.6533333333332,0.07335926245691048,22.281589946813053,0.3152599525120523,0.019569700173128188,0.06944444444444445,1753,160.4347982024569,0.3035702705383301
1754,11898.759,1719.233333333334,7237.0,100,100,1089,4.721657299249338,6.6455463728191,5.4365153312683105,-1719.233333333334,-0.041952747903350324,13.222914844751358,0.2944349305083354,0.01118844399590873,0.0724826388888889,1754,160.44286532631972,0.3035702705383301
1755,11904.862,1720.966666666666,7141.33333333333,100,100,1090,4.687837617249664,6.551681957186542,5.38528299331665,-1720.966666666666,0.03726157939268483,13.29280247953203,0.3465355870624383,0.016009371743873797,0.0993923611111111,1755,160.45217151530403,0.3035702705383301
1756,11911.014,1782.4600000000005,7180.000000000002,100,100,1090,4.719286881613656,6.587155963302754,5.425344228744507,-1782.4600000000005,-0.005025213894744714,19.36307238207923,0.264255883379115,0.022189568692637194,0.07899305555555555,1756,160.4608106398411,0.3035702705383301
1757,11917.161,1790.9266666666665,7255.000000000002,100,100,1089,4.720465932853855,6.662075298438936,5.425548315048218,-1790.9266666666665,-0.08432542392984033,30.85794554816352,0.2661993172433641,0.026851516385148797,0.0646701388888889,1757,160.4694394075126,0.3035702705383301
1758,11923.202,1649.0633333333335,7083.999999999999,100,100,1090,4.668200274485104,6.499082568807339,5.352694988250732,-1649.0633333333335,-0.020101549440167017,21.842316263251835,0.2903178993276217,0.004759761653581841,0.06684027777777778,1758,160.4795463400271,0.3035702705383301
1759,11929.273,1721.6600000000005,7101.000000000001,100,100,1089,4.682549494925863,6.5206611570247945,5.374059438705444,-1721.6600000000005,-0.02465908746752474,13.04394687546624,0.2891862327426982,0.008939755702158436,0.07508680555555555,1759,160.48916226088625,0.3035702705383301
1760,11942.202,1627.256666666667,6943.666666666666,100,100,1091,4.4084247487650945,6.3644974029941945,5.081515312194824,-1627.256666666667,-0.03602862669827624,15.3253642850452,0.2796117272745404,0.008904370126805993,0.059027777777777776,1760,160.50336678589665,0.3035702705383301
1761,11948.339,1711.333333333334,7068.666666666669,100,100,1085,4.755341844023785,6.514900153609833,5.449028968811035,-1711.333333333334,-0.011598178596400163,22.001771702485925,0.3151372780694681,0.014576655490707387,0.0774996981901281,1761,160.41519029149504,0.3035702705383301
1762,11954.425,1747.0699999999997,7260.333333333334,100,100,1087,4.730138087622897,6.679239497086784,5.4141271114349365,-1747.0699999999997,-0.014330116812797153,14.760737671571619,0.3420453956898521,0.007184973667950972,0.06807306282879676,1762,160.42445152024172,0.3035702705383301
1763,11960.541,1611.6033333333335,6978.000000000002,100,100,1087,4.73468611091838,6.419503219871207,5.421172857284546,-1611.6033333333335,-0.018154119442710104,17.817782542284796,0.3535947957459618,0.004684136704514351,0.07732989091206999,1763,160.4332993338592,0.3035702705383301
1764,11966.652,1707.279999999999,7097.666666666668,100,100,1089,4.7120220356905635,6.517600244872973,5.398344993591309,-1707.279999999999,-0.016135011851373646,15.184570046866106,0.30572789752235013,0.018773872191862512,0.07855902777777778,1764,160.44236605258868,0.3035702705383301
1765,11972.777,1625.3233333333337,6982.333333333335,100,100,1090,4.725733669389278,6.405810397553518,5.421032428741455,-1625.3233333333337,-0.0462587404375275,16.187909642855328,0.33257272508409286,0.009077903387757639,0.061197916666666664,1765,160.4513315259992,0.3035702705383301
1766,11978.891,1594.55,6974.333333333332,100,100,1086,4.725972742560915,6.422038060159606,5.4023659229278564,-1594.55,-0.016479811576359412,19.64965290181777,0.33856283215915456,0.013030125673942487,0.08063033661421608,1766,160.46009737396707,0.3035702705383301
1767,11984.971,1687.2833333333322,7081.999999999998,100,100,1087,4.72597718532707,6.515179392824285,5.3987438678741455,-1687.2833333333322,-0.014244959675980842,15.310844870174632,0.3271474934676114,0.015764714328243452,0.06718312357278432,1767,160.46940338248922,0.3035702705383301
1768,11991.098,1611.8999999999996,6959.666666666666,100,100,1088,4.747737040708992,6.396752450980392,5.438232183456421,-1611.8999999999996,-0.016279013772659442,11.545426480910358,0.3176492259782903,0.006997836568831082,0.06525735294117647,1768,160.47813522701057,0.3035702705383301
1769,11997.223,1737.1733333333334,7243.000000000002,100,100,1090,4.718756238041326,6.644954128440369,5.414296627044678,-1737.1733333333334,-0.007677474524825811,17.507409652074177,0.3137728294564618,0.012993402222895788,0.06163194444444445,1769,160.4870556500798,0.3035702705383301
1770,12010.281,1680.3500000000004,7028.666666666668,100,100,1089,4.43450826681172,6.454239363330274,5.100049018859863,-1680.3500000000004,-0.022689777633382216,12.54233749045266,0.29382620653551483,0.011484020612745857,0.0681423611111111,1770,160.50019000037096,0.3035702705383301
1771,12016.42,1641.0633333333335,6956.000000000004,100,100,1088,4.763726653169108,6.39338235294118,5.451433420181274,-1641.0633333333335,-0.015967799460186678,21.898222586687872,0.31879789645180984,0.002917633515180034,0.06020220588235294,1771,160.41183187353212,0.3035702705383301
1772,12022.562,1677.24,7030.333333333335,100,100,1090,4.728128441284761,6.449847094801225,5.424138069152832,-1677.24,0.012302143447515037,14.575433037347263,0.2845680217177335,0.009868823774417656,0.07899305555555555,1772,160.4205509001156,0.3035702705383301
1773,12028.733,1683.8733333333332,7078.333333333332,100,100,1091,4.736588635301776,6.487931561258783,5.439346075057983,-1683.8733333333332,-0.05353736003032989,12.559080044428507,0.3238545039461719,0.017756055917642597,0.06293402777777778,1773,160.42895935051956,0.3035702705383301
1774,12034.868,1674.1233333333334,7080.999999999998,100,100,1086,4.741840425027195,6.52025782688766,5.42147159576416,-1674.1233333333334,-0.012586775728884865,13.344570538576912,0.28938041232964573,0.009984175309963414,0.061669829137185043,1774,160.43740135351965,0.3035702705383301
1775,12041.071,1682.3066666666664,7206.333333333334,100,100,1089,4.776166575807733,6.617385981022346,5.477436780929565,-1682.3066666666664,-0.0018327401485294104,13.547149247179428,0.29299417281195084,0.005638391969518529,0.06076388888888889,1775,160.44520171614494,0.3035702705383301
1776,12047.205,1684.4800000000005,7022.333333333333,100,100,1091,4.737718147972614,6.436602505346777,5.435575723648071,-1684.4800000000005,0.002788516641077068,20.149444077991777,0.3051684469812446,0.024093947767849185,0.05946180555555555,1776,160.4540612108728,0.3035702705383301
1777,12053.322,1684.1533333333332,7080.000000000001,100,100,1088,4.759377759482424,6.507352941176471,5.456934452056885,-1684.1533333333332,-0.014951543992056567,14.451896022347842,0.2953243891105932,0.024464851034709308,0.08455882352941177,1777,160.46291504132876,0.3035702705383301
1778,12059.463,1733.0499999999997,7143.666666666664,100,100,1091,4.741187900344062,6.5478154598227905,5.444518089294434,-1733.0499999999997,-0.05071319236109654,18.010313050614464,0.25161797511908746,0.015176615237982737,0.07118055555555555,1778,160.4716653397661,0.3035702705383301
1779,12065.548,1737.9233333333334,7107.000000000001,100,100,1091,4.69340063923053,6.514207149404217,5.3887939453125,-1737.9233333333334,-0.010694297651449839,26.206243104404873,0.3011609555946456,0.033127753445619926,0.08550347222222222,1779,160.48115038423344,0.3035702705383301
1780,12078.491,1655.7433333333333,7011.000000000001,100,100,1087,4.40315133292252,6.44986200551978,5.055216073989868,-1655.7433333333333,-0.014482129200854722,16.81949525720933,0.2937784554327236,0.016848160679835605,0.07038544611457516,1780,160.49483734318775,0.3035702705383301
1781,12084.622,1706.5866666666675,7006.333333333336,100,100,1088,4.755731984165751,6.43964460784314,5.454721689224243,-1706.5866666666675,-0.01668934359708253,19.681910262388342,0.311725906589452,0.017492395407958505,0.08915441176470588,1781,160.40784961232524,0.3035702705383301
1782,12090.747,1885.8966666666665,7321.999999999999,100,100,1091,4.709122090952131,6.711274060494958,5.408127546310425,-1885.8966666666665,-0.026434489008453157,47.44758028454251,0.2925044799016582,0.015509408019069169,0.07378472222222222,1782,160.41680233223673,0.3035702705383301
1783,12096.923,1634.6533333333327,6941.666666666666,100,100,1091,4.757609256346028,6.3626642224259085,5.468005418777466,-1634.6533333333327,-0.019507554126903415,16.03508268462287,0.373855150408215,0.0032818557196555454,0.07074652777777778,1783,160.42509922713094,0.3035702705383301
1784,12103.045,1727.523333333334,7181.3333333333385,100,100,1088,4.7178750931326405,6.600490196078436,5.403715372085571,-1727.523333333334,-0.015204470111604999,16.13463275572833,0.2965308528612642,0.009393433543771286,0.06939338235294118,1784,160.43384949608406,0.3035702705383301
1785,12109.15,1720.9533333333334,7186.000000000002,100,100,1089,4.7044355363035155,6.598714416896237,5.396784782409668,-1720.9533333333334,0.03191360551863909,14.81748538547092,0.28229249029633746,0.01804146563841237,0.07899305555555555,1785,160.44288906185622,0.3035702705383301
1786,12115.274,1831.6199999999994,7300.666666666663,100,100,1089,4.715391735548857,6.704009794918883,5.4083616733551025,-1831.6199999999994,0.02939571761008766,20.19364156656795,0.29956646837494305,0.02294811303080577,0.0859375,1786,160.4516782062323,0.3035702705383301
1787,12121.4,1834.64,7270.333333333333,100,100,1086,4.737300551316356,6.694597912829956,5.426360368728638,-1834.64,-0.01214481150621877,20.48664067773258,0.3483808890861623,0.022731210067457354,0.06036527498680003,1787,160.46017197349022,0.3035702705383301
1788,12127.531,1875.8,7418.333333333329,100,100,1090,4.7100874305907805,6.805810397553513,5.410807847976685,-1875.8,-0.013338864858572682,30.53928381866879,0.2751817998165886,0.03123690907765801,0.09678819444444445,1788,160.46893813633338,0.3035702705383301
1789,12133.633,1664.9566666666672,7089.0,100,100,1087,4.716961178928614,6.521619135234591,5.402509689331055,-1664.9566666666672,-0.014292079092496458,21.352436907151166,0.27080917139263716,0.00503358117181479,0.06348476920496016,1789,160.4778263748768,0.3035702705383301
1790,12146.477,1660.9966666666671,7034.3333333333385,100,100,1085,4.386536405670719,6.483256528417823,5.018862962722778,-1660.9966666666671,-0.014562603990163873,27.614192429710837,0.34021789405275793,0.013746614992508994,0.08255484524895162,1790,160.4917082457999,0.3035702705383301
1791,12152.636,1855.6600000000005,7413.000000000001,100,100,1091,4.711406232766111,6.794683776351971,5.417904853820801,-1855.6600000000005,-0.015830021868977282,19.07043210665385,0.3309927081896199,0.0174454642797678,0.07913773175742891,1791,160.40594475090103,0.3035702705383301
1792,12158.746,1731.8433333333332,7034.000000000001,100,100,1089,4.701058767822334,6.459136822773187,5.3916356563568115,-1731.8433333333332,-0.022023836978607707,17.436389830377365,0.29469021989239585,0.028583669640486024,0.0642361111111111,1792,160.41489217610606,0.3035702705383301
1793,12164.952,1879.5566666666666,7317.666666666666,100,100,1090,4.740842296037003,6.7134556574923545,5.455782413482666,-1879.5566666666666,0.008979768078360293,43.52942130300734,0.28562267621358234,0.026839997625858005,0.09244791666666667,1793,160.42266387824748,0.3035702705383301
1794,12171.056,1732.4899999999998,7142.666666666667,100,100,1084,4.73619501855623,6.589175891758918,5.404850959777832,-1732.4899999999998,-0.014013974379528971,16.064149576074936,0.3118167686111787,0.012792575128568226,0.062438725767766726,1794,160.43127263294986,0.3035702705383301
1795,12177.148,1709.1333333333343,7096.666666666671,100,100,1090,4.694172111019458,6.510703363914376,5.381757020950317,-1709.1333333333343,0.015946392306230135,16.540133264329697,0.31677934486760484,0.005733366577058203,0.06553819444444445,1795,160.44051709405664,0.3035702705383301
1796,12183.278,1803.3200000000004,7268.666666666667,100,100,1088,4.716757537821917,6.6807598039215685,5.412398815155029,-1803.3200000000004,-0.016132330631508547,30.070221003364114,0.3425605638938792,0.007391146692337797,0.06893382352941177,1796,160.44910630176182,0.3035702705383301
1797,12189.357,1777.0033333333333,7317.000000000002,100,100,1088,4.722216636604143,6.725183823529413,5.4145166873931885,-1777.0033333333333,-0.014261347132132333,16.641290552475873,0.33640473292154427,0.014731085321674234,0.07628676470588236,1797,160.4583441737826,0.3035702705383301
1798,12195.502,1822.6766666666663,7110.333333333331,100,100,1089,4.727457024099748,6.529231711049891,5.439701080322266,-1822.6766666666663,0.032764476982669696,26.479591965675354,0.3005770520822403,0.01098961991051005,0.0646701388888889,1798,160.4667845123071,0.3035702705383301
1799,12201.576,1769.3966666666674,7197.666666666668,100,100,1090,4.679007980643575,6.60336391437309,5.375089883804321,-1769.3966666666674,-0.006653628312051296,11.922710445192125,0.33813784255936397,0.005684812469957655,0.08246527777777778,1799,160.47623307770738,0.3035702705383301
1800,12214.615,1675.3199999999997,7107.666666666667,100,100,1090,4.4257386230838,6.520795107033639,5.09419059753418,-1675.3199999999997,-0.05363247905754381,49.59844394193755,0.40223870591984856,0.008499764620662771,0.0625,1800,160.48898433300639,0.3035702705383301
1801,12220.807,1664.41,7118.0,100,100,1090,4.76243550432077,6.530275229357798,5.459051132202148,-1664.41,0.008423293164620796,22.24493145942688,0.39426508069866234,0.004775649887354423,0.06553819444444445,1801,160.4020968601371,0.3035702705383301
1802,12226.923,1740.4466666666672,7140.333333333334,100,100,1088,4.723117098739535,6.56280637254902,5.406982421875,-1740.4466666666672,-0.013636822182246867,15.734817645129036,0.3883373789927539,0.012302924536497277,0.08088235294117647,1802,160.41083565852128,0.3035702705383301
1803,12233.058,1732.526666666667,7193.0000000000055,100,100,1086,4.767831950920118,6.623388581952123,5.453712701797485,-1732.526666666667,-0.0124256729887908,18.717688167796414,0.40605634100296917,0.01093983185445027,0.09302360038546954,1803,160.41917093817545,0.3035702705383301
1804,12239.198,1621.553333333333,7044.6666666666715,100,100,1089,4.739104958376834,6.468931741659019,5.420660495758057,-1621.553333333333,-0.05339069299710294,25.449863880872726,0.389323986624605,0.007921835579003932,0.07291666666666667,1804,160.42766669860413,0.3035702705383301
1805,12245.361,1752.896666666666,7258.33333333333,100,100,1089,4.741353352376259,6.665136210590753,5.450534343719482,-1752.896666666666,-0.012189923785626888,16.019893619749283,0.3633869398270488,0.015920332374258175,0.07378472222222222,1805,160.43586170011474,0.3035702705383301
1806,12251.49,1714.0033333333333,7042.666666666669,100,100,1090,4.69976486029411,6.461162079510705,5.405072927474976,-1714.0033333333333,0.005347350715763039,12.793984399901497,0.42804767108625835,0.006202011411207625,0.0642361111111111,1806,160.44456874780232,0.3035702705383301
1807,12257.683,1737.1700000000003,7150.333333333333,100,100,1089,4.744509459944413,6.565962656871747,5.454178810119629,-1737.1700000000003,0.025159983947459195,16.51201946205563,0.3985291124942402,0.011241891272624748,0.05381944444444445,1807,160.4523409309349,0.3035702705383301
1808,12263.853,1706.7166666666665,7096.333333333331,100,100,1089,4.735769330899345,6.516375880012242,5.439110517501831,-1706.7166666666665,-0.028636855745895043,15.20939578447077,0.417954664858472,0.011567096287358759,0.06987847222222222,1808,160.46043075192244,0.3035702705383301
1809,12269.972,1748.8533333333337,7201.666666666666,100,100,1088,4.721263788536923,6.6191789215686265,5.417365074157715,-1748.8533333333337,-0.01375740026945577,21.346723360173844,0.39947034155621247,0.00861021933858009,0.07766544117647059,1809,160.4690667015479,0.3035702705383301
1810,12282.992,1839.6066666666668,7348.000000000001,100,100,1089,4.407753902265102,6.747474747474748,5.0876312255859375,-1839.6066666666668,-0.12765749600819415,31.015199581782024,0.41600204538553953,0.014820992949858515,0.07378472222222222,1810,160.48191377204944,0.3035702705383301
1811,12289.186,1688.7866666666669,7109.666666666668,100,100,1090,4.758602292426443,6.522629969418961,5.468561887741089,-1688.7866666666669,0.007114290001077784,14.803956422540876,0.38072093320240835,0.014834451141521439,0.06293402777777778,1811,160.39549899482697,0.3035702705383301
1812,12295.263,1672.8266666666675,7114.000000000002,100,100,1086,4.724412982315203,6.5506445672191544,5.40552830696106,-1672.8266666666675,-0.02004090417176485,25.88509983174941,0.40517044856267814,0.007814375087892747,0.07416686415672302,1812,160.40454516660287,0.3035702705383301
1813,12301.394,1665.8533333333344,7143.666666666669,100,100,1091,4.711396701328327,6.547815459822795,5.4157493114471436,-1665.8533333333344,-0.02038517899604307,19.244233402940964,0.3871046379208565,0.00706809309647522,0.09288194527228673,1813,160.41328231845247,0.3035702705383301
1814,12307.541,1868.4766666666678,7367.000000000003,100,100,1089,4.713212031506761,6.764921946740131,5.416426181793213,-1868.4766666666678,-0.04876086622890499,35.1696945561303,0.34179521693537634,0.0149624506820045,0.07074652777777778,1814,160.4216597337493,0.3035702705383301
1815,12313.682,1709.44,7020.666666666666,100,100,1090,4.718208806311558,6.44097859327217,5.420994520187378,-1709.44,-0.008954421306649843,14.045352909300062,0.3303751353588369,0.01748153195351026,0.07118055555555555,1815,160.43015746677193,0.3035702705383301
1816,12319.851,1838.9300000000005,7270.66666666667,100,100,1089,4.749111664101748,6.676461585552498,5.455363035202026,-1838.9300000000005,0.02795166075358995,18.18262513897692,0.3061872411182978,0.01693706927148418,0.06163194444444445,1816,160.4382221142603,0.3035702705383301
1817,12325.973,1867.9766666666674,7420.3333333333385,100,100,1090,4.693965229137433,6.807645259938843,5.389855861663818,-1867.9766666666674,-0.0012157235501541032,16.67938756942749,0.3176802438166406,0.010220940551435988,0.06510416666666667,1817,160.44697463660248,0.3035702705383301
1818,12332.087,1723.509999999999,7283.6666666666615,100,100,1087,4.726200737658864,6.700705305121124,5.408989906311035,-1723.509999999999,-0.014004081871141405,21.978394312017105,0.3454138855723774,0.006682212372063933,0.056569503072430104,1818,160.45556250177032,0.3035702705383301
1819,12338.197,1854.756666666667,7322.999999999999,100,100,1087,4.720799170825168,6.736890524379024,5.402774333953857,-1854.756666666667,-0.013435665079775979,22.52036947362563,0.34408291560762067,0.014096074847175795,0.06718312357278432,1819,160.46421764940413,0.3035702705383301
1820,12351.158,1670.5800000000004,7170.666666666668,100,100,1090,4.3818985332025715,6.578593272171255,5.046593427658081,-1670.5800000000004,-0.010328872646722529,31.556976278622944,0.373104957346287,0.014075895913669633,0.06163194444444445,1820,160.47751961876693,0.3035702705383301
1821,12357.333,1798.343333333334,7347.666666666666,100,100,1090,4.759111099047672,6.740978593272171,5.460870265960693,-1798.343333333334,0.012747327797114849,16.255300760269165,0.39705152354306644,0.009858284608021172,0.05859375,1821,160.39213069433853,0.3035702705383301
1822,12363.416,1772.1400000000003,7222.666666666669,100,100,1089,4.685204224365946,6.632384450566271,5.367550373077393,-1772.1400000000003,-0.07980579849229091,16.624508115980362,0.3237806358218525,0.01697026440686184,0.0685763888888889,1822,160.40129421809573,0.3035702705383301
1823,12369.518,1647.4100000000008,7074.000000000005,100,100,1088,4.718537041352486,6.501838235294122,5.408008337020874,-1647.4100000000008,-0.015778666499125606,13.294024916256175,0.31222399236524806,0.007558363753453116,0.06893382352941177,1823,160.4101301175938,0.3035702705383301
1824,12375.671,1763.9133333333332,7261.999999999998,100,100,1088,4.734555880585343,6.674632352941175,5.436609506607056,-1763.9133333333332,-0.01573273210841067,17.144555736990537,0.284550696173135,0.019090677361579284,0.0666360294117647,1824,160.4183110739569,0.3035702705383301
1825,12381.815,1733.3266666666668,7207.666666666668,100,100,1089,4.729815516954406,6.6186103458830745,5.426856756210327,-1733.3266666666668,0.051169550279155374,15.616545524448156,0.2915317856596731,0.007785293921996426,0.0625,1825,160.4266459825604,0.3035702705383301
1826,12387.926,1841.1266666666663,7211.333333333334,100,100,1087,4.71837488697069,6.634161300214658,5.405294418334961,-1841.1266666666663,-0.01747527767849319,31.589877352995032,0.2874540178214802,0.019129458845675212,0.081910889595747,1826,160.43525378322283,0.3035702705383301
1827,12394.099,1757.5266666666669,7186.999999999996,100,100,1091,4.733348852595422,6.587534372135652,5.444163084030151,-1757.5266666666669,-0.0037323220943411193,17.79702611764272,0.29624715861346984,0.01840213645805812,0.06944444444444445,1827,160.44337306452468,0.3035702705383301
1828,12400.173,1770.2466666666667,7211.333333333332,100,100,1088,4.724778035404811,6.628063725490195,5.407541990280151,-1770.2466666666667,-0.013663998804986477,18.13000707065358,0.3006097718196757,0.012782517334391527,0.07123161764705882,1828,160.4525149599124,0.3035702705383301
1829,12406.186,1759.1866666666672,7248.333333333335,100,100,1086,4.684029006280012,6.674340085942298,5.347937822341919,-1759.1866666666672,-0.01128747106036719,14.796501384061926,0.2714683799182667,0.012740896891473848,0.07421133754884496,1829,160.46230575313564,0.3035702705383301
1830,12419.007,1777.483333333333,7224.66666666666,100,100,1087,4.361548296946145,6.646427476234278,5.0100555419921875,-1777.483333333333,-0.014867141295005293,13.386013199301328,0.25493694315938387,0.0176083278732703,0.07085229943999473,1830,160.47633455247095,0.3035702705383301
1831,12425.109,1761.9066666666663,7087.333333333332,100,100,1088,4.713352482961936,6.514093137254901,5.401392459869385,-1761.9066666666663,-0.012867283952586791,13.957505156012143,0.24501634432989008,0.01827453217907425,0.07215073529411764,1831,160.39295555846107,0.3035702705383301
1832,12431.233,1716.0866666666664,7119.333333333332,100,100,1092,4.7122061344489605,6.519536019536019,5.408536672592163,-1716.0866666666664,-0.01751173349718253,20.559601969189114,0.22640443218147588,0.016723911070989236,0.061197916666666664,1832,160.40178930263514,0.3035702705383301
1833,12437.351,1747.3066666666668,7172.333333333331,100,100,1088,4.721632354630856,6.5922181372549,5.406802177429199,-1747.3066666666668,-0.01598381163442836,16.20971954570097,0.23877590894699097,0.007262188133181018,0.06525735294117647,1833,160.41035835981455,0.3035702705383301
1834,12443.48,1796.416666666667,7271.000000000004,100,100,1088,4.720373439019621,6.682904411764709,5.406862020492554,-1796.416666666667,-0.014233895248788245,15.14827390278087,0.21785164010875366,0.012263357101747877,0.057904411764705885,1834,160.41878685096805,0.3035702705383301
1835,12449.599,1650.026666666667,6994.66666666667,100,100,1089,4.713036087226153,6.423018059381699,5.3991920948028564,-1650.026666666667,-0.03442163517077764,18.558466752370197,0.2519117332994938,0.01219176535636911,0.05946180555555555,1835,160.42741523024299,0.3035702705383301
1836,12455.692,1755.8633333333328,7167.666666666663,100,100,1087,4.705520884820158,6.59398957375038,5.384228944778442,-1755.8633333333328,-0.011378433445797247,15.074646136339974,0.2422102483756402,0.01809328475022031,0.06255835689166013,1836,160.43622209126264,0.3035702705383301
1837,12461.851,1701.6733333333325,7053.666666666665,100,100,1090,4.745168989596872,6.471253822629968,5.4459943771362305,-1701.6733333333325,0.019612794948948756,12.49048763513565,0.2198220139576329,0.009820566566001313,0.07378472222222222,1837,160.44439868380894,0.3035702705383301
1838,12467.928,1697.3900000000008,7086.000000000002,100,100,1085,4.714260369534969,6.530875576036868,5.381062746047974,-1697.3900000000008,-0.009372338762178141,16.779340183033664,0.20624305483172922,0.019234728424207252,0.05677434867795776,1838,160.45321024995852,0.3035702705383301
1839,12474.059,1663.4633333333325,7114.666666666667,100,100,1088,4.738064522290883,6.53921568627451,5.427073955535889,-1663.4633333333325,-0.013023290235330076,23.21953748254215,0.1970796203788589,0.018431925386026064,0.06158088235294118,1839,160.46156835459956,0.3035702705383301
1840,12487.037,1768.736666666667,7210.666666666664,100,100,1091,4.357956644355923,6.609227008860371,5.015252590179443,-1768.736666666667,-0.03359042899683118,13.86267704433865,0.21061671507130894,0.011824586118261019,0.08318865795930226,1840,160.47509853635088,0.3035702705383301
1841,12493.203,1691.4300000000003,7191.333333333336,100,100,1090,4.724835137486322,6.597553516819574,5.414717435836792,-1691.4300000000003,-0.005740495631471276,24.64382110701667,0.1871634804022809,0.005302123932374848,0.05772569444444445,1841,160.39025033250553,0.3035702705383301
1842,12499.326,1686.7166666666674,7151.333333333338,100,100,1092,4.713090200505079,6.548840048840053,5.412640571594238,-1686.7166666666674,-0.024756392205340996,13.291502972443899,0.22302542615862977,0.011976776340614177,0.0625,1842,160.39905293000348,0.3035702705383301
1843,12505.534,1734.4199999999996,7225.0,100,100,1092,4.775808057291502,6.616300366300366,5.498872518539429,-1734.4199999999996,-0.029389227223065164,12.739019884003532,0.21720208703643745,0.007733230048971664,0.06770833333333333,1843,160.4067459380346,0.3035702705383301
1844,12511.647,1717.8266666666668,7221.000000000003,100,100,1089,4.724916252966104,6.63085399449036,5.412575006484985,-1717.8266666666668,0.0619925819337368,16.784387219283317,0.22252431531129938,0.013385328131132863,0.06336805555555555,1844,160.4154176171714,0.3035702705383301
1845,12517.79,1779.6200000000008,7208.000000000006,100,100,1089,4.728182185936421,6.618916437098261,5.426027774810791,-1779.6200000000008,-0.07059466124822696,29.918540434704887,0.19592096553080612,0.015913595561869442,0.06727430555555555,1845,160.42368618528883,0.3035702705383301
1846,12523.943,1617.4966666666671,6943.666666666667,100,100,1089,4.740771992325345,6.376186103458831,5.428159952163696,-1617.4966666666671,0.0029366979530702033,20.253406981627148,0.23411950882938173,0.016327144067165338,0.04774305555555555,1846,160.43182126563357,0.3035702705383301
1847,12530.075,1696.306666666667,7137.333333333334,100,100,1089,4.719797521081297,6.554025099479645,5.401826620101929,-1696.306666666667,0.02069148038410478,12.16106924869948,0.21585556304606288,0.04316934283512334,0.09071180555555555,1847,160.44021525364604,0.3035702705383301
1848,12536.248,1778.4233333333336,7285.999999999999,100,100,1089,4.77222011072255,6.690541781450872,5.480395317077637,-1778.4233333333336,-0.07163145072344276,17.33012510670556,0.21336665830227097,0.010232473985524848,0.059027777777777776,1848,160.4480823688588,0.3035702705383301
1849,12542.331,1716.6833333333336,7149.999999999997,100,100,1087,4.729099999239331,6.577736890524377,5.409469127655029,-1716.6833333333336,-0.012258435626897742,15.172189600327435,0.1825111968552365,0.013647680985741317,0.04645191423375817,1849,160.45694917285084,0.3035702705383301
1850,12555.285,1815.7533333333342,7414.000000000003,100,100,1090,4.397348899270383,6.8018348623853235,5.068931579589844,-1815.7533333333342,0.0055042845714423395,18.990712457233005,0.16380421010156473,0.016614708338036306,0.055989583333333336,1850,160.46995564784436,0.3035702705383301
1851,12561.415,1778.3433333333323,7326.3333333333285,100,100,1085,4.762384607048903,6.752380952380948,5.441038131713867,-1778.3433333333323,-0.013416082981754751,15.793899367837344,0.18075170762398662,0.0027294902384335943,0.06316296986359007,1851,160.3863057843749,0.3035702705383301
1852,12567.564,1670.9933333333333,7078.0,100,100,1089,4.728063633661167,6.499540863177227,5.426368474960327,-1670.9933333333333,-0.008577993087884452,15.790790412161085,0.19279285271962485,0.00973949315569674,0.06597222222222222,1852,160.39449003142533,0.3035702705383301
1853,12573.744,1625.7666666666669,6971.666666666666,100,100,1090,4.753510458629852,6.396024464831804,5.455336093902588,-1625.7666666666669,-0.011887552992751202,19.466388358010185,0.1732396562066343,0.013555494075666906,0.061197916666666664,1853,160.4023373384329,0.3035702705383301
1854,12579.81,1739.4533333333331,7201.666666666665,100,100,1086,4.689733239562246,6.631368937998771,5.360586881637573,-1739.4533333333331,-0.012885408421211383,14.275297192966237,0.18773160699535818,0.011746557265081826,0.058023007477031034,1854,160.4113288233642,0.3035702705383301
1855,12585.961,1790.3733333333332,7216.000000000001,100,100,1087,4.745464580709315,6.638454461821528,5.444799423217773,-1790.3733333333332,-0.01127762725467191,27.654393925386316,0.2099334816722309,0.013459260917871314,0.06300332643749083,1855,160.41931278969315,0.3035702705383301
1856,12592.053,1758.1200000000006,7199.333333333336,100,100,1088,4.701520681598648,6.617034313725492,5.380669593811035,-1758.1200000000006,-0.010618018534253626,11.802974813124713,0.19928530515993342,0.018163746531011864,0.06847426470588236,1856,160.4280891834907,0.3035702705383301
1857,12598.216,1688.019999999999,7079.666666666662,100,100,1090,4.7079798151363,6.495107033639139,5.401211261749268,-1688.019999999999,-0.032180999871343374,12.921265741603243,0.17038483805178353,0.007996853757908361,0.06553819444444445,1857,160.4361269615429,0.3035702705383301
1858,12604.335,1744.3399999999997,7204.333333333331,100,100,1086,4.724855249804234,6.633824432166971,5.400632858276367,-1744.3399999999997,-0.012378773487666073,11.83310634949628,0.18938922224675908,0.01947829665047774,0.05757827311754227,1858,160.44439798564338,0.3035702705383301
1859,12610.407,1821.08,7272.000000000003,100,100,1089,4.665349035663231,6.677685950413226,5.35086989402771,-1821.08,0.010512566918300258,17.275571287506157,0.1757196027255203,0.01446598176456367,0.059027777777777776,1859,160.4535085434713,0.3035702705383301
1860,12623.437,1737.0766666666666,7234.333333333334,100,100,1087,4.432979023997374,6.655320453848513,5.104697942733765,-1737.0766666666666,-0.007437914281206972,14.905370459837073,0.17149905991904876,0.012709751916939722,0.054731267778312456,1860,160.46584136316483,0.3035702705383301
1861,12629.527,1630.996666666667,7103.666666666671,100,100,1088,4.691432168756899,6.5291053921568665,5.3878068923950195,-1630.996666666667,-0.013358273159931688,33.01554079616771,0.21401669742429957,0.0030476091248120237,0.058823529411764705,1861,160.3828017821559,0.3035702705383301
1862,12635.678,1778.1133333333335,7296.666666666667,100,100,1089,4.703651330197748,6.700336700336701,5.399611949920654,-1778.1133333333335,-0.01915932188017501,14.91979388323509,0.2391438619784149,0.01158038096036762,0.06032986111111111,1862,160.39091431309058,0.3035702705383301
1863,12641.775,1673.926666666667,6989.333333333335,100,100,1088,4.694428218071527,6.424019607843139,5.3881402015686035,-1673.926666666667,-0.011801487273153137,12.81013163398294,0.22983447506147273,0.006445253562346539,0.05606617647058824,1863,160.3996300260873,0.3035702705383301
1864,12647.829,1756.6100000000004,7156.666666666668,100,100,1088,4.663152388756691,6.577818627450982,5.350660562515259,-1756.6100000000004,-0.014580232748652206,22.651456552393295,0.23712913867305307,0.02072583880576798,0.06985294117647059,1864,160.40887321826716,0.3035702705383301
1865,12653.944,1642.5366666666666,7088.666666666664,100,100,1091,4.6927228238771646,6.497402994194926,5.385668516159058,-1642.5366666666666,-0.029158319553567305,31.468682282500797,0.237659419576327,0.006002374218143005,0.06004050953520669,1865,160.41757774475013,0.3035702705383301
1866,12660.088,1577.0900000000008,6891.000000000001,100,100,1090,4.69988247533457,6.322018348623854,5.389747619628906,-1577.0900000000008,-0.026879895375006728,26.83187786158588,0.27608053262035054,0.006135276809800416,0.0625,1866,160.42582294102954,0.3035702705383301
1867,12666.204,1764.6000000000008,7265.000000000003,100,100,1088,4.734417371390223,6.677389705882355,5.434441804885864,-1764.6000000000008,-0.012287535156835528,14.595079954932718,0.28853100932696285,0.009973760413499,0.059283088235294115,1867,160.434273363334,0.3035702705383301
1868,12672.305,1697.5466666666666,7124.333333333335,100,100,1088,4.7232403498235405,6.54810049019608,5.414137840270996,-1697.5466666666666,-0.013667956706793868,13.615147871129652,0.29192051247638817,-0.0011461760698105482,0.06341911764705882,1868,160.4428724252421,0.3035702705383301
1869,12678.373,1736.746666666667,7226.000000000002,100,100,1085,4.7080886618916615,6.659907834101384,5.378942251205444,-1736.746666666667,-0.014767371008501333,16.94742539349724,0.2677471300258356,0.015394077430862714,0.06469985492089216,1869,160.45166192071505,0.3035702705383301
1870,12691.285,1761.4166666666663,7038.666666666666,100,100,1092,4.3680210611245665,6.445665445665445,5.050353765487671,-1761.4166666666663,-0.012618489356504546,19.007097456190323,0.2713560648262501,0.009107963282278635,0.055121527777777776,1870,160.4647087485459,0.3035702705383301
1871,12697.384,1764.0666666666666,7240.333333333334,100,100,1086,4.737498248008836,6.666973603437692,5.419458866119385,-1764.0666666666666,-0.01305493071456166,11.367097952786613,0.2623492404818535,0.01739341831382583,0.06174395145738826,1871,160.38295178328772,0.3035702705383301
1872,12703.449,1662.6966666666665,7042.000000000001,100,100,1088,4.722771139794906,6.472426470588236,5.3979034423828125,-1662.6966666666665,-0.011313549516832127,17.433098793029785,0.25872204058310566,0.006967767121215516,0.06341911764705882,1872,160.39203307538193,0.3035702705383301
1873,12709.585,1742.0066666666662,7140.666666666668,100,100,1090,4.719389909600685,6.551070336391438,5.41798996925354,-1742.0066666666662,-0.08570975629198882,14.972096972995335,0.26891419167319935,0.010047395047472997,0.059895833333333336,1873,160.4003684422437,0.3035702705383301
1874,12715.7,1691.5166666666673,7013.666666666669,100,100,1089,4.696156472973423,6.4404652586470785,5.379314422607422,-1691.5166666666673,-0.021555749906433955,12.881814385609081,0.23035697328547636,0.003824143395629815,0.053385416666666664,1874,160.40886596069424,0.3035702705383301
1875,12721.847,1660.2366666666674,7149.333333333335,100,100,1088,4.74950477719711,6.57107843137255,5.436749696731567,-1660.2366666666674,-0.012115420773625374,19.856906778672162,0.22972791641950607,0.010983973043039441,0.05974264705882353,1875,160.41687784129826,0.3035702705383301
1876,12728.01,1696.6466666666665,7084.666666666666,100,100,1089,4.738861524103991,6.505662687480869,5.433740615844727,-1696.6466666666665,0.0055290587349898284,12.28446674015787,0.23566929752511592,0.012163466335752875,0.05772569444444445,1876,160.42476499630953,0.3035702705383301
1877,12734.096,1687.4066666666668,7047.999999999998,100,100,1086,4.724087293193766,6.4898710865561675,5.402791976928711,-1687.4066666666668,-0.015025893007131183,15.155152068418616,0.24456435704932494,0.012016606613007538,0.06211456349667381,1877,160.43337005022116,0.3035702705383301
1878,12740.232,1568.073333333334,6925.000000000003,100,100,1089,4.732244165915281,6.3590449954086345,5.415078163146973,-1568.073333333334,0.017027487357457478,35.05609639485677,0.28666695869631237,0.02134378916040684,0.08854166666666667,1878,160.44158825259575,0.3035702705383301
1879,12746.33,1736.8566666666663,7150.000000000001,100,100,1089,4.699262993921645,6.565656565656567,5.3906896114349365,-1736.8566666666663,0.0015338112393187152,18.115467255728113,0.2472705820368396,0.012881817108589329,0.0646701388888889,1879,160.45026865068,0.3035702705383301
1880,12759.323,1783.316666666667,7174.333333333336,100,100,1090,4.420517064062793,6.5819571865443445,5.0964813232421875,-1783.316666666667,0.005449323552764124,33.947224160035454,0.2284476234474116,0.02893687932131191,0.06336805555555555,1880,160.46314242077653,0.3035702705383301
1881,12765.485,1594.7333333333331,6929.333333333333,100,100,1089,4.757011020739962,6.363024181205999,5.458211421966553,-1594.7333333333331,-0.04280363664858871,16.89715877175331,0.24196771242552334,0.013108195648075908,0.05381944444444445,1881,160.3801953823774,0.3035702705383301
1882,12771.568,1653.3966666666665,7027.333333333333,100,100,1088,4.688752297357389,6.458946078431373,5.3636884689331055,-1653.3966666666665,-0.015552952666493022,14.684056225944968,0.2505190398763208,0.025894411753945273,0.05560661764705882,1882,160.38901481767712,0.3035702705383301
1883,12777.718,1649.4066666666665,6925.333333333334,100,100,1089,4.711194767033437,6.359351086623814,5.404316425323486,-1649.4066666666665,-0.10682118849621879,15.134118265575832,0.2830621380481817,0.011356395436450839,0.06293402777777778,1883,160.39703367178603,0.3035702705383301
1884,12783.853,1877.4133333333325,7445.666666666662,100,100,1090,4.6984802756390165,6.830886850152901,5.3978636264801025,-1877.4133333333325,0.025470144684529968,30.814026965035332,0.24637554761850172,0.011740396171161491,0.06336805555555555,1884,160.40531655949533,0.3035702705383301
1885,12789.995,1732.573333333334,7185.000000000003,100,100,1086,4.729072192986538,6.616022099447516,5.417057752609253,-1732.573333333334,-0.009608565610559547,14.243860833785114,0.27643059982972984,0.014789615675587864,0.05480609571232515,1885,160.41319391895613,0.3035702705383301
1886,12796.153,1722.8000000000002,7143.666666666668,100,100,1089,4.701970338169742,6.559840832568106,5.404036521911621,-1722.8000000000002,-0.03313937193403641,16.97328813208474,0.2898867593871223,0.027054181303052854,0.08680555555555555,1886,160.4211021595558,0.3035702705383301
1887,12802.341,1680.7533333333333,7024.333333333336,100,100,1090,4.740958896875723,6.4443425076452625,5.4529359340667725,-1680.7533333333333,0.04509315691474411,19.82374069425795,0.26837332877847886,0.013699144302841483,0.057291666666666664,1887,160.42870311446774,0.3035702705383301
1888,12808.462,1585.67,6910.000000000004,100,100,1087,4.73627176117786,6.356945722171116,5.4179463386535645,-1585.67,-0.01431912391939584,21.77221979814417,0.25544217754812804,0.014002153095241417,0.06626400592572548,1888,160.4369057554066,0.3035702705383301
1889,12814.558,1687.4100000000012,7198.666666666671,100,100,1086,4.7278498160278914,6.6286065070595495,5.399961471557617,-1687.4100000000012,-0.011625058017671108,12.005886793136597,0.23140712345347686,0.016505350589474856,0.0636118356795872,1889,160.44532964026027,0.3035702705383301
1890,12827.686,1645.2500000000007,6997.66666666667,100,100,1088,4.448382812637753,6.43167892156863,5.101932525634766,-1645.2500000000007,-0.012062114389503704,19.986658432904413,0.24539483163286657,0.011825058963629143,0.06709558823529412,1890,160.45759477748115,0.3035702705383301
1891,12833.839,1677.1799999999992,7031.333333333331,100,100,1087,4.75889788349369,6.468567923949707,5.447631359100342,-1677.1799999999992,-0.011416164226830006,14.011255825267119,0.1990625485777855,0.009996203911107253,0.05981559306383133,1891,160.37375472474235,0.3035702705383301
1892,12839.928,1675.3433333333337,7028.666666666668,100,100,1086,4.724783424016184,6.4720687538367105,5.395561218261719,-1675.3433333333337,-0.012340558583245557,14.807826406815472,0.2444427640122526,0.01743026434098069,0.05937203501953798,1892,160.38229046052842,0.3035702705383301
1893,12846.084,1668.223333333334,7197.66666666667,100,100,1090,4.718218349484266,6.603363914373092,5.4175026416778564,-1668.223333333334,-0.0010845992041544782,19.67053272989061,0.23189818321002853,0.013426072646527447,0.0642361111111111,1893,160.39027687089072,0.3035702705383301
1894,12852.135,1672.663333333333,7060.333333333332,100,100,1088,4.695055971751572,6.489276960784313,5.369769334793091,-1672.663333333333,-0.014737894813365796,14.223843181834502,0.20813889363232782,0.013377636523835142,0.06847426470588236,1894,160.39941714427707,0.3035702705383301
1895,12858.234,1788.0133333333333,7279.333333333331,100,100,1090,4.698253394031914,6.6782874617736985,5.3918609619140625,-1788.0133333333333,-0.08132638197599186,31.55426197581821,0.19839396332908008,0.022509711163972195,0.06293402777777778,1895,160.4081136324111,0.3035702705383301
1896,12864.365,1707.8066666666664,7139.666666666665,100,100,1090,4.69529055125174,6.550152905198775,5.391048908233643,-1707.8066666666664,-0.07867328801916705,17.586625337600708,0.2338002315825886,0.03193896871461119,0.06944444444444445,1896,160.41639248692215,0.3035702705383301
1897,12870.406,1648.450000000001,6984.333333333334,100,100,1085,4.689186268533293,6.437173579109063,5.35702109336853,-1648.450000000001,-0.011235310860416469,20.15398981991936,0.23514216305578456,0.005889552785768448,0.05762566264499636,1897,160.42539608449755,0.3035702705383301
1898,12876.59,1707.5500000000006,7097.333333333336,100,100,1090,4.72656431150785,6.5113149847094824,5.429179668426514,-1707.5500000000006,-0.015207003077699078,12.372778975301319,0.20150848933715476,0.034209430786884494,0.04904513888888889,1898,160.43299706924486,0.3035702705383301
1899,12882.683,1705.2666666666669,7107.666666666671,100,100,1091,4.680536480472823,6.514818209593648,5.372446537017822,-1705.2666666666669,-0.01716746658914619,20.82161219914754,0.17090757112924215,0.02585741970203041,0.06915509286854002,1899,160.44181368236494,0.3035702705383301
1900,12895.702,1632.796666666667,6999.999999999999,100,100,1088,4.4599210458032115,6.433823529411764,5.127352952957153,-1632.796666666667,-0.013824676546980353,13.375476360321045,0.19944253695361755,0.020372091616188887,0.06801470588235294,1900,160.45375096320768,0.3035702705383301
1901,12901.808,1674.2433333333333,7044.666666666667,100,100,1086,4.749860034176726,6.486801718845918,5.428895950317383,-1674.2433333333333,-0.010139908011564436,14.37306967903586,0.194287898566793,0.02814118318287108,0.0581119542612749,1901,160.37248792604754,0.3035702705383301
1902,12907.918,1599.87,6922.333333333334,100,100,1088,4.7232291362888645,6.362438725490197,5.405954837799072,-1599.87,-0.009371791034936905,31.754096872666302,0.1826063536984079,0.016939770211191738,0.05652573529411765,1902,160.38086210848357,0.3035702705383301
1903,12914.116,1546.5566666666657,6862.666666666666,100,100,1089,4.760860514106986,6.301805938169574,5.451740264892578,-1546.5566666666657,-0.012048399438046746,24.508539295858807,0.27049600291583276,0.05195328459053093,0.09505208333333333,1903,160.38821897997659,0.3035702705383301
1904,12920.213,1682.1000000000004,7107.333333333331,100,100,1088,4.721915808177608,6.532475490196076,5.410830974578857,-1682.1000000000004,-0.01462185727980207,13.681582815506879,0.24747362601406434,0.012086568783749552,0.06479779411764706,1904,160.39673700474646,0.3035702705383301
1905,12926.319,1674.1900000000003,7109.333333333334,100,100,1090,4.707696330690876,6.522324159021407,5.400546073913574,-1674.1900000000003,-0.012197683203137584,15.866230284174284,0.251788798512684,0.01629309240767422,0.07682291666666667,1905,160.4052922638815,0.3035702705383301
1906,12932.439,1654.3166666666675,6966.333333333335,100,100,1089,4.722835810891805,6.397000306091217,5.412538766860962,-1654.3166666666675,0.10149771709822947,23.027759340074326,0.3292933570014106,0.012937498841589937,0.10026041666666667,1906,160.41359015862878,0.3035702705383301
1907,12938.565,1678.956666666666,7051.999999999999,100,100,1089,4.710806243457721,6.475665748393021,5.399411678314209,-1678.956666666666,-0.004884788663023048,12.674249184421367,0.29933415146855724,0.015004498392550481,0.09071180555555555,1907,160.42181312384224,0.3035702705383301
1908,12944.735,1677.8833333333348,7113.00000000001,100,100,1091,4.740569935804259,6.519706691109083,5.444228410720825,-1677.8833333333348,0.010154609568417072,19.125339402092827,0.3083161264657974,0.015223753224644396,0.061197916666666664,1908,160.4296319938728,0.3035702705383301
1909,12950.893,1792.2933333333328,7233.666666666664,100,100,1087,4.758923366561313,6.654707145047529,5.449700593948364,-1792.2933333333328,-0.0129782201941399,22.915191538193646,0.30828939816531015,0.029302520372713095,0.07455794863841113,1909,160.43728145332543,0.3035702705383301
1910,12963.886,1636.2900000000006,7003.333333333338,100,100,1089,4.407683564106274,6.430976430976435,5.07056188583374,-1636.2900000000006,0.009897290884206692,21.47162455982632,0.3118579031692611,0.005482596972595072,0.047309027777777776,1910,160.4491630473918,0.3035702705383301
1911,12970.026,1757.4800000000014,7235.33333333334,100,100,1090,4.693895409955993,6.637920489296643,5.397489547729492,-1757.4800000000014,-0.012491225058005916,13.658984866407183,0.3024784200582265,0.03894492618079918,0.06293402777777778,1911,160.36861167490127,0.3035702705383301
1912,12976.169,1722.3766666666675,7142.666666666668,100,100,1089,4.724505325587752,6.55892255892256,5.428600072860718,-1722.3766666666675,0.014688102942374017,17.65525750981437,0.30765495688080946,0.10046543180942535,0.09071180555555555,1912,160.37660433927311,0.3035702705383301
1913,12982.359,1835.9699999999991,7258.999999999996,100,100,1091,4.747688450605551,6.653528872593947,5.4744203090667725,-1835.9699999999991,0.011006139632728364,52.21946144104004,0.291779356284274,0.028137364295414753,0.06944444444444445,1913,160.38417448037183,0.3035702705383301
1914,12988.499,1769.6566666666665,7144.333333333337,100,100,1090,4.707526055553398,6.554434250764529,5.414719104766846,-1769.6566666666665,-0.03381135319877002,31.56514890326394,0.26666612716184723,0.0274939833001958,0.0642361111111111,1914,160.39227962127865,0.3035702705383301
1915,12994.605,1696.5900000000006,7124.333333333333,100,100,1088,4.715259742785266,6.548100490196078,5.414991617202759,-1696.5900000000006,-0.015169714248793967,13.318673722884235,0.2646496694754152,0.019782921333578143,0.0625,1915,160.4006424746281,0.3035702705383301
1916,13000.719,1613.266666666667,7206.0,100,100,1090,4.70582743008715,6.611009174311927,5.395522832870483,-1613.266666666667,-0.01343267188510961,33.880445492971276,0.2596999371631278,0.006121430930862617,0.0625,1916,160.409046564482,0.3035702705383301
1917,13006.859,1633.6166666666672,7012.333333333335,100,100,1088,4.730796507026432,6.445159313725491,5.430728912353516,-1633.6166666666672,-0.016159335480016822,20.116316627053653,0.28645868117318435,0.012120840879266752,0.06433823529411764,1917,160.41697771690863,0.3035702705383301
1918,13012.975,1676.786666666667,7060.333333333335,100,100,1089,4.687790725233942,6.483318028772576,5.373379468917847,-1676.786666666667,-0.006166046562915047,12.056024033990171,0.30264972522854805,0.014150906858655313,0.053385416666666664,1918,160.42526943427023,0.3035702705383301
1919,13019.137,1612.4133333333336,7017.666666666665,100,100,1089,4.725663179229804,6.444138353229261,5.425939559936523,-1612.4133333333336,-0.028478257616774902,13.902889894114601,0.31382354100545246,0.006877462969795387,0.054253472222222224,1919,160.4329802644766,0.3035702705383301
1920,13032.098,1587.6733333333332,6961.333333333333,100,100,1091,4.394145278788516,6.380690498014054,5.056793689727783,-1587.6733333333332,-0.022020606505167153,18.282546321551006,0.3016877064688338,0.0014704995652815949,0.06597222222222222,1920,160.44559332482623,0.3035702705383301
1921,13038.201,1646.4566666666665,7092.666666666667,100,100,1089,4.7079142337216835,6.513008876645241,5.394231081008911,-1646.4566666666665,-0.021182543856816158,12.16059378782908,0.34274622046682957,0.00478529838922744,0.055989583333333336,1921,160.36560320541693,0.3035702705383301
1922,13044.296,1616.6833333333332,7003.666666666667,100,100,1086,4.7184352706826225,6.449048496009822,5.3883466720581055,-1616.6833333333332,-0.01247434745378354,14.57465909509098,0.3136918579830843,0.0008158093619653408,0.060409748378921956,1922,160.37393332759783,0.3035702705383301
1923,13050.42,1651.7600000000007,7056.000000000004,100,100,1088,4.715003676905968,6.485294117647062,5.398523807525635,-1651.7600000000007,-0.0105377238462953,12.206735106075511,0.30921851142364387,0.023492163783350194,0.058363970588235295,1923,160.38204648258986,0.3035702705383301
1924,13056.561,1734.4333333333336,7266.999999999998,100,100,1091,4.724204490314674,6.660861594867093,5.424468040466309,-1734.4333333333336,0.03602561018326216,18.32229737440745,0.2691180109977722,0.026735675805765722,0.05251736111111111,1924,160.3901730378035,0.3035702705383301
1925,13062.738,1677.73,7110.333333333336,100,100,1090,4.744733485111266,6.523241590214069,5.447989225387573,-1677.73,-0.013375983314795626,11.575750986735025,0.26476748577422565,0.03198588684770382,0.06553819444444445,1925,160.3977693586755,0.3035702705383301
1926,13068.893,1777.52,7205.666666666669,100,100,1089,4.730441413081745,6.616773798591982,5.427478313446045,-1777.52,-0.019465035810652707,38.44159187459283,0.27452632784843445,-0.00892849093846356,0.11631944444444445,1926,160.40555051948343,0.3035702705383301
1927,13075.074,1687.263333333333,7084.333333333329,100,100,1089,4.730092101051371,6.505356596265684,5.424151420593262,-1687.263333333333,-0.018060156247682042,16.466646830240887,0.27099702339101994,0.016334997612931248,0.0625,1927,160.41301740288526,0.3035702705383301
1928,13081.162,1688.6500000000012,7079.666666666671,100,100,1087,4.710101837694144,6.513032812020856,5.390801429748535,-1688.6500000000012,-0.01437466947690529,14.4045849126928,0.28599244794424844,0.013721907626056825,0.057525093721992826,1928,160.4214546545865,0.3035702705383301
1929,13087.313,1765.9300000000003,7102.000000000002,100,100,1092,4.7059785710066055,6.503663003663005,5.409211158752441,-1765.9300000000003,0.004935078840288851,21.660259432262844,0.3114277720451355,0.02544038152619679,0.08723958333333333,1929,160.4294934130024,0.3035702705383301
1930,13100.252,1600.0833333333328,6996.333333333335,100,100,1087,4.404576631625318,6.436369211898192,5.056070327758789,-1600.0833333333328,-0.016499261508750564,25.74520688898423,0.30078092261272316,0.01889995067818638,0.07592933055232554,1930,160.44202466664925,0.3035702705383301
1931,13106.407,1731.5066666666673,7179.000000000002,100,100,1087,4.723050965620813,6.604415823367067,5.410048484802246,-1731.5066666666673,-0.011514899813953568,22.43282865075504,0.26730794503408317,0.009187989981215009,0.06350665298454902,1931,160.36165016994917,0.3035702705383301
1932,13112.539,1689.6799999999996,7066.999999999998,100,100,1091,4.677755087524427,6.477543538038495,5.371006011962891,-1689.6799999999996,-0.006703355297860172,16.52396802769767,0.3095802457796203,0.01569174850010313,0.0685763888888889,1932,160.3698533505136,0.3035702705383301
1933,13118.617,1670.8699999999994,6963.33333333333,100,100,1085,4.697321289463595,6.417818740399383,5.36133074760437,-1670.8699999999994,-0.011206356096355355,14.70153382245232,0.3255786935196203,0.011047022540450972,0.05348963345236638,1933,160.37826076282207,0.3035702705383301
1934,13124.817,1711.5900000000006,7033.666666666665,100,100,1091,4.7488336409309815,6.446990528567063,5.460172176361084,-1711.5900000000006,0.009616196155548096,21.078407244549858,0.3333866765929593,0.023702530714217573,0.07523148175742891,1934,160.38563554190694,0.3035702705383301
1935,13130.958,1710.7800000000007,7086.66666666667,100,100,1087,4.7428521641256784,6.519472554431159,5.429802417755127,-1710.7800000000007,-0.01683740788789959,14.289962768554688,0.35261452636298013,0.005800446303670897,0.07222368140869281,1935,160.39341211381907,0.3035702705383301
1936,13137.028,1666.5233333333338,6885.333333333337,100,100,1088,4.70902950516628,6.328431372549023,5.385942697525024,-1666.5233333333338,-0.011425909312332378,16.721089110654944,0.3268036014016937,0.020148918313412544,0.06801470588235294,1936,160.4021077364086,0.3035702705383301
1937,13143.213,1715.3533333333335,7174.666666666669,100,100,1086,4.776488857847188,6.606507059545735,5.479633808135986,-1715.3533333333335,-0.014174591914257583,16.759979977327234,0.33845531458363814,0.016849816732300335,0.0807044589344193,1937,160.40925475375937,0.3035702705383301
1938,13151.218,1665.3499999999997,7131.666666666669,100,100,1088,6.256911672822111,6.554840686274511,7.2849836349487305,-1665.3499999999997,-0.011020859484286868,13.043596590266509,0.3679108663516886,0.015504044045776348,0.06847426470588236,1938,160.39435110954528,0.3035702705383301
1939,13157.447,1600.4866666666662,6930.999999999997,100,100,1090,4.754533668672409,6.358715596330272,5.477966070175171,-1600.4866666666662,-0.029739605883757275,17.898870441648697,0.295468516751296,0.028589580476465117,0.0837673611111111,1939,160.40126008904974,0.3035702705383301
1940,13170.581,1675.7533333333333,7111.333333333335,100,100,1087,4.470105062983416,6.542164980067465,5.150609731674194,-1675.7533333333333,-0.0133868315092781,10.94609315255109,0.31165314202799516,0.01468511625973727,0.05840773825698039,1940,160.41258085319544,0.3035702705383301
1941,13176.656,1684.6933333333334,6963.999999999998,100,100,1083,4.718625393678071,6.430286241920589,5.373763084411621,-1684.6933333333334,-0.010178421350086437,12.314328263787662,0.2917160383042167,0.036300908233148646,0.05725791371043991,1941,160.33210582281714,0.3035702705383301
1942,13182.77,1659.473333333333,7058.333333333334,100,100,1089,4.707400276110985,6.481481481481482,5.392211198806763,-1659.473333333333,0.047308267249415316,22.851751168568928,0.2826605640067201,0.006903285503439192,0.06901041666666667,1942,160.34035702662325,0.3035702705383301
1943,13188.886,1749.329999999999,7191.0,100,100,1088,4.717819484593586,6.609375,5.405013561248779,-1749.329999999999,-0.009993650840924066,16.146969879374783,0.2790154604350819,0.007299883058294654,0.07123161764705882,1943,160.3484992481984,0.3035702705383301
1944,13195.086,1692.816666666667,7231.666666666668,100,100,1090,4.732438255477389,6.634556574923549,5.433523416519165,-1692.816666666667,-0.03591666525850693,14.863807725409666,0.25471388424436253,-0.0035209073167708185,0.08203125,1944,160.3557531377988,0.3035702705383301
1945,13201.25,1819.1400000000003,7348.333333333335,100,100,1089,4.726617260946386,6.747780838689931,5.421785354614258,-1819.1400000000003,-0.03037802078243759,22.564079271422493,0.2665005495978726,0.00832392176542069,0.057291666666666664,1945,160.36339295262644,0.3035702705383301
1946,13207.439,1620.7466666666671,6896.666666666669,100,100,1089,4.753860237489089,6.3330272421181535,5.448118209838867,-1620.7466666666671,-0.053832669380224414,21.19556331489649,0.25968033045502703,0.016520994295003928,0.0646701388888889,1946,160.37068428119832,0.3035702705383301
1947,13213.584,1683.1100000000006,7017.666666666668,100,100,1090,4.713841469065551,6.438226299694191,5.412797212600708,-1683.1100000000006,-0.08399724442925718,15.17653817600674,0.2681533181005054,0.004880073929800549,0.0720486111111111,1947,160.37859386338482,0.3035702705383301
1948,13219.725,1642.4866666666671,7046.000000000004,100,100,1088,4.739553768184337,6.476102941176474,5.427255153656006,-1642.4866666666671,-0.008468258961596909,21.85314397250905,0.3039153709131129,0.011371478876646827,0.07996323529411764,1948,160.38639738445013,0.3035702705383301
1949,13225.827,1691.3833333333323,7077.999999999999,100,100,1087,4.70973808661518,6.511499540018399,5.387269020080566,-1691.3833333333323,-0.011647821677958263,14.792272343355066,0.2903532565516584,0.0161072958880515,0.06856909449047902,1949,160.3945832271496,0.3035702705383301
1950,13238.815,1648.0400000000006,7048.333333333339,100,100,1086,4.393204882857604,6.4901780233272,5.039458751678467,-1648.0400000000006,-0.011435675544335562,12.376861403970157,0.3031591812477392,0.004127648617962704,0.07272888982997221,1950,160.40673283010696,0.3035702705383301
1951,13244.969,1730.740000000001,7178.666666666671,100,100,1089,4.7277976133192725,6.591980410162232,5.4207234382629395,-1730.740000000001,-0.03616024926304817,17.75705422461033,0.30759677733294666,0.021287077643339418,0.07899305555555555,1951,160.32699300383808,0.3035702705383301
1952,13251.149,1730.4900000000002,7198.333333333337,100,100,1089,4.740850962429069,6.610039791857977,5.436908721923828,-1730.4900000000002,-0.06937968829232785,23.10184361702866,0.3205445673565445,0.013691292946330376,0.06597222222222222,1952,160.33440419897875,0.3035702705383301
1953,13257.325,1716.74,7180.333333333334,100,100,1092,4.730804488058594,6.575396825396826,5.44120979309082,-1716.74,-0.022005629674014118,11.735351059171888,0.32343944162130356,0.014507762466867765,0.06597222222222222,1953,160.34209187240305,0.3035702705383301
1954,13263.466,1717.6833333333332,7113.999999999999,100,100,1089,4.7165138661498816,6.5325987144168955,5.417828798294067,-1717.6833333333332,0.019462360638297267,16.093051616516377,0.3075038720336225,0.019701091478863317,0.0685763888888889,1954,160.349936482455,0.3035702705383301
1955,13269.569,1618.3300000000006,6956.333333333335,100,100,1090,4.691683760216169,6.381957186544344,5.373934268951416,-1618.3300000000006,-0.017678944290512137,21.194788449340397,0.3008521566743083,0.018391184062541772,0.0642361111111111,1955,160.3583406592117,0.3035702705383301
1956,13275.743,1699.8533333333335,7112.333333333336,100,100,1086,4.766839041638756,6.5491098833640295,5.4559454917907715,-1699.8533333333335,-0.010729916722458951,11.675838736926808,0.3697148719254662,0.010664195301668608,0.06955645145738826,1956,160.36556493941507,0.3035702705383301
1957,13281.866,1647.3399999999997,7094.333333333333,100,100,1088,4.729359837309697,6.520526960784314,5.410723447799683,-1647.3399999999997,-0.013613461051136255,19.483950362486,0.33515824771979275,0.010293640696224482,0.06847426470588236,1957,160.373544046473,0.3035702705383301
1958,13288.04,1663.8299999999995,7082.666666666666,100,100,1092,4.71370796565966,6.485958485958485,5.4157092571258545,-1663.8299999999995,-0.012660082636608018,15.176959541108873,0.3551674683888753,0.01822632383684524,0.0837673611111111,1958,160.38121707692073,0.3035702705383301
1959,13294.187,1718.7966666666675,7106.333333333335,100,100,1088,4.738200642617919,6.531556372549021,5.436221361160278,-1718.7966666666675,-0.012763255987973773,19.082563175874597,0.33743346613996167,0.026469801884719774,0.06939338235294118,1959,160.38889636418236,0.3035702705383301
1960,13307.074,1664.9733333333331,7070.000000000002,100,100,1086,4.403940883819288,6.5101289134438325,5.050965309143066,-1664.9733333333331,-0.011582606472074986,12.723291397094727,0.30807440771776085,0.00880972365490272,0.06441235761432086,1960,160.401142051059,0.3035702705383301
1961,13313.214,1605.7466666666667,6903.333333333332,100,100,1090,4.711033761450047,6.333333333333332,5.3960840702056885,-1605.7466666666667,-0.01762677504060169,17.34182518058353,0.29159130507873166,0.01575169778920503,0.06597222222222222,1961,160.32311548581546,0.3035702705383301
1962,13319.394,1723.326666666667,7241.333333333334,100,100,1090,4.729662018127466,6.6434250764526,5.424864053726196,-1723.326666666667,0.040086861648079425,14.043528954188028,0.3282571788359847,0.02161797947418462,0.08203125,1962,160.33057217453134,0.3035702705383301
1963,13325.517,1649.9533333333338,7037.333333333335,100,100,1086,4.724296776240805,6.480049109883366,5.40397834777832,-1649.9533333333338,-0.011409154983566087,14.258565425872803,0.3015798146233839,0.012852386746945901,0.07229897993452408,1963,160.3383980678132,0.3035702705383301
1964,13331.706,1728.5966666666673,7157.333333333335,100,100,1091,4.715952613134037,6.560342193706082,5.42905068397522,-1728.5966666666673,-0.03083757083449099,14.775850494702658,0.2832596153020859,0.013246065894943766,0.05772569444444445,1964,160.345804204486,0.3035702705383301
1965,13337.764,1663.6333333333325,7122.666666666667,100,100,1088,4.660526928252212,6.546568627450981,5.341585636138916,-1663.6333333333325,-0.013045283308362259,11.175302337197696,0.30399295293232975,0.015507116906947511,0.06387867647058823,1965,160.35453352906876,0.3035702705383301
1966,13343.957,1706.4733333333324,7065.666666666666,100,100,1089,4.739031217341492,6.488215488215488,5.451316833496094,-1706.4733333333324,-0.022940118279722,21.028604841894573,0.26508597111225957,0.025690692198824965,0.0625,1966,160.3617250364037,0.3035702705383301
1967,13350.065,1620.5066666666662,6924.666666666662,100,100,1088,4.713369023995576,6.3645833333333295,5.402036190032959,-1620.5066666666662,-0.011123641174944007,11.166793009814095,0.2921696967061828,0.011241395444170955,0.05698529411764706,1967,160.3698537742117,0.3035702705383301
1968,13356.156,1614.3199999999988,6996.999999999995,100,100,1087,4.700755382816906,6.436982520699168,5.382931470870972,-1614.3199999999988,-0.01361235699561589,19.954248652738684,0.29528002747718024,0.009112691136953585,0.07410568459069028,1968,160.3781096595524,0.3035702705383301
1969,13362.179,1592.6433333333323,7018.999999999998,100,100,1086,4.672020720060688,6.4631675874769785,5.331114053726196,-1592.6433333333323,-0.013622600640005925,21.195353451897116,0.3385227743317099,0.005210445224827922,0.06906724370577756,1969,160.38709149650285,0.3035702705383301
1970,13375.13,1629.186666666667,7058.333333333337,100,100,1086,4.39977974013012,6.499386126457953,5.046942234039307,-1629.186666666667,-0.01381946333190974,15.025670696707333,0.31624403026174097,0.011193643978057319,0.06398244771887274,1970,160.39965677663506,0.3035702705383301
1971,13381.169,1585.086666666667,6930.66666666667,100,100,1088,4.685766451182324,6.370098039215689,5.358852863311768,-1585.086666666667,-0.013582148041357012,20.71492879530963,0.3353402469964588,0.01596876495408223,0.058363970588235295,1971,160.32194311764843,0.3035702705383301
1972,13387.3,1682.7766666666662,7063.666666666669,100,100,1085,4.714596498551594,6.510291858678958,5.389829158782959,-1682.7766666666662,-0.010759887230746886,16.146466900320615,0.29913873313104405,0.01595384695375448,0.05211095687221078,1972,160.32956772939923,0.3035702705383301
1973,13393.382,1632.36,6905.0,100,100,1088,4.6877864929496464,6.346507352941177,5.3603835105896,-1632.36,-0.011546718394931625,14.490522160249597,0.3137725052588126,0.011727922281031223,0.057904411764705885,1973,160.3379905122697,0.3035702705383301
1974,13399.511,1711.276666666668,7010.666666666671,100,100,1088,4.719760569915867,6.4436274509803955,5.418478965759277,-1711.276666666668,-0.013329746585120173,26.10510248296401,0.2772110797026578,0.02590491878115298,0.05974264705882353,1974,160.3458553708583,0.3035702705383301
1975,13405.654,1764.9366666666672,7287.66666666667,100,100,1088,4.73203575315625,6.698223039215689,5.426166534423828,-1764.9366666666672,-0.016277831540826487,19.050543644848993,0.27060407619265947,0.01995358496959157,0.078125,1975,160.35352983674076,0.3035702705383301
1976,13411.834,1694.8100000000004,7100.333333333332,100,100,1090,4.726791924288616,6.5140672782874605,5.425528526306152,-1694.8100000000004,-0.009579267663260302,15.457755171590382,0.28711216731203926,0.05409849174450048,0.0881076388888889,1976,160.3609229280791,0.3035702705383301
1977,13417.93,1698.1033333333346,6976.6666666666715,100,100,1087,4.697312511269795,6.4182766022692475,5.374603271484375,-1698.1033333333346,-0.012101724524708354,24.64489454381606,0.2408065576763714,0.031172484118381843,0.0704510978916112,1977,160.36906987329533,0.3035702705383301
1978,13424.082,1626.966666666667,6903.000000000002,100,100,1089,4.7120610650763926,6.338842975206613,5.392698287963867,-1626.966666666667,-0.019809178516475692,10.782038433684242,0.26741234420074356,0.020880851694124028,0.05772569444444445,1978,160.37669732347055,0.3035702705383301
1979,13430.211,1578.5433333333337,6936.0,100,100,1088,4.706318933077616,6.375,5.380193471908569,-1578.5433333333337,-0.01631963170845719,32.49231680701761,0.28692259770982403,0.004843369855627637,0.06571691176470588,1979,160.3845199528586,0.3035702705383301
1980,13443.114,1571.7166666666672,6861.333333333333,100,100,1086,4.364019611950717,6.317986494782074,4.993308782577515,-1571.7166666666672,-0.014896194022559725,20.277363552766687,0.29303110171766844,0.00505142383660902,0.06957127592142891,1980,160.39732296993063,0.3035702705383301
1981,13449.282,1761.7833333333328,7125.333333333333,100,100,1089,4.744773741218854,6.543005815733088,5.450860977172852,-1761.7833333333328,-0.0010152911353442404,21.86648315687974,0.2728757502304183,0.055526332876373395,0.0842013888888889,1981,160.31882019666773,0.3035702705383301
1982,13455.37,1722.4700000000003,7117.666666666666,100,100,1088,4.709467831750825,6.541973039215685,5.391035079956055,-1722.4700000000003,-0.012804377084488379,16.282472189734964,0.20304576351362116,0.02585000028450261,0.06847426470588236,1982,160.32713827798867,0.3035702705383301
1983,13461.428,1608.983333333334,6885.666666666671,100,100,1087,4.71223560191876,6.3345599509353,5.392931938171387,-1608.983333333334,-0.01408711475703646,12.60825203446781,0.23024009474936655,0.03920629621236859,0.06026056277401307,1983,160.33573973077281,0.3035702705383301
1984,13467.606,1636.313333333333,6950.000000000002,100,100,1090,4.730713484838708,6.376146788990828,5.426964998245239,-1636.313333333333,0.031974217440519065,11.899543523788452,0.258373935189512,0.011580055511634177,0.057291666666666664,1984,160.34312501442545,0.3035702705383301
1985,13473.713,1575.5166666666669,6912.666666666669,100,100,1088,4.715987040874418,6.353553921568629,5.396297454833984,-1575.5166666666669,-0.013699965168009786,17.22178554534912,0.2715227262062185,0.011656691826989545,0.05284926470588235,1985,160.35119644206316,0.3035702705383301
1986,13479.881,1628.3900000000003,6905.66666666667,100,100,1087,4.760387396652392,6.352959214964738,5.44436502456665,-1628.3900000000003,-0.013820498305208543,13.942417102701524,0.3101493405068622,0.021273499426623696,0.06857638915672022,1986,160.3584669052151,0.3035702705383301
1987,13485.983,1624.736666666666,6837.666666666666,100,100,1087,4.695934223258746,6.2904017172646425,5.36691951751709,-1624.736666666666,-0.013271014007520588,11.877872747533461,0.30600198621259017,0.014459444490699646,0.05886000252383597,1987,160.36650422826943,0.3035702705383301
1988,13492.104,1617.686666666667,6859.333333333334,100,100,1088,4.721928401041248,6.30453431372549,5.408434867858887,-1617.686666666667,-0.013051485861925519,10.952757246354047,0.333125283174655,0.02380490254761432,0.043658088235294115,1988,160.37439262773432,0.3035702705383301
1989,13498.234,1701.7100000000005,7006.333333333338,100,100,1089,4.70028493989129,6.433731251913074,5.380731105804443,-1701.7100000000005,-0.014413688745763566,18.31629967358377,0.31006468480659855,0.04548745893407613,0.11067708333333333,1989,160.3822439186827,0.3035702705383301
1990,13511.143,1776.1900000000005,7254.000000000003,100,100,1090,4.385897890908148,6.6550458715596355,5.052816390991211,-1776.1900000000005,-0.0031144721950921747,18.51639978090922,0.2861747369170189,0.02908019143311928,0.07421875,1990,160.3945205331073,0.3035702705383301
1991,13517.247,1673.8099999999997,7160.333333333334,100,100,1089,4.696760880692432,6.575145393327212,5.382258653640747,-1673.8099999999997,0.05006105820130971,17.679329578868217,0.28200535152831896,0.01595700398320332,0.06380208333333333,1991,160.31785221662977,0.3035702705383301
1992,13523.402,1768.2266666666671,7201.66666666667,100,100,1089,4.732147753076188,6.613100704009797,5.430995464324951,-1768.2266666666671,-0.060661339589084186,22.31241883171929,0.2825515936646197,0.006109841720899567,0.1076388888888889,1992,160.32542828392602,0.3035702705383301
1993,13529.493,1590.4333333333332,6832.333333333335,100,100,1089,4.700336270603027,6.273951637588002,5.376995801925659,-1590.4333333333332,-0.021090943831950426,15.941307306289673,0.2699181758281257,0.0026873512478131386,0.055989583333333336,1993,160.33372444884014,0.3035702705383301
1994,13535.659,1730.6066666666663,7159.666666666669,100,100,1090,4.718222843329294,6.56850152905199,5.419301986694336,-1730.6066666666663,0.018781131754318874,16.172674391004776,0.24559256533855234,0.038915265086365655,0.0646701388888889,1994,160.34121980052146,0.3035702705383301
1995,13541.798,1705.2433333333338,7027.666666666667,100,100,1088,4.712849723599741,6.459252450980393,5.39646315574646,-1705.2433333333338,-0.015240856583284982,19.256367627312155,0.2037407563013189,0.024527720826239708,0.078125,1995,160.34886988906524,0.3035702705383301
1996,13547.965,1639.2566666666667,6941.666666666666,100,100,1090,4.727309908282114,6.368501529051987,5.424118995666504,-1639.2566666666667,0.019658535460217133,16.37357959482405,0.20544384461310175,0.02781093755685207,0.07161458333333333,1996,160.3563387513609,0.3035702705383301
1997,13554.079,1670.7533333333333,7162.333333333331,100,100,1087,4.724416651967793,6.5890831033425314,5.395094156265259,-1670.7533333333333,-0.014604246271226336,20.672860426061295,0.2254595973474138,0.008514799972010009,0.06810224121984314,1997,160.3642021964152,0.3035702705383301
1998,13560.275,1676.803333333334,7088.666666666668,100,100,1089,4.747049861307075,6.509335782063056,5.44983434677124,-1676.803333333334,0.012638683793031506,14.673444403542412,0.2396389779945219,0.038632846566744976,0.07118055555555555,1998,160.3712356631446,0.3035702705383301
1999,13566.364,1653.84,7021.333333333332,100,100,1089,4.689423505604247,6.447505356596265,5.369301795959473,-1653.84,-0.03395030818258723,19.386641999085743,0.25977055076509714,0.012184312007674534,0.05772569444444445,1999,160.37953249382542,0.3035702705383301
2000,13579.229,1581.4866666666667,6932.000000000001,100,100,1087,4.396532106910692,6.3771849126034965,5.04468297958374,-1581.4866666666667,-0.015563563197193778,25.61232592077816,0.2877307867302614,0.008498615580131574,0.055679563761633986,2000,160.3918134228251,0.3035702705383301
